solid ASCII
  facet normal -6.837330e-14 0.000000e+00 1.000000e+00
    outer loop
      vertex   -8.547965e+01 9.773186e+01 -2.733130e+01
      vertex   -1.039256e+02 9.773186e+01 -2.733130e+01
      vertex   -8.547965e+01 9.572808e+01 -2.733130e+01
    endloop
  endfacet
  facet normal 1.540807e-14 7.712594e-13 1.000000e+00
    outer loop
      vertex   -8.547965e+01 9.572808e+01 -2.733130e+01
      vertex   -1.039256e+02 9.773186e+01 -2.733130e+01
      vertex   -1.039256e+02 9.572808e+01 -2.733130e+01
    endloop
  endfacet
  facet normal 8.665267e-01 -9.714431e-13 -4.991308e-01
    outer loop
      vertex   -1.011618e+02 4.951771e+01 -3.511715e+01
      vertex   -9.964945e+01 4.951771e+01 -3.249167e+01
      vertex   -1.009971e+02 4.923186e+01 -3.483130e+01
    endloop
  endfacet
  facet normal 8.665267e-01 0.000000e+00 -4.991308e-01
    outer loop
      vertex   -1.009971e+02 4.923186e+01 -3.483130e+01
      vertex   -9.964945e+01 4.951771e+01 -3.249167e+01
      vertex   -9.964945e+01 4.923186e+01 -3.249167e+01
    endloop
  endfacet
  facet normal 8.652658e-01 5.392739e-02 -4.984045e-01
    outer loop
      vertex   -1.011618e+02 4.951771e+01 -3.511715e+01
      vertex   -1.012305e+02 4.962541e+01 -3.522485e+01
      vertex   -9.964945e+01 4.951771e+01 -3.249167e+01
    endloop
  endfacet
  facet normal 8.642229e-01 7.945601e-02 -4.967953e-01
    outer loop
      vertex   -9.964945e+01 4.951771e+01 -3.249167e+01
      vertex   -1.012305e+02 4.962541e+01 -3.522485e+01
      vertex   -9.966039e+01 4.967612e+01 -3.248537e+01
    endloop
  endfacet
  facet normal 8.550528e-01 1.606070e-01 -4.930417e-01
    outer loop
      vertex   -9.966039e+01 4.967612e+01 -3.248537e+01
      vertex   -1.012305e+02 4.962541e+01 -3.522485e+01
      vertex   -1.013119e+02 4.973186e+01 -3.533130e+01
    endloop
  endfacet
  facet normal 8.424136e-01 2.363615e-01 -4.842237e-01
    outer loop
      vertex   -9.966039e+01 4.967612e+01 -3.248537e+01
      vertex   -1.013119e+02 4.973186e+01 -3.533130e+01
      vertex   -9.969294e+01 4.983053e+01 -3.246662e+01
    endloop
  endfacet
  facet normal 8.304711e-01 2.841833e-01 -4.791217e-01
    outer loop
      vertex   -9.969294e+01 4.983053e+01 -3.246662e+01
      vertex   -1.013119e+02 4.973186e+01 -3.533130e+01
      vertex   -1.013594e+02 4.987065e+01 -3.533130e+01
    endloop
  endfacet
  facet normal 7.992710e-01 3.872982e-01 -4.595279e-01
    outer loop
      vertex   -9.969294e+01 4.983053e+01 -3.246662e+01
      vertex   -1.013594e+02 4.987065e+01 -3.533130e+01
      vertex   -9.974627e+01 4.997704e+01 -3.243590e+01
    endloop
  endfacet
  facet normal 7.862949e-01 4.196311e-01 -4.534866e-01
    outer loop
      vertex   -9.974627e+01 4.997704e+01 -3.243590e+01
      vertex   -1.013594e+02 4.987065e+01 -3.533130e+01
      vertex   -1.014295e+02 5.000205e+01 -3.533130e+01
    endloop
  endfacet
  facet normal 7.359238e-01 5.284545e-01 -4.232634e-01
    outer loop
      vertex   -9.974627e+01 4.997704e+01 -3.243590e+01
      vertex   -1.014295e+02 5.000205e+01 -3.533130e+01
      vertex   -9.981904e+01 5.011195e+01 -3.239399e+01
    endloop
  endfacet
  facet normal 7.256440e-01 5.463236e-01 -4.182958e-01
    outer loop
      vertex   -9.981904e+01 5.011195e+01 -3.239399e+01
      vertex   -1.014295e+02 5.000205e+01 -3.533130e+01
      vertex   -1.015208e+02 5.012330e+01 -3.533130e+01
    endloop
  endfacet
  facet normal 6.539711e-01 6.562657e-01 -3.763470e-01
    outer loop
      vertex   -9.981904e+01 5.011195e+01 -3.239399e+01
      vertex   -1.015208e+02 5.012330e+01 -3.533130e+01
      vertex   -9.990941e+01 5.023186e+01 -3.234193e+01
    endloop
  endfacet
  facet normal 6.497709e-01 6.616002e-01 -3.742766e-01
    outer loop
      vertex   -9.990941e+01 5.023186e+01 -3.234193e+01
      vertex   -1.015208e+02 5.012330e+01 -3.533130e+01
      vertex   -1.016313e+02 5.023186e+01 -3.533130e+01
    endloop
  endfacet
  facet normal 0.000000e+00 -1.000000e+00 8.914751e-15
    outer loop
      vertex   -5.063132e+01 4.823186e+01 -3.383130e+01
      vertex   -5.063132e+01 4.823186e+01 -2.984609e+01
      vertex   -5.068224e+01 4.823186e+01 -3.383130e+01
    endloop
  endfacet
  facet normal 1.698732e-14 -1.000000e+00 8.697713e-15
    outer loop
      vertex   -5.068224e+01 4.823186e+01 -3.383130e+01
      vertex   -5.063132e+01 4.823186e+01 -2.984609e+01
      vertex   -5.173437e+01 4.823186e+01 -3.177641e+01
    endloop
  endfacet
  facet normal 0.000000e+00 -1.000000e+00 0.000000e+00
    outer loop
      vertex   -5.068224e+01 4.823186e+01 -3.383130e+01
      vertex   -5.173437e+01 4.823186e+01 -3.177641e+01
      vertex   -5.174005e+01 4.823186e+01 -3.198014e+01
    endloop
  endfacet
  facet normal 0.000000e+00 -1.000000e+00 0.000000e+00
    outer loop
      vertex   -5.174005e+01 4.823186e+01 -3.198014e+01
      vertex   -5.173437e+01 4.823186e+01 -3.177641e+01
      vertex   -5.175266e+01 4.823186e+01 -3.181440e+01
    endloop
  endfacet
  facet normal 0.000000e+00 -1.000000e+00 0.000000e+00
    outer loop
      vertex   -5.174005e+01 4.823186e+01 -3.198014e+01
      vertex   -5.175266e+01 4.823186e+01 -3.181440e+01
      vertex   -5.175365e+01 4.823186e+01 -3.195328e+01
    endloop
  endfacet
  facet normal 0.000000e+00 -1.000000e+00 0.000000e+00
    outer loop
      vertex   -5.175365e+01 4.823186e+01 -3.195328e+01
      vertex   -5.175266e+01 4.823186e+01 -3.181440e+01
      vertex   -5.176450e+01 4.823186e+01 -3.192519e+01
    endloop
  endfacet
  facet normal 0.000000e+00 -1.000000e+00 0.000000e+00
    outer loop
      vertex   -5.176450e+01 4.823186e+01 -3.192519e+01
      vertex   -5.175266e+01 4.823186e+01 -3.181440e+01
      vertex   -5.176545e+01 4.823186e+01 -3.185458e+01
    endloop
  endfacet
  facet normal 0.000000e+00 -1.000000e+00 0.000000e+00
    outer loop
      vertex   -5.176450e+01 4.823186e+01 -3.192519e+01
      vertex   -5.176545e+01 4.823186e+01 -3.185458e+01
      vertex   -5.177248e+01 4.823186e+01 -3.189615e+01
    endloop
  endfacet
  facet normal 0.000000e+00 1.023865e-13 -1.000000e+00
    outer loop
      vertex   -1.013119e+02 4.973186e+01 -3.533130e+01
      vertex   -1.039256e+02 4.973186e+01 -3.533130e+01
      vertex   -1.013594e+02 4.987065e+01 -3.533130e+01
    endloop
  endfacet
  facet normal 5.382212e-15 2.872388e-15 -1.000000e+00
    outer loop
      vertex   -1.013594e+02 4.987065e+01 -3.533130e+01
      vertex   -1.039256e+02 4.973186e+01 -3.533130e+01
      vertex   -1.014295e+02 5.000205e+01 -3.533130e+01
    endloop
  endfacet
  facet normal 1.112954e-14 -5.022305e-14 -1.000000e+00
    outer loop
      vertex   -1.014295e+02 5.000205e+01 -3.533130e+01
      vertex   -1.039256e+02 4.973186e+01 -3.533130e+01
      vertex   -1.015208e+02 5.012330e+01 -3.533130e+01
    endloop
  endfacet
  facet normal 1.291184e-12 -7.914299e-12 -1.000000e+00
    outer loop
      vertex   -1.015208e+02 5.012330e+01 -3.533130e+01
      vertex   -1.039256e+02 4.973186e+01 -3.533130e+01
      vertex   -1.016313e+02 5.023186e+01 -3.533130e+01
    endloop
  endfacet
  facet normal -4.325426e-13 -4.736952e-15 -1.000000e+00
    outer loop
      vertex   -1.016313e+02 5.023186e+01 -3.533130e+01
      vertex   -1.039256e+02 4.973186e+01 -3.533130e+01
      vertex   -1.016313e+02 6.523186e+01 -3.533130e+01
    endloop
  endfacet
  facet normal -4.345427e-13 -4.440892e-15 -1.000000e+00
    outer loop
      vertex   -1.016313e+02 6.523186e+01 -3.533130e+01
      vertex   -1.039256e+02 4.973186e+01 -3.533130e+01
      vertex   -1.039256e+02 9.773186e+01 -3.533130e+01
    endloop
  endfacet
  facet normal -4.260417e-13 -3.840772e-15 -1.000000e+00
    outer loop
      vertex   -1.016313e+02 6.523186e+01 -3.533130e+01
      vertex   -1.039256e+02 9.773186e+01 -3.533130e+01
      vertex   -1.016313e+02 8.373186e+01 -3.533130e+01
    endloop
  endfacet
  facet normal 1.967394e-13 9.822063e-14 -1.000000e+00
    outer loop
      vertex   -1.016313e+02 8.373186e+01 -3.533130e+01
      vertex   -1.039256e+02 9.773186e+01 -3.533130e+01
      vertex   -1.016313e+02 9.385967e+01 -3.533130e+01
    endloop
  endfacet
  facet normal 1.393221e-14 -1.009488e-14 -1.000000e+00
    outer loop
      vertex   -1.016313e+02 9.385967e+01 -3.533130e+01
      vertex   -1.039256e+02 9.773186e+01 -3.533130e+01
      vertex   -5.063132e+01 9.385967e+01 -3.533130e+01
    endloop
  endfacet
  facet normal 1.405750e-14 -8.370478e-15 -1.000000e+00
    outer loop
      vertex   -5.063132e+01 9.385967e+01 -3.533130e+01
      vertex   -1.039256e+02 9.773186e+01 -3.533130e+01
      vertex   -4.832564e+01 9.773186e+01 -3.533130e+01
    endloop
  endfacet
  facet normal 0.000000e+00 -0.000000e+00 -1.000000e+00
    outer loop
      vertex   -5.063132e+01 9.385967e+01 -3.533130e+01
      vertex   -4.832564e+01 9.773186e+01 -3.533130e+01
      vertex   -5.063132e+01 8.453186e+01 -3.533130e+01
    endloop
  endfacet
  facet normal -2.740004e-13 4.786039e-14 -1.000000e+00
    outer loop
      vertex   -5.063132e+01 8.453186e+01 -3.533130e+01
      vertex   -4.832564e+01 9.773186e+01 -3.533130e+01
      vertex   -5.063132e+01 6.523186e+01 -3.533130e+01
    endloop
  endfacet
  facet normal 4.632190e-13 -4.440892e-15 -1.000000e+00
    outer loop
      vertex   -5.063132e+01 6.523186e+01 -3.533130e+01
      vertex   -4.832564e+01 9.773186e+01 -3.533130e+01
      vertex   -4.832564e+01 4.973186e+01 -3.533130e+01
    endloop
  endfacet
  facet normal 1.540853e-14 -7.105427e-14 -1.000000e+00
    outer loop
      vertex   -5.063132e+01 6.523186e+01 -3.533130e+01
      vertex   -4.832564e+01 4.973186e+01 -3.533130e+01
      vertex   -5.063132e+01 5.023186e+01 -3.533130e+01
    endloop
  endfacet
  facet normal 6.014517e-14 1.352424e-13 -1.000000e+00
    outer loop
      vertex   -5.063132e+01 5.023186e+01 -3.533130e+01
      vertex   -4.832564e+01 4.973186e+01 -3.533130e+01
      vertex   -5.074164e+01 5.012330e+01 -3.533130e+01
    endloop
  endfacet
  facet normal 2.561917e-14 -7.785233e-14 -1.000000e+00
    outer loop
      vertex   -5.074164e+01 5.012330e+01 -3.533130e+01
      vertex   -4.832564e+01 4.973186e+01 -3.533130e+01
      vertex   -5.083274e+01 5.000205e+01 -3.533130e+01
    endloop
  endfacet
  facet normal 3.216324e-14 -1.713100e-14 -1.000000e+00
    outer loop
      vertex   -5.083274e+01 5.000205e+01 -3.533130e+01
      vertex   -4.832564e+01 4.973186e+01 -3.533130e+01
      vertex   -5.090273e+01 4.987065e+01 -3.533130e+01
    endloop
  endfacet
  facet normal 2.707359e-14 -1.116327e-13 -1.000000e+00
    outer loop
      vertex   -5.090273e+01 4.987065e+01 -3.533130e+01
      vertex   -4.832564e+01 4.973186e+01 -3.533130e+01
      vertex   -5.095013e+01 4.973186e+01 -3.533130e+01
    endloop
  endfacet
  facet normal 9.947600e-12 -3.840772e-15 -1.000000e+00
    outer loop
      vertex   -1.016313e+02 8.373186e+01 -3.533130e+01
      vertex   -1.015313e+02 8.373186e+01 -3.533130e+01
      vertex   -1.016313e+02 6.523186e+01 -3.533130e+01
    endloop
  endfacet
  facet normal 9.947600e-12 -3.840772e-15 -1.000000e+00
    outer loop
      vertex   -1.016313e+02 6.523186e+01 -3.533130e+01
      vertex   -1.015313e+02 8.373186e+01 -3.533130e+01
      vertex   -1.015313e+02 6.523186e+01 -3.533130e+01
    endloop
  endfacet
  facet normal -1.000000e+00 3.731868e-14 -2.771003e-14
    outer loop
      vertex   -5.063132e+01 4.873186e+01 -2.810056e+01
      vertex   -5.063132e+01 4.862310e+01 -2.824703e+01
      vertex   -5.063132e+01 4.873186e+01 -2.733130e+01
    endloop
  endfacet
  facet normal -1.000000e+00 5.207908e-14 -2.946311e-14
    outer loop
      vertex   -5.063132e+01 4.873186e+01 -2.733130e+01
      vertex   -5.063132e+01 4.862310e+01 -2.824703e+01
      vertex   -5.063132e+01 4.852475e+01 -2.842087e+01
    endloop
  endfacet
  facet normal -1.000000e+00 7.984560e-14 -3.474099e-14
    outer loop
      vertex   -5.063132e+01 4.873186e+01 -2.733130e+01
      vertex   -5.063132e+01 4.852475e+01 -2.842087e+01
      vertex   -5.063132e+01 4.843850e+01 -2.861909e+01
    endloop
  endfacet
  facet normal -1.000000e+00 2.940324e-29 -1.655255e-14
    outer loop
      vertex   -5.063132e+01 4.873186e+01 -2.733130e+01
      vertex   -5.063132e+01 4.843850e+01 -2.861909e+01
      vertex   -5.063132e+01 4.473186e+01 -2.733130e+01
    endloop
  endfacet
  facet normal -1.000000e+00 5.156879e-15 -1.709554e-15
    outer loop
      vertex   -5.063132e+01 4.473186e+01 -2.733130e+01
      vertex   -5.063132e+01 4.843850e+01 -2.861909e+01
      vertex   -5.063132e+01 4.836583e+01 -2.883831e+01
    endloop
  endfacet
  facet normal -1.000000e+00 -5.988042e-15 -2.858420e-14
    outer loop
      vertex   -5.063132e+01 4.473186e+01 -2.733130e+01
      vertex   -5.063132e+01 4.836583e+01 -2.883831e+01
      vertex   -5.063132e+01 4.830798e+01 -2.907477e+01
    endloop
  endfacet
  facet normal -1.000000e+00 7.344587e-15 -1.236949e-15
    outer loop
      vertex   -5.063132e+01 4.830798e+01 -2.907477e+01
      vertex   -5.063132e+01 4.826593e+01 -2.932442e+01
      vertex   -5.063132e+01 4.473186e+01 -2.733130e+01
    endloop
  endfacet
  facet normal -1.000000e+00 -1.896501e-13 -3.505344e-13
    outer loop
      vertex   -5.063132e+01 4.473186e+01 -2.733130e+01
      vertex   -5.063132e+01 4.826593e+01 -2.932442e+01
      vertex   -5.063132e+01 4.473186e+01 -3.033130e+01
    endloop
  endfacet
  facet normal -1.000000e+00 -2.817844e-13 -2.714796e-14
    outer loop
      vertex   -5.063132e+01 4.473186e+01 -3.033130e+01
      vertex   -5.063132e+01 4.826593e+01 -2.932442e+01
      vertex   -5.063132e+01 4.824041e+01 -2.958300e+01
    endloop
  endfacet
  facet normal -1.000000e+00 -2.895828e-13 9.416846e-15
    outer loop
      vertex   -5.063132e+01 4.473186e+01 -3.033130e+01
      vertex   -5.063132e+01 4.824041e+01 -2.958300e+01
      vertex   -5.063132e+01 4.823186e+01 -2.984609e+01
    endloop
  endfacet
  facet normal -1.000000e+00 -2.858056e-13 -1.782950e-14
    outer loop
      vertex   -5.063132e+01 4.823186e+01 -2.984609e+01
      vertex   -5.063132e+01 4.823186e+01 -3.383130e+01
      vertex   -5.063132e+01 4.473186e+01 -3.033130e+01
    endloop
  endfacet
  facet normal 9.091335e-01 1.846522e-14 4.165047e-01
    outer loop
      vertex   -9.983619e+01 8.453186e+01 -3.157965e+01
      vertex   -9.983619e+01 8.686186e+01 -3.157965e+01
      vertex   -9.988983e+01 8.453186e+01 -3.146259e+01
    endloop
  endfacet
  facet normal 9.091335e-01 8.643855e-15 4.165047e-01
    outer loop
      vertex   -9.988983e+01 8.453186e+01 -3.146259e+01
      vertex   -9.983619e+01 8.686186e+01 -3.157965e+01
      vertex   -9.983619e+01 8.919186e+01 -3.157965e+01
    endloop
  endfacet
  facet normal 9.091335e-01 -8.030458e-14 4.165047e-01
    outer loop
      vertex   -9.988983e+01 8.453186e+01 -3.146259e+01
      vertex   -9.983619e+01 8.919186e+01 -3.157965e+01
      vertex   -9.988983e+01 9.385186e+01 -3.146259e+01
    endloop
  endfacet
  facet normal 9.091335e-01 6.738738e-15 4.165047e-01
    outer loop
      vertex   -9.988983e+01 9.385186e+01 -3.146259e+01
      vertex   -9.983619e+01 8.919186e+01 -3.157965e+01
      vertex   -9.983619e+01 9.152186e+01 -3.157965e+01
    endloop
  endfacet
  facet normal 9.091335e-01 -5.619951e-15 4.165047e-01
    outer loop
      vertex   -9.988983e+01 9.385186e+01 -3.146259e+01
      vertex   -9.983619e+01 9.152186e+01 -3.157965e+01
      vertex   -9.983619e+01 9.385186e+01 -3.157965e+01
    endloop
  endfacet
  facet normal 9.551175e-01 -1.905032e-14 2.962272e-01
    outer loop
      vertex   -9.983619e+01 9.385186e+01 -3.157965e+01
      vertex   -9.983619e+01 9.152186e+01 -3.157965e+01
      vertex   -9.979805e+01 9.385186e+01 -3.170264e+01
    endloop
  endfacet
  facet normal 9.551175e-01 -3.473984e-15 2.962272e-01
    outer loop
      vertex   -9.979805e+01 9.385186e+01 -3.170264e+01
      vertex   -9.983619e+01 9.152186e+01 -3.157965e+01
      vertex   -9.979805e+01 9.152186e+01 -3.170264e+01
    endloop
  endfacet
  facet normal 9.852645e-01 -9.943022e-15 1.710379e-01
    outer loop
      vertex   -9.979805e+01 9.385186e+01 -3.170264e+01
      vertex   -9.979805e+01 9.152186e+01 -3.170264e+01
      vertex   -9.977603e+01 9.385186e+01 -3.182951e+01
    endloop
  endfacet
  facet normal 9.852645e-01 2.857676e-15 1.710379e-01
    outer loop
      vertex   -9.977603e+01 9.385186e+01 -3.182951e+01
      vertex   -9.979805e+01 9.152186e+01 -3.170264e+01
      vertex   -9.979805e+01 8.919186e+01 -3.170264e+01
    endloop
  endfacet
  facet normal 9.852645e-01 9.013809e-15 1.710379e-01
    outer loop
      vertex   -9.977603e+01 9.385186e+01 -3.182951e+01
      vertex   -9.979805e+01 8.919186e+01 -3.170264e+01
      vertex   -9.977603e+01 8.453186e+01 -3.182951e+01
    endloop
  endfacet
  facet normal 9.852645e-01 -9.159884e-15 1.710379e-01
    outer loop
      vertex   -9.977603e+01 8.453186e+01 -3.182951e+01
      vertex   -9.979805e+01 8.919186e+01 -3.170264e+01
      vertex   -9.979805e+01 8.686186e+01 -3.170264e+01
    endloop
  endfacet
  facet normal 9.852645e-01 8.866456e-15 1.710379e-01
    outer loop
      vertex   -9.977603e+01 8.453186e+01 -3.182951e+01
      vertex   -9.979805e+01 8.686186e+01 -3.170264e+01
      vertex   -9.979805e+01 8.453186e+01 -3.170264e+01
    endloop
  endfacet
  facet normal 9.551175e-01 1.535706e-14 2.962272e-01
    outer loop
      vertex   -9.979805e+01 8.453186e+01 -3.170264e+01
      vertex   -9.979805e+01 8.686186e+01 -3.170264e+01
      vertex   -9.983619e+01 8.453186e+01 -3.157965e+01
    endloop
  endfacet
  facet normal 9.551175e-01 5.606063e-15 2.962272e-01
    outer loop
      vertex   -9.983619e+01 8.453186e+01 -3.157965e+01
      vertex   -9.979805e+01 8.686186e+01 -3.170264e+01
      vertex   -9.983619e+01 8.686186e+01 -3.157965e+01
    endloop
  endfacet
  facet normal 9.551175e-01 -6.495900e-15 2.962272e-01
    outer loop
      vertex   -9.979805e+01 9.152186e+01 -3.170264e+01
      vertex   -9.983619e+01 9.152186e+01 -3.157965e+01
      vertex   -9.983619e+01 8.919186e+01 -3.157965e+01
    endloop
  endfacet
  facet normal 9.551175e-01 -2.118949e-15 2.962272e-01
    outer loop
      vertex   -9.979805e+01 8.686186e+01 -3.170264e+01
      vertex   -9.979805e+01 8.919186e+01 -3.170264e+01
      vertex   -9.983619e+01 8.686186e+01 -3.157965e+01
    endloop
  endfacet
  facet normal 9.551175e-01 -5.141256e-15 2.962272e-01
    outer loop
      vertex   -9.983619e+01 8.686186e+01 -3.157965e+01
      vertex   -9.979805e+01 8.919186e+01 -3.170264e+01
      vertex   -9.983619e+01 8.919186e+01 -3.157965e+01
    endloop
  endfacet
  facet normal 9.551175e-01 9.531725e-15 2.962272e-01
    outer loop
      vertex   -9.979805e+01 8.919186e+01 -3.170264e+01
      vertex   -9.979805e+01 9.152186e+01 -3.170264e+01
      vertex   -9.983619e+01 8.919186e+01 -3.157965e+01
    endloop
  endfacet
  facet normal -6.054216e-03 -9.999806e-01 1.444239e-03
    outer loop
      vertex   -5.167076e+01 8.373186e+01 -3.189000e+01
      vertex   -5.166547e+01 8.373186e+01 -3.186784e+01
      vertex   -5.168080e+01 8.373192e+01 -3.189061e+01
    endloop
  endfacet
  facet normal -8.531372e-02 -9.948451e-01 5.481643e-02
    outer loop
      vertex   -5.168080e+01 8.373192e+01 -3.189061e+01
      vertex   -5.166547e+01 8.373186e+01 -3.186784e+01
      vertex   -5.180817e+01 8.374401e+01 -3.186935e+01
    endloop
  endfacet
  facet normal -8.833575e-02 -9.954021e-01 3.703230e-02
    outer loop
      vertex   -5.168080e+01 8.373192e+01 -3.189061e+01
      vertex   -5.180817e+01 8.374401e+01 -3.186935e+01
      vertex   -5.180338e+01 8.374252e+01 -3.189802e+01
    endloop
  endfacet
  facet normal -2.261270e-01 -9.740124e-01 1.290250e-02
    outer loop
      vertex   -5.180338e+01 8.374252e+01 -3.189802e+01
      vertex   -5.180817e+01 8.374401e+01 -3.186935e+01
      vertex   -5.190482e+01 8.376599e+01 -3.190415e+01
    endloop
  endfacet
  facet normal -2.486762e-01 -9.651858e-01 8.109560e-02
    outer loop
      vertex   -5.190482e+01 8.376599e+01 -3.190415e+01
      vertex   -5.180817e+01 8.374401e+01 -3.186935e+01
      vertex   -5.194104e+01 8.378010e+01 -3.184722e+01
    endloop
  endfacet
  facet normal -3.399123e-01 -9.403053e-01 1.689742e-02
    outer loop
      vertex   -5.190482e+01 8.376599e+01 -3.190415e+01
      vertex   -5.194104e+01 8.378010e+01 -3.184722e+01
      vertex   -5.198416e+01 8.379458e+01 -3.190895e+01
    endloop
  endfacet
  facet normal -4.154899e-01 -9.062748e-01 7.768000e-02
    outer loop
      vertex   -5.198416e+01 8.379458e+01 -3.190895e+01
      vertex   -5.194104e+01 8.378010e+01 -3.184722e+01
      vertex   -5.206571e+01 8.383904e+01 -3.182650e+01
    endloop
  endfacet
  facet normal -4.307922e-01 -9.004925e-01 5.942571e-02
    outer loop
      vertex   -5.198416e+01 8.379458e+01 -3.190895e+01
      vertex   -5.206571e+01 8.383904e+01 -3.182650e+01
      vertex   -5.204941e+01 8.382554e+01 -3.191289e+01
    endloop
  endfacet
  facet normal -5.096654e-01 -8.595268e-01 3.814148e-02
    outer loop
      vertex   -5.204941e+01 8.382554e+01 -3.191289e+01
      vertex   -5.206571e+01 8.383904e+01 -3.182650e+01
      vertex   -5.211141e+01 8.386214e+01 -3.191664e+01
    endloop
  endfacet
  facet normal -5.683551e-01 -8.190519e-01 7.827217e-02
    outer loop
      vertex   -5.211141e+01 8.386214e+01 -3.191664e+01
      vertex   -5.206571e+01 8.383904e+01 -3.182650e+01
      vertex   -5.217841e+01 8.391902e+01 -3.180784e+01
    endloop
  endfacet
  facet normal -5.851424e-01 -8.085238e-01 6.243092e-02
    outer loop
      vertex   -5.211141e+01 8.386214e+01 -3.191664e+01
      vertex   -5.217841e+01 8.391902e+01 -3.180784e+01
      vertex   -5.216985e+01 8.390415e+01 -3.192017e+01
    endloop
  endfacet
  facet normal -6.554813e-01 -7.535678e-01 4.979749e-02
    outer loop
      vertex   -5.216985e+01 8.390415e+01 -3.192017e+01
      vertex   -5.217841e+01 8.391902e+01 -3.180784e+01
      vertex   -5.222435e+01 8.395135e+01 -3.192347e+01
    endloop
  endfacet
  facet normal -7.027788e-01 -7.067022e-01 8.169385e-02
    outer loop
      vertex   -5.222435e+01 8.395135e+01 -3.192347e+01
      vertex   -5.217841e+01 8.391902e+01 -3.180784e+01
      vertex   -5.227570e+01 8.401763e+01 -3.179178e+01
    endloop
  endfacet
  facet normal -7.204726e-01 -6.902846e-01 6.653157e-02
    outer loop
      vertex   -5.222435e+01 8.395135e+01 -3.192347e+01
      vertex   -5.227570e+01 8.401763e+01 -3.179178e+01
      vertex   -5.227448e+01 8.400338e+01 -3.192650e+01
    endloop
  endfacet
  facet normal -7.798376e-01 -6.232045e-01 5.890180e-02
    outer loop
      vertex   -5.227448e+01 8.400338e+01 -3.192650e+01
      vertex   -5.227570e+01 8.401763e+01 -3.179178e+01
      vertex   -5.231961e+01 8.405959e+01 -3.192922e+01
    endloop
  endfacet
  facet normal -8.151340e-01 -5.729234e-01 8.553038e-02
    outer loop
      vertex   -5.231961e+01 8.405959e+01 -3.192922e+01
      vertex   -5.227570e+01 8.401763e+01 -3.179178e+01
      vertex   -5.235462e+01 8.413186e+01 -3.177882e+01
    endloop
  endfacet
  facet normal -8.322301e-01 -5.499295e-01 7.050234e-02
    outer loop
      vertex   -5.231961e+01 8.405959e+01 -3.192922e+01
      vertex   -5.235462e+01 8.413186e+01 -3.177882e+01
      vertex   -5.235945e+01 8.411958e+01 -3.193163e+01
    endloop
  endfacet
  facet normal -8.784182e-01 -4.733398e-01 6.580909e-02
    outer loop
      vertex   -5.235945e+01 8.411958e+01 -3.193163e+01
      vertex   -5.235462e+01 8.413186e+01 -3.177882e+01
      vertex   -5.239377e+01 8.418298e+01 -3.193371e+01
    endloop
  endfacet
  facet normal -9.022734e-01 -4.219184e-01 8.881140e-02
    outer loop
      vertex   -5.239377e+01 8.418298e+01 -3.193371e+01
      vertex   -5.235462e+01 8.413186e+01 -3.177882e+01
      vertex   -5.241279e+01 8.425824e+01 -3.176933e+01
    endloop
  endfacet
  facet normal -9.169728e-01 -3.921263e-01 7.347076e-02
    outer loop
      vertex   -5.239377e+01 8.418298e+01 -3.193371e+01
      vertex   -5.241279e+01 8.425824e+01 -3.176933e+01
      vertex   -5.242231e+01 8.424940e+01 -3.193543e+01
    endloop
  endfacet
  facet normal -9.486525e-01 -3.082895e-01 7.082391e-02
    outer loop
      vertex   -5.242231e+01 8.424940e+01 -3.193543e+01
      vertex   -5.241279e+01 8.425824e+01 -3.176933e+01
      vertex   -5.244471e+01 8.431801e+01 -3.193679e+01
    endloop
  endfacet
  facet normal -9.617503e-01 -2.583147e-01 9.115814e-02
    outer loop
      vertex   -5.244471e+01 8.431801e+01 -3.193679e+01
      vertex   -5.241279e+01 8.425824e+01 -3.176933e+01
      vertex   -5.244842e+01 8.439294e+01 -3.176360e+01
    endloop
  endfacet
  facet normal -9.721740e-01 -2.218727e-01 7.516793e-02
    outer loop
      vertex   -5.244471e+01 8.431801e+01 -3.193679e+01
      vertex   -5.244842e+01 8.439294e+01 -3.176360e+01
      vertex   -5.246082e+01 8.438825e+01 -3.193776e+01
    endloop
  endfacet
  facet normal -9.882255e-01 -1.339518e-01 7.394175e-02
    outer loop
      vertex   -5.246082e+01 8.438825e+01 -3.193776e+01
      vertex   -5.244842e+01 8.439294e+01 -3.176360e+01
      vertex   -5.247054e+01 8.445967e+01 -3.193835e+01
    endloop
  endfacet
  facet normal -9.908332e-01 -1.046096e-01 8.547775e-02
    outer loop
      vertex   -5.247054e+01 8.445967e+01 -3.193835e+01
      vertex   -5.244842e+01 8.439294e+01 -3.176360e+01
      vertex   -5.246672e+01 8.453186e+01 -3.180572e+01
    endloop
  endfacet
  facet normal -9.975737e-01 -4.492128e-02 5.318568e-02
    outer loop
      vertex   -5.247054e+01 8.445967e+01 -3.193835e+01
      vertex   -5.246672e+01 8.453186e+01 -3.180572e+01
      vertex   -5.247380e+01 8.453186e+01 -3.193854e+01
    endloop
  endfacet
  facet normal -8.507733e-02 -9.961301e-01 2.205874e-02
    outer loop
      vertex   -5.180817e+01 8.374401e+01 -3.186935e+01
      vertex   -5.166547e+01 8.373186e+01 -3.186784e+01
      vertex   -5.179322e+01 8.374401e+01 -3.181170e+01
    endloop
  endfacet
  facet normal -8.174103e-02 -9.962119e-01 2.966776e-02
    outer loop
      vertex   -5.179322e+01 8.374401e+01 -3.181170e+01
      vertex   -5.166547e+01 8.373186e+01 -3.186784e+01
      vertex   -5.165770e+01 8.373186e+01 -3.184642e+01
    endloop
  endfacet
  facet normal -7.993186e-02 -9.961246e-01 3.669779e-02
    outer loop
      vertex   -5.179322e+01 8.374401e+01 -3.181170e+01
      vertex   -5.165770e+01 8.373186e+01 -3.184642e+01
      vertex   -5.176816e+01 8.374401e+01 -3.175710e+01
    endloop
  endfacet
  facet normal -7.813859e-02 -9.961824e-01 3.892330e-02
    outer loop
      vertex   -5.176816e+01 8.374401e+01 -3.175710e+01
      vertex   -5.165770e+01 8.373186e+01 -3.184642e+01
      vertex   -5.164754e+01 8.373186e+01 -3.182603e+01
    endloop
  endfacet
  facet normal -2.360803e-01 -9.656698e-01 1.083876e-01
    outer loop
      vertex   -5.176816e+01 8.374401e+01 -3.175710e+01
      vertex   -5.188511e+01 8.378010e+01 -3.169028e+01
      vertex   -5.179322e+01 8.374401e+01 -3.181170e+01
    endloop
  endfacet
  facet normal -2.360803e-01 -9.656698e-01 1.083876e-01
    outer loop
      vertex   -5.179322e+01 8.374401e+01 -3.181170e+01
      vertex   -5.188511e+01 8.378010e+01 -3.169028e+01
      vertex   -5.192013e+01 8.378010e+01 -3.176657e+01
    endloop
  endfacet
  facet normal -2.514420e-01 -9.656742e-01 6.519355e-02
    outer loop
      vertex   -5.179322e+01 8.374401e+01 -3.181170e+01
      vertex   -5.192013e+01 8.378010e+01 -3.176657e+01
      vertex   -5.180817e+01 8.374401e+01 -3.186935e+01
    endloop
  endfacet
  facet normal -2.514601e-01 -9.656709e-01 6.517262e-02
    outer loop
      vertex   -5.180817e+01 8.374401e+01 -3.186935e+01
      vertex   -5.192013e+01 8.378010e+01 -3.176657e+01
      vertex   -5.194104e+01 8.378010e+01 -3.184722e+01
    endloop
  endfacet
  facet normal -3.853187e-01 -9.056678e-01 1.769050e-01
    outer loop
      vertex   -5.188511e+01 8.378010e+01 -3.169028e+01
      vertex   -5.199484e+01 8.383904e+01 -3.162757e+01
      vertex   -5.192013e+01 8.378010e+01 -3.176657e+01
    endloop
  endfacet
  facet normal -3.853187e-01 -9.056678e-01 1.769050e-01
    outer loop
      vertex   -5.192013e+01 8.378010e+01 -3.176657e+01
      vertex   -5.199484e+01 8.383904e+01 -3.162757e+01
      vertex   -5.203921e+01 8.383904e+01 -3.172422e+01
    endloop
  endfacet
  facet normal -4.104074e-01 -9.056774e-01 1.063681e-01
    outer loop
      vertex   -5.192013e+01 8.378010e+01 -3.176657e+01
      vertex   -5.203921e+01 8.383904e+01 -3.172422e+01
      vertex   -5.194104e+01 8.378010e+01 -3.184722e+01
    endloop
  endfacet
  facet normal -4.104417e-01 -9.056657e-01 1.063351e-01
    outer loop
      vertex   -5.194104e+01 8.378010e+01 -3.184722e+01
      vertex   -5.203921e+01 8.383904e+01 -3.172422e+01
      vertex   -5.206571e+01 8.383904e+01 -3.182650e+01
    endloop
  endfacet
  facet normal -5.226430e-01 -8.180874e-01 2.399525e-01
    outer loop
      vertex   -5.199484e+01 8.383904e+01 -3.162757e+01
      vertex   -5.209402e+01 8.391902e+01 -3.157090e+01
      vertex   -5.203921e+01 8.383904e+01 -3.172422e+01
    endloop
  endfacet
  facet normal -5.226430e-01 -8.180874e-01 2.399525e-01
    outer loop
      vertex   -5.203921e+01 8.383904e+01 -3.172422e+01
      vertex   -5.209402e+01 8.391902e+01 -3.157090e+01
      vertex   -5.214684e+01 8.391902e+01 -3.168595e+01
    endloop
  endfacet
  facet normal -5.566951e-01 -8.181012e-01 1.442257e-01
    outer loop
      vertex   -5.203921e+01 8.383904e+01 -3.172422e+01
      vertex   -5.214684e+01 8.391902e+01 -3.168595e+01
      vertex   -5.206571e+01 8.383904e+01 -3.182650e+01
    endloop
  endfacet
  facet normal -5.567450e-01 -8.180749e-01 1.441819e-01
    outer loop
      vertex   -5.206571e+01 8.383904e+01 -3.182650e+01
      vertex   -5.214684e+01 8.391902e+01 -3.168595e+01
      vertex   -5.217841e+01 8.391902e+01 -3.180784e+01
    endloop
  endfacet
  facet normal -6.438814e-01 -7.057115e-01 2.956146e-01
    outer loop
      vertex   -5.209402e+01 8.391902e+01 -3.157090e+01
      vertex   -5.217963e+01 8.401763e+01 -3.152198e+01
      vertex   -5.214684e+01 8.391902e+01 -3.168595e+01
    endloop
  endfacet
  facet normal -6.438814e-01 -7.057115e-01 2.956146e-01
    outer loop
      vertex   -5.214684e+01 8.391902e+01 -3.168595e+01
      vertex   -5.217963e+01 8.401763e+01 -3.152198e+01
      vertex   -5.223974e+01 8.401763e+01 -3.165291e+01
    endloop
  endfacet
  facet normal -6.858583e-01 -7.057265e-01 1.776187e-01
    outer loop
      vertex   -5.214684e+01 8.391902e+01 -3.168595e+01
      vertex   -5.223974e+01 8.401763e+01 -3.165291e+01
      vertex   -5.217841e+01 8.391902e+01 -3.180784e+01
    endloop
  endfacet
  facet normal -6.859200e-01 -7.056802e-01 1.775648e-01
    outer loop
      vertex   -5.217841e+01 8.391902e+01 -3.180784e+01
      vertex   -5.223974e+01 8.401763e+01 -3.165291e+01
      vertex   -5.227570e+01 8.401763e+01 -3.179178e+01
    endloop
  endfacet
  facet normal -7.454058e-01 -5.720591e-01 3.422258e-01
    outer loop
      vertex   -5.217963e+01 8.401763e+01 -3.152198e+01
      vertex   -5.224908e+01 8.413186e+01 -3.148229e+01
      vertex   -5.223974e+01 8.401763e+01 -3.165291e+01
    endloop
  endfacet
  facet normal -7.454058e-01 -5.720591e-01 3.422258e-01
    outer loop
      vertex   -5.223974e+01 8.401763e+01 -3.165291e+01
      vertex   -5.224908e+01 8.413186e+01 -3.148229e+01
      vertex   -5.231511e+01 8.413186e+01 -3.162611e+01
    endloop
  endfacet
  facet normal -7.940291e-01 -5.720722e-01 2.055511e-01
    outer loop
      vertex   -5.223974e+01 8.401763e+01 -3.165291e+01
      vertex   -5.231511e+01 8.413186e+01 -3.162611e+01
      vertex   -5.227570e+01 8.401763e+01 -3.179178e+01
    endloop
  endfacet
  facet normal -7.940956e-01 -5.720027e-01 2.054873e-01
    outer loop
      vertex   -5.227570e+01 8.401763e+01 -3.179178e+01
      vertex   -5.231511e+01 8.413186e+01 -3.162611e+01
      vertex   -5.235462e+01 8.413186e+01 -3.177882e+01
    endloop
  endfacet
  facet normal -8.242273e-01 -4.212509e-01 3.784138e-01
    outer loop
      vertex   -5.224908e+01 8.413186e+01 -3.148229e+01
      vertex   -5.230025e+01 8.425824e+01 -3.145305e+01
      vertex   -5.231511e+01 8.413186e+01 -3.162611e+01
    endloop
  endfacet
  facet normal -8.242273e-01 -4.212509e-01 3.784138e-01
    outer loop
      vertex   -5.231511e+01 8.413186e+01 -3.162611e+01
      vertex   -5.230025e+01 8.425824e+01 -3.145305e+01
      vertex   -5.237063e+01 8.425824e+01 -3.160636e+01
    endloop
  endfacet
  facet normal -8.780196e-01 -4.212597e-01 2.272043e-01
    outer loop
      vertex   -5.231511e+01 8.413186e+01 -3.162611e+01
      vertex   -5.237063e+01 8.425824e+01 -3.160636e+01
      vertex   -5.235462e+01 8.413186e+01 -3.177882e+01
    endloop
  endfacet
  facet normal -8.780826e-01 -4.211679e-01 2.271311e-01
    outer loop
      vertex   -5.235462e+01 8.413186e+01 -3.177882e+01
      vertex   -5.237063e+01 8.425824e+01 -3.160636e+01
      vertex   -5.241279e+01 8.425824e+01 -3.176933e+01
    endloop
  endfacet
  facet normal -8.780606e-01 -2.578685e-01 4.031295e-01
    outer loop
      vertex   -5.230025e+01 8.425824e+01 -3.145305e+01
      vertex   -5.233158e+01 8.439294e+01 -3.143515e+01
      vertex   -5.237063e+01 8.425824e+01 -3.160636e+01
    endloop
  endfacet
  facet normal -8.780606e-01 -2.578685e-01 4.031295e-01
    outer loop
      vertex   -5.237063e+01 8.425824e+01 -3.160636e+01
      vertex   -5.233158e+01 8.439294e+01 -3.143515e+01
      vertex   -5.240464e+01 8.439294e+01 -3.159427e+01
    endloop
  endfacet
  facet normal -9.353926e-01 -2.578726e-01 2.419553e-01
    outer loop
      vertex   -5.237063e+01 8.425824e+01 -3.160636e+01
      vertex   -5.240464e+01 8.439294e+01 -3.159427e+01
      vertex   -5.241279e+01 8.425824e+01 -3.176933e+01
    endloop
  endfacet
  facet normal -9.354441e-01 -2.577629e-01 2.418733e-01
    outer loop
      vertex   -5.241279e+01 8.425824e+01 -3.176933e+01
      vertex   -5.240464e+01 8.439294e+01 -3.159427e+01
      vertex   -5.244842e+01 8.439294e+01 -3.176360e+01
    endloop
  endfacet
  facet normal -8.959097e-01 -8.696425e-02 4.356409e-01
    outer loop
      vertex   -5.234214e+01 8.453186e+01 -3.142912e+01
      vertex   -5.240030e+01 8.453186e+01 -3.154873e+01
      vertex   -5.233158e+01 8.439294e+01 -3.143515e+01
    endloop
  endfacet
  facet normal -9.035048e-01 -1.077530e-01 4.148112e-01
    outer loop
      vertex   -5.233158e+01 8.439294e+01 -3.143515e+01
      vertex   -5.240030e+01 8.453186e+01 -3.154873e+01
      vertex   -5.240464e+01 8.439294e+01 -3.159427e+01
    endloop
  endfacet
  facet normal -9.468577e-01 -7.310543e-02 3.132350e-01
    outer loop
      vertex   -5.240030e+01 8.453186e+01 -3.154873e+01
      vertex   -5.244208e+01 8.453186e+01 -3.167501e+01
      vertex   -5.240464e+01 8.439294e+01 -3.159427e+01
    endloop
  endfacet
  facet normal -9.617761e-01 -1.146474e-01 2.486818e-01
    outer loop
      vertex   -5.240464e+01 8.439294e+01 -3.159427e+01
      vertex   -5.244208e+01 8.453186e+01 -3.167501e+01
      vertex   -5.244842e+01 8.439294e+01 -3.176360e+01
    endloop
  endfacet
  facet normal -9.800554e-01 -7.307566e-02 1.848011e-01
    outer loop
      vertex   -5.244208e+01 8.453186e+01 -3.167501e+01
      vertex   -5.246672e+01 8.453186e+01 -3.180572e+01
      vertex   -5.244842e+01 8.439294e+01 -3.176360e+01
    endloop
  endfacet
  facet normal -9.835463e-01 -4.491064e-02 -1.749846e-01
    outer loop
      vertex   -5.247380e+01 8.453186e+01 -3.193854e+01
      vertex   -5.244979e+01 8.453186e+01 -3.207355e+01
      vertex   -5.247054e+01 8.445967e+01 -3.193835e+01
    endloop
  endfacet
  facet normal -9.766448e-01 -8.706343e-02 -1.964304e-01
    outer loop
      vertex   -5.247054e+01 8.445967e+01 -3.193835e+01
      vertex   -5.244979e+01 8.453186e+01 -3.207355e+01
      vertex   -5.243799e+01 8.439294e+01 -3.207060e+01
    endloop
  endfacet
  facet normal -9.758301e-01 -1.342915e-01 -1.723989e-01
    outer loop
      vertex   -5.247054e+01 8.445967e+01 -3.193835e+01
      vertex   -5.243799e+01 8.439294e+01 -3.207060e+01
      vertex   -5.246082e+01 8.438825e+01 -3.193776e+01
    endloop
  endfacet
  facet normal -9.595336e-01 -2.224099e-01 -1.727112e-01
    outer loop
      vertex   -5.246082e+01 8.438825e+01 -3.193776e+01
      vertex   -5.243799e+01 8.439294e+01 -3.207060e+01
      vertex   -5.244471e+01 8.431801e+01 -3.193679e+01
    endloop
  endfacet
  facet normal -9.466512e-01 -2.585826e-01 -1.923187e-01
    outer loop
      vertex   -5.244471e+01 8.431801e+01 -3.193679e+01
      vertex   -5.243799e+01 8.439294e+01 -3.207060e+01
      vertex   -5.240298e+01 8.425824e+01 -3.206186e+01
    endloop
  endfacet
  facet normal -9.366534e-01 -3.090234e-01 -1.648785e-01
    outer loop
      vertex   -5.244471e+01 8.431801e+01 -3.193679e+01
      vertex   -5.240298e+01 8.425824e+01 -3.206186e+01
      vertex   -5.242231e+01 8.424940e+01 -3.193543e+01
    endloop
  endfacet
  facet normal -9.044746e-01 -3.929713e-01 -1.658291e-01
    outer loop
      vertex   -5.242231e+01 8.424940e+01 -3.193543e+01
      vertex   -5.240298e+01 8.425824e+01 -3.206186e+01
      vertex   -5.239377e+01 8.418298e+01 -3.193371e+01
    endloop
  endfacet
  facet normal -8.875037e-01 -4.223414e-01 -1.842960e-01
    outer loop
      vertex   -5.239377e+01 8.418298e+01 -3.193371e+01
      vertex   -5.240298e+01 8.425824e+01 -3.206186e+01
      vertex   -5.234580e+01 8.413186e+01 -3.204758e+01
    endloop
  endfacet
  facet normal -8.670643e-01 -4.743318e-01 -1.523444e-01
    outer loop
      vertex   -5.239377e+01 8.418298e+01 -3.193371e+01
      vertex   -5.234580e+01 8.413186e+01 -3.204758e+01
      vertex   -5.235945e+01 8.411958e+01 -3.193163e+01
    endloop
  endfacet
  facet normal -8.200665e-01 -5.509006e-01 -1.549175e-01
    outer loop
      vertex   -5.235945e+01 8.411958e+01 -3.193163e+01
      vertex   -5.234580e+01 8.413186e+01 -3.204758e+01
      vertex   -5.231961e+01 8.405959e+01 -3.192922e+01
    endloop
  endfacet
  facet normal -8.008393e-01 -5.733787e-01 -1.728968e-01
    outer loop
      vertex   -5.231961e+01 8.405959e+01 -3.192922e+01
      vertex   -5.234580e+01 8.413186e+01 -3.204758e+01
      vertex   -5.226820e+01 8.401763e+01 -3.202821e+01
    endloop
  endfacet
  facet normal -7.694490e-01 -6.242746e-01 -1.350163e-01
    outer loop
      vertex   -5.231961e+01 8.405959e+01 -3.192922e+01
      vertex   -5.226820e+01 8.401763e+01 -3.202821e+01
      vertex   -5.227448e+01 8.400338e+01 -3.192650e+01
    endloop
  endfacet
  facet normal -7.088717e-01 -6.911729e-01 -1.406447e-01
    outer loop
      vertex   -5.227448e+01 8.400338e+01 -3.192650e+01
      vertex   -5.226820e+01 8.401763e+01 -3.202821e+01
      vertex   -5.222435e+01 8.395135e+01 -3.192347e+01
    endloop
  endfacet
  facet normal -6.890604e-01 -7.070500e-01 -1.589848e-01
    outer loop
      vertex   -5.222435e+01 8.395135e+01 -3.192347e+01
      vertex   -5.226820e+01 8.401763e+01 -3.202821e+01
      vertex   -5.217253e+01 8.391902e+01 -3.200432e+01
    endloop
  endfacet
  facet normal -6.465003e-01 -7.545408e-01 -1.127188e-01
    outer loop
      vertex   -5.222435e+01 8.395135e+01 -3.192347e+01
      vertex   -5.217253e+01 8.391902e+01 -3.200432e+01
      vertex   -5.216985e+01 8.390415e+01 -3.192017e+01
    endloop
  endfacet
  facet normal -5.742639e-01 -8.091228e-01 -1.246650e-01
    outer loop
      vertex   -5.216985e+01 8.390415e+01 -3.192017e+01
      vertex   -5.217253e+01 8.391902e+01 -3.200432e+01
      vertex   -5.211141e+01 8.386214e+01 -3.191664e+01
    endloop
  endfacet
  facet normal -5.550888e-01 -8.191385e-01 -1.445286e-01
    outer loop
      vertex   -5.211141e+01 8.386214e+01 -3.191664e+01
      vertex   -5.217253e+01 8.391902e+01 -3.200432e+01
      vertex   -5.206170e+01 8.383904e+01 -3.197665e+01
    endloop
  endfacet
  facet normal -5.026495e-01 -8.602766e-01 -8.525091e-02
    outer loop
      vertex   -5.211141e+01 8.386214e+01 -3.191664e+01
      vertex   -5.206170e+01 8.383904e+01 -3.197665e+01
      vertex   -5.204941e+01 8.382554e+01 -3.191289e+01
    endloop
  endfacet
  facet normal -4.206223e-01 -9.005914e-01 -1.095991e-01
    outer loop
      vertex   -5.204941e+01 8.382554e+01 -3.191289e+01
      vertex   -5.206170e+01 8.383904e+01 -3.197665e+01
      vertex   -5.198416e+01 8.379458e+01 -3.190895e+01
    endloop
  endfacet
  facet normal -4.017271e-01 -9.058041e-01 -1.346633e-01
    outer loop
      vertex   -5.198416e+01 8.379458e+01 -3.190895e+01
      vertex   -5.206170e+01 8.383904e+01 -3.197665e+01
      vertex   -5.193908e+01 8.378010e+01 -3.194603e+01
    endloop
  endfacet
  facet normal -3.365265e-01 -9.407478e-01 -4.175495e-02
    outer loop
      vertex   -5.198416e+01 8.379458e+01 -3.190895e+01
      vertex   -5.193908e+01 8.378010e+01 -3.194603e+01
      vertex   -5.190482e+01 8.376599e+01 -3.190415e+01
    endloop
  endfacet
  facet normal -2.324514e-01 -9.632656e-01 -1.344833e-01
    outer loop
      vertex   -5.190482e+01 8.376599e+01 -3.190415e+01
      vertex   -5.193908e+01 8.378010e+01 -3.194603e+01
      vertex   -5.180840e+01 8.374401e+01 -3.191340e+01
    endloop
  endfacet
  facet normal -2.241262e-01 -9.743252e-01 -2.139552e-02
    outer loop
      vertex   -5.190482e+01 8.376599e+01 -3.190415e+01
      vertex   -5.180840e+01 8.374401e+01 -3.191340e+01
      vertex   -5.180338e+01 8.374252e+01 -3.189802e+01
    endloop
  endfacet
  facet normal -8.177730e-02 -9.942063e-01 -6.975838e-02
    outer loop
      vertex   -5.180338e+01 8.374252e+01 -3.189802e+01
      vertex   -5.180840e+01 8.374401e+01 -3.191340e+01
      vertex   -5.168080e+01 8.373192e+01 -3.189061e+01
    endloop
  endfacet
  facet normal -8.920641e-02 -9.955938e-01 -2.890023e-02
    outer loop
      vertex   -5.168080e+01 8.373192e+01 -3.189061e+01
      vertex   -5.180840e+01 8.374401e+01 -3.191340e+01
      vertex   -5.179407e+01 8.374401e+01 -3.195761e+01
    endloop
  endfacet
  facet normal -6.557944e-02 -9.954712e-01 -6.882114e-02
    outer loop
      vertex   -5.168080e+01 8.373192e+01 -3.189061e+01
      vertex   -5.179407e+01 8.374401e+01 -3.195761e+01
      vertex   -5.166592e+01 8.373186e+01 -3.190393e+01
    endloop
  endfacet
  facet normal -7.997409e-02 -9.961956e-01 -3.462005e-02
    outer loop
      vertex   -5.166592e+01 8.373186e+01 -3.190393e+01
      vertex   -5.179407e+01 8.374401e+01 -3.195761e+01
      vertex   -5.166006e+01 8.373186e+01 -3.191746e+01
    endloop
  endfacet
  facet normal -7.890706e-02 -9.961510e-01 -3.816813e-02
    outer loop
      vertex   -5.166006e+01 8.373186e+01 -3.191746e+01
      vertex   -5.179407e+01 8.374401e+01 -3.195761e+01
      vertex   -5.177384e+01 8.374401e+01 -3.199945e+01
    endloop
  endfacet
  facet normal -7.726702e-02 -9.961895e-01 -4.044982e-02
    outer loop
      vertex   -5.166006e+01 8.373186e+01 -3.191746e+01
      vertex   -5.177384e+01 8.374401e+01 -3.199945e+01
      vertex   -5.165322e+01 8.373186e+01 -3.193052e+01
    endloop
  endfacet
  facet normal -9.477185e-01 -8.695221e-02 -3.070326e-01
    outer loop
      vertex   -5.243799e+01 8.439294e+01 -3.207060e+01
      vertex   -5.244979e+01 8.453186e+01 -3.207355e+01
      vertex   -5.239625e+01 8.439294e+01 -3.219947e+01
    endloop
  endfacet
  facet normal -9.477185e-01 -8.695221e-02 -3.070326e-01
    outer loop
      vertex   -5.239625e+01 8.439294e+01 -3.219947e+01
      vertex   -5.244979e+01 8.453186e+01 -3.207355e+01
      vertex   -5.240752e+01 8.453186e+01 -3.220400e+01
    endloop
  endfacet
  facet normal -8.968065e-01 -8.695221e-02 -4.337942e-01
    outer loop
      vertex   -5.239625e+01 8.439294e+01 -3.219947e+01
      vertex   -5.240752e+01 8.453186e+01 -3.220400e+01
      vertex   -5.233726e+01 8.439294e+01 -3.232141e+01
    endloop
  endfacet
  facet normal -8.968065e-01 -8.695221e-02 -4.337942e-01
    outer loop
      vertex   -5.233726e+01 8.439294e+01 -3.232141e+01
      vertex   -5.240752e+01 8.453186e+01 -3.220400e+01
      vertex   -5.234782e+01 8.453186e+01 -3.232744e+01
    endloop
  endfacet
  facet normal -8.696789e-01 -2.582507e-01 -4.206723e-01
    outer loop
      vertex   -5.233726e+01 8.439294e+01 -3.232141e+01
      vertex   -5.230593e+01 8.425824e+01 -3.230350e+01
      vertex   -5.239625e+01 8.439294e+01 -3.219947e+01
    endloop
  endfacet
  facet normal -8.696789e-01 -2.582507e-01 -4.206723e-01
    outer loop
      vertex   -5.239625e+01 8.439294e+01 -3.219947e+01
      vertex   -5.230593e+01 8.425824e+01 -3.230350e+01
      vertex   -5.236275e+01 8.425824e+01 -3.218601e+01
    endloop
  endfacet
  facet normal -9.190508e-01 -2.582507e-01 -2.977451e-01
    outer loop
      vertex   -5.239625e+01 8.439294e+01 -3.219947e+01
      vertex   -5.236275e+01 8.425824e+01 -3.218601e+01
      vertex   -5.243799e+01 8.439294e+01 -3.207060e+01
    endloop
  endfacet
  facet normal -9.190508e-01 -2.582507e-01 -2.977451e-01
    outer loop
      vertex   -5.243799e+01 8.439294e+01 -3.207060e+01
      vertex   -5.236275e+01 8.425824e+01 -3.218601e+01
      vertex   -5.240298e+01 8.425824e+01 -3.206186e+01
    endloop
  endfacet
  facet normal -8.162156e-01 -4.218009e-01 -3.948116e-01
    outer loop
      vertex   -5.230593e+01 8.425824e+01 -3.230350e+01
      vertex   -5.225476e+01 8.413186e+01 -3.227426e+01
      vertex   -5.236275e+01 8.425824e+01 -3.218601e+01
    endloop
  endfacet
  facet normal -8.162156e-01 -4.218009e-01 -3.948116e-01
    outer loop
      vertex   -5.236275e+01 8.425824e+01 -3.218601e+01
      vertex   -5.225476e+01 8.413186e+01 -3.227426e+01
      vertex   -5.230807e+01 8.413186e+01 -3.216405e+01
    endloop
  endfacet
  facet normal -8.625523e-01 -4.218009e-01 -2.794413e-01
    outer loop
      vertex   -5.236275e+01 8.425824e+01 -3.218601e+01
      vertex   -5.230807e+01 8.413186e+01 -3.216405e+01
      vertex   -5.240298e+01 8.425824e+01 -3.206186e+01
    endloop
  endfacet
  facet normal -8.625523e-01 -4.218009e-01 -2.794413e-01
    outer loop
      vertex   -5.240298e+01 8.425824e+01 -3.206186e+01
      vertex   -5.230807e+01 8.413186e+01 -3.216405e+01
      vertex   -5.234580e+01 8.413186e+01 -3.204758e+01
    endloop
  endfacet
  facet normal -7.379847e-01 -5.726697e-01 -3.569705e-01
    outer loop
      vertex   -5.225476e+01 8.413186e+01 -3.227426e+01
      vertex   -5.218531e+01 8.401763e+01 -3.223458e+01
      vertex   -5.230807e+01 8.413186e+01 -3.216405e+01
    endloop
  endfacet
  facet normal -7.379847e-01 -5.726697e-01 -3.569705e-01
    outer loop
      vertex   -5.230807e+01 8.413186e+01 -3.216405e+01
      vertex   -5.218531e+01 8.401763e+01 -3.223458e+01
      vertex   -5.223384e+01 8.401763e+01 -3.213424e+01
    endloop
  endfacet
  facet normal -7.798803e-01 -5.726697e-01 -2.526580e-01
    outer loop
      vertex   -5.230807e+01 8.413186e+01 -3.216405e+01
      vertex   -5.223384e+01 8.401763e+01 -3.213424e+01
      vertex   -5.234580e+01 8.413186e+01 -3.204758e+01
    endloop
  endfacet
  facet normal -7.798803e-01 -5.726697e-01 -2.526580e-01
    outer loop
      vertex   -5.234580e+01 8.413186e+01 -3.204758e+01
      vertex   -5.223384e+01 8.401763e+01 -3.213424e+01
      vertex   -5.226820e+01 8.401763e+01 -3.202821e+01
    endloop
  endfacet
  facet normal -6.372983e-01 -7.062734e-01 -3.082675e-01
    outer loop
      vertex   -5.218531e+01 8.401763e+01 -3.223458e+01
      vertex   -5.209970e+01 8.391902e+01 -3.218565e+01
      vertex   -5.223384e+01 8.401763e+01 -3.213424e+01
    endloop
  endfacet
  facet normal -6.372983e-01 -7.062734e-01 -3.082675e-01
    outer loop
      vertex   -5.223384e+01 8.401763e+01 -3.213424e+01
      vertex   -5.209970e+01 8.391902e+01 -3.218565e+01
      vertex   -5.214234e+01 8.391902e+01 -3.209749e+01
    endloop
  endfacet
  facet normal -6.734779e-01 -7.062734e-01 -2.181868e-01
    outer loop
      vertex   -5.223384e+01 8.401763e+01 -3.213424e+01
      vertex   -5.214234e+01 8.391902e+01 -3.209749e+01
      vertex   -5.226820e+01 8.401763e+01 -3.202821e+01
    endloop
  endfacet
  facet normal -6.734779e-01 -7.062734e-01 -2.181868e-01
    outer loop
      vertex   -5.226820e+01 8.401763e+01 -3.202821e+01
      vertex   -5.214234e+01 8.391902e+01 -3.209749e+01
      vertex   -5.217253e+01 8.391902e+01 -3.200432e+01
    endloop
  endfacet
  facet normal -5.171590e-01 -8.185164e-01 -2.501549e-01
    outer loop
      vertex   -5.209970e+01 8.391902e+01 -3.218565e+01
      vertex   -5.200052e+01 8.383904e+01 -3.212898e+01
      vertex   -5.214234e+01 8.391902e+01 -3.209749e+01
    endloop
  endfacet
  facet normal -5.171590e-01 -8.185164e-01 -2.501549e-01
    outer loop
      vertex   -5.214234e+01 8.391902e+01 -3.209749e+01
      vertex   -5.200052e+01 8.383904e+01 -3.212898e+01
      vertex   -5.203634e+01 8.383904e+01 -3.205492e+01
    endloop
  endfacet
  facet normal -5.465183e-01 -8.185164e-01 -1.770557e-01
    outer loop
      vertex   -5.214234e+01 8.391902e+01 -3.209749e+01
      vertex   -5.203634e+01 8.383904e+01 -3.205492e+01
      vertex   -5.217253e+01 8.391902e+01 -3.200432e+01
    endloop
  endfacet
  facet normal -5.465183e-01 -8.185164e-01 -1.770557e-01
    outer loop
      vertex   -5.217253e+01 8.391902e+01 -3.200432e+01
      vertex   -5.203634e+01 8.383904e+01 -3.205492e+01
      vertex   -5.206170e+01 8.383904e+01 -3.197665e+01
    endloop
  endfacet
  facet normal -3.811844e-01 -9.059258e-01 -1.843827e-01
    outer loop
      vertex   -5.200052e+01 8.383904e+01 -3.212898e+01
      vertex   -5.189079e+01 8.378010e+01 -3.206628e+01
      vertex   -5.203634e+01 8.383904e+01 -3.205492e+01
    endloop
  endfacet
  facet normal -3.811844e-01 -9.059258e-01 -1.843827e-01
    outer loop
      vertex   -5.203634e+01 8.383904e+01 -3.205492e+01
      vertex   -5.189079e+01 8.378010e+01 -3.206628e+01
      vertex   -5.191907e+01 8.378010e+01 -3.200781e+01
    endloop
  endfacet
  facet normal -4.028243e-01 -9.059258e-01 -1.305031e-01
    outer loop
      vertex   -5.203634e+01 8.383904e+01 -3.205492e+01
      vertex   -5.191907e+01 8.378010e+01 -3.200781e+01
      vertex   -5.206170e+01 8.383904e+01 -3.197665e+01
    endloop
  endfacet
  facet normal -4.028243e-01 -9.059258e-01 -1.305031e-01
    outer loop
      vertex   -5.206170e+01 8.383904e+01 -3.197665e+01
      vertex   -5.191907e+01 8.378010e+01 -3.200781e+01
      vertex   -5.193908e+01 8.378010e+01 -3.194603e+01
    endloop
  endfacet
  facet normal -2.335057e-01 -9.657731e-01 -1.129490e-01
    outer loop
      vertex   -5.189079e+01 8.378010e+01 -3.206628e+01
      vertex   -5.177384e+01 8.374401e+01 -3.199945e+01
      vertex   -5.191907e+01 8.378010e+01 -3.200781e+01
    endloop
  endfacet
  facet normal -2.335057e-01 -9.657731e-01 -1.129490e-01
    outer loop
      vertex   -5.191907e+01 8.378010e+01 -3.200781e+01
      vertex   -5.177384e+01 8.374401e+01 -3.199945e+01
      vertex   -5.179407e+01 8.374401e+01 -3.195761e+01
    endloop
  endfacet
  facet normal -2.467619e-01 -9.657731e-01 -7.994351e-02
    outer loop
      vertex   -5.191907e+01 8.378010e+01 -3.200781e+01
      vertex   -5.179407e+01 8.374401e+01 -3.195761e+01
      vertex   -5.193908e+01 8.378010e+01 -3.194603e+01
    endloop
  endfacet
  facet normal -2.467619e-01 -9.657731e-01 -7.994351e-02
    outer loop
      vertex   -5.193908e+01 8.378010e+01 -3.194603e+01
      vertex   -5.179407e+01 8.374401e+01 -3.195761e+01
      vertex   -5.180840e+01 8.374401e+01 -3.191340e+01
    endloop
  endfacet
  facet normal -5.844029e-03 -9.999809e-01 -2.033084e-03
    outer loop
      vertex   -5.166592e+01 8.373186e+01 -3.190393e+01
      vertex   -5.167076e+01 8.373186e+01 -3.189000e+01
      vertex   -5.168080e+01 8.373192e+01 -3.189061e+01
    endloop
  endfacet
  facet normal 0.000000e+00 -1.000000e+00 0.000000e+00
    outer loop
      vertex   -9.977603e+01 9.385186e+01 -3.182951e+01
      vertex   -9.979096e+01 9.385186e+01 -3.167014e+01
      vertex   -9.979805e+01 9.385186e+01 -3.170264e+01
    endloop
  endfacet
  facet normal 0.000000e+00 -1.000000e+00 0.000000e+00
    outer loop
      vertex   -9.979805e+01 9.385186e+01 -3.170264e+01
      vertex   -9.979096e+01 9.385186e+01 -3.167014e+01
      vertex   -9.983619e+01 9.385186e+01 -3.157965e+01
    endloop
  endfacet
  facet normal 0.000000e+00 -1.000000e+00 0.000000e+00
    outer loop
      vertex   -9.983619e+01 9.385186e+01 -3.157965e+01
      vertex   -9.979096e+01 9.385186e+01 -3.167014e+01
      vertex   -9.983113e+01 9.385186e+01 -3.151518e+01
    endloop
  endfacet
  facet normal 0.000000e+00 -1.000000e+00 0.000000e+00
    outer loop
      vertex   -9.983619e+01 9.385186e+01 -3.157965e+01
      vertex   -9.983113e+01 9.385186e+01 -3.151518e+01
      vertex   -9.988983e+01 9.385186e+01 -3.146259e+01
    endloop
  endfacet
  facet normal 0.000000e+00 -1.000000e+00 0.000000e+00
    outer loop
      vertex   -9.988983e+01 9.385186e+01 -3.146259e+01
      vertex   -9.983113e+01 9.385186e+01 -3.151518e+01
      vertex   -9.989551e+01 9.385186e+01 -3.136863e+01
    endloop
  endfacet
  facet normal 0.000000e+00 -1.000000e+00 0.000000e+00
    outer loop
      vertex   -9.988983e+01 9.385186e+01 -3.146259e+01
      vertex   -9.989551e+01 9.385186e+01 -3.136863e+01
      vertex   -1.015256e+02 9.385186e+01 -2.842525e+01
    endloop
  endfacet
  facet normal 0.000000e+00 -1.000000e+00 0.000000e+00
    outer loop
      vertex   -1.015256e+02 9.385186e+01 -2.842525e+01
      vertex   -9.989551e+01 9.385186e+01 -3.136863e+01
      vertex   -1.014807e+02 9.385186e+01 -2.842525e+01
    endloop
  endfacet
  facet normal 8.804310e-01 -4.738873e-14 4.741742e-01
    outer loop
      vertex   -1.015256e+02 8.453186e+01 -2.842525e+01
      vertex   -9.988983e+01 8.453186e+01 -3.146259e+01
      vertex   -1.015256e+02 9.385186e+01 -2.842525e+01
    endloop
  endfacet
  facet normal 8.804310e-01 -7.019273e-14 4.741742e-01
    outer loop
      vertex   -1.015256e+02 9.385186e+01 -2.842525e+01
      vertex   -9.988983e+01 8.453186e+01 -3.146259e+01
      vertex   -9.988983e+01 9.385186e+01 -3.146259e+01
    endloop
  endfacet
  facet normal 9.842694e-01 -4.493205e-02 1.708651e-01
    outer loop
      vertex   -9.977603e+01 8.453186e+01 -3.182951e+01
      vertex   -9.979805e+01 8.453186e+01 -3.170264e+01
      vertex   -9.977929e+01 8.445967e+01 -3.182971e+01
    endloop
  endfacet
  facet normal 9.771756e-01 -8.708460e-02 1.937632e-01
    outer loop
      vertex   -9.977929e+01 8.445967e+01 -3.182971e+01
      vertex   -9.979805e+01 8.453186e+01 -3.170264e+01
      vertex   -9.980987e+01 8.439294e+01 -3.170549e+01
    endloop
  endfacet
  facet normal 9.765514e-01 -1.343552e-01 1.682145e-01
    outer loop
      vertex   -9.977929e+01 8.445967e+01 -3.182971e+01
      vertex   -9.980987e+01 8.439294e+01 -3.170549e+01
      vertex   -9.978901e+01 8.438825e+01 -3.183030e+01
    endloop
  endfacet
  facet normal 9.602066e-01 -2.225099e-01 1.687974e-01
    outer loop
      vertex   -9.978901e+01 8.438825e+01 -3.183030e+01
      vertex   -9.980987e+01 8.439294e+01 -3.170549e+01
      vertex   -9.980512e+01 8.431801e+01 -3.183127e+01
    endloop
  endfacet
  facet normal 9.471384e-01 -2.586400e-01 1.898266e-01
    outer loop
      vertex   -9.980512e+01 8.431801e+01 -3.183127e+01
      vertex   -9.980987e+01 8.439294e+01 -3.170549e+01
      vertex   -9.984495e+01 8.425824e+01 -3.171394e+01
    endloop
  endfacet
  facet normal 9.373238e-01 -3.091610e-01 1.607594e-01
    outer loop
      vertex   -9.980512e+01 8.431801e+01 -3.183127e+01
      vertex   -9.984495e+01 8.425824e+01 -3.171394e+01
      vertex   -9.982752e+01 8.424940e+01 -3.183262e+01
    endloop
  endfacet
  facet normal 9.050516e-01 -3.931269e-01 1.622743e-01
    outer loop
      vertex   -9.982752e+01 8.424940e+01 -3.183262e+01
      vertex   -9.984495e+01 8.425824e+01 -3.171394e+01
      vertex   -9.985606e+01 8.418298e+01 -3.183435e+01
    endloop
  endfacet
  facet normal 8.879076e-01 -4.224181e-01 1.821623e-01
    outer loop
      vertex   -9.985606e+01 8.418298e+01 -3.183435e+01
      vertex   -9.984495e+01 8.425824e+01 -3.171394e+01
      vertex   -9.990225e+01 8.413186e+01 -3.172773e+01
    endloop
  endfacet
  facet normal 8.676463e-01 -4.745178e-01 1.484008e-01
    outer loop
      vertex   -9.985606e+01 8.418298e+01 -3.183435e+01
      vertex   -9.990225e+01 8.413186e+01 -3.172773e+01
      vertex   -9.989038e+01 8.411958e+01 -3.183642e+01
    endloop
  endfacet
  facet normal 8.205131e-01 -5.510760e-01 1.518998e-01
    outer loop
      vertex   -9.989038e+01 8.411958e+01 -3.183642e+01
      vertex   -9.990225e+01 8.413186e+01 -3.172773e+01
      vertex   -9.993022e+01 8.405959e+01 -3.183883e+01
    endloop
  endfacet
  facet normal 8.011236e-01 -5.734501e-01 1.713356e-01
    outer loop
      vertex   -9.993022e+01 8.405959e+01 -3.183883e+01
      vertex   -9.990225e+01 8.413186e+01 -3.172773e+01
      vertex   -9.998001e+01 8.401763e+01 -3.174646e+01
    endloop
  endfacet
  facet normal 7.699222e-01 -6.244759e-01 1.313379e-01
    outer loop
      vertex   -9.993022e+01 8.405959e+01 -3.183883e+01
      vertex   -9.998001e+01 8.401763e+01 -3.174646e+01
      vertex   -9.997535e+01 8.400338e+01 -3.184156e+01
    endloop
  endfacet
  facet normal 7.091685e-01 -6.913267e-01 1.383744e-01
    outer loop
      vertex   -9.997535e+01 8.400338e+01 -3.184156e+01
      vertex   -9.998001e+01 8.401763e+01 -3.174646e+01
      vertex   -1.000255e+02 8.395135e+01 -3.184459e+01
    endloop
  endfacet
  facet normal 6.891850e-01 -7.070870e-01 1.582783e-01
    outer loop
      vertex   -1.000255e+02 8.395135e+01 -3.184459e+01
      vertex   -9.998001e+01 8.401763e+01 -3.174646e+01
      vertex   -1.000759e+02 8.391902e+01 -3.176955e+01
    endloop
  endfacet
  facet normal 6.468650e-01 -7.547259e-01 1.093367e-01
    outer loop
      vertex   -1.000255e+02 8.395135e+01 -3.184459e+01
      vertex   -1.000759e+02 8.391902e+01 -3.176955e+01
      vertex   -1.000800e+02 8.390415e+01 -3.184789e+01
    endloop
  endfacet
  facet normal 5.743983e-01 -8.092097e-01 1.234755e-01
    outer loop
      vertex   -1.000800e+02 8.390415e+01 -3.184789e+01
      vertex   -1.000759e+02 8.391902e+01 -3.176955e+01
      vertex   -1.001384e+02 8.386214e+01 -3.185142e+01
    endloop
  endfacet
  facet normal 5.549734e-01 -8.191005e-01 1.451861e-01
    outer loop
      vertex   -1.001384e+02 8.386214e+01 -3.185142e+01
      vertex   -1.000759e+02 8.391902e+01 -3.176955e+01
      vertex   -1.001869e+02 8.383904e+01 -3.179629e+01
    endloop
  endfacet
  facet normal 5.029282e-01 -8.604230e-01 8.206956e-02
    outer loop
      vertex   -1.001384e+02 8.386214e+01 -3.185142e+01
      vertex   -1.001869e+02 8.383904e+01 -3.179629e+01
      vertex   -1.002004e+02 8.382554e+01 -3.185517e+01
    endloop
  endfacet
  facet normal 4.205703e-01 -9.005502e-01 1.101356e-01
    outer loop
      vertex   -1.002004e+02 8.382554e+01 -3.185517e+01
      vertex   -1.001869e+02 8.383904e+01 -3.179629e+01
      vertex   -1.002657e+02 8.379458e+01 -3.185911e+01
    endloop
  endfacet
  facet normal 4.010878e-01 -9.055691e-01 1.381055e-01
    outer loop
      vertex   -1.002657e+02 8.379458e+01 -3.185911e+01
      vertex   -1.001869e+02 8.383904e+01 -3.179629e+01
      vertex   -1.003098e+02 8.378010e+01 -3.182588e+01
    endloop
  endfacet
  facet normal 3.368193e-01 -9.408269e-01 3.738316e-02
    outer loop
      vertex   -1.002657e+02 8.379458e+01 -3.185911e+01
      vertex   -1.003098e+02 8.378010e+01 -3.182588e+01
      vertex   -1.003450e+02 8.376599e+01 -3.186390e+01
    endloop
  endfacet
  facet normal 2.306397e-01 -9.623733e-01 1.436766e-01
    outer loop
      vertex   -1.003450e+02 8.376599e+01 -3.186390e+01
      vertex   -1.003098e+02 8.378010e+01 -3.182588e+01
      vertex   -1.004408e+02 8.374401e+01 -3.185741e+01
    endloop
  endfacet
  facet normal 2.245886e-01 -9.743551e-01 1.386085e-02
    outer loop
      vertex   -1.003450e+02 8.376599e+01 -3.186390e+01
      vertex   -1.004408e+02 8.374401e+01 -3.185741e+01
      vertex   -1.004465e+02 8.374252e+01 -3.187004e+01
    endloop
  endfacet
  facet normal 8.103932e-02 -9.934263e-01 8.085107e-02
    outer loop
      vertex   -1.004465e+02 8.374252e+01 -3.187004e+01
      vertex   -1.004408e+02 8.374401e+01 -3.185741e+01
      vertex   -1.005690e+02 8.373192e+01 -3.187745e+01
    endloop
  endfacet
  facet normal 8.953428e-02 -9.955966e-01 2.776882e-02
    outer loop
      vertex   -1.005690e+02 8.373192e+01 -3.187745e+01
      vertex   -1.004408e+02 8.374401e+01 -3.185741e+01
      vertex   -1.004537e+02 8.374401e+01 -3.181573e+01
    endloop
  endfacet
  facet normal 6.487810e-02 -9.951632e-01 7.376339e-02
    outer loop
      vertex   -1.005690e+02 8.373192e+01 -3.187745e+01
      vertex   -1.004537e+02 8.374401e+01 -3.181573e+01
      vertex   -1.005833e+02 8.373186e+01 -3.186569e+01
    endloop
  endfacet
  facet normal 8.044274e-02 -9.961918e-01 3.362964e-02
    outer loop
      vertex   -1.005833e+02 8.373186e+01 -3.186569e+01
      vertex   -1.004537e+02 8.374401e+01 -3.181573e+01
      vertex   -1.005884e+02 8.373186e+01 -3.185363e+01
    endloop
  endfacet
  facet normal 7.963620e-02 -9.961561e-01 3.648403e-02
    outer loop
      vertex   -1.005884e+02 8.373186e+01 -3.185363e+01
      vertex   -1.004537e+02 8.374401e+01 -3.181573e+01
      vertex   -1.004719e+02 8.374401e+01 -3.177605e+01
    endloop
  endfacet
  facet normal 7.808550e-02 -9.961907e-01 3.881799e-02
    outer loop
      vertex   -1.005884e+02 8.373186e+01 -3.185363e+01
      vertex   -1.004719e+02 8.374401e+01 -3.177605e+01
      vertex   -1.005942e+02 8.373186e+01 -3.184193e+01
    endloop
  endfacet
  facet normal 9.514980e-01 -8.697628e-02 2.951046e-01
    outer loop
      vertex   -9.980987e+01 8.439294e+01 -3.170549e+01
      vertex   -9.979805e+01 8.453186e+01 -3.170264e+01
      vertex   -9.984755e+01 8.439294e+01 -3.158399e+01
    endloop
  endfacet
  facet normal 9.514980e-01 -8.697628e-02 2.951046e-01
    outer loop
      vertex   -9.984755e+01 8.439294e+01 -3.158399e+01
      vertex   -9.979805e+01 8.453186e+01 -3.170264e+01
      vertex   -9.983619e+01 8.453186e+01 -3.157965e+01
    endloop
  endfacet
  facet normal 9.056883e-01 -8.697628e-02 4.149263e-01
    outer loop
      vertex   -9.984755e+01 8.439294e+01 -3.158399e+01
      vertex   -9.983619e+01 8.453186e+01 -3.157965e+01
      vertex   -9.990053e+01 8.439294e+01 -3.146835e+01
    endloop
  endfacet
  facet normal 9.056883e-01 -8.697628e-02 4.149263e-01
    outer loop
      vertex   -9.990053e+01 8.439294e+01 -3.146835e+01
      vertex   -9.983619e+01 8.453186e+01 -3.157965e+01
      vertex   -9.988983e+01 8.453186e+01 -3.146259e+01
    endloop
  endfacet
  facet normal 8.782775e-01 -2.583179e-01 4.023685e-01
    outer loop
      vertex   -9.990053e+01 8.439294e+01 -3.146835e+01
      vertex   -9.993230e+01 8.425824e+01 -3.148546e+01
      vertex   -9.984755e+01 8.439294e+01 -3.158399e+01
    endloop
  endfacet
  facet normal 8.782775e-01 -2.583179e-01 4.023685e-01
    outer loop
      vertex   -9.984755e+01 8.439294e+01 -3.158399e+01
      vertex   -9.993230e+01 8.425824e+01 -3.148546e+01
      vertex   -9.988126e+01 8.425824e+01 -3.159688e+01
    endloop
  endfacet
  facet normal 9.227008e-01 -2.583179e-01 2.861732e-01
    outer loop
      vertex   -9.984755e+01 8.439294e+01 -3.158399e+01
      vertex   -9.988126e+01 8.425824e+01 -3.159688e+01
      vertex   -9.980987e+01 8.439294e+01 -3.170549e+01
    endloop
  endfacet
  facet normal 9.227008e-01 -2.583179e-01 2.861732e-01
    outer loop
      vertex   -9.980987e+01 8.439294e+01 -3.170549e+01
      vertex   -9.988126e+01 8.425824e+01 -3.159688e+01
      vertex   -9.984495e+01 8.425824e+01 -3.171394e+01
    endloop
  endfacet
  facet normal 8.242600e-01 -4.218976e-01 3.776213e-01
    outer loop
      vertex   -9.993230e+01 8.425824e+01 -3.148546e+01
      vertex   -9.998419e+01 8.413186e+01 -3.151341e+01
      vertex   -9.988126e+01 8.425824e+01 -3.159688e+01
    endloop
  endfacet
  facet normal 8.242600e-01 -4.218976e-01 3.776213e-01
    outer loop
      vertex   -9.988126e+01 8.425824e+01 -3.159688e+01
      vertex   -9.998419e+01 8.413186e+01 -3.151341e+01
      vertex   -9.993631e+01 8.413186e+01 -3.161793e+01
    endloop
  endfacet
  facet normal 8.659511e-01 -4.218976e-01 2.685725e-01
    outer loop
      vertex   -9.988126e+01 8.425824e+01 -3.159688e+01
      vertex   -9.993631e+01 8.413186e+01 -3.161793e+01
      vertex   -9.984495e+01 8.425824e+01 -3.171394e+01
    endloop
  endfacet
  facet normal 8.659511e-01 -4.218976e-01 2.685725e-01
    outer loop
      vertex   -9.984495e+01 8.425824e+01 -3.171394e+01
      vertex   -9.993631e+01 8.413186e+01 -3.161793e+01
      vertex   -9.990225e+01 8.413186e+01 -3.172773e+01
    endloop
  endfacet
  facet normal 7.452269e-01 -5.727771e-01 3.414136e-01
    outer loop
      vertex   -9.998419e+01 8.413186e+01 -3.151341e+01
      vertex   -1.000546e+02 8.401763e+01 -3.155133e+01
      vertex   -9.993631e+01 8.413186e+01 -3.161793e+01
    endloop
  endfacet
  facet normal 7.452269e-01 -5.727771e-01 3.414136e-01
    outer loop
      vertex   -9.993631e+01 8.413186e+01 -3.161793e+01
      vertex   -1.000546e+02 8.401763e+01 -3.155133e+01
      vertex   -1.000110e+02 8.401763e+01 -3.164649e+01
    endloop
  endfacet
  facet normal 7.829205e-01 -5.727771e-01 2.428208e-01
    outer loop
      vertex   -9.993631e+01 8.413186e+01 -3.161793e+01
      vertex   -1.000110e+02 8.401763e+01 -3.164649e+01
      vertex   -9.990225e+01 8.413186e+01 -3.172773e+01
    endloop
  endfacet
  facet normal 7.829205e-01 -5.727771e-01 2.428208e-01
    outer loop
      vertex   -9.990225e+01 8.413186e+01 -3.172773e+01
      vertex   -1.000110e+02 8.401763e+01 -3.164649e+01
      vertex   -9.998001e+01 8.401763e+01 -3.174646e+01
    endloop
  endfacet
  facet normal 6.435217e-01 -7.063721e-01 2.948190e-01
    outer loop
      vertex   -1.000546e+02 8.401763e+01 -3.155133e+01
      vertex   -1.001414e+02 8.391902e+01 -3.159809e+01
      vertex   -1.000110e+02 8.401763e+01 -3.164649e+01
    endloop
  endfacet
  facet normal 6.435217e-01 -7.063721e-01 2.948190e-01
    outer loop
      vertex   -1.000110e+02 8.401763e+01 -3.164649e+01
      vertex   -1.001414e+02 8.391902e+01 -3.159809e+01
      vertex   -1.001031e+02 8.391902e+01 -3.168170e+01
    endloop
  endfacet
  facet normal 6.760711e-01 -7.063721e-01 2.096817e-01
    outer loop
      vertex   -1.000110e+02 8.401763e+01 -3.164649e+01
      vertex   -1.001031e+02 8.391902e+01 -3.168170e+01
      vertex   -9.998001e+01 8.401763e+01 -3.174646e+01
    endloop
  endfacet
  facet normal 6.760711e-01 -7.063721e-01 2.096817e-01
    outer loop
      vertex   -9.998001e+01 8.401763e+01 -3.174646e+01
      vertex   -1.001031e+02 8.391902e+01 -3.168170e+01
      vertex   -1.000759e+02 8.391902e+01 -3.176955e+01
    endloop
  endfacet
  facet normal 5.221843e-01 -8.185917e-01 2.392302e-01
    outer loop
      vertex   -1.001414e+02 8.391902e+01 -3.159809e+01
      vertex   -1.002420e+02 8.383904e+01 -3.165226e+01
      vertex   -1.001031e+02 8.391902e+01 -3.168170e+01
    endloop
  endfacet
  facet normal 5.221843e-01 -8.185917e-01 2.392302e-01
    outer loop
      vertex   -1.001031e+02 8.391902e+01 -3.168170e+01
      vertex   -1.002420e+02 8.383904e+01 -3.165226e+01
      vertex   -1.002098e+02 8.383904e+01 -3.172250e+01
    endloop
  endfacet
  facet normal 5.485964e-01 -8.185917e-01 1.701457e-01
    outer loop
      vertex   -1.001031e+02 8.391902e+01 -3.168170e+01
      vertex   -1.002098e+02 8.383904e+01 -3.172250e+01
      vertex   -1.000759e+02 8.391902e+01 -3.176955e+01
    endloop
  endfacet
  facet normal 5.485964e-01 -8.185917e-01 1.701457e-01
    outer loop
      vertex   -1.000759e+02 8.391902e+01 -3.176955e+01
      vertex   -1.002098e+02 8.383904e+01 -3.172250e+01
      vertex   -1.001869e+02 8.383904e+01 -3.179629e+01
    endloop
  endfacet
  facet normal 3.848722e-01 -9.059711e-01 1.763229e-01
    outer loop
      vertex   -1.002420e+02 8.383904e+01 -3.165226e+01
      vertex   -1.003533e+02 8.378010e+01 -3.171218e+01
      vertex   -1.002098e+02 8.383904e+01 -3.172250e+01
    endloop
  endfacet
  facet normal 3.848722e-01 -9.059711e-01 1.763229e-01
    outer loop
      vertex   -1.002098e+02 8.383904e+01 -3.172250e+01
      vertex   -1.003533e+02 8.378010e+01 -3.171218e+01
      vertex   -1.003279e+02 8.378010e+01 -3.176763e+01
    endloop
  endfacet
  facet normal 4.043391e-01 -9.059711e-01 1.254047e-01
    outer loop
      vertex   -1.002098e+02 8.383904e+01 -3.172250e+01
      vertex   -1.003279e+02 8.378010e+01 -3.176763e+01
      vertex   -1.001869e+02 8.383904e+01 -3.179629e+01
    endloop
  endfacet
  facet normal 4.043391e-01 -9.059711e-01 1.254047e-01
    outer loop
      vertex   -1.001869e+02 8.383904e+01 -3.179629e+01
      vertex   -1.003279e+02 8.378010e+01 -3.176763e+01
      vertex   -1.003098e+02 8.378010e+01 -3.182588e+01
    endloop
  endfacet
  facet normal 2.357574e-01 -9.657912e-01 1.080084e-01
    outer loop
      vertex   -1.003533e+02 8.378010e+01 -3.171218e+01
      vertex   -1.004719e+02 8.374401e+01 -3.177605e+01
      vertex   -1.003279e+02 8.378010e+01 -3.176763e+01
    endloop
  endfacet
  facet normal 2.357574e-01 -9.657912e-01 1.080084e-01
    outer loop
      vertex   -1.003279e+02 8.378010e+01 -3.176763e+01
      vertex   -1.004719e+02 8.374401e+01 -3.177605e+01
      vertex   -1.004537e+02 8.374401e+01 -3.181573e+01
    endloop
  endfacet
  facet normal 2.476820e-01 -9.657912e-01 7.681794e-02
    outer loop
      vertex   -1.003279e+02 8.378010e+01 -3.176763e+01
      vertex   -1.004537e+02 8.374401e+01 -3.181573e+01
      vertex   -1.003098e+02 8.378010e+01 -3.182588e+01
    endloop
  endfacet
  facet normal 2.476820e-01 -9.657912e-01 7.681794e-02
    outer loop
      vertex   -1.003098e+02 8.378010e+01 -3.182588e+01
      vertex   -1.004537e+02 8.374401e+01 -3.181573e+01
      vertex   -1.004408e+02 8.374401e+01 -3.185741e+01
    endloop
  endfacet
  facet normal 5.845651e-03 -9.999809e-01 2.006252e-03
    outer loop
      vertex   -1.005833e+02 8.373186e+01 -3.186569e+01
      vertex   -1.005791e+02 8.373186e+01 -3.187805e+01
      vertex   -1.005690e+02 8.373192e+01 -3.187745e+01
    endloop
  endfacet
  facet normal 6.054442e-03 -9.999806e-01 -1.447972e-03
    outer loop
      vertex   -1.005791e+02 8.373186e+01 -3.187805e+01
      vertex   -1.005844e+02 8.373186e+01 -3.190044e+01
      vertex   -1.005690e+02 8.373192e+01 -3.187745e+01
    endloop
  endfacet
  facet normal 8.534532e-02 -9.948566e-01 -5.455789e-02
    outer loop
      vertex   -1.005690e+02 8.373192e+01 -3.187745e+01
      vertex   -1.005844e+02 8.373186e+01 -3.190044e+01
      vertex   -1.004417e+02 8.374401e+01 -3.189875e+01
    endloop
  endfacet
  facet normal 8.833401e-02 -9.954034e-01 -3.700164e-02
    outer loop
      vertex   -1.005690e+02 8.373192e+01 -3.187745e+01
      vertex   -1.004417e+02 8.374401e+01 -3.189875e+01
      vertex   -1.004465e+02 8.374252e+01 -3.187004e+01
    endloop
  endfacet
  facet normal 2.261289e-01 -9.740115e-01 -1.293689e-02
    outer loop
      vertex   -1.004465e+02 8.374252e+01 -3.187004e+01
      vertex   -1.004417e+02 8.374401e+01 -3.189875e+01
      vertex   -1.003450e+02 8.376599e+01 -3.186390e+01
    endloop
  endfacet
  facet normal 2.486681e-01 -9.651941e-01 -8.102241e-02
    outer loop
      vertex   -1.003450e+02 8.376599e+01 -3.186390e+01
      vertex   -1.004417e+02 8.374401e+01 -3.189875e+01
      vertex   -1.003088e+02 8.378010e+01 -3.192096e+01
    endloop
  endfacet
  facet normal 3.399161e-01 -9.403026e-01 -1.697561e-02
    outer loop
      vertex   -1.003450e+02 8.376599e+01 -3.186390e+01
      vertex   -1.003088e+02 8.378010e+01 -3.192096e+01
      vertex   -1.002657e+02 8.379458e+01 -3.185911e+01
    endloop
  endfacet
  facet normal 4.154871e-01 -9.062776e-01 -7.766195e-02
    outer loop
      vertex   -1.002657e+02 8.379458e+01 -3.185911e+01
      vertex   -1.003088e+02 8.378010e+01 -3.192096e+01
      vertex   -1.001842e+02 8.383904e+01 -3.194177e+01
    endloop
  endfacet
  facet normal 4.307929e-01 -9.004900e-01 -5.945751e-02
    outer loop
      vertex   -1.002657e+02 8.379458e+01 -3.185911e+01
      vertex   -1.001842e+02 8.383904e+01 -3.194177e+01
      vertex   -1.002004e+02 8.382554e+01 -3.185517e+01
    endloop
  endfacet
  facet normal 5.096685e-01 -8.595197e-01 -3.826095e-02
    outer loop
      vertex   -1.002004e+02 8.382554e+01 -3.185517e+01
      vertex   -1.001842e+02 8.383904e+01 -3.194177e+01
      vertex   -1.001384e+02 8.386214e+01 -3.185142e+01
    endloop
  endfacet
  facet normal 5.683609e-01 -8.190434e-01 -7.831844e-02
    outer loop
      vertex   -1.001384e+02 8.386214e+01 -3.185142e+01
      vertex   -1.001842e+02 8.383904e+01 -3.194177e+01
      vertex   -1.000715e+02 8.391902e+01 -3.196057e+01
    endloop
  endfacet
  facet normal 5.851427e-01 -8.085151e-01 -6.254122e-02
    outer loop
      vertex   -1.001384e+02 8.386214e+01 -3.185142e+01
      vertex   -1.000715e+02 8.391902e+01 -3.196057e+01
      vertex   -1.000800e+02 8.390415e+01 -3.184789e+01
    endloop
  endfacet
  facet normal 6.554816e-01 -7.535552e-01 -4.998437e-02
    outer loop
      vertex   -1.000800e+02 8.390415e+01 -3.184789e+01
      vertex   -1.000715e+02 8.391902e+01 -3.196057e+01
      vertex   -1.000255e+02 8.395135e+01 -3.184459e+01
    endloop
  endfacet
  facet normal 7.027893e-01 -7.066778e-01 -8.181429e-02
    outer loop
      vertex   -1.000255e+02 8.395135e+01 -3.184459e+01
      vertex   -1.000715e+02 8.391902e+01 -3.196057e+01
      vertex   -9.997422e+01 8.401763e+01 -3.197678e+01
    endloop
  endfacet
  facet normal 7.204687e-01 -6.902693e-01 -6.673184e-02
    outer loop
      vertex   -1.000255e+02 8.395135e+01 -3.184459e+01
      vertex   -9.997422e+01 8.401763e+01 -3.197678e+01
      vertex   -9.997535e+01 8.400338e+01 -3.184156e+01
    endloop
  endfacet
  facet normal 7.798316e-01 -6.231868e-01 -5.916782e-02
    outer loop
      vertex   -9.997535e+01 8.400338e+01 -3.184156e+01
      vertex   -9.997422e+01 8.401763e+01 -3.197678e+01
      vertex   -9.993022e+01 8.405959e+01 -3.183883e+01
    endloop
  endfacet
  facet normal 8.151426e-01 -5.728809e-01 -8.573206e-02
    outer loop
      vertex   -9.993022e+01 8.405959e+01 -3.183883e+01
      vertex   -9.997422e+01 8.401763e+01 -3.197678e+01
      vertex   -9.989532e+01 8.413186e+01 -3.198991e+01
    endloop
  endfacet
  facet normal 8.322181e-01 -5.499096e-01 -7.079912e-02
    outer loop
      vertex   -9.993022e+01 8.405959e+01 -3.183883e+01
      vertex   -9.989532e+01 8.413186e+01 -3.198991e+01
      vertex   -9.989038e+01 8.411958e+01 -3.183642e+01
    endloop
  endfacet
  facet normal 8.784026e-01 -4.733199e-01 -6.616003e-02
    outer loop
      vertex   -9.989038e+01 8.411958e+01 -3.183642e+01
      vertex   -9.989532e+01 8.413186e+01 -3.198991e+01
      vertex   -9.985606e+01 8.418298e+01 -3.183435e+01
    endloop
  endfacet
  facet normal 9.022726e-01 -4.218601e-01 -8.909646e-02
    outer loop
      vertex   -9.985606e+01 8.418298e+01 -3.183435e+01
      vertex   -9.989532e+01 8.413186e+01 -3.198991e+01
      vertex   -9.983718e+01 8.425824e+01 -3.199956e+01
    endloop
  endfacet
  facet normal 9.169496e-01 -3.921061e-01 -7.386593e-02
    outer loop
      vertex   -9.985606e+01 8.418298e+01 -3.183435e+01
      vertex   -9.983718e+01 8.425824e+01 -3.199956e+01
      vertex   -9.982752e+01 8.424940e+01 -3.183262e+01
    endloop
  endfacet
  facet normal 9.486256e-01 -3.082721e-01 -7.125876e-02
    outer loop
      vertex   -9.982752e+01 8.424940e+01 -3.183262e+01
      vertex   -9.983718e+01 8.425824e+01 -3.199956e+01
      vertex   -9.980512e+01 8.431801e+01 -3.183127e+01
    endloop
  endfacet
  facet normal 9.617340e-01 -2.582466e-01 -9.152264e-02
    outer loop
      vertex   -9.980512e+01 8.431801e+01 -3.183127e+01
      vertex   -9.983718e+01 8.425824e+01 -3.199956e+01
      vertex   -9.980157e+01 8.439294e+01 -3.200545e+01
    endloop
  endfacet
  facet normal 9.721394e-01 -2.218580e-01 -7.565699e-02
    outer loop
      vertex   -9.980512e+01 8.431801e+01 -3.183127e+01
      vertex   -9.980157e+01 8.439294e+01 -3.200545e+01
      vertex   -9.978901e+01 8.438825e+01 -3.183030e+01
    endloop
  endfacet
  facet normal 9.881883e-01 -1.339425e-01 -7.445290e-02
    outer loop
      vertex   -9.978901e+01 8.438825e+01 -3.183030e+01
      vertex   -9.980157e+01 8.439294e+01 -3.200545e+01
      vertex   -9.977929e+01 8.445967e+01 -3.182971e+01
    endloop
  endfacet
  facet normal 9.907772e-01 -1.048533e-01 -8.582757e-02
    outer loop
      vertex   -9.977929e+01 8.445967e+01 -3.182971e+01
      vertex   -9.980157e+01 8.439294e+01 -3.200545e+01
      vertex   -9.978321e+01 8.453186e+01 -3.196319e+01
    endloop
  endfacet
  facet normal 9.975508e-01 -4.491906e-02 -5.361579e-02
    outer loop
      vertex   -9.977929e+01 8.445967e+01 -3.182971e+01
      vertex   -9.978321e+01 8.453186e+01 -3.196319e+01
      vertex   -9.977603e+01 8.453186e+01 -3.182951e+01
    endloop
  endfacet
  facet normal 8.507087e-02 -9.961283e-01 -2.216692e-02
    outer loop
      vertex   -1.004417e+02 8.374401e+01 -3.189875e+01
      vertex   -1.005844e+02 8.373186e+01 -3.190044e+01
      vertex   -1.004569e+02 8.374401e+01 -3.195709e+01
    endloop
  endfacet
  facet normal 8.168520e-02 -9.962124e-01 -2.980703e-02
    outer loop
      vertex   -1.004569e+02 8.374401e+01 -3.195709e+01
      vertex   -1.005844e+02 8.373186e+01 -3.190044e+01
      vertex   -1.005923e+02 8.373186e+01 -3.192206e+01
    endloop
  endfacet
  facet normal 7.983432e-02 -9.961238e-01 -3.693122e-02
    outer loop
      vertex   -1.004569e+02 8.374401e+01 -3.195709e+01
      vertex   -1.005923e+02 8.373186e+01 -3.192206e+01
      vertex   -1.004823e+02 8.374401e+01 -3.201197e+01
    endloop
  endfacet
  facet normal 7.802894e-02 -9.961821e-01 -3.914902e-02
    outer loop
      vertex   -1.004823e+02 8.374401e+01 -3.201197e+01
      vertex   -1.005923e+02 8.373186e+01 -3.192206e+01
      vertex   -1.006026e+02 8.373186e+01 -3.194263e+01
    endloop
  endfacet
  facet normal 2.357791e-01 -9.656665e-01 -1.090710e-01
    outer loop
      vertex   -1.004823e+02 8.374401e+01 -3.201197e+01
      vertex   -1.003655e+02 8.378010e+01 -3.207920e+01
      vertex   -1.004569e+02 8.374401e+01 -3.195709e+01
    endloop
  endfacet
  facet normal 2.357791e-01 -9.656665e-01 -1.090710e-01
    outer loop
      vertex   -1.004569e+02 8.374401e+01 -3.195709e+01
      vertex   -1.003655e+02 8.378010e+01 -3.207920e+01
      vertex   -1.003301e+02 8.378010e+01 -3.200252e+01
    endloop
  endfacet
  facet normal 2.513856e-01 -9.656679e-01 -6.550355e-02
    outer loop
      vertex   -1.004569e+02 8.374401e+01 -3.195709e+01
      vertex   -1.003301e+02 8.378010e+01 -3.200252e+01
      vertex   -1.004417e+02 8.374401e+01 -3.189875e+01
    endloop
  endfacet
  facet normal 2.513916e-01 -9.656668e-01 -6.549675e-02
    outer loop
      vertex   -1.004417e+02 8.374401e+01 -3.189875e+01
      vertex   -1.003301e+02 8.378010e+01 -3.200252e+01
      vertex   -1.003088e+02 8.378010e+01 -3.192096e+01
    endloop
  endfacet
  facet normal 3.848248e-01 -9.056594e-01 -1.780193e-01
    outer loop
      vertex   -1.003655e+02 8.378010e+01 -3.207920e+01
      vertex   -1.002560e+02 8.383904e+01 -3.214228e+01
      vertex   -1.003301e+02 8.378010e+01 -3.200252e+01
    endloop
  endfacet
  facet normal 3.848248e-01 -9.056594e-01 -1.780193e-01
    outer loop
      vertex   -1.003301e+02 8.378010e+01 -3.200252e+01
      vertex   -1.002560e+02 8.383904e+01 -3.214228e+01
      vertex   -1.002111e+02 8.383904e+01 -3.204514e+01
    endloop
  endfacet
  facet normal 4.103022e-01 -9.056626e-01 -1.068988e-01
    outer loop
      vertex   -1.003301e+02 8.378010e+01 -3.200252e+01
      vertex   -1.002111e+02 8.383904e+01 -3.204514e+01
      vertex   -1.003088e+02 8.378010e+01 -3.192096e+01
    endloop
  endfacet
  facet normal 4.103135e-01 -9.056587e-01 -1.068881e-01
    outer loop
      vertex   -1.003088e+02 8.378010e+01 -3.192096e+01
      vertex   -1.002111e+02 8.383904e+01 -3.204514e+01
      vertex   -1.001842e+02 8.383904e+01 -3.194177e+01
    endloop
  endfacet
  facet normal 5.219691e-01 -8.180736e-01 -2.414620e-01
    outer loop
      vertex   -1.002560e+02 8.383904e+01 -3.214228e+01
      vertex   -1.001570e+02 8.391902e+01 -3.219930e+01
      vertex   -1.002111e+02 8.383904e+01 -3.204514e+01
    endloop
  endfacet
  facet normal 5.219691e-01 -8.180736e-01 -2.414620e-01
    outer loop
      vertex   -1.002111e+02 8.383904e+01 -3.204514e+01
      vertex   -1.001570e+02 8.391902e+01 -3.219930e+01
      vertex   -1.001035e+02 8.391902e+01 -3.208366e+01
    endloop
  endfacet
  facet normal 5.565334e-01 -8.180781e-01 -1.449789e-01
    outer loop
      vertex   -1.002111e+02 8.383904e+01 -3.204514e+01
      vertex   -1.001035e+02 8.391902e+01 -3.208366e+01
      vertex   -1.001842e+02 8.383904e+01 -3.194177e+01
    endloop
  endfacet
  facet normal 5.565498e-01 -8.180694e-01 -1.449646e-01
    outer loop
      vertex   -1.001842e+02 8.383904e+01 -3.194177e+01
      vertex   -1.001035e+02 8.391902e+01 -3.208366e+01
      vertex   -1.000715e+02 8.391902e+01 -3.196057e+01
    endloop
  endfacet
  facet normal 6.430455e-01 -7.056933e-01 -2.974717e-01
    outer loop
      vertex   -1.001570e+02 8.391902e+01 -3.219930e+01
      vertex   -1.000716e+02 8.401763e+01 -3.224851e+01
      vertex   -1.001035e+02 8.391902e+01 -3.208366e+01
    endloop
  endfacet
  facet normal 6.430455e-01 -7.056933e-01 -2.974717e-01
    outer loop
      vertex   -1.001035e+02 8.391902e+01 -3.208366e+01
      vertex   -1.000716e+02 8.401763e+01 -3.224851e+01
      vertex   -1.000107e+02 8.401763e+01 -3.211691e+01
    endloop
  endfacet
  facet normal 6.856357e-01 -7.056983e-01 -1.785877e-01
    outer loop
      vertex   -1.001035e+02 8.391902e+01 -3.208366e+01
      vertex   -1.000107e+02 8.401763e+01 -3.211691e+01
      vertex   -1.000715e+02 8.391902e+01 -3.196057e+01
    endloop
  endfacet
  facet normal 6.856560e-01 -7.056830e-01 -1.785702e-01
    outer loop
      vertex   -1.000715e+02 8.391902e+01 -3.196057e+01
      vertex   -1.000107e+02 8.401763e+01 -3.211691e+01
      vertex   -9.997422e+01 8.401763e+01 -3.197678e+01
    endloop
  endfacet
  facet normal 7.444316e-01 -5.720394e-01 -3.443728e-01
    outer loop
      vertex   -1.000716e+02 8.401763e+01 -3.224851e+01
      vertex   -1.000023e+02 8.413186e+01 -3.228844e+01
      vertex   -1.000107e+02 8.401763e+01 -3.211691e+01
    endloop
  endfacet
  facet normal 7.444316e-01 -5.720394e-01 -3.443728e-01
    outer loop
      vertex   -1.000107e+02 8.401763e+01 -3.211691e+01
      vertex   -1.000023e+02 8.413186e+01 -3.228844e+01
      vertex   -9.993541e+01 8.413186e+01 -3.214388e+01
    endloop
  endfacet
  facet normal 7.937459e-01 -5.720436e-01 -2.067208e-01
    outer loop
      vertex   -1.000107e+02 8.401763e+01 -3.211691e+01
      vertex   -9.993541e+01 8.413186e+01 -3.214388e+01
      vertex   -9.997422e+01 8.401763e+01 -3.197678e+01
    endloop
  endfacet
  facet normal 7.937678e-01 -5.720208e-01 -2.067001e-01
    outer loop
      vertex   -9.997422e+01 8.401763e+01 -3.197678e+01
      vertex   -9.993541e+01 8.413186e+01 -3.214388e+01
      vertex   -9.989532e+01 8.413186e+01 -3.198991e+01
    endloop
  endfacet
  facet normal 8.231437e-01 -4.212331e-01 -3.807849e-01
    outer loop
      vertex   -1.000023e+02 8.413186e+01 -3.228844e+01
      vertex   -9.995122e+01 8.425824e+01 -3.231785e+01
      vertex   -9.993541e+01 8.413186e+01 -3.214388e+01
    endloop
  endfacet
  facet normal 8.231437e-01 -4.212331e-01 -3.807849e-01
    outer loop
      vertex   -9.993541e+01 8.413186e+01 -3.214388e+01
      vertex   -9.995122e+01 8.425824e+01 -3.231785e+01
      vertex   -9.987993e+01 8.425824e+01 -3.216376e+01
    endloop
  endfacet
  facet normal 8.776813e-01 -4.212360e-01 -2.285515e-01
    outer loop
      vertex   -9.993541e+01 8.413186e+01 -3.214388e+01
      vertex   -9.987993e+01 8.425824e+01 -3.216376e+01
      vertex   -9.989532e+01 8.413186e+01 -3.198991e+01
    endloop
  endfacet
  facet normal 8.777020e-01 -4.212058e-01 -2.285277e-01
    outer loop
      vertex   -9.989532e+01 8.413186e+01 -3.198991e+01
      vertex   -9.987993e+01 8.425824e+01 -3.216376e+01
      vertex   -9.983718e+01 8.425824e+01 -3.199956e+01
    endloop
  endfacet
  facet normal 8.769013e-01 -2.578561e-01 -4.056530e-01
    outer loop
      vertex   -9.995122e+01 8.425824e+01 -3.231785e+01
      vertex   -9.991994e+01 8.439294e+01 -3.233587e+01
      vertex   -9.987993e+01 8.425824e+01 -3.216376e+01
    endloop
  endfacet
  facet normal 8.769013e-01 -2.578561e-01 -4.056530e-01
    outer loop
      vertex   -9.987993e+01 8.425824e+01 -3.216376e+01
      vertex   -9.991994e+01 8.439294e+01 -3.233587e+01
      vertex   -9.984595e+01 8.439294e+01 -3.217593e+01
    endloop
  endfacet
  facet normal 9.350092e-01 -2.578575e-01 -2.434488e-01
    outer loop
      vertex   -9.987993e+01 8.425824e+01 -3.216376e+01
      vertex   -9.984595e+01 8.439294e+01 -3.217593e+01
      vertex   -9.983718e+01 8.425824e+01 -3.199956e+01
    endloop
  endfacet
  facet normal 9.350261e-01 -2.578214e-01 -2.434221e-01
    outer loop
      vertex   -9.983718e+01 8.425824e+01 -3.199956e+01
      vertex   -9.984595e+01 8.439294e+01 -3.217593e+01
      vertex   -9.980157e+01 8.439294e+01 -3.200545e+01
    endloop
  endfacet
  facet normal 8.945910e-01 -8.696176e-02 -4.383430e-01
    outer loop
      vertex   -9.990941e+01 8.453186e+01 -3.234193e+01
      vertex   -9.985051e+01 8.453186e+01 -3.222172e+01
      vertex   -9.991994e+01 8.439294e+01 -3.233587e+01
    endloop
  endfacet
  facet normal 9.022825e-01 -1.080197e-01 -4.173944e-01
    outer loop
      vertex   -9.991994e+01 8.439294e+01 -3.233587e+01
      vertex   -9.985051e+01 8.453186e+01 -3.222172e+01
      vertex   -9.984595e+01 8.439294e+01 -3.217593e+01
    endloop
  endfacet
  facet normal 9.461929e-01 -7.292257e-02 -3.152797e-01
    outer loop
      vertex   -9.985051e+01 8.453186e+01 -3.222172e+01
      vertex   -9.980819e+01 8.453186e+01 -3.209471e+01
      vertex   -9.984595e+01 8.439294e+01 -3.217593e+01
    endloop
  endfacet
  facet normal 9.613176e-01 -1.150433e-01 -2.502667e-01
    outer loop
      vertex   -9.984595e+01 8.439294e+01 -3.217593e+01
      vertex   -9.980819e+01 8.453186e+01 -3.209471e+01
      vertex   -9.980157e+01 8.439294e+01 -3.200545e+01
    endloop
  endfacet
  facet normal 9.798272e-01 -7.291277e-02 -1.860709e-01
    outer loop
      vertex   -9.980819e+01 8.453186e+01 -3.209471e+01
      vertex   -9.978321e+01 8.453186e+01 -3.196319e+01
      vertex   -9.980157e+01 8.439294e+01 -3.200545e+01
    endloop
  endfacet
  facet normal 9.852645e-01 1.014450e-14 1.710379e-01
    outer loop
      vertex   -9.977603e+01 6.523186e+01 -3.182951e+01
      vertex   -9.979805e+01 5.773186e+01 -3.170264e+01
      vertex   -9.977603e+01 5.023186e+01 -3.182951e+01
    endloop
  endfacet
  facet normal 9.852645e-01 1.168804e-14 1.710379e-01
    outer loop
      vertex   -9.977603e+01 5.023186e+01 -3.182951e+01
      vertex   -9.979805e+01 5.773186e+01 -3.170264e+01
      vertex   -9.979805e+01 5.523186e+01 -3.170264e+01
    endloop
  endfacet
  facet normal 9.852645e-01 4.863281e-16 1.710379e-01
    outer loop
      vertex   -9.977603e+01 5.023186e+01 -3.182951e+01
      vertex   -9.979805e+01 5.523186e+01 -3.170264e+01
      vertex   -9.979805e+01 5.273186e+01 -3.170264e+01
    endloop
  endfacet
  facet normal 9.551175e-01 8.419284e-16 2.962272e-01
    outer loop
      vertex   -9.979805e+01 5.273186e+01 -3.170264e+01
      vertex   -9.979805e+01 5.523186e+01 -3.170264e+01
      vertex   -9.983619e+01 5.273186e+01 -3.157965e+01
    endloop
  endfacet
  facet normal 9.551175e-01 5.475705e-14 2.962272e-01
    outer loop
      vertex   -9.979805e+01 5.273186e+01 -3.170264e+01
      vertex   -9.983619e+01 5.273186e+01 -3.157965e+01
      vertex   -9.983619e+01 5.023186e+01 -3.157965e+01
    endloop
  endfacet
  facet normal 9.091335e-01 5.479688e-14 4.165047e-01
    outer loop
      vertex   -9.983619e+01 5.023186e+01 -3.157965e+01
      vertex   -9.983619e+01 5.273186e+01 -3.157965e+01
      vertex   -9.988983e+01 5.023186e+01 -3.146259e+01
    endloop
  endfacet
  facet normal 9.091335e-01 1.185509e-15 4.165047e-01
    outer loop
      vertex   -9.988983e+01 5.023186e+01 -3.146259e+01
      vertex   -9.983619e+01 5.273186e+01 -3.157965e+01
      vertex   -9.983619e+01 5.523186e+01 -3.157965e+01
    endloop
  endfacet
  facet normal 9.091335e-01 5.757802e-15 4.165047e-01
    outer loop
      vertex   -9.988983e+01 5.023186e+01 -3.146259e+01
      vertex   -9.983619e+01 5.523186e+01 -3.157965e+01
      vertex   -9.983619e+01 5.773186e+01 -3.157965e+01
    endloop
  endfacet
  facet normal 9.551175e-01 5.850179e-15 2.962272e-01
    outer loop
      vertex   -9.983619e+01 5.773186e+01 -3.157965e+01
      vertex   -9.983619e+01 5.523186e+01 -3.157965e+01
      vertex   -9.979805e+01 5.773186e+01 -3.170264e+01
    endloop
  endfacet
  facet normal 9.551175e-01 4.203168e-16 2.962272e-01
    outer loop
      vertex   -9.983619e+01 5.773186e+01 -3.157965e+01
      vertex   -9.979805e+01 5.773186e+01 -3.170264e+01
      vertex   -9.979805e+01 6.023186e+01 -3.170264e+01
    endloop
  endfacet
  facet normal 9.852645e-01 2.430595e-16 1.710379e-01
    outer loop
      vertex   -9.979805e+01 6.023186e+01 -3.170264e+01
      vertex   -9.979805e+01 5.773186e+01 -3.170264e+01
      vertex   -9.977603e+01 6.523186e+01 -3.182951e+01
    endloop
  endfacet
  facet normal 9.852645e-01 7.291784e-16 1.710379e-01
    outer loop
      vertex   -9.979805e+01 6.023186e+01 -3.170264e+01
      vertex   -9.977603e+01 6.523186e+01 -3.182951e+01
      vertex   -9.979805e+01 6.273186e+01 -3.170264e+01
    endloop
  endfacet
  facet normal 9.852645e-01 -1.120116e-14 1.710379e-01
    outer loop
      vertex   -9.979805e+01 6.273186e+01 -3.170264e+01
      vertex   -9.977603e+01 6.523186e+01 -3.182951e+01
      vertex   -9.979805e+01 6.523186e+01 -3.170264e+01
    endloop
  endfacet
  facet normal 9.551175e-01 -1.085843e-14 2.962272e-01
    outer loop
      vertex   -9.979805e+01 6.273186e+01 -3.170264e+01
      vertex   -9.979805e+01 6.523186e+01 -3.170264e+01
      vertex   -9.983619e+01 6.273186e+01 -3.157965e+01
    endloop
  endfacet
  facet normal 9.551175e-01 4.209642e-16 2.962272e-01
    outer loop
      vertex   -9.983619e+01 6.273186e+01 -3.157965e+01
      vertex   -9.979805e+01 6.523186e+01 -3.170264e+01
      vertex   -9.983619e+01 6.523186e+01 -3.157965e+01
    endloop
  endfacet
  facet normal 9.091335e-01 5.918888e-16 4.165047e-01
    outer loop
      vertex   -9.983619e+01 6.273186e+01 -3.157965e+01
      vertex   -9.983619e+01 6.523186e+01 -3.157965e+01
      vertex   -9.988983e+01 6.523186e+01 -3.146259e+01
    endloop
  endfacet
  facet normal 9.091335e-01 1.058601e-14 4.165047e-01
    outer loop
      vertex   -9.988983e+01 5.023186e+01 -3.146259e+01
      vertex   -9.983619e+01 5.773186e+01 -3.157965e+01
      vertex   -9.988983e+01 6.523186e+01 -3.146259e+01
    endloop
  endfacet
  facet normal 9.091335e-01 5.927545e-16 4.165047e-01
    outer loop
      vertex   -9.988983e+01 6.523186e+01 -3.146259e+01
      vertex   -9.983619e+01 5.773186e+01 -3.157965e+01
      vertex   -9.983619e+01 6.023186e+01 -3.157965e+01
    endloop
  endfacet
  facet normal 9.091335e-01 1.182815e-15 4.165047e-01
    outer loop
      vertex   -9.988983e+01 6.523186e+01 -3.146259e+01
      vertex   -9.983619e+01 6.023186e+01 -3.157965e+01
      vertex   -9.983619e+01 6.273186e+01 -3.157965e+01
    endloop
  endfacet
  facet normal 9.551175e-01 8.419284e-16 2.962272e-01
    outer loop
      vertex   -9.983619e+01 6.273186e+01 -3.157965e+01
      vertex   -9.983619e+01 6.023186e+01 -3.157965e+01
      vertex   -9.979805e+01 6.273186e+01 -3.170264e+01
    endloop
  endfacet
  facet normal 9.551175e-01 5.934281e-14 2.962272e-01
    outer loop
      vertex   -9.983619e+01 5.023186e+01 -3.157965e+01
      vertex   -9.979805e+01 5.023186e+01 -3.170264e+01
      vertex   -9.979805e+01 5.273186e+01 -3.170264e+01
    endloop
  endfacet
  facet normal 9.852645e-01 5.892251e-14 1.710379e-01
    outer loop
      vertex   -9.979805e+01 5.273186e+01 -3.170264e+01
      vertex   -9.979805e+01 5.023186e+01 -3.170264e+01
      vertex   -9.977603e+01 5.023186e+01 -3.182951e+01
    endloop
  endfacet
  facet normal 9.551175e-01 4.209642e-16 2.962272e-01
    outer loop
      vertex   -9.983619e+01 5.773186e+01 -3.157965e+01
      vertex   -9.979805e+01 6.023186e+01 -3.170264e+01
      vertex   -9.983619e+01 6.023186e+01 -3.157965e+01
    endloop
  endfacet
  facet normal 9.551175e-01 1.260951e-15 2.962272e-01
    outer loop
      vertex   -9.983619e+01 6.023186e+01 -3.157965e+01
      vertex   -9.979805e+01 6.023186e+01 -3.170264e+01
      vertex   -9.979805e+01 6.273186e+01 -3.170264e+01
    endloop
  endfacet
  facet normal 9.551175e-01 8.419284e-16 2.962272e-01
    outer loop
      vertex   -9.983619e+01 5.273186e+01 -3.157965e+01
      vertex   -9.979805e+01 5.523186e+01 -3.170264e+01
      vertex   -9.983619e+01 5.523186e+01 -3.157965e+01
    endloop
  endfacet
  facet normal 9.551175e-01 1.170151e-14 2.962272e-01
    outer loop
      vertex   -9.983619e+01 5.523186e+01 -3.157965e+01
      vertex   -9.979805e+01 5.523186e+01 -3.170264e+01
      vertex   -9.979805e+01 5.773186e+01 -3.170264e+01
    endloop
  endfacet
  facet normal 8.804310e-01 1.308959e-14 4.741742e-01
    outer loop
      vertex   -1.015256e+02 5.023186e+01 -2.842525e+01
      vertex   -9.988983e+01 5.023186e+01 -3.146259e+01
      vertex   -1.015256e+02 6.523186e+01 -2.842525e+01
    endloop
  endfacet
  facet normal 8.804310e-01 1.059003e-14 4.741742e-01
    outer loop
      vertex   -1.015256e+02 6.523186e+01 -2.842525e+01
      vertex   -9.988983e+01 5.023186e+01 -3.146259e+01
      vertex   -9.988983e+01 6.523186e+01 -3.146259e+01
    endloop
  endfacet
  facet normal 7.455931e-01 6.545756e-01 1.249870e-01
    outer loop
      vertex   -9.967185e+01 5.011199e+01 -3.182322e+01
      vertex   -9.977603e+01 5.023186e+01 -3.182951e+01
      vertex   -9.969481e+01 5.011195e+01 -3.168601e+01
    endloop
  endfacet
  facet normal 7.425830e-01 6.572312e-01 1.289094e-01
    outer loop
      vertex   -9.969481e+01 5.011195e+01 -3.168601e+01
      vertex   -9.977603e+01 5.023186e+01 -3.182951e+01
      vertex   -9.979805e+01 5.023186e+01 -3.170264e+01
    endloop
  endfacet
  facet normal 7.239045e-01 6.538114e-01 2.202112e-01
    outer loop
      vertex   -9.969481e+01 5.011195e+01 -3.168601e+01
      vertex   -9.979805e+01 5.023186e+01 -3.170264e+01
      vertex   -9.973736e+01 5.011195e+01 -3.154615e+01
    endloop
  endfacet
  facet normal 7.205634e-01 6.563876e-01 2.234809e-01
    outer loop
      vertex   -9.973736e+01 5.011195e+01 -3.154615e+01
      vertex   -9.979805e+01 5.023186e+01 -3.170264e+01
      vertex   -9.983619e+01 5.023186e+01 -3.157965e+01
    endloop
  endfacet
  facet normal 6.878474e-01 6.546058e-01 3.136195e-01
    outer loop
      vertex   -9.973736e+01 5.011195e+01 -3.154615e+01
      vertex   -9.983619e+01 5.023186e+01 -3.157965e+01
      vertex   -9.979801e+01 5.011195e+01 -3.141313e+01
    endloop
  endfacet
  facet normal 6.865815e-01 6.554895e-01 3.145461e-01
    outer loop
      vertex   -9.979801e+01 5.011195e+01 -3.141313e+01
      vertex   -9.983619e+01 5.023186e+01 -3.157965e+01
      vertex   -9.988983e+01 5.023186e+01 -3.146259e+01
    endloop
  endfacet
  facet normal 7.729318e-01 5.276185e-01 3.524132e-01
    outer loop
      vertex   -9.979801e+01 5.011195e+01 -3.141313e+01
      vertex   -9.972407e+01 4.997704e+01 -3.137331e+01
      vertex   -9.973736e+01 5.011195e+01 -3.154615e+01
    endloop
  endfacet
  facet normal 7.729318e-01 5.276185e-01 3.524132e-01
    outer loop
      vertex   -9.973736e+01 5.011195e+01 -3.154615e+01
      vertex   -9.972407e+01 4.997704e+01 -3.137331e+01
      vertex   -9.965881e+01 4.997704e+01 -3.151645e+01
    endloop
  endfacet
  facet normal 8.127103e-01 5.276185e-01 2.472259e-01
    outer loop
      vertex   -9.973736e+01 5.011195e+01 -3.154615e+01
      vertex   -9.965881e+01 4.997704e+01 -3.151645e+01
      vertex   -9.969481e+01 5.011195e+01 -3.168601e+01
    endloop
  endfacet
  facet normal 8.127103e-01 5.276185e-01 2.472259e-01
    outer loop
      vertex   -9.969481e+01 5.011195e+01 -3.168601e+01
      vertex   -9.965881e+01 4.997704e+01 -3.151645e+01
      vertex   -9.961303e+01 4.997704e+01 -3.166694e+01
    endloop
  endfacet
  facet normal 8.377520e-01 5.276975e-01 1.403816e-01
    outer loop
      vertex   -9.969481e+01 5.011195e+01 -3.168601e+01
      vertex   -9.961303e+01 4.997704e+01 -3.166694e+01
      vertex   -9.967185e+01 5.011199e+01 -3.182322e+01
    endloop
  endfacet
  facet normal 8.385420e-01 5.267397e-01 1.392571e-01
    outer loop
      vertex   -9.967185e+01 5.011199e+01 -3.182322e+01
      vertex   -9.961303e+01 4.997704e+01 -3.166694e+01
      vertex   -9.958795e+01 4.997709e+01 -3.181814e+01
    endloop
  endfacet
  facet normal 9.097917e-01 3.866122e-01 1.510298e-01
    outer loop
      vertex   -9.958795e+01 4.997709e+01 -3.181814e+01
      vertex   -9.961303e+01 4.997704e+01 -3.166694e+01
      vertex   -9.955309e+01 4.983053e+01 -3.165297e+01
    endloop
  endfacet
  facet normal 9.102578e-01 3.858248e-01 1.502328e-01
    outer loop
      vertex   -9.958795e+01 4.997709e+01 -3.181814e+01
      vertex   -9.955309e+01 4.983053e+01 -3.165297e+01
      vertex   -9.952646e+01 4.983058e+01 -3.181443e+01
    endloop
  endfacet
  facet normal 9.588179e-01 2.358824e-01 1.582014e-01
    outer loop
      vertex   -9.952646e+01 4.983058e+01 -3.181443e+01
      vertex   -9.955309e+01 4.983053e+01 -3.165297e+01
      vertex   -9.951651e+01 4.967612e+01 -3.164444e+01
    endloop
  endfacet
  facet normal 9.590223e-01 2.353706e-01 1.577244e-01
    outer loop
      vertex   -9.952646e+01 4.983058e+01 -3.181443e+01
      vertex   -9.951651e+01 4.967612e+01 -3.164444e+01
      vertex   -9.948893e+01 4.967615e+01 -3.181216e+01
    endloop
  endfacet
  facet normal 9.836419e-01 7.928370e-02 1.617491e-01
    outer loop
      vertex   -9.948893e+01 4.967615e+01 -3.181216e+01
      vertex   -9.951651e+01 4.967612e+01 -3.164444e+01
      vertex   -9.950421e+01 4.951771e+01 -3.164157e+01
    endloop
  endfacet
  facet normal 9.836802e-01 7.911674e-02 1.615975e-01
    outer loop
      vertex   -9.948893e+01 4.967615e+01 -3.181216e+01
      vertex   -9.950421e+01 4.951771e+01 -3.164157e+01
      vertex   -9.947632e+01 4.951771e+01 -3.181140e+01
    endloop
  endfacet
  facet normal 8.391498e-01 3.865760e-01 3.826049e-01
    outer loop
      vertex   -9.972407e+01 4.997704e+01 -3.137331e+01
      vertex   -9.966988e+01 4.983053e+01 -3.134413e+01
      vertex   -9.965881e+01 4.997704e+01 -3.151645e+01
    endloop
  endfacet
  facet normal 8.391498e-01 3.865760e-01 3.826049e-01
    outer loop
      vertex   -9.965881e+01 4.997704e+01 -3.151645e+01
      vertex   -9.966988e+01 4.983053e+01 -3.134413e+01
      vertex   -9.960124e+01 4.983053e+01 -3.149468e+01
    endloop
  endfacet
  facet normal 8.823362e-01 3.865760e-01 2.684060e-01
    outer loop
      vertex   -9.965881e+01 4.997704e+01 -3.151645e+01
      vertex   -9.960124e+01 4.983053e+01 -3.149468e+01
      vertex   -9.961303e+01 4.997704e+01 -3.166694e+01
    endloop
  endfacet
  facet normal 8.823362e-01 3.865760e-01 2.684060e-01
    outer loop
      vertex   -9.961303e+01 4.997704e+01 -3.166694e+01
      vertex   -9.960124e+01 4.983053e+01 -3.149468e+01
      vertex   -9.955309e+01 4.983053e+01 -3.165297e+01
    endloop
  endfacet
  facet normal 8.842134e-01 2.358721e-01 4.031514e-01
    outer loop
      vertex   -9.966988e+01 4.983053e+01 -3.134413e+01
      vertex   -9.963681e+01 4.967612e+01 -3.132632e+01
      vertex   -9.960124e+01 4.983053e+01 -3.149468e+01
    endloop
  endfacet
  facet normal 8.842134e-01 2.358721e-01 4.031514e-01
    outer loop
      vertex   -9.960124e+01 4.983053e+01 -3.149468e+01
      vertex   -9.963681e+01 4.967612e+01 -3.132632e+01
      vertex   -9.956611e+01 4.967612e+01 -3.148139e+01
    endloop
  endfacet
  facet normal 9.297189e-01 2.358721e-01 2.828198e-01
    outer loop
      vertex   -9.960124e+01 4.983053e+01 -3.149468e+01
      vertex   -9.956611e+01 4.967612e+01 -3.148139e+01
      vertex   -9.955309e+01 4.983053e+01 -3.165297e+01
    endloop
  endfacet
  facet normal 9.297189e-01 2.358721e-01 2.828198e-01
    outer loop
      vertex   -9.955309e+01 4.983053e+01 -3.165297e+01
      vertex   -9.956611e+01 4.967612e+01 -3.148139e+01
      vertex   -9.951651e+01 4.967612e+01 -3.164444e+01
    endloop
  endfacet
  facet normal 9.070225e-01 7.928288e-02 4.135510e-01
    outer loop
      vertex   -9.963681e+01 4.967612e+01 -3.132632e+01
      vertex   -9.962570e+01 4.951771e+01 -3.132033e+01
      vertex   -9.956611e+01 4.967612e+01 -3.148139e+01
    endloop
  endfacet
  facet normal 9.070225e-01 7.928288e-02 4.135510e-01
    outer loop
      vertex   -9.956611e+01 4.967612e+01 -3.148139e+01
      vertex   -9.962570e+01 4.951771e+01 -3.132033e+01
      vertex   -9.955430e+01 4.951771e+01 -3.147692e+01
    endloop
  endfacet
  facet normal 9.537019e-01 7.928288e-02 2.901154e-01
    outer loop
      vertex   -9.956611e+01 4.967612e+01 -3.148139e+01
      vertex   -9.955430e+01 4.951771e+01 -3.147692e+01
      vertex   -9.951651e+01 4.967612e+01 -3.164444e+01
    endloop
  endfacet
  facet normal 9.537019e-01 7.928288e-02 2.901154e-01
    outer loop
      vertex   -9.951651e+01 4.967612e+01 -3.164444e+01
      vertex   -9.955430e+01 4.951771e+01 -3.147692e+01
      vertex   -9.950421e+01 4.951771e+01 -3.164157e+01
    endloop
  endfacet
  facet normal 1.000000e+00 1.231607e-14 -0.000000e+00
    outer loop
      vertex   -1.015256e+02 6.523186e+01 -2.842525e+01
      vertex   -1.015256e+02 6.523186e+01 -2.834184e+01
      vertex   -1.015256e+02 5.023186e+01 -2.842525e+01
    endloop
  endfacet
  facet normal 1.000000e+00 1.228247e-14 6.043642e-15
    outer loop
      vertex   -1.015256e+02 5.023186e+01 -2.842525e+01
      vertex   -1.015256e+02 6.523186e+01 -2.834184e+01
      vertex   -1.015256e+02 5.019081e+01 -2.834184e+01
    endloop
  endfacet
  facet normal 9.867734e-01 -0.000000e+00 1.621056e-01
    outer loop
      vertex   -9.947632e+01 4.923186e+01 -3.181140e+01
      vertex   -9.947632e+01 4.951771e+01 -3.181140e+01
      vertex   -9.950421e+01 4.923186e+01 -3.164157e+01
    endloop
  endfacet
  facet normal 9.867734e-01 1.170587e-12 1.621056e-01
    outer loop
      vertex   -9.950421e+01 4.923186e+01 -3.164157e+01
      vertex   -9.947632e+01 4.951771e+01 -3.181140e+01
      vertex   -9.950421e+01 4.951771e+01 -3.164157e+01
    endloop
  endfacet
  facet normal 9.567135e-01 1.169866e-12 2.910315e-01
    outer loop
      vertex   -9.950421e+01 4.923186e+01 -3.164157e+01
      vertex   -9.950421e+01 4.951771e+01 -3.164157e+01
      vertex   -9.955430e+01 4.923186e+01 -3.147692e+01
    endloop
  endfacet
  facet normal 9.567135e-01 5.298676e-13 2.910315e-01
    outer loop
      vertex   -9.955430e+01 4.923186e+01 -3.147692e+01
      vertex   -9.950421e+01 4.951771e+01 -3.164157e+01
      vertex   -9.955430e+01 4.951771e+01 -3.147692e+01
    endloop
  endfacet
  facet normal 9.098867e-01 5.296726e-13 4.148569e-01
    outer loop
      vertex   -9.955430e+01 4.923186e+01 -3.147692e+01
      vertex   -9.955430e+01 4.951771e+01 -3.147692e+01
      vertex   -9.962570e+01 4.923186e+01 -3.132033e+01
    endloop
  endfacet
  facet normal 9.098867e-01 -0.000000e+00 4.148569e-01
    outer loop
      vertex   -9.962570e+01 4.923186e+01 -3.132033e+01
      vertex   -9.955430e+01 4.951771e+01 -3.147692e+01
      vertex   -9.962570e+01 4.951771e+01 -3.132033e+01
    endloop
  endfacet
  facet normal 9.856073e-01 -4.860190e-02 1.619141e-01
    outer loop
      vertex   -9.947632e+01 4.923186e+01 -3.181140e+01
      vertex   -9.950421e+01 4.923186e+01 -3.164157e+01
      vertex   -9.948108e+01 4.913433e+01 -3.181168e+01
    endloop
  endfacet
  facet normal 9.792303e-01 -8.707122e-02 1.831027e-01
    outer loop
      vertex   -9.948108e+01 4.913433e+01 -3.181168e+01
      vertex   -9.950421e+01 4.923186e+01 -3.164157e+01
      vertex   -9.951901e+01 4.905821e+01 -3.164502e+01
    endloop
  endfacet
  facet normal 9.770109e-01 -1.453044e-01 1.560013e-01
    outer loop
      vertex   -9.948108e+01 4.913433e+01 -3.181168e+01
      vertex   -9.951901e+01 4.905821e+01 -3.164502e+01
      vertex   -9.949527e+01 4.903795e+01 -3.181254e+01
    endloop
  endfacet
  facet normal 9.566574e-01 -2.402378e-01 1.645977e-01
    outer loop
      vertex   -9.949527e+01 4.903795e+01 -3.181254e+01
      vertex   -9.951901e+01 4.905821e+01 -3.164502e+01
      vertex   -9.951877e+01 4.894342e+01 -3.181396e+01
    endloop
  endfacet
  facet normal 9.496269e-01 -2.585774e-01 1.770492e-01
    outer loop
      vertex   -9.951877e+01 4.894342e+01 -3.181396e+01
      vertex   -9.951901e+01 4.905821e+01 -3.164502e+01
      vertex   -9.956295e+01 4.888984e+01 -3.165527e+01
    endloop
  endfacet
  facet normal 9.312188e-01 -3.336923e-01 1.465639e-01
    outer loop
      vertex   -9.951877e+01 4.894342e+01 -3.181396e+01
      vertex   -9.956295e+01 4.888984e+01 -3.165527e+01
      vertex   -9.955143e+01 4.885141e+01 -3.181594e+01
    endloop
  endfacet
  facet normal 8.913577e-01 -4.222486e-01 1.648865e-01
    outer loop
      vertex   -9.955143e+01 4.885141e+01 -3.181594e+01
      vertex   -9.956295e+01 4.888984e+01 -3.165527e+01
      vertex   -9.963469e+01 4.873186e+01 -3.167199e+01
    endloop
  endfacet
  facet normal 8.911944e-01 -4.228123e-01 1.643238e-01
    outer loop
      vertex   -9.955143e+01 4.885141e+01 -3.181594e+01
      vertex   -9.963469e+01 4.873186e+01 -3.167199e+01
      vertex   -9.959289e+01 4.876304e+01 -3.181844e+01
    endloop
  endfacet
  facet normal 8.497705e-01 -5.098459e-01 1.339677e-01
    outer loop
      vertex   -9.959289e+01 4.876304e+01 -3.181844e+01
      vertex   -9.963469e+01 4.873186e+01 -3.167199e+01
      vertex   -9.964264e+01 4.867934e+01 -3.182145e+01
    endloop
  endfacet
  facet normal 8.037858e-01 -5.733527e-01 1.587298e-01
    outer loop
      vertex   -9.964264e+01 4.867934e+01 -3.182145e+01
      vertex   -9.963469e+01 4.873186e+01 -3.167199e+01
      vertex   -9.973206e+01 4.858907e+01 -3.169470e+01
    endloop
  endfacet
  facet normal 7.948973e-01 -5.902744e-01 1.404081e-01
    outer loop
      vertex   -9.964264e+01 4.867934e+01 -3.182145e+01
      vertex   -9.973206e+01 4.858907e+01 -3.169470e+01
      vertex   -9.970028e+01 4.860088e+01 -3.182493e+01
    endloop
  endfacet
  facet normal 7.358346e-01 -6.666095e-01 1.190762e-01
    outer loop
      vertex   -9.970028e+01 4.860088e+01 -3.182493e+01
      vertex   -9.973206e+01 4.858907e+01 -3.169470e+01
      vertex   -9.976545e+01 4.852825e+01 -3.182887e+01
    endloop
  endfacet
  facet normal 6.914008e-01 -7.070524e-01 1.484649e-01
    outer loop
      vertex   -9.976545e+01 4.852825e+01 -3.182887e+01
      vertex   -9.973206e+01 4.858907e+01 -3.169470e+01
      vertex   -9.985210e+01 4.846581e+01 -3.172268e+01
    endloop
  endfacet
  facet normal 6.677002e-01 -7.359351e-01 1.121427e-01
    outer loop
      vertex   -9.976545e+01 4.852825e+01 -3.182887e+01
      vertex   -9.985210e+01 4.846581e+01 -3.172268e+01
      vertex   -9.983736e+01 4.846234e+01 -3.183322e+01
    endloop
  endfacet
  facet normal 5.932977e-01 -7.982140e-01 1.041744e-01
    outer loop
      vertex   -9.983736e+01 4.846234e+01 -3.183322e+01
      vertex   -9.985210e+01 4.846581e+01 -3.172268e+01
      vertex   -9.991515e+01 4.840391e+01 -3.183792e+01
    endloop
  endfacet
  facet normal 5.574727e-01 -8.191422e-01 1.350196e-01
    outer loop
      vertex   -9.991515e+01 4.840391e+01 -3.183792e+01
      vertex   -9.985210e+01 4.846581e+01 -3.172268e+01
      vertex   -9.999115e+01 4.836583e+01 -3.175511e+01
    endloop
  endfacet
  facet normal 5.147236e-01 -8.536217e-01 7.993472e-02
    outer loop
      vertex   -9.991515e+01 4.840391e+01 -3.183792e+01
      vertex   -9.999115e+01 4.836583e+01 -3.175511e+01
      vertex   -9.999826e+01 4.835332e+01 -3.184295e+01
    endloop
  endfacet
  facet normal 4.277052e-01 -8.990750e-01 9.344747e-02
    outer loop
      vertex   -9.999826e+01 4.835332e+01 -3.184295e+01
      vertex   -9.999115e+01 4.836583e+01 -3.175511e+01
      vertex   -1.000861e+02 4.831098e+01 -3.184826e+01
    endloop
  endfacet
  facet normal 4.058962e-01 -9.060361e-01 1.197784e-01
    outer loop
      vertex   -1.000861e+02 4.831098e+01 -3.184826e+01
      vertex   -9.999115e+01 4.836583e+01 -3.175511e+01
      vertex   -1.001450e+02 4.829216e+01 -3.179098e+01
    endloop
  endfacet
  facet normal 3.417830e-01 -9.387905e-01 4.308981e-02
    outer loop
      vertex   -1.000861e+02 4.831098e+01 -3.184826e+01
      vertex   -1.001450e+02 4.829216e+01 -3.179098e+01
      vertex   -1.001776e+02 4.827743e+01 -3.185378e+01
    endloop
  endfacet
  facet normal 2.419641e-01 -9.650153e-01 1.009893e-01
    outer loop
      vertex   -1.001776e+02 4.827743e+01 -3.185378e+01
      vertex   -1.001450e+02 4.829216e+01 -3.179098e+01
      vertex   -1.003090e+02 4.824705e+01 -3.182921e+01
    endloop
  endfacet
  facet normal 2.435593e-01 -9.634624e-01 1.114404e-01
    outer loop
      vertex   -1.001776e+02 4.827743e+01 -3.185378e+01
      vertex   -1.003090e+02 4.824705e+01 -3.182921e+01
      vertex   -1.002716e+02 4.825300e+01 -3.185947e+01
    endloop
  endfacet
  facet normal 1.564025e-01 -9.876928e-01 -1.065930e-03
    outer loop
      vertex   -1.002716e+02 4.825300e+01 -3.185947e+01
      vertex   -1.003090e+02 4.824705e+01 -3.182921e+01
      vertex   -1.003676e+02 4.823781e+01 -3.186527e+01
    endloop
  endfacet
  facet normal 4.215836e-02 -9.821646e-01 1.832356e-01
    outer loop
      vertex   -1.003676e+02 4.823781e+01 -3.186527e+01
      vertex   -1.003090e+02 4.824705e+01 -3.182921e+01
      vertex   -1.004774e+02 4.823186e+01 -3.187190e+01
    endloop
  endfacet
  facet normal -6.033547e-02 -1.295791e-07 9.981782e-01
    outer loop
      vertex   -1.003676e+02 4.823781e+01 -3.186527e+01
      vertex   -1.004774e+02 4.823186e+01 -3.187190e+01
      vertex   -1.004651e+02 4.823193e+01 -3.187116e+01
    endloop
  endfacet
  facet normal 9.530887e-01 -8.696605e-02 2.899289e-01
    outer loop
      vertex   -9.951901e+01 4.905821e+01 -3.164502e+01
      vertex   -9.950421e+01 4.923186e+01 -3.164157e+01
      vertex   -9.956851e+01 4.905821e+01 -3.148230e+01
    endloop
  endfacet
  facet normal 9.530887e-01 -8.696605e-02 2.899289e-01
    outer loop
      vertex   -9.956851e+01 4.905821e+01 -3.148230e+01
      vertex   -9.950421e+01 4.923186e+01 -3.164157e+01
      vertex   -9.955430e+01 4.923186e+01 -3.147692e+01
    endloop
  endfacet
  facet normal 9.064394e-01 -8.696605e-02 4.132851e-01
    outer loop
      vertex   -9.956851e+01 4.905821e+01 -3.148230e+01
      vertex   -9.955430e+01 4.923186e+01 -3.147692e+01
      vertex   -9.963907e+01 4.905821e+01 -3.132754e+01
    endloop
  endfacet
  facet normal 9.064394e-01 -8.696605e-02 4.132851e-01
    outer loop
      vertex   -9.963907e+01 4.905821e+01 -3.132754e+01
      vertex   -9.955430e+01 4.923186e+01 -3.147692e+01
      vertex   -9.962570e+01 4.923186e+01 -3.132033e+01
    endloop
  endfacet
  facet normal 8.790120e-01 -2.582893e-01 4.007798e-01
    outer loop
      vertex   -9.963907e+01 4.905821e+01 -3.132754e+01
      vertex   -9.967879e+01 4.888984e+01 -3.134893e+01
      vertex   -9.956851e+01 4.905821e+01 -3.148230e+01
    endloop
  endfacet
  facet normal 8.790120e-01 -2.582893e-01 4.007798e-01
    outer loop
      vertex   -9.956851e+01 4.905821e+01 -3.148230e+01
      vertex   -9.967879e+01 4.888984e+01 -3.134893e+01
      vertex   -9.961071e+01 4.888984e+01 -3.149826e+01
    endloop
  endfacet
  facet normal 9.242499e-01 -2.582893e-01 2.811561e-01
    outer loop
      vertex   -9.956851e+01 4.905821e+01 -3.148230e+01
      vertex   -9.961071e+01 4.888984e+01 -3.149826e+01
      vertex   -9.951901e+01 4.905821e+01 -3.164502e+01
    endloop
  endfacet
  facet normal 9.242499e-01 -2.582893e-01 2.811561e-01
    outer loop
      vertex   -9.951901e+01 4.905821e+01 -3.164502e+01
      vertex   -9.961071e+01 4.888984e+01 -3.149826e+01
      vertex   -9.956295e+01 4.888984e+01 -3.165527e+01
    endloop
  endfacet
  facet normal 8.249602e-01 -4.218565e-01 3.761352e-01
    outer loop
      vertex   -9.967879e+01 4.888984e+01 -3.134893e+01
      vertex   -9.974365e+01 4.873186e+01 -3.138386e+01
      vertex   -9.961071e+01 4.888984e+01 -3.149826e+01
    endloop
  endfacet
  facet normal 8.249602e-01 -4.218565e-01 3.761352e-01
    outer loop
      vertex   -9.961071e+01 4.888984e+01 -3.149826e+01
      vertex   -9.974365e+01 4.873186e+01 -3.138386e+01
      vertex   -9.967961e+01 4.873186e+01 -3.152431e+01
    endloop
  endfacet
  facet normal 8.674163e-01 -4.218565e-01 2.638674e-01
    outer loop
      vertex   -9.961071e+01 4.888984e+01 -3.149826e+01
      vertex   -9.967961e+01 4.873186e+01 -3.152431e+01
      vertex   -9.956295e+01 4.888984e+01 -3.165527e+01
    endloop
  endfacet
  facet normal 8.674163e-01 -4.218565e-01 2.638674e-01
    outer loop
      vertex   -9.956295e+01 4.888984e+01 -3.165527e+01
      vertex   -9.967961e+01 4.873186e+01 -3.152431e+01
      vertex   -9.963469e+01 4.873186e+01 -3.167199e+01
    endloop
  endfacet
  facet normal 7.458733e-01 -5.727315e-01 3.400761e-01
    outer loop
      vertex   -9.974365e+01 4.873186e+01 -3.138386e+01
      vertex   -9.983168e+01 4.858907e+01 -3.143127e+01
      vertex   -9.967961e+01 4.873186e+01 -3.152431e+01
    endloop
  endfacet
  facet normal 7.458733e-01 -5.727315e-01 3.400761e-01
    outer loop
      vertex   -9.967961e+01 4.873186e+01 -3.152431e+01
      vertex   -9.983168e+01 4.858907e+01 -3.143127e+01
      vertex   -9.977313e+01 4.858907e+01 -3.155968e+01
    endloop
  endfacet
  facet normal 7.842592e-01 -5.727315e-01 2.385711e-01
    outer loop
      vertex   -9.967961e+01 4.873186e+01 -3.152431e+01
      vertex   -9.977313e+01 4.858907e+01 -3.155968e+01
      vertex   -9.963469e+01 4.873186e+01 -3.167199e+01
    endloop
  endfacet
  facet normal 7.842592e-01 -5.727315e-01 2.385711e-01
    outer loop
      vertex   -9.963469e+01 4.873186e+01 -3.167199e+01
      vertex   -9.977313e+01 4.858907e+01 -3.155968e+01
      vertex   -9.973206e+01 4.858907e+01 -3.169470e+01
    endloop
  endfacet
  facet normal 6.440929e-01 -7.063301e-01 2.936700e-01
    outer loop
      vertex   -9.983168e+01 4.858907e+01 -3.143127e+01
      vertex   -9.994020e+01 4.846581e+01 -3.148971e+01
      vertex   -9.977313e+01 4.858907e+01 -3.155968e+01
    endloop
  endfacet
  facet normal 6.440929e-01 -7.063301e-01 2.936700e-01
    outer loop
      vertex   -9.977313e+01 4.858907e+01 -3.155968e+01
      vertex   -9.994020e+01 4.846581e+01 -3.148971e+01
      vertex   -9.988842e+01 4.846581e+01 -3.160328e+01
    endloop
  endfacet
  facet normal 6.772408e-01 -7.063301e-01 2.060161e-01
    outer loop
      vertex   -9.977313e+01 4.858907e+01 -3.155968e+01
      vertex   -9.988842e+01 4.846581e+01 -3.160328e+01
      vertex   -9.973206e+01 4.858907e+01 -3.169470e+01
    endloop
  endfacet
  facet normal 6.772408e-01 -7.063301e-01 2.060161e-01
    outer loop
      vertex   -9.973206e+01 4.858907e+01 -3.169470e+01
      vertex   -9.988842e+01 4.846581e+01 -3.160328e+01
      vertex   -9.985210e+01 4.846581e+01 -3.172268e+01
    endloop
  endfacet
  facet normal 5.226584e-01 -8.185597e-01 2.383027e-01
    outer loop
      vertex   -9.994020e+01 4.846581e+01 -3.148971e+01
      vertex   -1.000659e+02 4.836583e+01 -3.155742e+01
      vertex   -9.988842e+01 4.846581e+01 -3.160328e+01
    endloop
  endfacet
  facet normal 5.226584e-01 -8.185597e-01 2.383027e-01
    outer loop
      vertex   -9.988842e+01 4.846581e+01 -3.160328e+01
      vertex   -1.000659e+02 4.836583e+01 -3.155742e+01
      vertex   -1.000220e+02 4.836583e+01 -3.165378e+01
    endloop
  endfacet
  facet normal 5.495567e-01 -8.185597e-01 1.671747e-01
    outer loop
      vertex   -9.988842e+01 4.846581e+01 -3.160328e+01
      vertex   -1.000220e+02 4.836583e+01 -3.165378e+01
      vertex   -9.985210e+01 4.846581e+01 -3.172268e+01
    endloop
  endfacet
  facet normal 5.495567e-01 -8.185597e-01 1.671747e-01
    outer loop
      vertex   -9.985210e+01 4.846581e+01 -3.172268e+01
      vertex   -1.000220e+02 4.836583e+01 -3.165378e+01
      vertex   -9.999115e+01 4.836583e+01 -3.175511e+01
    endloop
  endfacet
  facet normal 3.852285e-01 -9.059518e-01 1.756424e-01
    outer loop
      vertex   -1.000659e+02 4.836583e+01 -3.155742e+01
      vertex   -1.002050e+02 4.829216e+01 -3.163233e+01
      vertex   -1.000220e+02 4.836583e+01 -3.165378e+01
    endloop
  endfacet
  facet normal 3.852285e-01 -9.059518e-01 1.756424e-01
    outer loop
      vertex   -1.000220e+02 4.836583e+01 -3.165378e+01
      vertex   -1.002050e+02 4.829216e+01 -3.163233e+01
      vertex   -1.001697e+02 4.829216e+01 -3.170966e+01
    endloop
  endfacet
  facet normal 4.050541e-01 -9.059518e-01 1.232171e-01
    outer loop
      vertex   -1.000220e+02 4.836583e+01 -3.165378e+01
      vertex   -1.001697e+02 4.829216e+01 -3.170966e+01
      vertex   -9.999115e+01 4.836583e+01 -3.175511e+01
    endloop
  endfacet
  facet normal 4.050541e-01 -9.059518e-01 1.232171e-01
    outer loop
      vertex   -9.999115e+01 4.836583e+01 -3.175511e+01
      vertex   -1.001697e+02 4.829216e+01 -3.170966e+01
      vertex   -1.001450e+02 4.829216e+01 -3.179098e+01
    endloop
  endfacet
  facet normal 2.359788e-01 -9.657835e-01 1.075930e-01
    outer loop
      vertex   -1.002050e+02 4.829216e+01 -3.163233e+01
      vertex   -1.003532e+02 4.824705e+01 -3.171217e+01
      vertex   -1.001697e+02 4.829216e+01 -3.170966e+01
    endloop
  endfacet
  facet normal 2.359788e-01 -9.657835e-01 1.075930e-01
    outer loop
      vertex   -1.001697e+02 4.829216e+01 -3.170966e+01
      vertex   -1.003532e+02 4.824705e+01 -3.171217e+01
      vertex   -1.003272e+02 4.824705e+01 -3.176922e+01
    endloop
  endfacet
  facet normal 2.481233e-01 -9.657835e-01 7.547893e-02
    outer loop
      vertex   -1.001697e+02 4.829216e+01 -3.170966e+01
      vertex   -1.003272e+02 4.824705e+01 -3.176922e+01
      vertex   -1.001450e+02 4.829216e+01 -3.179098e+01
    endloop
  endfacet
  facet normal 2.481233e-01 -9.657835e-01 7.547893e-02
    outer loop
      vertex   -1.001450e+02 4.829216e+01 -3.179098e+01
      vertex   -1.003272e+02 4.824705e+01 -3.176922e+01
      vertex   -1.003090e+02 4.824705e+01 -3.182921e+01
    endloop
  endfacet
  facet normal 7.863720e-02 -9.961867e-01 3.779288e-02
    outer loop
      vertex   -1.005061e+02 4.823186e+01 -3.179451e+01
      vertex   -1.004942e+02 4.823186e+01 -3.181939e+01
      vertex   -1.003532e+02 4.824705e+01 -3.171217e+01
    endloop
  endfacet
  facet normal 7.972966e-02 -9.961535e-01 3.635222e-02
    outer loop
      vertex   -1.003532e+02 4.824705e+01 -3.171217e+01
      vertex   -1.004942e+02 4.823186e+01 -3.181939e+01
      vertex   -1.003272e+02 4.824705e+01 -3.176922e+01
    endloop
  endfacet
  facet normal 8.154739e-02 -9.962082e-01 3.031965e-02
    outer loop
      vertex   -1.004942e+02 4.823186e+01 -3.181939e+01
      vertex   -1.004846e+02 4.823186e+01 -3.184526e+01
      vertex   -1.003272e+02 4.824705e+01 -3.176922e+01
    endloop
  endfacet
  facet normal 8.386552e-02 -9.961505e-01 2.551183e-02
    outer loop
      vertex   -1.003272e+02 4.824705e+01 -3.176922e+01
      vertex   -1.004846e+02 4.823186e+01 -3.184526e+01
      vertex   -1.003090e+02 4.824705e+01 -3.182921e+01
    endloop
  endfacet
  facet normal 8.412348e-02 -9.961960e-01 2.273265e-02
    outer loop
      vertex   -1.004846e+02 4.823186e+01 -3.184526e+01
      vertex   -1.004774e+02 4.823186e+01 -3.187190e+01
      vertex   -1.003090e+02 4.824705e+01 -3.182921e+01
    endloop
  endfacet
  facet normal 9.985587e-01 9.206017e-15 -5.366996e-02
    outer loop
      vertex   -9.977603e+01 6.523186e+01 -3.182951e+01
      vertex   -9.977603e+01 5.023186e+01 -3.182951e+01
      vertex   -9.978321e+01 6.523186e+01 -3.196319e+01
    endloop
  endfacet
  facet normal 9.945185e-01 -4.554584e-04 -1.045597e-01
    outer loop
      vertex   -9.978321e+01 6.523186e+01 -3.196319e+01
      vertex   -9.977603e+01 5.023186e+01 -3.182951e+01
      vertex   -9.978957e+01 6.148186e+01 -3.200739e+01
    endloop
  endfacet
  facet normal 9.824420e-01 5.315809e-04 -1.865674e-01
    outer loop
      vertex   -9.978321e+01 6.523186e+01 -3.196319e+01
      vertex   -9.978957e+01 6.148186e+01 -3.200739e+01
      vertex   -9.980819e+01 6.523186e+01 -3.209471e+01
    endloop
  endfacet
  facet normal 9.677503e-01 -1.062896e-03 -2.519092e-01
    outer loop
      vertex   -9.980819e+01 6.523186e+01 -3.209471e+01
      vertex   -9.978957e+01 6.148186e+01 -3.200739e+01
      vertex   -9.983451e+01 6.148186e+01 -3.218003e+01
    endloop
  endfacet
  facet normal 9.487186e-01 5.315809e-04 -3.161213e-01
    outer loop
      vertex   -9.980819e+01 6.523186e+01 -3.209471e+01
      vertex   -9.983451e+01 6.148186e+01 -3.218003e+01
      vertex   -9.985051e+01 6.523186e+01 -3.222172e+01
    endloop
  endfacet
  facet normal 8.979924e-01 -1.062101e-03 -4.400097e-01
    outer loop
      vertex   -9.985051e+01 6.523186e+01 -3.222172e+01
      vertex   -9.983451e+01 6.148186e+01 -3.218003e+01
      vertex   -9.990941e+01 6.523186e+01 -3.234193e+01
    endloop
  endfacet
  facet normal 9.075930e-01 -1.592188e-15 -4.198510e-01
    outer loop
      vertex   -9.990941e+01 6.523186e+01 -3.234193e+01
      vertex   -9.983451e+01 6.148186e+01 -3.218003e+01
      vertex   -9.983451e+01 5.773186e+01 -3.218003e+01
    endloop
  endfacet
  facet normal 9.075930e-01 5.290006e-15 -4.198510e-01
    outer loop
      vertex   -9.990941e+01 6.523186e+01 -3.234193e+01
      vertex   -9.983451e+01 5.773186e+01 -3.218003e+01
      vertex   -9.983451e+01 5.398186e+01 -3.218003e+01
    endloop
  endfacet
  facet normal 9.677508e-01 6.380076e-15 -2.519094e-01
    outer loop
      vertex   -9.983451e+01 5.398186e+01 -3.218003e+01
      vertex   -9.983451e+01 5.773186e+01 -3.218003e+01
      vertex   -9.978957e+01 5.398186e+01 -3.200739e+01
    endloop
  endfacet
  facet normal 9.677503e-01 1.062896e-03 -2.519092e-01
    outer loop
      vertex   -9.983451e+01 5.398186e+01 -3.218003e+01
      vertex   -9.978957e+01 5.398186e+01 -3.200739e+01
      vertex   -9.980819e+01 5.023186e+01 -3.209471e+01
    endloop
  endfacet
  facet normal 9.824420e-01 -5.315809e-04 -1.865674e-01
    outer loop
      vertex   -9.980819e+01 5.023186e+01 -3.209471e+01
      vertex   -9.978957e+01 5.398186e+01 -3.200739e+01
      vertex   -9.978321e+01 5.023186e+01 -3.196319e+01
    endloop
  endfacet
  facet normal 9.985582e-01 1.062101e-03 -5.366993e-02
    outer loop
      vertex   -9.978321e+01 5.023186e+01 -3.196319e+01
      vertex   -9.978957e+01 5.398186e+01 -3.200739e+01
      vertex   -9.977603e+01 5.023186e+01 -3.182951e+01
    endloop
  endfacet
  facet normal 9.971115e-01 7.269220e-15 -7.595110e-02
    outer loop
      vertex   -9.977603e+01 5.023186e+01 -3.182951e+01
      vertex   -9.978957e+01 5.398186e+01 -3.200739e+01
      vertex   -9.978957e+01 5.773186e+01 -3.200739e+01
    endloop
  endfacet
  facet normal 9.971115e-01 -2.878386e-16 -7.595110e-02
    outer loop
      vertex   -9.977603e+01 5.023186e+01 -3.182951e+01
      vertex   -9.978957e+01 5.773186e+01 -3.200739e+01
      vertex   -9.978957e+01 6.148186e+01 -3.200739e+01
    endloop
  endfacet
  facet normal 9.677508e-01 -9.546259e-16 -2.519094e-01
    outer loop
      vertex   -9.978957e+01 6.148186e+01 -3.200739e+01
      vertex   -9.978957e+01 5.773186e+01 -3.200739e+01
      vertex   -9.983451e+01 6.148186e+01 -3.218003e+01
    endloop
  endfacet
  facet normal 9.487186e-01 -5.315809e-04 -3.161213e-01
    outer loop
      vertex   -9.980819e+01 5.023186e+01 -3.209471e+01
      vertex   -9.985051e+01 5.023186e+01 -3.222172e+01
      vertex   -9.983451e+01 5.398186e+01 -3.218003e+01
    endloop
  endfacet
  facet normal 9.192778e-01 4.554584e-04 -3.936090e-01
    outer loop
      vertex   -9.983451e+01 5.398186e+01 -3.218003e+01
      vertex   -9.985051e+01 5.023186e+01 -3.222172e+01
      vertex   -9.990941e+01 6.523186e+01 -3.234193e+01
    endloop
  endfacet
  facet normal 8.979929e-01 9.484940e-15 -4.400099e-01
    outer loop
      vertex   -9.985051e+01 5.023186e+01 -3.222172e+01
      vertex   -9.990941e+01 5.023186e+01 -3.234193e+01
      vertex   -9.990941e+01 6.523186e+01 -3.234193e+01
    endloop
  endfacet
  facet normal 9.677508e-01 -9.546259e-16 -2.519094e-01
    outer loop
      vertex   -9.983451e+01 6.148186e+01 -3.218003e+01
      vertex   -9.978957e+01 5.773186e+01 -3.200739e+01
      vertex   -9.983451e+01 5.773186e+01 -3.218003e+01
    endloop
  endfacet
  facet normal 9.677508e-01 6.380421e-15 -2.519094e-01
    outer loop
      vertex   -9.983451e+01 5.773186e+01 -3.218003e+01
      vertex   -9.978957e+01 5.773186e+01 -3.200739e+01
      vertex   -9.978957e+01 5.398186e+01 -3.200739e+01
    endloop
  endfacet
  facet normal -1.000000e+00 -3.743917e-11 -2.518155e-10
    outer loop
      vertex   -5.063132e+01 8.449260e+01 -3.532935e+01
      vertex   -5.063132e+01 8.445344e+01 -3.532353e+01
      vertex   -5.063132e+01 8.453186e+01 -3.533130e+01
    endloop
  endfacet
  facet normal -8.687417e-01 -4.880170e-02 -4.928552e-01
    outer loop
      vertex   -5.063132e+01 8.453186e+01 -3.533130e+01
      vertex   -5.063132e+01 8.445344e+01 -3.532353e+01
      vertex   -5.147902e+01 8.439294e+01 -3.382334e+01
    endloop
  endfacet
  facet normal -8.649392e-01 -8.715574e-02 -4.942510e-01
    outer loop
      vertex   -5.063132e+01 8.453186e+01 -3.533130e+01
      vertex   -5.147902e+01 8.439294e+01 -3.382334e+01
      vertex   -5.234782e+01 8.453186e+01 -3.232744e+01
    endloop
  endfacet
  facet normal -8.649392e-01 -8.715574e-02 -4.942510e-01
    outer loop
      vertex   -5.234782e+01 8.453186e+01 -3.232744e+01
      vertex   -5.147902e+01 8.439294e+01 -3.382334e+01
      vertex   -5.233726e+01 8.439294e+01 -3.232141e+01
    endloop
  endfacet
  facet normal -8.386585e-01 -2.588190e-01 -4.792334e-01
    outer loop
      vertex   -5.233726e+01 8.439294e+01 -3.232141e+01
      vertex   -5.147902e+01 8.439294e+01 -3.382334e+01
      vertex   -5.230593e+01 8.425824e+01 -3.230350e+01
    endloop
  endfacet
  facet normal -8.386585e-01 -2.588190e-01 -4.792334e-01
    outer loop
      vertex   -5.230593e+01 8.425824e+01 -3.230350e+01
      vertex   -5.147902e+01 8.439294e+01 -3.382334e+01
      vertex   -5.144768e+01 8.425824e+01 -3.380543e+01
    endloop
  endfacet
  facet normal -7.868955e-01 -4.226183e-01 -4.496546e-01
    outer loop
      vertex   -5.230593e+01 8.425824e+01 -3.230350e+01
      vertex   -5.144768e+01 8.425824e+01 -3.380543e+01
      vertex   -5.225476e+01 8.413186e+01 -3.227426e+01
    endloop
  endfacet
  facet normal -7.868955e-01 -4.226183e-01 -4.496546e-01
    outer loop
      vertex   -5.225476e+01 8.413186e+01 -3.227426e+01
      vertex   -5.144768e+01 8.425824e+01 -3.380543e+01
      vertex   -5.139651e+01 8.413186e+01 -3.377619e+01
    endloop
  endfacet
  facet normal -7.112231e-01 -5.735764e-01 -4.064132e-01
    outer loop
      vertex   -5.225476e+01 8.413186e+01 -3.227426e+01
      vertex   -5.139651e+01 8.413186e+01 -3.377619e+01
      vertex   -5.218531e+01 8.401763e+01 -3.223458e+01
    endloop
  endfacet
  facet normal -7.112231e-01 -5.735764e-01 -4.064132e-01
    outer loop
      vertex   -5.218531e+01 8.401763e+01 -3.223458e+01
      vertex   -5.139651e+01 8.413186e+01 -3.377619e+01
      vertex   -5.132707e+01 8.401763e+01 -3.373651e+01
    endloop
  endfacet
  facet normal -6.139406e-01 -7.071068e-01 -3.508232e-01
    outer loop
      vertex   -5.218531e+01 8.401763e+01 -3.223458e+01
      vertex   -5.132707e+01 8.401763e+01 -3.373651e+01
      vertex   -5.209970e+01 8.391902e+01 -3.218565e+01
    endloop
  endfacet
  facet normal -6.139406e-01 -7.071068e-01 -3.508232e-01
    outer loop
      vertex   -5.209970e+01 8.391902e+01 -3.218565e+01
      vertex   -5.132707e+01 8.401763e+01 -3.373651e+01
      vertex   -5.124145e+01 8.391902e+01 -3.368758e+01
    endloop
  endfacet
  facet normal -4.980038e-01 -8.191520e-01 -2.845736e-01
    outer loop
      vertex   -5.209970e+01 8.391902e+01 -3.218565e+01
      vertex   -5.124145e+01 8.391902e+01 -3.368758e+01
      vertex   -5.200052e+01 8.383904e+01 -3.212898e+01
    endloop
  endfacet
  facet normal -4.980038e-01 -8.191520e-01 -2.845736e-01
    outer loop
      vertex   -5.200052e+01 8.383904e+01 -3.212898e+01
      vertex   -5.124145e+01 8.391902e+01 -3.368758e+01
      vertex   -5.114227e+01 8.383904e+01 -3.363091e+01
    endloop
  endfacet
  facet normal -3.669354e-01 -9.063078e-01 -2.096774e-01
    outer loop
      vertex   -5.200052e+01 8.383904e+01 -3.212898e+01
      vertex   -5.114227e+01 8.383904e+01 -3.363091e+01
      vertex   -5.189079e+01 8.378010e+01 -3.206628e+01
    endloop
  endfacet
  facet normal -3.669354e-01 -9.063078e-01 -2.096774e-01
    outer loop
      vertex   -5.189079e+01 8.378010e+01 -3.206628e+01
      vertex   -5.114227e+01 8.383904e+01 -3.363091e+01
      vertex   -5.103254e+01 8.378010e+01 -3.356821e+01
    endloop
  endfacet
  facet normal -2.247179e-01 -9.659258e-01 -1.284102e-01
    outer loop
      vertex   -5.189079e+01 8.378010e+01 -3.206628e+01
      vertex   -5.103254e+01 8.378010e+01 -3.356821e+01
      vertex   -5.177384e+01 8.374401e+01 -3.199945e+01
    endloop
  endfacet
  facet normal -2.247179e-01 -9.659258e-01 -1.284102e-01
    outer loop
      vertex   -5.177384e+01 8.374401e+01 -3.199945e+01
      vertex   -5.103254e+01 8.378010e+01 -3.356821e+01
      vertex   -5.091559e+01 8.374401e+01 -3.350138e+01
    endloop
  endfacet
  facet normal -7.567238e-02 -9.961947e-01 -4.324136e-02
    outer loop
      vertex   -5.177384e+01 8.374401e+01 -3.199945e+01
      vertex   -5.091559e+01 8.374401e+01 -3.350138e+01
      vertex   -5.165322e+01 8.373186e+01 -3.193052e+01
    endloop
  endfacet
  facet normal -7.567238e-02 -9.961947e-01 -4.324136e-02
    outer loop
      vertex   -5.165322e+01 8.373186e+01 -3.193052e+01
      vertex   -5.091559e+01 8.374401e+01 -3.350138e+01
      vertex   -5.063132e+01 8.373186e+01 -3.371884e+01
    endloop
  endfacet
  facet normal -7.978686e-02 -9.956240e-01 -4.865158e-02
    outer loop
      vertex   -5.063132e+01 8.373186e+01 -3.371884e+01
      vertex   -5.091559e+01 8.374401e+01 -3.350138e+01
      vertex   -5.063132e+01 8.374723e+01 -3.403342e+01
    endloop
  endfacet
  facet normal -2.258128e-01 -9.659235e-01 -1.264928e-01
    outer loop
      vertex   -5.063132e+01 8.374723e+01 -3.403342e+01
      vertex   -5.091559e+01 8.374401e+01 -3.350138e+01
      vertex   -5.103254e+01 8.378010e+01 -3.356821e+01
    endloop
  endfacet
  facet normal -2.188707e-01 -9.683050e-01 -1.203374e-01
    outer loop
      vertex   -5.063132e+01 8.374723e+01 -3.403342e+01
      vertex   -5.103254e+01 8.378010e+01 -3.356821e+01
      vertex   -5.063132e+01 8.376630e+01 -3.418691e+01
    endloop
  endfacet
  facet normal -2.903309e-01 -9.421954e-01 -1.672598e-01
    outer loop
      vertex   -5.063132e+01 8.376630e+01 -3.418691e+01
      vertex   -5.103254e+01 8.378010e+01 -3.356821e+01
      vertex   -5.063132e+01 8.379275e+01 -3.433590e+01
    endloop
  endfacet
  facet normal -3.682426e-01 -9.063046e-01 -2.073869e-01
    outer loop
      vertex   -5.063132e+01 8.379275e+01 -3.433590e+01
      vertex   -5.103254e+01 8.378010e+01 -3.356821e+01
      vertex   -5.114227e+01 8.383904e+01 -3.363091e+01
    endloop
  endfacet
  facet normal -3.741056e-01 -9.028618e-01 -2.118622e-01
    outer loop
      vertex   -5.063132e+01 8.379275e+01 -3.433590e+01
      vertex   -5.114227e+01 8.383904e+01 -3.363091e+01
      vertex   -5.063132e+01 8.382632e+01 -3.447895e+01
    endloop
  endfacet
  facet normal -4.450223e-01 -8.583699e-01 -2.552571e-01
    outer loop
      vertex   -5.063132e+01 8.382632e+01 -3.447895e+01
      vertex   -5.114227e+01 8.383904e+01 -3.363091e+01
      vertex   -5.063132e+01 8.386668e+01 -3.461467e+01
    endloop
  endfacet
  facet normal -4.992805e-01 -8.191493e-01 -2.823356e-01
    outer loop
      vertex   -5.063132e+01 8.386668e+01 -3.461467e+01
      vertex   -5.114227e+01 8.383904e+01 -3.363091e+01
      vertex   -5.124145e+01 8.391902e+01 -3.368758e+01
    endloop
  endfacet
  facet normal -5.177826e-01 -8.028836e-01 -2.954304e-01
    outer loop
      vertex   -5.063132e+01 8.386668e+01 -3.461467e+01
      vertex   -5.124145e+01 8.391902e+01 -3.368758e+01
      vertex   -5.063132e+01 8.391345e+01 -3.474177e+01
    endloop
  endfacet
  facet normal -5.826645e-01 -7.412207e-01 -3.333078e-01
    outer loop
      vertex   -5.063132e+01 8.391345e+01 -3.474177e+01
      vertex   -5.124145e+01 8.391902e+01 -3.368758e+01
      vertex   -5.063132e+01 8.396617e+01 -3.485902e+01
    endloop
  endfacet
  facet normal -6.150834e-01 -7.071049e-01 -3.488196e-01
    outer loop
      vertex   -5.063132e+01 8.396617e+01 -3.485902e+01
      vertex   -5.124145e+01 8.391902e+01 -3.368758e+01
      vertex   -5.132707e+01 8.401763e+01 -3.373651e+01
    endloop
  endfacet
  facet normal -6.430049e-01 -6.717953e-01 -3.677441e-01
    outer loop
      vertex   -5.063132e+01 8.396617e+01 -3.485902e+01
      vertex   -5.132707e+01 8.401763e+01 -3.373651e+01
      vertex   -5.063132e+01 8.402434e+01 -3.496529e+01
    endloop
  endfacet
  facet normal -6.977304e-01 -5.954153e-01 -3.983126e-01
    outer loop
      vertex   -5.063132e+01 8.402434e+01 -3.496529e+01
      vertex   -5.132707e+01 8.401763e+01 -3.373651e+01
      vertex   -5.063132e+01 8.408740e+01 -3.505955e+01
    endloop
  endfacet
  facet normal -7.121696e-01 -5.735754e-01 -4.047539e-01
    outer loop
      vertex   -5.063132e+01 8.408740e+01 -3.505955e+01
      vertex   -5.132707e+01 8.401763e+01 -3.373651e+01
      vertex   -5.139651e+01 8.413186e+01 -3.377619e+01
    endloop
  endfacet
  facet normal -7.442178e-01 -5.145315e-01 -4.259075e-01
    outer loop
      vertex   -5.063132e+01 8.408740e+01 -3.505955e+01
      vertex   -5.139651e+01 8.413186e+01 -3.377619e+01
      vertex   -5.063132e+01 8.415474e+01 -3.514090e+01
    endloop
  endfacet
  facet normal -7.874831e-01 -4.226180e-01 -4.486250e-01
    outer loop
      vertex   -5.063132e+01 8.415474e+01 -3.514090e+01
      vertex   -5.139651e+01 8.413186e+01 -3.377619e+01
      vertex   -5.144768e+01 8.425824e+01 -3.380543e+01
    endloop
  endfacet
  facet normal -7.860414e-01 -4.265403e-01 -4.474398e-01
    outer loop
      vertex   -5.063132e+01 8.415474e+01 -3.514090e+01
      vertex   -5.144768e+01 8.425824e+01 -3.380543e+01
      vertex   -5.063132e+01 8.422571e+01 -3.520856e+01
    endloop
  endfacet
  facet normal -8.171019e-01 -3.372112e-01 -4.675822e-01
    outer loop
      vertex   -5.063132e+01 8.422571e+01 -3.520856e+01
      vertex   -5.144768e+01 8.425824e+01 -3.380543e+01
      vertex   -5.063132e+01 8.429963e+01 -3.526186e+01
    endloop
  endfacet
  facet normal -8.394348e-01 -2.588187e-01 -4.778724e-01
    outer loop
      vertex   -5.063132e+01 8.429963e+01 -3.526186e+01
      vertex   -5.144768e+01 8.425824e+01 -3.380543e+01
      vertex   -5.147902e+01 8.439294e+01 -3.382334e+01
    endloop
  endfacet
  facet normal -8.425812e-01 -2.427278e-01 -4.807703e-01
    outer loop
      vertex   -5.063132e+01 8.429963e+01 -3.526186e+01
      vertex   -5.147902e+01 8.439294e+01 -3.382334e+01
      vertex   -5.063132e+01 8.437578e+01 -3.530031e+01
    endloop
  endfacet
  facet normal -8.553852e-01 -1.710030e-01 -4.889520e-01
    outer loop
      vertex   -5.063132e+01 8.437578e+01 -3.530031e+01
      vertex   -5.147902e+01 8.439294e+01 -3.382334e+01
      vertex   -5.063132e+01 8.441447e+01 -3.531384e+01
    endloop
  endfacet
  facet normal -8.619661e-01 -1.223071e-01 -4.919912e-01
    outer loop
      vertex   -5.063132e+01 8.441447e+01 -3.531384e+01
      vertex   -5.147902e+01 8.439294e+01 -3.382334e+01
      vertex   -5.063132e+01 8.445344e+01 -3.532353e+01
    endloop
  endfacet
  facet normal 2.162994e-14 -1.000000e+00 1.161271e-14
    outer loop
      vertex   -5.063132e+01 8.373186e+01 -3.004764e+01
      vertex   -5.164754e+01 8.373186e+01 -3.182603e+01
      vertex   -5.063132e+01 8.373186e+01 -3.371884e+01
    endloop
  endfacet
  facet normal 0.000000e+00 -1.000000e+00 0.000000e+00
    outer loop
      vertex   -5.063132e+01 8.373186e+01 -3.371884e+01
      vertex   -5.164754e+01 8.373186e+01 -3.182603e+01
      vertex   -5.165322e+01 8.373186e+01 -3.193052e+01
    endloop
  endfacet
  facet normal 0.000000e+00 -1.000000e+00 0.000000e+00
    outer loop
      vertex   -5.165322e+01 8.373186e+01 -3.193052e+01
      vertex   -5.164754e+01 8.373186e+01 -3.182603e+01
      vertex   -5.165770e+01 8.373186e+01 -3.184642e+01
    endloop
  endfacet
  facet normal 0.000000e+00 -1.000000e+00 0.000000e+00
    outer loop
      vertex   -5.165322e+01 8.373186e+01 -3.193052e+01
      vertex   -5.165770e+01 8.373186e+01 -3.184642e+01
      vertex   -5.166006e+01 8.373186e+01 -3.191746e+01
    endloop
  endfacet
  facet normal 0.000000e+00 -1.000000e+00 0.000000e+00
    outer loop
      vertex   -5.166006e+01 8.373186e+01 -3.191746e+01
      vertex   -5.165770e+01 8.373186e+01 -3.184642e+01
      vertex   -5.166547e+01 8.373186e+01 -3.186784e+01
    endloop
  endfacet
  facet normal 0.000000e+00 -1.000000e+00 0.000000e+00
    outer loop
      vertex   -5.166006e+01 8.373186e+01 -3.191746e+01
      vertex   -5.166547e+01 8.373186e+01 -3.186784e+01
      vertex   -5.166592e+01 8.373186e+01 -3.190393e+01
    endloop
  endfacet
  facet normal 0.000000e+00 -1.000000e+00 0.000000e+00
    outer loop
      vertex   -5.166592e+01 8.373186e+01 -3.190393e+01
      vertex   -5.166547e+01 8.373186e+01 -3.186784e+01
      vertex   -5.167076e+01 8.373186e+01 -3.189000e+01
    endloop
  endfacet
  facet normal -9.845397e-01 -1.762474e-15 -1.751614e-01
    outer loop
      vertex   -5.247380e+01 6.523186e+01 -3.193854e+01
      vertex   -5.244979e+01 5.623186e+01 -3.207355e+01
      vertex   -5.247380e+01 5.023186e+01 -3.193854e+01
    endloop
  endfacet
  facet normal -9.845397e-01 3.933365e-15 -1.751614e-01
    outer loop
      vertex   -5.247380e+01 5.023186e+01 -3.193854e+01
      vertex   -5.244979e+01 5.623186e+01 -3.207355e+01
      vertex   -5.244979e+01 5.323186e+01 -3.207355e+01
    endloop
  endfacet
  facet normal -9.845397e-01 -3.475825e-15 -1.751614e-01
    outer loop
      vertex   -5.247380e+01 5.023186e+01 -3.193854e+01
      vertex   -5.244979e+01 5.323186e+01 -3.207355e+01
      vertex   -5.244979e+01 5.023186e+01 -3.207355e+01
    endloop
  endfacet
  facet normal -9.513216e-01 -7.966314e-15 -3.081999e-01
    outer loop
      vertex   -5.244979e+01 5.023186e+01 -3.207355e+01
      vertex   -5.244979e+01 5.323186e+01 -3.207355e+01
      vertex   -5.240752e+01 5.023186e+01 -3.220400e+01
    endloop
  endfacet
  facet normal -9.513216e-01 -2.476825e-15 -3.081999e-01
    outer loop
      vertex   -5.240752e+01 5.023186e+01 -3.220400e+01
      vertex   -5.244979e+01 5.323186e+01 -3.207355e+01
      vertex   -5.240752e+01 5.323186e+01 -3.220400e+01
    endloop
  endfacet
  facet normal -9.002161e-01 -1.085845e-14 -4.354435e-01
    outer loop
      vertex   -5.240752e+01 5.023186e+01 -3.220400e+01
      vertex   -5.240752e+01 5.323186e+01 -3.220400e+01
      vertex   -5.234782e+01 5.023186e+01 -3.232744e+01
    endloop
  endfacet
  facet normal -9.002161e-01 -3.430493e-15 -4.354435e-01
    outer loop
      vertex   -5.234782e+01 5.023186e+01 -3.232744e+01
      vertex   -5.240752e+01 5.323186e+01 -3.220400e+01
      vertex   -5.240752e+01 5.623186e+01 -3.220400e+01
    endloop
  endfacet
  facet normal -9.002161e-01 -7.626363e-15 -4.354435e-01
    outer loop
      vertex   -5.234782e+01 5.023186e+01 -3.232744e+01
      vertex   -5.240752e+01 5.623186e+01 -3.220400e+01
      vertex   -5.240752e+01 5.923186e+01 -3.220400e+01
    endloop
  endfacet
  facet normal -9.513216e-01 1.299575e-15 -3.081999e-01
    outer loop
      vertex   -5.240752e+01 5.923186e+01 -3.220400e+01
      vertex   -5.240752e+01 5.623186e+01 -3.220400e+01
      vertex   -5.244979e+01 5.923186e+01 -3.207355e+01
    endloop
  endfacet
  facet normal -9.513216e-01 -3.460012e-15 -3.081999e-01
    outer loop
      vertex   -5.240752e+01 5.923186e+01 -3.220400e+01
      vertex   -5.244979e+01 5.923186e+01 -3.207355e+01
      vertex   -5.244979e+01 6.223186e+01 -3.207355e+01
    endloop
  endfacet
  facet normal -9.845397e-01 1.187459e-15 -1.751614e-01
    outer loop
      vertex   -5.244979e+01 6.223186e+01 -3.207355e+01
      vertex   -5.244979e+01 5.923186e+01 -3.207355e+01
      vertex   -5.247380e+01 6.523186e+01 -3.193854e+01
    endloop
  endfacet
  facet normal -9.845397e-01 -1.144400e-15 -1.751614e-01
    outer loop
      vertex   -5.244979e+01 6.223186e+01 -3.207355e+01
      vertex   -5.247380e+01 6.523186e+01 -3.193854e+01
      vertex   -5.244979e+01 6.523186e+01 -3.207355e+01
    endloop
  endfacet
  facet normal -9.513216e-01 -5.713132e-15 -3.081999e-01
    outer loop
      vertex   -5.244979e+01 6.223186e+01 -3.207355e+01
      vertex   -5.244979e+01 6.523186e+01 -3.207355e+01
      vertex   -5.240752e+01 6.223186e+01 -3.220400e+01
    endloop
  endfacet
  facet normal -9.513216e-01 -2.236432e-16 -3.081999e-01
    outer loop
      vertex   -5.240752e+01 6.223186e+01 -3.220400e+01
      vertex   -5.244979e+01 6.523186e+01 -3.207355e+01
      vertex   -5.240752e+01 6.523186e+01 -3.220400e+01
    endloop
  endfacet
  facet normal -9.002161e-01 -8.726312e-15 -4.354435e-01
    outer loop
      vertex   -5.240752e+01 6.223186e+01 -3.220400e+01
      vertex   -5.240752e+01 6.523186e+01 -3.220400e+01
      vertex   -5.234782e+01 6.523186e+01 -3.232744e+01
    endloop
  endfacet
  facet normal -9.002161e-01 -8.726312e-15 -4.354435e-01
    outer loop
      vertex   -5.240752e+01 6.223186e+01 -3.220400e+01
      vertex   -5.234782e+01 6.523186e+01 -3.232744e+01
      vertex   -5.240752e+01 5.923186e+01 -3.220400e+01
    endloop
  endfacet
  facet normal -9.002161e-01 2.996948e-14 -4.354435e-01
    outer loop
      vertex   -5.240752e+01 5.923186e+01 -3.220400e+01
      vertex   -5.234782e+01 6.523186e+01 -3.232744e+01
      vertex   -5.234782e+01 5.023186e+01 -3.232744e+01
    endloop
  endfacet
  facet normal -9.845397e-01 -1.559265e-15 -1.751614e-01
    outer loop
      vertex   -5.244979e+01 5.623186e+01 -3.207355e+01
      vertex   -5.247380e+01 6.523186e+01 -3.193854e+01
      vertex   -5.244979e+01 5.923186e+01 -3.207355e+01
    endloop
  endfacet
  facet normal -9.513216e-01 -2.236432e-16 -3.081999e-01
    outer loop
      vertex   -5.240752e+01 5.923186e+01 -3.220400e+01
      vertex   -5.244979e+01 6.223186e+01 -3.207355e+01
      vertex   -5.240752e+01 6.223186e+01 -3.220400e+01
    endloop
  endfacet
  facet normal -9.513216e-01 -4.765159e-16 -3.081999e-01
    outer loop
      vertex   -5.240752e+01 5.323186e+01 -3.220400e+01
      vertex   -5.244979e+01 5.323186e+01 -3.207355e+01
      vertex   -5.244979e+01 5.623186e+01 -3.207355e+01
    endloop
  endfacet
  facet normal -9.513216e-01 5.012685e-15 -3.081999e-01
    outer loop
      vertex   -5.240752e+01 5.323186e+01 -3.220400e+01
      vertex   -5.244979e+01 5.623186e+01 -3.207355e+01
      vertex   -5.240752e+01 5.623186e+01 -3.220400e+01
    endloop
  endfacet
  facet normal -9.513216e-01 -6.443507e-15 -3.081999e-01
    outer loop
      vertex   -5.240752e+01 5.623186e+01 -3.220400e+01
      vertex   -5.244979e+01 5.623186e+01 -3.207355e+01
      vertex   -5.244979e+01 5.923186e+01 -3.207355e+01
    endloop
  endfacet
  facet normal 6.077142e-03 -9.999810e-01 -1.031095e-03
    outer loop
      vertex   -1.004774e+02 4.823186e+01 -3.187190e+01
      vertex   -1.004845e+02 4.823186e+01 -3.191381e+01
      vertex   -1.004651e+02 4.823193e+01 -3.187116e+01
    endloop
  endfacet
  facet normal 8.821275e-02 -9.953623e-01 -3.837314e-02
    outer loop
      vertex   -1.004651e+02 4.823193e+01 -3.187116e+01
      vertex   -1.004845e+02 4.823186e+01 -3.191381e+01
      vertex   -1.003053e+02 4.824705e+01 -3.189599e+01
    endloop
  endfacet
  facet normal 6.885639e-02 -9.852289e-01 -1.567890e-01
    outer loop
      vertex   -1.004651e+02 4.823193e+01 -3.187116e+01
      vertex   -1.003053e+02 4.824705e+01 -3.189599e+01
      vertex   -1.003676e+02 4.823781e+01 -3.186527e+01
    endloop
  endfacet
  facet normal 1.552673e-01 -9.877127e-01 1.776616e-02
    outer loop
      vertex   -1.003676e+02 4.823781e+01 -3.186527e+01
      vertex   -1.003053e+02 4.824705e+01 -3.189599e+01
      vertex   -1.002716e+02 4.825300e+01 -3.185947e+01
    endloop
  endfacet
  facet normal 2.517170e-01 -9.648935e-01 -7.496127e-02
    outer loop
      vertex   -1.002716e+02 4.825300e+01 -3.185947e+01
      vertex   -1.003053e+02 4.824705e+01 -3.189599e+01
      vertex   -1.001380e+02 4.829216e+01 -3.191490e+01
    endloop
  endfacet
  facet normal 2.546926e-01 -9.646549e-01 -6.762039e-02
    outer loop
      vertex   -1.002716e+02 4.825300e+01 -3.185947e+01
      vertex   -1.001380e+02 4.829216e+01 -3.191490e+01
      vertex   -1.001776e+02 4.827743e+01 -3.185378e+01
    endloop
  endfacet
  facet normal 3.445660e-01 -9.387568e-01 -3.154933e-03
    outer loop
      vertex   -1.001776e+02 4.827743e+01 -3.185378e+01
      vertex   -1.001380e+02 4.829216e+01 -3.191490e+01
      vertex   -1.000861e+02 4.831098e+01 -3.184826e+01
    endloop
  endfacet
  facet normal 4.174022e-01 -9.060932e-01 -6.906925e-02
    outer loop
      vertex   -1.000861e+02 4.831098e+01 -3.184826e+01
      vertex   -1.001380e+02 4.829216e+01 -3.191490e+01
      vertex   -9.998100e+01 4.836583e+01 -3.193263e+01
    endloop
  endfacet
  facet normal 4.358551e-01 -8.990591e-01 -4.150972e-02
    outer loop
      vertex   -1.000861e+02 4.831098e+01 -3.184826e+01
      vertex   -9.998100e+01 4.836583e+01 -3.193263e+01
      vertex   -9.999826e+01 4.835332e+01 -3.184295e+01
    endloop
  endfacet
  facet normal 5.206558e-01 -8.535587e-01 -1.884105e-02
    outer loop
      vertex   -9.999826e+01 4.835332e+01 -3.184295e+01
      vertex   -9.998100e+01 4.836583e+01 -3.193263e+01
      vertex   -9.991515e+01 4.840391e+01 -3.183792e+01
    endloop
  endfacet
  facet normal 5.696817e-01 -8.191498e-01 -6.675687e-02
    outer loop
      vertex   -9.991515e+01 4.840391e+01 -3.183792e+01
      vertex   -9.998100e+01 4.836583e+01 -3.193263e+01
      vertex   -9.983911e+01 4.846581e+01 -3.194867e+01
    endloop
  endfacet
  facet normal 6.015485e-01 -7.981487e-01 -3.313761e-02
    outer loop
      vertex   -9.991515e+01 4.840391e+01 -3.183792e+01
      vertex   -9.983911e+01 4.846581e+01 -3.194867e+01
      vertex   -9.983736e+01 4.846234e+01 -3.183322e+01
    endloop
  endfacet
  facet normal 6.763637e-01 -7.358546e-01 -3.240475e-02
    outer loop
      vertex   -9.983736e+01 4.846234e+01 -3.183322e+01
      vertex   -9.983911e+01 4.846581e+01 -3.194867e+01
      vertex   -9.976545e+01 4.852825e+01 -3.182887e+01
    endloop
  endfacet
  facet normal 7.042319e-01 -7.070281e-01 -6.456588e-02
    outer loop
      vertex   -9.976545e+01 4.852825e+01 -3.182887e+01
      vertex   -9.983911e+01 4.846581e+01 -3.194867e+01
      vertex   -9.971664e+01 4.858907e+01 -3.196251e+01
    endloop
  endfacet
  facet normal 7.448274e-01 -6.665225e-01 -3.130340e-02
    outer loop
      vertex   -9.976545e+01 4.852825e+01 -3.182887e+01
      vertex   -9.971664e+01 4.858907e+01 -3.196251e+01
      vertex   -9.970028e+01 4.860088e+01 -3.182493e+01
    endloop
  endfacet
  facet normal 8.060003e-01 -5.901924e-01 -4.512609e-02
    outer loop
      vertex   -9.970028e+01 4.860088e+01 -3.182493e+01
      vertex   -9.971664e+01 4.858907e+01 -3.196251e+01
      vertex   -9.964264e+01 4.867934e+01 -3.182145e+01
    endloop
  endfacet
  facet normal 8.170111e-01 -5.733108e-01 -6.170517e-02
    outer loop
      vertex   -9.964264e+01 4.867934e+01 -3.182145e+01
      vertex   -9.971664e+01 4.858907e+01 -3.196251e+01
      vertex   -9.961729e+01 4.873186e+01 -3.197374e+01
    endloop
  endfacet
  facet normal 8.596966e-01 -5.097585e-01 -3.268181e-02
    outer loop
      vertex   -9.964264e+01 4.867934e+01 -3.182145e+01
      vertex   -9.961729e+01 4.873186e+01 -3.197374e+01
      vertex   -9.959289e+01 4.876304e+01 -3.181844e+01
    endloop
  endfacet
  facet normal 9.044423e-01 -4.227460e-01 -5.718418e-02
    outer loop
      vertex   -9.959289e+01 4.876304e+01 -3.181844e+01
      vertex   -9.961729e+01 4.873186e+01 -3.197374e+01
      vertex   -9.955143e+01 4.885141e+01 -3.181594e+01
    endloop
  endfacet
  facet normal 9.046634e-01 -4.222040e-01 -5.768704e-02
    outer loop
      vertex   -9.955143e+01 4.885141e+01 -3.181594e+01
      vertex   -9.961729e+01 4.873186e+01 -3.197374e+01
      vertex   -9.954409e+01 4.888984e+01 -3.198201e+01
    endloop
  endfacet
  facet normal 9.420358e-01 -3.336248e-01 -3.553806e-02
    outer loop
      vertex   -9.955143e+01 4.885141e+01 -3.181594e+01
      vertex   -9.954409e+01 4.888984e+01 -3.198201e+01
      vertex   -9.951877e+01 4.894342e+01 -3.181396e+01
    endloop
  endfacet
  facet normal 9.639567e-01 -2.585467e-01 -6.277826e-02
    outer loop
      vertex   -9.951877e+01 4.894342e+01 -3.181396e+01
      vertex   -9.954409e+01 4.888984e+01 -3.198201e+01
      vertex   -9.949926e+01 4.905821e+01 -3.198707e+01
    endloop
  endfacet
  facet normal 9.694378e-01 -2.401905e-01 -4.998818e-02
    outer loop
      vertex   -9.951877e+01 4.894342e+01 -3.181396e+01
      vertex   -9.949926e+01 4.905821e+01 -3.198707e+01
      vertex   -9.949527e+01 4.903795e+01 -3.181254e+01
    endloop
  endfacet
  facet normal 9.886065e-01 -1.452726e-01 -3.940824e-02
    outer loop
      vertex   -9.949527e+01 4.903795e+01 -3.181254e+01
      vertex   -9.949926e+01 4.905821e+01 -3.198707e+01
      vertex   -9.948108e+01 4.913433e+01 -3.181168e+01
    endloop
  endfacet
  facet normal 9.940647e-01 -8.706025e-02 -6.523740e-02
    outer loop
      vertex   -9.948108e+01 4.913433e+01 -3.181168e+01
      vertex   -9.949926e+01 4.905821e+01 -3.198707e+01
      vertex   -9.948416e+01 4.923186e+01 -3.198878e+01
    endloop
  endfacet
  facet normal 9.978439e-01 -4.859130e-02 -4.411744e-02
    outer loop
      vertex   -9.948108e+01 4.913433e+01 -3.181168e+01
      vertex   -9.948416e+01 4.923186e+01 -3.198878e+01
      vertex   -9.947632e+01 4.923186e+01 -3.181140e+01
    endloop
  endfacet
  facet normal 8.602875e-02 -9.961684e-01 -1.573221e-02
    outer loop
      vertex   -1.003053e+02 4.824705e+01 -3.189599e+01
      vertex   -1.004845e+02 4.823186e+01 -3.191381e+01
      vertex   -1.003169e+02 4.824705e+01 -3.195963e+01
    endloop
  endfacet
  facet normal 8.306028e-02 -9.961896e-01 -2.659536e-02
    outer loop
      vertex   -1.003169e+02 4.824705e+01 -3.195963e+01
      vertex   -1.004845e+02 4.823186e+01 -3.191381e+01
      vertex   -1.004974e+02 4.823186e+01 -3.195430e+01
    endloop
  endfacet
  facet normal 8.303824e-02 -9.961725e-01 -2.729349e-02
    outer loop
      vertex   -1.003169e+02 4.824705e+01 -3.195963e+01
      vertex   -1.004974e+02 4.823186e+01 -3.195430e+01
      vertex   -1.003371e+02 4.824705e+01 -3.202108e+01
    endloop
  endfacet
  facet normal 7.853644e-02 -9.961829e-01 -3.810123e-02
    outer loop
      vertex   -1.003371e+02 4.824705e+01 -3.202108e+01
      vertex   -1.004974e+02 4.823186e+01 -3.195430e+01
      vertex   -1.005160e+02 4.823186e+01 -3.199254e+01
    endloop
  endfacet
  facet normal 7.849915e-02 -9.961770e-01 -3.833181e-02
    outer loop
      vertex   -1.003371e+02 4.824705e+01 -3.202108e+01
      vertex   -1.005160e+02 4.823186e+01 -3.199254e+01
      vertex   -1.003655e+02 4.824705e+01 -3.207921e+01
    endloop
  endfacet
  facet normal 2.330799e-01 -9.657743e-01 -1.138149e-01
    outer loop
      vertex   -1.003655e+02 4.824705e+01 -3.207921e+01
      vertex   -1.002196e+02 4.829216e+01 -3.216325e+01
      vertex   -1.003371e+02 4.824705e+01 -3.202108e+01
    endloop
  endfacet
  facet normal 2.330799e-01 -9.657743e-01 -1.138149e-01
    outer loop
      vertex   -1.003371e+02 4.824705e+01 -3.202108e+01
      vertex   -1.002196e+02 4.829216e+01 -3.216325e+01
      vertex   -1.001811e+02 4.829216e+01 -3.208446e+01
    endloop
  endfacet
  facet normal 2.464147e-01 -9.657743e-01 -8.099299e-02
    outer loop
      vertex   -1.003371e+02 4.824705e+01 -3.202108e+01
      vertex   -1.001811e+02 4.829216e+01 -3.208446e+01
      vertex   -1.003169e+02 4.824705e+01 -3.195963e+01
    endloop
  endfacet
  facet normal 2.464147e-01 -9.657743e-01 -8.099299e-02
    outer loop
      vertex   -1.003169e+02 4.824705e+01 -3.195963e+01
      vertex   -1.001811e+02 4.829216e+01 -3.208446e+01
      vertex   -1.001538e+02 4.829216e+01 -3.200115e+01
    endloop
  endfacet
  facet normal 2.551527e-01 -9.657743e-01 -4.666016e-02
    outer loop
      vertex   -1.003169e+02 4.824705e+01 -3.195963e+01
      vertex   -1.001538e+02 4.829216e+01 -3.200115e+01
      vertex   -1.003053e+02 4.824705e+01 -3.189599e+01
    endloop
  endfacet
  facet normal 2.551527e-01 -9.657743e-01 -4.666016e-02
    outer loop
      vertex   -1.003053e+02 4.824705e+01 -3.189599e+01
      vertex   -1.001538e+02 4.829216e+01 -3.200115e+01
      vertex   -1.001380e+02 4.829216e+01 -3.191490e+01
    endloop
  endfacet
  facet normal 3.804900e-01 -9.059288e-01 -1.857966e-01
    outer loop
      vertex   -1.002196e+02 4.829216e+01 -3.216325e+01
      vertex   -1.000827e+02 4.836583e+01 -3.224211e+01
      vertex   -1.001811e+02 4.829216e+01 -3.208446e+01
    endloop
  endfacet
  facet normal 3.804900e-01 -9.059288e-01 -1.857966e-01
    outer loop
      vertex   -1.001811e+02 4.829216e+01 -3.208446e+01
      vertex   -1.000827e+02 4.836583e+01 -3.224211e+01
      vertex   -1.000348e+02 4.836583e+01 -3.214392e+01
    endloop
  endfacet
  facet normal 4.022584e-01 -9.059288e-01 -1.322166e-01
    outer loop
      vertex   -1.001811e+02 4.829216e+01 -3.208446e+01
      vertex   -1.000348e+02 4.836583e+01 -3.214392e+01
      vertex   -1.001538e+02 4.829216e+01 -3.200115e+01
    endloop
  endfacet
  facet normal 4.022584e-01 -9.059288e-01 -1.322166e-01
    outer loop
      vertex   -1.001538e+02 4.829216e+01 -3.200115e+01
      vertex   -1.000348e+02 4.836583e+01 -3.214392e+01
      vertex   -1.000007e+02 4.836583e+01 -3.204012e+01
    endloop
  endfacet
  facet normal 4.165227e-01 -9.059288e-01 -7.617014e-02
    outer loop
      vertex   -1.001538e+02 4.829216e+01 -3.200115e+01
      vertex   -1.000007e+02 4.836583e+01 -3.204012e+01
      vertex   -1.001380e+02 4.829216e+01 -3.191490e+01
    endloop
  endfacet
  facet normal 4.165227e-01 -9.059288e-01 -7.617014e-02
    outer loop
      vertex   -1.001380e+02 4.829216e+01 -3.191490e+01
      vertex   -1.000007e+02 4.836583e+01 -3.204012e+01
      vertex   -9.998100e+01 4.836583e+01 -3.193263e+01
    endloop
  endfacet
  facet normal 5.162184e-01 -8.185214e-01 -2.520739e-01
    outer loop
      vertex   -1.000827e+02 4.836583e+01 -3.224211e+01
      vertex   -9.995899e+01 4.846581e+01 -3.231338e+01
      vertex   -1.000348e+02 4.836583e+01 -3.214392e+01
    endloop
  endfacet
  facet normal 5.162184e-01 -8.185214e-01 -2.520739e-01
    outer loop
      vertex   -1.000348e+02 4.836583e+01 -3.214392e+01
      vertex   -9.995899e+01 4.846581e+01 -3.231338e+01
      vertex   -9.990248e+01 4.846581e+01 -3.219767e+01
    endloop
  endfacet
  facet normal 5.457520e-01 -8.185214e-01 -1.793809e-01
    outer loop
      vertex   -1.000348e+02 4.836583e+01 -3.214392e+01
      vertex   -9.990248e+01 4.846581e+01 -3.219767e+01
      vertex   -1.000007e+02 4.836583e+01 -3.204012e+01
    endloop
  endfacet
  facet normal 5.457520e-01 -8.185214e-01 -1.793809e-01
    outer loop
      vertex   -1.000007e+02 4.836583e+01 -3.204012e+01
      vertex   -9.990248e+01 4.846581e+01 -3.219767e+01
      vertex   -9.986228e+01 4.846581e+01 -3.207534e+01
    endloop
  endfacet
  facet normal 5.651046e-01 -8.185214e-01 -1.033415e-01
    outer loop
      vertex   -1.000007e+02 4.836583e+01 -3.204012e+01
      vertex   -9.986228e+01 4.846581e+01 -3.207534e+01
      vertex   -9.998100e+01 4.836583e+01 -3.193263e+01
    endloop
  endfacet
  facet normal 5.651046e-01 -8.185214e-01 -1.033415e-01
    outer loop
      vertex   -9.998100e+01 4.836583e+01 -3.193263e+01
      vertex   -9.986228e+01 4.846581e+01 -3.207534e+01
      vertex   -9.983911e+01 4.846581e+01 -3.194867e+01
    endloop
  endfacet
  facet normal 6.361412e-01 -7.062799e-01 -3.106333e-01
    outer loop
      vertex   -9.995899e+01 4.846581e+01 -3.231338e+01
      vertex   -9.985218e+01 4.858907e+01 -3.237490e+01
      vertex   -9.990248e+01 4.846581e+01 -3.219767e+01
    endloop
  endfacet
  facet normal 6.361412e-01 -7.062799e-01 -3.106333e-01
    outer loop
      vertex   -9.990248e+01 4.846581e+01 -3.219767e+01
      vertex   -9.985218e+01 4.858907e+01 -3.237490e+01
      vertex   -9.978829e+01 4.858907e+01 -3.224406e+01
    endloop
  endfacet
  facet normal 6.725357e-01 -7.062799e-01 -2.210529e-01
    outer loop
      vertex   -9.990248e+01 4.846581e+01 -3.219767e+01
      vertex   -9.978829e+01 4.858907e+01 -3.224406e+01
      vertex   -9.986228e+01 4.846581e+01 -3.207534e+01
    endloop
  endfacet
  facet normal 6.725357e-01 -7.062799e-01 -2.210529e-01
    outer loop
      vertex   -9.986228e+01 4.846581e+01 -3.207534e+01
      vertex   -9.978829e+01 4.858907e+01 -3.224406e+01
      vertex   -9.974283e+01 4.858907e+01 -3.210574e+01
    endloop
  endfacet
  facet normal 6.963842e-01 -7.062799e-01 -1.273488e-01
    outer loop
      vertex   -9.986228e+01 4.846581e+01 -3.207534e+01
      vertex   -9.974283e+01 4.858907e+01 -3.210574e+01
      vertex   -9.983911e+01 4.846581e+01 -3.194867e+01
    endloop
  endfacet
  facet normal 6.963842e-01 -7.062799e-01 -1.273488e-01
    outer loop
      vertex   -9.983911e+01 4.846581e+01 -3.194867e+01
      vertex   -9.974283e+01 4.858907e+01 -3.210574e+01
      vertex   -9.971664e+01 4.858907e+01 -3.196251e+01
    endloop
  endfacet
  facet normal 7.366472e-01 -5.726769e-01 -3.597112e-01
    outer loop
      vertex   -9.985218e+01 4.858907e+01 -3.237490e+01
      vertex   -9.976555e+01 4.873186e+01 -3.242480e+01
      vertex   -9.978829e+01 4.858907e+01 -3.224406e+01
    endloop
  endfacet
  facet normal 7.366472e-01 -5.726769e-01 -3.597112e-01
    outer loop
      vertex   -9.978829e+01 4.858907e+01 -3.224406e+01
      vertex   -9.976555e+01 4.873186e+01 -3.242480e+01
      vertex   -9.969566e+01 4.873186e+01 -3.228169e+01
    endloop
  endfacet
  facet normal 7.787917e-01 -5.726769e-01 -2.559778e-01
    outer loop
      vertex   -9.978829e+01 4.858907e+01 -3.224406e+01
      vertex   -9.969566e+01 4.873186e+01 -3.228169e+01
      vertex   -9.974283e+01 4.858907e+01 -3.210574e+01
    endloop
  endfacet
  facet normal 7.787917e-01 -5.726769e-01 -2.559778e-01
    outer loop
      vertex   -9.974283e+01 4.858907e+01 -3.210574e+01
      vertex   -9.969566e+01 4.873186e+01 -3.228169e+01
      vertex   -9.964594e+01 4.873186e+01 -3.213040e+01
    endloop
  endfacet
  facet normal 8.064081e-01 -5.726769e-01 -1.474691e-01
    outer loop
      vertex   -9.974283e+01 4.858907e+01 -3.210574e+01
      vertex   -9.964594e+01 4.873186e+01 -3.213040e+01
      vertex   -9.971664e+01 4.858907e+01 -3.196251e+01
    endloop
  endfacet
  facet normal 8.064081e-01 -5.726769e-01 -1.474691e-01
    outer loop
      vertex   -9.971664e+01 4.858907e+01 -3.196251e+01
      vertex   -9.964594e+01 4.873186e+01 -3.213040e+01
      vertex   -9.961729e+01 4.873186e+01 -3.197374e+01
    endloop
  endfacet
  facet normal 8.147385e-01 -4.218073e-01 -3.978439e-01
    outer loop
      vertex   -9.976555e+01 4.873186e+01 -3.242480e+01
      vertex   -9.970171e+01 4.888984e+01 -3.246157e+01
      vertex   -9.969566e+01 4.873186e+01 -3.228169e+01
    endloop
  endfacet
  facet normal 8.147385e-01 -4.218073e-01 -3.978439e-01
    outer loop
      vertex   -9.969566e+01 4.873186e+01 -3.228169e+01
      vertex   -9.970171e+01 4.888984e+01 -3.246157e+01
      vertex   -9.962741e+01 4.888984e+01 -3.230942e+01
    endloop
  endfacet
  facet normal 8.613508e-01 -4.218073e-01 -2.831137e-01
    outer loop
      vertex   -9.969566e+01 4.873186e+01 -3.228169e+01
      vertex   -9.962741e+01 4.888984e+01 -3.230942e+01
      vertex   -9.964594e+01 4.873186e+01 -3.213040e+01
    endloop
  endfacet
  facet normal 8.613508e-01 -4.218073e-01 -2.831137e-01
    outer loop
      vertex   -9.964594e+01 4.873186e+01 -3.213040e+01
      vertex   -9.962741e+01 4.888984e+01 -3.230942e+01
      vertex   -9.957454e+01 4.888984e+01 -3.214857e+01
    endloop
  endfacet
  facet normal 8.918948e-01 -4.218073e-01 -1.631022e-01
    outer loop
      vertex   -9.964594e+01 4.873186e+01 -3.213040e+01
      vertex   -9.957454e+01 4.888984e+01 -3.214857e+01
      vertex   -9.961729e+01 4.873186e+01 -3.197374e+01
    endloop
  endfacet
  facet normal 8.918948e-01 -4.218073e-01 -1.631022e-01
    outer loop
      vertex   -9.961729e+01 4.873186e+01 -3.197374e+01
      vertex   -9.957454e+01 4.888984e+01 -3.214857e+01
      vertex   -9.954409e+01 4.888984e+01 -3.198201e+01
    endloop
  endfacet
  facet normal 8.681069e-01 -2.582552e-01 -4.239041e-01
    outer loop
      vertex   -9.970171e+01 4.888984e+01 -3.246157e+01
      vertex   -9.966262e+01 4.905821e+01 -3.248409e+01
      vertex   -9.962741e+01 4.888984e+01 -3.230942e+01
    endloop
  endfacet
  facet normal 8.681069e-01 -2.582552e-01 -4.239041e-01
    outer loop
      vertex   -9.962741e+01 4.888984e+01 -3.230942e+01
      vertex   -9.966262e+01 4.905821e+01 -3.248409e+01
      vertex   -9.958562e+01 4.905821e+01 -3.232640e+01
    endloop
  endfacet
  facet normal 9.177725e-01 -2.582552e-01 -3.016587e-01
    outer loop
      vertex   -9.962741e+01 4.888984e+01 -3.230942e+01
      vertex   -9.958562e+01 4.905821e+01 -3.232640e+01
      vertex   -9.957454e+01 4.888984e+01 -3.214857e+01
    endloop
  endfacet
  facet normal 9.177725e-01 -2.582552e-01 -3.016587e-01
    outer loop
      vertex   -9.957454e+01 4.888984e+01 -3.214857e+01
      vertex   -9.958562e+01 4.905821e+01 -3.232640e+01
      vertex   -9.953082e+01 4.905821e+01 -3.215969e+01
    endloop
  endfacet
  facet normal 9.503172e-01 -2.582552e-01 -1.737860e-01
    outer loop
      vertex   -9.957454e+01 4.888984e+01 -3.214857e+01
      vertex   -9.953082e+01 4.905821e+01 -3.215969e+01
      vertex   -9.954409e+01 4.888984e+01 -3.198201e+01
    endloop
  endfacet
  facet normal 9.503172e-01 -2.582552e-01 -1.737860e-01
    outer loop
      vertex   -9.954409e+01 4.888984e+01 -3.198201e+01
      vertex   -9.953082e+01 4.905821e+01 -3.215969e+01
      vertex   -9.949926e+01 4.905821e+01 -3.198707e+01
    endloop
  endfacet
  facet normal 8.951864e-01 -8.695381e-02 -4.371273e-01
    outer loop
      vertex   -9.966262e+01 4.905821e+01 -3.248409e+01
      vertex   -9.964945e+01 4.923186e+01 -3.249167e+01
      vertex   -9.958562e+01 4.905821e+01 -3.232640e+01
    endloop
  endfacet
  facet normal 8.951864e-01 -8.695381e-02 -4.371273e-01
    outer loop
      vertex   -9.958562e+01 4.905821e+01 -3.232640e+01
      vertex   -9.964945e+01 4.923186e+01 -3.249167e+01
      vertex   -9.957154e+01 4.923186e+01 -3.233212e+01
    endloop
  endfacet
  facet normal 9.464013e-01 -8.695381e-02 -3.110686e-01
    outer loop
      vertex   -9.958562e+01 4.905821e+01 -3.232640e+01
      vertex   -9.957154e+01 4.923186e+01 -3.233212e+01
      vertex   -9.953082e+01 4.905821e+01 -3.215969e+01
    endloop
  endfacet
  facet normal 9.464013e-01 -8.695381e-02 -3.110686e-01
    outer loop
      vertex   -9.953082e+01 4.905821e+01 -3.215969e+01
      vertex   -9.957154e+01 4.923186e+01 -3.233212e+01
      vertex   -9.951610e+01 4.923186e+01 -3.216344e+01
    endloop
  endfacet
  facet normal 9.799612e-01 -8.695381e-02 -1.792070e-01
    outer loop
      vertex   -9.953082e+01 4.905821e+01 -3.215969e+01
      vertex   -9.951610e+01 4.923186e+01 -3.216344e+01
      vertex   -9.949926e+01 4.905821e+01 -3.198707e+01
    endloop
  endfacet
  facet normal 9.799612e-01 -8.695381e-02 -1.792070e-01
    outer loop
      vertex   -9.949926e+01 4.905821e+01 -3.198707e+01
      vertex   -9.951610e+01 4.923186e+01 -3.216344e+01
      vertex   -9.948416e+01 4.923186e+01 -3.198878e+01
    endloop
  endfacet
  facet normal 8.985900e-01 0.000000e+00 -4.387893e-01
    outer loop
      vertex   -9.964945e+01 4.923186e+01 -3.249167e+01
      vertex   -9.964945e+01 4.951771e+01 -3.249167e+01
      vertex   -9.957154e+01 4.923186e+01 -3.233212e+01
    endloop
  endfacet
  facet normal 8.985900e-01 2.997062e-13 -4.387893e-01
    outer loop
      vertex   -9.957154e+01 4.923186e+01 -3.233212e+01
      vertex   -9.964945e+01 4.951771e+01 -3.249167e+01
      vertex   -9.957154e+01 4.951771e+01 -3.233212e+01
    endloop
  endfacet
  facet normal 9.499995e-01 2.904677e-13 -3.122513e-01
    outer loop
      vertex   -9.957154e+01 4.923186e+01 -3.233212e+01
      vertex   -9.957154e+01 4.951771e+01 -3.233212e+01
      vertex   -9.951610e+01 4.923186e+01 -3.216344e+01
    endloop
  endfacet
  facet normal 9.499995e-01 8.603493e-14 -3.122513e-01
    outer loop
      vertex   -9.951610e+01 4.923186e+01 -3.216344e+01
      vertex   -9.957154e+01 4.951771e+01 -3.233212e+01
      vertex   -9.951610e+01 4.951771e+01 -3.216344e+01
    endloop
  endfacet
  facet normal 9.836870e-01 7.125920e-14 -1.798884e-01
    outer loop
      vertex   -9.951610e+01 4.923186e+01 -3.216344e+01
      vertex   -9.951610e+01 4.951771e+01 -3.216344e+01
      vertex   -9.948416e+01 4.923186e+01 -3.198878e+01
    endloop
  endfacet
  facet normal 9.836870e-01 -2.844702e-13 -1.798884e-01
    outer loop
      vertex   -9.948416e+01 4.923186e+01 -3.198878e+01
      vertex   -9.951610e+01 4.951771e+01 -3.216344e+01
      vertex   -9.948416e+01 4.951771e+01 -3.198878e+01
    endloop
  endfacet
  facet normal 9.990240e-01 -2.957919e-13 -4.416961e-02
    outer loop
      vertex   -9.948416e+01 4.923186e+01 -3.198878e+01
      vertex   -9.948416e+01 4.951771e+01 -3.198878e+01
      vertex   -9.947632e+01 4.923186e+01 -3.181140e+01
    endloop
  endfacet
  facet normal 9.990240e-01 0.000000e+00 -4.416961e-02
    outer loop
      vertex   -9.947632e+01 4.923186e+01 -3.181140e+01
      vertex   -9.948416e+01 4.951771e+01 -3.198878e+01
      vertex   -9.947632e+01 4.951771e+01 -3.181140e+01
    endloop
  endfacet
  facet normal 9.958938e-01 7.909956e-02 -4.403122e-02
    outer loop
      vertex   -9.947632e+01 4.951771e+01 -3.181140e+01
      vertex   -9.948416e+01 4.951771e+01 -3.198878e+01
      vertex   -9.948893e+01 4.967615e+01 -3.181216e+01
    endloop
  endfacet
  facet normal 9.958732e-01 7.927256e-02 -4.418696e-02
    outer loop
      vertex   -9.948893e+01 4.967615e+01 -3.181216e+01
      vertex   -9.948416e+01 4.951771e+01 -3.198878e+01
      vertex   -9.949671e+01 4.967612e+01 -3.198736e+01
    endloop
  endfacet
  facet normal 9.709612e-01 2.353219e-01 -4.310432e-02
    outer loop
      vertex   -9.948893e+01 4.967615e+01 -3.181216e+01
      vertex   -9.949671e+01 4.967612e+01 -3.198736e+01
      vertex   -9.952646e+01 4.983058e+01 -3.181443e+01
    endloop
  endfacet
  facet normal 9.708105e-01 2.358511e-01 -4.360291e-02
    outer loop
      vertex   -9.952646e+01 4.983058e+01 -3.181443e+01
      vertex   -9.949671e+01 4.967612e+01 -3.198736e+01
      vertex   -9.953403e+01 4.983053e+01 -3.198314e+01
    endloop
  endfacet
  facet normal 9.216713e-01 3.857525e-01 -4.143760e-02
    outer loop
      vertex   -9.952646e+01 4.983058e+01 -3.181443e+01
      vertex   -9.953403e+01 4.983053e+01 -3.198314e+01
      vertex   -9.958795e+01 4.997709e+01 -3.181814e+01
    endloop
  endfacet
  facet normal 9.212916e-01 3.865668e-01 -4.228491e-02
    outer loop
      vertex   -9.958795e+01 4.997709e+01 -3.181814e+01
      vertex   -9.953403e+01 4.983053e+01 -3.198314e+01
      vertex   -9.959519e+01 4.997704e+01 -3.197623e+01
    endloop
  endfacet
  facet normal 8.491826e-01 5.266552e-01 -3.902799e-02
    outer loop
      vertex   -9.958795e+01 4.997709e+01 -3.181814e+01
      vertex   -9.959519e+01 4.997704e+01 -3.197623e+01
      vertex   -9.967185e+01 5.011199e+01 -3.182322e+01
    endloop
  endfacet
  facet normal 8.485108e-01 5.276461e-01 -4.023845e-02
    outer loop
      vertex   -9.967185e+01 5.011199e+01 -3.182322e+01
      vertex   -9.959519e+01 4.997704e+01 -3.197623e+01
      vertex   -9.967863e+01 5.011195e+01 -3.196680e+01
    endloop
  endfacet
  facet normal 7.552186e-01 6.544913e-01 -3.586056e-02
    outer loop
      vertex   -9.967185e+01 5.011199e+01 -3.182322e+01
      vertex   -9.967863e+01 5.011195e+01 -3.196680e+01
      vertex   -9.977603e+01 5.023186e+01 -3.182951e+01
    endloop
  endfacet
  facet normal 7.524094e-01 6.574532e-01 -4.044007e-02
    outer loop
      vertex   -9.977603e+01 5.023186e+01 -3.182951e+01
      vertex   -9.967863e+01 5.011195e+01 -3.196680e+01
      vertex   -9.978321e+01 5.023186e+01 -3.196319e+01
    endloop
  endfacet
  facet normal 7.445749e-01 6.535045e-01 -1.361616e-01
    outer loop
      vertex   -9.978321e+01 5.023186e+01 -3.196319e+01
      vertex   -9.967863e+01 5.011195e+01 -3.196680e+01
      vertex   -9.970576e+01 5.011195e+01 -3.211517e+01
    endloop
  endfacet
  facet normal 7.408179e-01 6.568083e-01 -1.406826e-01
    outer loop
      vertex   -9.978321e+01 5.023186e+01 -3.196319e+01
      vertex   -9.970576e+01 5.011195e+01 -3.211517e+01
      vertex   -9.980819e+01 5.023186e+01 -3.209471e+01
    endloop
  endfacet
  facet normal 7.185803e-01 6.541085e-01 -2.361871e-01
    outer loop
      vertex   -9.980819e+01 5.023186e+01 -3.209471e+01
      vertex   -9.970576e+01 5.011195e+01 -3.211517e+01
      vertex   -9.975286e+01 5.011195e+01 -3.225845e+01
    endloop
  endfacet
  facet normal 7.159462e-01 6.561329e-01 -2.385595e-01
    outer loop
      vertex   -9.980819e+01 5.023186e+01 -3.209471e+01
      vertex   -9.975286e+01 5.011195e+01 -3.225845e+01
      vertex   -9.985051e+01 5.023186e+01 -3.222172e+01
    endloop
  endfacet
  facet normal 6.792047e-01 6.547378e-01 -3.316616e-01
    outer loop
      vertex   -9.985051e+01 5.023186e+01 -3.222172e+01
      vertex   -9.975286e+01 5.011195e+01 -3.225845e+01
      vertex   -9.981904e+01 5.011195e+01 -3.239399e+01
    endloop
  endfacet
  facet normal 6.782171e-01 6.554266e-01 -3.323214e-01
    outer loop
      vertex   -9.985051e+01 5.023186e+01 -3.222172e+01
      vertex   -9.981904e+01 5.011195e+01 -3.239399e+01
      vertex   -9.990941e+01 5.023186e+01 -3.234193e+01
    endloop
  endfacet
  facet normal 9.805914e-01 7.927171e-02 -1.793223e-01
    outer loop
      vertex   -9.949671e+01 4.967612e+01 -3.198736e+01
      vertex   -9.948416e+01 4.951771e+01 -3.198878e+01
      vertex   -9.952834e+01 4.967612e+01 -3.216033e+01
    endloop
  endfacet
  facet normal 9.805914e-01 7.927171e-02 -1.793223e-01
    outer loop
      vertex   -9.952834e+01 4.967612e+01 -3.216033e+01
      vertex   -9.948416e+01 4.951771e+01 -3.198878e+01
      vertex   -9.951610e+01 4.951771e+01 -3.216344e+01
    endloop
  endfacet
  facet normal 9.470099e-01 7.927171e-02 -3.112687e-01
    outer loop
      vertex   -9.952834e+01 4.967612e+01 -3.216033e+01
      vertex   -9.951610e+01 4.951771e+01 -3.216344e+01
      vertex   -9.958324e+01 4.967612e+01 -3.232737e+01
    endloop
  endfacet
  facet normal 9.470099e-01 7.927171e-02 -3.112687e-01
    outer loop
      vertex   -9.958324e+01 4.967612e+01 -3.232737e+01
      vertex   -9.951610e+01 4.951771e+01 -3.216344e+01
      vertex   -9.957154e+01 4.951771e+01 -3.233212e+01
    endloop
  endfacet
  facet normal 8.957622e-01 7.927171e-02 -4.374084e-01
    outer loop
      vertex   -9.958324e+01 4.967612e+01 -3.232737e+01
      vertex   -9.957154e+01 4.951771e+01 -3.233212e+01
      vertex   -9.966039e+01 4.967612e+01 -3.248537e+01
    endloop
  endfacet
  facet normal 8.957622e-01 7.927171e-02 -4.374084e-01
    outer loop
      vertex   -9.966039e+01 4.967612e+01 -3.248537e+01
      vertex   -9.957154e+01 4.951771e+01 -3.233212e+01
      vertex   -9.964945e+01 4.951771e+01 -3.249167e+01
    endloop
  endfacet
  facet normal 8.732424e-01 2.358405e-01 -4.264118e-01
    outer loop
      vertex   -9.966039e+01 4.967612e+01 -3.248537e+01
      vertex   -9.969294e+01 4.983053e+01 -3.246662e+01
      vertex   -9.958324e+01 4.967612e+01 -3.232737e+01
    endloop
  endfacet
  facet normal 8.732424e-01 2.358405e-01 -4.264118e-01
    outer loop
      vertex   -9.958324e+01 4.967612e+01 -3.232737e+01
      vertex   -9.969294e+01 4.983053e+01 -3.246662e+01
      vertex   -9.961804e+01 4.983053e+01 -3.231323e+01
    endloop
  endfacet
  facet normal 9.232017e-01 2.358405e-01 -3.034433e-01
    outer loop
      vertex   -9.958324e+01 4.967612e+01 -3.232737e+01
      vertex   -9.961804e+01 4.983053e+01 -3.231323e+01
      vertex   -9.952834e+01 4.967612e+01 -3.216033e+01
    endloop
  endfacet
  facet normal 9.232017e-01 2.358405e-01 -3.034433e-01
    outer loop
      vertex   -9.952834e+01 4.967612e+01 -3.216033e+01
      vertex   -9.961804e+01 4.983053e+01 -3.231323e+01
      vertex   -9.956474e+01 4.983053e+01 -3.215106e+01
    endloop
  endfacet
  facet normal 9.559390e-01 2.358405e-01 -1.748140e-01
    outer loop
      vertex   -9.952834e+01 4.967612e+01 -3.216033e+01
      vertex   -9.956474e+01 4.983053e+01 -3.215106e+01
      vertex   -9.949671e+01 4.967612e+01 -3.198736e+01
    endloop
  endfacet
  facet normal 9.559390e-01 2.358405e-01 -1.748140e-01
    outer loop
      vertex   -9.949671e+01 4.967612e+01 -3.198736e+01
      vertex   -9.956474e+01 4.983053e+01 -3.215106e+01
      vertex   -9.953403e+01 4.983053e+01 -3.198314e+01
    endloop
  endfacet
  facet normal 8.287490e-01 3.865294e-01 -4.046853e-01
    outer loop
      vertex   -9.969294e+01 4.983053e+01 -3.246662e+01
      vertex   -9.974627e+01 4.997704e+01 -3.243590e+01
      vertex   -9.961804e+01 4.983053e+01 -3.231323e+01
    endloop
  endfacet
  facet normal 8.287490e-01 3.865294e-01 -4.046853e-01
    outer loop
      vertex   -9.961804e+01 4.983053e+01 -3.231323e+01
      vertex   -9.974627e+01 4.997704e+01 -3.243590e+01
      vertex   -9.967506e+01 4.997704e+01 -3.229006e+01
    endloop
  endfacet
  facet normal 8.761628e-01 3.865294e-01 -2.879822e-01
    outer loop
      vertex   -9.961804e+01 4.983053e+01 -3.231323e+01
      vertex   -9.967506e+01 4.997704e+01 -3.229006e+01
      vertex   -9.956474e+01 4.983053e+01 -3.215106e+01
    endloop
  endfacet
  facet normal 8.761628e-01 3.865294e-01 -2.879822e-01
    outer loop
      vertex   -9.956474e+01 4.983053e+01 -3.215106e+01
      vertex   -9.967506e+01 4.997704e+01 -3.229006e+01
      vertex   -9.962438e+01 4.997704e+01 -3.213588e+01
    endloop
  endfacet
  facet normal 9.072320e-01 3.865294e-01 -1.659069e-01
    outer loop
      vertex   -9.956474e+01 4.983053e+01 -3.215106e+01
      vertex   -9.962438e+01 4.997704e+01 -3.213588e+01
      vertex   -9.953403e+01 4.983053e+01 -3.198314e+01
    endloop
  endfacet
  facet normal 9.072320e-01 3.865294e-01 -1.659069e-01
    outer loop
      vertex   -9.953403e+01 4.983053e+01 -3.198314e+01
      vertex   -9.962438e+01 4.997704e+01 -3.213588e+01
      vertex   -9.959519e+01 4.997704e+01 -3.197623e+01
    endloop
  endfacet
  facet normal 7.633656e-01 5.275645e-01 -3.727581e-01
    outer loop
      vertex   -9.974627e+01 4.997704e+01 -3.243590e+01
      vertex   -9.981904e+01 5.011195e+01 -3.239399e+01
      vertex   -9.967506e+01 4.997704e+01 -3.229006e+01
    endloop
  endfacet
  facet normal 7.633656e-01 5.275645e-01 -3.727581e-01
    outer loop
      vertex   -9.967506e+01 4.997704e+01 -3.229006e+01
      vertex   -9.981904e+01 5.011195e+01 -3.239399e+01
      vertex   -9.975286e+01 5.011195e+01 -3.225845e+01
    endloop
  endfacet
  facet normal 8.070388e-01 5.275645e-01 -2.652622e-01
    outer loop
      vertex   -9.967506e+01 4.997704e+01 -3.229006e+01
      vertex   -9.975286e+01 5.011195e+01 -3.225845e+01
      vertex   -9.962438e+01 4.997704e+01 -3.213588e+01
    endloop
  endfacet
  facet normal 8.070388e-01 5.275645e-01 -2.652622e-01
    outer loop
      vertex   -9.962438e+01 4.997704e+01 -3.213588e+01
      vertex   -9.975286e+01 5.011195e+01 -3.225845e+01
      vertex   -9.970576e+01 5.011195e+01 -3.211517e+01
    endloop
  endfacet
  facet normal 8.356568e-01 5.275645e-01 -1.528178e-01
    outer loop
      vertex   -9.962438e+01 4.997704e+01 -3.213588e+01
      vertex   -9.970576e+01 5.011195e+01 -3.211517e+01
      vertex   -9.959519e+01 4.997704e+01 -3.197623e+01
    endloop
  endfacet
  facet normal 8.356568e-01 5.275645e-01 -1.528178e-01
    outer loop
      vertex   -9.959519e+01 4.997704e+01 -3.197623e+01
      vertex   -9.970576e+01 5.011195e+01 -3.211517e+01
      vertex   -9.967863e+01 5.011195e+01 -3.196680e+01
    endloop
  endfacet
  facet normal -7.452082e-01 6.544062e-01 -1.281297e-01
    outer loop
      vertex   -5.257798e+01 5.011199e+01 -3.194484e+01
      vertex   -5.247380e+01 5.023186e+01 -3.193854e+01
      vertex   -5.255288e+01 5.011195e+01 -3.209104e+01
    endloop
  endfacet
  facet normal -7.420233e-01 6.572470e-01 -1.320148e-01
    outer loop
      vertex   -5.255288e+01 5.011195e+01 -3.209104e+01
      vertex   -5.247380e+01 5.023186e+01 -3.193854e+01
      vertex   -5.244979e+01 5.023186e+01 -3.207355e+01
    endloop
  endfacet
  facet normal -7.212604e-01 6.535942e-01 -2.293428e-01
    outer loop
      vertex   -5.255288e+01 5.011195e+01 -3.209104e+01
      vertex   -5.244979e+01 5.023186e+01 -3.207355e+01
      vertex   -5.250578e+01 5.011195e+01 -3.223915e+01
    endloop
  endfacet
  facet normal -7.177362e-01 6.563435e-01 -2.325252e-01
    outer loop
      vertex   -5.250578e+01 5.011195e+01 -3.223915e+01
      vertex   -5.244979e+01 5.023186e+01 -3.207355e+01
      vertex   -5.240752e+01 5.023186e+01 -3.220400e+01
    endloop
  endfacet
  facet normal -6.812584e-01 6.544438e-01 -3.280097e-01
    outer loop
      vertex   -5.250578e+01 5.011195e+01 -3.223915e+01
      vertex   -5.240752e+01 5.023186e+01 -3.220400e+01
      vertex   -5.243836e+01 5.011195e+01 -3.237918e+01
    endloop
  endfacet
  facet normal -6.799285e-01 6.553853e-01 -3.288882e-01
    outer loop
      vertex   -5.243836e+01 5.011195e+01 -3.237918e+01
      vertex   -5.240752e+01 5.023186e+01 -3.220400e+01
      vertex   -5.234782e+01 5.023186e+01 -3.232744e+01
    endloop
  endfacet
  facet normal -7.654468e-01 5.275094e-01 -3.685444e-01
    outer loop
      vertex   -5.243836e+01 5.011195e+01 -3.237918e+01
      vertex   -5.251128e+01 4.997704e+01 -3.242084e+01
      vertex   -5.250578e+01 5.011195e+01 -3.223915e+01
    endloop
  endfacet
  facet normal -7.654468e-01 5.275094e-01 -3.685444e-01
    outer loop
      vertex   -5.250578e+01 5.011195e+01 -3.223915e+01
      vertex   -5.251128e+01 4.997704e+01 -3.242084e+01
      vertex   -5.258382e+01 4.997704e+01 -3.227016e+01
    endloop
  endfacet
  facet normal -8.096057e-01 5.275094e-01 -2.574344e-01
    outer loop
      vertex   -5.250578e+01 5.011195e+01 -3.223915e+01
      vertex   -5.258382e+01 4.997704e+01 -3.227016e+01
      vertex   -5.255288e+01 5.011195e+01 -3.209104e+01
    endloop
  endfacet
  facet normal -8.096057e-01 5.275094e-01 -2.574344e-01
    outer loop
      vertex   -5.255288e+01 5.011195e+01 -3.209104e+01
      vertex   -5.258382e+01 4.997704e+01 -3.227016e+01
      vertex   -5.263450e+01 4.997704e+01 -3.211079e+01
    endloop
  endfacet
  facet normal -8.372205e-01 5.275935e-01 -1.438991e-01
    outer loop
      vertex   -5.255288e+01 5.011195e+01 -3.209104e+01
      vertex   -5.263450e+01 4.997704e+01 -3.211079e+01
      vertex   -5.257798e+01 5.011199e+01 -3.194484e+01
    endloop
  endfacet
  facet normal -8.380558e-01 5.265698e-01 -1.427822e-01
    outer loop
      vertex   -5.257798e+01 5.011199e+01 -3.194484e+01
      vertex   -5.263450e+01 4.997704e+01 -3.211079e+01
      vertex   -5.266188e+01 4.997709e+01 -3.194991e+01
    endloop
  endfacet
  facet normal -9.091892e-01 3.865203e-01 -1.548453e-01
    outer loop
      vertex   -5.266188e+01 4.997709e+01 -3.194991e+01
      vertex   -5.263450e+01 4.997704e+01 -3.211079e+01
      vertex   -5.269432e+01 4.983053e+01 -3.212527e+01
    endloop
  endfacet
  facet normal -9.096809e-01 3.856795e-01 -1.540516e-01
    outer loop
      vertex   -5.266188e+01 4.997709e+01 -3.194991e+01
      vertex   -5.269432e+01 4.983053e+01 -3.212527e+01
      vertex   -5.272337e+01 4.983058e+01 -3.195363e+01
    endloop
  endfacet
  facet normal -9.581620e-01 2.358193e-01 -1.622185e-01
    outer loop
      vertex   -5.272337e+01 4.983058e+01 -3.195363e+01
      vertex   -5.269432e+01 4.983053e+01 -3.212527e+01
      vertex   -5.273083e+01 4.967612e+01 -3.213410e+01
    endloop
  endfacet
  facet normal -9.583769e-01 2.352728e-01 -1.617420e-01
    outer loop
      vertex   -5.272337e+01 4.983058e+01 -3.195363e+01
      vertex   -5.273083e+01 4.967612e+01 -3.213410e+01
      vertex   -5.276090e+01 4.967615e+01 -3.195590e+01
    endloop
  endfacet
  facet normal -9.829576e-01 7.926119e-02 -1.658675e-01
    outer loop
      vertex   -5.276090e+01 4.967615e+01 -3.195590e+01
      vertex   -5.273083e+01 4.967612e+01 -3.213410e+01
      vertex   -5.274310e+01 4.951771e+01 -3.213707e+01
    endloop
  endfacet
  facet normal -9.829977e-01 7.908221e-02 -1.657149e-01
    outer loop
      vertex   -5.276090e+01 4.967615e+01 -3.195590e+01
      vertex   -5.274310e+01 4.951771e+01 -3.213707e+01
      vertex   -5.277351e+01 4.951771e+01 -3.195666e+01
    endloop
  endfacet
  facet normal -8.309929e-01 3.864818e-01 -4.001033e-01
    outer loop
      vertex   -5.251128e+01 4.997704e+01 -3.242084e+01
      vertex   -5.256471e+01 4.983053e+01 -3.245138e+01
      vertex   -5.258382e+01 4.997704e+01 -3.227016e+01
    endloop
  endfacet
  facet normal -8.309929e-01 3.864818e-01 -4.001033e-01
    outer loop
      vertex   -5.258382e+01 4.997704e+01 -3.227016e+01
      vertex   -5.256471e+01 4.983053e+01 -3.245138e+01
      vertex   -5.264102e+01 4.983053e+01 -3.229289e+01
    endloop
  endfacet
  facet normal -8.789331e-01 3.864818e-01 -2.794788e-01
    outer loop
      vertex   -5.258382e+01 4.997704e+01 -3.227016e+01
      vertex   -5.264102e+01 4.983053e+01 -3.229289e+01
      vertex   -5.263450e+01 4.997704e+01 -3.211079e+01
    endloop
  endfacet
  facet normal -8.789331e-01 3.864818e-01 -2.794788e-01
    outer loop
      vertex   -5.263450e+01 4.997704e+01 -3.211079e+01
      vertex   -5.264102e+01 4.983053e+01 -3.229289e+01
      vertex   -5.269432e+01 4.983053e+01 -3.212527e+01
    endloop
  endfacet
  facet normal -8.755949e-01 2.358083e-01 -4.215781e-01
    outer loop
      vertex   -5.256471e+01 4.983053e+01 -3.245138e+01
      vertex   -5.259733e+01 4.967612e+01 -3.247001e+01
      vertex   -5.264102e+01 4.983053e+01 -3.229289e+01
    endloop
  endfacet
  facet normal -8.755949e-01 2.358083e-01 -4.215781e-01
    outer loop
      vertex   -5.264102e+01 4.983053e+01 -3.229289e+01
      vertex   -5.259733e+01 4.967612e+01 -3.247001e+01
      vertex   -5.267592e+01 4.967612e+01 -3.230677e+01
    endloop
  endfacet
  facet normal -9.261082e-01 2.358083e-01 -2.944792e-01
    outer loop
      vertex   -5.264102e+01 4.983053e+01 -3.229289e+01
      vertex   -5.267592e+01 4.967612e+01 -3.230677e+01
      vertex   -5.269432e+01 4.983053e+01 -3.212527e+01
    endloop
  endfacet
  facet normal -9.261082e-01 2.358083e-01 -2.944792e-01
    outer loop
      vertex   -5.269432e+01 4.983053e+01 -3.212527e+01
      vertex   -5.267592e+01 4.967612e+01 -3.230677e+01
      vertex   -5.273083e+01 4.967612e+01 -3.213410e+01
    endloop
  endfacet
  facet normal -8.981689e-01 7.926031e-02 -4.324470e-01
    outer loop
      vertex   -5.259733e+01 4.967612e+01 -3.247001e+01
      vertex   -5.260829e+01 4.951771e+01 -3.247628e+01
      vertex   -5.267592e+01 4.967612e+01 -3.230677e+01
    endloop
  endfacet
  facet normal -8.981689e-01 7.926031e-02 -4.324470e-01
    outer loop
      vertex   -5.267592e+01 4.967612e+01 -3.230677e+01
      vertex   -5.260829e+01 4.951771e+01 -3.247628e+01
      vertex   -5.268766e+01 4.951771e+01 -3.231143e+01
    endloop
  endfacet
  facet normal -9.499846e-01 7.926031e-02 -3.020713e-01
    outer loop
      vertex   -5.267592e+01 4.967612e+01 -3.230677e+01
      vertex   -5.268766e+01 4.951771e+01 -3.231143e+01
      vertex   -5.273083e+01 4.967612e+01 -3.213410e+01
    endloop
  endfacet
  facet normal -9.499846e-01 7.926031e-02 -3.020713e-01
    outer loop
      vertex   -5.273083e+01 4.967612e+01 -3.213410e+01
      vertex   -5.268766e+01 4.951771e+01 -3.231143e+01
      vertex   -5.274310e+01 4.951771e+01 -3.213707e+01
    endloop
  endfacet
  facet normal -9.959124e-01 7.910311e-02 4.360181e-02
    outer loop
      vertex   -5.277351e+01 4.951771e+01 -3.195666e+01
      vertex   -5.276580e+01 4.951771e+01 -3.178039e+01
      vertex   -5.276090e+01 4.967615e+01 -3.195590e+01
    endloop
  endfacet
  facet normal -9.958920e-01 7.927487e-02 4.375744e-02
    outer loop
      vertex   -5.276090e+01 4.967615e+01 -3.195590e+01
      vertex   -5.276580e+01 4.951771e+01 -3.178039e+01
      vertex   -5.275325e+01 4.967612e+01 -3.178180e+01
    endloop
  endfacet
  facet normal -9.709772e-01 2.353320e-01 4.268559e-02
    outer loop
      vertex   -5.276090e+01 4.967615e+01 -3.195590e+01
      vertex   -5.275325e+01 4.967612e+01 -3.178180e+01
      vertex   -5.272337e+01 4.983058e+01 -3.195363e+01
    endloop
  endfacet
  facet normal -9.708276e-01 2.358576e-01 4.318409e-02
    outer loop
      vertex   -5.272337e+01 4.983058e+01 -3.195363e+01
      vertex   -5.275325e+01 4.967612e+01 -3.178180e+01
      vertex   -5.271592e+01 4.983053e+01 -3.178598e+01
    endloop
  endfacet
  facet normal -9.216828e-01 3.857674e-01 4.104003e-02
    outer loop
      vertex   -5.272337e+01 4.983058e+01 -3.195363e+01
      vertex   -5.271592e+01 4.983053e+01 -3.178598e+01
      vertex   -5.266188e+01 4.997709e+01 -3.194991e+01
    endloop
  endfacet
  facet normal -9.213058e-01 3.865762e-01 4.188737e-02
    outer loop
      vertex   -5.266188e+01 4.997709e+01 -3.194991e+01
      vertex   -5.271592e+01 4.983053e+01 -3.178598e+01
      vertex   -5.265476e+01 4.997704e+01 -3.179284e+01
    endloop
  endfacet
  facet normal -8.491886e-01 5.266726e-01 3.866158e-02
    outer loop
      vertex   -5.266188e+01 4.997709e+01 -3.194991e+01
      vertex   -5.265476e+01 4.997704e+01 -3.179284e+01
      vertex   -5.257798e+01 5.011199e+01 -3.194484e+01
    endloop
  endfacet
  facet normal -8.485214e-01 5.276567e-01 3.987225e-02
    outer loop
      vertex   -5.257798e+01 5.011199e+01 -3.194484e+01
      vertex   -5.265476e+01 4.997704e+01 -3.179284e+01
      vertex   -5.257130e+01 5.011195e+01 -3.180220e+01
    endloop
  endfacet
  facet normal -7.552189e-01 6.545087e-01 3.553450e-02
    outer loop
      vertex   -5.257798e+01 5.011199e+01 -3.194484e+01
      vertex   -5.257130e+01 5.011195e+01 -3.180220e+01
      vertex   -5.247380e+01 5.023186e+01 -3.193854e+01
    endloop
  endfacet
  facet normal -7.524295e-01 6.574500e-01 4.011581e-02
    outer loop
      vertex   -5.247380e+01 5.023186e+01 -3.193854e+01
      vertex   -5.257130e+01 5.011195e+01 -3.180220e+01
      vertex   -5.246672e+01 5.023186e+01 -3.180572e+01
    endloop
  endfacet
  facet normal -7.447303e-01 6.535283e-01 1.351947e-01
    outer loop
      vertex   -5.246672e+01 5.023186e+01 -3.180572e+01
      vertex   -5.257130e+01 5.011195e+01 -3.180220e+01
      vertex   -5.254453e+01 5.011195e+01 -3.165473e+01
    endloop
  endfacet
  facet normal -7.409980e-01 6.568098e-01 1.397240e-01
    outer loop
      vertex   -5.246672e+01 5.023186e+01 -3.180572e+01
      vertex   -5.254453e+01 5.011195e+01 -3.165473e+01
      vertex   -5.244208e+01 5.023186e+01 -3.167501e+01
    endloop
  endfacet
  facet normal -7.190718e-01 6.541280e-01 2.346322e-01
    outer loop
      vertex   -5.244208e+01 5.023186e+01 -3.167501e+01
      vertex   -5.254453e+01 5.011195e+01 -3.165473e+01
      vertex   -5.249804e+01 5.011195e+01 -3.151225e+01
    endloop
  endfacet
  facet normal -7.164538e-01 6.561390e-01 2.370139e-01
    outer loop
      vertex   -5.244208e+01 5.023186e+01 -3.167501e+01
      vertex   -5.249804e+01 5.011195e+01 -3.151225e+01
      vertex   -5.240030e+01 5.023186e+01 -3.154873e+01
    endloop
  endfacet
  facet normal -6.801907e-01 6.547530e-01 3.296044e-01
    outer loop
      vertex   -5.240030e+01 5.023186e+01 -3.154873e+01
      vertex   -5.249804e+01 5.011195e+01 -3.151225e+01
      vertex   -5.243268e+01 5.011195e+01 -3.137737e+01
    endloop
  endfacet
  facet normal -6.792086e-01 6.554374e-01 3.302689e-01
    outer loop
      vertex   -5.240030e+01 5.023186e+01 -3.154873e+01
      vertex   -5.243268e+01 5.011195e+01 -3.137737e+01
      vertex   -5.234214e+01 5.023186e+01 -3.142912e+01
    endloop
  endfacet
  facet normal -9.808224e-01 7.927403e-02 1.780537e-01
    outer loop
      vertex   -5.275325e+01 4.967612e+01 -3.178180e+01
      vertex   -5.276580e+01 4.951771e+01 -3.178039e+01
      vertex   -5.272204e+01 4.967612e+01 -3.160988e+01
    endloop
  endfacet
  facet normal -9.808224e-01 7.927403e-02 1.780537e-01
    outer loop
      vertex   -5.272204e+01 4.967612e+01 -3.160988e+01
      vertex   -5.276580e+01 4.951771e+01 -3.178039e+01
      vertex   -5.273428e+01 4.951771e+01 -3.160679e+01
    endloop
  endfacet
  facet normal -9.476786e-01 7.927403e-02 3.092263e-01
    outer loop
      vertex   -5.272204e+01 4.967612e+01 -3.160988e+01
      vertex   -5.273428e+01 4.951771e+01 -3.160679e+01
      vertex   -5.266784e+01 4.967612e+01 -3.144378e+01
    endloop
  endfacet
  facet normal -9.476786e-01 7.927403e-02 3.092263e-01
    outer loop
      vertex   -5.266784e+01 4.967612e+01 -3.144378e+01
      vertex   -5.273428e+01 4.951771e+01 -3.160679e+01
      vertex   -5.267955e+01 4.951771e+01 -3.143905e+01
    endloop
  endfacet
  facet normal -8.970781e-01 7.927403e-02 4.347029e-01
    outer loop
      vertex   -5.266784e+01 4.967612e+01 -3.144378e+01
      vertex   -5.267955e+01 4.951771e+01 -3.143905e+01
      vertex   -5.259165e+01 4.967612e+01 -3.128654e+01
    endloop
  endfacet
  facet normal -8.970781e-01 7.927403e-02 4.347029e-01
    outer loop
      vertex   -5.259165e+01 4.967612e+01 -3.128654e+01
      vertex   -5.267955e+01 4.951771e+01 -3.143905e+01
      vertex   -5.260261e+01 4.951771e+01 -3.128027e+01
    endloop
  endfacet
  facet normal -8.745239e-01 2.358471e-01 4.237737e-01
    outer loop
      vertex   -5.259165e+01 4.967612e+01 -3.128654e+01
      vertex   -5.255903e+01 4.983053e+01 -3.130517e+01
      vertex   -5.266784e+01 4.967612e+01 -3.144378e+01
    endloop
  endfacet
  facet normal -8.745239e-01 2.358471e-01 4.237737e-01
    outer loop
      vertex   -5.266784e+01 4.967612e+01 -3.144378e+01
      vertex   -5.255903e+01 4.983053e+01 -3.130517e+01
      vertex   -5.263300e+01 4.983053e+01 -3.145782e+01
    endloop
  endfacet
  facet normal -9.238522e-01 2.358471e-01 3.014518e-01
    outer loop
      vertex   -5.266784e+01 4.967612e+01 -3.144378e+01
      vertex   -5.263300e+01 4.983053e+01 -3.145782e+01
      vertex   -5.272204e+01 4.967612e+01 -3.160988e+01
    endloop
  endfacet
  facet normal -9.238522e-01 2.358471e-01 3.014518e-01
    outer loop
      vertex   -5.272204e+01 4.967612e+01 -3.160988e+01
      vertex   -5.263300e+01 4.983053e+01 -3.145782e+01
      vertex   -5.268562e+01 4.983053e+01 -3.161908e+01
    endloop
  endfacet
  facet normal -9.561627e-01 2.358471e-01 1.735771e-01
    outer loop
      vertex   -5.272204e+01 4.967612e+01 -3.160988e+01
      vertex   -5.268562e+01 4.983053e+01 -3.161908e+01
      vertex   -5.275325e+01 4.967612e+01 -3.178180e+01
    endloop
  endfacet
  facet normal -9.561627e-01 2.358471e-01 1.735771e-01
    outer loop
      vertex   -5.275325e+01 4.967612e+01 -3.178180e+01
      vertex   -5.268562e+01 4.983053e+01 -3.161908e+01
      vertex   -5.271592e+01 4.983053e+01 -3.178598e+01
    endloop
  endfacet
  facet normal -8.299629e-01 3.865391e-01 4.021805e-01
    outer loop
      vertex   -5.255903e+01 4.983053e+01 -3.130517e+01
      vertex   -5.250560e+01 4.997704e+01 -3.133571e+01
      vertex   -5.263300e+01 4.983053e+01 -3.145782e+01
    endloop
  endfacet
  facet normal -8.299629e-01 3.865391e-01 4.021805e-01
    outer loop
      vertex   -5.263300e+01 4.983053e+01 -3.145782e+01
      vertex   -5.250560e+01 4.997704e+01 -3.133571e+01
      vertex   -5.257592e+01 4.997704e+01 -3.148084e+01
    endloop
  endfacet
  facet normal -8.767777e-01 3.865391e-01 2.860915e-01
    outer loop
      vertex   -5.263300e+01 4.983053e+01 -3.145782e+01
      vertex   -5.257592e+01 4.997704e+01 -3.148084e+01
      vertex   -5.268562e+01 4.983053e+01 -3.161908e+01
    endloop
  endfacet
  facet normal -8.767777e-01 3.865391e-01 2.860915e-01
    outer loop
      vertex   -5.268562e+01 4.983053e+01 -3.161908e+01
      vertex   -5.257592e+01 4.997704e+01 -3.148084e+01
      vertex   -5.262595e+01 4.997704e+01 -3.163416e+01
    endloop
  endfacet
  facet normal -9.074419e-01 3.865391e-01 1.647326e-01
    outer loop
      vertex   -5.268562e+01 4.983053e+01 -3.161908e+01
      vertex   -5.262595e+01 4.997704e+01 -3.163416e+01
      vertex   -5.271592e+01 4.983053e+01 -3.178598e+01
    endloop
  endfacet
  facet normal -9.074419e-01 3.865391e-01 1.647326e-01
    outer loop
      vertex   -5.271592e+01 4.983053e+01 -3.178598e+01
      vertex   -5.262595e+01 4.997704e+01 -3.163416e+01
      vertex   -5.265476e+01 4.997704e+01 -3.179284e+01
    endloop
  endfacet
  facet normal -7.644809e-01 5.275757e-01 3.704494e-01
    outer loop
      vertex   -5.250560e+01 4.997704e+01 -3.133571e+01
      vertex   -5.243268e+01 5.011195e+01 -3.137737e+01
      vertex   -5.257592e+01 4.997704e+01 -3.148084e+01
    endloop
  endfacet
  facet normal -7.644809e-01 5.275757e-01 3.704494e-01
    outer loop
      vertex   -5.257592e+01 4.997704e+01 -3.148084e+01
      vertex   -5.243268e+01 5.011195e+01 -3.137737e+01
      vertex   -5.249804e+01 5.011195e+01 -3.151225e+01
    endloop
  endfacet
  facet normal -8.076022e-01 5.275757e-01 2.635196e-01
    outer loop
      vertex   -5.257592e+01 4.997704e+01 -3.148084e+01
      vertex   -5.249804e+01 5.011195e+01 -3.151225e+01
      vertex   -5.262595e+01 4.997704e+01 -3.163416e+01
    endloop
  endfacet
  facet normal -8.076022e-01 5.275757e-01 2.635196e-01
    outer loop
      vertex   -5.262595e+01 4.997704e+01 -3.163416e+01
      vertex   -5.249804e+01 5.011195e+01 -3.151225e+01
      vertex   -5.254453e+01 5.011195e+01 -3.165473e+01
    endloop
  endfacet
  facet normal -8.358470e-01 5.275757e-01 1.517356e-01
    outer loop
      vertex   -5.262595e+01 4.997704e+01 -3.163416e+01
      vertex   -5.254453e+01 5.011195e+01 -3.165473e+01
      vertex   -5.265476e+01 4.997704e+01 -3.179284e+01
    endloop
  endfacet
  facet normal -8.358470e-01 5.275757e-01 1.517356e-01
    outer loop
      vertex   -5.265476e+01 4.997704e+01 -3.179284e+01
      vertex   -5.254453e+01 5.011195e+01 -3.165473e+01
      vertex   -5.257130e+01 5.011195e+01 -3.180220e+01
    endloop
  endfacet
  facet normal -9.985818e-01 -6.938541e-16 5.323942e-02
    outer loop
      vertex   -5.247380e+01 6.523186e+01 -3.193854e+01
      vertex   -5.247380e+01 5.023186e+01 -3.193854e+01
      vertex   -5.246672e+01 6.523186e+01 -3.180572e+01
    endloop
  endfacet
  facet normal -9.945977e-01 -4.496188e-04 1.038038e-01
    outer loop
      vertex   -5.246672e+01 6.523186e+01 -3.180572e+01
      vertex   -5.247380e+01 5.023186e+01 -3.193854e+01
      vertex   -5.246044e+01 6.148186e+01 -3.176180e+01
    endloop
  endfacet
  facet normal -9.826825e-01 5.247626e-04 1.852965e-01
    outer loop
      vertex   -5.246672e+01 6.523186e+01 -3.180572e+01
      vertex   -5.246044e+01 6.148186e+01 -3.176180e+01
      vertex   -5.244208e+01 6.523186e+01 -3.167501e+01
    endloop
  endfacet
  facet normal -9.681833e-01 -1.049267e-03 2.502398e-01
    outer loop
      vertex   -5.244208e+01 6.523186e+01 -3.167501e+01
      vertex   -5.246044e+01 6.148186e+01 -3.176180e+01
      vertex   -5.241609e+01 6.148186e+01 -3.159020e+01
    endloop
  endfacet
  facet normal -9.493979e-01 5.247626e-04 3.140754e-01
    outer loop
      vertex   -5.244208e+01 6.523186e+01 -3.167501e+01
      vertex   -5.241609e+01 6.148186e+01 -3.159020e+01
      vertex   -5.240030e+01 6.523186e+01 -3.154873e+01
    endloop
  endfacet
  facet normal -8.993163e-01 -1.048492e-03 4.372974e-01
    outer loop
      vertex   -5.240030e+01 6.523186e+01 -3.154873e+01
      vertex   -5.241609e+01 6.148186e+01 -3.159020e+01
      vertex   -5.234214e+01 6.523186e+01 -3.142912e+01
    endloop
  endfacet
  facet normal -9.087961e-01 -1.409343e-16 4.172405e-01
    outer loop
      vertex   -5.234214e+01 6.523186e+01 -3.142912e+01
      vertex   -5.241609e+01 6.148186e+01 -3.159020e+01
      vertex   -5.241609e+01 5.773186e+01 -3.159020e+01
    endloop
  endfacet
  facet normal -9.087961e-01 1.581596e-15 4.172405e-01
    outer loop
      vertex   -5.234214e+01 6.523186e+01 -3.142912e+01
      vertex   -5.241609e+01 5.773186e+01 -3.159020e+01
      vertex   -5.241609e+01 5.398186e+01 -3.159020e+01
    endloop
  endfacet
  facet normal -9.681838e-01 9.482997e-16 2.502400e-01
    outer loop
      vertex   -5.241609e+01 5.398186e+01 -3.159020e+01
      vertex   -5.241609e+01 5.773186e+01 -3.159020e+01
      vertex   -5.246044e+01 5.398186e+01 -3.176180e+01
    endloop
  endfacet
  facet normal -9.681833e-01 1.049267e-03 2.502398e-01
    outer loop
      vertex   -5.241609e+01 5.398186e+01 -3.159020e+01
      vertex   -5.246044e+01 5.398186e+01 -3.176180e+01
      vertex   -5.244208e+01 5.023186e+01 -3.167501e+01
    endloop
  endfacet
  facet normal -9.826825e-01 -5.247626e-04 1.852965e-01
    outer loop
      vertex   -5.244208e+01 5.023186e+01 -3.167501e+01
      vertex   -5.246044e+01 5.398186e+01 -3.176180e+01
      vertex   -5.246672e+01 5.023186e+01 -3.180572e+01
    endloop
  endfacet
  facet normal -9.985812e-01 1.048492e-03 5.323939e-02
    outer loop
      vertex   -5.246672e+01 5.023186e+01 -3.180572e+01
      vertex   -5.246044e+01 5.398186e+01 -3.176180e+01
      vertex   -5.247380e+01 5.023186e+01 -3.193854e+01
    endloop
  endfacet
  facet normal -9.971550e-01 2.857835e-16 7.537788e-02
    outer loop
      vertex   -5.247380e+01 5.023186e+01 -3.193854e+01
      vertex   -5.246044e+01 5.398186e+01 -3.176180e+01
      vertex   -5.246044e+01 5.773186e+01 -3.176180e+01
    endloop
  endfacet
  facet normal -9.971550e-01 -3.564463e-15 7.537788e-02
    outer loop
      vertex   -5.247380e+01 5.023186e+01 -3.193854e+01
      vertex   -5.246044e+01 5.773186e+01 -3.176180e+01
      vertex   -5.246044e+01 6.148186e+01 -3.176180e+01
    endloop
  endfacet
  facet normal -9.681838e-01 -2.957767e-15 2.502400e-01
    outer loop
      vertex   -5.246044e+01 6.148186e+01 -3.176180e+01
      vertex   -5.246044e+01 5.773186e+01 -3.176180e+01
      vertex   -5.241609e+01 6.148186e+01 -3.159020e+01
    endloop
  endfacet
  facet normal -9.493979e-01 -5.247626e-04 3.140754e-01
    outer loop
      vertex   -5.244208e+01 5.023186e+01 -3.167501e+01
      vertex   -5.240030e+01 5.023186e+01 -3.154873e+01
      vertex   -5.241609e+01 5.398186e+01 -3.159020e+01
    endloop
  endfacet
  facet normal -9.203330e-01 4.496188e-04 3.911355e-01
    outer loop
      vertex   -5.241609e+01 5.398186e+01 -3.159020e+01
      vertex   -5.240030e+01 5.023186e+01 -3.154873e+01
      vertex   -5.234214e+01 6.523186e+01 -3.142912e+01
    endloop
  endfacet
  facet normal -8.993168e-01 1.219425e-15 4.372977e-01
    outer loop
      vertex   -5.240030e+01 5.023186e+01 -3.154873e+01
      vertex   -5.234214e+01 5.023186e+01 -3.142912e+01
      vertex   -5.234214e+01 6.523186e+01 -3.142912e+01
    endloop
  endfacet
  facet normal -9.681838e-01 -8.861963e-16 2.502400e-01
    outer loop
      vertex   -5.241609e+01 6.148186e+01 -3.159020e+01
      vertex   -5.246044e+01 5.773186e+01 -3.176180e+01
      vertex   -5.241609e+01 5.773186e+01 -3.159020e+01
    endloop
  endfacet
  facet normal -9.681838e-01 9.473917e-16 2.502400e-01
    outer loop
      vertex   -5.241609e+01 5.773186e+01 -3.159020e+01
      vertex   -5.246044e+01 5.773186e+01 -3.176180e+01
      vertex   -5.246044e+01 5.398186e+01 -3.176180e+01
    endloop
  endfacet
  facet normal -1.410076e-14 1.000000e+00 -6.182124e-15
    outer loop
      vertex   -5.063132e+01 6.523186e+01 -2.843519e+01
      vertex   -5.063132e+01 6.523186e+01 -3.533130e+01
      vertex   -5.234214e+01 6.523186e+01 -3.142912e+01
    endloop
  endfacet
  facet normal 0.000000e+00 1.000000e+00 0.000000e+00
    outer loop
      vertex   -5.234214e+01 6.523186e+01 -3.142912e+01
      vertex   -5.063132e+01 6.523186e+01 -3.533130e+01
      vertex   -5.234782e+01 6.523186e+01 -3.232744e+01
    endloop
  endfacet
  facet normal 2.475369e-13 1.000000e+00 -1.564979e-15
    outer loop
      vertex   -5.234214e+01 6.523186e+01 -3.142912e+01
      vertex   -5.234782e+01 6.523186e+01 -3.232744e+01
      vertex   -5.240030e+01 6.523186e+01 -3.154873e+01
    endloop
  endfacet
  facet normal -4.383639e-14 1.000000e+00 -2.120410e-14
    outer loop
      vertex   -5.240030e+01 6.523186e+01 -3.154873e+01
      vertex   -5.234782e+01 6.523186e+01 -3.232744e+01
      vertex   -5.240752e+01 6.523186e+01 -3.220400e+01
    endloop
  endfacet
  facet normal 6.781707e-14 1.000000e+00 -2.243492e-14
    outer loop
      vertex   -5.240030e+01 6.523186e+01 -3.154873e+01
      vertex   -5.240752e+01 6.523186e+01 -3.220400e+01
      vertex   -5.244208e+01 6.523186e+01 -3.167501e+01
    endloop
  endfacet
  facet normal -1.038639e-13 1.000000e+00 -3.364882e-14
    outer loop
      vertex   -5.244208e+01 6.523186e+01 -3.167501e+01
      vertex   -5.240752e+01 6.523186e+01 -3.220400e+01
      vertex   -5.244979e+01 6.523186e+01 -3.207355e+01
    endloop
  endfacet
  facet normal 2.107221e-13 1.000000e+00 -3.973417e-14
    outer loop
      vertex   -5.244208e+01 6.523186e+01 -3.167501e+01
      vertex   -5.244979e+01 6.523186e+01 -3.207355e+01
      vertex   -5.246672e+01 6.523186e+01 -3.180572e+01
    endloop
  endfacet
  facet normal -4.627125e-13 1.000000e+00 -8.232209e-14
    outer loop
      vertex   -5.246672e+01 6.523186e+01 -3.180572e+01
      vertex   -5.244979e+01 6.523186e+01 -3.207355e+01
      vertex   -5.247380e+01 6.523186e+01 -3.193854e+01
    endloop
  endfacet
  facet normal -7.567238e-02 -9.961947e-01 4.324136e-02
    outer loop
      vertex   -5.164754e+01 8.373186e+01 -3.182603e+01
      vertex   -5.063132e+01 8.373186e+01 -3.004764e+01
      vertex   -5.091275e+01 8.374401e+01 -3.026014e+01
    endloop
  endfacet
  facet normal -7.973319e-02 -9.956283e-01 4.865179e-02
    outer loop
      vertex   -5.091275e+01 8.374401e+01 -3.026014e+01
      vertex   -5.063132e+01 8.373186e+01 -3.004764e+01
      vertex   -5.063132e+01 8.374723e+01 -2.973307e+01
    endloop
  endfacet
  facet normal -2.258233e-01 -9.659234e-01 1.264744e-01
    outer loop
      vertex   -5.091275e+01 8.374401e+01 -3.026014e+01
      vertex   -5.063132e+01 8.374723e+01 -2.973307e+01
      vertex   -5.102970e+01 8.378010e+01 -3.019331e+01
    endloop
  endfacet
  facet normal -2.189269e-01 -9.682925e-01 1.203358e-01
    outer loop
      vertex   -5.102970e+01 8.378010e+01 -3.019331e+01
      vertex   -5.063132e+01 8.374723e+01 -2.973307e+01
      vertex   -5.063132e+01 8.376630e+01 -2.957958e+01
    endloop
  endfacet
  facet normal -2.903154e-01 -9.422000e-01 1.672606e-01
    outer loop
      vertex   -5.102970e+01 8.378010e+01 -3.019331e+01
      vertex   -5.063132e+01 8.376630e+01 -2.957958e+01
      vertex   -5.063132e+01 8.379275e+01 -2.943059e+01
    endloop
  endfacet
  facet normal -3.682513e-01 -9.063046e-01 2.073716e-01
    outer loop
      vertex   -5.102970e+01 8.378010e+01 -3.019331e+01
      vertex   -5.063132e+01 8.379275e+01 -2.943059e+01
      vertex   -5.113943e+01 8.383904e+01 -3.013061e+01
    endloop
  endfacet
  facet normal -3.741217e-01 -9.028555e-01 2.118607e-01
    outer loop
      vertex   -5.113943e+01 8.383904e+01 -3.013061e+01
      vertex   -5.063132e+01 8.379275e+01 -2.943059e+01
      vertex   -5.063132e+01 8.382632e+01 -2.928754e+01
    endloop
  endfacet
  facet normal -4.450148e-01 -8.583735e-01 2.552582e-01
    outer loop
      vertex   -5.113943e+01 8.383904e+01 -3.013061e+01
      vertex   -5.063132e+01 8.382632e+01 -2.928754e+01
      vertex   -5.063132e+01 8.386668e+01 -2.915181e+01
    endloop
  endfacet
  facet normal -4.992871e-01 -8.191493e-01 2.823240e-01
    outer loop
      vertex   -5.113943e+01 8.383904e+01 -3.013061e+01
      vertex   -5.063132e+01 8.386668e+01 -2.915181e+01
      vertex   -5.123861e+01 8.391902e+01 -3.007394e+01
    endloop
  endfacet
  facet normal -5.177853e-01 -8.028821e-01 2.954299e-01
    outer loop
      vertex   -5.123861e+01 8.391902e+01 -3.007394e+01
      vertex   -5.063132e+01 8.386668e+01 -2.915181e+01
      vertex   -5.063132e+01 8.391345e+01 -2.902472e+01
    endloop
  endfacet
  facet normal -5.826625e-01 -7.412219e-01 3.333083e-01
    outer loop
      vertex   -5.123861e+01 8.391902e+01 -3.007394e+01
      vertex   -5.063132e+01 8.391345e+01 -2.902472e+01
      vertex   -5.063132e+01 8.396617e+01 -2.890747e+01
    endloop
  endfacet
  facet normal -6.150883e-01 -7.071049e-01 3.488109e-01
    outer loop
      vertex   -5.123861e+01 8.391902e+01 -3.007394e+01
      vertex   -5.063132e+01 8.396617e+01 -2.890747e+01
      vertex   -5.132423e+01 8.401763e+01 -3.002501e+01
    endloop
  endfacet
  facet normal -6.430036e-01 -6.717963e-01 3.677446e-01
    outer loop
      vertex   -5.132423e+01 8.401763e+01 -3.002501e+01
      vertex   -5.063132e+01 8.396617e+01 -2.890747e+01
      vertex   -5.063132e+01 8.402434e+01 -2.880120e+01
    endloop
  endfacet
  facet normal -6.977318e-01 -5.954141e-01 3.983118e-01
    outer loop
      vertex   -5.132423e+01 8.401763e+01 -3.002501e+01
      vertex   -5.063132e+01 8.402434e+01 -2.880120e+01
      vertex   -5.063132e+01 8.408740e+01 -2.870694e+01
    endloop
  endfacet
  facet normal -7.121733e-01 -5.735754e-01 4.047475e-01
    outer loop
      vertex   -5.132423e+01 8.401763e+01 -3.002501e+01
      vertex   -5.063132e+01 8.408740e+01 -2.870694e+01
      vertex   -5.139367e+01 8.413186e+01 -2.998533e+01
    endloop
  endfacet
  facet normal -7.442159e-01 -5.145331e-01 4.259088e-01
    outer loop
      vertex   -5.139367e+01 8.413186e+01 -2.998533e+01
      vertex   -5.063132e+01 8.408740e+01 -2.870694e+01
      vertex   -5.063132e+01 8.415474e+01 -2.862559e+01
    endloop
  endfacet
  facet normal -7.874853e-01 -4.226180e-01 4.486213e-01
    outer loop
      vertex   -5.139367e+01 8.413186e+01 -2.998533e+01
      vertex   -5.063132e+01 8.415474e+01 -2.862559e+01
      vertex   -5.144484e+01 8.425824e+01 -2.995609e+01
    endloop
  endfacet
  facet normal -7.860454e-01 -4.265367e-01 4.474360e-01
    outer loop
      vertex   -5.144484e+01 8.425824e+01 -2.995609e+01
      vertex   -5.063132e+01 8.415474e+01 -2.862559e+01
      vertex   -5.063132e+01 8.422571e+01 -2.855793e+01
    endloop
  endfacet
  facet normal -8.171006e-01 -3.372123e-01 4.675838e-01
    outer loop
      vertex   -5.144484e+01 8.425824e+01 -2.995609e+01
      vertex   -5.063132e+01 8.422571e+01 -2.855793e+01
      vertex   -5.063132e+01 8.429963e+01 -2.850463e+01
    endloop
  endfacet
  facet normal -8.394375e-01 -2.588187e-01 4.778678e-01
    outer loop
      vertex   -5.144484e+01 8.425824e+01 -2.995609e+01
      vertex   -5.063132e+01 8.429963e+01 -2.850463e+01
      vertex   -5.147618e+01 8.439294e+01 -2.993818e+01
    endloop
  endfacet
  facet normal -8.425824e-01 -2.427269e-01 4.807686e-01
    outer loop
      vertex   -5.147618e+01 8.439294e+01 -2.993818e+01
      vertex   -5.063132e+01 8.429963e+01 -2.850463e+01
      vertex   -5.063132e+01 8.437578e+01 -2.846618e+01
    endloop
  endfacet
  facet normal -8.553850e-01 -1.710031e-01 4.889524e-01
    outer loop
      vertex   -5.147618e+01 8.439294e+01 -2.993818e+01
      vertex   -5.063132e+01 8.437578e+01 -2.846618e+01
      vertex   -5.063132e+01 8.441447e+01 -2.845265e+01
    endloop
  endfacet
  facet normal -8.619670e-01 -1.223068e-01 4.919898e-01
    outer loop
      vertex   -5.063132e+01 8.441447e+01 -2.845265e+01
      vertex   -5.063132e+01 8.445344e+01 -2.844296e+01
      vertex   -5.147618e+01 8.439294e+01 -2.993818e+01
    endloop
  endfacet
  facet normal -8.643086e-01 -1.020777e-01 4.924944e-01
    outer loop
      vertex   -5.147618e+01 8.439294e+01 -2.993818e+01
      vertex   -5.063132e+01 8.445344e+01 -2.844296e+01
      vertex   -5.234214e+01 8.453186e+01 -3.142912e+01
    endloop
  endfacet
  facet normal -8.649392e-01 -8.715574e-02 4.942510e-01
    outer loop
      vertex   -5.147618e+01 8.439294e+01 -2.993818e+01
      vertex   -5.234214e+01 8.453186e+01 -3.142912e+01
      vertex   -5.233158e+01 8.439294e+01 -3.143515e+01
    endloop
  endfacet
  facet normal -8.661720e-01 -7.349289e-02 4.943125e-01
    outer loop
      vertex   -5.063132e+01 8.445344e+01 -2.844296e+01
      vertex   -5.063132e+01 8.449260e+01 -2.843714e+01
      vertex   -5.234214e+01 8.453186e+01 -3.142912e+01
    endloop
  endfacet
  facet normal -8.679816e-01 -2.454123e-02 4.959895e-01
    outer loop
      vertex   -5.234214e+01 8.453186e+01 -3.142912e+01
      vertex   -5.063132e+01 8.449260e+01 -2.843714e+01
      vertex   -5.063132e+01 8.453186e+01 -2.843519e+01
    endloop
  endfacet
  facet normal -8.386585e-01 -2.588190e-01 4.792334e-01
    outer loop
      vertex   -5.147618e+01 8.439294e+01 -2.993818e+01
      vertex   -5.233158e+01 8.439294e+01 -3.143515e+01
      vertex   -5.144484e+01 8.425824e+01 -2.995609e+01
    endloop
  endfacet
  facet normal -8.386585e-01 -2.588190e-01 4.792334e-01
    outer loop
      vertex   -5.144484e+01 8.425824e+01 -2.995609e+01
      vertex   -5.233158e+01 8.439294e+01 -3.143515e+01
      vertex   -5.230025e+01 8.425824e+01 -3.145305e+01
    endloop
  endfacet
  facet normal -7.868955e-01 -4.226183e-01 4.496546e-01
    outer loop
      vertex   -5.144484e+01 8.425824e+01 -2.995609e+01
      vertex   -5.230025e+01 8.425824e+01 -3.145305e+01
      vertex   -5.139367e+01 8.413186e+01 -2.998533e+01
    endloop
  endfacet
  facet normal -7.868955e-01 -4.226183e-01 4.496546e-01
    outer loop
      vertex   -5.139367e+01 8.413186e+01 -2.998533e+01
      vertex   -5.230025e+01 8.425824e+01 -3.145305e+01
      vertex   -5.224908e+01 8.413186e+01 -3.148229e+01
    endloop
  endfacet
  facet normal -7.112231e-01 -5.735764e-01 4.064132e-01
    outer loop
      vertex   -5.139367e+01 8.413186e+01 -2.998533e+01
      vertex   -5.224908e+01 8.413186e+01 -3.148229e+01
      vertex   -5.132423e+01 8.401763e+01 -3.002501e+01
    endloop
  endfacet
  facet normal -7.112231e-01 -5.735764e-01 4.064132e-01
    outer loop
      vertex   -5.132423e+01 8.401763e+01 -3.002501e+01
      vertex   -5.224908e+01 8.413186e+01 -3.148229e+01
      vertex   -5.217963e+01 8.401763e+01 -3.152198e+01
    endloop
  endfacet
  facet normal -6.139406e-01 -7.071068e-01 3.508232e-01
    outer loop
      vertex   -5.132423e+01 8.401763e+01 -3.002501e+01
      vertex   -5.217963e+01 8.401763e+01 -3.152198e+01
      vertex   -5.123861e+01 8.391902e+01 -3.007394e+01
    endloop
  endfacet
  facet normal -6.139406e-01 -7.071068e-01 3.508232e-01
    outer loop
      vertex   -5.123861e+01 8.391902e+01 -3.007394e+01
      vertex   -5.217963e+01 8.401763e+01 -3.152198e+01
      vertex   -5.209402e+01 8.391902e+01 -3.157090e+01
    endloop
  endfacet
  facet normal -4.980038e-01 -8.191520e-01 2.845736e-01
    outer loop
      vertex   -5.123861e+01 8.391902e+01 -3.007394e+01
      vertex   -5.209402e+01 8.391902e+01 -3.157090e+01
      vertex   -5.113943e+01 8.383904e+01 -3.013061e+01
    endloop
  endfacet
  facet normal -4.980038e-01 -8.191520e-01 2.845736e-01
    outer loop
      vertex   -5.113943e+01 8.383904e+01 -3.013061e+01
      vertex   -5.209402e+01 8.391902e+01 -3.157090e+01
      vertex   -5.199484e+01 8.383904e+01 -3.162757e+01
    endloop
  endfacet
  facet normal -3.669354e-01 -9.063078e-01 2.096774e-01
    outer loop
      vertex   -5.113943e+01 8.383904e+01 -3.013061e+01
      vertex   -5.199484e+01 8.383904e+01 -3.162757e+01
      vertex   -5.102970e+01 8.378010e+01 -3.019331e+01
    endloop
  endfacet
  facet normal -3.669354e-01 -9.063078e-01 2.096774e-01
    outer loop
      vertex   -5.102970e+01 8.378010e+01 -3.019331e+01
      vertex   -5.199484e+01 8.383904e+01 -3.162757e+01
      vertex   -5.188511e+01 8.378010e+01 -3.169028e+01
    endloop
  endfacet
  facet normal -2.247179e-01 -9.659258e-01 1.284102e-01
    outer loop
      vertex   -5.102970e+01 8.378010e+01 -3.019331e+01
      vertex   -5.188511e+01 8.378010e+01 -3.169028e+01
      vertex   -5.091275e+01 8.374401e+01 -3.026014e+01
    endloop
  endfacet
  facet normal -2.247179e-01 -9.659258e-01 1.284102e-01
    outer loop
      vertex   -5.091275e+01 8.374401e+01 -3.026014e+01
      vertex   -5.188511e+01 8.378010e+01 -3.169028e+01
      vertex   -5.176816e+01 8.374401e+01 -3.175710e+01
    endloop
  endfacet
  facet normal -7.567238e-02 -9.961947e-01 4.324136e-02
    outer loop
      vertex   -5.091275e+01 8.374401e+01 -3.026014e+01
      vertex   -5.176816e+01 8.374401e+01 -3.175710e+01
      vertex   -5.164754e+01 8.373186e+01 -3.182603e+01
    endloop
  endfacet
  facet normal 9.056539e-01 2.643601e-15 -4.240177e-01
    outer loop
      vertex   -9.983765e+01 9.385967e+01 -3.218866e+01
      vertex   -9.983765e+01 9.075040e+01 -3.218866e+01
      vertex   -9.990941e+01 9.385967e+01 -3.234193e+01
    endloop
  endfacet
  facet normal 9.056539e-01 -6.603353e-15 -4.240177e-01
    outer loop
      vertex   -9.990941e+01 9.385967e+01 -3.234193e+01
      vertex   -9.983765e+01 9.075040e+01 -3.218866e+01
      vertex   -9.983765e+01 8.764113e+01 -3.218866e+01
    endloop
  endfacet
  facet normal 9.138626e-01 5.382326e-04 -4.060231e-01
    outer loop
      vertex   -9.990941e+01 9.385967e+01 -3.234193e+01
      vertex   -9.983765e+01 8.764113e+01 -3.218866e+01
      vertex   -9.985051e+01 8.453186e+01 -3.222172e+01
    endloop
  endfacet
  facet normal 9.487186e-01 -5.615412e-04 -3.161213e-01
    outer loop
      vertex   -9.985051e+01 8.453186e+01 -3.222172e+01
      vertex   -9.983765e+01 8.764113e+01 -3.218866e+01
      vertex   -9.980819e+01 8.453186e+01 -3.209471e+01
    endloop
  endfacet
  facet normal 9.641852e-01 1.122905e-03 -2.652275e-01
    outer loop
      vertex   -9.980819e+01 8.453186e+01 -3.209471e+01
      vertex   -9.983765e+01 8.764113e+01 -3.218866e+01
      vertex   -9.979277e+01 8.764113e+01 -3.202549e+01
    endloop
  endfacet
  facet normal 9.824419e-01 -7.187914e-04 -1.865674e-01
    outer loop
      vertex   -9.980819e+01 8.453186e+01 -3.209471e+01
      vertex   -9.979277e+01 8.764113e+01 -3.202549e+01
      vertex   -9.978321e+01 8.453186e+01 -3.196319e+01
    endloop
  endfacet
  facet normal 9.951026e-01 1.077904e-03 -9.884147e-02
    outer loop
      vertex   -9.978321e+01 8.453186e+01 -3.196319e+01
      vertex   -9.979277e+01 8.764113e+01 -3.202549e+01
      vertex   -9.977604e+01 8.764113e+01 -3.185709e+01
    endloop
  endfacet
  facet normal 9.985586e-01 -4.715533e-04 -5.366996e-02
    outer loop
      vertex   -9.978321e+01 8.453186e+01 -3.196319e+01
      vertex   -9.977604e+01 8.764113e+01 -3.185709e+01
      vertex   -9.977603e+01 8.453186e+01 -3.182951e+01
    endloop
  endfacet
  facet normal 9.999999e-01 9.148618e-15 -4.974231e-04
    outer loop
      vertex   -9.977603e+01 8.453186e+01 -3.182951e+01
      vertex   -9.977604e+01 8.764113e+01 -3.185709e+01
      vertex   -9.977603e+01 9.385186e+01 -3.182951e+01
    endloop
  endfacet
  facet normal 9.999999e-01 1.136789e-18 -4.974231e-04
    outer loop
      vertex   -9.977603e+01 9.385186e+01 -3.182951e+01
      vertex   -9.977604e+01 8.764113e+01 -3.185709e+01
      vertex   -9.977604e+01 9.075040e+01 -3.185709e+01
    endloop
  endfacet
  facet normal 9.999999e-01 1.136789e-18 -4.974231e-04
    outer loop
      vertex   -9.977603e+01 9.385186e+01 -3.182951e+01
      vertex   -9.977604e+01 9.075040e+01 -3.185709e+01
      vertex   -9.977604e+01 9.385967e+01 -3.185709e+01
    endloop
  endfacet
  facet normal 9.951032e-01 2.258766e-16 -9.884153e-02
    outer loop
      vertex   -9.977604e+01 9.385967e+01 -3.185709e+01
      vertex   -9.977604e+01 9.075040e+01 -3.185709e+01
      vertex   -9.979277e+01 9.385967e+01 -3.202549e+01
    endloop
  endfacet
  facet normal 9.951032e-01 -3.644593e-15 -9.884153e-02
    outer loop
      vertex   -9.979277e+01 9.385967e+01 -3.202549e+01
      vertex   -9.977604e+01 9.075040e+01 -3.185709e+01
      vertex   -9.979277e+01 9.075040e+01 -3.202549e+01
    endloop
  endfacet
  facet normal 9.641858e-01 -1.982356e-15 -2.652277e-01
    outer loop
      vertex   -9.979277e+01 9.385967e+01 -3.202549e+01
      vertex   -9.979277e+01 9.075040e+01 -3.202549e+01
      vertex   -9.983765e+01 9.385967e+01 -3.218866e+01
    endloop
  endfacet
  facet normal 9.641858e-01 -1.640296e-16 -2.652277e-01
    outer loop
      vertex   -9.983765e+01 9.385967e+01 -3.218866e+01
      vertex   -9.979277e+01 9.075040e+01 -3.202549e+01
      vertex   -9.983765e+01 9.075040e+01 -3.218866e+01
    endloop
  endfacet
  facet normal 9.676832e-01 2.427517e-01 6.827044e-02
    outer loop
      vertex   -9.977604e+01 9.385967e+01 -3.185709e+01
      vertex   -9.978795e+01 9.385967e+01 -3.168827e+01
      vertex   -9.977603e+01 9.385186e+01 -3.182951e+01
    endloop
  endfacet
  facet normal 9.820679e-01 -1.645532e-01 9.200524e-02
    outer loop
      vertex   -9.977603e+01 9.385186e+01 -3.182951e+01
      vertex   -9.978795e+01 9.385967e+01 -3.168827e+01
      vertex   -9.979096e+01 9.385186e+01 -3.167014e+01
    endloop
  endfacet
  facet normal 9.563998e-01 1.748794e-01 2.339158e-01
    outer loop
      vertex   -9.979096e+01 9.385186e+01 -3.167014e+01
      vertex   -9.978795e+01 9.385967e+01 -3.168827e+01
      vertex   -9.982816e+01 9.385967e+01 -3.152388e+01
    endloop
  endfacet
  facet normal 9.642060e-01 -8.846105e-02 2.499627e-01
    outer loop
      vertex   -9.979096e+01 9.385186e+01 -3.167014e+01
      vertex   -9.982816e+01 9.385967e+01 -3.152388e+01
      vertex   -9.983113e+01 9.385186e+01 -3.151518e+01
    endloop
  endfacet
  facet normal 9.133531e-01 9.378676e-02 3.962199e-01
    outer loop
      vertex   -9.983113e+01 9.385186e+01 -3.151518e+01
      vertex   -9.982816e+01 9.385967e+01 -3.152388e+01
      vertex   -9.989551e+01 9.385967e+01 -3.136863e+01
    endloop
  endfacet
  facet normal 9.155580e-01 -3.998625e-11 4.021860e-01
    outer loop
      vertex   -9.983113e+01 9.385186e+01 -3.151518e+01
      vertex   -9.989551e+01 9.385967e+01 -3.136863e+01
      vertex   -9.989551e+01 9.385186e+01 -3.136863e+01
    endloop
  endfacet
  facet normal 8.979929e-01 -4.104241e-14 -4.400099e-01
    outer loop
      vertex   -9.985051e+01 8.453186e+01 -3.222172e+01
      vertex   -9.990941e+01 8.453186e+01 -3.234193e+01
      vertex   -9.990941e+01 9.385967e+01 -3.234193e+01
    endloop
  endfacet
  facet normal 9.641858e-01 -9.585246e-15 -2.652277e-01
    outer loop
      vertex   -9.979277e+01 8.764113e+01 -3.202549e+01
      vertex   -9.983765e+01 8.764113e+01 -3.218866e+01
      vertex   -9.983765e+01 9.075040e+01 -3.218866e+01
    endloop
  endfacet
  facet normal 9.641858e-01 -1.376247e-15 -2.652277e-01
    outer loop
      vertex   -9.979277e+01 8.764113e+01 -3.202549e+01
      vertex   -9.983765e+01 9.075040e+01 -3.218866e+01
      vertex   -9.979277e+01 9.075040e+01 -3.202549e+01
    endloop
  endfacet
  facet normal 9.951032e-01 -3.418710e-15 -9.884153e-02
    outer loop
      vertex   -9.977604e+01 8.764113e+01 -3.185709e+01
      vertex   -9.979277e+01 8.764113e+01 -3.202549e+01
      vertex   -9.979277e+01 9.075040e+01 -3.202549e+01
    endloop
  endfacet
  facet normal 9.951032e-01 2.258766e-16 -9.884153e-02
    outer loop
      vertex   -9.977604e+01 8.764113e+01 -3.185709e+01
      vertex   -9.979277e+01 9.075040e+01 -3.202549e+01
      vertex   -9.977604e+01 9.075040e+01 -3.185709e+01
    endloop
  endfacet
  facet normal -8.993161e-01 -1.264555e-03 4.372973e-01
    outer loop
      vertex   -5.240030e+01 9.385967e+01 -3.154873e+01
      vertex   -5.241609e+01 9.075040e+01 -3.159020e+01
      vertex   -5.234214e+01 9.385967e+01 -3.142912e+01
    endloop
  endfacet
  facet normal -9.087961e-01 -1.123735e-15 4.172405e-01
    outer loop
      vertex   -5.234214e+01 9.385967e+01 -3.142912e+01
      vertex   -5.241609e+01 9.075040e+01 -3.159020e+01
      vertex   -5.241609e+01 8.764113e+01 -3.159020e+01
    endloop
  endfacet
  facet normal -9.178337e-01 6.326932e-04 3.969646e-01
    outer loop
      vertex   -5.234214e+01 9.385967e+01 -3.142912e+01
      vertex   -5.241609e+01 8.764113e+01 -3.159020e+01
      vertex   -5.240030e+01 8.453186e+01 -3.154873e+01
    endloop
  endfacet
  facet normal -9.493979e-01 -6.329009e-04 3.140753e-01
    outer loop
      vertex   -5.240030e+01 8.453186e+01 -3.154873e+01
      vertex   -5.241609e+01 8.764113e+01 -3.159020e+01
      vertex   -5.244208e+01 8.453186e+01 -3.167501e+01
    endloop
  endfacet
  facet normal -9.681831e-01 1.265490e-03 2.502398e-01
    outer loop
      vertex   -5.244208e+01 8.453186e+01 -3.167501e+01
      vertex   -5.241609e+01 8.764113e+01 -3.159020e+01
      vertex   -5.246044e+01 8.764113e+01 -3.176180e+01
    endloop
  endfacet
  facet normal -9.826825e-01 -6.329009e-04 1.852965e-01
    outer loop
      vertex   -5.244208e+01 8.453186e+01 -3.167501e+01
      vertex   -5.246044e+01 8.764113e+01 -3.176180e+01
      vertex   -5.246672e+01 8.453186e+01 -3.180572e+01
    endloop
  endfacet
  facet normal -9.985810e-01 1.264555e-03 5.323938e-02
    outer loop
      vertex   -5.246672e+01 8.453186e+01 -3.180572e+01
      vertex   -5.246044e+01 8.764113e+01 -3.176180e+01
      vertex   -5.247380e+01 8.453186e+01 -3.193854e+01
    endloop
  endfacet
  facet normal -9.971550e-01 -2.106610e-15 7.537788e-02
    outer loop
      vertex   -5.247380e+01 8.453186e+01 -3.193854e+01
      vertex   -5.246044e+01 8.764113e+01 -3.176180e+01
      vertex   -5.246044e+01 9.075040e+01 -3.176180e+01
    endloop
  endfacet
  facet normal -9.952359e-01 -6.326932e-04 9.749371e-02
    outer loop
      vertex   -5.247380e+01 8.453186e+01 -3.193854e+01
      vertex   -5.246044e+01 9.075040e+01 -3.176180e+01
      vertex   -5.246672e+01 9.385967e+01 -3.180572e+01
    endloop
  endfacet
  facet normal -9.826825e-01 6.329009e-04 1.852965e-01
    outer loop
      vertex   -5.246672e+01 9.385967e+01 -3.180572e+01
      vertex   -5.246044e+01 9.075040e+01 -3.176180e+01
      vertex   -5.244208e+01 9.385967e+01 -3.167501e+01
    endloop
  endfacet
  facet normal -9.681831e-01 -1.265490e-03 2.502398e-01
    outer loop
      vertex   -5.244208e+01 9.385967e+01 -3.167501e+01
      vertex   -5.246044e+01 9.075040e+01 -3.176180e+01
      vertex   -5.241609e+01 9.075040e+01 -3.159020e+01
    endloop
  endfacet
  facet normal -9.493979e-01 6.329009e-04 3.140753e-01
    outer loop
      vertex   -5.244208e+01 9.385967e+01 -3.167501e+01
      vertex   -5.241609e+01 9.075040e+01 -3.159020e+01
      vertex   -5.240030e+01 9.385967e+01 -3.154873e+01
    endloop
  endfacet
  facet normal -9.985818e-01 -2.282008e-15 5.323942e-02
    outer loop
      vertex   -5.246672e+01 9.385967e+01 -3.180572e+01
      vertex   -5.247380e+01 9.385967e+01 -3.193854e+01
      vertex   -5.247380e+01 8.453186e+01 -3.193854e+01
    endloop
  endfacet
  facet normal -8.993168e-01 -2.055328e-15 4.372977e-01
    outer loop
      vertex   -5.240030e+01 8.453186e+01 -3.154873e+01
      vertex   -5.234214e+01 8.453186e+01 -3.142912e+01
      vertex   -5.234214e+01 9.385967e+01 -3.142912e+01
    endloop
  endfacet
  facet normal -9.681838e-01 -1.641535e-15 2.502400e-01
    outer loop
      vertex   -5.246044e+01 8.764113e+01 -3.176180e+01
      vertex   -5.241609e+01 8.764113e+01 -3.159020e+01
      vertex   -5.241609e+01 9.075040e+01 -3.159020e+01
    endloop
  endfacet
  facet normal -9.681838e-01 -1.640674e-15 2.502400e-01
    outer loop
      vertex   -5.246044e+01 9.075040e+01 -3.176180e+01
      vertex   -5.246044e+01 8.764113e+01 -3.176180e+01
      vertex   -5.241609e+01 9.075040e+01 -3.159020e+01
    endloop
  endfacet
  facet normal -9.845397e-01 -2.999879e-15 -1.751614e-01
    outer loop
      vertex   -5.244979e+01 9.385967e+01 -3.207355e+01
      vertex   -5.244979e+01 9.152771e+01 -3.207355e+01
      vertex   -5.247380e+01 9.385967e+01 -3.193854e+01
    endloop
  endfacet
  facet normal -9.845397e-01 -3.000031e-15 -1.751614e-01
    outer loop
      vertex   -5.247380e+01 9.385967e+01 -3.193854e+01
      vertex   -5.244979e+01 9.152771e+01 -3.207355e+01
      vertex   -5.244979e+01 8.919576e+01 -3.207355e+01
    endloop
  endfacet
  facet normal -9.845397e-01 -2.249909e-15 -1.751614e-01
    outer loop
      vertex   -5.247380e+01 9.385967e+01 -3.193854e+01
      vertex   -5.244979e+01 8.919576e+01 -3.207355e+01
      vertex   -5.247380e+01 8.453186e+01 -3.193854e+01
    endloop
  endfacet
  facet normal -9.845397e-01 -6.000061e-15 -1.751614e-01
    outer loop
      vertex   -5.247380e+01 8.453186e+01 -3.193854e+01
      vertex   -5.244979e+01 8.919576e+01 -3.207355e+01
      vertex   -5.244979e+01 8.686381e+01 -3.207355e+01
    endloop
  endfacet
  facet normal -9.845397e-01 6.000061e-15 -1.751614e-01
    outer loop
      vertex   -5.247380e+01 8.453186e+01 -3.193854e+01
      vertex   -5.244979e+01 8.686381e+01 -3.207355e+01
      vertex   -5.244979e+01 8.453186e+01 -3.207355e+01
    endloop
  endfacet
  facet normal -9.513216e-01 5.797328e-15 -3.081999e-01
    outer loop
      vertex   -5.244979e+01 8.453186e+01 -3.207355e+01
      vertex   -5.244979e+01 8.686381e+01 -3.207355e+01
      vertex   -5.240752e+01 8.453186e+01 -3.220400e+01
    endloop
  endfacet
  facet normal -9.513216e-01 2.898664e-15 -3.081999e-01
    outer loop
      vertex   -5.240752e+01 8.453186e+01 -3.220400e+01
      vertex   -5.244979e+01 8.686381e+01 -3.207355e+01
      vertex   -5.240752e+01 8.686381e+01 -3.220400e+01
    endloop
  endfacet
  facet normal -9.002161e-01 2.742946e-15 -4.354435e-01
    outer loop
      vertex   -5.240752e+01 8.453186e+01 -3.220400e+01
      vertex   -5.240752e+01 8.686381e+01 -3.220400e+01
      vertex   -5.234782e+01 8.453186e+01 -3.232744e+01
    endloop
  endfacet
  facet normal -9.002161e-01 -5.484685e-15 -4.354435e-01
    outer loop
      vertex   -5.234782e+01 8.453186e+01 -3.232744e+01
      vertex   -5.240752e+01 8.686381e+01 -3.220400e+01
      vertex   -5.240752e+01 8.919576e+01 -3.220400e+01
    endloop
  endfacet
  facet normal -9.002161e-01 -2.057210e-15 -4.354435e-01
    outer loop
      vertex   -5.234782e+01 8.453186e+01 -3.232744e+01
      vertex   -5.240752e+01 8.919576e+01 -3.220400e+01
      vertex   -5.234782e+01 9.385967e+01 -3.232744e+01
    endloop
  endfacet
  facet normal -9.002161e-01 0.000000e+00 -4.354435e-01
    outer loop
      vertex   -5.234782e+01 9.385967e+01 -3.232744e+01
      vertex   -5.240752e+01 8.919576e+01 -3.220400e+01
      vertex   -5.240752e+01 9.152771e+01 -3.220400e+01
    endloop
  endfacet
  facet normal -9.002161e-01 -2.745055e-15 -4.354435e-01
    outer loop
      vertex   -5.234782e+01 9.385967e+01 -3.232744e+01
      vertex   -5.240752e+01 9.152771e+01 -3.220400e+01
      vertex   -5.240752e+01 9.385967e+01 -3.220400e+01
    endloop
  endfacet
  facet normal -9.513216e-01 -2.898664e-15 -3.081999e-01
    outer loop
      vertex   -5.240752e+01 9.385967e+01 -3.220400e+01
      vertex   -5.240752e+01 9.152771e+01 -3.220400e+01
      vertex   -5.244979e+01 9.385967e+01 -3.207355e+01
    endloop
  endfacet
  facet normal -9.513216e-01 -2.898664e-15 -3.081999e-01
    outer loop
      vertex   -5.244979e+01 9.385967e+01 -3.207355e+01
      vertex   -5.240752e+01 9.152771e+01 -3.220400e+01
      vertex   -5.244979e+01 9.152771e+01 -3.207355e+01
    endloop
  endfacet
  facet normal -9.513216e-01 -5.796623e-15 -3.081999e-01
    outer loop
      vertex   -5.240752e+01 8.686381e+01 -3.220400e+01
      vertex   -5.244979e+01 8.686381e+01 -3.207355e+01
      vertex   -5.244979e+01 8.919576e+01 -3.207355e+01
    endloop
  endfacet
  facet normal -9.513216e-01 -0.000000e+00 -3.081999e-01
    outer loop
      vertex   -5.240752e+01 9.152771e+01 -3.220400e+01
      vertex   -5.240752e+01 8.919576e+01 -3.220400e+01
      vertex   -5.244979e+01 9.152771e+01 -3.207355e+01
    endloop
  endfacet
  facet normal -9.513216e-01 -2.898664e-15 -3.081999e-01
    outer loop
      vertex   -5.244979e+01 9.152771e+01 -3.207355e+01
      vertex   -5.240752e+01 8.919576e+01 -3.220400e+01
      vertex   -5.244979e+01 8.919576e+01 -3.207355e+01
    endloop
  endfacet
  facet normal -9.513216e-01 -5.797328e-15 -3.081999e-01
    outer loop
      vertex   -5.240752e+01 8.919576e+01 -3.220400e+01
      vertex   -5.240752e+01 8.686381e+01 -3.220400e+01
      vertex   -5.244979e+01 8.919576e+01 -3.207355e+01
    endloop
  endfacet
  facet normal 8.804310e-01 -3.845113e-11 4.741742e-01
    outer loop
      vertex   -9.989551e+01 9.385186e+01 -3.136863e+01
      vertex   -9.989551e+01 9.385967e+01 -3.136863e+01
      vertex   -1.014807e+02 9.385186e+01 -2.842525e+01
    endloop
  endfacet
  facet normal 8.804310e-01 -4.359228e-11 4.741742e-01
    outer loop
      vertex   -1.014807e+02 9.385186e+01 -2.842525e+01
      vertex   -9.989551e+01 9.385967e+01 -3.136863e+01
      vertex   -1.015313e+02 9.385967e+01 -2.833130e+01
    endloop
  endfacet
  facet normal 8.804310e-01 -3.475709e-14 4.741742e-01
    outer loop
      vertex   -1.014807e+02 9.385186e+01 -2.842525e+01
      vertex   -1.015313e+02 9.385967e+01 -2.833130e+01
      vertex   -1.015313e+02 8.373186e+01 -2.833130e+01
    endloop
  endfacet
  facet normal 8.804310e-01 3.542561e-15 4.741742e-01
    outer loop
      vertex   -1.015313e+02 8.373186e+01 -2.833130e+01
      vertex   -1.014807e+02 8.373186e+01 -2.842525e+01
      vertex   -1.014807e+02 9.385186e+01 -2.842525e+01
    endloop
  endfacet
  facet normal 0.000000e+00 -1.000000e+00 0.000000e+00
    outer loop
      vertex   -1.015313e+02 8.373186e+01 -2.842525e+01
      vertex   -1.014807e+02 8.373186e+01 -2.842525e+01
      vertex   -1.015313e+02 8.373186e+01 -2.833130e+01
    endloop
  endfacet
  facet normal -7.283152e-14 3.510587e-16 -1.000000e+00
    outer loop
      vertex   -1.014807e+02 9.385186e+01 -2.842525e+01
      vertex   -1.014807e+02 8.373186e+01 -2.842525e+01
      vertex   -1.015256e+02 8.453186e+01 -2.842525e+01
    endloop
  endfacet
  facet normal 0.000000e+00 4.440892e-15 -1.000000e+00
    outer loop
      vertex   -1.015256e+02 8.453186e+01 -2.842525e+01
      vertex   -1.014807e+02 8.373186e+01 -2.842525e+01
      vertex   -1.015313e+02 8.373186e+01 -2.842525e+01
    endloop
  endfacet
  facet normal -7.860595e-14 4.998932e-15 -1.000000e+00
    outer loop
      vertex   -1.015256e+02 8.453186e+01 -2.842525e+01
      vertex   -1.015313e+02 8.373186e+01 -2.842525e+01
      vertex   -1.015313e+02 8.444255e+01 -2.842525e+01
    endloop
  endfacet
  facet normal 2.214328e-11 -1.067339e-13 -1.000000e+00
    outer loop
      vertex   -1.015256e+02 8.453186e+01 -2.842525e+01
      vertex   -1.015256e+02 9.385186e+01 -2.842525e+01
      vertex   -1.014807e+02 9.385186e+01 -2.842525e+01
    endloop
  endfacet
  facet normal 8.802466e-01 -5.597913e-02 4.712029e-01
    outer loop
      vertex   -1.015256e+02 8.453186e+01 -2.842525e+01
      vertex   -1.015313e+02 8.444255e+01 -2.842525e+01
      vertex   -1.007191e+02 8.439294e+01 -2.994850e+01
    endloop
  endfacet
  facet normal 8.725862e-01 -1.341924e-01 4.696656e-01
    outer loop
      vertex   -1.007191e+02 8.439294e+01 -2.994850e+01
      vertex   -1.015313e+02 8.444255e+01 -2.842525e+01
      vertex   -1.015313e+02 8.440641e+01 -2.843558e+01
    endloop
  endfacet
  facet normal 8.661068e-01 -1.793151e-01 4.665888e-01
    outer loop
      vertex   -1.007191e+02 8.439294e+01 -2.994850e+01
      vertex   -1.015313e+02 8.440641e+01 -2.843558e+01
      vertex   -1.015313e+02 8.437053e+01 -2.844937e+01
    endloop
  endfacet
  facet normal 8.538116e-01 -2.457334e-01 4.589344e-01
    outer loop
      vertex   -1.015313e+02 8.437053e+01 -2.844937e+01
      vertex   -1.015313e+02 8.429985e+01 -2.848721e+01
      vertex   -1.007191e+02 8.439294e+01 -2.994850e+01
    endloop
  endfacet
  facet normal 8.511742e-01 -2.588187e-01 4.566348e-01
    outer loop
      vertex   -1.007191e+02 8.439294e+01 -2.994850e+01
      vertex   -1.015313e+02 8.429985e+01 -2.848721e+01
      vertex   -1.007509e+02 8.425824e+01 -2.996561e+01
    endloop
  endfacet
  facet normal 8.504311e-01 -2.588190e-01 4.580171e-01
    outer loop
      vertex   -1.007191e+02 8.439294e+01 -2.994850e+01
      vertex   -1.007509e+02 8.425824e+01 -2.996561e+01
      vertex   -9.993230e+01 8.425824e+01 -3.148546e+01
    endloop
  endfacet
  facet normal 7.979415e-01 -4.226183e-01 4.297478e-01
    outer loop
      vertex   -9.993230e+01 8.425824e+01 -3.148546e+01
      vertex   -1.007509e+02 8.425824e+01 -2.996561e+01
      vertex   -9.998419e+01 8.413186e+01 -3.151341e+01
    endloop
  endfacet
  facet normal 7.979415e-01 -4.226183e-01 4.297478e-01
    outer loop
      vertex   -9.998419e+01 8.413186e+01 -3.151341e+01
      vertex   -1.007509e+02 8.425824e+01 -2.996561e+01
      vertex   -1.008027e+02 8.413186e+01 -2.999356e+01
    endloop
  endfacet
  facet normal 7.212069e-01 -5.735764e-01 3.884208e-01
    outer loop
      vertex   -9.998419e+01 8.413186e+01 -3.151341e+01
      vertex   -1.008027e+02 8.413186e+01 -2.999356e+01
      vertex   -1.000546e+02 8.401763e+01 -3.155133e+01
    endloop
  endfacet
  facet normal 7.212069e-01 -5.735764e-01 3.884208e-01
    outer loop
      vertex   -1.000546e+02 8.401763e+01 -3.155133e+01
      vertex   -1.008027e+02 8.413186e+01 -2.999356e+01
      vertex   -1.008732e+02 8.401763e+01 -3.003148e+01
    endloop
  endfacet
  facet normal 6.225587e-01 -7.071068e-01 3.352918e-01
    outer loop
      vertex   -1.000546e+02 8.401763e+01 -3.155133e+01
      vertex   -1.008732e+02 8.401763e+01 -3.003148e+01
      vertex   -1.001414e+02 8.391902e+01 -3.159809e+01
    endloop
  endfacet
  facet normal 6.225587e-01 -7.071068e-01 3.352918e-01
    outer loop
      vertex   -1.001414e+02 8.391902e+01 -3.159809e+01
      vertex   -1.008732e+02 8.401763e+01 -3.003148e+01
      vertex   -1.009600e+02 8.391902e+01 -3.007824e+01
    endloop
  endfacet
  facet normal 5.049945e-01 -8.191520e-01 2.719752e-01
    outer loop
      vertex   -1.001414e+02 8.391902e+01 -3.159809e+01
      vertex   -1.009600e+02 8.391902e+01 -3.007824e+01
      vertex   -1.002420e+02 8.383904e+01 -3.165226e+01
    endloop
  endfacet
  facet normal 5.049945e-01 -8.191520e-01 2.719752e-01
    outer loop
      vertex   -1.002420e+02 8.383904e+01 -3.165226e+01
      vertex   -1.009600e+02 8.391902e+01 -3.007824e+01
      vertex   -1.010605e+02 8.383904e+01 -3.013240e+01
    endloop
  endfacet
  facet normal 3.720862e-01 -9.063078e-01 2.003947e-01
    outer loop
      vertex   -1.002420e+02 8.383904e+01 -3.165226e+01
      vertex   -1.010605e+02 8.383904e+01 -3.013240e+01
      vertex   -1.003533e+02 8.378010e+01 -3.171218e+01
    endloop
  endfacet
  facet normal 3.720862e-01 -9.063078e-01 2.003947e-01
    outer loop
      vertex   -1.003533e+02 8.378010e+01 -3.171218e+01
      vertex   -1.010605e+02 8.383904e+01 -3.013240e+01
      vertex   -1.011718e+02 8.378010e+01 -3.019233e+01
    endloop
  endfacet
  facet normal 2.278723e-01 -9.659258e-01 1.227253e-01
    outer loop
      vertex   -1.003533e+02 8.378010e+01 -3.171218e+01
      vertex   -1.011718e+02 8.378010e+01 -3.019233e+01
      vertex   -1.004719e+02 8.374401e+01 -3.177605e+01
    endloop
  endfacet
  facet normal 2.278723e-01 -9.659258e-01 1.227253e-01
    outer loop
      vertex   -1.004719e+02 8.374401e+01 -3.177605e+01
      vertex   -1.011718e+02 8.378010e+01 -3.019233e+01
      vertex   -1.012904e+02 8.374401e+01 -3.025620e+01
    endloop
  endfacet
  facet normal 7.673462e-02 -9.961947e-01 4.132701e-02
    outer loop
      vertex   -1.004719e+02 8.374401e+01 -3.177605e+01
      vertex   -1.012904e+02 8.374401e+01 -3.025620e+01
      vertex   -1.005942e+02 8.373186e+01 -3.184193e+01
    endloop
  endfacet
  facet normal 7.673462e-02 -9.961947e-01 4.132701e-02
    outer loop
      vertex   -1.005942e+02 8.373186e+01 -3.184193e+01
      vertex   -1.012904e+02 8.374401e+01 -3.025620e+01
      vertex   -1.015313e+02 8.373186e+01 -3.010185e+01
    endloop
  endfacet
  facet normal 7.791614e-02 -9.960242e-01 4.318458e-02
    outer loop
      vertex   -1.015313e+02 8.373186e+01 -3.010185e+01
      vertex   -1.012904e+02 8.374401e+01 -3.025620e+01
      vertex   -1.015313e+02 8.374512e+01 -2.979588e+01
    endloop
  endfacet
  facet normal 2.283484e-01 -9.659253e-01 1.218411e-01
    outer loop
      vertex   -1.015313e+02 8.374512e+01 -2.979588e+01
      vertex   -1.012904e+02 8.374401e+01 -3.025620e+01
      vertex   -1.011718e+02 8.378010e+01 -3.019233e+01
    endloop
  endfacet
  facet normal 2.351080e-01 -9.634793e-01 1.281865e-01
    outer loop
      vertex   -1.015313e+02 8.374512e+01 -2.979588e+01
      vertex   -1.011718e+02 8.378010e+01 -3.019233e+01
      vertex   -1.015313e+02 8.378448e+01 -2.950005e+01
    endloop
  endfacet
  facet normal 3.528404e-01 -9.163909e-01 1.890275e-01
    outer loop
      vertex   -1.015313e+02 8.378448e+01 -2.950005e+01
      vertex   -1.011718e+02 8.378010e+01 -3.019233e+01
      vertex   -1.015313e+02 8.381357e+01 -2.935903e+01
    endloop
  endfacet
  facet normal 3.736004e-01 -9.063032e-01 1.975786e-01
    outer loop
      vertex   -1.015313e+02 8.381357e+01 -2.935903e+01
      vertex   -1.011718e+02 8.378010e+01 -3.019233e+01
      vertex   -1.010605e+02 8.383904e+01 -3.013240e+01
    endloop
  endfacet
  facet normal 4.221555e-01 -8.773599e-01 2.280886e-01
    outer loop
      vertex   -1.015313e+02 8.381357e+01 -2.935903e+01
      vertex   -1.010605e+02 8.383904e+01 -3.013240e+01
      vertex   -1.015313e+02 8.384863e+01 -2.922418e+01
    endloop
  endfacet
  facet normal 4.935365e-01 -8.285064e-01 2.645730e-01
    outer loop
      vertex   -1.015313e+02 8.384863e+01 -2.922418e+01
      vertex   -1.010605e+02 8.383904e+01 -3.013240e+01
      vertex   -1.015313e+02 8.388936e+01 -2.909662e+01
    endloop
  endfacet
  facet normal 5.061390e-01 -8.191497e-01 2.698465e-01
    outer loop
      vertex   -1.015313e+02 8.388936e+01 -2.909662e+01
      vertex   -1.010605e+02 8.383904e+01 -3.013240e+01
      vertex   -1.009600e+02 8.391902e+01 -3.007824e+01
    endloop
  endfacet
  facet normal 5.553494e-01 -7.756968e-01 2.998023e-01
    outer loop
      vertex   -1.015313e+02 8.388936e+01 -2.909662e+01
      vertex   -1.009600e+02 8.391902e+01 -3.007824e+01
      vertex   -1.015313e+02 8.393543e+01 -2.897742e+01
    endloop
  endfacet
  facet normal 6.232437e-01 -7.071060e-01 3.340184e-01
    outer loop
      vertex   -1.015313e+02 8.393543e+01 -2.897742e+01
      vertex   -1.009600e+02 8.391902e+01 -3.007824e+01
      vertex   -1.008732e+02 8.401763e+01 -3.003148e+01
    endloop
  endfacet
  facet normal 6.188820e-01 -7.123915e-01 3.308827e-01
    outer loop
      vertex   -1.015313e+02 8.393543e+01 -2.897742e+01
      vertex   -1.008732e+02 8.401763e+01 -3.003148e+01
      vertex   -1.015313e+02 8.398646e+01 -2.886756e+01
    endloop
  endfacet
  facet normal 6.701180e-01 -6.482335e-01 3.615731e-01
    outer loop
      vertex   -1.015313e+02 8.398646e+01 -2.886756e+01
      vertex   -1.008732e+02 8.401763e+01 -3.003148e+01
      vertex   -1.015313e+02 8.404202e+01 -2.876795e+01
    endloop
  endfacet
  facet normal 7.219114e-01 -5.735758e-01 3.871107e-01
    outer loop
      vertex   -1.015313e+02 8.404202e+01 -2.876795e+01
      vertex   -1.008732e+02 8.401763e+01 -3.003148e+01
      vertex   -1.008027e+02 8.413186e+01 -2.999356e+01
    endloop
  endfacet
  facet normal 7.215131e-01 -5.742707e-01 3.868230e-01
    outer loop
      vertex   -1.015313e+02 8.404202e+01 -2.876795e+01
      vertex   -1.008027e+02 8.413186e+01 -2.999356e+01
      vertex   -1.015313e+02 8.410165e+01 -2.867943e+01
    endloop
  endfacet
  facet normal 7.626186e-01 -4.992130e-01 4.113384e-01
    outer loop
      vertex   -1.015313e+02 8.410165e+01 -2.867943e+01
      vertex   -1.008027e+02 8.413186e+01 -2.999356e+01
      vertex   -1.015313e+02 8.416485e+01 -2.860272e+01
    endloop
  endfacet
  facet normal 7.986641e-01 -4.226178e-01 4.284038e-01
    outer loop
      vertex   -1.015313e+02 8.416485e+01 -2.860272e+01
      vertex   -1.008027e+02 8.413186e+01 -2.999356e+01
      vertex   -1.007509e+02 8.425824e+01 -2.996561e+01
    endloop
  endfacet
  facet normal 8.007645e-01 -4.169929e-01 4.299920e-01
    outer loop
      vertex   -1.015313e+02 8.416485e+01 -2.860272e+01
      vertex   -1.007509e+02 8.425824e+01 -2.996561e+01
      vertex   -1.015313e+02 8.423110e+01 -2.853847e+01
    endloop
  endfacet
  facet normal 8.297644e-01 -3.336029e-01 4.474372e-01
    outer loop
      vertex   -1.015313e+02 8.423110e+01 -2.853847e+01
      vertex   -1.007509e+02 8.425824e+01 -2.996561e+01
      vertex   -1.015313e+02 8.429985e+01 -2.848721e+01
    endloop
  endfacet
  facet normal 8.504311e-01 -2.588190e-01 4.580171e-01
    outer loop
      vertex   -9.993230e+01 8.425824e+01 -3.148546e+01
      vertex   -9.990053e+01 8.439294e+01 -3.146835e+01
      vertex   -1.007191e+02 8.439294e+01 -2.994850e+01
    endloop
  endfacet
  facet normal 8.770807e-01 -8.715574e-02 4.723699e-01
    outer loop
      vertex   -1.007191e+02 8.439294e+01 -2.994850e+01
      vertex   -9.990053e+01 8.439294e+01 -3.146835e+01
      vertex   -9.988983e+01 8.453186e+01 -3.146259e+01
    endloop
  endfacet
  facet normal 8.770807e-01 -8.715574e-02 4.723699e-01
    outer loop
      vertex   -1.007191e+02 8.439294e+01 -2.994850e+01
      vertex   -9.988983e+01 8.453186e+01 -3.146259e+01
      vertex   -1.015256e+02 8.453186e+01 -2.842525e+01
    endloop
  endfacet
  facet normal 0.000000e+00 -1.000000e+00 0.000000e+00
    outer loop
      vertex   -1.015313e+02 8.373186e+01 -3.010185e+01
      vertex   -1.006026e+02 8.373186e+01 -3.194263e+01
      vertex   -1.005942e+02 8.373186e+01 -3.184193e+01
    endloop
  endfacet
  facet normal 0.000000e+00 -1.000000e+00 -0.000000e+00
    outer loop
      vertex   -1.005942e+02 8.373186e+01 -3.184193e+01
      vertex   -1.006026e+02 8.373186e+01 -3.194263e+01
      vertex   -1.005923e+02 8.373186e+01 -3.192206e+01
    endloop
  endfacet
  facet normal 0.000000e+00 -1.000000e+00 0.000000e+00
    outer loop
      vertex   -1.005942e+02 8.373186e+01 -3.184193e+01
      vertex   -1.005923e+02 8.373186e+01 -3.192206e+01
      vertex   -1.005884e+02 8.373186e+01 -3.185363e+01
    endloop
  endfacet
  facet normal 0.000000e+00 -1.000000e+00 -0.000000e+00
    outer loop
      vertex   -1.005884e+02 8.373186e+01 -3.185363e+01
      vertex   -1.005923e+02 8.373186e+01 -3.192206e+01
      vertex   -1.005844e+02 8.373186e+01 -3.190044e+01
    endloop
  endfacet
  facet normal 0.000000e+00 -1.000000e+00 0.000000e+00
    outer loop
      vertex   -1.005884e+02 8.373186e+01 -3.185363e+01
      vertex   -1.005844e+02 8.373186e+01 -3.190044e+01
      vertex   -1.005833e+02 8.373186e+01 -3.186569e+01
    endloop
  endfacet
  facet normal 0.000000e+00 -1.000000e+00 -0.000000e+00
    outer loop
      vertex   -1.005833e+02 8.373186e+01 -3.186569e+01
      vertex   -1.005844e+02 8.373186e+01 -3.190044e+01
      vertex   -1.005791e+02 8.373186e+01 -3.187805e+01
    endloop
  endfacet
  facet normal 0.000000e+00 -1.000000e+00 0.000000e+00
    outer loop
      vertex   -1.015313e+02 8.373186e+01 -3.010185e+01
      vertex   -1.015313e+02 8.373186e+01 -3.355490e+01
      vertex   -1.006026e+02 8.373186e+01 -3.194263e+01
    endloop
  endfacet
  facet normal 7.552278e-02 -9.961947e-01 -4.350211e-02
    outer loop
      vertex   -1.006026e+02 8.373186e+01 -3.194263e+01
      vertex   -1.015313e+02 8.373186e+01 -3.355490e+01
      vertex   -1.004823e+02 8.374401e+01 -3.201197e+01
    endloop
  endfacet
  facet normal 8.349469e-02 -9.953063e-01 -4.892935e-02
    outer loop
      vertex   -1.004823e+02 8.374401e+01 -3.201197e+01
      vertex   -1.015313e+02 8.373186e+01 -3.355490e+01
      vertex   -1.015313e+02 8.374723e+01 -3.386759e+01
    endloop
  endfacet
  facet normal 2.115018e-01 -9.698271e-01 -1.212534e-01
    outer loop
      vertex   -1.004823e+02 8.374401e+01 -3.201197e+01
      vertex   -1.015313e+02 8.374723e+01 -3.386759e+01
      vertex   -1.015313e+02 8.376630e+01 -3.402017e+01
    endloop
  endfacet
  facet normal 2.248502e-01 -9.659252e-01 -1.281831e-01
    outer loop
      vertex   -1.004823e+02 8.374401e+01 -3.201197e+01
      vertex   -1.015313e+02 8.376630e+01 -3.402017e+01
      vertex   -1.003655e+02 8.378010e+01 -3.207920e+01
    endloop
  endfacet
  facet normal 2.911770e-01 -9.417682e-01 -1.681921e-01
    outer loop
      vertex   -1.003655e+02 8.378010e+01 -3.207920e+01
      vertex   -1.015313e+02 8.376630e+01 -3.402017e+01
      vertex   -1.015313e+02 8.379275e+01 -3.416826e+01
    endloop
  endfacet
  facet normal 3.666862e-01 -9.063074e-01 -2.101147e-01
    outer loop
      vertex   -1.003655e+02 8.378010e+01 -3.207920e+01
      vertex   -1.015313e+02 8.379275e+01 -3.416826e+01
      vertex   -1.002560e+02 8.383904e+01 -3.214228e+01
    endloop
  endfacet
  facet normal 3.716453e-01 -9.035392e-01 -2.132996e-01
    outer loop
      vertex   -1.002560e+02 8.383904e+01 -3.214228e+01
      vertex   -1.015313e+02 8.379275e+01 -3.416826e+01
      vertex   -1.015313e+02 8.382632e+01 -3.431045e+01
    endloop
  endfacet
  facet normal 4.449451e-01 -8.579852e-01 -2.566813e-01
    outer loop
      vertex   -1.002560e+02 8.383904e+01 -3.214228e+01
      vertex   -1.015313e+02 8.382632e+01 -3.431045e+01
      vertex   -1.015313e+02 8.386668e+01 -3.444536e+01
    endloop
  endfacet
  facet normal 4.975601e-01 -8.191516e-01 -2.853500e-01
    outer loop
      vertex   -1.002560e+02 8.383904e+01 -3.214228e+01
      vertex   -1.015313e+02 8.386668e+01 -3.444536e+01
      vertex   -1.001570e+02 8.391902e+01 -3.219930e+01
    endloop
  endfacet
  facet normal 5.164432e-01 -8.030640e-01 -2.972787e-01
    outer loop
      vertex   -1.001570e+02 8.391902e+01 -3.219930e+01
      vertex   -1.015313e+02 8.386668e+01 -3.444536e+01
      vertex   -1.015313e+02 8.391345e+01 -3.457170e+01
    endloop
  endfacet
  facet normal 5.817405e-01 -7.410706e-01 -3.352498e-01
    outer loop
      vertex   -1.001570e+02 8.391902e+01 -3.219930e+01
      vertex   -1.015313e+02 8.391345e+01 -3.457170e+01
      vertex   -1.015313e+02 8.396617e+01 -3.468824e+01
    endloop
  endfacet
  facet normal 6.132611e-01 -7.071064e-01 -3.520106e-01
    outer loop
      vertex   -1.001570e+02 8.391902e+01 -3.219930e+01
      vertex   -1.015313e+02 8.396617e+01 -3.468824e+01
      vertex   -1.000716e+02 8.401763e+01 -3.224851e+01
    endloop
  endfacet
  facet normal 6.419006e-01 -6.716714e-01 -3.698934e-01
    outer loop
      vertex   -1.000716e+02 8.401763e+01 -3.224851e+01
      vertex   -1.015313e+02 8.396617e+01 -3.468824e+01
      vertex   -1.015313e+02 8.402434e+01 -3.479387e+01
    endloop
  endfacet
  facet normal 6.961687e-01 -5.955642e-01 -4.008147e-01
    outer loop
      vertex   -1.000716e+02 8.401763e+01 -3.224851e+01
      vertex   -1.015313e+02 8.402434e+01 -3.479387e+01
      vertex   -1.015313e+02 8.408740e+01 -3.488757e+01
    endloop
  endfacet
  facet normal 7.102892e-01 -5.735762e-01 -4.080437e-01
    outer loop
      vertex   -1.000716e+02 8.401763e+01 -3.224851e+01
      vertex   -1.015313e+02 8.408740e+01 -3.488757e+01
      vertex   -1.000023e+02 8.413186e+01 -3.228844e+01
    endloop
  endfacet
  facet normal 7.429938e-01 -5.143168e-01 -4.282970e-01
    outer loop
      vertex   -1.000023e+02 8.413186e+01 -3.228844e+01
      vertex   -1.015313e+02 8.408740e+01 -3.488757e+01
      vertex   -1.015313e+02 8.415474e+01 -3.496843e+01
    endloop
  endfacet
  facet normal 7.837629e-01 -4.271803e-01 -4.508133e-01
    outer loop
      vertex   -1.000023e+02 8.413186e+01 -3.228844e+01
      vertex   -1.015313e+02 8.415474e+01 -3.496843e+01
      vertex   -1.015313e+02 8.422571e+01 -3.503568e+01
    endloop
  endfacet
  facet normal 7.857021e-01 -4.226182e-01 -4.517368e-01
    outer loop
      vertex   -1.000023e+02 8.413186e+01 -3.228844e+01
      vertex   -1.015313e+02 8.422571e+01 -3.503568e+01
      vertex   -9.995122e+01 8.425824e+01 -3.231785e+01
    endloop
  endfacet
  facet normal 8.156715e-01 -3.370555e-01 -4.701846e-01
    outer loop
      vertex   -9.995122e+01 8.425824e+01 -3.231785e+01
      vertex   -1.015313e+02 8.422571e+01 -3.503568e+01
      vertex   -1.015313e+02 8.429963e+01 -3.508867e+01
    endloop
  endfacet
  facet normal 8.374096e-01 -2.588190e-01 -4.814125e-01
    outer loop
      vertex   -9.995122e+01 8.425824e+01 -3.231785e+01
      vertex   -1.015313e+02 8.429963e+01 -3.508867e+01
      vertex   -9.991994e+01 8.439294e+01 -3.233587e+01
    endloop
  endfacet
  facet normal 8.407484e-01 -2.428476e-01 -4.839083e-01
    outer loop
      vertex   -9.991994e+01 8.439294e+01 -3.233587e+01
      vertex   -1.015313e+02 8.429963e+01 -3.508867e+01
      vertex   -1.015313e+02 8.437578e+01 -3.512689e+01
    endloop
  endfacet
  facet normal 8.537293e-01 -1.709834e-01 -4.918444e-01
    outer loop
      vertex   -9.991994e+01 8.439294e+01 -3.233587e+01
      vertex   -1.015313e+02 8.437578e+01 -3.512689e+01
      vertex   -1.015313e+02 8.441447e+01 -3.514034e+01
    endloop
  endfacet
  facet normal 8.601445e-01 -1.223563e-01 -4.951570e-01
    outer loop
      vertex   -1.015313e+02 8.441447e+01 -3.514034e+01
      vertex   -1.015313e+02 8.445344e+01 -3.514997e+01
      vertex   -9.991994e+01 8.439294e+01 -3.233587e+01
    endloop
  endfacet
  facet normal 8.636902e-01 -8.715571e-02 -4.964305e-01
    outer loop
      vertex   -9.991994e+01 8.439294e+01 -3.233587e+01
      vertex   -1.015313e+02 8.445344e+01 -3.514997e+01
      vertex   -9.990941e+01 8.453186e+01 -3.234193e+01
    endloop
  endfacet
  facet normal 8.644791e-01 -7.348911e-02 -4.972678e-01
    outer loop
      vertex   -9.990941e+01 8.453186e+01 -3.234193e+01
      vertex   -1.015313e+02 8.445344e+01 -3.514997e+01
      vertex   -1.015313e+02 8.449260e+01 -3.515576e+01
    endloop
  endfacet
  facet normal 8.662657e-01 -2.454123e-02 -4.989804e-01
    outer loop
      vertex   -9.990941e+01 8.453186e+01 -3.234193e+01
      vertex   -1.015313e+02 8.449260e+01 -3.515576e+01
      vertex   -1.015313e+02 8.453186e+01 -3.515769e+01
    endloop
  endfacet
  facet normal 0.000000e+00 1.000000e+00 0.000000e+00
    outer loop
      vertex   -9.990941e+01 6.523186e+01 -3.234193e+01
      vertex   -1.015313e+02 6.523186e+01 -3.515769e+01
      vertex   -1.015256e+02 6.523186e+01 -2.842525e+01
    endloop
  endfacet
  facet normal 0.000000e+00 1.000000e+00 0.000000e+00
    outer loop
      vertex   -1.015256e+02 6.523186e+01 -2.842525e+01
      vertex   -1.015313e+02 6.523186e+01 -3.515769e+01
      vertex   -1.015313e+02 6.523186e+01 -2.833130e+01
    endloop
  endfacet
  facet normal 0.000000e+00 1.000000e+00 -0.000000e+00
    outer loop
      vertex   -1.015256e+02 6.523186e+01 -2.842525e+01
      vertex   -1.015313e+02 6.523186e+01 -2.833130e+01
      vertex   -1.015256e+02 6.523186e+01 -2.834184e+01
    endloop
  endfacet
  facet normal 0.000000e+00 1.000000e+00 0.000000e+00
    outer loop
      vertex   -1.015256e+02 6.523186e+01 -2.842525e+01
      vertex   -9.988983e+01 6.523186e+01 -3.146259e+01
      vertex   -9.990941e+01 6.523186e+01 -3.234193e+01
    endloop
  endfacet
  facet normal 0.000000e+00 1.000000e+00 0.000000e+00
    outer loop
      vertex   -9.990941e+01 6.523186e+01 -3.234193e+01
      vertex   -9.988983e+01 6.523186e+01 -3.146259e+01
      vertex   -9.985051e+01 6.523186e+01 -3.222172e+01
    endloop
  endfacet
  facet normal 0.000000e+00 1.000000e+00 -0.000000e+00
    outer loop
      vertex   -9.985051e+01 6.523186e+01 -3.222172e+01
      vertex   -9.988983e+01 6.523186e+01 -3.146259e+01
      vertex   -9.983619e+01 6.523186e+01 -3.157965e+01
    endloop
  endfacet
  facet normal 0.000000e+00 1.000000e+00 0.000000e+00
    outer loop
      vertex   -9.985051e+01 6.523186e+01 -3.222172e+01
      vertex   -9.983619e+01 6.523186e+01 -3.157965e+01
      vertex   -9.980819e+01 6.523186e+01 -3.209471e+01
    endloop
  endfacet
  facet normal 0.000000e+00 1.000000e+00 -0.000000e+00
    outer loop
      vertex   -9.980819e+01 6.523186e+01 -3.209471e+01
      vertex   -9.983619e+01 6.523186e+01 -3.157965e+01
      vertex   -9.979805e+01 6.523186e+01 -3.170264e+01
    endloop
  endfacet
  facet normal 0.000000e+00 1.000000e+00 0.000000e+00
    outer loop
      vertex   -9.980819e+01 6.523186e+01 -3.209471e+01
      vertex   -9.979805e+01 6.523186e+01 -3.170264e+01
      vertex   -9.978321e+01 6.523186e+01 -3.196319e+01
    endloop
  endfacet
  facet normal 0.000000e+00 1.000000e+00 -0.000000e+00
    outer loop
      vertex   -9.978321e+01 6.523186e+01 -3.196319e+01
      vertex   -9.979805e+01 6.523186e+01 -3.170264e+01
      vertex   -9.977603e+01 6.523186e+01 -3.182951e+01
    endloop
  endfacet
  facet normal 8.804310e-01 1.305388e-14 4.741742e-01
    outer loop
      vertex   -1.015256e+02 6.523186e+01 -2.834184e+01
      vertex   -1.015313e+02 6.523186e+01 -2.833130e+01
      vertex   -1.015256e+02 5.019081e+01 -2.834184e+01
    endloop
  endfacet
  facet normal 8.804310e-01 1.222206e-14 4.741742e-01
    outer loop
      vertex   -1.015256e+02 5.019081e+01 -2.834184e+01
      vertex   -1.015313e+02 6.523186e+01 -2.833130e+01
      vertex   -1.015313e+02 5.019081e+01 -2.833130e+01
    endloop
  endfacet
  facet normal 6.339708e-01 6.939028e-01 3.414380e-01
    outer loop
      vertex   -1.015256e+02 5.023186e+01 -2.842525e+01
      vertex   -1.015256e+02 5.019081e+01 -2.834184e+01
      vertex   -9.988983e+01 5.023186e+01 -3.146259e+01
    endloop
  endfacet
  facet normal 6.647026e-01 6.562655e-01 3.570519e-01
    outer loop
      vertex   -9.988983e+01 5.023186e+01 -3.146259e+01
      vertex   -1.015256e+02 5.019081e+01 -2.834184e+01
      vertex   -9.979801e+01 5.011195e+01 -3.141313e+01
    endloop
  endfacet
  facet normal 6.805088e-01 6.344952e-01 3.665020e-01
    outer loop
      vertex   -9.979801e+01 5.011195e+01 -3.141313e+01
      vertex   -1.015256e+02 5.019081e+01 -2.834184e+01
      vertex   -1.007508e+02 5.011195e+01 -2.964398e+01
    endloop
  endfacet
  facet normal 7.474521e-01 5.284546e-01 4.025557e-01
    outer loop
      vertex   -9.979801e+01 5.011195e+01 -3.141313e+01
      vertex   -1.007508e+02 5.011195e+01 -2.964398e+01
      vertex   -9.972407e+01 4.997704e+01 -3.137331e+01
    endloop
  endfacet
  facet normal 7.474521e-01 5.284546e-01 4.025557e-01
    outer loop
      vertex   -9.972407e+01 4.997704e+01 -3.137331e+01
      vertex   -1.007508e+02 5.011195e+01 -2.964398e+01
      vertex   -1.006769e+02 4.997704e+01 -2.960416e+01
    endloop
  endfacet
  facet normal 8.117173e-01 3.872983e-01 4.371670e-01
    outer loop
      vertex   -9.972407e+01 4.997704e+01 -3.137331e+01
      vertex   -1.006769e+02 4.997704e+01 -2.960416e+01
      vertex   -9.966988e+01 4.983053e+01 -3.134413e+01
    endloop
  endfacet
  facet normal 8.117173e-01 3.872983e-01 4.371670e-01
    outer loop
      vertex   -9.966988e+01 4.983053e+01 -3.134413e+01
      vertex   -1.006769e+02 4.997704e+01 -2.960416e+01
      vertex   -1.006227e+02 4.983053e+01 -2.957498e+01
    endloop
  endfacet
  facet normal 8.554842e-01 2.363616e-01 4.607386e-01
    outer loop
      vertex   -9.966988e+01 4.983053e+01 -3.134413e+01
      vertex   -1.006227e+02 4.983053e+01 -2.957498e+01
      vertex   -9.963681e+01 4.967612e+01 -3.132632e+01
    endloop
  endfacet
  facet normal 8.554842e-01 2.363616e-01 4.607386e-01
    outer loop
      vertex   -9.963681e+01 4.967612e+01 -3.132632e+01
      vertex   -1.006227e+02 4.983053e+01 -2.957498e+01
      vertex   -1.005896e+02 4.967612e+01 -2.955717e+01
    endloop
  endfacet
  facet normal 8.776474e-01 7.945604e-02 4.726751e-01
    outer loop
      vertex   -9.963681e+01 4.967612e+01 -3.132632e+01
      vertex   -1.005896e+02 4.967612e+01 -2.955717e+01
      vertex   -9.962570e+01 4.951771e+01 -3.132033e+01
    endloop
  endfacet
  facet normal 8.772956e-01 8.901019e-02 4.716244e-01
    outer loop
      vertex   -9.962570e+01 4.951771e+01 -3.132033e+01
      vertex   -1.005896e+02 4.967612e+01 -2.955717e+01
      vertex   -1.015313e+02 4.956385e+01 -2.778428e+01
    endloop
  endfacet
  facet normal 8.801966e-01 2.307268e-02 4.740480e-01
    outer loop
      vertex   -9.962570e+01 4.951771e+01 -3.132033e+01
      vertex   -1.015313e+02 4.956385e+01 -2.778428e+01
      vertex   -1.015313e+02 4.951771e+01 -2.778203e+01
    endloop
  endfacet
  facet normal 6.777708e-01 6.382646e-01 3.650274e-01
    outer loop
      vertex   -1.015313e+02 5.019081e+01 -2.833130e+01
      vertex   -1.015313e+02 5.011979e+01 -2.820710e+01
      vertex   -1.015256e+02 5.019081e+01 -2.834184e+01
    endloop
  endfacet
  facet normal 6.781377e-01 6.379583e-01 3.648814e-01
    outer loop
      vertex   -1.015256e+02 5.019081e+01 -2.834184e+01
      vertex   -1.015313e+02 5.011979e+01 -2.820710e+01
      vertex   -1.007508e+02 5.011195e+01 -2.964398e+01
    endloop
  endfacet
  facet normal 7.264355e-01 5.648074e-01 3.915151e-01
    outer loop
      vertex   -1.015313e+02 5.011979e+01 -2.820710e+01
      vertex   -1.015313e+02 5.004363e+01 -2.809724e+01
      vertex   -1.007508e+02 5.011195e+01 -2.964398e+01
    endloop
  endfacet
  facet normal 7.483153e-01 5.284537e-01 4.009500e-01
    outer loop
      vertex   -1.007508e+02 5.011195e+01 -2.964398e+01
      vertex   -1.015313e+02 5.004363e+01 -2.809724e+01
      vertex   -1.006769e+02 4.997704e+01 -2.960416e+01
    endloop
  endfacet
  facet normal 7.691139e-01 4.863836e-01 4.146021e-01
    outer loop
      vertex   -1.015313e+02 5.004363e+01 -2.809724e+01
      vertex   -1.015313e+02 4.996300e+01 -2.800265e+01
      vertex   -1.006769e+02 4.997704e+01 -2.960416e+01
    endloop
  endfacet
  facet normal 8.059231e-01 4.031825e-01 4.335110e-01
    outer loop
      vertex   -1.006769e+02 4.997704e+01 -2.960416e+01
      vertex   -1.015313e+02 4.996300e+01 -2.800265e+01
      vertex   -1.015313e+02 4.987858e+01 -2.792413e+01
    endloop
  endfacet
  facet normal 8.124098e-01 3.872979e-01 4.358791e-01
    outer loop
      vertex   -1.006769e+02 4.997704e+01 -2.960416e+01
      vertex   -1.015313e+02 4.987858e+01 -2.792413e+01
      vertex   -1.006227e+02 4.983053e+01 -2.957498e+01
    endloop
  endfacet
  facet normal 8.345372e-01 3.177640e-01 4.500818e-01
    outer loop
      vertex   -1.006227e+02 4.983053e+01 -2.957498e+01
      vertex   -1.015313e+02 4.987858e+01 -2.792413e+01
      vertex   -1.015313e+02 4.979109e+01 -2.786236e+01
    endloop
  endfacet
  facet normal 8.560776e-01 2.363614e-01 4.596351e-01
    outer loop
      vertex   -1.006227e+02 4.983053e+01 -2.957498e+01
      vertex   -1.015313e+02 4.979109e+01 -2.786236e+01
      vertex   -1.005896e+02 4.967612e+01 -2.955717e+01
    endloop
  endfacet
  facet normal 8.575184e-01 2.283927e-01 4.609761e-01
    outer loop
      vertex   -1.005896e+02 4.967612e+01 -2.955717e+01
      vertex   -1.015313e+02 4.979109e+01 -2.786236e+01
      vertex   -1.015313e+02 4.970127e+01 -2.781786e+01
    endloop
  endfacet
  facet normal 8.689024e-01 1.608607e-01 4.681158e-01
    outer loop
      vertex   -1.005896e+02 4.967612e+01 -2.955717e+01
      vertex   -1.015313e+02 4.970127e+01 -2.781786e+01
      vertex   -1.015313e+02 4.965572e+01 -2.780221e+01
    endloop
  endfacet
  facet normal 8.747496e-01 1.150443e-01 4.707207e-01
    outer loop
      vertex   -1.015313e+02 4.965572e+01 -2.780221e+01
      vertex   -1.015313e+02 4.960988e+01 -2.779101e+01
      vertex   -1.005896e+02 4.967612e+01 -2.955717e+01
    endloop
  endfacet
  facet normal 8.792321e-01 6.892655e-02 4.713810e-01
    outer loop
      vertex   -1.005896e+02 4.967612e+01 -2.955717e+01
      vertex   -1.015313e+02 4.960988e+01 -2.779101e+01
      vertex   -1.015313e+02 4.956385e+01 -2.778428e+01
    endloop
  endfacet
  facet normal 8.804310e-01 0.000000e+00 4.741742e-01
    outer loop
      vertex   -9.962570e+01 4.951771e+01 -3.132033e+01
      vertex   -1.015313e+02 4.951771e+01 -2.778203e+01
      vertex   -9.962570e+01 4.923186e+01 -3.132033e+01
    endloop
  endfacet
  facet normal 8.804310e-01 0.000000e+00 4.741742e-01
    outer loop
      vertex   -9.962570e+01 4.923186e+01 -3.132033e+01
      vertex   -1.015313e+02 4.951771e+01 -2.778203e+01
      vertex   -1.015313e+02 4.923186e+01 -2.778203e+01
    endloop
  endfacet
  facet normal 8.801659e-01 -2.454123e-02 4.740314e-01
    outer loop
      vertex   -1.015313e+02 4.923186e+01 -2.778203e+01
      vertex   -1.015313e+02 4.918279e+01 -2.778457e+01
      vertex   -9.962570e+01 4.923186e+01 -3.132033e+01
    endloop
  endfacet
  facet normal 8.783344e-01 -7.348301e-02 4.723652e-01
    outer loop
      vertex   -9.962570e+01 4.923186e+01 -3.132033e+01
      vertex   -1.015313e+02 4.918279e+01 -2.778457e+01
      vertex   -1.015313e+02 4.913384e+01 -2.779219e+01
    endloop
  endfacet
  facet normal 8.775233e-01 -8.715570e-02 4.715472e-01
    outer loop
      vertex   -9.962570e+01 4.923186e+01 -3.132033e+01
      vertex   -1.015313e+02 4.913384e+01 -2.779219e+01
      vertex   -9.963907e+01 4.905821e+01 -3.132754e+01
    endloop
  endfacet
  facet normal 8.739398e-01 -1.223519e-01 4.703821e-01
    outer loop
      vertex   -9.963907e+01 4.905821e+01 -3.132754e+01
      vertex   -1.015313e+02 4.913384e+01 -2.779219e+01
      vertex   -1.015313e+02 4.908513e+01 -2.780486e+01
    endloop
  endfacet
  facet normal 8.674301e-01 -1.709852e-01 4.672570e-01
    outer loop
      vertex   -9.963907e+01 4.905821e+01 -3.132754e+01
      vertex   -1.015313e+02 4.908513e+01 -2.780486e+01
      vertex   -1.015313e+02 4.903677e+01 -2.782255e+01
    endloop
  endfacet
  facet normal 8.542325e-01 -2.428368e-01 4.596924e-01
    outer loop
      vertex   -1.015313e+02 4.903677e+01 -2.782255e+01
      vertex   -1.015313e+02 4.894157e+01 -2.787284e+01
      vertex   -9.963907e+01 4.905821e+01 -3.132754e+01
    endloop
  endfacet
  facet normal 8.508244e-01 -2.588190e-01 4.572861e-01
    outer loop
      vertex   -9.963907e+01 4.905821e+01 -3.132754e+01
      vertex   -1.015313e+02 4.894157e+01 -2.787284e+01
      vertex   -9.967879e+01 4.888984e+01 -3.134893e+01
    endloop
  endfacet
  facet normal 8.287636e-01 -3.370693e-01 4.466937e-01
    outer loop
      vertex   -9.967879e+01 4.888984e+01 -3.134893e+01
      vertex   -1.015313e+02 4.894157e+01 -2.787284e+01
      vertex   -1.015313e+02 4.884917e+01 -2.794256e+01
    endloop
  endfacet
  facet normal 7.982902e-01 -4.226181e-01 4.290998e-01
    outer loop
      vertex   -9.967879e+01 4.888984e+01 -3.134893e+01
      vertex   -1.015313e+02 4.884917e+01 -2.794256e+01
      vertex   -9.974365e+01 4.873186e+01 -3.138386e+01
    endloop
  endfacet
  facet normal 7.963384e-01 -4.271480e-01 4.282403e-01
    outer loop
      vertex   -9.974365e+01 4.873186e+01 -3.138386e+01
      vertex   -1.015313e+02 4.884917e+01 -2.794256e+01
      vertex   -1.015313e+02 4.876046e+01 -2.803105e+01
    endloop
  endfacet
  facet normal 7.549133e-01 -5.143353e-01 4.068968e-01
    outer loop
      vertex   -9.974365e+01 4.873186e+01 -3.138386e+01
      vertex   -1.015313e+02 4.876046e+01 -2.803105e+01
      vertex   -1.015313e+02 4.867629e+01 -2.813745e+01
    endloop
  endfacet
  facet normal 7.216630e-01 -5.735762e-01 3.875731e-01
    outer loop
      vertex   -9.974365e+01 4.873186e+01 -3.138386e+01
      vertex   -1.015313e+02 4.867629e+01 -2.813745e+01
      vertex   -9.983168e+01 4.858907e+01 -3.143127e+01
    endloop
  endfacet
  facet normal 7.073437e-01 -5.955519e-01 3.807661e-01
    outer loop
      vertex   -9.983168e+01 4.858907e+01 -3.143127e+01
      vertex   -1.015313e+02 4.867629e+01 -2.813745e+01
      vertex   -1.015313e+02 4.859746e+01 -2.826074e+01
    endloop
  endfacet
  facet normal 6.521955e-01 -6.716816e-01 3.514041e-01
    outer loop
      vertex   -9.983168e+01 4.858907e+01 -3.143127e+01
      vertex   -1.015313e+02 4.859746e+01 -2.826074e+01
      vertex   -1.015313e+02 4.852475e+01 -2.839972e+01
    endloop
  endfacet
  facet normal 6.230776e-01 -7.071064e-01 3.343275e-01
    outer loop
      vertex   -9.983168e+01 4.858907e+01 -3.143127e+01
      vertex   -1.015313e+02 4.852475e+01 -2.839972e+01
      vertex   -9.994020e+01 4.846581e+01 -3.148971e+01
    endloop
  endfacet
  facet normal 5.910668e-01 -7.410821e-01 3.184923e-01
    outer loop
      vertex   -9.994020e+01 4.846581e+01 -3.148971e+01
      vertex   -1.015313e+02 4.852475e+01 -2.839972e+01
      vertex   -1.015313e+02 4.845885e+01 -2.855307e+01
    endloop
  endfacet
  facet normal 5.247430e-01 -8.030501e-01 2.824099e-01
    outer loop
      vertex   -9.994020e+01 4.846581e+01 -3.148971e+01
      vertex   -1.015313e+02 4.845885e+01 -2.855307e+01
      vertex   -1.015313e+02 4.840039e+01 -2.871930e+01
    endloop
  endfacet
  facet normal 5.055238e-01 -8.191515e-01 2.709915e-01
    outer loop
      vertex   -9.994020e+01 4.846581e+01 -3.148971e+01
      vertex   -1.015313e+02 4.840039e+01 -2.871930e+01
      vertex   -1.000659e+02 4.836583e+01 -3.155742e+01
    endloop
  endfacet
  facet normal 4.520508e-01 -8.580122e-01 2.438549e-01
    outer loop
      vertex   -1.000659e+02 4.836583e+01 -3.155742e+01
      vertex   -1.015313e+02 4.840039e+01 -2.871930e+01
      vertex   -1.015313e+02 4.834994e+01 -2.889682e+01
    endloop
  endfacet
  facet normal 3.776853e-01 -9.034917e-01 2.026240e-01
    outer loop
      vertex   -1.000659e+02 4.836583e+01 -3.155742e+01
      vertex   -1.015313e+02 4.834994e+01 -2.889682e+01
      vertex   -1.015313e+02 4.830798e+01 -2.908391e+01
    endloop
  endfacet
  facet normal 3.725571e-01 -9.063073e-01 1.995200e-01
    outer loop
      vertex   -1.000659e+02 4.836583e+01 -3.155742e+01
      vertex   -1.015313e+02 4.830798e+01 -2.908391e+01
      vertex   -1.002050e+02 4.829216e+01 -3.163233e+01
    endloop
  endfacet
  facet normal 2.957899e-01 -9.417943e-01 1.597869e-01
    outer loop
      vertex   -1.002050e+02 4.829216e+01 -3.163233e+01
      vertex   -1.015313e+02 4.830798e+01 -2.908391e+01
      vertex   -1.015313e+02 4.827492e+01 -2.927877e+01
    endloop
  endfacet
  facet normal 2.284462e-01 -9.659251e-01 1.216594e-01
    outer loop
      vertex   -1.002050e+02 4.829216e+01 -3.163233e+01
      vertex   -1.015313e+02 4.827492e+01 -2.927877e+01
      vertex   -1.003532e+02 4.824705e+01 -3.171217e+01
    endloop
  endfacet
  facet normal 2.149865e-01 -9.698003e-01 1.151875e-01
    outer loop
      vertex   -1.003532e+02 4.824705e+01 -3.171217e+01
      vertex   -1.015313e+02 4.827492e+01 -2.927877e+01
      vertex   -1.015313e+02 4.825107e+01 -2.947953e+01
    endloop
  endfacet
  facet normal 1.284909e-01 -9.892666e-01 6.958215e-02
    outer loop
      vertex   -1.003532e+02 4.824705e+01 -3.171217e+01
      vertex   -1.015313e+02 4.825107e+01 -2.947953e+01
      vertex   -1.015313e+02 4.823667e+01 -2.968425e+01
    endloop
  endfacet
  facet normal 4.320070e-02 -9.987955e-01 2.326663e-02
    outer loop
      vertex   -1.015313e+02 4.823186e+01 -2.989096e+01
      vertex   -1.005061e+02 4.823186e+01 -3.179451e+01
      vertex   -1.015313e+02 4.823667e+01 -2.968425e+01
    endloop
  endfacet
  facet normal 7.749225e-02 -9.961934e-01 3.992003e-02
    outer loop
      vertex   -1.015313e+02 4.823667e+01 -2.968425e+01
      vertex   -1.005061e+02 4.823186e+01 -3.179451e+01
      vertex   -1.003532e+02 4.824705e+01 -3.171217e+01
    endloop
  endfacet
  facet normal 0.000000e+00 -1.000000e+00 0.000000e+00
    outer loop
      vertex   -1.015313e+02 4.823186e+01 -2.989096e+01
      vertex   -1.005160e+02 4.823186e+01 -3.199254e+01
      vertex   -1.005061e+02 4.823186e+01 -3.179451e+01
    endloop
  endfacet
  facet normal 0.000000e+00 -1.000000e+00 -0.000000e+00
    outer loop
      vertex   -1.005061e+02 4.823186e+01 -3.179451e+01
      vertex   -1.005160e+02 4.823186e+01 -3.199254e+01
      vertex   -1.004974e+02 4.823186e+01 -3.195430e+01
    endloop
  endfacet
  facet normal 0.000000e+00 -1.000000e+00 0.000000e+00
    outer loop
      vertex   -1.005061e+02 4.823186e+01 -3.179451e+01
      vertex   -1.004974e+02 4.823186e+01 -3.195430e+01
      vertex   -1.004942e+02 4.823186e+01 -3.181939e+01
    endloop
  endfacet
  facet normal 0.000000e+00 -1.000000e+00 -0.000000e+00
    outer loop
      vertex   -1.004942e+02 4.823186e+01 -3.181939e+01
      vertex   -1.004974e+02 4.823186e+01 -3.195430e+01
      vertex   -1.004846e+02 4.823186e+01 -3.184526e+01
    endloop
  endfacet
  facet normal 0.000000e+00 -1.000000e+00 -0.000000e+00
    outer loop
      vertex   -1.004846e+02 4.823186e+01 -3.184526e+01
      vertex   -1.004974e+02 4.823186e+01 -3.195430e+01
      vertex   -1.004845e+02 4.823186e+01 -3.191381e+01
    endloop
  endfacet
  facet normal 0.000000e+00 -1.000000e+00 0.000000e+00
    outer loop
      vertex   -1.004846e+02 4.823186e+01 -3.184526e+01
      vertex   -1.004845e+02 4.823186e+01 -3.191381e+01
      vertex   -1.004774e+02 4.823186e+01 -3.187190e+01
    endloop
  endfacet
  facet normal 0.000000e+00 -1.000000e+00 0.000000e+00
    outer loop
      vertex   -1.015313e+02 4.823186e+01 -2.989096e+01
      vertex   -1.015313e+02 4.823186e+01 -3.375525e+01
      vertex   -1.005160e+02 4.823186e+01 -3.199254e+01
    endloop
  endfacet
  facet normal 8.665267e-01 1.868603e-14 -4.991308e-01
    outer loop
      vertex   -9.990941e+01 6.523186e+01 -3.234193e+01
      vertex   -9.990941e+01 5.023186e+01 -3.234193e+01
      vertex   -1.015313e+02 6.523186e+01 -3.515769e+01
    endloop
  endfacet
  facet normal 8.665267e-01 8.472241e-14 -4.991308e-01
    outer loop
      vertex   -1.015313e+02 6.523186e+01 -3.515769e+01
      vertex   -9.990941e+01 5.023186e+01 -3.234193e+01
      vertex   -1.016313e+02 5.023186e+01 -3.533130e+01
    endloop
  endfacet
  facet normal 8.665267e-01 9.813012e-17 -4.991308e-01
    outer loop
      vertex   -1.015313e+02 6.523186e+01 -3.515769e+01
      vertex   -1.016313e+02 5.023186e+01 -3.533130e+01
      vertex   -1.016313e+02 6.523186e+01 -3.533130e+01
    endloop
  endfacet
  facet normal 0.000000e+00 -1.000000e+00 -0.000000e+00
    outer loop
      vertex   -1.015313e+02 6.523186e+01 -3.515769e+01
      vertex   -1.016313e+02 6.523186e+01 -3.533130e+01
      vertex   -1.015313e+02 6.523186e+01 -3.533130e+01
    endloop
  endfacet
  facet normal 0.000000e+00 1.000000e+00 0.000000e+00
    outer loop
      vertex   -1.016313e+02 8.373186e+01 -3.533130e+01
      vertex   -1.015313e+02 8.373186e+01 -3.515769e+01
      vertex   -1.015313e+02 8.373186e+01 -3.533130e+01
    endloop
  endfacet
  facet normal 8.665267e-01 1.256247e-13 -4.991308e-01
    outer loop
      vertex   -1.016313e+02 8.373186e+01 -3.533130e+01
      vertex   -1.016313e+02 9.385967e+01 -3.533130e+01
      vertex   -1.015313e+02 8.453186e+01 -3.515769e+01
    endloop
  endfacet
  facet normal 8.665267e-01 -2.872739e-14 -4.991308e-01
    outer loop
      vertex   -1.015313e+02 8.453186e+01 -3.515769e+01
      vertex   -1.016313e+02 9.385967e+01 -3.533130e+01
      vertex   -9.990941e+01 9.385967e+01 -3.234193e+01
    endloop
  endfacet
  facet normal 8.665267e-01 -3.958792e-14 -4.991308e-01
    outer loop
      vertex   -1.015313e+02 8.453186e+01 -3.515769e+01
      vertex   -9.990941e+01 9.385967e+01 -3.234193e+01
      vertex   -9.990941e+01 8.453186e+01 -3.234193e+01
    endloop
  endfacet
  facet normal 8.665267e-01 0.000000e+00 -4.991308e-01
    outer loop
      vertex   -1.015313e+02 8.453186e+01 -3.515769e+01
      vertex   -1.015313e+02 8.373186e+01 -3.515769e+01
      vertex   -1.016313e+02 8.373186e+01 -3.533130e+01
    endloop
  endfacet
  facet normal -8.682431e-01 -1.984144e-15 -4.961389e-01
    outer loop
      vertex   -5.234782e+01 9.385967e+01 -3.232744e+01
      vertex   -5.063132e+01 9.385967e+01 -3.533130e+01
      vertex   -5.234782e+01 8.453186e+01 -3.232744e+01
    endloop
  endfacet
  facet normal -8.682431e-01 8.465808e-14 -4.961389e-01
    outer loop
      vertex   -5.234782e+01 8.453186e+01 -3.232744e+01
      vertex   -5.063132e+01 9.385967e+01 -3.533130e+01
      vertex   -5.063132e+01 8.453186e+01 -3.533130e+01
    endloop
  endfacet
  facet normal -1.000000e+00 -1.472627e-15 -7.286865e-12
    outer loop
      vertex   -5.063132e+01 8.453186e+01 -2.843519e+01
      vertex   -5.063132e+01 8.449260e+01 -2.843714e+01
      vertex   -5.063132e+01 6.523186e+01 -2.843519e+01
    endloop
  endfacet
  facet normal -1.000000e+00 -7.373143e-16 4.959169e-15
    outer loop
      vertex   -5.063132e+01 6.523186e+01 -2.843519e+01
      vertex   -5.063132e+01 8.449260e+01 -2.843714e+01
      vertex   -5.063132e+01 8.445344e+01 -2.844296e+01
    endloop
  endfacet
  facet normal -1.000000e+00 -7.381181e-16 2.969145e-15
    outer loop
      vertex   -5.063132e+01 6.523186e+01 -2.843519e+01
      vertex   -5.063132e+01 8.445344e+01 -2.844296e+01
      vertex   -5.063132e+01 8.441447e+01 -2.845265e+01
    endloop
  endfacet
  facet normal -1.000000e+00 -7.388973e-16 2.112743e-15
    outer loop
      vertex   -5.063132e+01 8.441447e+01 -2.845265e+01
      vertex   -5.063132e+01 8.437578e+01 -2.846618e+01
      vertex   -5.063132e+01 6.523186e+01 -2.843519e+01
    endloop
  endfacet
  facet normal -1.000000e+00 -7.399446e-16 1.465607e-15
    outer loop
      vertex   -5.063132e+01 6.523186e+01 -2.843519e+01
      vertex   -5.063132e+01 8.437578e+01 -2.846618e+01
      vertex   -5.063132e+01 8.429963e+01 -2.850463e+01
    endloop
  endfacet
  facet normal -1.000000e+00 -7.415372e-16 1.028227e-15
    outer loop
      vertex   -5.063132e+01 6.523186e+01 -2.843519e+01
      vertex   -5.063132e+01 8.429963e+01 -2.850463e+01
      vertex   -5.063132e+01 8.422571e+01 -2.855793e+01
    endloop
  endfacet
  facet normal -1.000000e+00 -6.904007e-17 1.050958e-13
    outer loop
      vertex   -5.063132e+01 8.422571e+01 -2.855793e+01
      vertex   -5.063132e+01 8.415474e+01 -2.862559e+01
      vertex   -5.063132e+01 6.523186e+01 -2.843519e+01
    endloop
  endfacet
  facet normal -1.000000e+00 -1.117177e-15 9.247521e-16
    outer loop
      vertex   -5.063132e+01 6.523186e+01 -2.843519e+01
      vertex   -5.063132e+01 8.415474e+01 -2.862559e+01
      vertex   -5.063132e+01 8.408740e+01 -2.870694e+01
    endloop
  endfacet
  facet normal -1.000000e+00 -1.119709e-15 7.490475e-16
    outer loop
      vertex   -5.063132e+01 6.523186e+01 -2.843519e+01
      vertex   -5.063132e+01 8.408740e+01 -2.870694e+01
      vertex   -5.063132e+01 8.402434e+01 -2.880120e+01
    endloop
  endfacet
  facet normal -1.000000e+00 -1.122332e-15 6.143704e-16
    outer loop
      vertex   -5.063132e+01 8.402434e+01 -2.880120e+01
      vertex   -5.063132e+01 8.396617e+01 -2.890747e+01
      vertex   -5.063132e+01 6.523186e+01 -2.843519e+01
    endloop
  endfacet
  facet normal -1.000000e+00 -2.635673e-15 -5.941702e-14
    outer loop
      vertex   -5.063132e+01 6.523186e+01 -2.843519e+01
      vertex   -5.063132e+01 8.396617e+01 -2.890747e+01
      vertex   -5.063132e+01 8.391345e+01 -2.902472e+01
    endloop
  endfacet
  facet normal -1.000000e+00 -7.519562e-16 2.766911e-16
    outer loop
      vertex   -5.063132e+01 6.523186e+01 -2.843519e+01
      vertex   -5.063132e+01 8.391345e+01 -2.902472e+01
      vertex   -5.063132e+01 8.386668e+01 -2.915181e+01
    endloop
  endfacet
  facet normal -1.000000e+00 -7.539743e-16 2.242125e-16
    outer loop
      vertex   -5.063132e+01 8.386668e+01 -2.915181e+01
      vertex   -5.063132e+01 8.382632e+01 -2.928754e+01
      vertex   -5.063132e+01 6.523186e+01 -2.843519e+01
    endloop
  endfacet
  facet normal -1.000000e+00 -7.561189e-16 1.774280e-16
    outer loop
      vertex   -5.063132e+01 6.523186e+01 -2.843519e+01
      vertex   -5.063132e+01 8.382632e+01 -2.928754e+01
      vertex   -5.063132e+01 8.379275e+01 -2.943059e+01
    endloop
  endfacet
  facet normal -1.000000e+00 -7.584138e-16 1.346346e-16
    outer loop
      vertex   -5.063132e+01 6.523186e+01 -2.843519e+01
      vertex   -5.063132e+01 8.379275e+01 -2.943059e+01
      vertex   -5.063132e+01 8.376630e+01 -2.957958e+01
    endloop
  endfacet
  facet normal -1.000000e+00 -3.597264e-15 -4.584349e-14
    outer loop
      vertex   -5.063132e+01 8.376630e+01 -2.957958e+01
      vertex   -5.063132e+01 8.374723e+01 -2.973307e+01
      vertex   -5.063132e+01 6.523186e+01 -2.843519e+01
    endloop
  endfacet
  facet normal -1.000000e+00 -1.960365e-15 -2.249169e-14
    outer loop
      vertex   -5.063132e+01 6.523186e+01 -2.843519e+01
      vertex   -5.063132e+01 8.374723e+01 -2.973307e+01
      vertex   -5.063132e+01 8.373186e+01 -3.004764e+01
    endloop
  endfacet
  facet normal -1.000000e+00 -1.436883e-15 -1.648566e-14
    outer loop
      vertex   -5.063132e+01 6.523186e+01 -2.843519e+01
      vertex   -5.063132e+01 8.373186e+01 -3.004764e+01
      vertex   -5.063132e+01 6.523186e+01 -3.533130e+01
    endloop
  endfacet
  facet normal -1.000000e+00 -2.828613e-15 -1.161271e-14
    outer loop
      vertex   -5.063132e+01 6.523186e+01 -3.533130e+01
      vertex   -5.063132e+01 8.373186e+01 -3.004764e+01
      vertex   -5.063132e+01 8.373186e+01 -3.371884e+01
    endloop
  endfacet
  facet normal -1.000000e+00 -7.745213e-15 4.479649e-14
    outer loop
      vertex   -5.063132e+01 6.523186e+01 -3.533130e+01
      vertex   -5.063132e+01 8.373186e+01 -3.371884e+01
      vertex   -5.063132e+01 8.374723e+01 -3.403342e+01
    endloop
  endfacet
  facet normal -1.000000e+00 1.868311e-15 -9.234891e-14
    outer loop
      vertex   -5.063132e+01 8.374723e+01 -3.403342e+01
      vertex   -5.063132e+01 8.376630e+01 -3.418691e+01
      vertex   -5.063132e+01 6.523186e+01 -3.533130e+01
    endloop
  endfacet
  facet normal -1.000000e+00 -3.792069e-15 -6.731732e-16
    outer loop
      vertex   -5.063132e+01 6.523186e+01 -3.533130e+01
      vertex   -5.063132e+01 8.376630e+01 -3.418691e+01
      vertex   -5.063132e+01 8.379275e+01 -3.433590e+01
    endloop
  endfacet
  facet normal -1.000000e+00 -3.780594e-15 -8.871401e-16
    outer loop
      vertex   -5.063132e+01 6.523186e+01 -3.533130e+01
      vertex   -5.063132e+01 8.379275e+01 -3.433590e+01
      vertex   -5.063132e+01 8.382632e+01 -3.447895e+01
    endloop
  endfacet
  facet normal -1.000000e+00 -3.769872e-15 -1.121063e-15
    outer loop
      vertex   -5.063132e+01 8.382632e+01 -3.447895e+01
      vertex   -5.063132e+01 8.386668e+01 -3.461467e+01
      vertex   -5.063132e+01 6.523186e+01 -3.533130e+01
    endloop
  endfacet
  facet normal -1.000000e+00 -3.759781e-15 -1.383455e-15
    outer loop
      vertex   -5.063132e+01 6.523186e+01 -3.533130e+01
      vertex   -5.063132e+01 8.386668e+01 -3.461467e+01
      vertex   -5.063132e+01 8.391345e+01 -3.474177e+01
    endloop
  endfacet
  facet normal -1.000000e+00 -1.864594e-15 -6.144067e-14
    outer loop
      vertex   -5.063132e+01 6.523186e+01 -3.533130e+01
      vertex   -5.063132e+01 8.391345e+01 -3.474177e+01
      vertex   -5.063132e+01 8.396617e+01 -3.485902e+01
    endloop
  endfacet
  facet normal -1.000000e+00 -3.366997e-15 -1.843111e-15
    outer loop
      vertex   -5.063132e+01 8.396617e+01 -3.485902e+01
      vertex   -5.063132e+01 8.402434e+01 -3.496529e+01
      vertex   -5.063132e+01 6.523186e+01 -3.533130e+01
    endloop
  endfacet
  facet normal -1.000000e+00 -3.359128e-15 -2.247142e-15
    outer loop
      vertex   -5.063132e+01 6.523186e+01 -3.533130e+01
      vertex   -5.063132e+01 8.402434e+01 -3.496529e+01
      vertex   -5.063132e+01 8.408740e+01 -3.505955e+01
    endloop
  endfacet
  facet normal -1.000000e+00 -3.351532e-15 -2.774256e-15
    outer loop
      vertex   -5.063132e+01 6.523186e+01 -3.533130e+01
      vertex   -5.063132e+01 8.408740e+01 -3.505955e+01
      vertex   -5.063132e+01 8.415474e+01 -3.514090e+01
    endloop
  endfacet
  facet normal -1.000000e+00 -2.298473e-15 -1.074345e-13
    outer loop
      vertex   -5.063132e+01 8.415474e+01 -3.514090e+01
      vertex   -5.063132e+01 8.422571e+01 -3.520856e+01
      vertex   -5.063132e+01 6.523186e+01 -3.533130e+01
    endloop
  endfacet
  facet normal -1.000000e+00 -2.966149e-15 -4.112908e-15
    outer loop
      vertex   -5.063132e+01 6.523186e+01 -3.533130e+01
      vertex   -5.063132e+01 8.422571e+01 -3.520856e+01
      vertex   -5.063132e+01 8.429963e+01 -3.526186e+01
    endloop
  endfacet
  facet normal -1.000000e+00 -2.959778e-15 -5.862426e-15
    outer loop
      vertex   -5.063132e+01 6.523186e+01 -3.533130e+01
      vertex   -5.063132e+01 8.429963e+01 -3.526186e+01
      vertex   -5.063132e+01 8.437578e+01 -3.530031e+01
    endloop
  endfacet
  facet normal -1.000000e+00 -2.955589e-15 -8.450973e-15
    outer loop
      vertex   -5.063132e+01 8.437578e+01 -3.530031e+01
      vertex   -5.063132e+01 8.441447e+01 -3.531384e+01
      vertex   -5.063132e+01 6.523186e+01 -3.533130e+01
    endloop
  endfacet
  facet normal -1.000000e+00 -2.952472e-15 -1.187658e-14
    outer loop
      vertex   -5.063132e+01 6.523186e+01 -3.533130e+01
      vertex   -5.063132e+01 8.441447e+01 -3.531384e+01
      vertex   -5.063132e+01 8.445344e+01 -3.532353e+01
    endloop
  endfacet
  facet normal -1.000000e+00 -2.949257e-15 -1.983668e-14
    outer loop
      vertex   -5.063132e+01 6.523186e+01 -3.533130e+01
      vertex   -5.063132e+01 8.445344e+01 -3.532353e+01
      vertex   -5.063132e+01 8.449260e+01 -3.532935e+01
    endloop
  endfacet
  facet normal -1.000000e+00 -5.375090e-14 5.037610e-10
    outer loop
      vertex   -5.063132e+01 8.449260e+01 -3.532935e+01
      vertex   -5.063132e+01 8.453186e+01 -3.533130e+01
      vertex   -5.063132e+01 6.523186e+01 -3.533130e+01
    endloop
  endfacet
  facet normal -8.682431e-01 2.385439e-14 -4.961389e-01
    outer loop
      vertex   -5.234782e+01 6.523186e+01 -3.232744e+01
      vertex   -5.063132e+01 6.523186e+01 -3.533130e+01
      vertex   -5.234782e+01 5.023186e+01 -3.232744e+01
    endloop
  endfacet
  facet normal -8.682431e-01 2.151324e-14 -4.961389e-01
    outer loop
      vertex   -5.234782e+01 5.023186e+01 -3.232744e+01
      vertex   -5.063132e+01 6.523186e+01 -3.533130e+01
      vertex   -5.063132e+01 5.023186e+01 -3.533130e+01
    endloop
  endfacet
  facet normal -8.567487e-01 1.606102e-01 -4.900879e-01
    outer loop
      vertex   -5.103098e+01 4.962541e+01 -3.522485e+01
      vertex   -5.259733e+01 4.967612e+01 -3.247001e+01
      vertex   -5.095013e+01 4.973186e+01 -3.533130e+01
    endloop
  endfacet
  facet normal -8.440773e-01 2.363615e-01 -4.813177e-01
    outer loop
      vertex   -5.095013e+01 4.973186e+01 -3.533130e+01
      vertex   -5.259733e+01 4.967612e+01 -3.247001e+01
      vertex   -5.256471e+01 4.983053e+01 -3.245138e+01
    endloop
  endfacet
  facet normal -8.321195e-01 2.841844e-01 -4.762523e-01
    outer loop
      vertex   -5.095013e+01 4.973186e+01 -3.533130e+01
      vertex   -5.256471e+01 4.983053e+01 -3.245138e+01
      vertex   -5.090273e+01 4.987065e+01 -3.533130e+01
    endloop
  endfacet
  facet normal -8.008501e-01 3.872982e-01 -4.567704e-01
    outer loop
      vertex   -5.090273e+01 4.987065e+01 -3.533130e+01
      vertex   -5.256471e+01 4.983053e+01 -3.245138e+01
      vertex   -5.251128e+01 4.997704e+01 -3.242084e+01
    endloop
  endfacet
  facet normal -7.878547e-01 4.196323e-01 -4.507701e-01
    outer loop
      vertex   -5.090273e+01 4.987065e+01 -3.533130e+01
      vertex   -5.251128e+01 4.997704e+01 -3.242084e+01
      vertex   -5.083274e+01 5.000205e+01 -3.533130e+01
    endloop
  endfacet
  facet normal -7.373785e-01 5.284545e-01 -4.207241e-01
    outer loop
      vertex   -5.083274e+01 5.000205e+01 -3.533130e+01
      vertex   -5.251128e+01 4.997704e+01 -3.242084e+01
      vertex   -5.243836e+01 5.011195e+01 -3.237918e+01
    endloop
  endfacet
  facet normal -7.270824e-01 5.463244e-01 -4.157894e-01
    outer loop
      vertex   -5.083274e+01 5.000205e+01 -3.533130e+01
      vertex   -5.243836e+01 5.011195e+01 -3.237918e+01
      vertex   -5.074164e+01 5.012330e+01 -3.533130e+01
    endloop
  endfacet
  facet normal -6.552649e-01 6.562657e-01 -3.740898e-01
    outer loop
      vertex   -5.074164e+01 5.012330e+01 -3.533130e+01
      vertex   -5.243836e+01 5.011195e+01 -3.237918e+01
      vertex   -5.234782e+01 5.023186e+01 -3.232744e+01
    endloop
  endfacet
  facet normal -6.510580e-01 6.616002e-01 -3.720331e-01
    outer loop
      vertex   -5.074164e+01 5.012330e+01 -3.533130e+01
      vertex   -5.234782e+01 5.023186e+01 -3.232744e+01
      vertex   -5.063132e+01 5.023186e+01 -3.533130e+01
    endloop
  endfacet
  facet normal -8.669797e-01 5.392739e-02 -4.954170e-01
    outer loop
      vertex   -5.109922e+01 4.951771e+01 -3.511715e+01
      vertex   -5.260829e+01 4.951771e+01 -3.247628e+01
      vertex   -5.103098e+01 4.962541e+01 -3.522485e+01
    endloop
  endfacet
  facet normal -8.659297e-01 7.945601e-02 -4.938141e-01
    outer loop
      vertex   -5.103098e+01 4.962541e+01 -3.522485e+01
      vertex   -5.260829e+01 4.951771e+01 -3.247628e+01
      vertex   -5.259733e+01 4.967612e+01 -3.247001e+01
    endloop
  endfacet
  facet normal 1.660707e-02 -9.998163e-01 -9.565891e-03
    outer loop
      vertex   -1.015313e+02 4.823186e+01 -3.375525e+01
      vertex   -1.015313e+02 4.823259e+01 -3.383203e+01
      vertex   -1.005160e+02 4.823186e+01 -3.199254e+01
    endloop
  endfacet
  facet normal 7.472957e-02 -9.963338e-01 -4.164641e-02
    outer loop
      vertex   -1.005160e+02 4.823186e+01 -3.199254e+01
      vertex   -1.015313e+02 4.823259e+01 -3.383203e+01
      vertex   -1.014260e+02 4.824084e+01 -3.384028e+01
    endloop
  endfacet
  facet normal 7.618041e-02 -9.961938e-01 -4.236027e-02
    outer loop
      vertex   -1.005160e+02 4.823186e+01 -3.199254e+01
      vertex   -1.014260e+02 4.824084e+01 -3.384028e+01
      vertex   -1.003655e+02 4.824705e+01 -3.207921e+01
    endloop
  endfacet
  facet normal 1.567330e-01 -9.834478e-01 -9.091277e-02
    outer loop
      vertex   -1.003655e+02 4.824705e+01 -3.207921e+01
      vertex   -1.014260e+02 4.824084e+01 -3.384028e+01
      vertex   -1.013273e+02 4.825817e+01 -3.385760e+01
    endloop
  endfacet
  facet normal 2.250874e-01 -9.659245e-01 -1.277711e-01
    outer loop
      vertex   -1.003655e+02 4.824705e+01 -3.207921e+01
      vertex   -1.013273e+02 4.825817e+01 -3.385760e+01
      vertex   -1.002196e+02 4.829216e+01 -3.216325e+01
    endloop
  endfacet
  facet normal 2.378307e-01 -9.617119e-01 -1.361868e-01
    outer loop
      vertex   -1.002196e+02 4.829216e+01 -3.216325e+01
      vertex   -1.013273e+02 4.825817e+01 -3.385760e+01
      vertex   -1.012362e+02 4.828442e+01 -3.388386e+01
    endloop
  endfacet
  facet normal 3.160503e-01 -9.310165e-01 -1.825387e-01
    outer loop
      vertex   -1.002196e+02 4.829216e+01 -3.216325e+01
      vertex   -1.012362e+02 4.828442e+01 -3.388386e+01
      vertex   -1.011534e+02 4.831936e+01 -3.391880e+01
    endloop
  endfacet
  facet normal 3.671373e-01 -9.063062e-01 -2.093305e-01
    outer loop
      vertex   -1.002196e+02 4.829216e+01 -3.216325e+01
      vertex   -1.011534e+02 4.831936e+01 -3.391880e+01
      vertex   -1.000827e+02 4.836583e+01 -3.224211e+01
    endloop
  endfacet
  facet normal 3.920092e-01 -8.918673e-01 -2.256137e-01
    outer loop
      vertex   -1.000827e+02 4.836583e+01 -3.224211e+01
      vertex   -1.011534e+02 4.831936e+01 -3.391880e+01
      vertex   -1.010798e+02 4.836266e+01 -3.396210e+01
    endloop
  endfacet
  facet normal 4.639525e-01 -8.445360e-01 -2.674079e-01
    outer loop
      vertex   -1.000827e+02 4.836583e+01 -3.224211e+01
      vertex   -1.010798e+02 4.836266e+01 -3.396210e+01
      vertex   -1.010161e+02 4.841394e+01 -3.401337e+01
    endloop
  endfacet
  facet normal 4.979671e-01 -8.191506e-01 -2.846420e-01
    outer loop
      vertex   -1.000827e+02 4.836583e+01 -3.224211e+01
      vertex   -1.010161e+02 4.841394e+01 -3.401337e+01
      vertex   -9.995899e+01 4.846581e+01 -3.231338e+01
    endloop
  endfacet
  facet normal 5.317444e-01 -7.894775e-01 -3.065505e-01
    outer loop
      vertex   -9.995899e+01 4.846581e+01 -3.231338e+01
      vertex   -1.010161e+02 4.841394e+01 -3.401337e+01
      vertex   -1.009627e+02 4.847270e+01 -3.407214e+01
    endloop
  endfacet
  facet normal 5.950830e-01 -7.270508e-01 -3.424520e-01
    outer loop
      vertex   -9.995899e+01 4.846581e+01 -3.231338e+01
      vertex   -1.009627e+02 4.847270e+01 -3.407214e+01
      vertex   -1.009202e+02 4.853843e+01 -3.413787e+01
    endloop
  endfacet
  facet normal 6.136031e-01 -7.071057e-01 -3.514153e-01
    outer loop
      vertex   -9.995899e+01 4.846581e+01 -3.231338e+01
      vertex   -1.009202e+02 4.853843e+01 -3.413787e+01
      vertex   -9.985218e+01 4.858907e+01 -3.237490e+01
    endloop
  endfacet
  facet normal 6.520556e-01 -6.583034e-01 -3.761119e-01
    outer loop
      vertex   -9.985218e+01 4.858907e+01 -3.237490e+01
      vertex   -1.009202e+02 4.853843e+01 -3.413787e+01
      vertex   -1.008890e+02 4.861052e+01 -3.420996e+01
    endloop
  endfacet
  facet normal 7.046099e-01 -5.827202e-01 -4.049223e-01
    outer loop
      vertex   -9.985218e+01 4.858907e+01 -3.237490e+01
      vertex   -1.008890e+02 4.861052e+01 -3.420996e+01
      vertex   -1.008694e+02 4.868830e+01 -3.428774e+01
    endloop
  endfacet
  facet normal 7.105426e-01 -5.735758e-01 -4.076027e-01
    outer loop
      vertex   -9.985218e+01 4.858907e+01 -3.237490e+01
      vertex   -1.008694e+02 4.868830e+01 -3.428774e+01
      vertex   -9.976555e+01 4.873186e+01 -3.242480e+01
    endloop
  endfacet
  facet normal 7.486312e-01 -5.030735e-01 -4.318198e-01
    outer loop
      vertex   -9.976555e+01 4.873186e+01 -3.242480e+01
      vertex   -1.008694e+02 4.868830e+01 -3.428774e+01
      vertex   -1.008615e+02 4.877106e+01 -3.437050e+01
    endloop
  endfacet
  facet normal 7.859873e-01 -4.226179e-01 -4.512405e-01
    outer loop
      vertex   -9.976555e+01 4.873186e+01 -3.242480e+01
      vertex   -1.008615e+02 4.877106e+01 -3.437050e+01
      vertex   -9.970171e+01 4.888984e+01 -3.246157e+01
    endloop
  endfacet
  facet normal 7.880268e-01 -4.170908e-01 -4.528235e-01
    outer loop
      vertex   -9.970171e+01 4.888984e+01 -3.246157e+01
      vertex   -1.008615e+02 4.877106e+01 -3.437050e+01
      vertex   -1.008654e+02 4.885804e+01 -3.445748e+01
    endloop
  endfacet
  facet normal 8.179528e-01 -3.293646e-01 -4.716696e-01
    outer loop
      vertex   -9.970171e+01 4.888984e+01 -3.246157e+01
      vertex   -1.008654e+02 4.885804e+01 -3.445748e+01
      vertex   -1.008812e+02 4.894846e+01 -3.454790e+01
    endloop
  endfacet
  facet normal 8.377242e-01 -2.588188e-01 -4.808648e-01
    outer loop
      vertex   -9.970171e+01 4.888984e+01 -3.246157e+01
      vertex   -1.008812e+02 4.894846e+01 -3.454790e+01
      vertex   -9.966262e+01 4.905821e+01 -3.248409e+01
    endloop
  endfacet
  facet normal 8.420723e-01 -2.367998e-01 -4.846030e-01
    outer loop
      vertex   -9.966262e+01 4.905821e+01 -3.248409e+01
      vertex   -1.008812e+02 4.894846e+01 -3.454790e+01
      vertex   -1.009085e+02 4.904147e+01 -3.464091e+01
    endloop
  endfacet
  facet normal 8.574307e-01 -1.434549e-01 -4.941997e-01
    outer loop
      vertex   -9.966262e+01 4.905821e+01 -3.248409e+01
      vertex   -1.009085e+02 4.904147e+01 -3.464091e+01
      vertex   -1.009473e+02 4.913622e+01 -3.473566e+01
    endloop
  endfacet
  facet normal 8.655332e-01 -4.787119e-02 -4.985585e-01
    outer loop
      vertex   -1.009971e+02 4.923186e+01 -3.483130e+01
      vertex   -9.964945e+01 4.923186e+01 -3.249167e+01
      vertex   -1.009473e+02 4.913622e+01 -3.473566e+01
    endloop
  endfacet
  facet normal 8.639541e-01 -8.715565e-02 -4.959710e-01
    outer loop
      vertex   -1.009473e+02 4.913622e+01 -3.473566e+01
      vertex   -9.964945e+01 4.923186e+01 -3.249167e+01
      vertex   -9.966262e+01 4.905821e+01 -3.248409e+01
    endloop
  endfacet
  facet normal -9.860861e-01 0.000000e+00 -1.662355e-01
    outer loop
      vertex   -5.277351e+01 4.923186e+01 -3.195666e+01
      vertex   -5.277351e+01 4.951771e+01 -3.195666e+01
      vertex   -5.274310e+01 4.923186e+01 -3.213707e+01
    endloop
  endfacet
  facet normal -9.860861e-01 -5.312532e-13 -1.662355e-01
    outer loop
      vertex   -5.274310e+01 4.923186e+01 -3.213707e+01
      vertex   -5.277351e+01 4.951771e+01 -3.195666e+01
      vertex   -5.274310e+01 4.951771e+01 -3.213707e+01
    endloop
  endfacet
  facet normal -9.529827e-01 -5.275740e-13 -3.030247e-01
    outer loop
      vertex   -5.274310e+01 4.923186e+01 -3.213707e+01
      vertex   -5.274310e+01 4.951771e+01 -3.213707e+01
      vertex   -5.268766e+01 4.923186e+01 -3.231143e+01
    endloop
  endfacet
  facet normal -9.529827e-01 6.134864e-14 -3.030247e-01
    outer loop
      vertex   -5.268766e+01 4.923186e+01 -3.231143e+01
      vertex   -5.274310e+01 4.951771e+01 -3.213707e+01
      vertex   -5.268766e+01 4.951771e+01 -3.231143e+01
    endloop
  endfacet
  facet normal -9.010035e-01 7.631121e-14 -4.338118e-01
    outer loop
      vertex   -5.268766e+01 4.923186e+01 -3.231143e+01
      vertex   -5.268766e+01 4.951771e+01 -3.231143e+01
      vertex   -5.260829e+01 4.923186e+01 -3.247628e+01
    endloop
  endfacet
  facet normal -9.010035e-01 0.000000e+00 -4.338118e-01
    outer loop
      vertex   -5.260829e+01 4.923186e+01 -3.247628e+01
      vertex   -5.268766e+01 4.951771e+01 -3.231143e+01
      vertex   -5.260829e+01 4.951771e+01 -3.247628e+01
    endloop
  endfacet
  facet normal -8.682431e-01 5.007973e-13 -4.961389e-01
    outer loop
      vertex   -5.109922e+01 4.951771e+01 -3.511715e+01
      vertex   -5.126256e+01 4.923186e+01 -3.483130e+01
      vertex   -5.260829e+01 4.951771e+01 -3.247628e+01
    endloop
  endfacet
  facet normal -8.682431e-01 -0.000000e+00 -4.961389e-01
    outer loop
      vertex   -5.260829e+01 4.951771e+01 -3.247628e+01
      vertex   -5.126256e+01 4.923186e+01 -3.483130e+01
      vertex   -5.260829e+01 4.923186e+01 -3.247628e+01
    endloop
  endfacet
  facet normal -8.999102e-01 0.000000e+00 4.360753e-01
    outer loop
      vertex   -5.260261e+01 4.923186e+01 -3.128027e+01
      vertex   -5.260261e+01 4.951771e+01 -3.128027e+01
      vertex   -5.267955e+01 4.923186e+01 -3.143905e+01
    endloop
  endfacet
  facet normal -8.999102e-01 6.737199e-13 4.360753e-01
    outer loop
      vertex   -5.267955e+01 4.923186e+01 -3.143905e+01
      vertex   -5.260261e+01 4.951771e+01 -3.128027e+01
      vertex   -5.267955e+01 4.951771e+01 -3.143905e+01
    endloop
  endfacet
  facet normal -9.506705e-01 6.799303e-13 3.102026e-01
    outer loop
      vertex   -5.267955e+01 4.923186e+01 -3.143905e+01
      vertex   -5.267955e+01 4.951771e+01 -3.143905e+01
      vertex   -5.273428e+01 4.923186e+01 -3.160679e+01
    endloop
  endfacet
  facet normal -9.506705e-01 1.003045e-12 3.102026e-01
    outer loop
      vertex   -5.273428e+01 4.923186e+01 -3.160679e+01
      vertex   -5.267955e+01 4.951771e+01 -3.143905e+01
      vertex   -5.273428e+01 4.951771e+01 -3.160679e+01
    endloop
  endfacet
  facet normal -9.839189e-01 1.011572e-12 1.786158e-01
    outer loop
      vertex   -5.273428e+01 4.923186e+01 -3.160679e+01
      vertex   -5.273428e+01 4.951771e+01 -3.160679e+01
      vertex   -5.276580e+01 4.923186e+01 -3.178039e+01
    endloop
  endfacet
  facet normal -9.839189e-01 1.342869e-12 1.786158e-01
    outer loop
      vertex   -5.276580e+01 4.923186e+01 -3.178039e+01
      vertex   -5.273428e+01 4.951771e+01 -3.160679e+01
      vertex   -5.276580e+01 4.951771e+01 -3.178039e+01
    endloop
  endfacet
  facet normal -9.990430e-01 1.346406e-12 4.373887e-02
    outer loop
      vertex   -5.276580e+01 4.923186e+01 -3.178039e+01
      vertex   -5.276580e+01 4.951771e+01 -3.178039e+01
      vertex   -5.277351e+01 4.923186e+01 -3.195666e+01
    endloop
  endfacet
  facet normal -9.990430e-01 0.000000e+00 4.373887e-02
    outer loop
      vertex   -5.277351e+01 4.923186e+01 -3.195666e+01
      vertex   -5.276580e+01 4.951771e+01 -3.178039e+01
      vertex   -5.277351e+01 4.951771e+01 -3.195666e+01
    endloop
  endfacet
  facet normal -8.654981e-01 7.945604e-02 4.945703e-01
    outer loop
      vertex   -5.260261e+01 4.951771e+01 -3.128027e+01
      vertex   -5.062564e+01 4.951771e+01 -2.782059e+01
      vertex   -5.160316e+01 4.967612e+01 -2.955669e+01
    endloop
  endfacet
  facet normal -8.701411e-01 2.466321e-02 4.921851e-01
    outer loop
      vertex   -5.160316e+01 4.967612e+01 -2.955669e+01
      vertex   -5.062564e+01 4.951771e+01 -2.782059e+01
      vertex   -5.062564e+01 4.956741e+01 -2.782308e+01
    endloop
  endfacet
  facet normal -8.666616e-01 7.428495e-02 4.933350e-01
    outer loop
      vertex   -5.160316e+01 4.967612e+01 -2.955669e+01
      vertex   -5.062564e+01 4.956741e+01 -2.782308e+01
      vertex   -5.062564e+01 4.961698e+01 -2.783054e+01
    endloop
  endfacet
  facet normal -8.616246e-01 1.239290e-01 4.921836e-01
    outer loop
      vertex   -5.062564e+01 4.961698e+01 -2.783054e+01
      vertex   -5.062564e+01 4.966630e+01 -2.784296e+01
      vertex   -5.160316e+01 4.967612e+01 -2.955669e+01
    endloop
  endfacet
  facet normal -8.550794e-01 1.731469e-01 4.887324e-01
    outer loop
      vertex   -5.160316e+01 4.967612e+01 -2.955669e+01
      vertex   -5.062564e+01 4.966630e+01 -2.784296e+01
      vertex   -5.062564e+01 4.971526e+01 -2.786030e+01
    endloop
  endfacet
  facet normal -8.442418e-01 2.363614e-01 4.810292e-01
    outer loop
      vertex   -5.160316e+01 4.967612e+01 -2.955669e+01
      vertex   -5.062564e+01 4.971526e+01 -2.786030e+01
      vertex   -5.157055e+01 4.983053e+01 -2.957533e+01
    endloop
  endfacet
  facet normal -8.419251e-01 2.457510e-01 4.803839e-01
    outer loop
      vertex   -5.157055e+01 4.983053e+01 -2.957533e+01
      vertex   -5.062564e+01 4.971526e+01 -2.786030e+01
      vertex   -5.062564e+01 4.981159e+01 -2.790958e+01
    endloop
  endfacet
  facet normal -8.159220e-01 3.412391e-01 4.667196e-01
    outer loop
      vertex   -5.157055e+01 4.983053e+01 -2.957533e+01
      vertex   -5.062564e+01 4.981159e+01 -2.790958e+01
      vertex   -5.062564e+01 4.990501e+01 -2.797789e+01
    endloop
  endfacet
  facet normal -8.013247e-01 3.872978e-01 4.559376e-01
    outer loop
      vertex   -5.157055e+01 4.983053e+01 -2.957533e+01
      vertex   -5.062564e+01 4.990501e+01 -2.797789e+01
      vertex   -5.151711e+01 4.997704e+01 -2.960586e+01
    endloop
  endfacet
  facet normal -7.824380e-01 4.329341e-01 4.476146e-01
    outer loop
      vertex   -5.151711e+01 4.997704e+01 -2.960586e+01
      vertex   -5.062564e+01 4.990501e+01 -2.797789e+01
      vertex   -5.062564e+01 4.999461e+01 -2.806455e+01
    endloop
  endfacet
  facet normal -7.422280e-01 5.194753e-01 4.233711e-01
    outer loop
      vertex   -5.151711e+01 4.997704e+01 -2.960586e+01
      vertex   -5.062564e+01 4.999461e+01 -2.806455e+01
      vertex   -5.062564e+01 5.007951e+01 -2.816872e+01
    endloop
  endfacet
  facet normal -7.378003e-01 5.284541e-01 4.199845e-01
    outer loop
      vertex   -5.151711e+01 4.997704e+01 -2.960586e+01
      vertex   -5.062564e+01 5.007951e+01 -2.816872e+01
      vertex   -5.144420e+01 5.011195e+01 -2.964753e+01
    endloop
  endfacet
  facet normal -6.924000e-01 6.028111e-01 3.964859e-01
    outer loop
      vertex   -5.144420e+01 5.011195e+01 -2.964753e+01
      vertex   -5.062564e+01 5.007951e+01 -2.816872e+01
      vertex   -5.062564e+01 5.015885e+01 -2.828935e+01
    endloop
  endfacet
  facet normal -6.647397e-01 6.441614e-01 3.783877e-01
    outer loop
      vertex   -5.144420e+01 5.011195e+01 -2.964753e+01
      vertex   -5.062564e+01 5.015885e+01 -2.828935e+01
      vertex   -5.234214e+01 5.023186e+01 -3.142912e+01
    endloop
  endfacet
  facet normal -6.378308e-01 6.784762e-01 3.644748e-01
    outer loop
      vertex   -5.234214e+01 5.023186e+01 -3.142912e+01
      vertex   -5.062564e+01 5.015885e+01 -2.828935e+01
      vertex   -5.062564e+01 5.023186e+01 -2.842525e+01
    endloop
  endfacet
  facet normal -6.551153e-01 6.562658e-01 3.743516e-01
    outer loop
      vertex   -5.234214e+01 5.023186e+01 -3.142912e+01
      vertex   -5.243268e+01 5.011195e+01 -3.137737e+01
      vertex   -5.144420e+01 5.011195e+01 -2.964753e+01
    endloop
  endfacet
  facet normal -7.371051e-01 5.284546e-01 4.212029e-01
    outer loop
      vertex   -5.144420e+01 5.011195e+01 -2.964753e+01
      vertex   -5.243268e+01 5.011195e+01 -3.137737e+01
      vertex   -5.151711e+01 4.997704e+01 -2.960586e+01
    endloop
  endfacet
  facet normal -7.371051e-01 5.284546e-01 4.212029e-01
    outer loop
      vertex   -5.243268e+01 5.011195e+01 -3.137737e+01
      vertex   -5.250560e+01 4.997704e+01 -3.133571e+01
      vertex   -5.151711e+01 4.997704e+01 -2.960586e+01
    endloop
  endfacet
  facet normal -8.004806e-01 3.872983e-01 4.574175e-01
    outer loop
      vertex   -5.151711e+01 4.997704e+01 -2.960586e+01
      vertex   -5.250560e+01 4.997704e+01 -3.133571e+01
      vertex   -5.157055e+01 4.983053e+01 -2.957533e+01
    endloop
  endfacet
  facet normal -8.004806e-01 3.872983e-01 4.574175e-01
    outer loop
      vertex   -5.250560e+01 4.997704e+01 -3.133571e+01
      vertex   -5.255903e+01 4.983053e+01 -3.130517e+01
      vertex   -5.157055e+01 4.983053e+01 -2.957533e+01
    endloop
  endfacet
  facet normal -8.436416e-01 2.363616e-01 4.820809e-01
    outer loop
      vertex   -5.157055e+01 4.983053e+01 -2.957533e+01
      vertex   -5.255903e+01 4.983053e+01 -3.130517e+01
      vertex   -5.160316e+01 4.967612e+01 -2.955669e+01
    endloop
  endfacet
  facet normal -8.436416e-01 2.363616e-01 4.820809e-01
    outer loop
      vertex   -5.255903e+01 4.983053e+01 -3.130517e+01
      vertex   -5.259165e+01 4.967612e+01 -3.128654e+01
      vertex   -5.160316e+01 4.967612e+01 -2.955669e+01
    endloop
  endfacet
  facet normal -8.654981e-01 7.945604e-02 4.945703e-01
    outer loop
      vertex   -5.160316e+01 4.967612e+01 -2.955669e+01
      vertex   -5.259165e+01 4.967612e+01 -3.128654e+01
      vertex   -5.260261e+01 4.951771e+01 -3.128027e+01
    endloop
  endfacet
  facet normal -8.682431e-01 1.527621e-15 4.961389e-01
    outer loop
      vertex   -5.234214e+01 6.523186e+01 -3.142912e+01
      vertex   -5.234214e+01 5.023186e+01 -3.142912e+01
      vertex   -5.063132e+01 6.523186e+01 -2.843519e+01
    endloop
  endfacet
  facet normal -8.682431e-01 2.115918e-14 4.961389e-01
    outer loop
      vertex   -5.063132e+01 6.523186e+01 -2.843519e+01
      vertex   -5.234214e+01 5.023186e+01 -3.142912e+01
      vertex   -5.062564e+01 5.023186e+01 -2.842525e+01
    endloop
  endfacet
  facet normal -8.682431e-01 3.127095e-14 4.961389e-01
    outer loop
      vertex   -5.063132e+01 6.523186e+01 -2.843519e+01
      vertex   -5.062564e+01 5.023186e+01 -2.842525e+01
      vertex   -5.062564e+01 9.385967e+01 -2.842525e+01
    endloop
  endfacet
  facet normal -8.682431e-01 -2.694190e-14 4.961389e-01
    outer loop
      vertex   -5.063132e+01 6.523186e+01 -2.843519e+01
      vertex   -5.062564e+01 9.385967e+01 -2.842525e+01
      vertex   -5.063132e+01 8.453186e+01 -2.843519e+01
    endloop
  endfacet
  facet normal -8.682431e-01 1.674973e-13 4.961389e-01
    outer loop
      vertex   -5.063132e+01 8.453186e+01 -2.843519e+01
      vertex   -5.062564e+01 9.385967e+01 -2.842525e+01
      vertex   -5.234214e+01 9.385967e+01 -3.142912e+01
    endloop
  endfacet
  facet normal -8.682431e-01 -1.988172e-15 4.961389e-01
    outer loop
      vertex   -5.063132e+01 8.453186e+01 -2.843519e+01
      vertex   -5.234214e+01 9.385967e+01 -3.142912e+01
      vertex   -5.234214e+01 8.453186e+01 -3.142912e+01
    endloop
  endfacet
  facet normal 1.000000e+00 -1.229582e-14 -1.176421e-16
    outer loop
      vertex   -1.015313e+02 4.823259e+01 -3.383203e+01
      vertex   -1.015313e+02 4.823186e+01 -3.375525e+01
      vertex   -1.015313e+02 4.473186e+01 -3.033130e+01
    endloop
  endfacet
  facet normal 1.000000e+00 9.404741e-15 2.206488e-14
    outer loop
      vertex   -1.015313e+02 4.473186e+01 -3.033130e+01
      vertex   -1.015313e+02 4.823186e+01 -3.375525e+01
      vertex   -1.015313e+02 4.823186e+01 -2.989096e+01
    endloop
  endfacet
  facet normal 1.000000e+00 1.221654e-14 -2.845804e-16
    outer loop
      vertex   -1.015313e+02 4.473186e+01 -3.033130e+01
      vertex   -1.015313e+02 4.823186e+01 -2.989096e+01
      vertex   -1.015313e+02 4.823667e+01 -2.968425e+01
    endloop
  endfacet
  facet normal 1.000000e+00 1.232403e-14 -8.668366e-16
    outer loop
      vertex   -1.015313e+02 4.823667e+01 -2.968425e+01
      vertex   -1.015313e+02 4.825107e+01 -2.947953e+01
      vertex   -1.015313e+02 4.473186e+01 -3.033130e+01
    endloop
  endfacet
  facet normal 1.000000e+00 1.247279e-14 -1.481449e-15
    outer loop
      vertex   -1.015313e+02 4.473186e+01 -3.033130e+01
      vertex   -1.015313e+02 4.825107e+01 -2.947953e+01
      vertex   -1.015313e+02 4.827492e+01 -2.927877e+01
    endloop
  endfacet
  facet normal 1.000000e+00 -1.014291e-14 7.464849e-14
    outer loop
      vertex   -1.015313e+02 4.473186e+01 -3.033130e+01
      vertex   -1.015313e+02 4.827492e+01 -2.927877e+01
      vertex   -1.015313e+02 4.830798e+01 -2.908391e+01
    endloop
  endfacet
  facet normal 1.000000e+00 1.724424e-14 -3.867326e-15
    outer loop
      vertex   -1.015313e+02 4.830798e+01 -2.908391e+01
      vertex   -1.015313e+02 4.834994e+01 -2.889682e+01
      vertex   -1.015313e+02 4.473186e+01 -3.033130e+01
    endloop
  endfacet
  facet normal 1.000000e+00 6.320519e-15 2.368476e-14
    outer loop
      vertex   -1.015313e+02 4.473186e+01 -3.033130e+01
      vertex   -1.015313e+02 4.834994e+01 -2.889682e+01
      vertex   -1.015313e+02 4.473186e+01 -2.733130e+01
    endloop
  endfacet
  facet normal 1.000000e+00 -3.497614e-15 9.940537e-16
    outer loop
      vertex   -1.015313e+02 4.473186e+01 -2.733130e+01
      vertex   -1.015313e+02 4.834994e+01 -2.889682e+01
      vertex   -1.015313e+02 4.840039e+01 -2.871930e+01
    endloop
  endfacet
  facet normal 1.000000e+00 -3.418822e-15 1.202303e-15
    outer loop
      vertex   -1.015313e+02 4.473186e+01 -2.733130e+01
      vertex   -1.015313e+02 4.840039e+01 -2.871930e+01
      vertex   -1.015313e+02 4.845885e+01 -2.855307e+01
    endloop
  endfacet
  facet normal 1.000000e+00 -3.342105e-15 1.436325e-15
    outer loop
      vertex   -1.015313e+02 4.845885e+01 -2.855307e+01
      vertex   -1.015313e+02 4.852475e+01 -2.839972e+01
      vertex   -1.015313e+02 4.473186e+01 -2.733130e+01
    endloop
  endfacet
  facet normal 1.000000e+00 -3.265465e-15 1.708396e-15
    outer loop
      vertex   -1.015313e+02 4.473186e+01 -2.733130e+01
      vertex   -1.015313e+02 4.852475e+01 -2.839972e+01
      vertex   -1.015313e+02 4.859746e+01 -2.826074e+01
    endloop
  endfacet
  facet normal 1.000000e+00 -3.186402e-15 2.037226e-15
    outer loop
      vertex   -1.015313e+02 4.473186e+01 -2.733130e+01
      vertex   -1.015313e+02 4.859746e+01 -2.826074e+01
      vertex   -1.015313e+02 4.867629e+01 -2.813745e+01
    endloop
  endfacet
  facet normal 1.000000e+00 -3.101326e-15 2.453496e-15
    outer loop
      vertex   -1.015313e+02 4.867629e+01 -2.813745e+01
      vertex   -1.015313e+02 4.876046e+01 -2.803105e+01
      vertex   -1.015313e+02 4.473186e+01 -2.733130e+01
    endloop
  endfacet
  facet normal 1.000000e+00 -3.004316e-15 3.011999e-15
    outer loop
      vertex   -1.015313e+02 4.473186e+01 -2.733130e+01
      vertex   -1.015313e+02 4.876046e+01 -2.803105e+01
      vertex   -1.015313e+02 4.884917e+01 -2.794256e+01
    endloop
  endfacet
  facet normal 1.000000e+00 -2.884056e-15 3.822033e-15
    outer loop
      vertex   -1.015313e+02 4.473186e+01 -2.733130e+01
      vertex   -1.015313e+02 4.884917e+01 -2.794256e+01
      vertex   -1.015313e+02 4.894157e+01 -2.787284e+01
    endloop
  endfacet
  facet normal 1.000000e+00 -2.714656e-15 5.138871e-15
    outer loop
      vertex   -1.015313e+02 4.894157e+01 -2.787284e+01
      vertex   -1.015313e+02 4.903677e+01 -2.782255e+01
      vertex   -1.015313e+02 4.473186e+01 -2.733130e+01
    endloop
  endfacet
  facet normal 1.000000e+00 6.733803e-14 6.190145e-13
    outer loop
      vertex   -1.015313e+02 4.473186e+01 -2.733130e+01
      vertex   -1.015313e+02 4.903677e+01 -2.782255e+01
      vertex   -1.015313e+02 4.908513e+01 -2.780486e+01
    endloop
  endfacet
  facet normal 1.000000e+00 0.000000e+00 0.000000e+00
    outer loop
      vertex   -1.015313e+02 4.473186e+01 -2.733130e+01
      vertex   -1.015313e+02 4.908513e+01 -2.780486e+01
      vertex   -1.015313e+02 4.913384e+01 -2.779219e+01
    endloop
  endfacet
  facet normal 1.000000e+00 0.000000e+00 -0.000000e+00
    outer loop
      vertex   -1.015313e+02 4.913384e+01 -2.779219e+01
      vertex   -1.015313e+02 4.918279e+01 -2.778457e+01
      vertex   -1.015313e+02 4.473186e+01 -2.733130e+01
    endloop
  endfacet
  facet normal 1.000000e+00 -3.840141e-13 -3.770830e-12
    outer loop
      vertex   -1.015313e+02 4.473186e+01 -2.733130e+01
      vertex   -1.015313e+02 4.918279e+01 -2.778457e+01
      vertex   -1.015313e+02 4.923186e+01 -2.778203e+01
    endloop
  endfacet
  facet normal 1.000000e+00 0.000000e+00 6.305648e-14
    outer loop
      vertex   -1.015313e+02 4.473186e+01 -2.733130e+01
      vertex   -1.015313e+02 4.923186e+01 -2.778203e+01
      vertex   -1.015313e+02 4.951771e+01 -2.778203e+01
    endloop
  endfacet
  facet normal 1.000000e+00 1.281330e-12 1.366811e-11
    outer loop
      vertex   -1.015313e+02 4.951771e+01 -2.778203e+01
      vertex   -1.015313e+02 4.956385e+01 -2.778428e+01
      vertex   -1.015313e+02 4.473186e+01 -2.733130e+01
    endloop
  endfacet
  facet normal 1.000000e+00 1.445239e-14 1.541655e-13
    outer loop
      vertex   -1.015313e+02 4.473186e+01 -2.733130e+01
      vertex   -1.015313e+02 4.956385e+01 -2.778428e+01
      vertex   -1.015313e+02 6.523186e+01 -2.833130e+01
    endloop
  endfacet
  facet normal 1.000000e+00 5.206733e-15 -3.537052e-14
    outer loop
      vertex   -1.015313e+02 4.473186e+01 -2.733130e+01
      vertex   -1.015313e+02 6.523186e+01 -2.833130e+01
      vertex   -1.015313e+02 9.385967e+01 -2.733130e+01
    endloop
  endfacet
  facet normal 1.000000e+00 4.366452e-28 1.136868e-13
    outer loop
      vertex   -1.015313e+02 9.385967e+01 -2.733130e+01
      vertex   -1.015313e+02 6.523186e+01 -2.833130e+01
      vertex   -1.015313e+02 8.373186e+01 -2.833130e+01
    endloop
  endfacet
  facet normal 1.000000e+00 -3.928825e-14 5.115908e-13
    outer loop
      vertex   -1.015313e+02 9.385967e+01 -2.733130e+01
      vertex   -1.015313e+02 8.373186e+01 -2.833130e+01
      vertex   -1.015313e+02 9.385967e+01 -2.833130e+01
    endloop
  endfacet
  facet normal 1.000000e+00 1.191486e-14 8.148444e-14
    outer loop
      vertex   -1.015313e+02 4.956385e+01 -2.778428e+01
      vertex   -1.015313e+02 4.960988e+01 -2.779101e+01
      vertex   -1.015313e+02 6.523186e+01 -2.833130e+01
    endloop
  endfacet
  facet normal 1.000000e+00 1.059618e-14 4.335584e-14
    outer loop
      vertex   -1.015313e+02 6.523186e+01 -2.833130e+01
      vertex   -1.015313e+02 4.960988e+01 -2.779101e+01
      vertex   -1.015313e+02 4.965572e+01 -2.780221e+01
    endloop
  endfacet
  facet normal 1.000000e+00 1.012424e-14 2.946225e-14
    outer loop
      vertex   -1.015313e+02 6.523186e+01 -2.833130e+01
      vertex   -1.015313e+02 4.965572e+01 -2.780221e+01
      vertex   -1.015313e+02 4.970127e+01 -2.781786e+01
    endloop
  endfacet
  facet normal 1.000000e+00 2.111616e-14 3.619499e-13
    outer loop
      vertex   -1.015313e+02 4.970127e+01 -2.781786e+01
      vertex   -1.015313e+02 4.979109e+01 -2.786236e+01
      vertex   -1.015313e+02 6.523186e+01 -2.833130e+01
    endloop
  endfacet
  facet normal 1.000000e+00 1.057887e-14 1.498394e-14
    outer loop
      vertex   -1.015313e+02 6.523186e+01 -2.833130e+01
      vertex   -1.015313e+02 4.979109e+01 -2.786236e+01
      vertex   -1.015313e+02 4.987858e+01 -2.792413e+01
    endloop
  endfacet
  facet normal 1.000000e+00 1.048034e-14 1.126870e-14
    outer loop
      vertex   -1.015313e+02 6.523186e+01 -2.833130e+01
      vertex   -1.015313e+02 4.987858e+01 -2.792413e+01
      vertex   -1.015313e+02 4.996300e+01 -2.800265e+01
    endloop
  endfacet
  facet normal 1.000000e+00 1.042914e-14 8.889987e-15
    outer loop
      vertex   -1.015313e+02 4.996300e+01 -2.800265e+01
      vertex   -1.015313e+02 5.004363e+01 -2.809724e+01
      vertex   -1.015313e+02 6.523186e+01 -2.833130e+01
    endloop
  endfacet
  facet normal 1.000000e+00 1.040327e-14 7.211376e-15
    outer loop
      vertex   -1.015313e+02 6.523186e+01 -2.833130e+01
      vertex   -1.015313e+02 5.004363e+01 -2.809724e+01
      vertex   -1.015313e+02 5.011979e+01 -2.820710e+01
    endloop
  endfacet
  facet normal 1.000000e+00 1.133766e-14 1.209075e-13
    outer loop
      vertex   -1.015313e+02 6.523186e+01 -2.833130e+01
      vertex   -1.015313e+02 5.011979e+01 -2.820710e+01
      vertex   -1.015313e+02 5.019081e+01 -2.833130e+01
    endloop
  endfacet
  facet normal 1.000000e+00 5.757634e-17 1.665401e-14
    outer loop
      vertex   -1.015313e+02 6.523186e+01 -3.515769e+01
      vertex   -1.015313e+02 8.373186e+01 -3.010185e+01
      vertex   -1.015313e+02 6.523186e+01 -2.833130e+01
    endloop
  endfacet
  facet normal 1.000000e+00 -1.529960e-15 6.633441e-17
    outer loop
      vertex   -1.015313e+02 6.523186e+01 -2.833130e+01
      vertex   -1.015313e+02 8.373186e+01 -3.010185e+01
      vertex   -1.015313e+02 8.374512e+01 -2.979588e+01
    endloop
  endfacet
  facet normal 1.000000e+00 -1.519218e-15 2.021250e-16
    outer loop
      vertex   -1.015313e+02 6.523186e+01 -2.833130e+01
      vertex   -1.015313e+02 8.374512e+01 -2.979588e+01
      vertex   -1.015313e+02 8.378448e+01 -2.950005e+01
    endloop
  endfacet
  facet normal 1.000000e+00 0.000000e+00 0.000000e+00
    outer loop
      vertex   -1.015313e+02 6.523186e+01 -3.533130e+01
      vertex   -1.015313e+02 8.373186e+01 -3.515769e+01
      vertex   -1.015313e+02 6.523186e+01 -3.515769e+01
    endloop
  endfacet
  facet normal 1.000000e+00 2.325325e-28 6.054318e-14
    outer loop
      vertex   -1.015313e+02 6.523186e+01 -3.515769e+01
      vertex   -1.015313e+02 8.373186e+01 -3.515769e+01
      vertex   -1.015313e+02 8.396617e+01 -3.468824e+01
    endloop
  endfacet
  facet normal 1.000000e+00 1.500089e-15 6.786188e-16
    outer loop
      vertex   -1.015313e+02 6.523186e+01 -3.515769e+01
      vertex   -1.015313e+02 8.396617e+01 -3.468824e+01
      vertex   -1.015313e+02 8.391345e+01 -3.457170e+01
    endloop
  endfacet
  facet normal 1.000000e+00 -0.000000e+00 0.000000e+00
    outer loop
      vertex   -1.015313e+02 6.523186e+01 -3.533130e+01
      vertex   -1.015313e+02 8.373186e+01 -3.533130e+01
      vertex   -1.015313e+02 8.373186e+01 -3.515769e+01
    endloop
  endfacet
  facet normal 1.000000e+00 0.000000e+00 1.472150e-11
    outer loop
      vertex   -1.015313e+02 8.453186e+01 -3.515769e+01
      vertex   -1.015313e+02 8.449260e+01 -3.515576e+01
      vertex   -1.015313e+02 8.373186e+01 -3.515769e+01
    endloop
  endfacet
  facet normal 1.000000e+00 3.672959e-14 2.485327e-13
    outer loop
      vertex   -1.015313e+02 8.373186e+01 -3.515769e+01
      vertex   -1.015313e+02 8.449260e+01 -3.515576e+01
      vertex   -1.015313e+02 8.445344e+01 -3.514997e+01
    endloop
  endfacet
  facet normal 1.000000e+00 3.775370e-14 1.527834e-13
    outer loop
      vertex   -1.015313e+02 8.373186e+01 -3.515769e+01
      vertex   -1.015313e+02 8.445344e+01 -3.514997e+01
      vertex   -1.015313e+02 8.441447e+01 -3.514034e+01
    endloop
  endfacet
  facet normal 1.000000e+00 3.880004e-14 1.116107e-13
    outer loop
      vertex   -1.015313e+02 8.441447e+01 -3.514034e+01
      vertex   -1.015313e+02 8.437578e+01 -3.512689e+01
      vertex   -1.015313e+02 8.373186e+01 -3.515769e+01
    endloop
  endfacet
  facet normal 1.000000e+00 4.029760e-14 8.029868e-14
    outer loop
      vertex   -1.015313e+02 8.373186e+01 -3.515769e+01
      vertex   -1.015313e+02 8.437578e+01 -3.512689e+01
      vertex   -1.015313e+02 8.429963e+01 -3.508867e+01
    endloop
  endfacet
  facet normal 1.000000e+00 4.280074e-14 5.970604e-14
    outer loop
      vertex   -1.015313e+02 8.373186e+01 -3.515769e+01
      vertex   -1.015313e+02 8.429963e+01 -3.508867e+01
      vertex   -1.015313e+02 8.422571e+01 -3.503568e+01
    endloop
  endfacet
  facet normal 1.000000e+00 4.564946e-14 4.817494e-14
    outer loop
      vertex   -1.015313e+02 8.422571e+01 -3.503568e+01
      vertex   -1.015313e+02 8.415474e+01 -3.496843e+01
      vertex   -1.015313e+02 8.373186e+01 -3.515769e+01
    endloop
  endfacet
  facet normal 1.000000e+00 4.896204e-14 4.077311e-14
    outer loop
      vertex   -1.015313e+02 8.373186e+01 -3.515769e+01
      vertex   -1.015313e+02 8.415474e+01 -3.496843e+01
      vertex   -1.015313e+02 8.408740e+01 -3.488757e+01
    endloop
  endfacet
  facet normal 1.000000e+00 5.289400e-14 3.559766e-14
    outer loop
      vertex   -1.015313e+02 8.373186e+01 -3.515769e+01
      vertex   -1.015313e+02 8.408740e+01 -3.488757e+01
      vertex   -1.015313e+02 8.402434e+01 -3.479387e+01
    endloop
  endfacet
  facet normal 1.000000e+00 5.766914e-14 3.175874e-14
    outer loop
      vertex   -1.015313e+02 8.402434e+01 -3.479387e+01
      vertex   -1.015313e+02 8.396617e+01 -3.468824e+01
      vertex   -1.015313e+02 8.373186e+01 -3.515769e+01
    endloop
  endfacet
  facet normal 1.000000e+00 1.503912e-15 5.567192e-16
    outer loop
      vertex   -1.015313e+02 8.391345e+01 -3.457170e+01
      vertex   -1.015313e+02 8.386668e+01 -3.444536e+01
      vertex   -1.015313e+02 6.523186e+01 -3.515769e+01
    endloop
  endfacet
  facet normal 1.000000e+00 1.507949e-15 4.511292e-16
    outer loop
      vertex   -1.015313e+02 6.523186e+01 -3.515769e+01
      vertex   -1.015313e+02 8.386668e+01 -3.444536e+01
      vertex   -1.015313e+02 8.382632e+01 -3.431045e+01
    endloop
  endfacet
  facet normal 1.000000e+00 -2.993140e-15 9.923719e-14
    outer loop
      vertex   -1.015313e+02 6.523186e+01 -3.515769e+01
      vertex   -1.015313e+02 8.382632e+01 -3.431045e+01
      vertex   -1.015313e+02 8.379275e+01 -3.416826e+01
    endloop
  endfacet
  facet normal 1.000000e+00 2.275241e-15 4.063396e-16
    outer loop
      vertex   -1.015313e+02 8.379275e+01 -3.416826e+01
      vertex   -1.015313e+02 8.376630e+01 -3.402017e+01
      vertex   -1.015313e+02 6.523186e+01 -3.515769e+01
    endloop
  endfacet
  facet normal 1.000000e+00 2.282664e-15 2.853918e-16
    outer loop
      vertex   -1.015313e+02 6.523186e+01 -3.515769e+01
      vertex   -1.015313e+02 8.376630e+01 -3.402017e+01
      vertex   -1.015313e+02 8.374723e+01 -3.386759e+01
    endloop
  endfacet
  facet normal 1.000000e+00 2.294690e-15 1.128071e-16
    outer loop
      vertex   -1.015313e+02 6.523186e+01 -3.515769e+01
      vertex   -1.015313e+02 8.374723e+01 -3.386759e+01
      vertex   -1.015313e+02 8.373186e+01 -3.355490e+01
    endloop
  endfacet
  facet normal 1.000000e+00 1.234811e-15 1.234635e-14
    outer loop
      vertex   -1.015313e+02 8.373186e+01 -3.355490e+01
      vertex   -1.015313e+02 8.373186e+01 -3.010185e+01
      vertex   -1.015313e+02 6.523186e+01 -3.515769e+01
    endloop
  endfacet
  facet normal 1.000000e+00 4.754542e-15 9.979093e-14
    outer loop
      vertex   -1.015313e+02 8.378448e+01 -2.950005e+01
      vertex   -1.015313e+02 8.381357e+01 -2.935903e+01
      vertex   -1.015313e+02 6.523186e+01 -2.833130e+01
    endloop
  endfacet
  facet normal 1.000000e+00 -7.539357e-16 1.960019e-16
    outer loop
      vertex   -1.015313e+02 6.523186e+01 -2.833130e+01
      vertex   -1.015313e+02 8.381357e+01 -2.935903e+01
      vertex   -1.015313e+02 8.384863e+01 -2.922418e+01
    endloop
  endfacet
  facet normal 1.000000e+00 -7.518214e-16 2.400847e-16
    outer loop
      vertex   -1.015313e+02 6.523186e+01 -2.833130e+01
      vertex   -1.015313e+02 8.384863e+01 -2.922418e+01
      vertex   -1.015313e+02 8.388936e+01 -2.909662e+01
    endloop
  endfacet
  facet normal 1.000000e+00 -7.497827e-16 2.897867e-16
    outer loop
      vertex   -1.015313e+02 8.388936e+01 -2.909662e+01
      vertex   -1.015313e+02 8.393543e+01 -2.897742e+01
      vertex   -1.015313e+02 6.523186e+01 -2.833130e+01
    endloop
  endfacet
  facet normal 1.000000e+00 -7.477949e-16 3.473265e-16
    outer loop
      vertex   -1.015313e+02 6.523186e+01 -2.833130e+01
      vertex   -1.015313e+02 8.393543e+01 -2.897742e+01
      vertex   -1.015313e+02 8.398646e+01 -2.886756e+01
    endloop
  endfacet
  facet normal 1.000000e+00 1.636569e-16 3.222339e-14
    outer loop
      vertex   -1.015313e+02 6.523186e+01 -2.833130e+01
      vertex   -1.015313e+02 8.398646e+01 -2.886756e+01
      vertex   -1.015313e+02 8.373186e+01 -2.842525e+01
    endloop
  endfacet
  facet normal 1.000000e+00 -2.834733e-14 1.581164e-14
    outer loop
      vertex   -1.015313e+02 8.373186e+01 -2.842525e+01
      vertex   -1.015313e+02 8.398646e+01 -2.886756e+01
      vertex   -1.015313e+02 8.404202e+01 -2.876795e+01
    endloop
  endfacet
  facet normal 1.000000e+00 -2.626781e-14 1.769373e-14
    outer loop
      vertex   -1.015313e+02 8.373186e+01 -2.842525e+01
      vertex   -1.015313e+02 8.404202e+01 -2.876795e+01
      vertex   -1.015313e+02 8.410165e+01 -2.867943e+01
    endloop
  endfacet
  facet normal 1.000000e+00 -2.453437e-14 2.021567e-14
    outer loop
      vertex   -1.015313e+02 8.410165e+01 -2.867943e+01
      vertex   -1.015313e+02 8.416485e+01 -2.860272e+01
      vertex   -1.015313e+02 8.373186e+01 -2.842525e+01
    endloop
  endfacet
  facet normal 1.000000e+00 -2.306980e-14 2.378897e-14
    outer loop
      vertex   -1.015313e+02 8.373186e+01 -2.842525e+01
      vertex   -1.015313e+02 8.416485e+01 -2.860272e+01
      vertex   -1.015313e+02 8.423110e+01 -2.853847e+01
    endloop
  endfacet
  facet normal 1.000000e+00 -2.182599e-14 2.927360e-14
    outer loop
      vertex   -1.015313e+02 8.373186e+01 -2.842525e+01
      vertex   -1.015313e+02 8.423110e+01 -2.853847e+01
      vertex   -1.015313e+02 8.429985e+01 -2.848721e+01
    endloop
  endfacet
  facet normal 1.000000e+00 -2.078485e-14 3.881801e-14
    outer loop
      vertex   -1.015313e+02 8.429985e+01 -2.848721e+01
      vertex   -1.015313e+02 8.437053e+01 -2.844937e+01
      vertex   -1.015313e+02 8.373186e+01 -2.842525e+01
    endloop
  endfacet
  facet normal 1.000000e+00 -2.026003e-14 5.271784e-14
    outer loop
      vertex   -1.015313e+02 8.373186e+01 -2.842525e+01
      vertex   -1.015313e+02 8.437053e+01 -2.844937e+01
      vertex   -1.015313e+02 8.440641e+01 -2.843558e+01
    endloop
  endfacet
  facet normal 1.000000e+00 -6.879716e-27 1.376237e-12
    outer loop
      vertex   -1.015313e+02 8.373186e+01 -2.842525e+01
      vertex   -1.015313e+02 8.440641e+01 -2.843558e+01
      vertex   -1.015313e+02 8.444255e+01 -2.842525e+01
    endloop
  endfacet
  facet normal 1.000000e+00 0.000000e+00 -0.000000e+00
    outer loop
      vertex   -1.015313e+02 8.373186e+01 -2.842525e+01
      vertex   -1.015313e+02 8.373186e+01 -2.833130e+01
      vertex   -1.015313e+02 6.523186e+01 -2.833130e+01
    endloop
  endfacet
  facet normal -0.000000e+00 -7.071068e-01 -7.071068e-01
    outer loop
      vertex   -1.015313e+02 4.473186e+01 -3.033130e+01
      vertex   -1.039256e+02 4.473186e+01 -3.033130e+01
      vertex   -1.015313e+02 4.823259e+01 -3.383203e+01
    endloop
  endfacet
  facet normal -2.035470e-14 -7.071068e-01 -7.071068e-01
    outer loop
      vertex   -1.015313e+02 4.823259e+01 -3.383203e+01
      vertex   -1.039256e+02 4.473186e+01 -3.033130e+01
      vertex   -1.039256e+02 4.973186e+01 -3.533130e+01
    endloop
  endfacet
  facet normal 4.109548e-13 -7.071068e-01 -7.071068e-01
    outer loop
      vertex   -1.015313e+02 4.823259e+01 -3.383203e+01
      vertex   -1.039256e+02 4.973186e+01 -3.533130e+01
      vertex   -1.009085e+02 4.904147e+01 -3.464091e+01
    endloop
  endfacet
  facet normal 2.926571e-13 -7.071068e-01 -7.071068e-01
    outer loop
      vertex   -1.009085e+02 4.904147e+01 -3.464091e+01
      vertex   -1.039256e+02 4.973186e+01 -3.533130e+01
      vertex   -1.009473e+02 4.913622e+01 -3.473566e+01
    endloop
  endfacet
  facet normal 2.529171e-13 -7.071068e-01 -7.071068e-01
    outer loop
      vertex   -1.009473e+02 4.913622e+01 -3.473566e+01
      vertex   -1.039256e+02 4.973186e+01 -3.533130e+01
      vertex   -1.009971e+02 4.923186e+01 -3.483130e+01
    endloop
  endfacet
  facet normal -2.138087e-13 -7.071068e-01 -7.071068e-01
    outer loop
      vertex   -1.009971e+02 4.923186e+01 -3.483130e+01
      vertex   -1.039256e+02 4.973186e+01 -3.533130e+01
      vertex   -1.011618e+02 4.951771e+01 -3.511715e+01
    endloop
  endfacet
  facet normal 1.141047e-14 -7.071068e-01 -7.071068e-01
    outer loop
      vertex   -1.011618e+02 4.951771e+01 -3.511715e+01
      vertex   -1.039256e+02 4.973186e+01 -3.533130e+01
      vertex   -1.012305e+02 4.962541e+01 -3.522485e+01
    endloop
  endfacet
  facet normal 0.000000e+00 -7.071068e-01 -7.071068e-01
    outer loop
      vertex   -1.012305e+02 4.962541e+01 -3.522485e+01
      vertex   -1.039256e+02 4.973186e+01 -3.533130e+01
      vertex   -1.013119e+02 4.973186e+01 -3.533130e+01
    endloop
  endfacet
  facet normal 8.037709e-12 -7.071068e-01 -7.071068e-01
    outer loop
      vertex   -1.015313e+02 4.823259e+01 -3.383203e+01
      vertex   -1.009085e+02 4.904147e+01 -3.464091e+01
      vertex   -1.014260e+02 4.824084e+01 -3.384028e+01
    endloop
  endfacet
  facet normal 7.173266e-14 -7.071068e-01 -7.071068e-01
    outer loop
      vertex   -1.014260e+02 4.824084e+01 -3.384028e+01
      vertex   -1.009085e+02 4.904147e+01 -3.464091e+01
      vertex   -1.008812e+02 4.894846e+01 -3.454790e+01
    endloop
  endfacet
  facet normal -4.306187e-15 -7.071068e-01 -7.071068e-01
    outer loop
      vertex   -1.014260e+02 4.824084e+01 -3.384028e+01
      vertex   -1.008812e+02 4.894846e+01 -3.454790e+01
      vertex   -1.013273e+02 4.825817e+01 -3.385760e+01
    endloop
  endfacet
  facet normal -7.547528e-14 -7.071068e-01 -7.071068e-01
    outer loop
      vertex   -1.013273e+02 4.825817e+01 -3.385760e+01
      vertex   -1.008812e+02 4.894846e+01 -3.454790e+01
      vertex   -1.012362e+02 4.828442e+01 -3.388386e+01
    endloop
  endfacet
  facet normal 6.193465e-14 -7.071068e-01 -7.071068e-01
    outer loop
      vertex   -1.012362e+02 4.828442e+01 -3.388386e+01
      vertex   -1.008812e+02 4.894846e+01 -3.454790e+01
      vertex   -1.011534e+02 4.831936e+01 -3.391880e+01
    endloop
  endfacet
  facet normal -1.104684e-13 -7.071068e-01 -7.071068e-01
    outer loop
      vertex   -1.011534e+02 4.831936e+01 -3.391880e+01
      vertex   -1.008812e+02 4.894846e+01 -3.454790e+01
      vertex   -1.010798e+02 4.836266e+01 -3.396210e+01
    endloop
  endfacet
  facet normal 1.787438e-13 -7.071068e-01 -7.071068e-01
    outer loop
      vertex   -1.010798e+02 4.836266e+01 -3.396210e+01
      vertex   -1.008812e+02 4.894846e+01 -3.454790e+01
      vertex   -1.010161e+02 4.841394e+01 -3.401337e+01
    endloop
  endfacet
  facet normal -1.588461e-13 -7.071068e-01 -7.071068e-01
    outer loop
      vertex   -1.010161e+02 4.841394e+01 -3.401337e+01
      vertex   -1.008812e+02 4.894846e+01 -3.454790e+01
      vertex   -1.009627e+02 4.847270e+01 -3.407214e+01
    endloop
  endfacet
  facet normal 9.447957e-14 -7.071068e-01 -7.071068e-01
    outer loop
      vertex   -1.009627e+02 4.847270e+01 -3.407214e+01
      vertex   -1.008812e+02 4.894846e+01 -3.454790e+01
      vertex   -1.009202e+02 4.853843e+01 -3.413787e+01
    endloop
  endfacet
  facet normal 9.047896e-14 -7.071068e-01 -7.071068e-01
    outer loop
      vertex   -1.009202e+02 4.853843e+01 -3.413787e+01
      vertex   -1.008812e+02 4.894846e+01 -3.454790e+01
      vertex   -1.008654e+02 4.885804e+01 -3.445748e+01
    endloop
  endfacet
  facet normal -1.201455e-13 -7.071068e-01 -7.071068e-01
    outer loop
      vertex   -1.009202e+02 4.853843e+01 -3.413787e+01
      vertex   -1.008654e+02 4.885804e+01 -3.445748e+01
      vertex   -1.008890e+02 4.861052e+01 -3.420996e+01
    endloop
  endfacet
  facet normal -1.216219e-13 -7.071068e-01 -7.071068e-01
    outer loop
      vertex   -1.008890e+02 4.861052e+01 -3.420996e+01
      vertex   -1.008654e+02 4.885804e+01 -3.445748e+01
      vertex   -1.008615e+02 4.877106e+01 -3.437050e+01
    endloop
  endfacet
  facet normal -3.867884e-13 -7.071068e-01 -7.071068e-01
    outer loop
      vertex   -1.008890e+02 4.861052e+01 -3.420996e+01
      vertex   -1.008615e+02 4.877106e+01 -3.437050e+01
      vertex   -1.008694e+02 4.868830e+01 -3.428774e+01
    endloop
  endfacet
  facet normal -9.849218e-01 -4.858060e-02 -1.660393e-01
    outer loop
      vertex   -5.277351e+01 4.923186e+01 -3.195666e+01
      vertex   -5.274310e+01 4.923186e+01 -3.213707e+01
      vertex   -5.276875e+01 4.913433e+01 -3.195637e+01
    endloop
  endfacet
  facet normal -9.787015e-01 -8.704890e-02 -1.859189e-01
    outer loop
      vertex   -5.276875e+01 4.913433e+01 -3.195637e+01
      vertex   -5.274310e+01 4.923186e+01 -3.213707e+01
      vertex   -5.272833e+01 4.905821e+01 -3.213350e+01
    endloop
  endfacet
  facet normal -9.763132e-01 -1.452405e-01 -1.603672e-01
    outer loop
      vertex   -5.276875e+01 4.913433e+01 -3.195637e+01
      vertex   -5.272833e+01 4.905821e+01 -3.213350e+01
      vertex   -5.275456e+01 4.903795e+01 -3.195551e+01
    endloop
  endfacet
  facet normal -9.560573e-01 -2.401425e-01 -1.681845e-01
    outer loop
      vertex   -5.275456e+01 4.903795e+01 -3.195551e+01
      vertex   -5.272833e+01 4.905821e+01 -3.213350e+01
      vertex   -5.273106e+01 4.894342e+01 -3.195409e+01
    endloop
  endfacet
  facet normal -9.491204e-01 -2.585150e-01 -1.798346e-01
    outer loop
      vertex   -5.273106e+01 4.894342e+01 -3.195409e+01
      vertex   -5.272833e+01 4.905821e+01 -3.213350e+01
      vertex   -5.268448e+01 4.888984e+01 -3.212289e+01
    endloop
  endfacet
  facet normal -9.305751e-01 -3.335568e-01 -1.508970e-01
    outer loop
      vertex   -5.273106e+01 4.894342e+01 -3.195409e+01
      vertex   -5.268448e+01 4.888984e+01 -3.212289e+01
      vertex   -5.269840e+01 4.885141e+01 -3.195212e+01
    endloop
  endfacet
  facet normal -8.908942e-01 -4.221581e-01 -1.676007e-01
    outer loop
      vertex   -5.269840e+01 4.885141e+01 -3.195212e+01
      vertex   -5.268448e+01 4.888984e+01 -3.212289e+01
      vertex   -5.261288e+01 4.873186e+01 -3.210556e+01
    endloop
  endfacet
  facet normal -8.907399e-01 -4.226780e-01 -1.671097e-01
    outer loop
      vertex   -5.269840e+01 4.885141e+01 -3.195212e+01
      vertex   -5.261288e+01 4.873186e+01 -3.210556e+01
      vertex   -5.265694e+01 4.876304e+01 -3.194961e+01
    endloop
  endfacet
  facet normal -8.492323e-01 -5.096704e-01 -1.379877e-01
    outer loop
      vertex   -5.265694e+01 4.876304e+01 -3.194961e+01
      vertex   -5.261288e+01 4.873186e+01 -3.210556e+01
      vertex   -5.260719e+01 4.867934e+01 -3.194661e+01
    endloop
  endfacet
  facet normal -8.034677e-01 -5.732668e-01 -1.606389e-01
    outer loop
      vertex   -5.260719e+01 4.867934e+01 -3.194661e+01
      vertex   -5.261288e+01 4.873186e+01 -3.210556e+01
      vertex   -5.251571e+01 4.858907e+01 -3.208204e+01
    endloop
  endfacet
  facet normal -7.944944e-01 -5.901092e-01 -1.433522e-01
    outer loop
      vertex   -5.260719e+01 4.867934e+01 -3.194661e+01
      vertex   -5.251571e+01 4.858907e+01 -3.208204e+01
      vertex   -5.254955e+01 4.860088e+01 -3.194312e+01
    endloop
  endfacet
  facet normal -7.354343e-01 -6.664349e-01 -1.224781e-01
    outer loop
      vertex   -5.254955e+01 4.860088e+01 -3.194312e+01
      vertex   -5.251571e+01 4.858907e+01 -3.208204e+01
      vertex   -5.248438e+01 4.852825e+01 -3.193918e+01
    endloop
  endfacet
  facet normal -6.912445e-01 -7.070004e-01 -1.494373e-01
    outer loop
      vertex   -5.248438e+01 4.852825e+01 -3.193918e+01
      vertex   -5.251571e+01 4.858907e+01 -3.208204e+01
      vertex   -5.239591e+01 4.846581e+01 -3.205305e+01
    endloop
  endfacet
  facet normal -6.673727e-01 -7.357736e-01 -1.151123e-01
    outer loop
      vertex   -5.248438e+01 4.852825e+01 -3.193918e+01
      vertex   -5.239591e+01 4.846581e+01 -3.205305e+01
      vertex   -5.241248e+01 4.846234e+01 -3.193484e+01
    endloop
  endfacet
  facet normal -5.930568e-01 -7.980826e-01 -1.065263e-01
    outer loop
      vertex   -5.241248e+01 4.846234e+01 -3.193484e+01
      vertex   -5.239591e+01 4.846581e+01 -3.205305e+01
      vertex   -5.233468e+01 4.840391e+01 -3.193013e+01
    endloop
  endfacet
  facet normal -5.574992e-01 -8.191520e-01 -1.348503e-01
    outer loop
      vertex   -5.233468e+01 4.840391e+01 -3.193013e+01
      vertex   -5.239591e+01 4.846581e+01 -3.205305e+01
      vertex   -5.225713e+01 4.836583e+01 -3.201947e+01
    endloop
  endfacet
  facet normal -5.144702e-01 -8.534957e-01 -8.285818e-02
    outer loop
      vertex   -5.233468e+01 4.840391e+01 -3.193013e+01
      vertex   -5.225713e+01 4.836583e+01 -3.201947e+01
      vertex   -5.225157e+01 4.835332e+01 -3.192511e+01
    endloop
  endfacet
  facet normal -4.276546e-01 -8.990404e-01 -9.400983e-02
    outer loop
      vertex   -5.225157e+01 4.835332e+01 -3.192511e+01
      vertex   -5.225713e+01 4.836583e+01 -3.201947e+01
      vertex   -5.216372e+01 4.831098e+01 -3.191980e+01
    endloop
  endfacet
  facet normal -4.061678e-01 -9.061406e-01 -1.180547e-01
    outer loop
      vertex   -5.216372e+01 4.831098e+01 -3.191980e+01
      vertex   -5.225713e+01 4.836583e+01 -3.201947e+01
      vertex   -5.210358e+01 4.829216e+01 -3.198231e+01
    endloop
  endfacet
  facet normal -3.415762e-01 -9.387228e-01 -4.610004e-02
    outer loop
      vertex   -5.216372e+01 4.831098e+01 -3.191980e+01
      vertex   -5.210358e+01 4.829216e+01 -3.198231e+01
      vertex   -5.207226e+01 4.827743e+01 -3.191427e+01
    endloop
  endfacet
  facet normal -2.425212e-01 -9.652406e-01 -9.743717e-02
    outer loop
      vertex   -5.207226e+01 4.827743e+01 -3.191427e+01
      vertex   -5.210358e+01 4.829216e+01 -3.198231e+01
      vertex   -5.193993e+01 4.824705e+01 -3.194270e+01
    endloop
  endfacet
  facet normal -2.440324e-01 -9.639761e-01 -1.058221e-01
    outer loop
      vertex   -5.207226e+01 4.827743e+01 -3.191427e+01
      vertex   -5.193993e+01 4.824705e+01 -3.194270e+01
      vertex   -5.197825e+01 4.825300e+01 -3.190859e+01
    endloop
  endfacet
  facet normal -1.561631e-01 -9.877268e-01 -2.982665e-03
    outer loop
      vertex   -5.197825e+01 4.825300e+01 -3.190859e+01
      vertex   -5.193993e+01 4.824705e+01 -3.194270e+01
      vertex   -5.188223e+01 4.823781e+01 -3.190279e+01
    endloop
  endfacet
  facet normal -4.340412e-02 -9.852693e-01 -1.654099e-01
    outer loop
      vertex   -5.188223e+01 4.823781e+01 -3.190279e+01
      vertex   -5.193993e+01 4.824705e+01 -3.194270e+01
      vertex   -5.177248e+01 4.823186e+01 -3.189615e+01
    endloop
  endfacet
  facet normal 6.033547e-02 -1.572567e-07 -9.981782e-01
    outer loop
      vertex   -5.188223e+01 4.823781e+01 -3.190279e+01
      vertex   -5.177248e+01 4.823186e+01 -3.189615e+01
      vertex   -5.178475e+01 4.823193e+01 -3.189689e+01
    endloop
  endfacet
  facet normal -9.493742e-01 -8.694132e-02 -3.018772e-01
    outer loop
      vertex   -5.272833e+01 4.905821e+01 -3.213350e+01
      vertex   -5.274310e+01 4.923186e+01 -3.213707e+01
      vertex   -5.267354e+01 4.905821e+01 -3.230582e+01
    endloop
  endfacet
  facet normal -9.493742e-01 -8.694132e-02 -3.018772e-01
    outer loop
      vertex   -5.267354e+01 4.905821e+01 -3.230582e+01
      vertex   -5.274310e+01 4.923186e+01 -3.213707e+01
      vertex   -5.268766e+01 4.923186e+01 -3.231143e+01
    endloop
  endfacet
  facet normal -8.975918e-01 -8.694132e-02 -4.321691e-01
    outer loop
      vertex   -5.267354e+01 4.905821e+01 -3.230582e+01
      vertex   -5.268766e+01 4.923186e+01 -3.231143e+01
      vertex   -5.259510e+01 4.905821e+01 -3.246874e+01
    endloop
  endfacet
  facet normal -8.975918e-01 -8.694132e-02 -4.321691e-01
    outer loop
      vertex   -5.259510e+01 4.905821e+01 -3.246874e+01
      vertex   -5.268766e+01 4.923186e+01 -3.231143e+01
      vertex   -5.260829e+01 4.923186e+01 -3.247628e+01
    endloop
  endfacet
  facet normal -8.704470e-01 -2.582203e-01 -4.190995e-01
    outer loop
      vertex   -5.259510e+01 4.905821e+01 -3.246874e+01
      vertex   -5.255593e+01 4.888984e+01 -3.244636e+01
      vertex   -5.267354e+01 4.905821e+01 -3.230582e+01
    endloop
  endfacet
  facet normal -8.704470e-01 -2.582203e-01 -4.190995e-01
    outer loop
      vertex   -5.267354e+01 4.905821e+01 -3.230582e+01
      vertex   -5.255593e+01 4.888984e+01 -3.244636e+01
      vertex   -5.263161e+01 4.888984e+01 -3.228916e+01
    endloop
  endfacet
  facet normal -9.206633e-01 -2.582203e-01 -2.927479e-01
    outer loop
      vertex   -5.267354e+01 4.905821e+01 -3.230582e+01
      vertex   -5.263161e+01 4.888984e+01 -3.228916e+01
      vertex   -5.272833e+01 4.905821e+01 -3.213350e+01
    endloop
  endfacet
  facet normal -9.206633e-01 -2.582203e-01 -2.927479e-01
    outer loop
      vertex   -5.272833e+01 4.905821e+01 -3.213350e+01
      vertex   -5.263161e+01 4.888984e+01 -3.228916e+01
      vertex   -5.268448e+01 4.888984e+01 -3.212289e+01
    endloop
  endfacet
  facet normal -8.169479e-01 -4.217572e-01 -3.933410e-01
    outer loop
      vertex   -5.255593e+01 4.888984e+01 -3.244636e+01
      vertex   -5.249197e+01 4.873186e+01 -3.240981e+01
      vertex   -5.263161e+01 4.888984e+01 -3.228916e+01
    endloop
  endfacet
  facet normal -8.169479e-01 -4.217572e-01 -3.933410e-01
    outer loop
      vertex   -5.263161e+01 4.888984e+01 -3.228916e+01
      vertex   -5.249197e+01 4.873186e+01 -3.240981e+01
      vertex   -5.256316e+01 4.873186e+01 -3.226195e+01
    endloop
  endfacet
  facet normal -8.640778e-01 -4.217572e-01 -2.747551e-01
    outer loop
      vertex   -5.263161e+01 4.888984e+01 -3.228916e+01
      vertex   -5.256316e+01 4.873186e+01 -3.226195e+01
      vertex   -5.268448e+01 4.888984e+01 -3.212289e+01
    endloop
  endfacet
  facet normal -8.640778e-01 -4.217572e-01 -2.747551e-01
    outer loop
      vertex   -5.268448e+01 4.888984e+01 -3.212289e+01
      vertex   -5.256316e+01 4.873186e+01 -3.226195e+01
      vertex   -5.261288e+01 4.873186e+01 -3.210556e+01
    endloop
  endfacet
  facet normal -7.386608e-01 -5.726212e-01 -3.556476e-01
    outer loop
      vertex   -5.249197e+01 4.873186e+01 -3.240981e+01
      vertex   -5.240516e+01 4.858907e+01 -3.236020e+01
      vertex   -5.256316e+01 4.873186e+01 -3.226195e+01
    endloop
  endfacet
  facet normal -7.386608e-01 -5.726212e-01 -3.556476e-01
    outer loop
      vertex   -5.256316e+01 4.873186e+01 -3.226195e+01
      vertex   -5.240516e+01 4.858907e+01 -3.236020e+01
      vertex   -5.247024e+01 4.858907e+01 -3.222502e+01
    endloop
  endfacet
  facet normal -7.812744e-01 -5.726212e-01 -2.484257e-01
    outer loop
      vertex   -5.256316e+01 4.873186e+01 -3.226195e+01
      vertex   -5.247024e+01 4.858907e+01 -3.222502e+01
      vertex   -5.261288e+01 4.873186e+01 -3.210556e+01
    endloop
  endfacet
  facet normal -7.812744e-01 -5.726212e-01 -2.484257e-01
    outer loop
      vertex   -5.261288e+01 4.873186e+01 -3.210556e+01
      vertex   -5.247024e+01 4.858907e+01 -3.222502e+01
      vertex   -5.251571e+01 4.858907e+01 -3.208204e+01
    endloop
  endfacet
  facet normal -6.378959e-01 -7.062287e-01 -3.071317e-01
    outer loop
      vertex   -5.240516e+01 4.858907e+01 -3.236020e+01
      vertex   -5.229814e+01 4.846581e+01 -3.229905e+01
      vertex   -5.247024e+01 4.858907e+01 -3.222502e+01
    endloop
  endfacet
  facet normal -6.378959e-01 -7.062287e-01 -3.071317e-01
    outer loop
      vertex   -5.247024e+01 4.858907e+01 -3.222502e+01
      vertex   -5.229814e+01 4.846581e+01 -3.229905e+01
      vertex   -5.235570e+01 4.846581e+01 -3.217950e+01
    endloop
  endfacet
  facet normal -6.746963e-01 -7.062287e-01 -2.145365e-01
    outer loop
      vertex   -5.247024e+01 4.858907e+01 -3.222502e+01
      vertex   -5.235570e+01 4.846581e+01 -3.217950e+01
      vertex   -5.251571e+01 4.858907e+01 -3.208204e+01
    endloop
  endfacet
  facet normal -6.746963e-01 -7.062287e-01 -2.145365e-01
    outer loop
      vertex   -5.251571e+01 4.858907e+01 -3.208204e+01
      vertex   -5.235570e+01 4.846581e+01 -3.217950e+01
      vertex   -5.239591e+01 4.846581e+01 -3.205305e+01
    endloop
  endfacet
  facet normal -5.176551e-01 -8.184823e-01 -2.492386e-01
    outer loop
      vertex   -5.229814e+01 4.846581e+01 -3.229905e+01
      vertex   -5.217417e+01 4.836583e+01 -3.222821e+01
      vertex   -5.235570e+01 4.846581e+01 -3.217950e+01
    endloop
  endfacet
  facet normal -5.176551e-01 -8.184823e-01 -2.492386e-01
    outer loop
      vertex   -5.235570e+01 4.846581e+01 -3.217950e+01
      vertex   -5.217417e+01 4.836583e+01 -3.222821e+01
      vertex   -5.222301e+01 4.836583e+01 -3.212676e+01
    endloop
  endfacet
  facet normal -5.475188e-01 -8.184823e-01 -1.740973e-01
    outer loop
      vertex   -5.235570e+01 4.846581e+01 -3.217950e+01
      vertex   -5.222301e+01 4.836583e+01 -3.212676e+01
      vertex   -5.239591e+01 4.846581e+01 -3.205305e+01
    endloop
  endfacet
  facet normal -5.475188e-01 -8.184823e-01 -1.740973e-01
    outer loop
      vertex   -5.239591e+01 4.846581e+01 -3.205305e+01
      vertex   -5.222301e+01 4.836583e+01 -3.212676e+01
      vertex   -5.225713e+01 4.836583e+01 -3.201947e+01
    endloop
  endfacet
  facet normal -3.815573e-01 -9.059053e-01 -1.837108e-01
    outer loop
      vertex   -5.217417e+01 4.836583e+01 -3.222821e+01
      vertex   -5.203700e+01 4.829216e+01 -3.214983e+01
      vertex   -5.222301e+01 4.836583e+01 -3.212676e+01
    endloop
  endfacet
  facet normal -3.815573e-01 -9.059053e-01 -1.837108e-01
    outer loop
      vertex   -5.222301e+01 4.836583e+01 -3.212676e+01
      vertex   -5.203700e+01 4.829216e+01 -3.214983e+01
      vertex   -5.207620e+01 4.829216e+01 -3.206842e+01
    endloop
  endfacet
  facet normal -4.035695e-01 -9.059053e-01 -1.283250e-01
    outer loop
      vertex   -5.222301e+01 4.836583e+01 -3.212676e+01
      vertex   -5.207620e+01 4.829216e+01 -3.206842e+01
      vertex   -5.225713e+01 4.836583e+01 -3.201947e+01
    endloop
  endfacet
  facet normal -4.035695e-01 -9.059053e-01 -1.283250e-01
    outer loop
      vertex   -5.225713e+01 4.836583e+01 -3.201947e+01
      vertex   -5.207620e+01 4.829216e+01 -3.206842e+01
      vertex   -5.210358e+01 4.829216e+01 -3.198231e+01
    endloop
  endfacet
  facet normal -2.337374e-01 -9.657649e-01 -1.125390e-01
    outer loop
      vertex   -5.203700e+01 4.829216e+01 -3.214983e+01
      vertex   -5.189081e+01 4.824705e+01 -3.206629e+01
      vertex   -5.207620e+01 4.829216e+01 -3.206842e+01
    endloop
  endfacet
  facet normal -2.337374e-01 -9.657649e-01 -1.125390e-01
    outer loop
      vertex   -5.207620e+01 4.829216e+01 -3.206842e+01
      vertex   -5.189081e+01 4.824705e+01 -3.206629e+01
      vertex   -5.191973e+01 4.824705e+01 -3.200623e+01
    endloop
  endfacet
  facet normal -2.472218e-01 -9.657649e-01 -7.861036e-02
    outer loop
      vertex   -5.207620e+01 4.829216e+01 -3.206842e+01
      vertex   -5.191973e+01 4.824705e+01 -3.200623e+01
      vertex   -5.210358e+01 4.829216e+01 -3.198231e+01
    endloop
  endfacet
  facet normal -2.472218e-01 -9.657649e-01 -7.861036e-02
    outer loop
      vertex   -5.210358e+01 4.829216e+01 -3.198231e+01
      vertex   -5.191973e+01 4.824705e+01 -3.200623e+01
      vertex   -5.193993e+01 4.824705e+01 -3.194270e+01
    endloop
  endfacet
  facet normal -7.784446e-02 -9.961851e-01 -3.943852e-02
    outer loop
      vertex   -5.174005e+01 4.823186e+01 -3.198014e+01
      vertex   -5.175365e+01 4.823186e+01 -3.195328e+01
      vertex   -5.189081e+01 4.824705e+01 -3.206629e+01
    endloop
  endfacet
  facet normal -7.899683e-02 -9.961490e-01 -3.803509e-02
    outer loop
      vertex   -5.189081e+01 4.824705e+01 -3.206629e+01
      vertex   -5.175365e+01 4.823186e+01 -3.195328e+01
      vertex   -5.191973e+01 4.824705e+01 -3.200623e+01
    endloop
  endfacet
  facet normal -8.113923e-02 -9.962101e-01 -3.133340e-02
    outer loop
      vertex   -5.175365e+01 4.823186e+01 -3.195328e+01
      vertex   -5.176450e+01 4.823186e+01 -3.192519e+01
      vertex   -5.191973e+01 4.824705e+01 -3.200623e+01
    endloop
  endfacet
  facet normal -8.361113e-02 -9.961437e-01 -2.658625e-02
    outer loop
      vertex   -5.191973e+01 4.824705e+01 -3.200623e+01
      vertex   -5.176450e+01 4.823186e+01 -3.192519e+01
      vertex   -5.193993e+01 4.824705e+01 -3.194270e+01
    endloop
  endfacet
  facet normal -8.396742e-02 -9.962015e-01 -2.306813e-02
    outer loop
      vertex   -5.176450e+01 4.823186e+01 -3.192519e+01
      vertex   -5.177248e+01 4.823186e+01 -3.189615e+01
      vertex   -5.193993e+01 4.824705e+01 -3.194270e+01
    endloop
  endfacet
  facet normal -8.671973e-01 -4.906767e-02 -4.955413e-01
    outer loop
      vertex   -5.126256e+01 4.923186e+01 -3.483130e+01
      vertex   -5.131303e+01 4.913384e+01 -3.473328e+01
      vertex   -5.260829e+01 4.923186e+01 -3.247628e+01
    endloop
  endfacet
  facet normal -8.656525e-01 -8.715565e-02 -4.930007e-01
    outer loop
      vertex   -5.260829e+01 4.923186e+01 -3.247628e+01
      vertex   -5.131303e+01 4.913384e+01 -3.473328e+01
      vertex   -5.259510e+01 4.905821e+01 -3.246874e+01
    endloop
  endfacet
  facet normal -8.586374e-01 -1.470752e-01 -4.910303e-01
    outer loop
      vertex   -5.259510e+01 4.905821e+01 -3.246874e+01
      vertex   -5.131303e+01 4.913384e+01 -3.473328e+01
      vertex   -5.135191e+01 4.903677e+01 -3.463621e+01
    endloop
  endfacet
  facet normal -8.425874e-01 -2.424875e-01 -4.808807e-01
    outer loop
      vertex   -5.259510e+01 4.905821e+01 -3.246874e+01
      vertex   -5.135191e+01 4.903677e+01 -3.463621e+01
      vertex   -5.137885e+01 4.894157e+01 -3.454101e+01
    endloop
  endfacet
  facet normal -8.393329e-01 -2.588188e-01 -4.780513e-01
    outer loop
      vertex   -5.259510e+01 4.905821e+01 -3.246874e+01
      vertex   -5.137885e+01 4.894157e+01 -3.454101e+01
      vertex   -5.255593e+01 4.888984e+01 -3.244636e+01
    endloop
  endfacet
  facet normal -8.171064e-01 -3.373142e-01 -4.675000e-01
    outer loop
      vertex   -5.255593e+01 4.888984e+01 -3.244636e+01
      vertex   -5.137885e+01 4.894157e+01 -3.454101e+01
      vertex   -5.139357e+01 4.884917e+01 -3.444861e+01
    endloop
  endfacet
  facet normal -7.875064e-01 -4.226179e-01 -4.485841e-01
    outer loop
      vertex   -5.255593e+01 4.888984e+01 -3.244636e+01
      vertex   -5.139357e+01 4.884917e+01 -3.444861e+01
      vertex   -5.249197e+01 4.873186e+01 -3.240981e+01
    endloop
  endfacet
  facet normal -7.856485e-01 -4.268575e-01 -4.478271e-01
    outer loop
      vertex   -5.249197e+01 4.873186e+01 -3.240981e+01
      vertex   -5.139357e+01 4.884917e+01 -3.444861e+01
      vertex   -5.139594e+01 4.876046e+01 -3.435990e+01
    endloop
  endfacet
  facet normal -7.443271e-01 -5.143905e-01 -4.258867e-01
    outer loop
      vertex   -5.249197e+01 4.873186e+01 -3.240981e+01
      vertex   -5.139594e+01 4.876046e+01 -3.435990e+01
      vertex   -5.138593e+01 4.867629e+01 -3.427573e+01
    endloop
  endfacet
  facet normal -7.120382e-01 -5.735757e-01 -4.049846e-01
    outer loop
      vertex   -5.249197e+01 4.873186e+01 -3.240981e+01
      vertex   -5.138593e+01 4.867629e+01 -3.427573e+01
      vertex   -5.240516e+01 4.858907e+01 -3.236020e+01
    endloop
  endfacet
  facet normal -6.976050e-01 -5.955666e-01 -3.983061e-01
    outer loop
      vertex   -5.240516e+01 4.858907e+01 -3.236020e+01
      vertex   -5.138593e+01 4.867629e+01 -3.427573e+01
      vertex   -5.136364e+01 4.859746e+01 -3.419690e+01
    endloop
  endfacet
  facet normal -6.431518e-01 -6.716375e-01 -3.677755e-01
    outer loop
      vertex   -5.240516e+01 4.858907e+01 -3.236020e+01
      vertex   -5.136364e+01 4.859746e+01 -3.419690e+01
      vertex   -5.132928e+01 4.852475e+01 -3.412419e+01
    endloop
  endfacet
  facet normal -6.148537e-01 -7.071056e-01 -3.492229e-01
    outer loop
      vertex   -5.240516e+01 4.858907e+01 -3.236020e+01
      vertex   -5.132928e+01 4.852475e+01 -3.412419e+01
      vertex   -5.229814e+01 4.846581e+01 -3.229905e+01
    endloop
  endfacet
  facet normal -5.829078e-01 -7.410061e-01 -3.333595e-01
    outer loop
      vertex   -5.229814e+01 4.846581e+01 -3.229905e+01
      vertex   -5.132928e+01 4.852475e+01 -3.412419e+01
      vertex   -5.128320e+01 4.845885e+01 -3.405829e+01
    endloop
  endfacet
  facet normal -5.174032e-01 -8.031679e-01 -2.953222e-01
    outer loop
      vertex   -5.229814e+01 4.846581e+01 -3.229905e+01
      vertex   -5.128320e+01 4.845885e+01 -3.405829e+01
      vertex   -5.122582e+01 4.840039e+01 -3.399983e+01
    endloop
  endfacet
  facet normal -4.988841e-01 -8.191508e-01 -2.830312e-01
    outer loop
      vertex   -5.229814e+01 4.846581e+01 -3.229905e+01
      vertex   -5.122582e+01 4.840039e+01 -3.399983e+01
      vertex   -5.217417e+01 4.836583e+01 -3.222821e+01
    endloop
  endfacet
  facet normal -4.460602e-01 -8.577565e-01 -2.555075e-01
    outer loop
      vertex   -5.217417e+01 4.836583e+01 -3.222821e+01
      vertex   -5.122582e+01 4.840039e+01 -3.399983e+01
      vertex   -5.115770e+01 4.834994e+01 -3.394938e+01
    endloop
  endfacet
  facet normal -3.717328e-01 -9.039998e-01 -2.111849e-01
    outer loop
      vertex   -5.217417e+01 4.836583e+01 -3.222821e+01
      vertex   -5.115770e+01 4.834994e+01 -3.394938e+01
      vertex   -5.107950e+01 4.830798e+01 -3.390742e+01
    endloop
  endfacet
  facet normal -3.676425e-01 -9.063069e-01 -2.084390e-01
    outer loop
      vertex   -5.217417e+01 4.836583e+01 -3.222821e+01
      vertex   -5.107950e+01 4.830798e+01 -3.390742e+01
      vertex   -5.203700e+01 4.829216e+01 -3.214983e+01
    endloop
  endfacet
  facet normal -2.922809e-01 -9.415139e-01 -1.677002e-01
    outer loop
      vertex   -5.203700e+01 4.829216e+01 -3.214983e+01
      vertex   -5.107950e+01 4.830798e+01 -3.390742e+01
      vertex   -5.099197e+01 4.827492e+01 -3.387436e+01
    endloop
  endfacet
  facet normal -2.255224e-01 -9.659246e-01 -1.270016e-01
    outer loop
      vertex   -5.203700e+01 4.829216e+01 -3.214983e+01
      vertex   -5.099197e+01 4.827492e+01 -3.387436e+01
      vertex   -5.189081e+01 4.824705e+01 -3.206629e+01
    endloop
  endfacet
  facet normal -2.111350e-01 -9.700736e-01 -1.199132e-01
    outer loop
      vertex   -5.189081e+01 4.824705e+01 -3.206629e+01
      vertex   -5.099197e+01 4.827492e+01 -3.387436e+01
      vertex   -5.089596e+01 4.825107e+01 -3.385051e+01
    endloop
  endfacet
  facet normal -1.273345e-01 -9.891528e-01 -7.323009e-02
    outer loop
      vertex   -5.189081e+01 4.824705e+01 -3.206629e+01
      vertex   -5.089596e+01 4.825107e+01 -3.385051e+01
      vertex   -5.079238e+01 4.823667e+01 -3.383611e+01
    endloop
  endfacet
  facet normal -4.260267e-02 -9.987955e-01 -2.434438e-02
    outer loop
      vertex   -5.068224e+01 4.823186e+01 -3.383130e+01
      vertex   -5.174005e+01 4.823186e+01 -3.198014e+01
      vertex   -5.079238e+01 4.823667e+01 -3.383611e+01
    endloop
  endfacet
  facet normal -7.656504e-02 -9.961931e-01 -4.167891e-02
    outer loop
      vertex   -5.079238e+01 4.823667e+01 -3.383611e+01
      vertex   -5.174005e+01 4.823186e+01 -3.198014e+01
      vertex   -5.189081e+01 4.824705e+01 -3.206629e+01
    endloop
  endfacet
  facet normal -6.076923e-03 -9.999810e-01 1.027464e-03
    outer loop
      vertex   -5.177248e+01 4.823186e+01 -3.189615e+01
      vertex   -5.176545e+01 4.823186e+01 -3.185458e+01
      vertex   -5.178475e+01 4.823193e+01 -3.189689e+01
    endloop
  endfacet
  facet normal -8.826021e-02 -9.953520e-01 3.852894e-02
    outer loop
      vertex   -5.178475e+01 4.823193e+01 -3.189689e+01
      vertex   -5.176545e+01 4.823186e+01 -3.185458e+01
      vertex   -5.194459e+01 4.824705e+01 -3.187247e+01
    endloop
  endfacet
  facet normal -6.894387e-02 -9.849460e-01 1.585183e-01
    outer loop
      vertex   -5.178475e+01 4.823193e+01 -3.189689e+01
      vertex   -5.194459e+01 4.824705e+01 -3.187247e+01
      vertex   -5.188223e+01 4.823781e+01 -3.190279e+01
    endloop
  endfacet
  facet normal -1.552414e-01 -9.877092e-01 -1.818582e-02
    outer loop
      vertex   -5.188223e+01 4.823781e+01 -3.190279e+01
      vertex   -5.194459e+01 4.824705e+01 -3.187247e+01
      vertex   -5.197825e+01 4.825300e+01 -3.190859e+01
    endloop
  endfacet
  facet normal -2.516916e-01 -9.648606e-01 7.546703e-02
    outer loop
      vertex   -5.197825e+01 4.825300e+01 -3.190859e+01
      vertex   -5.194459e+01 4.824705e+01 -3.187247e+01
      vertex   -5.211191e+01 4.829216e+01 -3.185371e+01
    endloop
  endfacet
  facet normal -2.547059e-01 -9.646276e-01 6.795882e-02
    outer loop
      vertex   -5.197825e+01 4.825300e+01 -3.190859e+01
      vertex   -5.211191e+01 4.829216e+01 -3.185371e+01
      vertex   -5.207226e+01 4.827743e+01 -3.191427e+01
    endloop
  endfacet
  facet normal -3.445497e-01 -9.387638e-01 2.843584e-03
    outer loop
      vertex   -5.207226e+01 4.827743e+01 -3.191427e+01
      vertex   -5.211191e+01 4.829216e+01 -3.185371e+01
      vertex   -5.216372e+01 4.831098e+01 -3.191980e+01
    endloop
  endfacet
  facet normal -4.173958e-01 -9.060823e-01 6.925111e-02
    outer loop
      vertex   -5.216372e+01 4.831098e+01 -3.191980e+01
      vertex   -5.211191e+01 4.829216e+01 -3.185371e+01
      vertex   -5.226891e+01 4.836583e+01 -3.183611e+01
    endloop
  endfacet
  facet normal -4.358534e-01 -8.990626e-01 4.145238e-02
    outer loop
      vertex   -5.216372e+01 4.831098e+01 -3.191980e+01
      vertex   -5.226891e+01 4.836583e+01 -3.183611e+01
      vertex   -5.225157e+01 4.835332e+01 -3.192511e+01
    endloop
  endfacet
  facet normal -5.206454e-01 -8.535717e-01 1.853859e-02
    outer loop
      vertex   -5.225157e+01 4.835332e+01 -3.192511e+01
      vertex   -5.226891e+01 4.836583e+01 -3.183611e+01
      vertex   -5.233468e+01 4.840391e+01 -3.193013e+01
    endloop
  endfacet
  facet normal -5.696810e-01 -8.191487e-01 6.677602e-02
    outer loop
      vertex   -5.233468e+01 4.840391e+01 -3.193013e+01
      vertex   -5.226891e+01 4.836583e+01 -3.183611e+01
      vertex   -5.241081e+01 4.846581e+01 -3.182020e+01
    endloop
  endfacet
  facet normal -6.015440e-01 -7.981622e-01 3.289428e-02
    outer loop
      vertex   -5.233468e+01 4.840391e+01 -3.193013e+01
      vertex   -5.241081e+01 4.846581e+01 -3.182020e+01
      vertex   -5.241248e+01 4.846234e+01 -3.193484e+01
    endloop
  endfacet
  facet normal -6.763604e-01 -7.358712e-01 3.209701e-02
    outer loop
      vertex   -5.241248e+01 4.846234e+01 -3.193484e+01
      vertex   -5.241081e+01 4.846581e+01 -3.182020e+01
      vertex   -5.248438e+01 4.852825e+01 -3.193918e+01
    endloop
  endfacet
  facet normal -7.042358e-01 -7.070333e-01 6.446564e-02
    outer loop
      vertex   -5.248438e+01 4.852825e+01 -3.193918e+01
      vertex   -5.241081e+01 4.846581e+01 -3.182020e+01
      vertex   -5.253330e+01 4.858907e+01 -3.180646e+01
    endloop
  endfacet
  facet normal -7.448261e-01 -6.665405e-01 3.095049e-02
    outer loop
      vertex   -5.248438e+01 4.852825e+01 -3.193918e+01
      vertex   -5.253330e+01 4.858907e+01 -3.180646e+01
      vertex   -5.254955e+01 4.860088e+01 -3.194312e+01
    endloop
  endfacet
  facet normal -8.060050e-01 -5.902094e-01 4.482034e-02
    outer loop
      vertex   -5.254955e+01 4.860088e+01 -3.194312e+01
      vertex   -5.253330e+01 4.858907e+01 -3.180646e+01
      vertex   -5.260719e+01 4.867934e+01 -3.194661e+01
    endloop
  endfacet
  facet normal -8.170199e-01 -5.733196e-01 6.150686e-02
    outer loop
      vertex   -5.260719e+01 4.867934e+01 -3.194661e+01
      vertex   -5.253330e+01 4.858907e+01 -3.180646e+01
      vertex   -5.263266e+01 4.873186e+01 -3.179532e+01
    endloop
  endfacet
  facet normal -8.597017e-01 -5.097765e-01 3.226391e-02
    outer loop
      vertex   -5.260719e+01 4.867934e+01 -3.194661e+01
      vertex   -5.263266e+01 4.873186e+01 -3.179532e+01
      vertex   -5.265694e+01 4.876304e+01 -3.194961e+01
    endloop
  endfacet
  facet normal -9.044541e-01 -4.227597e-01 5.689425e-02
    outer loop
      vertex   -5.265694e+01 4.876304e+01 -3.194961e+01
      vertex   -5.263266e+01 4.873186e+01 -3.179532e+01
      vertex   -5.269840e+01 4.885141e+01 -3.195212e+01
    endloop
  endfacet
  facet normal -9.046771e-01 -4.222133e-01 5.740435e-02
    outer loop
      vertex   -5.269840e+01 4.885141e+01 -3.195212e+01
      vertex   -5.263266e+01 4.873186e+01 -3.179532e+01
      vertex   -5.270586e+01 4.888984e+01 -3.178711e+01
    endloop
  endfacet
  facet normal -9.420478e-01 -3.336387e-01 3.508686e-02
    outer loop
      vertex   -5.269840e+01 4.885141e+01 -3.195212e+01
      vertex   -5.270586e+01 4.888984e+01 -3.178711e+01
      vertex   -5.273106e+01 4.894342e+01 -3.195409e+01
    endloop
  endfacet
  facet normal -9.639738e-01 -2.585531e-01 6.248785e-02
    outer loop
      vertex   -5.273106e+01 4.894342e+01 -3.195409e+01
      vertex   -5.270586e+01 4.888984e+01 -3.178711e+01
      vertex   -5.275070e+01 4.905821e+01 -3.178208e+01
    endloop
  endfacet
  facet normal -9.694546e-01 -2.402002e-01 4.961427e-02
    outer loop
      vertex   -5.273106e+01 4.894342e+01 -3.195409e+01
      vertex   -5.275070e+01 4.905821e+01 -3.178208e+01
      vertex   -5.275456e+01 4.903795e+01 -3.195551e+01
    endloop
  endfacet
  facet normal -9.886236e-01 -1.452792e-01 3.895310e-02
    outer loop
      vertex   -5.275456e+01 4.903795e+01 -3.195551e+01
      vertex   -5.275070e+01 4.905821e+01 -3.178208e+01
      vertex   -5.276875e+01 4.913433e+01 -3.195637e+01
    endloop
  endfacet
  facet normal -9.940837e-01 -8.706253e-02 6.494360e-02
    outer loop
      vertex   -5.276875e+01 4.913433e+01 -3.195637e+01
      vertex   -5.275070e+01 4.905821e+01 -3.178208e+01
      vertex   -5.276580e+01 4.923186e+01 -3.178039e+01
    endloop
  endfacet
  facet normal -9.978628e-01 -4.859349e-02 4.368720e-02
    outer loop
      vertex   -5.276875e+01 4.913433e+01 -3.195637e+01
      vertex   -5.276580e+01 4.923186e+01 -3.178039e+01
      vertex   -5.277351e+01 4.923186e+01 -3.195666e+01
    endloop
  endfacet
  facet normal -8.604093e-02 -9.961692e-01 1.561945e-02
    outer loop
      vertex   -5.194459e+01 4.824705e+01 -3.187247e+01
      vertex   -5.176545e+01 4.823186e+01 -3.185458e+01
      vertex   -5.193311e+01 4.824705e+01 -3.180922e+01
    endloop
  endfacet
  facet normal -8.311181e-02 -9.961890e-01 2.645391e-02
    outer loop
      vertex   -5.193311e+01 4.824705e+01 -3.180922e+01
      vertex   -5.176545e+01 4.823186e+01 -3.185458e+01
      vertex   -5.175266e+01 4.823186e+01 -3.181440e+01
    endloop
  endfacet
  facet normal -8.309156e-02 -9.961730e-01 2.711267e-02
    outer loop
      vertex   -5.193311e+01 4.824705e+01 -3.180922e+01
      vertex   -5.175266e+01 4.823186e+01 -3.181440e+01
      vertex   -5.191317e+01 4.824705e+01 -3.174811e+01
    endloop
  endfacet
  facet normal -7.864709e-02 -9.961827e-01 3.787603e-02
    outer loop
      vertex   -5.191317e+01 4.824705e+01 -3.174811e+01
      vertex   -5.175266e+01 4.823186e+01 -3.181440e+01
      vertex   -5.173437e+01 4.823186e+01 -3.177641e+01
    endloop
  endfacet
  facet normal -7.861218e-02 -9.961772e-01 3.809361e-02
    outer loop
      vertex   -5.191317e+01 4.824705e+01 -3.174811e+01
      vertex   -5.173437e+01 4.823186e+01 -3.177641e+01
      vertex   -5.188513e+01 4.824705e+01 -3.169026e+01
    endloop
  endfacet
  facet normal -2.334159e-01 -9.657762e-01 1.131078e-01
    outer loop
      vertex   -5.188513e+01 4.824705e+01 -3.169026e+01
      vertex   -5.203132e+01 4.829216e+01 -3.160672e+01
      vertex   -5.191317e+01 4.824705e+01 -3.174811e+01
    endloop
  endfacet
  facet normal -2.334159e-01 -9.657762e-01 1.131078e-01
    outer loop
      vertex   -5.191317e+01 4.824705e+01 -3.174811e+01
      vertex   -5.203132e+01 4.829216e+01 -3.160672e+01
      vertex   -5.206932e+01 4.829216e+01 -3.168514e+01
    endloop
  endfacet
  facet normal -2.465819e-01 -9.657762e-01 8.045938e-02
    outer loop
      vertex   -5.191317e+01 4.824705e+01 -3.174811e+01
      vertex   -5.206932e+01 4.829216e+01 -3.168514e+01
      vertex   -5.193311e+01 4.824705e+01 -3.180922e+01
    endloop
  endfacet
  facet normal -2.465819e-01 -9.657762e-01 8.045938e-02
    outer loop
      vertex   -5.193311e+01 4.824705e+01 -3.180922e+01
      vertex   -5.206932e+01 4.829216e+01 -3.168514e+01
      vertex   -5.209635e+01 4.829216e+01 -3.176798e+01
    endloop
  endfacet
  facet normal -2.552058e-01 -9.657762e-01 4.632882e-02
    outer loop
      vertex   -5.193311e+01 4.824705e+01 -3.180922e+01
      vertex   -5.209635e+01 4.829216e+01 -3.176798e+01
      vertex   -5.194459e+01 4.824705e+01 -3.187247e+01
    endloop
  endfacet
  facet normal -2.552058e-01 -9.657762e-01 4.632882e-02
    outer loop
      vertex   -5.194459e+01 4.824705e+01 -3.187247e+01
      vertex   -5.209635e+01 4.829216e+01 -3.176798e+01
      vertex   -5.211191e+01 4.829216e+01 -3.185371e+01
    endloop
  endfacet
  facet normal -3.810398e-01 -9.059336e-01 1.846429e-01
    outer loop
      vertex   -5.203132e+01 4.829216e+01 -3.160672e+01
      vertex   -5.216849e+01 4.836583e+01 -3.152834e+01
      vertex   -5.206932e+01 4.829216e+01 -3.168514e+01
    endloop
  endfacet
  facet normal -3.810398e-01 -9.059336e-01 1.846429e-01
    outer loop
      vertex   -5.206932e+01 4.829216e+01 -3.168514e+01
      vertex   -5.216849e+01 4.836583e+01 -3.152834e+01
      vertex   -5.221584e+01 4.836583e+01 -3.162605e+01
    endloop
  endfacet
  facet normal -4.025327e-01 -9.059336e-01 1.313459e-01
    outer loop
      vertex   -5.206932e+01 4.829216e+01 -3.168514e+01
      vertex   -5.221584e+01 4.836583e+01 -3.162605e+01
      vertex   -5.209635e+01 4.829216e+01 -3.176798e+01
    endloop
  endfacet
  facet normal -4.025327e-01 -9.059336e-01 1.313459e-01
    outer loop
      vertex   -5.209635e+01 4.829216e+01 -3.176798e+01
      vertex   -5.221584e+01 4.836583e+01 -3.162605e+01
      vertex   -5.224952e+01 4.836583e+01 -3.172928e+01
    endloop
  endfacet
  facet normal -4.166108e-01 -9.059336e-01 7.562949e-02
    outer loop
      vertex   -5.209635e+01 4.829216e+01 -3.176798e+01
      vertex   -5.224952e+01 4.836583e+01 -3.172928e+01
      vertex   -5.211191e+01 4.829216e+01 -3.185371e+01
    endloop
  endfacet
  facet normal -4.166108e-01 -9.059336e-01 7.562949e-02
    outer loop
      vertex   -5.211191e+01 4.829216e+01 -3.185371e+01
      vertex   -5.224952e+01 4.836583e+01 -3.172928e+01
      vertex   -5.226891e+01 4.836583e+01 -3.183611e+01
    endloop
  endfacet
  facet normal -5.169666e-01 -8.185294e-01 2.505098e-01
    outer loop
      vertex   -5.216849e+01 4.836583e+01 -3.152834e+01
      vertex   -5.229246e+01 4.846581e+01 -3.145750e+01
      vertex   -5.221584e+01 4.836583e+01 -3.162605e+01
    endloop
  endfacet
  facet normal -5.169666e-01 -8.185294e-01 2.505098e-01
    outer loop
      vertex   -5.221584e+01 4.836583e+01 -3.162605e+01
      vertex   -5.229246e+01 4.846581e+01 -3.145750e+01
      vertex   -5.234826e+01 4.846581e+01 -3.157265e+01
    endloop
  endfacet
  facet normal -5.461266e-01 -8.185294e-01 1.782004e-01
    outer loop
      vertex   -5.221584e+01 4.836583e+01 -3.162605e+01
      vertex   -5.234826e+01 4.846581e+01 -3.157265e+01
      vertex   -5.224952e+01 4.836583e+01 -3.172928e+01
    endloop
  endfacet
  facet normal -5.461266e-01 -8.185294e-01 1.782004e-01
    outer loop
      vertex   -5.224952e+01 4.836583e+01 -3.172928e+01
      vertex   -5.234826e+01 4.846581e+01 -3.157265e+01
      vertex   -5.238795e+01 4.846581e+01 -3.169430e+01
    endloop
  endfacet
  facet normal -5.652267e-01 -8.185294e-01 1.026085e-01
    outer loop
      vertex   -5.224952e+01 4.836583e+01 -3.172928e+01
      vertex   -5.238795e+01 4.846581e+01 -3.169430e+01
      vertex   -5.226891e+01 4.836583e+01 -3.183611e+01
    endloop
  endfacet
  facet normal -5.652267e-01 -8.185294e-01 1.026085e-01
    outer loop
      vertex   -5.226891e+01 4.836583e+01 -3.183611e+01
      vertex   -5.238795e+01 4.846581e+01 -3.169430e+01
      vertex   -5.241081e+01 4.846581e+01 -3.182020e+01
    endloop
  endfacet
  facet normal -6.370665e-01 -7.062904e-01 3.087074e-01
    outer loop
      vertex   -5.229246e+01 4.846581e+01 -3.145750e+01
      vertex   -5.239948e+01 4.858907e+01 -3.139635e+01
      vertex   -5.234826e+01 4.846581e+01 -3.157265e+01
    endloop
  endfacet
  facet normal -6.370665e-01 -7.062904e-01 3.087074e-01
    outer loop
      vertex   -5.234826e+01 4.846581e+01 -3.157265e+01
      vertex   -5.239948e+01 4.858907e+01 -3.139635e+01
      vertex   -5.246257e+01 4.858907e+01 -3.152655e+01
    endloop
  endfacet
  facet normal -6.730008e-01 -7.062904e-01 2.195993e-01
    outer loop
      vertex   -5.234826e+01 4.846581e+01 -3.157265e+01
      vertex   -5.246257e+01 4.858907e+01 -3.152655e+01
      vertex   -5.238795e+01 4.846581e+01 -3.169430e+01
    endloop
  endfacet
  facet normal -6.730008e-01 -7.062904e-01 2.195993e-01
    outer loop
      vertex   -5.238795e+01 4.846581e+01 -3.169430e+01
      vertex   -5.246257e+01 4.858907e+01 -3.152655e+01
      vertex   -5.250745e+01 4.858907e+01 -3.166410e+01
    endloop
  endfacet
  facet normal -6.965381e-01 -7.062904e-01 1.264461e-01
    outer loop
      vertex   -5.238795e+01 4.846581e+01 -3.169430e+01
      vertex   -5.250745e+01 4.858907e+01 -3.166410e+01
      vertex   -5.241081e+01 4.846581e+01 -3.182020e+01
    endloop
  endfacet
  facet normal -6.965381e-01 -7.062904e-01 1.264461e-01
    outer loop
      vertex   -5.241081e+01 4.846581e+01 -3.182020e+01
      vertex   -5.250745e+01 4.858907e+01 -3.166410e+01
      vertex   -5.253330e+01 4.858907e+01 -3.180646e+01
    endloop
  endfacet
  facet normal -7.377223e-01 -5.726882e-01 3.574828e-01
    outer loop
      vertex   -5.239948e+01 4.858907e+01 -3.139635e+01
      vertex   -5.248629e+01 4.873186e+01 -3.134674e+01
      vertex   -5.246257e+01 4.858907e+01 -3.152655e+01
    endloop
  endfacet
  facet normal -7.377223e-01 -5.726882e-01 3.574828e-01
    outer loop
      vertex   -5.246257e+01 4.858907e+01 -3.152655e+01
      vertex   -5.248629e+01 4.873186e+01 -3.134674e+01
      vertex   -5.255530e+01 4.873186e+01 -3.148916e+01
    endloop
  endfacet
  facet normal -7.793342e-01 -5.726882e-01 2.542958e-01
    outer loop
      vertex   -5.246257e+01 4.858907e+01 -3.152655e+01
      vertex   -5.255530e+01 4.873186e+01 -3.148916e+01
      vertex   -5.250745e+01 4.858907e+01 -3.166410e+01
    endloop
  endfacet
  facet normal -7.793342e-01 -5.726882e-01 2.542958e-01
    outer loop
      vertex   -5.250745e+01 4.858907e+01 -3.166410e+01
      vertex   -5.255530e+01 4.873186e+01 -3.148916e+01
      vertex   -5.260439e+01 4.873186e+01 -3.163961e+01
    endloop
  endfacet
  facet normal -8.065904e-01 -5.726882e-01 1.464245e-01
    outer loop
      vertex   -5.250745e+01 4.858907e+01 -3.166410e+01
      vertex   -5.260439e+01 4.873186e+01 -3.163961e+01
      vertex   -5.253330e+01 4.858907e+01 -3.180646e+01
    endloop
  endfacet
  facet normal -8.065904e-01 -5.726882e-01 1.464245e-01
    outer loop
      vertex   -5.253330e+01 4.858907e+01 -3.180646e+01
      vertex   -5.260439e+01 4.873186e+01 -3.163961e+01
      vertex   -5.263266e+01 4.873186e+01 -3.179532e+01
    endloop
  endfacet
  facet normal -8.159312e-01 -4.218175e-01 3.953810e-01
    outer loop
      vertex   -5.248629e+01 4.873186e+01 -3.134674e+01
      vertex   -5.255025e+01 4.888984e+01 -3.131019e+01
      vertex   -5.255530e+01 4.873186e+01 -3.148916e+01
    endloop
  endfacet
  facet normal -8.159312e-01 -4.218175e-01 3.953810e-01
    outer loop
      vertex   -5.255530e+01 4.873186e+01 -3.148916e+01
      vertex   -5.255025e+01 4.888984e+01 -3.131019e+01
      vertex   -5.262362e+01 4.888984e+01 -3.146161e+01
    endloop
  endfacet
  facet normal -8.619546e-01 -4.218175e-01 2.812547e-01
    outer loop
      vertex   -5.255530e+01 4.873186e+01 -3.148916e+01
      vertex   -5.262362e+01 4.888984e+01 -3.146161e+01
      vertex   -5.260439e+01 4.873186e+01 -3.163961e+01
    endloop
  endfacet
  facet normal -8.619546e-01 -4.218175e-01 2.812547e-01
    outer loop
      vertex   -5.260439e+01 4.873186e+01 -3.163961e+01
      vertex   -5.262362e+01 4.888984e+01 -3.146161e+01
      vertex   -5.267581e+01 4.888984e+01 -3.162156e+01
    endloop
  endfacet
  facet normal -8.921003e-01 -4.218175e-01 1.619475e-01
    outer loop
      vertex   -5.260439e+01 4.873186e+01 -3.163961e+01
      vertex   -5.267581e+01 4.888984e+01 -3.162156e+01
      vertex   -5.263266e+01 4.873186e+01 -3.179532e+01
    endloop
  endfacet
  facet normal -8.921003e-01 -4.218175e-01 1.619475e-01
    outer loop
      vertex   -5.263266e+01 4.873186e+01 -3.179532e+01
      vertex   -5.267581e+01 4.888984e+01 -3.162156e+01
      vertex   -5.270586e+01 4.888984e+01 -3.178711e+01
    endloop
  endfacet
  facet normal -8.693806e-01 -2.582622e-01 4.212813e-01
    outer loop
      vertex   -5.255025e+01 4.888984e+01 -3.131019e+01
      vertex   -5.258942e+01 4.905821e+01 -3.128781e+01
      vertex   -5.262362e+01 4.888984e+01 -3.146161e+01
    endloop
  endfacet
  facet normal -8.693806e-01 -2.582622e-01 4.212813e-01
    outer loop
      vertex   -5.262362e+01 4.888984e+01 -3.146161e+01
      vertex   -5.258942e+01 4.905821e+01 -3.128781e+01
      vertex   -5.266546e+01 4.905821e+01 -3.144474e+01
    endloop
  endfacet
  facet normal -9.184188e-01 -2.582622e-01 2.996789e-01
    outer loop
      vertex   -5.262362e+01 4.888984e+01 -3.146161e+01
      vertex   -5.266546e+01 4.905821e+01 -3.144474e+01
      vertex   -5.267581e+01 4.888984e+01 -3.162156e+01
    endloop
  endfacet
  facet normal -9.184188e-01 -2.582622e-01 2.996789e-01
    outer loop
      vertex   -5.267581e+01 4.888984e+01 -3.162156e+01
      vertex   -5.266546e+01 4.905821e+01 -3.144474e+01
      vertex   -5.271955e+01 4.905821e+01 -3.161051e+01
    endloop
  endfacet
  facet normal -9.505393e-01 -2.582622e-01 1.725563e-01
    outer loop
      vertex   -5.267581e+01 4.888984e+01 -3.162156e+01
      vertex   -5.271955e+01 4.905821e+01 -3.161051e+01
      vertex   -5.270586e+01 4.888984e+01 -3.178711e+01
    endloop
  endfacet
  facet normal -9.505393e-01 -2.582622e-01 1.725563e-01
    outer loop
      vertex   -5.270586e+01 4.888984e+01 -3.178711e+01
      vertex   -5.271955e+01 4.905821e+01 -3.161051e+01
      vertex   -5.275070e+01 4.905821e+01 -3.178208e+01
    endloop
  endfacet
  facet normal -8.965014e-01 -8.695635e-02 4.344235e-01
    outer loop
      vertex   -5.258942e+01 4.905821e+01 -3.128781e+01
      vertex   -5.260261e+01 4.923186e+01 -3.128027e+01
      vertex   -5.266546e+01 4.905821e+01 -3.144474e+01
    endloop
  endfacet
  facet normal -8.965014e-01 -8.695635e-02 4.344235e-01
    outer loop
      vertex   -5.266546e+01 4.905821e+01 -3.144474e+01
      vertex   -5.260261e+01 4.923186e+01 -3.128027e+01
      vertex   -5.267955e+01 4.923186e+01 -3.143905e+01
    endloop
  endfacet
  facet normal -9.470694e-01 -8.695635e-02 3.090276e-01
    outer loop
      vertex   -5.266546e+01 4.905821e+01 -3.144474e+01
      vertex   -5.267955e+01 4.923186e+01 -3.143905e+01
      vertex   -5.271955e+01 4.905821e+01 -3.161051e+01
    endloop
  endfacet
  facet normal -9.470694e-01 -8.695635e-02 3.090276e-01
    outer loop
      vertex   -5.271955e+01 4.905821e+01 -3.161051e+01
      vertex   -5.267955e+01 4.923186e+01 -3.143905e+01
      vertex   -5.273428e+01 4.923186e+01 -3.160679e+01
    endloop
  endfacet
  facet normal -9.801919e-01 -8.695635e-02 1.779393e-01
    outer loop
      vertex   -5.271955e+01 4.905821e+01 -3.161051e+01
      vertex   -5.273428e+01 4.923186e+01 -3.160679e+01
      vertex   -5.275070e+01 4.905821e+01 -3.178208e+01
    endloop
  endfacet
  facet normal -9.801919e-01 -8.695635e-02 1.779393e-01
    outer loop
      vertex   -5.275070e+01 4.905821e+01 -3.178208e+01
      vertex   -5.273428e+01 4.923186e+01 -3.160679e+01
      vertex   -5.276580e+01 4.923186e+01 -3.178039e+01
    endloop
  endfacet
  facet normal -8.682431e-01 0.000000e+00 4.961389e-01
    outer loop
      vertex   -5.062564e+01 4.951771e+01 -2.782059e+01
      vertex   -5.260261e+01 4.951771e+01 -3.128027e+01
      vertex   -5.062564e+01 4.923186e+01 -2.782059e+01
    endloop
  endfacet
  facet normal -8.682431e-01 0.000000e+00 4.961389e-01
    outer loop
      vertex   -5.062564e+01 4.923186e+01 -2.782059e+01
      vertex   -5.260261e+01 4.951771e+01 -3.128027e+01
      vertex   -5.260261e+01 4.923186e+01 -3.128027e+01
    endloop
  endfacet
  facet normal 2.440587e-14 -7.071068e-01 -7.071068e-01
    outer loop
      vertex   -4.832564e+01 4.473186e+01 -3.033130e+01
      vertex   -5.063132e+01 4.823186e+01 -3.383130e+01
      vertex   -4.832564e+01 4.973186e+01 -3.533130e+01
    endloop
  endfacet
  facet normal 2.112314e-14 -7.071068e-01 -7.071068e-01
    outer loop
      vertex   -4.832564e+01 4.973186e+01 -3.533130e+01
      vertex   -5.063132e+01 4.823186e+01 -3.383130e+01
      vertex   -5.137885e+01 4.894157e+01 -3.454101e+01
    endloop
  endfacet
  facet normal 8.451931e-15 -7.071068e-01 -7.071068e-01
    outer loop
      vertex   -4.832564e+01 4.973186e+01 -3.533130e+01
      vertex   -5.137885e+01 4.894157e+01 -3.454101e+01
      vertex   -5.135191e+01 4.903677e+01 -3.463621e+01
    endloop
  endfacet
  facet normal 2.179096e-14 -7.071068e-01 -7.071068e-01
    outer loop
      vertex   -4.832564e+01 4.473186e+01 -3.033130e+01
      vertex   -5.063132e+01 4.473186e+01 -3.033130e+01
      vertex   -5.063132e+01 4.823186e+01 -3.383130e+01
    endloop
  endfacet
  facet normal -0.000000e+00 -7.071068e-01 -7.071068e-01
    outer loop
      vertex   -5.063132e+01 4.823186e+01 -3.383130e+01
      vertex   -5.068224e+01 4.823186e+01 -3.383130e+01
      vertex   -5.137885e+01 4.894157e+01 -3.454101e+01
    endloop
  endfacet
  facet normal 9.444035e-14 -7.071068e-01 -7.071068e-01
    outer loop
      vertex   -5.137885e+01 4.894157e+01 -3.454101e+01
      vertex   -5.068224e+01 4.823186e+01 -3.383130e+01
      vertex   -5.079238e+01 4.823667e+01 -3.383611e+01
    endloop
  endfacet
  facet normal 5.410685e-14 -7.071068e-01 -7.071068e-01
    outer loop
      vertex   -5.137885e+01 4.894157e+01 -3.454101e+01
      vertex   -5.079238e+01 4.823667e+01 -3.383611e+01
      vertex   -5.089596e+01 4.825107e+01 -3.385051e+01
    endloop
  endfacet
  facet normal -6.332046e-14 -7.071068e-01 -7.071068e-01
    outer loop
      vertex   -5.089596e+01 4.825107e+01 -3.385051e+01
      vertex   -5.099197e+01 4.827492e+01 -3.387436e+01
      vertex   -5.137885e+01 4.894157e+01 -3.454101e+01
    endloop
  endfacet
  facet normal -3.446136e-15 -7.071068e-01 -7.071068e-01
    outer loop
      vertex   -5.137885e+01 4.894157e+01 -3.454101e+01
      vertex   -5.099197e+01 4.827492e+01 -3.387436e+01
      vertex   -5.107950e+01 4.830798e+01 -3.390742e+01
    endloop
  endfacet
  facet normal 1.666169e-13 -7.071068e-01 -7.071068e-01
    outer loop
      vertex   -5.137885e+01 4.894157e+01 -3.454101e+01
      vertex   -5.107950e+01 4.830798e+01 -3.390742e+01
      vertex   -5.115770e+01 4.834994e+01 -3.394938e+01
    endloop
  endfacet
  facet normal -9.327029e-14 -7.071068e-01 -7.071068e-01
    outer loop
      vertex   -5.115770e+01 4.834994e+01 -3.394938e+01
      vertex   -5.122582e+01 4.840039e+01 -3.399983e+01
      vertex   -5.137885e+01 4.894157e+01 -3.454101e+01
    endloop
  endfacet
  facet normal 0.000000e+00 -7.071068e-01 -7.071068e-01
    outer loop
      vertex   -5.137885e+01 4.894157e+01 -3.454101e+01
      vertex   -5.122582e+01 4.840039e+01 -3.399983e+01
      vertex   -5.139357e+01 4.884917e+01 -3.444861e+01
    endloop
  endfacet
  facet normal 1.415546e-13 -7.071068e-01 -7.071068e-01
    outer loop
      vertex   -5.139357e+01 4.884917e+01 -3.444861e+01
      vertex   -5.122582e+01 4.840039e+01 -3.399983e+01
      vertex   -5.128320e+01 4.845885e+01 -3.405829e+01
    endloop
  endfacet
  facet normal 3.113605e-14 -7.071068e-01 -7.071068e-01
    outer loop
      vertex   -5.139357e+01 4.884917e+01 -3.444861e+01
      vertex   -5.128320e+01 4.845885e+01 -3.405829e+01
      vertex   -5.132928e+01 4.852475e+01 -3.412419e+01
    endloop
  endfacet
  facet normal -1.956252e-13 -7.071068e-01 -7.071068e-01
    outer loop
      vertex   -5.132928e+01 4.852475e+01 -3.412419e+01
      vertex   -5.136364e+01 4.859746e+01 -3.419690e+01
      vertex   -5.139357e+01 4.884917e+01 -3.444861e+01
    endloop
  endfacet
  facet normal 3.886118e-13 -7.071068e-01 -7.071068e-01
    outer loop
      vertex   -5.139357e+01 4.884917e+01 -3.444861e+01
      vertex   -5.136364e+01 4.859746e+01 -3.419690e+01
      vertex   -5.139594e+01 4.876046e+01 -3.435990e+01
    endloop
  endfacet
  facet normal -1.116963e-12 -7.071068e-01 -7.071068e-01
    outer loop
      vertex   -5.139594e+01 4.876046e+01 -3.435990e+01
      vertex   -5.136364e+01 4.859746e+01 -3.419690e+01
      vertex   -5.138593e+01 4.867629e+01 -3.427573e+01
    endloop
  endfacet
  facet normal 3.502301e-14 -7.071068e-01 -7.071068e-01
    outer loop
      vertex   -5.135191e+01 4.903677e+01 -3.463621e+01
      vertex   -5.131303e+01 4.913384e+01 -3.473328e+01
      vertex   -4.832564e+01 4.973186e+01 -3.533130e+01
    endloop
  endfacet
  facet normal -1.001348e-14 -7.071068e-01 -7.071068e-01
    outer loop
      vertex   -4.832564e+01 4.973186e+01 -3.533130e+01
      vertex   -5.131303e+01 4.913384e+01 -3.473328e+01
      vertex   -5.126256e+01 4.923186e+01 -3.483130e+01
    endloop
  endfacet
  facet normal -4.451239e-13 -7.071068e-01 -7.071068e-01
    outer loop
      vertex   -4.832564e+01 4.973186e+01 -3.533130e+01
      vertex   -5.126256e+01 4.923186e+01 -3.483130e+01
      vertex   -5.109922e+01 4.951771e+01 -3.511715e+01
    endloop
  endfacet
  facet normal -2.324564e-13 -7.071068e-01 -7.071068e-01
    outer loop
      vertex   -5.109922e+01 4.951771e+01 -3.511715e+01
      vertex   -5.103098e+01 4.962541e+01 -3.522485e+01
      vertex   -4.832564e+01 4.973186e+01 -3.533130e+01
    endloop
  endfacet
  facet normal 1.914392e-14 -7.071068e-01 -7.071068e-01
    outer loop
      vertex   -4.832564e+01 4.973186e+01 -3.533130e+01
      vertex   -5.103098e+01 4.962541e+01 -3.522485e+01
      vertex   -5.095013e+01 4.973186e+01 -3.533130e+01
    endloop
  endfacet
  facet normal -5.678582e-02 -9.978589e-01 3.244904e-02
    outer loop
      vertex   -5.063132e+01 4.823186e+01 -2.984609e+01
      vertex   -5.063132e+01 4.824041e+01 -2.958300e+01
      vertex   -5.173437e+01 4.823186e+01 -3.177641e+01
    endloop
  endfacet
  facet normal -7.624978e-02 -9.961940e-01 4.223077e-02
    outer loop
      vertex   -5.173437e+01 4.823186e+01 -3.177641e+01
      vertex   -5.063132e+01 4.824041e+01 -2.958300e+01
      vertex   -5.188513e+01 4.824705e+01 -3.169026e+01
    endloop
  endfacet
  facet normal -1.679110e-01 -9.810364e-01 9.681669e-02
    outer loop
      vertex   -5.188513e+01 4.824705e+01 -3.169026e+01
      vertex   -5.063132e+01 4.824041e+01 -2.958300e+01
      vertex   -5.063132e+01 4.826593e+01 -2.932442e+01
    endloop
  endfacet
  facet normal -2.254231e-01 -9.659248e-01 1.271755e-01
    outer loop
      vertex   -5.188513e+01 4.824705e+01 -3.169026e+01
      vertex   -5.063132e+01 4.826593e+01 -2.932442e+01
      vertex   -5.203132e+01 4.829216e+01 -3.160672e+01
    endloop
  endfacet
  facet normal -2.778334e-01 -9.472887e-01 1.595390e-01
    outer loop
      vertex   -5.203132e+01 4.829216e+01 -3.160672e+01
      vertex   -5.063132e+01 4.826593e+01 -2.932442e+01
      vertex   -5.063132e+01 4.830798e+01 -2.907477e+01
    endloop
  endfacet
  facet normal -3.674246e-01 -9.063073e-01 2.088209e-01
    outer loop
      vertex   -5.203132e+01 4.829216e+01 -3.160672e+01
      vertex   -5.063132e+01 4.830798e+01 -2.907477e+01
      vertex   -5.216849e+01 4.836583e+01 -3.152834e+01
    endloop
  endfacet
  facet normal -3.840141e-01 -8.968727e-01 2.194366e-01
    outer loop
      vertex   -5.216849e+01 4.836583e+01 -3.152834e+01
      vertex   -5.063132e+01 4.830798e+01 -2.907477e+01
      vertex   -5.063132e+01 4.836583e+01 -2.883831e+01
    endloop
  endfacet
  facet normal -4.823700e-01 -8.314696e-01 2.756400e-01
    outer loop
      vertex   -5.216849e+01 4.836583e+01 -3.152834e+01
      vertex   -5.063132e+01 4.836583e+01 -2.883831e+01
      vertex   -5.063132e+01 4.843850e+01 -2.861909e+01
    endloop
  endfacet
  facet normal -4.984341e-01 -8.191517e-01 2.838201e-01
    outer loop
      vertex   -5.216849e+01 4.836583e+01 -3.152834e+01
      vertex   -5.063132e+01 4.843850e+01 -2.861909e+01
      vertex   -5.229246e+01 4.846581e+01 -3.145750e+01
    endloop
  endfacet
  facet normal -5.717015e-01 -7.523329e-01 3.273417e-01
    outer loop
      vertex   -5.229246e+01 4.846581e+01 -3.145750e+01
      vertex   -5.063132e+01 4.843850e+01 -2.861909e+01
      vertex   -5.063132e+01 4.852475e+01 -2.842087e+01
    endloop
  endfacet
  facet normal -6.144858e-01 -7.071064e-01 3.498683e-01
    outer loop
      vertex   -5.229246e+01 4.846581e+01 -3.145750e+01
      vertex   -5.063132e+01 4.852475e+01 -2.842087e+01
      vertex   -5.239948e+01 4.858907e+01 -3.139635e+01
    endloop
  endfacet
  facet normal -6.521614e-01 -6.598092e-01 3.732791e-01
    outer loop
      vertex   -5.239948e+01 4.858907e+01 -3.139635e+01
      vertex   -5.063132e+01 4.852475e+01 -2.842087e+01
      vertex   -5.063132e+01 4.862310e+01 -2.824703e+01
    endloop
  endfacet
  facet normal -7.116149e-01 -5.735763e-01 4.057271e-01
    outer loop
      vertex   -5.239948e+01 4.858907e+01 -3.139635e+01
      vertex   -5.063132e+01 4.862310e+01 -2.824703e+01
      vertex   -5.248629e+01 4.873186e+01 -3.134674e+01
    endloop
  endfacet
  facet normal -7.219178e-01 -5.555702e-01 4.125245e-01
    outer loop
      vertex   -5.248629e+01 4.873186e+01 -3.134674e+01
      vertex   -5.063132e+01 4.862310e+01 -2.824703e+01
      vertex   -5.063132e+01 4.873186e+01 -2.810056e+01
    endloop
  endfacet
  facet normal -7.787036e-01 -4.422887e-01 4.449735e-01
    outer loop
      vertex   -5.248629e+01 4.873186e+01 -3.134674e+01
      vertex   -5.063132e+01 4.873186e+01 -2.810056e+01
      vertex   -5.062564e+01 4.884917e+01 -2.797401e+01
    endloop
  endfacet
  facet normal -7.787036e-01 -4.422887e-01 4.449735e-01
    outer loop
      vertex   -5.062564e+01 4.884917e+01 -2.797401e+01
      vertex   -5.063132e+01 4.873186e+01 -2.810056e+01
      vertex   -5.062564e+01 4.873186e+01 -2.809062e+01
    endloop
  endfacet
  facet normal -7.872629e-01 -4.226181e-01 4.490112e-01
    outer loop
      vertex   -5.248629e+01 4.873186e+01 -3.134674e+01
      vertex   -5.062564e+01 4.884917e+01 -2.797401e+01
      vertex   -5.255025e+01 4.888984e+01 -3.131019e+01
    endloop
  endfacet
  facet normal -8.125099e-01 -3.523208e-01 4.644327e-01
    outer loop
      vertex   -5.255025e+01 4.888984e+01 -3.131019e+01
      vertex   -5.062564e+01 4.884917e+01 -2.797401e+01
      vertex   -5.062564e+01 4.891042e+01 -2.792755e+01
    endloop
  endfacet
  facet normal -8.310099e-01 -2.901655e-01 4.745804e-01
    outer loop
      vertex   -5.255025e+01 4.888984e+01 -3.131019e+01
      vertex   -5.062564e+01 4.891042e+01 -2.792755e+01
      vertex   -5.062564e+01 4.897304e+01 -2.788926e+01
    endloop
  endfacet
  facet normal -8.391391e-01 -2.588189e-01 4.783914e-01
    outer loop
      vertex   -5.255025e+01 4.888984e+01 -3.131019e+01
      vertex   -5.062564e+01 4.897304e+01 -2.788926e+01
      vertex   -5.258942e+01 4.905821e+01 -3.128781e+01
    endloop
  endfacet
  facet normal -8.457000e-01 -2.269833e-01 4.829804e-01
    outer loop
      vertex   -5.258942e+01 4.905821e+01 -3.128781e+01
      vertex   -5.062564e+01 4.897304e+01 -2.788926e+01
      vertex   -5.062564e+01 4.903677e+01 -2.785931e+01
    endloop
  endfacet
  facet normal -8.565818e-01 -1.629293e-01 4.896138e-01
    outer loop
      vertex   -5.258942e+01 4.905821e+01 -3.128781e+01
      vertex   -5.062564e+01 4.903677e+01 -2.785931e+01
      vertex   -5.062564e+01 4.910133e+01 -2.783783e+01
    endloop
  endfacet
  facet normal -8.643687e-01 -9.791465e-02 4.932336e-01
    outer loop
      vertex   -5.062564e+01 4.910133e+01 -2.783783e+01
      vertex   -5.062564e+01 4.916645e+01 -2.782490e+01
      vertex   -5.258942e+01 4.905821e+01 -3.128781e+01
    endloop
  endfacet
  facet normal -8.653835e-01 -8.715571e-02 4.934727e-01
    outer loop
      vertex   -5.258942e+01 4.905821e+01 -3.128781e+01
      vertex   -5.062564e+01 4.916645e+01 -2.782490e+01
      vertex   -5.260261e+01 4.923186e+01 -3.128027e+01
    endloop
  endfacet
  facet normal -8.677783e-01 -3.271908e-02 4.958733e-01
    outer loop
      vertex   -5.260261e+01 4.923186e+01 -3.128027e+01
      vertex   -5.062564e+01 4.916645e+01 -2.782490e+01
      vertex   -5.062564e+01 4.923186e+01 -2.782059e+01
    endloop
  endfacet
  facet normal 8.171362e-15 7.071068e-01 7.071068e-01
    outer loop
      vertex   -8.547965e+01 9.572808e+01 -2.733130e+01
      vertex   -1.039256e+02 9.572808e+01 -2.733130e+01
      vertex   -8.547965e+01 9.373186e+01 -2.533507e+01
    endloop
  endfacet
  facet normal 1.089515e-14 7.071068e-01 7.071068e-01
    outer loop
      vertex   -8.547965e+01 9.373186e+01 -2.533507e+01
      vertex   -1.039256e+02 9.572808e+01 -2.733130e+01
      vertex   -1.039256e+02 9.373186e+01 -2.533507e+01
    endloop
  endfacet
  facet normal 1.115433e-14 -1.000000e+00 7.799866e-16
    outer loop
      vertex   -8.129037e+01 9.385967e+01 -1.744509e+01
      vertex   -8.130643e+01 9.385967e+01 -1.721545e+01
      vertex   -8.397965e+01 9.385967e+01 -1.542524e+01
    endloop
  endfacet
  facet normal 1.015638e-14 -1.000000e+00 -7.102031e-16
    outer loop
      vertex   -8.397965e+01 9.385967e+01 -1.542524e+01
      vertex   -8.130643e+01 9.385967e+01 -1.721545e+01
      vertex   -8.129037e+01 9.385967e+01 -1.698581e+01
    endloop
  endfacet
  facet normal 9.408065e-15 -1.000000e+00 -1.999746e-15
    outer loop
      vertex   -8.397965e+01 9.385967e+01 -1.542524e+01
      vertex   -8.129037e+01 9.385967e+01 -1.698581e+01
      vertex   -8.124251e+01 9.385967e+01 -1.676065e+01
    endloop
  endfacet
  facet normal 8.817874e-15 -1.000000e+00 -3.209444e-15
    outer loop
      vertex   -8.124251e+01 9.385967e+01 -1.676065e+01
      vertex   -8.116378e+01 9.385967e+01 -1.654433e+01
      vertex   -8.397965e+01 9.385967e+01 -1.542524e+01
    endloop
  endfacet
  facet normal 8.332592e-15 -1.000000e+00 -4.430518e-15
    outer loop
      vertex   -8.397965e+01 9.385967e+01 -1.542524e+01
      vertex   -8.116378e+01 9.385967e+01 -1.654433e+01
      vertex   -8.105570e+01 9.385967e+01 -1.634108e+01
    endloop
  endfacet
  facet normal 7.918356e-15 -1.000000e+00 -5.753023e-15
    outer loop
      vertex   -8.397965e+01 9.385967e+01 -1.542524e+01
      vertex   -8.105570e+01 9.385967e+01 -1.634108e+01
      vertex   -8.092040e+01 9.385967e+01 -1.615485e+01
    endloop
  endfacet
  facet normal 7.551278e-15 -1.000000e+00 -7.292185e-15
    outer loop
      vertex   -8.092040e+01 9.385967e+01 -1.615485e+01
      vertex   -8.076049e+01 9.385967e+01 -1.598926e+01
      vertex   -8.397965e+01 9.385967e+01 -1.542524e+01
    endloop
  endfacet
  facet normal 7.211669e-15 -1.000000e+00 -9.230516e-15
    outer loop
      vertex   -8.397965e+01 9.385967e+01 -1.542524e+01
      vertex   -8.076049e+01 9.385967e+01 -1.598926e+01
      vertex   -8.057909e+01 9.385967e+01 -1.584754e+01
    endloop
  endfacet
  facet normal 6.878446e-15 -1.000000e+00 -1.191382e-14
    outer loop
      vertex   -8.397965e+01 9.385967e+01 -1.542524e+01
      vertex   -8.057909e+01 9.385967e+01 -1.584754e+01
      vertex   -8.037974e+01 9.385967e+01 -1.573244e+01
    endloop
  endfacet
  facet normal 6.518360e-15 -1.000000e+00 -1.613351e-14
    outer loop
      vertex   -8.037974e+01 9.385967e+01 -1.573244e+01
      vertex   -8.016630e+01 9.385967e+01 -1.564621e+01
      vertex   -8.397965e+01 9.385967e+01 -1.542524e+01
    endloop
  endfacet
  facet normal 6.047702e-15 -1.000000e+00 -2.425601e-14
    outer loop
      vertex   -8.397965e+01 9.385967e+01 -1.542524e+01
      vertex   -8.016630e+01 9.385967e+01 -1.564621e+01
      vertex   -7.994294e+01 9.385967e+01 -1.559052e+01
    endloop
  endfacet
  facet normal 7.153752e-15 -1.000000e+00 2.758395e-15
    outer loop
      vertex   -8.397965e+01 9.385967e+01 -1.542524e+01
      vertex   -7.994294e+01 9.385967e+01 -1.559052e+01
      vertex   -8.547965e+01 9.385967e+01 -1.153507e+01
    endloop
  endfacet
  facet normal 6.441663e-16 -1.000000e+00 -6.128833e-15
    outer loop
      vertex   -8.547965e+01 9.385967e+01 -1.153507e+01
      vertex   -7.994294e+01 9.385967e+01 -1.559052e+01
      vertex   -7.971401e+01 9.385967e+01 -1.556645e+01
    endloop
  endfacet
  facet normal -2.591376e-16 -1.000000e+00 -7.420729e-15
    outer loop
      vertex   -8.547965e+01 9.385967e+01 -1.153507e+01
      vertex   -7.971401e+01 9.385967e+01 -1.556645e+01
      vertex   -7.948395e+01 9.385967e+01 -1.557449e+01
    endloop
  endfacet
  facet normal -1.680468e-15 -1.000000e+00 -9.530407e-15
    outer loop
      vertex   -7.948395e+01 9.385967e+01 -1.557449e+01
      vertex   -7.925725e+01 9.385967e+01 -1.561446e+01
      vertex   -8.547965e+01 9.385967e+01 -1.153507e+01
    endloop
  endfacet
  facet normal -1.836574e-17 -1.000000e+00 -6.995160e-15
    outer loop
      vertex   -8.547965e+01 9.385967e+01 -1.153507e+01
      vertex   -7.925725e+01 9.385967e+01 -1.561446e+01
      vertex   -6.716630e+01 9.385967e+01 -1.564621e+01
    endloop
  endfacet
  facet normal 8.166639e-16 -1.000000e+00 -3.275460e-15
    outer loop
      vertex   -8.547965e+01 9.385967e+01 -1.153507e+01
      vertex   -6.716630e+01 9.385967e+01 -1.564621e+01
      vertex   -6.694294e+01 9.385967e+01 -1.559052e+01
    endloop
  endfacet
  facet normal 0.000000e+00 -1.000000e+00 0.000000e+00
    outer loop
      vertex   -7.925725e+01 9.385967e+01 -1.561446e+01
      vertex   -7.903832e+01 9.385967e+01 -1.568560e+01
      vertex   -6.716630e+01 9.385967e+01 -1.564621e+01
    endloop
  endfacet
  facet normal 0.000000e+00 -1.000000e+00 0.000000e+00
    outer loop
      vertex   -6.716630e+01 9.385967e+01 -1.564621e+01
      vertex   -7.903832e+01 9.385967e+01 -1.568560e+01
      vertex   -6.737974e+01 9.385967e+01 -1.573244e+01
    endloop
  endfacet
  facet normal -0.000000e+00 -1.000000e+00 0.000000e+00
    outer loop
      vertex   -6.737974e+01 9.385967e+01 -1.573244e+01
      vertex   -7.903832e+01 9.385967e+01 -1.568560e+01
      vertex   -7.883143e+01 9.385967e+01 -1.578651e+01
    endloop
  endfacet
  facet normal 0.000000e+00 -1.000000e+00 0.000000e+00
    outer loop
      vertex   -6.737974e+01 9.385967e+01 -1.573244e+01
      vertex   -7.883143e+01 9.385967e+01 -1.578651e+01
      vertex   -6.757909e+01 9.385967e+01 -1.584754e+01
    endloop
  endfacet
  facet normal -0.000000e+00 -1.000000e+00 0.000000e+00
    outer loop
      vertex   -6.757909e+01 9.385967e+01 -1.584754e+01
      vertex   -7.883143e+01 9.385967e+01 -1.578651e+01
      vertex   -7.864058e+01 9.385967e+01 -1.591523e+01
    endloop
  endfacet
  facet normal 0.000000e+00 -1.000000e+00 0.000000e+00
    outer loop
      vertex   -6.757909e+01 9.385967e+01 -1.584754e+01
      vertex   -7.864058e+01 9.385967e+01 -1.591523e+01
      vertex   -6.776049e+01 9.385967e+01 -1.598926e+01
    endloop
  endfacet
  facet normal -0.000000e+00 -1.000000e+00 0.000000e+00
    outer loop
      vertex   -6.776049e+01 9.385967e+01 -1.598926e+01
      vertex   -7.864058e+01 9.385967e+01 -1.591523e+01
      vertex   -7.846951e+01 9.385967e+01 -1.606926e+01
    endloop
  endfacet
  facet normal 0.000000e+00 -1.000000e+00 0.000000e+00
    outer loop
      vertex   -6.776049e+01 9.385967e+01 -1.598926e+01
      vertex   -7.846951e+01 9.385967e+01 -1.606926e+01
      vertex   -6.792040e+01 9.385967e+01 -1.615485e+01
    endloop
  endfacet
  facet normal -0.000000e+00 -1.000000e+00 0.000000e+00
    outer loop
      vertex   -6.792040e+01 9.385967e+01 -1.615485e+01
      vertex   -7.846951e+01 9.385967e+01 -1.606926e+01
      vertex   -7.832155e+01 9.385967e+01 -1.624560e+01
    endloop
  endfacet
  facet normal 0.000000e+00 -1.000000e+00 0.000000e+00
    outer loop
      vertex   -6.792040e+01 9.385967e+01 -1.615485e+01
      vertex   -7.832155e+01 9.385967e+01 -1.624560e+01
      vertex   -6.805570e+01 9.385967e+01 -1.634108e+01
    endloop
  endfacet
  facet normal -0.000000e+00 -1.000000e+00 0.000000e+00
    outer loop
      vertex   -6.805570e+01 9.385967e+01 -1.634108e+01
      vertex   -7.832155e+01 9.385967e+01 -1.624560e+01
      vertex   -7.819956e+01 9.385967e+01 -1.644082e+01
    endloop
  endfacet
  facet normal 0.000000e+00 -1.000000e+00 0.000000e+00
    outer loop
      vertex   -6.805570e+01 9.385967e+01 -1.634108e+01
      vertex   -7.819956e+01 9.385967e+01 -1.644082e+01
      vertex   -6.816378e+01 9.385967e+01 -1.654433e+01
    endloop
  endfacet
  facet normal -0.000000e+00 -1.000000e+00 0.000000e+00
    outer loop
      vertex   -6.816378e+01 9.385967e+01 -1.654433e+01
      vertex   -7.819956e+01 9.385967e+01 -1.644082e+01
      vertex   -7.810593e+01 9.385967e+01 -1.665112e+01
    endloop
  endfacet
  facet normal 0.000000e+00 -1.000000e+00 0.000000e+00
    outer loop
      vertex   -6.816378e+01 9.385967e+01 -1.654433e+01
      vertex   -7.810593e+01 9.385967e+01 -1.665112e+01
      vertex   -6.824251e+01 9.385967e+01 -1.676065e+01
    endloop
  endfacet
  facet normal -0.000000e+00 -1.000000e+00 0.000000e+00
    outer loop
      vertex   -6.824251e+01 9.385967e+01 -1.676065e+01
      vertex   -7.810593e+01 9.385967e+01 -1.665112e+01
      vertex   -7.804248e+01 9.385967e+01 -1.687240e+01
    endloop
  endfacet
  facet normal 0.000000e+00 -1.000000e+00 0.000000e+00
    outer loop
      vertex   -6.824251e+01 9.385967e+01 -1.676065e+01
      vertex   -7.804248e+01 9.385967e+01 -1.687240e+01
      vertex   -6.829037e+01 9.385967e+01 -1.698581e+01
    endloop
  endfacet
  facet normal -0.000000e+00 -1.000000e+00 0.000000e+00
    outer loop
      vertex   -6.829037e+01 9.385967e+01 -1.698581e+01
      vertex   -7.804248e+01 9.385967e+01 -1.687240e+01
      vertex   -7.801044e+01 9.385967e+01 -1.710035e+01
    endloop
  endfacet
  facet normal 0.000000e+00 -1.000000e+00 0.000000e+00
    outer loop
      vertex   -6.829037e+01 9.385967e+01 -1.698581e+01
      vertex   -7.801044e+01 9.385967e+01 -1.710035e+01
      vertex   -6.830643e+01 9.385967e+01 -1.721545e+01
    endloop
  endfacet
  facet normal -0.000000e+00 -1.000000e+00 0.000000e+00
    outer loop
      vertex   -6.830643e+01 9.385967e+01 -1.721545e+01
      vertex   -7.801044e+01 9.385967e+01 -1.710035e+01
      vertex   -7.801044e+01 9.385967e+01 -1.733055e+01
    endloop
  endfacet
  facet normal 0.000000e+00 -1.000000e+00 -0.000000e+00
    outer loop
      vertex   -6.830643e+01 9.385967e+01 -1.721545e+01
      vertex   -7.801044e+01 9.385967e+01 -1.733055e+01
      vertex   -6.829037e+01 9.385967e+01 -1.744509e+01
    endloop
  endfacet
  facet normal -0.000000e+00 -1.000000e+00 0.000000e+00
    outer loop
      vertex   -6.829037e+01 9.385967e+01 -1.744509e+01
      vertex   -7.801044e+01 9.385967e+01 -1.733055e+01
      vertex   -7.804248e+01 9.385967e+01 -1.755850e+01
    endloop
  endfacet
  facet normal 0.000000e+00 -1.000000e+00 -0.000000e+00
    outer loop
      vertex   -6.829037e+01 9.385967e+01 -1.744509e+01
      vertex   -7.804248e+01 9.385967e+01 -1.755850e+01
      vertex   -6.824251e+01 9.385967e+01 -1.767025e+01
    endloop
  endfacet
  facet normal -0.000000e+00 -1.000000e+00 0.000000e+00
    outer loop
      vertex   -6.824251e+01 9.385967e+01 -1.767025e+01
      vertex   -7.804248e+01 9.385967e+01 -1.755850e+01
      vertex   -7.810593e+01 9.385967e+01 -1.777978e+01
    endloop
  endfacet
  facet normal 0.000000e+00 -1.000000e+00 -0.000000e+00
    outer loop
      vertex   -6.824251e+01 9.385967e+01 -1.767025e+01
      vertex   -7.810593e+01 9.385967e+01 -1.777978e+01
      vertex   -6.816378e+01 9.385967e+01 -1.788656e+01
    endloop
  endfacet
  facet normal -0.000000e+00 -1.000000e+00 0.000000e+00
    outer loop
      vertex   -6.816378e+01 9.385967e+01 -1.788656e+01
      vertex   -7.810593e+01 9.385967e+01 -1.777978e+01
      vertex   -7.819956e+01 9.385967e+01 -1.799008e+01
    endloop
  endfacet
  facet normal 0.000000e+00 -1.000000e+00 -0.000000e+00
    outer loop
      vertex   -6.816378e+01 9.385967e+01 -1.788656e+01
      vertex   -7.819956e+01 9.385967e+01 -1.799008e+01
      vertex   -6.805570e+01 9.385967e+01 -1.808982e+01
    endloop
  endfacet
  facet normal -0.000000e+00 -1.000000e+00 0.000000e+00
    outer loop
      vertex   -6.805570e+01 9.385967e+01 -1.808982e+01
      vertex   -7.819956e+01 9.385967e+01 -1.799008e+01
      vertex   -7.832155e+01 9.385967e+01 -1.818530e+01
    endloop
  endfacet
  facet normal 0.000000e+00 -1.000000e+00 -0.000000e+00
    outer loop
      vertex   -6.805570e+01 9.385967e+01 -1.808982e+01
      vertex   -7.832155e+01 9.385967e+01 -1.818530e+01
      vertex   -6.792040e+01 9.385967e+01 -1.827605e+01
    endloop
  endfacet
  facet normal -0.000000e+00 -1.000000e+00 0.000000e+00
    outer loop
      vertex   -6.792040e+01 9.385967e+01 -1.827605e+01
      vertex   -7.832155e+01 9.385967e+01 -1.818530e+01
      vertex   -7.846951e+01 9.385967e+01 -1.836164e+01
    endloop
  endfacet
  facet normal 0.000000e+00 -1.000000e+00 -0.000000e+00
    outer loop
      vertex   -6.792040e+01 9.385967e+01 -1.827605e+01
      vertex   -7.846951e+01 9.385967e+01 -1.836164e+01
      vertex   -6.776049e+01 9.385967e+01 -1.844164e+01
    endloop
  endfacet
  facet normal -0.000000e+00 -1.000000e+00 0.000000e+00
    outer loop
      vertex   -6.776049e+01 9.385967e+01 -1.844164e+01
      vertex   -7.846951e+01 9.385967e+01 -1.836164e+01
      vertex   -7.864058e+01 9.385967e+01 -1.851567e+01
    endloop
  endfacet
  facet normal 0.000000e+00 -1.000000e+00 -0.000000e+00
    outer loop
      vertex   -6.776049e+01 9.385967e+01 -1.844164e+01
      vertex   -7.864058e+01 9.385967e+01 -1.851567e+01
      vertex   -6.757909e+01 9.385967e+01 -1.858336e+01
    endloop
  endfacet
  facet normal -0.000000e+00 -1.000000e+00 0.000000e+00
    outer loop
      vertex   -6.757909e+01 9.385967e+01 -1.858336e+01
      vertex   -7.864058e+01 9.385967e+01 -1.851567e+01
      vertex   -7.883143e+01 9.385967e+01 -1.864439e+01
    endloop
  endfacet
  facet normal 0.000000e+00 -1.000000e+00 -0.000000e+00
    outer loop
      vertex   -6.757909e+01 9.385967e+01 -1.858336e+01
      vertex   -7.883143e+01 9.385967e+01 -1.864439e+01
      vertex   -6.737974e+01 9.385967e+01 -1.869846e+01
    endloop
  endfacet
  facet normal -0.000000e+00 -1.000000e+00 0.000000e+00
    outer loop
      vertex   -6.737974e+01 9.385967e+01 -1.869846e+01
      vertex   -7.883143e+01 9.385967e+01 -1.864439e+01
      vertex   -7.903832e+01 9.385967e+01 -1.874530e+01
    endloop
  endfacet
  facet normal 0.000000e+00 -1.000000e+00 -0.000000e+00
    outer loop
      vertex   -6.737974e+01 9.385967e+01 -1.869846e+01
      vertex   -7.903832e+01 9.385967e+01 -1.874530e+01
      vertex   -6.716630e+01 9.385967e+01 -1.878469e+01
    endloop
  endfacet
  facet normal -0.000000e+00 -1.000000e+00 0.000000e+00
    outer loop
      vertex   -6.716630e+01 9.385967e+01 -1.878469e+01
      vertex   -7.903832e+01 9.385967e+01 -1.874530e+01
      vertex   -7.925725e+01 9.385967e+01 -1.881644e+01
    endloop
  endfacet
  facet normal 0.000000e+00 -1.000000e+00 0.000000e+00
    outer loop
      vertex   -6.716630e+01 9.385967e+01 -1.878469e+01
      vertex   -7.925725e+01 9.385967e+01 -1.881644e+01
      vertex   -8.397965e+01 9.385967e+01 -2.633130e+01
    endloop
  endfacet
  facet normal 0.000000e+00 -1.000000e+00 0.000000e+00
    outer loop
      vertex   -8.397965e+01 9.385967e+01 -2.633130e+01
      vertex   -7.925725e+01 9.385967e+01 -1.881644e+01
      vertex   -7.948395e+01 9.385967e+01 -1.885641e+01
    endloop
  endfacet
  facet normal 0.000000e+00 -1.000000e+00 0.000000e+00
    outer loop
      vertex   -8.397965e+01 9.385967e+01 -2.633130e+01
      vertex   -7.948395e+01 9.385967e+01 -1.885641e+01
      vertex   -7.971401e+01 9.385967e+01 -1.886444e+01
    endloop
  endfacet
  facet normal -0.000000e+00 -1.000000e+00 0.000000e+00
    outer loop
      vertex   -7.971401e+01 9.385967e+01 -1.886444e+01
      vertex   -7.994294e+01 9.385967e+01 -1.884038e+01
      vertex   -8.397965e+01 9.385967e+01 -2.633130e+01
    endloop
  endfacet
  facet normal 0.000000e+00 -1.000000e+00 0.000000e+00
    outer loop
      vertex   -8.397965e+01 9.385967e+01 -2.633130e+01
      vertex   -7.994294e+01 9.385967e+01 -1.884038e+01
      vertex   -8.016630e+01 9.385967e+01 -1.878469e+01
    endloop
  endfacet
  facet normal 0.000000e+00 -1.000000e+00 0.000000e+00
    outer loop
      vertex   -8.397965e+01 9.385967e+01 -2.633130e+01
      vertex   -8.016630e+01 9.385967e+01 -1.878469e+01
      vertex   -8.037974e+01 9.385967e+01 -1.869846e+01
    endloop
  endfacet
  facet normal -0.000000e+00 -1.000000e+00 0.000000e+00
    outer loop
      vertex   -8.037974e+01 9.385967e+01 -1.869846e+01
      vertex   -8.057909e+01 9.385967e+01 -1.858336e+01
      vertex   -8.397965e+01 9.385967e+01 -2.633130e+01
    endloop
  endfacet
  facet normal 0.000000e+00 -1.000000e+00 0.000000e+00
    outer loop
      vertex   -8.397965e+01 9.385967e+01 -2.633130e+01
      vertex   -8.057909e+01 9.385967e+01 -1.858336e+01
      vertex   -8.076049e+01 9.385967e+01 -1.844164e+01
    endloop
  endfacet
  facet normal 0.000000e+00 -1.000000e+00 0.000000e+00
    outer loop
      vertex   -8.397965e+01 9.385967e+01 -2.633130e+01
      vertex   -8.076049e+01 9.385967e+01 -1.844164e+01
      vertex   -8.092040e+01 9.385967e+01 -1.827605e+01
    endloop
  endfacet
  facet normal -0.000000e+00 -1.000000e+00 0.000000e+00
    outer loop
      vertex   -8.092040e+01 9.385967e+01 -1.827605e+01
      vertex   -8.105570e+01 9.385967e+01 -1.808982e+01
      vertex   -8.397965e+01 9.385967e+01 -2.633130e+01
    endloop
  endfacet
  facet normal 7.345447e-15 -1.000000e+00 -2.606049e-15
    outer loop
      vertex   -8.397965e+01 9.385967e+01 -2.633130e+01
      vertex   -8.105570e+01 9.385967e+01 -1.808982e+01
      vertex   -8.397965e+01 9.385967e+01 -1.542524e+01
    endloop
  endfacet
  facet normal 1.885769e-14 -1.000000e+00 1.002681e-14
    outer loop
      vertex   -8.397965e+01 9.385967e+01 -1.542524e+01
      vertex   -8.105570e+01 9.385967e+01 -1.808982e+01
      vertex   -8.116378e+01 9.385967e+01 -1.788656e+01
    endloop
  endfacet
  facet normal 1.480276e-14 -1.000000e+00 5.387763e-15
    outer loop
      vertex   -8.397965e+01 9.385967e+01 -1.542524e+01
      vertex   -8.116378e+01 9.385967e+01 -1.788656e+01
      vertex   -8.124251e+01 9.385967e+01 -1.767025e+01
    endloop
  endfacet
  facet normal 1.257624e-14 -1.000000e+00 2.673162e-15
    outer loop
      vertex   -8.124251e+01 9.385967e+01 -1.767025e+01
      vertex   -8.129037e+01 9.385967e+01 -1.744509e+01
      vertex   -8.397965e+01 9.385967e+01 -1.542524e+01
    endloop
  endfacet
  facet normal 4.975642e-16 -1.000000e+00 -4.734007e-15
    outer loop
      vertex   -6.694294e+01 9.385967e+01 -1.559052e+01
      vertex   -6.671401e+01 9.385967e+01 -1.556645e+01
      vertex   -8.547965e+01 9.385967e+01 -1.153507e+01
    endloop
  endfacet
  facet normal 7.830458e-16 -1.000000e+00 -3.405122e-15
    outer loop
      vertex   -8.547965e+01 9.385967e+01 -1.153507e+01
      vertex   -6.671401e+01 9.385967e+01 -1.556645e+01
      vertex   -4.918330e+01 9.385967e+01 -1.153507e+01
    endloop
  endfacet
  facet normal 0.000000e+00 -1.000000e+00 0.000000e+00
    outer loop
      vertex   -4.918330e+01 9.385967e+01 -1.153507e+01
      vertex   -6.671401e+01 9.385967e+01 -1.556645e+01
      vertex   -6.648395e+01 9.385967e+01 -1.557449e+01
    endloop
  endfacet
  facet normal 0.000000e+00 -1.000000e+00 0.000000e+00
    outer loop
      vertex   -4.918330e+01 9.385967e+01 -1.153507e+01
      vertex   -6.648395e+01 9.385967e+01 -1.557449e+01
      vertex   -6.625725e+01 9.385967e+01 -1.561446e+01
    endloop
  endfacet
  facet normal 0.000000e+00 -1.000000e+00 0.000000e+00
    outer loop
      vertex   -6.625725e+01 9.385967e+01 -1.561446e+01
      vertex   -6.603832e+01 9.385967e+01 -1.568560e+01
      vertex   -4.918330e+01 9.385967e+01 -1.153507e+01
    endloop
  endfacet
  facet normal 0.000000e+00 -1.000000e+00 0.000000e+00
    outer loop
      vertex   -4.918330e+01 9.385967e+01 -1.153507e+01
      vertex   -6.603832e+01 9.385967e+01 -1.568560e+01
      vertex   -6.583143e+01 9.385967e+01 -1.578651e+01
    endloop
  endfacet
  facet normal 0.000000e+00 -1.000000e+00 0.000000e+00
    outer loop
      vertex   -4.918330e+01 9.385967e+01 -1.153507e+01
      vertex   -6.583143e+01 9.385967e+01 -1.578651e+01
      vertex   -5.062564e+01 9.385967e+01 -1.542524e+01
    endloop
  endfacet
  facet normal 0.000000e+00 -1.000000e+00 0.000000e+00
    outer loop
      vertex   -5.062564e+01 9.385967e+01 -1.542524e+01
      vertex   -6.583143e+01 9.385967e+01 -1.578651e+01
      vertex   -6.564058e+01 9.385967e+01 -1.591523e+01
    endloop
  endfacet
  facet normal 0.000000e+00 -1.000000e+00 0.000000e+00
    outer loop
      vertex   -5.062564e+01 9.385967e+01 -1.542524e+01
      vertex   -6.564058e+01 9.385967e+01 -1.591523e+01
      vertex   -6.546951e+01 9.385967e+01 -1.606926e+01
    endloop
  endfacet
  facet normal 0.000000e+00 -1.000000e+00 0.000000e+00
    outer loop
      vertex   -6.546951e+01 9.385967e+01 -1.606926e+01
      vertex   -6.532155e+01 9.385967e+01 -1.624560e+01
      vertex   -5.062564e+01 9.385967e+01 -1.542524e+01
    endloop
  endfacet
  facet normal 0.000000e+00 -1.000000e+00 0.000000e+00
    outer loop
      vertex   -5.062564e+01 9.385967e+01 -1.542524e+01
      vertex   -6.532155e+01 9.385967e+01 -1.624560e+01
      vertex   -6.519956e+01 9.385967e+01 -1.644082e+01
    endloop
  endfacet
  facet normal 0.000000e+00 -1.000000e+00 0.000000e+00
    outer loop
      vertex   -5.062564e+01 9.385967e+01 -1.542524e+01
      vertex   -6.519956e+01 9.385967e+01 -1.644082e+01
      vertex   -6.510593e+01 9.385967e+01 -1.665112e+01
    endloop
  endfacet
  facet normal 0.000000e+00 -1.000000e+00 0.000000e+00
    outer loop
      vertex   -6.510593e+01 9.385967e+01 -1.665112e+01
      vertex   -6.504248e+01 9.385967e+01 -1.687240e+01
      vertex   -5.062564e+01 9.385967e+01 -1.542524e+01
    endloop
  endfacet
  facet normal 0.000000e+00 -1.000000e+00 0.000000e+00
    outer loop
      vertex   -5.062564e+01 9.385967e+01 -1.542524e+01
      vertex   -6.504248e+01 9.385967e+01 -1.687240e+01
      vertex   -6.501044e+01 9.385967e+01 -1.710035e+01
    endloop
  endfacet
  facet normal 0.000000e+00 -1.000000e+00 0.000000e+00
    outer loop
      vertex   -5.062564e+01 9.385967e+01 -1.542524e+01
      vertex   -6.501044e+01 9.385967e+01 -1.710035e+01
      vertex   -6.501044e+01 9.385967e+01 -1.733055e+01
    endloop
  endfacet
  facet normal 0.000000e+00 -1.000000e+00 -0.000000e+00
    outer loop
      vertex   -6.501044e+01 9.385967e+01 -1.733055e+01
      vertex   -6.504248e+01 9.385967e+01 -1.755850e+01
      vertex   -5.062564e+01 9.385967e+01 -1.542524e+01
    endloop
  endfacet
  facet normal 0.000000e+00 -1.000000e+00 0.000000e+00
    outer loop
      vertex   -5.062564e+01 9.385967e+01 -1.542524e+01
      vertex   -6.504248e+01 9.385967e+01 -1.755850e+01
      vertex   -6.510593e+01 9.385967e+01 -1.777978e+01
    endloop
  endfacet
  facet normal 0.000000e+00 -1.000000e+00 0.000000e+00
    outer loop
      vertex   -5.062564e+01 9.385967e+01 -1.542524e+01
      vertex   -6.510593e+01 9.385967e+01 -1.777978e+01
      vertex   -6.519956e+01 9.385967e+01 -1.799008e+01
    endloop
  endfacet
  facet normal 0.000000e+00 -1.000000e+00 -0.000000e+00
    outer loop
      vertex   -6.519956e+01 9.385967e+01 -1.799008e+01
      vertex   -6.532155e+01 9.385967e+01 -1.818530e+01
      vertex   -5.062564e+01 9.385967e+01 -1.542524e+01
    endloop
  endfacet
  facet normal 0.000000e+00 -1.000000e+00 0.000000e+00
    outer loop
      vertex   -5.062564e+01 9.385967e+01 -1.542524e+01
      vertex   -6.532155e+01 9.385967e+01 -1.818530e+01
      vertex   -6.546951e+01 9.385967e+01 -1.836164e+01
    endloop
  endfacet
  facet normal 0.000000e+00 -1.000000e+00 0.000000e+00
    outer loop
      vertex   -5.062564e+01 9.385967e+01 -1.542524e+01
      vertex   -6.546951e+01 9.385967e+01 -1.836164e+01
      vertex   -6.564058e+01 9.385967e+01 -1.851567e+01
    endloop
  endfacet
  facet normal 4.499882e-16 -1.000000e+00 -2.186283e-15
    outer loop
      vertex   -5.062564e+01 9.385967e+01 -1.542524e+01
      vertex   -6.564058e+01 9.385967e+01 -1.851567e+01
      vertex   -5.062564e+01 9.385967e+01 -2.842525e+01
    endloop
  endfacet
  facet normal 9.567503e-16 -1.000000e+00 -1.418441e-15
    outer loop
      vertex   -5.062564e+01 9.385967e+01 -2.842525e+01
      vertex   -6.564058e+01 9.385967e+01 -1.851567e+01
      vertex   -6.583143e+01 9.385967e+01 -1.864439e+01
    endloop
  endfacet
  facet normal 8.060719e-16 -1.000000e+00 -1.652692e-15
    outer loop
      vertex   -5.062564e+01 9.385967e+01 -2.842525e+01
      vertex   -6.583143e+01 9.385967e+01 -1.864439e+01
      vertex   -6.603832e+01 9.385967e+01 -1.874530e+01
    endloop
  endfacet
  facet normal 6.287362e-16 -1.000000e+00 -1.935051e-15
    outer loop
      vertex   -6.603832e+01 9.385967e+01 -1.874530e+01
      vertex   -6.625725e+01 9.385967e+01 -1.881644e+01
      vertex   -5.062564e+01 9.385967e+01 -2.842525e+01
    endloop
  endfacet
  facet normal 4.052954e-16 -1.000000e+00 -2.298544e-15
    outer loop
      vertex   -5.062564e+01 9.385967e+01 -2.842525e+01
      vertex   -6.625725e+01 9.385967e+01 -1.881644e+01
      vertex   -6.648395e+01 9.385967e+01 -1.885641e+01
    endloop
  endfacet
  facet normal 9.804844e-17 -1.000000e+00 -2.807740e-15
    outer loop
      vertex   -5.062564e+01 9.385967e+01 -2.842525e+01
      vertex   -6.648395e+01 9.385967e+01 -1.885641e+01
      vertex   -6.671401e+01 9.385967e+01 -1.886444e+01
    endloop
  endfacet
  facet normal 7.441041e-16 -1.000000e+00 -1.720596e-15
    outer loop
      vertex   -5.062564e+01 9.385967e+01 -2.842525e+01
      vertex   -6.671401e+01 9.385967e+01 -1.886444e+01
      vertex   -8.397965e+01 9.385967e+01 -2.633130e+01
    endloop
  endfacet
  facet normal 0.000000e+00 -1.000000e+00 0.000000e+00
    outer loop
      vertex   -8.397965e+01 9.385967e+01 -2.633130e+01
      vertex   -6.671401e+01 9.385967e+01 -1.886444e+01
      vertex   -6.694294e+01 9.385967e+01 -1.884038e+01
    endloop
  endfacet
  facet normal 0.000000e+00 -1.000000e+00 0.000000e+00
    outer loop
      vertex   -8.397965e+01 9.385967e+01 -2.633130e+01
      vertex   -6.694294e+01 9.385967e+01 -1.884038e+01
      vertex   -6.716630e+01 9.385967e+01 -1.878469e+01
    endloop
  endfacet
  facet normal 0.000000e+00 -1.000000e+00 0.000000e+00
    outer loop
      vertex   -4.832564e+01 9.385967e+01 -1.542524e+01
      vertex   -4.832564e+01 9.385967e+01 -1.433524e+01
      vertex   -5.062564e+01 9.385967e+01 -1.542524e+01
    endloop
  endfacet
  facet normal -1.783022e-14 -1.000000e+00 3.762339e-14
    outer loop
      vertex   -5.062564e+01 9.385967e+01 -1.542524e+01
      vertex   -4.832564e+01 9.385967e+01 -1.433524e+01
      vertex   -4.833944e+01 9.385967e+01 -1.396407e+01
    endloop
  endfacet
  facet normal 5.800972e-15 -1.000000e+00 6.492382e-16
    outer loop
      vertex   -5.062564e+01 9.385967e+01 -1.542524e+01
      vertex   -4.833944e+01 9.385967e+01 -1.396407e+01
      vertex   -4.838075e+01 9.385967e+01 -1.359494e+01
    endloop
  endfacet
  facet normal 5.489252e-15 -1.000000e+00 1.031567e-15
    outer loop
      vertex   -4.838075e+01 9.385967e+01 -1.359494e+01
      vertex   -4.844935e+01 9.385967e+01 -1.322990e+01
      vertex   -5.062564e+01 9.385967e+01 -1.542524e+01
    endloop
  endfacet
  facet normal 6.812034e-14 -1.000000e+00 -6.105598e-14
    outer loop
      vertex   -5.062564e+01 9.385967e+01 -1.542524e+01
      vertex   -4.844935e+01 9.385967e+01 -1.322990e+01
      vertex   -4.854486e+01 9.385967e+01 -1.287096e+01
    endloop
  endfacet
  facet normal -4.787759e-15 -1.000000e+00 -1.663313e-15
    outer loop
      vertex   -5.062564e+01 9.385967e+01 -1.542524e+01
      vertex   -4.854486e+01 9.385967e+01 -1.287096e+01
      vertex   -4.866676e+01 9.385967e+01 -1.252010e+01
    endloop
  endfacet
  facet normal -4.417480e-15 -1.000000e+00 -1.912986e-15
    outer loop
      vertex   -4.866676e+01 9.385967e+01 -1.252010e+01
      vertex   -4.881436e+01 9.385967e+01 -1.217925e+01
      vertex   -5.062564e+01 9.385967e+01 -1.542524e+01
    endloop
  endfacet
  facet normal -4.044684e-15 -1.000000e+00 -2.121009e-15
    outer loop
      vertex   -5.062564e+01 9.385967e+01 -1.542524e+01
      vertex   -4.881436e+01 9.385967e+01 -1.217925e+01
      vertex   -4.898686e+01 9.385967e+01 -1.185030e+01
    endloop
  endfacet
  facet normal -4.535582e-14 -1.000000e+00 1.681645e-14
    outer loop
      vertex   -5.062564e+01 9.385967e+01 -1.542524e+01
      vertex   -4.898686e+01 9.385967e+01 -1.185030e+01
      vertex   -4.918330e+01 9.385967e+01 -1.153507e+01
    endloop
  endfacet
  facet normal 0.000000e+00 -1.000000e+00 -0.000000e+00
    outer loop
      vertex   -8.547965e+01 9.385967e+01 -1.153507e+01
      vertex   -8.547965e+01 9.385967e+01 -1.542524e+01
      vertex   -8.397965e+01 9.385967e+01 -1.542524e+01
    endloop
  endfacet
  facet normal 0.000000e+00 -1.000000e+00 -0.000000e+00
    outer loop
      vertex   -1.015256e+02 9.385967e+01 -2.633130e+01
      vertex   -1.015256e+02 9.385967e+01 -2.733130e+01
      vertex   -8.397965e+01 9.385967e+01 -2.633130e+01
    endloop
  endfacet
  facet normal -1.620365e-15 -1.000000e+00 2.843091e-14
    outer loop
      vertex   -8.397965e+01 9.385967e+01 -2.633130e+01
      vertex   -1.015256e+02 9.385967e+01 -2.733130e+01
      vertex   -1.015313e+02 9.385967e+01 -2.833130e+01
    endloop
  endfacet
  facet normal 1.525686e-15 -1.000000e+00 8.216893e-16
    outer loop
      vertex   -8.397965e+01 9.385967e+01 -2.633130e+01
      vertex   -1.015313e+02 9.385967e+01 -2.833130e+01
      vertex   -9.989551e+01 9.385967e+01 -3.136863e+01
    endloop
  endfacet
  facet normal 5.004384e-12 -1.000000e+00 2.560197e-24
    outer loop
      vertex   -1.015256e+02 9.385967e+01 -2.733130e+01
      vertex   -1.015313e+02 9.385967e+01 -2.733130e+01
      vertex   -1.015313e+02 9.385967e+01 -2.833130e+01
    endloop
  endfacet
  facet normal 1.570166e-15 -1.000000e+00 6.811506e-16
    outer loop
      vertex   -9.989551e+01 9.385967e+01 -3.136863e+01
      vertex   -9.982816e+01 9.385967e+01 -3.152388e+01
      vertex   -8.397965e+01 9.385967e+01 -2.633130e+01
    endloop
  endfacet
  facet normal 1.660292e-15 -1.000000e+00 4.060734e-16
    outer loop
      vertex   -8.397965e+01 9.385967e+01 -2.633130e+01
      vertex   -9.982816e+01 9.385967e+01 -3.152388e+01
      vertex   -9.978795e+01 9.385967e+01 -3.168827e+01
    endloop
  endfacet
  facet normal 1.755919e-15 -1.000000e+00 1.238808e-16
    outer loop
      vertex   -8.397965e+01 9.385967e+01 -2.633130e+01
      vertex   -9.978795e+01 9.385967e+01 -3.168827e+01
      vertex   -9.977604e+01 9.385967e+01 -3.185709e+01
    endloop
  endfacet
  facet normal 1.864022e-15 -1.000000e+00 -1.851494e-16
    outer loop
      vertex   -9.977604e+01 9.385967e+01 -3.185709e+01
      vertex   -9.979277e+01 9.385967e+01 -3.202549e+01
      vertex   -8.397965e+01 9.385967e+01 -2.633130e+01
    endloop
  endfacet
  facet normal 1.994960e-15 -1.000000e+00 -5.487724e-16
    outer loop
      vertex   -8.397965e+01 9.385967e+01 -2.633130e+01
      vertex   -9.979277e+01 9.385967e+01 -3.202549e+01
      vertex   -9.983765e+01 9.385967e+01 -3.218866e+01
    endloop
  endfacet
  facet normal 2.167009e-15 -1.000000e+00 -1.014571e-15
    outer loop
      vertex   -8.397965e+01 9.385967e+01 -2.633130e+01
      vertex   -9.983765e+01 9.385967e+01 -3.218866e+01
      vertex   -9.990941e+01 9.385967e+01 -3.234193e+01
    endloop
  endfacet
  facet normal 2.279654e-15 -1.000000e+00 -1.313111e-15
    outer loop
      vertex   -9.990941e+01 9.385967e+01 -3.234193e+01
      vertex   -1.016313e+02 9.385967e+01 -3.533130e+01
      vertex   -8.397965e+01 9.385967e+01 -2.633130e+01
    endloop
  endfacet
  facet normal 5.572884e-16 -1.000000e+00 2.064960e-15
    outer loop
      vertex   -8.397965e+01 9.385967e+01 -2.633130e+01
      vertex   -1.016313e+02 9.385967e+01 -3.533130e+01
      vertex   -5.063132e+01 9.385967e+01 -3.533130e+01
    endloop
  endfacet
  facet normal 0.000000e+00 -1.000000e+00 0.000000e+00
    outer loop
      vertex   -8.397965e+01 9.385967e+01 -2.633130e+01
      vertex   -5.063132e+01 9.385967e+01 -3.533130e+01
      vertex   -5.234782e+01 9.385967e+01 -3.232744e+01
    endloop
  endfacet
  facet normal 0.000000e+00 -1.000000e+00 0.000000e+00
    outer loop
      vertex   -5.234782e+01 9.385967e+01 -3.232744e+01
      vertex   -5.240752e+01 9.385967e+01 -3.220400e+01
      vertex   -8.397965e+01 9.385967e+01 -2.633130e+01
    endloop
  endfacet
  facet normal 0.000000e+00 -1.000000e+00 0.000000e+00
    outer loop
      vertex   -8.397965e+01 9.385967e+01 -2.633130e+01
      vertex   -5.240752e+01 9.385967e+01 -3.220400e+01
      vertex   -5.244979e+01 9.385967e+01 -3.207355e+01
    endloop
  endfacet
  facet normal 0.000000e+00 -1.000000e+00 0.000000e+00
    outer loop
      vertex   -8.397965e+01 9.385967e+01 -2.633130e+01
      vertex   -5.244979e+01 9.385967e+01 -3.207355e+01
      vertex   -5.247380e+01 9.385967e+01 -3.193854e+01
    endloop
  endfacet
  facet normal 0.000000e+00 -1.000000e+00 0.000000e+00
    outer loop
      vertex   -5.247380e+01 9.385967e+01 -3.193854e+01
      vertex   -5.246672e+01 9.385967e+01 -3.180572e+01
      vertex   -8.397965e+01 9.385967e+01 -2.633130e+01
    endloop
  endfacet
  facet normal 0.000000e+00 -1.000000e+00 0.000000e+00
    outer loop
      vertex   -8.397965e+01 9.385967e+01 -2.633130e+01
      vertex   -5.246672e+01 9.385967e+01 -3.180572e+01
      vertex   -5.244208e+01 9.385967e+01 -3.167501e+01
    endloop
  endfacet
  facet normal 0.000000e+00 -1.000000e+00 0.000000e+00
    outer loop
      vertex   -8.397965e+01 9.385967e+01 -2.633130e+01
      vertex   -5.244208e+01 9.385967e+01 -3.167501e+01
      vertex   -5.240030e+01 9.385967e+01 -3.154873e+01
    endloop
  endfacet
  facet normal 0.000000e+00 -1.000000e+00 0.000000e+00
    outer loop
      vertex   -5.240030e+01 9.385967e+01 -3.154873e+01
      vertex   -5.234214e+01 9.385967e+01 -3.142912e+01
      vertex   -8.397965e+01 9.385967e+01 -2.633130e+01
    endloop
  endfacet
  facet normal 1.396046e-15 -1.000000e+00 8.663985e-15
    outer loop
      vertex   -8.397965e+01 9.385967e+01 -2.633130e+01
      vertex   -5.234214e+01 9.385967e+01 -3.142912e+01
      vertex   -5.062564e+01 9.385967e+01 -2.842525e+01
    endloop
  endfacet
  facet normal -1.000000e+00 -7.171881e-14 1.122024e-14
    outer loop
      vertex   -5.062564e+01 4.873186e+01 -2.809062e+01
      vertex   -5.062564e+01 4.873186e+01 -1.542524e+01
      vertex   -5.062564e+01 4.884917e+01 -2.797401e+01
    endloop
  endfacet
  facet normal -1.000000e+00 -8.956838e-15 1.180699e-14
    outer loop
      vertex   -5.062564e+01 4.884917e+01 -2.797401e+01
      vertex   -5.062564e+01 4.873186e+01 -1.542524e+01
      vertex   -5.062564e+01 4.891042e+01 -2.792755e+01
    endloop
  endfacet
  facet normal -1.000000e+00 -7.234012e-15 1.183160e-14
    outer loop
      vertex   -5.062564e+01 4.891042e+01 -2.792755e+01
      vertex   -5.062564e+01 4.873186e+01 -1.542524e+01
      vertex   -5.062564e+01 4.897304e+01 -2.788926e+01
    endloop
  endfacet
  facet normal -1.000000e+00 -5.575503e-15 1.186369e-14
    outer loop
      vertex   -5.062564e+01 4.897304e+01 -2.788926e+01
      vertex   -5.062564e+01 4.873186e+01 -1.542524e+01
      vertex   -5.062564e+01 4.903677e+01 -2.785931e+01
    endloop
  endfacet
  facet normal -1.000000e+00 -3.961066e-15 1.190328e-14
    outer loop
      vertex   -5.062564e+01 4.903677e+01 -2.785931e+01
      vertex   -5.062564e+01 4.873186e+01 -1.542524e+01
      vertex   -5.062564e+01 4.910133e+01 -2.783783e+01
    endloop
  endfacet
  facet normal -1.000000e+00 -2.372376e-15 1.195057e-14
    outer loop
      vertex   -5.062564e+01 4.910133e+01 -2.783783e+01
      vertex   -5.062564e+01 4.873186e+01 -1.542524e+01
      vertex   -5.062564e+01 4.916645e+01 -2.782490e+01
    endloop
  endfacet
  facet normal -1.000000e+00 1.075976e-13 1.580492e-14
    outer loop
      vertex   -5.062564e+01 4.916645e+01 -2.782490e+01
      vertex   -5.062564e+01 4.873186e+01 -1.542524e+01
      vertex   -5.062564e+01 4.923186e+01 -2.782059e+01
    endloop
  endfacet
  facet normal -1.000000e+00 0.000000e+00 1.146467e-14
    outer loop
      vertex   -5.062564e+01 4.923186e+01 -2.782059e+01
      vertex   -5.062564e+01 4.873186e+01 -1.542524e+01
      vertex   -5.062564e+01 4.951771e+01 -2.782059e+01
    endloop
  endfacet
  facet normal -1.000000e+00 -1.428689e-13 2.406872e-15
    outer loop
      vertex   -5.062564e+01 4.951771e+01 -2.782059e+01
      vertex   -5.062564e+01 4.873186e+01 -1.542524e+01
      vertex   -5.062564e+01 4.956741e+01 -2.782308e+01
    endloop
  endfacet
  facet normal -1.000000e+00 1.830848e-15 1.215888e-14
    outer loop
      vertex   -5.062564e+01 4.956741e+01 -2.782308e+01
      vertex   -5.062564e+01 4.873186e+01 -1.542524e+01
      vertex   -5.062564e+01 4.961698e+01 -2.783054e+01
    endloop
  endfacet
  facet normal -1.000000e+00 3.084050e-15 1.224829e-14
    outer loop
      vertex   -5.062564e+01 4.961698e+01 -2.783054e+01
      vertex   -5.062564e+01 4.873186e+01 -1.542524e+01
      vertex   -5.062564e+01 4.966630e+01 -2.784296e+01
    endloop
  endfacet
  facet normal -1.000000e+00 4.361398e-14 1.529820e-14
    outer loop
      vertex   -5.062564e+01 4.966630e+01 -2.784296e+01
      vertex   -5.062564e+01 4.873186e+01 -1.542524e+01
      vertex   -5.062564e+01 9.385967e+01 -1.542524e+01
    endloop
  endfacet
  facet normal -1.000000e+00 2.226491e-14 9.127732e-14
    outer loop
      vertex   -5.062564e+01 4.966630e+01 -2.784296e+01
      vertex   -5.062564e+01 9.385967e+01 -1.542524e+01
      vertex   -5.062564e+01 9.385967e+01 -2.842525e+01
    endloop
  endfacet
  facet normal -1.000000e+00 2.117240e-14 1.137373e-14
    outer loop
      vertex   -5.062564e+01 5.023186e+01 -2.842525e+01
      vertex   -5.062564e+01 5.015885e+01 -2.828935e+01
      vertex   -5.062564e+01 9.385967e+01 -2.842525e+01
    endloop
  endfacet
  facet normal -1.000000e+00 2.099680e-14 -4.509213e-14
    outer loop
      vertex   -5.062564e+01 9.385967e+01 -2.842525e+01
      vertex   -5.062564e+01 5.015885e+01 -2.828935e+01
      vertex   -5.062564e+01 5.007951e+01 -2.816872e+01
    endloop
  endfacet
  facet normal -1.000000e+00 2.136304e-14 1.741083e-14
    outer loop
      vertex   -5.062564e+01 9.385967e+01 -2.842525e+01
      vertex   -5.062564e+01 5.007951e+01 -2.816872e+01
      vertex   -5.062564e+01 4.999461e+01 -2.806455e+01
    endloop
  endfacet
  facet normal -1.000000e+00 2.140183e-14 2.212755e-14
    outer loop
      vertex   -5.062564e+01 4.999461e+01 -2.806455e+01
      vertex   -5.062564e+01 4.990501e+01 -2.797789e+01
      vertex   -5.062564e+01 9.385967e+01 -2.842525e+01
    endloop
  endfacet
  facet normal -1.000000e+00 2.147557e-14 2.937256e-14
    outer loop
      vertex   -5.062564e+01 9.385967e+01 -2.842525e+01
      vertex   -5.062564e+01 4.990501e+01 -2.797789e+01
      vertex   -5.062564e+01 4.981159e+01 -2.790958e+01
    endloop
  endfacet
  facet normal -1.000000e+00 2.162662e-14 4.227481e-14
    outer loop
      vertex   -5.062564e+01 9.385967e+01 -2.842525e+01
      vertex   -5.062564e+01 4.981159e+01 -2.790958e+01
      vertex   -5.062564e+01 4.971526e+01 -2.786030e+01
    endloop
  endfacet
  facet normal -1.000000e+00 2.187583e-14 6.174773e-14
    outer loop
      vertex   -5.062564e+01 4.971526e+01 -2.786030e+01
      vertex   -5.062564e+01 4.966630e+01 -2.784296e+01
      vertex   -5.062564e+01 9.385967e+01 -2.842525e+01
    endloop
  endfacet
  facet normal 0.000000e+00 1.000000e+00 0.000000e+00
    outer loop
      vertex   -5.493127e+01 4.873186e+01 -1.813318e+01
      vertex   -5.491550e+01 4.873186e+01 -1.788251e+01
      vertex   -5.062564e+01 4.873186e+01 -1.542524e+01
    endloop
  endfacet
  facet normal 0.000000e+00 1.000000e+00 0.000000e+00
    outer loop
      vertex   -5.062564e+01 4.873186e+01 -1.542524e+01
      vertex   -5.491550e+01 4.873186e+01 -1.788251e+01
      vertex   -5.493127e+01 4.873186e+01 -1.763184e+01
    endloop
  endfacet
  facet normal 0.000000e+00 1.000000e+00 0.000000e+00
    outer loop
      vertex   -5.062564e+01 4.873186e+01 -1.542524e+01
      vertex   -5.493127e+01 4.873186e+01 -1.763184e+01
      vertex   -5.497834e+01 4.873186e+01 -1.738513e+01
    endloop
  endfacet
  facet normal 0.000000e+00 1.000000e+00 -0.000000e+00
    outer loop
      vertex   -5.497834e+01 4.873186e+01 -1.738513e+01
      vertex   -5.505595e+01 4.873186e+01 -1.714626e+01
      vertex   -5.062564e+01 4.873186e+01 -1.542524e+01
    endloop
  endfacet
  facet normal 0.000000e+00 1.000000e+00 0.000000e+00
    outer loop
      vertex   -5.062564e+01 4.873186e+01 -1.542524e+01
      vertex   -5.505595e+01 4.873186e+01 -1.714626e+01
      vertex   -5.516289e+01 4.873186e+01 -1.691900e+01
    endloop
  endfacet
  facet normal -9.124568e-15 1.000000e+00 2.771556e-14
    outer loop
      vertex   -5.062564e+01 4.873186e+01 -1.542524e+01
      vertex   -5.516289e+01 4.873186e+01 -1.691900e+01
      vertex   -5.529747e+01 4.873186e+01 -1.670694e+01
    endloop
  endfacet
  facet normal -1.239577e-15 1.000000e+00 -1.025468e-15
    outer loop
      vertex   -5.529747e+01 4.873186e+01 -1.670694e+01
      vertex   -5.545757e+01 4.873186e+01 -1.651342e+01
      vertex   -5.062564e+01 4.873186e+01 -1.542524e+01
    endloop
  endfacet
  facet normal -1.186075e-15 1.000000e+00 -1.263041e-15
    outer loop
      vertex   -5.062564e+01 4.873186e+01 -1.542524e+01
      vertex   -5.545757e+01 4.873186e+01 -1.651342e+01
      vertex   -5.564066e+01 4.873186e+01 -1.634148e+01
    endloop
  endfacet
  facet normal -1.132139e-15 1.000000e+00 -1.558256e-15
    outer loop
      vertex   -5.062564e+01 4.873186e+01 -1.542524e+01
      vertex   -5.564066e+01 4.873186e+01 -1.634148e+01
      vertex   -5.584385e+01 4.873186e+01 -1.619385e+01
    endloop
  endfacet
  facet normal -1.073927e-15 1.000000e+00 -1.953465e-15
    outer loop
      vertex   -5.584385e+01 4.873186e+01 -1.619385e+01
      vertex   -5.606394e+01 4.873186e+01 -1.607286e+01
      vertex   -5.062564e+01 4.873186e+01 -1.542524e+01
    endloop
  endfacet
  facet normal -1.004445e-15 1.000000e+00 -2.536938e-15
    outer loop
      vertex   -5.062564e+01 4.873186e+01 -1.542524e+01
      vertex   -5.606394e+01 4.873186e+01 -1.607286e+01
      vertex   -5.629747e+01 4.873186e+01 -1.598040e+01
    endloop
  endfacet
  facet normal -9.069974e-16 1.000000e+00 -3.532522e-15
    outer loop
      vertex   -5.062564e+01 4.873186e+01 -1.542524e+01
      vertex   -5.629747e+01 4.873186e+01 -1.598040e+01
      vertex   -5.654074e+01 4.873186e+01 -1.591794e+01
    endloop
  endfacet
  facet normal -7.239233e-16 1.000000e+00 -5.730443e-15
    outer loop
      vertex   -5.654074e+01 4.873186e+01 -1.591794e+01
      vertex   -5.678992e+01 4.873186e+01 -1.588646e+01
      vertex   -5.062564e+01 4.873186e+01 -1.542524e+01
    endloop
  endfacet
  facet normal -5.974793e-16 1.000000e+00 -7.420408e-15
    outer loop
      vertex   -5.062564e+01 4.873186e+01 -1.542524e+01
      vertex   -5.678992e+01 4.873186e+01 -1.588646e+01
      vertex   -6.119383e+01 4.873186e+01 -1.457431e+01
    endloop
  endfacet
  facet normal 0.000000e+00 1.000000e+00 -0.000000e+00
    outer loop
      vertex   -5.062564e+01 4.873186e+01 -1.542524e+01
      vertex   -6.119383e+01 4.873186e+01 -1.457431e+01
      vertex   -4.832564e+01 4.873186e+01 -1.457431e+01
    endloop
  endfacet
  facet normal -1.148960e-28 1.000000e+00 -5.415112e-15
    outer loop
      vertex   -5.678992e+01 4.873186e+01 -1.588646e+01
      vertex   -5.704108e+01 4.873186e+01 -1.588646e+01
      vertex   -6.119383e+01 4.873186e+01 -1.457431e+01
    endloop
  endfacet
  facet normal 4.886992e-16 1.000000e+00 -3.868453e-15
    outer loop
      vertex   -6.119383e+01 4.873186e+01 -1.457431e+01
      vertex   -5.704108e+01 4.873186e+01 -1.588646e+01
      vertex   -5.729027e+01 4.873186e+01 -1.591794e+01
    endloop
  endfacet
  facet normal 4.576594e-15 1.000000e+00 8.007890e-15
    outer loop
      vertex   -6.119383e+01 4.873186e+01 -1.457431e+01
      vertex   -5.729027e+01 4.873186e+01 -1.591794e+01
      vertex   -6.186238e+01 4.873186e+01 -1.507953e+01
    endloop
  endfacet
  facet normal 1.813193e-15 1.000000e+00 -7.061920e-15
    outer loop
      vertex   -6.186238e+01 4.873186e+01 -1.507953e+01
      vertex   -5.729027e+01 4.873186e+01 -1.591794e+01
      vertex   -5.753354e+01 4.873186e+01 -1.598040e+01
    endloop
  endfacet
  facet normal 2.151802e-15 1.000000e+00 -5.434832e-15
    outer loop
      vertex   -6.186238e+01 4.873186e+01 -1.507953e+01
      vertex   -5.753354e+01 4.873186e+01 -1.598040e+01
      vertex   -5.776706e+01 4.873186e+01 -1.607286e+01
    endloop
  endfacet
  facet normal 2.588958e-15 1.000000e+00 -3.632511e-15
    outer loop
      vertex   -6.186238e+01 4.873186e+01 -1.507953e+01
      vertex   -5.776706e+01 4.873186e+01 -1.607286e+01
      vertex   -6.254477e+01 4.873186e+01 -1.556589e+01
    endloop
  endfacet
  facet normal 2.493184e-15 1.000000e+00 -4.535085e-15
    outer loop
      vertex   -6.254477e+01 4.873186e+01 -1.556589e+01
      vertex   -5.776706e+01 4.873186e+01 -1.607286e+01
      vertex   -5.798716e+01 4.873186e+01 -1.619385e+01
    endloop
  endfacet
  facet normal 2.620993e-15 1.000000e+00 -3.607487e-15
    outer loop
      vertex   -6.254477e+01 4.873186e+01 -1.556589e+01
      vertex   -5.798716e+01 4.873186e+01 -1.619385e+01
      vertex   -5.819035e+01 4.873186e+01 -1.634148e+01
    endloop
  endfacet
  facet normal 4.379227e-16 1.000000e+00 -1.586386e-14
    outer loop
      vertex   -6.254477e+01 4.873186e+01 -1.556589e+01
      vertex   -5.819035e+01 4.873186e+01 -1.634148e+01
      vertex   -6.324048e+01 4.873186e+01 -1.603299e+01
    endloop
  endfacet
  facet normal 1.321046e-15 1.000000e+00 -1.406771e-15
    outer loop
      vertex   -6.324048e+01 4.873186e+01 -1.603299e+01
      vertex   -5.819035e+01 4.873186e+01 -1.634148e+01
      vertex   -5.837344e+01 4.873186e+01 -1.651342e+01
    endloop
  endfacet
  facet normal 1.349692e-15 1.000000e+00 -1.116562e-15
    outer loop
      vertex   -6.324048e+01 4.873186e+01 -1.603299e+01
      vertex   -5.837344e+01 4.873186e+01 -1.651342e+01
      vertex   -5.853354e+01 4.873186e+01 -1.670694e+01
    endloop
  endfacet
  facet normal 1.808574e-15 1.000000e+00 3.235843e-14
    outer loop
      vertex   -5.866812e+01 4.873186e+01 -1.691900e+01
      vertex   -6.373366e+01 4.873186e+01 -1.641629e+01
      vertex   -5.853354e+01 4.873186e+01 -1.670694e+01
    endloop
  endfacet
  facet normal 0.000000e+00 1.000000e+00 0.000000e+00
    outer loop
      vertex   -5.853354e+01 4.873186e+01 -1.670694e+01
      vertex   -6.373366e+01 4.873186e+01 -1.641629e+01
      vertex   -6.349506e+01 4.873186e+01 -1.621436e+01
    endloop
  endfacet
  facet normal -3.413803e-15 1.000000e+00 -3.438549e-14
    outer loop
      vertex   -5.853354e+01 4.873186e+01 -1.670694e+01
      vertex   -6.349506e+01 4.873186e+01 -1.621436e+01
      vertex   -6.324048e+01 4.873186e+01 -1.603299e+01
    endloop
  endfacet
  facet normal -1.276144e-15 1.000000e+00 1.275227e-15
    outer loop
      vertex   -6.373366e+01 4.873186e+01 -1.641629e+01
      vertex   -5.866812e+01 4.873186e+01 -1.691900e+01
      vertex   -6.395461e+01 4.873186e+01 -1.663740e+01
    endloop
  endfacet
  facet normal -1.311206e-15 1.000000e+00 6.170068e-16
    outer loop
      vertex   -6.395461e+01 4.873186e+01 -1.663740e+01
      vertex   -5.866812e+01 4.873186e+01 -1.691900e+01
      vertex   -5.877506e+01 4.873186e+01 -1.714626e+01
    endloop
  endfacet
  facet normal -1.266654e-15 1.000000e+00 1.070488e-15
    outer loop
      vertex   -6.395461e+01 4.873186e+01 -1.663740e+01
      vertex   -5.877506e+01 4.873186e+01 -1.714626e+01
      vertex   -6.415637e+01 4.873186e+01 -1.687614e+01
    endloop
  endfacet
  facet normal -1.299199e-15 1.000000e+00 4.221354e-16
    outer loop
      vertex   -6.415637e+01 4.873186e+01 -1.687614e+01
      vertex   -5.877506e+01 4.873186e+01 -1.714626e+01
      vertex   -5.885267e+01 4.873186e+01 -1.738513e+01
    endloop
  endfacet
  facet normal -1.254101e-15 1.000000e+00 8.920641e-16
    outer loop
      vertex   -6.415637e+01 4.873186e+01 -1.687614e+01
      vertex   -5.885267e+01 4.873186e+01 -1.738513e+01
      vertex   -6.433755e+01 4.873186e+01 -1.713085e+01
    endloop
  endfacet
  facet normal -1.260823e-15 1.000000e+00 7.470651e-16
    outer loop
      vertex   -6.433755e+01 4.873186e+01 -1.713085e+01
      vertex   -5.885267e+01 4.873186e+01 -1.738513e+01
      vertex   -6.449689e+01 4.873186e+01 -1.739977e+01
    endloop
  endfacet
  facet normal -1.259508e-15 1.000000e+00 2.402640e-16
    outer loop
      vertex   -6.449689e+01 4.873186e+01 -1.739977e+01
      vertex   -5.885267e+01 4.873186e+01 -1.738513e+01
      vertex   -5.889973e+01 4.873186e+01 -1.763184e+01
    endloop
  endfacet
  facet normal -1.244448e-15 1.000000e+00 6.034781e-16
    outer loop
      vertex   -6.449689e+01 4.873186e+01 -1.739977e+01
      vertex   -5.889973e+01 4.873186e+01 -1.763184e+01
      vertex   -6.463328e+01 4.873186e+01 -1.768102e+01
    endloop
  endfacet
  facet normal -1.239941e-15 1.000000e+00 7.801047e-17
    outer loop
      vertex   -6.463328e+01 4.873186e+01 -1.768102e+01
      vertex   -5.889973e+01 4.873186e+01 -1.763184e+01
      vertex   -5.891550e+01 4.873186e+01 -1.788251e+01
    endloop
  endfacet
  facet normal -3.789907e-16 1.000000e+00 2.451026e-14
    outer loop
      vertex   -6.463328e+01 4.873186e+01 -1.768102e+01
      vertex   -5.891550e+01 4.873186e+01 -1.788251e+01
      vertex   -6.474578e+01 4.873186e+01 -1.797266e+01
    endloop
  endfacet
  facet normal -0.000000e+00 1.000000e+00 0.000000e+00
    outer loop
      vertex   -6.474578e+01 4.873186e+01 -1.797266e+01
      vertex   -5.891550e+01 4.873186e+01 -1.788251e+01
      vertex   -5.889973e+01 4.873186e+01 -1.813318e+01
    endloop
  endfacet
  facet normal 0.000000e+00 1.000000e+00 0.000000e+00
    outer loop
      vertex   -6.474578e+01 4.873186e+01 -1.797266e+01
      vertex   -5.889973e+01 4.873186e+01 -1.813318e+01
      vertex   -6.484003e+01 4.873186e+01 -1.820282e+01
    endloop
  endfacet
  facet normal -0.000000e+00 1.000000e+00 0.000000e+00
    outer loop
      vertex   -6.484003e+01 4.873186e+01 -1.820282e+01
      vertex   -5.889973e+01 4.873186e+01 -1.813318e+01
      vertex   -5.885267e+01 4.873186e+01 -1.837989e+01
    endloop
  endfacet
  facet normal 0.000000e+00 1.000000e+00 0.000000e+00
    outer loop
      vertex   -6.484003e+01 4.873186e+01 -1.820282e+01
      vertex   -5.885267e+01 4.873186e+01 -1.837989e+01
      vertex   -6.496211e+01 4.873186e+01 -1.841950e+01
    endloop
  endfacet
  facet normal -0.000000e+00 1.000000e+00 0.000000e+00
    outer loop
      vertex   -6.496211e+01 4.873186e+01 -1.841950e+01
      vertex   -5.885267e+01 4.873186e+01 -1.837989e+01
      vertex   -5.877506e+01 4.873186e+01 -1.861876e+01
    endloop
  endfacet
  facet normal 1.118362e-15 1.000000e+00 3.472507e-14
    outer loop
      vertex   -6.496211e+01 4.873186e+01 -1.841950e+01
      vertex   -5.877506e+01 4.873186e+01 -1.861876e+01
      vertex   -6.511015e+01 4.873186e+01 -1.861935e+01
    endloop
  endfacet
  facet normal 1.121549e-15 1.000000e+00 5.277607e-16
    outer loop
      vertex   -6.511015e+01 4.873186e+01 -1.861935e+01
      vertex   -5.877506e+01 4.873186e+01 -1.861876e+01
      vertex   -5.866812e+01 4.873186e+01 -1.884602e+01
    endloop
  endfacet
  facet normal 1.067150e-15 1.000000e+00 -1.018293e-15
    outer loop
      vertex   -6.511015e+01 4.873186e+01 -1.861935e+01
      vertex   -5.866812e+01 4.873186e+01 -1.884602e+01
      vertex   -6.528185e+01 4.873186e+01 -1.879928e+01
    endloop
  endfacet
  facet normal 1.317015e-15 1.000000e+00 3.434199e-14
    outer loop
      vertex   -6.528185e+01 4.873186e+01 -1.879928e+01
      vertex   -5.866812e+01 4.873186e+01 -1.884602e+01
      vertex   -5.853354e+01 4.873186e+01 -1.905808e+01
    endloop
  endfacet
  facet normal 0.000000e+00 1.000000e+00 0.000000e+00
    outer loop
      vertex   -6.528185e+01 4.873186e+01 -1.879928e+01
      vertex   -5.853354e+01 4.873186e+01 -1.905808e+01
      vertex   -6.547455e+01 4.873186e+01 -1.895651e+01
    endloop
  endfacet
  facet normal 0.000000e+00 1.000000e+00 0.000000e+00
    outer loop
      vertex   -6.547455e+01 4.873186e+01 -1.895651e+01
      vertex   -5.853354e+01 4.873186e+01 -1.905808e+01
      vertex   -5.837344e+01 4.873186e+01 -1.925160e+01
    endloop
  endfacet
  facet normal 0.000000e+00 1.000000e+00 0.000000e+00
    outer loop
      vertex   -6.547455e+01 4.873186e+01 -1.895651e+01
      vertex   -5.837344e+01 4.873186e+01 -1.925160e+01
      vertex   -6.568527e+01 4.873186e+01 -1.908862e+01
    endloop
  endfacet
  facet normal 0.000000e+00 1.000000e+00 0.000000e+00
    outer loop
      vertex   -6.568527e+01 4.873186e+01 -1.908862e+01
      vertex   -5.837344e+01 4.873186e+01 -1.925160e+01
      vertex   -5.819035e+01 4.873186e+01 -1.942354e+01
    endloop
  endfacet
  facet normal 0.000000e+00 1.000000e+00 0.000000e+00
    outer loop
      vertex   -6.568527e+01 4.873186e+01 -1.908862e+01
      vertex   -5.819035e+01 4.873186e+01 -1.942354e+01
      vertex   -6.591076e+01 4.873186e+01 -1.919354e+01
    endloop
  endfacet
  facet normal 0.000000e+00 1.000000e+00 0.000000e+00
    outer loop
      vertex   -6.591076e+01 4.873186e+01 -1.919354e+01
      vertex   -5.819035e+01 4.873186e+01 -1.942354e+01
      vertex   -5.798716e+01 4.873186e+01 -1.957117e+01
    endloop
  endfacet
  facet normal 0.000000e+00 1.000000e+00 0.000000e+00
    outer loop
      vertex   -6.591076e+01 4.873186e+01 -1.919354e+01
      vertex   -5.798716e+01 4.873186e+01 -1.957117e+01
      vertex   -6.614753e+01 4.873186e+01 -1.926967e+01
    endloop
  endfacet
  facet normal 0.000000e+00 1.000000e+00 0.000000e+00
    outer loop
      vertex   -6.614753e+01 4.873186e+01 -1.926967e+01
      vertex   -5.798716e+01 4.873186e+01 -1.957117e+01
      vertex   -5.776706e+01 4.873186e+01 -1.969216e+01
    endloop
  endfacet
  facet normal 0.000000e+00 1.000000e+00 0.000000e+00
    outer loop
      vertex   -6.614753e+01 4.873186e+01 -1.926967e+01
      vertex   -5.776706e+01 4.873186e+01 -1.969216e+01
      vertex   -5.753354e+01 4.873186e+01 -1.978462e+01
    endloop
  endfacet
  facet normal 0.000000e+00 1.000000e+00 0.000000e+00
    outer loop
      vertex   -6.614753e+01 4.873186e+01 -1.926967e+01
      vertex   -5.753354e+01 4.873186e+01 -1.978462e+01
      vertex   -6.639192e+01 4.873186e+01 -1.931582e+01
    endloop
  endfacet
  facet normal 0.000000e+00 1.000000e+00 0.000000e+00
    outer loop
      vertex   -6.639192e+01 4.873186e+01 -1.931582e+01
      vertex   -5.753354e+01 4.873186e+01 -1.978462e+01
      vertex   -5.729027e+01 4.873186e+01 -1.984708e+01
    endloop
  endfacet
  facet normal 0.000000e+00 1.000000e+00 0.000000e+00
    outer loop
      vertex   -6.639192e+01 4.873186e+01 -1.931582e+01
      vertex   -5.729027e+01 4.873186e+01 -1.984708e+01
      vertex   -6.664015e+01 4.873186e+01 -1.933128e+01
    endloop
  endfacet
  facet normal 2.203116e-16 1.000000e+00 3.993574e-15
    outer loop
      vertex   -6.664015e+01 4.873186e+01 -1.933128e+01
      vertex   -5.729027e+01 4.873186e+01 -1.984708e+01
      vertex   -5.063132e+01 4.873186e+01 -2.733130e+01
    endloop
  endfacet
  facet normal 2.528450e-16 1.000000e+00 4.058676e-15
    outer loop
      vertex   -6.664015e+01 4.873186e+01 -1.933128e+01
      vertex   -5.063132e+01 4.873186e+01 -2.733130e+01
      vertex   -6.688837e+01 4.873186e+01 -1.931582e+01
    endloop
  endfacet
  facet normal 6.045038e-29 1.000000e+00 3.545854e-15
    outer loop
      vertex   -6.688837e+01 4.873186e+01 -1.931582e+01
      vertex   -5.063132e+01 4.873186e+01 -2.733130e+01
      vertex   -7.939192e+01 4.873186e+01 -1.931582e+01
    endloop
  endfacet
  facet normal 0.000000e+00 1.000000e+00 0.000000e+00
    outer loop
      vertex   -6.688837e+01 4.873186e+01 -1.931582e+01
      vertex   -7.939192e+01 4.873186e+01 -1.931582e+01
      vertex   -6.713276e+01 4.873186e+01 -1.926967e+01
    endloop
  endfacet
  facet normal 0.000000e+00 1.000000e+00 0.000000e+00
    outer loop
      vertex   -6.713276e+01 4.873186e+01 -1.926967e+01
      vertex   -7.939192e+01 4.873186e+01 -1.931582e+01
      vertex   -7.914753e+01 4.873186e+01 -1.926967e+01
    endloop
  endfacet
  facet normal 0.000000e+00 1.000000e+00 0.000000e+00
    outer loop
      vertex   -6.713276e+01 4.873186e+01 -1.926967e+01
      vertex   -7.914753e+01 4.873186e+01 -1.926967e+01
      vertex   -6.736953e+01 4.873186e+01 -1.919354e+01
    endloop
  endfacet
  facet normal 0.000000e+00 1.000000e+00 0.000000e+00
    outer loop
      vertex   -6.736953e+01 4.873186e+01 -1.919354e+01
      vertex   -7.914753e+01 4.873186e+01 -1.926967e+01
      vertex   -7.891076e+01 4.873186e+01 -1.919354e+01
    endloop
  endfacet
  facet normal 0.000000e+00 1.000000e+00 0.000000e+00
    outer loop
      vertex   -6.736953e+01 4.873186e+01 -1.919354e+01
      vertex   -7.891076e+01 4.873186e+01 -1.919354e+01
      vertex   -6.759502e+01 4.873186e+01 -1.908862e+01
    endloop
  endfacet
  facet normal 0.000000e+00 1.000000e+00 0.000000e+00
    outer loop
      vertex   -6.759502e+01 4.873186e+01 -1.908862e+01
      vertex   -7.891076e+01 4.873186e+01 -1.919354e+01
      vertex   -7.868527e+01 4.873186e+01 -1.908862e+01
    endloop
  endfacet
  facet normal 0.000000e+00 1.000000e+00 0.000000e+00
    outer loop
      vertex   -6.759502e+01 4.873186e+01 -1.908862e+01
      vertex   -7.868527e+01 4.873186e+01 -1.908862e+01
      vertex   -6.780575e+01 4.873186e+01 -1.895651e+01
    endloop
  endfacet
  facet normal 0.000000e+00 1.000000e+00 0.000000e+00
    outer loop
      vertex   -6.780575e+01 4.873186e+01 -1.895651e+01
      vertex   -7.868527e+01 4.873186e+01 -1.908862e+01
      vertex   -7.847455e+01 4.873186e+01 -1.895651e+01
    endloop
  endfacet
  facet normal 0.000000e+00 1.000000e+00 0.000000e+00
    outer loop
      vertex   -6.780575e+01 4.873186e+01 -1.895651e+01
      vertex   -7.847455e+01 4.873186e+01 -1.895651e+01
      vertex   -6.799845e+01 4.873186e+01 -1.879928e+01
    endloop
  endfacet
  facet normal 0.000000e+00 1.000000e+00 0.000000e+00
    outer loop
      vertex   -6.799845e+01 4.873186e+01 -1.879928e+01
      vertex   -7.847455e+01 4.873186e+01 -1.895651e+01
      vertex   -7.828185e+01 4.873186e+01 -1.879928e+01
    endloop
  endfacet
  facet normal 0.000000e+00 1.000000e+00 0.000000e+00
    outer loop
      vertex   -6.799845e+01 4.873186e+01 -1.879928e+01
      vertex   -7.828185e+01 4.873186e+01 -1.879928e+01
      vertex   -6.817014e+01 4.873186e+01 -1.861935e+01
    endloop
  endfacet
  facet normal 0.000000e+00 1.000000e+00 0.000000e+00
    outer loop
      vertex   -6.817014e+01 4.873186e+01 -1.861935e+01
      vertex   -7.828185e+01 4.873186e+01 -1.879928e+01
      vertex   -7.811015e+01 4.873186e+01 -1.861935e+01
    endloop
  endfacet
  facet normal -1.524884e-28 1.000000e+00 3.555348e-14
    outer loop
      vertex   -6.817014e+01 4.873186e+01 -1.861935e+01
      vertex   -7.811015e+01 4.873186e+01 -1.861935e+01
      vertex   -6.831818e+01 4.873186e+01 -1.841950e+01
    endloop
  endfacet
  facet normal -2.750472e-28 1.000000e+00 3.555348e-14
    outer loop
      vertex   -6.831818e+01 4.873186e+01 -1.841950e+01
      vertex   -7.811015e+01 4.873186e+01 -1.861935e+01
      vertex   -7.796211e+01 4.873186e+01 -1.841950e+01
    endloop
  endfacet
  facet normal 0.000000e+00 1.000000e+00 0.000000e+00
    outer loop
      vertex   -6.831818e+01 4.873186e+01 -1.841950e+01
      vertex   -7.796211e+01 4.873186e+01 -1.841950e+01
      vertex   -6.844026e+01 4.873186e+01 -1.820282e+01
    endloop
  endfacet
  facet normal 0.000000e+00 1.000000e+00 0.000000e+00
    outer loop
      vertex   -6.844026e+01 4.873186e+01 -1.820282e+01
      vertex   -7.796211e+01 4.873186e+01 -1.841950e+01
      vertex   -7.784003e+01 4.873186e+01 -1.820282e+01
    endloop
  endfacet
  facet normal 0.000000e+00 1.000000e+00 0.000000e+00
    outer loop
      vertex   -6.844026e+01 4.873186e+01 -1.820282e+01
      vertex   -7.784003e+01 4.873186e+01 -1.820282e+01
      vertex   -6.853452e+01 4.873186e+01 -1.797266e+01
    endloop
  endfacet
  facet normal 0.000000e+00 1.000000e+00 0.000000e+00
    outer loop
      vertex   -6.853452e+01 4.873186e+01 -1.797266e+01
      vertex   -7.784003e+01 4.873186e+01 -1.820282e+01
      vertex   -7.774578e+01 4.873186e+01 -1.797266e+01
    endloop
  endfacet
  facet normal 1.765000e-28 1.000000e+00 2.288093e-14
    outer loop
      vertex   -6.853452e+01 4.873186e+01 -1.797266e+01
      vertex   -7.774578e+01 4.873186e+01 -1.797266e+01
      vertex   -6.865528e+01 4.873186e+01 -1.766212e+01
    endloop
  endfacet
  facet normal 4.350067e-28 1.000000e+00 2.288093e-14
    outer loop
      vertex   -6.865528e+01 4.873186e+01 -1.766212e+01
      vertex   -7.774578e+01 4.873186e+01 -1.797266e+01
      vertex   -7.762501e+01 4.873186e+01 -1.766212e+01
    endloop
  endfacet
  facet normal 0.000000e+00 1.000000e+00 0.000000e+00
    outer loop
      vertex   -6.865528e+01 4.873186e+01 -1.766212e+01
      vertex   -7.762501e+01 4.873186e+01 -1.766212e+01
      vertex   -6.880314e+01 4.873186e+01 -1.736353e+01
    endloop
  endfacet
  facet normal 0.000000e+00 1.000000e+00 0.000000e+00
    outer loop
      vertex   -6.880314e+01 4.873186e+01 -1.736353e+01
      vertex   -7.762501e+01 4.873186e+01 -1.766212e+01
      vertex   -7.747715e+01 4.873186e+01 -1.736353e+01
    endloop
  endfacet
  facet normal 0.000000e+00 1.000000e+00 0.000000e+00
    outer loop
      vertex   -6.880314e+01 4.873186e+01 -1.736353e+01
      vertex   -7.747715e+01 4.873186e+01 -1.736353e+01
      vertex   -6.897691e+01 4.873186e+01 -1.707924e+01
    endloop
  endfacet
  facet normal 0.000000e+00 1.000000e+00 0.000000e+00
    outer loop
      vertex   -6.897691e+01 4.873186e+01 -1.707924e+01
      vertex   -7.747715e+01 4.873186e+01 -1.736353e+01
      vertex   -7.730338e+01 4.873186e+01 -1.707924e+01
    endloop
  endfacet
  facet normal 0.000000e+00 1.000000e+00 0.000000e+00
    outer loop
      vertex   -6.897691e+01 4.873186e+01 -1.707924e+01
      vertex   -7.730338e+01 4.873186e+01 -1.707924e+01
      vertex   -6.917524e+01 4.873186e+01 -1.681149e+01
    endloop
  endfacet
  facet normal 0.000000e+00 1.000000e+00 0.000000e+00
    outer loop
      vertex   -6.917524e+01 4.873186e+01 -1.681149e+01
      vertex   -7.730338e+01 4.873186e+01 -1.707924e+01
      vertex   -7.710505e+01 4.873186e+01 -1.681149e+01
    endloop
  endfacet
  facet normal 0.000000e+00 1.000000e+00 0.000000e+00
    outer loop
      vertex   -6.917524e+01 4.873186e+01 -1.681149e+01
      vertex   -7.710505e+01 4.873186e+01 -1.681149e+01
      vertex   -6.939655e+01 4.873186e+01 -1.656241e+01
    endloop
  endfacet
  facet normal 0.000000e+00 1.000000e+00 0.000000e+00
    outer loop
      vertex   -6.939655e+01 4.873186e+01 -1.656241e+01
      vertex   -7.710505e+01 4.873186e+01 -1.681149e+01
      vertex   -7.688374e+01 4.873186e+01 -1.656241e+01
    endloop
  endfacet
  facet normal 0.000000e+00 1.000000e+00 0.000000e+00
    outer loop
      vertex   -6.939655e+01 4.873186e+01 -1.656241e+01
      vertex   -7.688374e+01 4.873186e+01 -1.656241e+01
      vertex   -6.963909e+01 4.873186e+01 -1.633396e+01
    endloop
  endfacet
  facet normal 0.000000e+00 1.000000e+00 0.000000e+00
    outer loop
      vertex   -6.963909e+01 4.873186e+01 -1.633396e+01
      vertex   -7.688374e+01 4.873186e+01 -1.656241e+01
      vertex   -7.664120e+01 4.873186e+01 -1.633396e+01
    endloop
  endfacet
  facet normal 0.000000e+00 1.000000e+00 0.000000e+00
    outer loop
      vertex   -6.963909e+01 4.873186e+01 -1.633396e+01
      vertex   -7.664120e+01 4.873186e+01 -1.633396e+01
      vertex   -6.990096e+01 4.873186e+01 -1.612793e+01
    endloop
  endfacet
  facet normal 0.000000e+00 1.000000e+00 0.000000e+00
    outer loop
      vertex   -6.990096e+01 4.873186e+01 -1.612793e+01
      vertex   -7.664120e+01 4.873186e+01 -1.633396e+01
      vertex   -7.637933e+01 4.873186e+01 -1.612793e+01
    endloop
  endfacet
  facet normal 0.000000e+00 1.000000e+00 0.000000e+00
    outer loop
      vertex   -6.990096e+01 4.873186e+01 -1.612793e+01
      vertex   -7.637933e+01 4.873186e+01 -1.612793e+01
      vertex   -7.018008e+01 4.873186e+01 -1.594597e+01
    endloop
  endfacet
  facet normal 0.000000e+00 1.000000e+00 0.000000e+00
    outer loop
      vertex   -7.018008e+01 4.873186e+01 -1.594597e+01
      vertex   -7.637933e+01 4.873186e+01 -1.612793e+01
      vertex   -7.610021e+01 4.873186e+01 -1.594597e+01
    endloop
  endfacet
  facet normal -2.866012e-28 1.000000e+00 -1.364525e-14
    outer loop
      vertex   -7.018008e+01 4.873186e+01 -1.594597e+01
      vertex   -7.610021e+01 4.873186e+01 -1.594597e+01
      vertex   -7.208646e+01 4.873186e+01 -1.542524e+01
    endloop
  endfacet
  facet normal -2.341331e-15 1.000000e+00 4.401749e-15
    outer loop
      vertex   -7.208646e+01 4.873186e+01 -1.542524e+01
      vertex   -7.610021e+01 4.873186e+01 -1.594597e+01
      vertex   -7.580604e+01 4.873186e+01 -1.578950e+01
    endloop
  endfacet
  facet normal -6.577102e-28 1.000000e+00 -1.950681e-14
    outer loop
      vertex   -7.208646e+01 4.873186e+01 -1.542524e+01
      vertex   -7.580604e+01 4.873186e+01 -1.578950e+01
      vertex   -7.419383e+01 4.873186e+01 -1.542524e+01
    endloop
  endfacet
  facet normal -3.604377e-14 1.000000e+00 1.400252e-13
    outer loop
      vertex   -7.419383e+01 4.873186e+01 -1.542524e+01
      vertex   -7.580604e+01 4.873186e+01 -1.578950e+01
      vertex   -7.549915e+01 4.873186e+01 -1.565975e+01
    endloop
  endfacet
  facet normal -2.467426e-14 1.000000e+00 7.674152e-14
    outer loop
      vertex   -7.419383e+01 4.873186e+01 -1.542524e+01
      vertex   -7.549915e+01 4.873186e+01 -1.565975e+01
      vertex   -7.518194e+01 4.873186e+01 -1.555776e+01
    endloop
  endfacet
  facet normal 5.404939e-16 1.000000e+00 4.278450e-15
    outer loop
      vertex   -5.729027e+01 4.873186e+01 -1.984708e+01
      vertex   -5.704108e+01 4.873186e+01 -1.987856e+01
      vertex   -5.063132e+01 4.873186e+01 -2.733130e+01
    endloop
  endfacet
  facet normal 5.394370e-29 1.000000e+00 3.813595e-15
    outer loop
      vertex   -5.063132e+01 4.873186e+01 -2.733130e+01
      vertex   -5.704108e+01 4.873186e+01 -1.987856e+01
      vertex   -5.678992e+01 4.873186e+01 -1.987856e+01
    endloop
  endfacet
  facet normal -4.362299e-16 1.000000e+00 3.453115e-15
    outer loop
      vertex   -5.063132e+01 4.873186e+01 -2.733130e+01
      vertex   -5.678992e+01 4.873186e+01 -1.987856e+01
      vertex   -5.654074e+01 4.873186e+01 -1.984708e+01
    endloop
  endfacet
  facet normal -8.106938e-16 1.000000e+00 3.157444e-15
    outer loop
      vertex   -5.654074e+01 4.873186e+01 -1.984708e+01
      vertex   -5.629747e+01 4.873186e+01 -1.978462e+01
      vertex   -5.063132e+01 4.873186e+01 -2.733130e+01
    endloop
  endfacet
  facet normal -1.149426e-15 1.000000e+00 2.903119e-15
    outer loop
      vertex   -5.063132e+01 4.873186e+01 -2.733130e+01
      vertex   -5.629747e+01 4.873186e+01 -1.978462e+01
      vertex   -5.606394e+01 4.873186e+01 -1.969216e+01
    endloop
  endfacet
  facet normal -1.470483e-15 1.000000e+00 2.674798e-15
    outer loop
      vertex   -5.063132e+01 4.873186e+01 -2.733130e+01
      vertex   -5.606394e+01 4.873186e+01 -1.969216e+01
      vertex   -5.584385e+01 4.873186e+01 -1.957117e+01
    endloop
  endfacet
  facet normal -1.788268e-15 1.000000e+00 2.461340e-15
    outer loop
      vertex   -5.584385e+01 4.873186e+01 -1.957117e+01
      vertex   -5.564066e+01 4.873186e+01 -1.942354e+01
      vertex   -5.063132e+01 4.873186e+01 -2.733130e+01
    endloop
  endfacet
  facet normal -2.116247e-15 1.000000e+00 2.253574e-15
    outer loop
      vertex   -5.063132e+01 4.873186e+01 -2.733130e+01
      vertex   -5.564066e+01 4.873186e+01 -1.942354e+01
      vertex   -5.545757e+01 4.873186e+01 -1.925160e+01
    endloop
  endfacet
  facet normal -2.469232e-15 1.000000e+00 2.042726e-15
    outer loop
      vertex   -5.063132e+01 4.873186e+01 -2.733130e+01
      vertex   -5.545757e+01 4.873186e+01 -1.925160e+01
      vertex   -5.529747e+01 4.873186e+01 -1.905808e+01
    endloop
  endfacet
  facet normal -7.997274e-16 1.000000e+00 2.984337e-15
    outer loop
      vertex   -5.063132e+01 4.873186e+01 -2.733130e+01
      vertex   -5.529747e+01 4.873186e+01 -1.905808e+01
      vertex   -5.062564e+01 4.873186e+01 -1.542524e+01
    endloop
  endfacet
  facet normal -4.843613e-14 1.000000e+00 6.424469e-14
    outer loop
      vertex   -5.062564e+01 4.873186e+01 -1.542524e+01
      vertex   -5.529747e+01 4.873186e+01 -1.905808e+01
      vertex   -5.516289e+01 4.873186e+01 -1.884602e+01
    endloop
  endfacet
  facet normal 0.000000e+00 1.000000e+00 0.000000e+00
    outer loop
      vertex   -5.062564e+01 4.873186e+01 -1.542524e+01
      vertex   -5.516289e+01 4.873186e+01 -1.884602e+01
      vertex   -5.505595e+01 4.873186e+01 -1.861876e+01
    endloop
  endfacet
  facet normal 0.000000e+00 1.000000e+00 0.000000e+00
    outer loop
      vertex   -5.505595e+01 4.873186e+01 -1.861876e+01
      vertex   -5.497834e+01 4.873186e+01 -1.837989e+01
      vertex   -5.062564e+01 4.873186e+01 -1.542524e+01
    endloop
  endfacet
  facet normal 0.000000e+00 1.000000e+00 0.000000e+00
    outer loop
      vertex   -5.062564e+01 4.873186e+01 -1.542524e+01
      vertex   -5.497834e+01 4.873186e+01 -1.837989e+01
      vertex   -5.493127e+01 4.873186e+01 -1.813318e+01
    endloop
  endfacet
  facet normal -4.963088e-16 1.000000e+00 1.765032e-15
    outer loop
      vertex   -7.939192e+01 4.873186e+01 -1.931582e+01
      vertex   -5.063132e+01 4.873186e+01 -2.733130e+01
      vertex   -8.838954e+01 4.873186e+01 -2.184586e+01
    endloop
  endfacet
  facet normal -8.860890e-16 1.000000e+00 -9.179634e-16
    outer loop
      vertex   -8.838954e+01 4.873186e+01 -2.184586e+01
      vertex   -5.063132e+01 4.873186e+01 -2.733130e+01
      vertex   -9.072564e+01 4.873186e+01 -2.733130e+01
    endloop
  endfacet
  facet normal 6.903405e-16 1.000000e+00 -1.589323e-15
    outer loop
      vertex   -8.838954e+01 4.873186e+01 -2.184586e+01
      vertex   -9.072564e+01 4.873186e+01 -2.733130e+01
      vertex   -8.858984e+01 4.873186e+01 -2.193286e+01
    endloop
  endfacet
  facet normal 4.147589e-16 1.000000e+00 -1.480294e-15
    outer loop
      vertex   -8.858984e+01 4.873186e+01 -2.193286e+01
      vertex   -9.072564e+01 4.873186e+01 -2.733130e+01
      vertex   -8.880011e+01 4.873186e+01 -2.199178e+01
    endloop
  endfacet
  facet normal 1.924424e-16 1.000000e+00 -1.400122e-15
    outer loop
      vertex   -8.880011e+01 4.873186e+01 -2.199178e+01
      vertex   -9.072564e+01 4.873186e+01 -2.733130e+01
      vertex   -8.901646e+01 4.873186e+01 -2.202151e+01
    endloop
  endfacet
  facet normal 0.000000e+00 1.000000e+00 -1.338176e-15
    outer loop
      vertex   -8.901646e+01 4.873186e+01 -2.202151e+01
      vertex   -9.072564e+01 4.873186e+01 -2.733130e+01
      vertex   -8.923483e+01 4.873186e+01 -2.202151e+01
    endloop
  endfacet
  facet normal -1.770939e-16 1.000000e+00 -1.288454e-15
    outer loop
      vertex   -8.923483e+01 4.873186e+01 -2.202151e+01
      vertex   -9.072564e+01 4.873186e+01 -2.733130e+01
      vertex   -8.945117e+01 4.873186e+01 -2.199178e+01
    endloop
  endfacet
  facet normal -3.494793e-16 1.000000e+00 -1.247308e-15
    outer loop
      vertex   -8.945117e+01 4.873186e+01 -2.199178e+01
      vertex   -9.072564e+01 4.873186e+01 -2.733130e+01
      vertex   -8.966145e+01 4.873186e+01 -2.193286e+01
    endloop
  endfacet
  facet normal -5.266150e-16 1.000000e+00 -1.212389e-15
    outer loop
      vertex   -8.966145e+01 4.873186e+01 -2.193286e+01
      vertex   -9.072564e+01 4.873186e+01 -2.733130e+01
      vertex   -8.986175e+01 4.873186e+01 -2.184586e+01
    endloop
  endfacet
  facet normal -7.188589e-16 1.000000e+00 -1.182113e-15
    outer loop
      vertex   -8.986175e+01 4.873186e+01 -2.184586e+01
      vertex   -9.072564e+01 4.873186e+01 -2.733130e+01
      vertex   -9.004833e+01 4.873186e+01 -2.173239e+01
    endloop
  endfacet
  facet normal -9.399600e-16 1.000000e+00 -1.155366e-15
    outer loop
      vertex   -9.004833e+01 4.873186e+01 -2.173239e+01
      vertex   -9.072564e+01 4.873186e+01 -2.733130e+01
      vertex   -9.021773e+01 4.873186e+01 -2.159458e+01
    endloop
  endfacet
  facet normal -4.475397e-14 1.000000e+00 2.723820e-15
    outer loop
      vertex   -9.021773e+01 4.873186e+01 -2.159458e+01
      vertex   -9.072564e+01 4.873186e+01 -2.733130e+01
      vertex   -9.036678e+01 4.873186e+01 -2.143498e+01
    endloop
  endfacet
  facet normal 0.000000e+00 1.000000e+00 0.000000e+00
    outer loop
      vertex   -9.036678e+01 4.873186e+01 -2.143498e+01
      vertex   -9.072564e+01 4.873186e+01 -2.733130e+01
      vertex   -9.049272e+01 4.873186e+01 -2.125658e+01
    endloop
  endfacet
  facet normal 0.000000e+00 1.000000e+00 0.000000e+00
    outer loop
      vertex   -9.049272e+01 4.873186e+01 -2.125658e+01
      vertex   -9.072564e+01 4.873186e+01 -2.733130e+01
      vertex   -9.059318e+01 4.873186e+01 -2.106268e+01
    endloop
  endfacet
  facet normal 0.000000e+00 1.000000e+00 0.000000e+00
    outer loop
      vertex   -9.059318e+01 4.873186e+01 -2.106268e+01
      vertex   -9.072564e+01 4.873186e+01 -2.733130e+01
      vertex   -9.066631e+01 4.873186e+01 -2.085692e+01
    endloop
  endfacet
  facet normal 0.000000e+00 1.000000e+00 0.000000e+00
    outer loop
      vertex   -9.066631e+01 4.873186e+01 -2.085692e+01
      vertex   -9.072564e+01 4.873186e+01 -2.733130e+01
      vertex   -9.071074e+01 4.873186e+01 -2.064311e+01
    endloop
  endfacet
  facet normal 0.000000e+00 1.000000e+00 0.000000e+00
    outer loop
      vertex   -9.071074e+01 4.873186e+01 -2.064311e+01
      vertex   -9.072564e+01 4.873186e+01 -2.733130e+01
      vertex   -9.072564e+01 4.873186e+01 -2.042524e+01
    endloop
  endfacet
  facet normal 0.000000e+00 1.000000e+00 0.000000e+00
    outer loop
      vertex   -8.838954e+01 4.873186e+01 -2.184586e+01
      vertex   -8.820296e+01 4.873186e+01 -2.173239e+01
      vertex   -7.939192e+01 4.873186e+01 -1.931582e+01
    endloop
  endfacet
  facet normal 0.000000e+00 1.000000e+00 0.000000e+00
    outer loop
      vertex   -7.939192e+01 4.873186e+01 -1.931582e+01
      vertex   -8.820296e+01 4.873186e+01 -2.173239e+01
      vertex   -8.803356e+01 4.873186e+01 -2.159458e+01
    endloop
  endfacet
  facet normal 0.000000e+00 1.000000e+00 0.000000e+00
    outer loop
      vertex   -7.939192e+01 4.873186e+01 -1.931582e+01
      vertex   -8.803356e+01 4.873186e+01 -2.159458e+01
      vertex   -7.964015e+01 4.873186e+01 -1.933128e+01
    endloop
  endfacet
  facet normal -1.604620e-14 1.000000e+00 5.950721e-14
    outer loop
      vertex   -7.964015e+01 4.873186e+01 -1.933128e+01
      vertex   -8.803356e+01 4.873186e+01 -2.159458e+01
      vertex   -8.788451e+01 4.873186e+01 -2.143498e+01
    endloop
  endfacet
  facet normal -1.051191e-15 1.000000e+00 7.420115e-16
    outer loop
      vertex   -7.964015e+01 4.873186e+01 -1.933128e+01
      vertex   -8.788451e+01 4.873186e+01 -2.143498e+01
      vertex   -8.775857e+01 4.873186e+01 -2.125658e+01
    endloop
  endfacet
  facet normal -9.978382e-16 1.000000e+00 5.170381e-16
    outer loop
      vertex   -8.775857e+01 4.873186e+01 -2.125658e+01
      vertex   -8.765811e+01 4.873186e+01 -2.106268e+01
      vertex   -7.964015e+01 4.873186e+01 -1.933128e+01
    endloop
  endfacet
  facet normal -1.984177e-16 1.000000e+00 -3.185007e-15
    outer loop
      vertex   -7.964015e+01 4.873186e+01 -1.933128e+01
      vertex   -8.765811e+01 4.873186e+01 -2.106268e+01
      vertex   -7.988837e+01 4.873186e+01 -1.931582e+01
    endloop
  endfacet
  facet normal -9.939192e-16 1.000000e+00 3.532390e-16
    outer loop
      vertex   -7.988837e+01 4.873186e+01 -1.931582e+01
      vertex   -8.765811e+01 4.873186e+01 -2.106268e+01
      vertex   -8.758498e+01 4.873186e+01 -2.085692e+01
    endloop
  endfacet
  facet normal -9.632700e-16 1.000000e+00 2.001698e-16
    outer loop
      vertex   -7.988837e+01 4.873186e+01 -1.931582e+01
      vertex   -8.758498e+01 4.873186e+01 -2.085692e+01
      vertex   -8.754055e+01 4.873186e+01 -2.064311e+01
    endloop
  endfacet
  facet normal -4.840053e-16 1.000000e+00 -2.562919e-15
    outer loop
      vertex   -7.988837e+01 4.873186e+01 -1.931582e+01
      vertex   -8.754055e+01 4.873186e+01 -2.064311e+01
      vertex   -8.013276e+01 4.873186e+01 -1.926967e+01
    endloop
  endfacet
  facet normal -9.715042e-16 1.000000e+00 6.645271e-17
    outer loop
      vertex   -8.013276e+01 4.873186e+01 -1.926967e+01
      vertex   -8.754055e+01 4.873186e+01 -2.064311e+01
      vertex   -8.752564e+01 4.873186e+01 -2.042524e+01
    endloop
  endfacet
  facet normal -6.467161e-16 1.000000e+00 -2.011407e-15
    outer loop
      vertex   -8.013276e+01 4.873186e+01 -1.926967e+01
      vertex   -8.752564e+01 4.873186e+01 -2.042524e+01
      vertex   -8.036953e+01 4.873186e+01 -1.919354e+01
    endloop
  endfacet
  facet normal -7.248124e-16 1.000000e+00 -1.557671e-15
    outer loop
      vertex   -8.036953e+01 4.873186e+01 -1.919354e+01
      vertex   -8.752564e+01 4.873186e+01 -2.042524e+01
      vertex   -8.059502e+01 4.873186e+01 -1.908862e+01
    endloop
  endfacet
  facet normal -7.840213e-16 1.000000e+00 -1.250664e-15
    outer loop
      vertex   -8.059502e+01 4.873186e+01 -1.908862e+01
      vertex   -8.752564e+01 4.873186e+01 -2.042524e+01
      vertex   -8.080575e+01 4.873186e+01 -1.895651e+01
    endloop
  endfacet
  facet normal -4.939845e-15 1.000000e+00 1.776357e-14
    outer loop
      vertex   -8.080575e+01 4.873186e+01 -1.895651e+01
      vertex   -8.752564e+01 4.873186e+01 -2.042524e+01
      vertex   -8.752564e+01 4.873186e+01 -1.842524e+01
    endloop
  endfacet
  facet normal -7.024895e-15 1.000000e+00 -8.609539e-15
    outer loop
      vertex   -8.080575e+01 4.873186e+01 -1.895651e+01
      vertex   -8.752564e+01 4.873186e+01 -1.842524e+01
      vertex   -8.099845e+01 4.873186e+01 -1.879928e+01
    endloop
  endfacet
  facet normal -6.909338e-15 1.000000e+00 -6.593015e-15
    outer loop
      vertex   -8.099845e+01 4.873186e+01 -1.879928e+01
      vertex   -8.752564e+01 4.873186e+01 -1.842524e+01
      vertex   -8.117014e+01 4.873186e+01 -1.861935e+01
    endloop
  endfacet
  facet normal -5.752250e-15 1.000000e+00 3.129262e-14
    outer loop
      vertex   -8.117014e+01 4.873186e+01 -1.861935e+01
      vertex   -8.752564e+01 4.873186e+01 -1.842524e+01
      vertex   -8.131818e+01 4.873186e+01 -1.841950e+01
    endloop
  endfacet
  facet normal -5.720308e-15 1.000000e+00 -3.223080e-15
    outer loop
      vertex   -8.131818e+01 4.873186e+01 -1.841950e+01
      vertex   -8.752564e+01 4.873186e+01 -1.842524e+01
      vertex   -8.144026e+01 4.873186e+01 -1.820282e+01
    endloop
  endfacet
  facet normal -5.823554e-15 1.000000e+00 -3.983420e-16
    outer loop
      vertex   -8.144026e+01 4.873186e+01 -1.820282e+01
      vertex   -8.752564e+01 4.873186e+01 -1.842524e+01
      vertex   -8.754055e+01 4.873186e+01 -1.820738e+01
    endloop
  endfacet
  facet normal -5.822070e-15 1.000000e+00 -2.384165e-15
    outer loop
      vertex   -8.144026e+01 4.873186e+01 -1.820282e+01
      vertex   -8.754055e+01 4.873186e+01 -1.820738e+01
      vertex   -8.153452e+01 4.873186e+01 -1.797266e+01
    endloop
  endfacet
  facet normal -5.867593e-15 1.000000e+00 -1.219300e-15
    outer loop
      vertex   -8.153452e+01 4.873186e+01 -1.797266e+01
      vertex   -8.754055e+01 4.873186e+01 -1.820738e+01
      vertex   -8.758498e+01 4.873186e+01 -1.799357e+01
    endloop
  endfacet
  facet normal -5.948066e-15 1.000000e+00 2.206972e-14
    outer loop
      vertex   -8.153452e+01 4.873186e+01 -1.797266e+01
      vertex   -8.758498e+01 4.873186e+01 -1.799357e+01
      vertex   -8.164701e+01 4.873186e+01 -1.768102e+01
    endloop
  endfacet
  facet normal -4.698544e-15 1.000000e+00 -1.669863e-15
    outer loop
      vertex   -8.164701e+01 4.873186e+01 -1.768102e+01
      vertex   -8.758498e+01 4.873186e+01 -1.799357e+01
      vertex   -8.765811e+01 4.873186e+01 -1.778780e+01
    endloop
  endfacet
  facet normal -4.687825e-15 1.000000e+00 -2.273296e-15
    outer loop
      vertex   -8.164701e+01 4.873186e+01 -1.768102e+01
      vertex   -8.765811e+01 4.873186e+01 -1.778780e+01
      vertex   -8.178340e+01 4.873186e+01 -1.739977e+01
    endloop
  endfacet
  facet normal -4.677879e-15 1.000000e+00 -2.423882e-15
    outer loop
      vertex   -8.178340e+01 4.873186e+01 -1.739977e+01
      vertex   -8.765811e+01 4.873186e+01 -1.778780e+01
      vertex   -8.775857e+01 4.873186e+01 -1.759391e+01
    endloop
  endfacet
  facet normal -4.666790e-15 1.000000e+00 -2.765176e-15
    outer loop
      vertex   -8.178340e+01 4.873186e+01 -1.739977e+01
      vertex   -8.775857e+01 4.873186e+01 -1.759391e+01
      vertex   -8.194274e+01 4.873186e+01 -1.713085e+01
    endloop
  endfacet
  facet normal -4.626912e-15 1.000000e+00 -3.266031e-15
    outer loop
      vertex   -8.194274e+01 4.873186e+01 -1.713085e+01
      vertex   -8.775857e+01 4.873186e+01 -1.759391e+01
      vertex   -8.788451e+01 4.873186e+01 -1.741550e+01
    endloop
  endfacet
  facet normal -4.625746e-15 1.000000e+00 -3.290375e-15
    outer loop
      vertex   -8.194274e+01 4.873186e+01 -1.713085e+01
      vertex   -8.788451e+01 4.873186e+01 -1.741550e+01
      vertex   -8.212392e+01 4.873186e+01 -1.687614e+01
    endloop
  endfacet
  facet normal -8.370375e-15 1.000000e+00 3.670372e-14
    outer loop
      vertex   -8.212392e+01 4.873186e+01 -1.687614e+01
      vertex   -8.788451e+01 4.873186e+01 -1.741550e+01
      vertex   -8.803356e+01 4.873186e+01 -1.725590e+01
    endloop
  endfacet
  facet normal -5.702051e-15 1.000000e+00 -4.818976e-15
    outer loop
      vertex   -8.212392e+01 4.873186e+01 -1.687614e+01
      vertex   -8.803356e+01 4.873186e+01 -1.725590e+01
      vertex   -8.232569e+01 4.873186e+01 -1.663740e+01
    endloop
  endfacet
  facet normal -5.492656e-15 1.000000e+00 -6.751381e-15
    outer loop
      vertex   -8.232569e+01 4.873186e+01 -1.663740e+01
      vertex   -8.803356e+01 4.873186e+01 -1.725590e+01
      vertex   -8.820296e+01 4.873186e+01 -1.711809e+01
    endloop
  endfacet
  facet normal -5.588125e-15 1.000000e+00 -5.584109e-15
    outer loop
      vertex   -8.232569e+01 4.873186e+01 -1.663740e+01
      vertex   -8.820296e+01 4.873186e+01 -1.711809e+01
      vertex   -8.254663e+01 4.873186e+01 -1.641629e+01
    endloop
  endfacet
  facet normal -5.477923e-15 1.000000e+00 -6.472308e-15
    outer loop
      vertex   -8.254663e+01 4.873186e+01 -1.641629e+01
      vertex   -8.820296e+01 4.873186e+01 -1.711809e+01
      vertex   -8.278523e+01 4.873186e+01 -1.621436e+01
    endloop
  endfacet
  facet normal -5.145986e-15 1.000000e+00 -8.462214e-15
    outer loop
      vertex   -8.278523e+01 4.873186e+01 -1.621436e+01
      vertex   -8.820296e+01 4.873186e+01 -1.711809e+01
      vertex   -8.838954e+01 4.873186e+01 -1.700463e+01
    endloop
  endfacet
  facet normal -2.373832e-14 1.000000e+00 1.233882e-13
    outer loop
      vertex   -8.278523e+01 4.873186e+01 -1.621436e+01
      vertex   -8.838954e+01 4.873186e+01 -1.700463e+01
      vertex   -8.303981e+01 4.873186e+01 -1.603299e+01
    endloop
  endfacet
  facet normal -9.365693e-16 1.000000e+00 -2.156199e-15
    outer loop
      vertex   -8.303981e+01 4.873186e+01 -1.603299e+01
      vertex   -8.838954e+01 4.873186e+01 -1.700463e+01
      vertex   -8.858984e+01 4.873186e+01 -1.691762e+01
    endloop
  endfacet
  facet normal 9.248141e-16 1.000000e+00 -1.383418e-14
    outer loop
      vertex   -8.303981e+01 4.873186e+01 -1.603299e+01
      vertex   -8.858984e+01 4.873186e+01 -1.691762e+01
      vertex   -8.373552e+01 4.873186e+01 -1.556589e+01
    endloop
  endfacet
  facet normal -1.468256e-15 1.000000e+00 -5.240274e-15
    outer loop
      vertex   -8.373552e+01 4.873186e+01 -1.556589e+01
      vertex   -8.858984e+01 4.873186e+01 -1.691762e+01
      vertex   -8.880011e+01 4.873186e+01 -1.685871e+01
    endloop
  endfacet
  facet normal -4.811849e-15 1.000000e+00 7.858167e-15
    outer loop
      vertex   -8.373552e+01 4.873186e+01 -1.556589e+01
      vertex   -8.880011e+01 4.873186e+01 -1.685871e+01
      vertex   -8.441791e+01 4.873186e+01 -1.507953e+01
    endloop
  endfacet
  facet normal -4.100863e-16 1.000000e+00 -2.983600e-15
    outer loop
      vertex   -8.441791e+01 4.873186e+01 -1.507953e+01
      vertex   -8.880011e+01 4.873186e+01 -1.685871e+01
      vertex   -8.901646e+01 4.873186e+01 -1.682897e+01
    endloop
  endfacet
  facet normal -2.687344e-16 1.000000e+00 -3.355155e-15
    outer loop
      vertex   -8.441791e+01 4.873186e+01 -1.507953e+01
      vertex   -8.901646e+01 4.873186e+01 -1.682897e+01
      vertex   -9.072564e+01 4.873186e+01 -1.457431e+01
    endloop
  endfacet
  facet normal -1.025402e-28 1.000000e+00 -3.151436e-15
    outer loop
      vertex   -9.072564e+01 4.873186e+01 -1.457431e+01
      vertex   -8.901646e+01 4.873186e+01 -1.682897e+01
      vertex   -8.923483e+01 4.873186e+01 -1.682897e+01
    endloop
  endfacet
  facet normal 3.970686e-16 1.000000e+00 -2.888889e-15
    outer loop
      vertex   -9.072564e+01 4.873186e+01 -1.457431e+01
      vertex   -8.923483e+01 4.873186e+01 -1.682897e+01
      vertex   -8.945117e+01 4.873186e+01 -1.685871e+01
    endloop
  endfacet
  facet normal 7.536838e-16 1.000000e+00 -2.689933e-15
    outer loop
      vertex   -8.945117e+01 4.873186e+01 -1.685871e+01
      vertex   -8.966145e+01 4.873186e+01 -1.691762e+01
      vertex   -9.072564e+01 4.873186e+01 -1.457431e+01
    endloop
  endfacet
  facet normal 1.100074e-15 1.000000e+00 -2.532623e-15
    outer loop
      vertex   -9.072564e+01 4.873186e+01 -1.457431e+01
      vertex   -8.966145e+01 4.873186e+01 -1.691762e+01
      vertex   -8.986175e+01 4.873186e+01 -1.700463e+01
    endloop
  endfacet
  facet normal 1.461907e-15 1.000000e+00 -2.404004e-15
    outer loop
      vertex   -9.072564e+01 4.873186e+01 -1.457431e+01
      vertex   -8.986175e+01 4.873186e+01 -1.700463e+01
      vertex   -9.004833e+01 4.873186e+01 -1.711809e+01
    endloop
  endfacet
  facet normal 1.867864e-15 1.000000e+00 -2.295913e-15
    outer loop
      vertex   -9.004833e+01 4.873186e+01 -1.711809e+01
      vertex   -9.021773e+01 4.873186e+01 -1.725590e+01
      vertex   -9.072564e+01 4.873186e+01 -1.457431e+01
    endloop
  endfacet
  facet normal 4.199147e-14 1.000000e+00 5.303808e-15
    outer loop
      vertex   -9.072564e+01 4.873186e+01 -1.457431e+01
      vertex   -9.021773e+01 4.873186e+01 -1.725590e+01
      vertex   -9.036678e+01 4.873186e+01 -1.741550e+01
    endloop
  endfacet
  facet normal 0.000000e+00 1.000000e+00 0.000000e+00
    outer loop
      vertex   -9.072564e+01 4.873186e+01 -1.457431e+01
      vertex   -9.036678e+01 4.873186e+01 -1.741550e+01
      vertex   -9.049272e+01 4.873186e+01 -1.759391e+01
    endloop
  endfacet
  facet normal 0.000000e+00 1.000000e+00 0.000000e+00
    outer loop
      vertex   -9.049272e+01 4.873186e+01 -1.759391e+01
      vertex   -9.059318e+01 4.873186e+01 -1.778780e+01
      vertex   -9.072564e+01 4.873186e+01 -1.457431e+01
    endloop
  endfacet
  facet normal 0.000000e+00 1.000000e+00 0.000000e+00
    outer loop
      vertex   -9.072564e+01 4.873186e+01 -1.457431e+01
      vertex   -9.059318e+01 4.873186e+01 -1.778780e+01
      vertex   -9.066631e+01 4.873186e+01 -1.799357e+01
    endloop
  endfacet
  facet normal 0.000000e+00 1.000000e+00 0.000000e+00
    outer loop
      vertex   -9.072564e+01 4.873186e+01 -1.457431e+01
      vertex   -9.066631e+01 4.873186e+01 -1.799357e+01
      vertex   -9.071074e+01 4.873186e+01 -1.820738e+01
    endloop
  endfacet
  facet normal 0.000000e+00 1.000000e+00 0.000000e+00
    outer loop
      vertex   -9.071074e+01 4.873186e+01 -1.820738e+01
      vertex   -9.072564e+01 4.873186e+01 -1.842524e+01
      vertex   -9.072564e+01 4.873186e+01 -1.457431e+01
    endloop
  endfacet
  facet normal 0.000000e+00 1.000000e+00 0.000000e+00
    outer loop
      vertex   -9.072564e+01 4.873186e+01 -1.457431e+01
      vertex   -8.508646e+01 4.873186e+01 -1.457431e+01
      vertex   -8.441791e+01 4.873186e+01 -1.507953e+01
    endloop
  endfacet
  facet normal -3.538964e-14 1.000000e+00 1.566368e-13
    outer loop
      vertex   -7.518194e+01 4.873186e+01 -1.555776e+01
      vertex   -7.485694e+01 4.873186e+01 -1.548434e+01
      vertex   -7.419383e+01 4.873186e+01 -1.542524e+01
    endloop
  endfacet
  facet normal -6.386997e-14 1.000000e+00 4.762231e-13
    outer loop
      vertex   -7.419383e+01 4.873186e+01 -1.542524e+01
      vertex   -7.485694e+01 4.873186e+01 -1.548434e+01
      vertex   -7.452670e+01 4.873186e+01 -1.544004e+01
    endloop
  endfacet
  facet normal 6.386997e-14 1.000000e+00 4.762231e-13
    outer loop
      vertex   -7.175359e+01 4.873186e+01 -1.544004e+01
      vertex   -7.142335e+01 4.873186e+01 -1.548434e+01
      vertex   -7.208646e+01 4.873186e+01 -1.542524e+01
    endloop
  endfacet
  facet normal 3.538964e-14 1.000000e+00 1.566368e-13
    outer loop
      vertex   -7.208646e+01 4.873186e+01 -1.542524e+01
      vertex   -7.142335e+01 4.873186e+01 -1.548434e+01
      vertex   -7.109835e+01 4.873186e+01 -1.555776e+01
    endloop
  endfacet
  facet normal 2.467426e-14 1.000000e+00 7.674152e-14
    outer loop
      vertex   -7.208646e+01 4.873186e+01 -1.542524e+01
      vertex   -7.109835e+01 4.873186e+01 -1.555776e+01
      vertex   -7.078115e+01 4.873186e+01 -1.565975e+01
    endloop
  endfacet
  facet normal 3.604377e-14 1.000000e+00 1.400252e-13
    outer loop
      vertex   -7.078115e+01 4.873186e+01 -1.565975e+01
      vertex   -7.047425e+01 4.873186e+01 -1.578950e+01
      vertex   -7.208646e+01 4.873186e+01 -1.542524e+01
    endloop
  endfacet
  facet normal 7.661615e-15 1.000000e+00 1.440399e-14
    outer loop
      vertex   -7.208646e+01 4.873186e+01 -1.542524e+01
      vertex   -7.047425e+01 4.873186e+01 -1.578950e+01
      vertex   -7.018008e+01 4.873186e+01 -1.594597e+01
    endloop
  endfacet
  facet normal 0.000000e+00 1.000000e+00 0.000000e+00
    outer loop
      vertex   -4.832564e+01 4.873186e+01 -1.457431e+01
      vertex   -4.832564e+01 4.873186e+01 -1.542524e+01
      vertex   -5.062564e+01 4.873186e+01 -1.542524e+01
    endloop
  endfacet
  facet normal 3.750328e-13 1.000000e+00 2.805059e-15
    outer loop
      vertex   -5.062564e+01 4.873186e+01 -1.542524e+01
      vertex   -5.062564e+01 4.873186e+01 -2.809062e+01
      vertex   -5.063132e+01 4.873186e+01 -2.733130e+01
    endloop
  endfacet
  facet normal 0.000000e+00 1.000000e+00 0.000000e+00
    outer loop
      vertex   -5.063132e+01 4.873186e+01 -2.733130e+01
      vertex   -5.062564e+01 4.873186e+01 -2.809062e+01
      vertex   -5.063132e+01 4.873186e+01 -2.810056e+01
    endloop
  endfacet
  facet normal -9.980267e-01 -1.115384e-15 6.279052e-02
    outer loop
      vertex   -5.493127e+01 4.873186e+01 -1.813318e+01
      vertex   -5.493127e+01 4.473186e+01 -1.813318e+01
      vertex   -5.491550e+01 4.873186e+01 -1.788251e+01
    endloop
  endfacet
  facet normal -9.980267e-01 -1.115384e-15 6.279052e-02
    outer loop
      vertex   -5.491550e+01 4.873186e+01 -1.788251e+01
      vertex   -5.493127e+01 4.473186e+01 -1.813318e+01
      vertex   -5.491550e+01 4.473186e+01 -1.788251e+01
    endloop
  endfacet
  facet normal -9.980267e-01 1.115384e-15 -6.279052e-02
    outer loop
      vertex   -5.491550e+01 4.873186e+01 -1.788251e+01
      vertex   -5.491550e+01 4.473186e+01 -1.788251e+01
      vertex   -5.493127e+01 4.873186e+01 -1.763184e+01
    endloop
  endfacet
  facet normal -9.980267e-01 1.115384e-15 -6.279052e-02
    outer loop
      vertex   -5.493127e+01 4.873186e+01 -1.763184e+01
      vertex   -5.491550e+01 4.473186e+01 -1.788251e+01
      vertex   -5.493127e+01 4.473186e+01 -1.763184e+01
    endloop
  endfacet
  facet normal -9.822873e-01 3.328561e-15 -1.873813e-01
    outer loop
      vertex   -5.493127e+01 4.873186e+01 -1.763184e+01
      vertex   -5.493127e+01 4.473186e+01 -1.763184e+01
      vertex   -5.497834e+01 4.873186e+01 -1.738513e+01
    endloop
  endfacet
  facet normal -9.822873e-01 3.328561e-15 -1.873813e-01
    outer loop
      vertex   -5.497834e+01 4.873186e+01 -1.738513e+01
      vertex   -5.493127e+01 4.473186e+01 -1.763184e+01
      vertex   -5.497834e+01 4.473186e+01 -1.738513e+01
    endloop
  endfacet
  facet normal -9.510565e-01 5.489245e-15 -3.090170e-01
    outer loop
      vertex   -5.497834e+01 4.873186e+01 -1.738513e+01
      vertex   -5.497834e+01 4.473186e+01 -1.738513e+01
      vertex   -5.505595e+01 4.873186e+01 -1.714626e+01
    endloop
  endfacet
  facet normal -9.510565e-01 5.489245e-15 -3.090170e-01
    outer loop
      vertex   -5.505595e+01 4.873186e+01 -1.714626e+01
      vertex   -5.497834e+01 4.473186e+01 -1.738513e+01
      vertex   -5.505595e+01 4.473186e+01 -1.714626e+01
    endloop
  endfacet
  facet normal -9.048271e-01 7.563360e-15 -4.257793e-01
    outer loop
      vertex   -5.505595e+01 4.873186e+01 -1.714626e+01
      vertex   -5.505595e+01 4.473186e+01 -1.714626e+01
      vertex   -5.516289e+01 4.873186e+01 -1.691900e+01
    endloop
  endfacet
  facet normal -9.048271e-01 7.563360e-15 -4.257793e-01
    outer loop
      vertex   -5.516289e+01 4.873186e+01 -1.691900e+01
      vertex   -5.505595e+01 4.473186e+01 -1.714626e+01
      vertex   -5.516289e+01 4.473186e+01 -1.691900e+01
    endloop
  endfacet
  facet normal -8.443279e-01 9.518196e-15 -5.358268e-01
    outer loop
      vertex   -5.516289e+01 4.873186e+01 -1.691900e+01
      vertex   -5.516289e+01 4.473186e+01 -1.691900e+01
      vertex   -5.529747e+01 4.873186e+01 -1.670694e+01
    endloop
  endfacet
  facet normal -8.443279e-01 9.994106e-15 -5.358268e-01
    outer loop
      vertex   -5.529747e+01 4.873186e+01 -1.670694e+01
      vertex   -5.516289e+01 4.473186e+01 -1.691900e+01
      vertex   -5.529747e+01 4.473186e+01 -1.670694e+01
    endloop
  endfacet
  facet normal -7.705132e-01 1.188907e-14 -6.374240e-01
    outer loop
      vertex   -5.529747e+01 4.873186e+01 -1.670694e+01
      vertex   -5.529747e+01 4.473186e+01 -1.670694e+01
      vertex   -5.545757e+01 4.873186e+01 -1.651342e+01
    endloop
  endfacet
  facet normal -7.705132e-01 1.132292e-14 -6.374240e-01
    outer loop
      vertex   -5.545757e+01 4.873186e+01 -1.651342e+01
      vertex   -5.529747e+01 4.473186e+01 -1.670694e+01
      vertex   -5.545757e+01 4.473186e+01 -1.651342e+01
    endloop
  endfacet
  facet normal -6.845471e-01 1.294908e-14 -7.289686e-01
    outer loop
      vertex   -5.545757e+01 4.873186e+01 -1.651342e+01
      vertex   -5.545757e+01 4.473186e+01 -1.651342e+01
      vertex   -5.564066e+01 4.873186e+01 -1.634148e+01
    endloop
  endfacet
  facet normal -6.845471e-01 1.294908e-14 -7.289686e-01
    outer loop
      vertex   -5.564066e+01 4.873186e+01 -1.634148e+01
      vertex   -5.545757e+01 4.473186e+01 -1.651342e+01
      vertex   -5.564066e+01 4.473186e+01 -1.634148e+01
    endloop
  endfacet
  facet normal -5.877853e-01 1.437103e-14 -8.090170e-01
    outer loop
      vertex   -5.564066e+01 4.873186e+01 -1.634148e+01
      vertex   -5.564066e+01 4.473186e+01 -1.634148e+01
      vertex   -5.584385e+01 4.873186e+01 -1.619385e+01
    endloop
  endfacet
  facet normal -5.877853e-01 1.228280e-14 -8.090170e-01
    outer loop
      vertex   -5.584385e+01 4.873186e+01 -1.619385e+01
      vertex   -5.564066e+01 4.473186e+01 -1.634148e+01
      vertex   -5.584385e+01 4.473186e+01 -1.619385e+01
    endloop
  endfacet
  facet normal -4.817537e-01 1.385480e-14 -8.763067e-01
    outer loop
      vertex   -5.584385e+01 4.873186e+01 -1.619385e+01
      vertex   -5.584385e+01 4.473186e+01 -1.619385e+01
      vertex   -5.606394e+01 4.873186e+01 -1.607286e+01
    endloop
  endfacet
  facet normal -4.817537e-01 1.556633e-14 -8.763067e-01
    outer loop
      vertex   -5.606394e+01 4.873186e+01 -1.607286e+01
      vertex   -5.584385e+01 4.473186e+01 -1.619385e+01
      vertex   -5.606394e+01 4.473186e+01 -1.607286e+01
    endloop
  endfacet
  facet normal -3.681246e-01 1.651615e-14 -9.297765e-01
    outer loop
      vertex   -5.606394e+01 4.873186e+01 -1.607286e+01
      vertex   -5.606394e+01 4.473186e+01 -1.607286e+01
      vertex   -5.629747e+01 4.873186e+01 -1.598040e+01
    endloop
  endfacet
  facet normal -3.681246e-01 1.651615e-14 -9.297765e-01
    outer loop
      vertex   -5.629747e+01 4.873186e+01 -1.598040e+01
      vertex   -5.606394e+01 4.473186e+01 -1.607286e+01
      vertex   -5.629747e+01 4.473186e+01 -1.598040e+01
    endloop
  endfacet
  facet normal -2.486899e-01 1.720549e-14 -9.685832e-01
    outer loop
      vertex   -5.629747e+01 4.873186e+01 -1.598040e+01
      vertex   -5.629747e+01 4.473186e+01 -1.598040e+01
      vertex   -5.654074e+01 4.873186e+01 -1.591794e+01
    endloop
  endfacet
  facet normal -2.486899e-01 1.720549e-14 -9.685832e-01
    outer loop
      vertex   -5.654074e+01 4.873186e+01 -1.591794e+01
      vertex   -5.629747e+01 4.473186e+01 -1.598040e+01
      vertex   -5.654074e+01 4.473186e+01 -1.591794e+01
    endloop
  endfacet
  facet normal -1.253332e-01 1.762350e-14 -9.921147e-01
    outer loop
      vertex   -5.654074e+01 4.873186e+01 -1.591794e+01
      vertex   -5.654074e+01 4.473186e+01 -1.591794e+01
      vertex   -5.678992e+01 4.873186e+01 -1.588646e+01
    endloop
  endfacet
  facet normal -1.253332e-01 1.762350e-14 -9.921147e-01
    outer loop
      vertex   -5.678992e+01 4.873186e+01 -1.588646e+01
      vertex   -5.654074e+01 4.473186e+01 -1.591794e+01
      vertex   -5.678992e+01 4.473186e+01 -1.588646e+01
    endloop
  endfacet
  facet normal -2.121766e-14 1.776357e-14 -1.000000e+00
    outer loop
      vertex   -5.678992e+01 4.873186e+01 -1.588646e+01
      vertex   -5.678992e+01 4.473186e+01 -1.588646e+01
      vertex   -5.704108e+01 4.873186e+01 -1.588646e+01
    endloop
  endfacet
  facet normal -2.121766e-14 1.776357e-14 -1.000000e+00
    outer loop
      vertex   -5.704108e+01 4.873186e+01 -1.588646e+01
      vertex   -5.678992e+01 4.473186e+01 -1.588646e+01
      vertex   -5.704108e+01 4.473186e+01 -1.588646e+01
    endloop
  endfacet
  facet normal 1.253332e-01 1.762350e-14 -9.921147e-01
    outer loop
      vertex   -5.704108e+01 4.873186e+01 -1.588646e+01
      vertex   -5.704108e+01 4.473186e+01 -1.588646e+01
      vertex   -5.729027e+01 4.873186e+01 -1.591794e+01
    endloop
  endfacet
  facet normal 1.253332e-01 1.762350e-14 -9.921147e-01
    outer loop
      vertex   -5.729027e+01 4.873186e+01 -1.591794e+01
      vertex   -5.704108e+01 4.473186e+01 -1.588646e+01
      vertex   -5.729027e+01 4.473186e+01 -1.591794e+01
    endloop
  endfacet
  facet normal 2.486899e-01 1.720549e-14 -9.685832e-01
    outer loop
      vertex   -5.729027e+01 4.873186e+01 -1.591794e+01
      vertex   -5.729027e+01 4.473186e+01 -1.591794e+01
      vertex   -5.753354e+01 4.873186e+01 -1.598040e+01
    endloop
  endfacet
  facet normal 2.486899e-01 1.720549e-14 -9.685832e-01
    outer loop
      vertex   -5.753354e+01 4.873186e+01 -1.598040e+01
      vertex   -5.729027e+01 4.473186e+01 -1.591794e+01
      vertex   -5.753354e+01 4.473186e+01 -1.598040e+01
    endloop
  endfacet
  facet normal 3.681246e-01 1.651615e-14 -9.297765e-01
    outer loop
      vertex   -5.753354e+01 4.873186e+01 -1.598040e+01
      vertex   -5.753354e+01 4.473186e+01 -1.598040e+01
      vertex   -5.776706e+01 4.873186e+01 -1.607286e+01
    endloop
  endfacet
  facet normal 3.681246e-01 1.651615e-14 -9.297765e-01
    outer loop
      vertex   -5.776706e+01 4.873186e+01 -1.607286e+01
      vertex   -5.753354e+01 4.473186e+01 -1.598040e+01
      vertex   -5.776706e+01 4.473186e+01 -1.607286e+01
    endloop
  endfacet
  facet normal 4.817537e-01 1.556633e-14 -8.763067e-01
    outer loop
      vertex   -5.776706e+01 4.873186e+01 -1.607286e+01
      vertex   -5.776706e+01 4.473186e+01 -1.607286e+01
      vertex   -5.798716e+01 4.873186e+01 -1.619385e+01
    endloop
  endfacet
  facet normal 4.817537e-01 1.556633e-14 -8.763067e-01
    outer loop
      vertex   -5.798716e+01 4.873186e+01 -1.619385e+01
      vertex   -5.776706e+01 4.473186e+01 -1.607286e+01
      vertex   -5.798716e+01 4.473186e+01 -1.619385e+01
    endloop
  endfacet
  facet normal 5.877853e-01 1.437103e-14 -8.090170e-01
    outer loop
      vertex   -5.798716e+01 4.873186e+01 -1.619385e+01
      vertex   -5.798716e+01 4.473186e+01 -1.619385e+01
      vertex   -5.819035e+01 4.873186e+01 -1.634148e+01
    endloop
  endfacet
  facet normal 5.877853e-01 1.365248e-14 -8.090170e-01
    outer loop
      vertex   -5.819035e+01 4.873186e+01 -1.634148e+01
      vertex   -5.798716e+01 4.473186e+01 -1.619385e+01
      vertex   -5.819035e+01 4.473186e+01 -1.634148e+01
    endloop
  endfacet
  facet normal 6.845471e-01 1.230163e-14 -7.289686e-01
    outer loop
      vertex   -5.819035e+01 4.873186e+01 -1.634148e+01
      vertex   -5.819035e+01 4.473186e+01 -1.634148e+01
      vertex   -5.837344e+01 4.873186e+01 -1.651342e+01
    endloop
  endfacet
  facet normal 6.845471e-01 1.294908e-14 -7.289686e-01
    outer loop
      vertex   -5.837344e+01 4.873186e+01 -1.651342e+01
      vertex   -5.819035e+01 4.473186e+01 -1.634148e+01
      vertex   -5.837344e+01 4.473186e+01 -1.651342e+01
    endloop
  endfacet
  facet normal 7.705132e-01 1.132292e-14 -6.374240e-01
    outer loop
      vertex   -5.837344e+01 4.873186e+01 -1.651342e+01
      vertex   -5.837344e+01 4.473186e+01 -1.651342e+01
      vertex   -5.853354e+01 4.873186e+01 -1.670694e+01
    endloop
  endfacet
  facet normal 7.705132e-01 1.212548e-14 -6.374240e-01
    outer loop
      vertex   -5.853354e+01 4.873186e+01 -1.670694e+01
      vertex   -5.837344e+01 4.473186e+01 -1.651342e+01
      vertex   -5.853354e+01 4.473186e+01 -1.670694e+01
    endloop
  endfacet
  facet normal 8.443279e-01 1.054211e-14 -5.358268e-01
    outer loop
      vertex   -5.853354e+01 4.873186e+01 -1.670694e+01
      vertex   -5.853354e+01 4.473186e+01 -1.670694e+01
      vertex   -5.866812e+01 4.873186e+01 -1.691900e+01
    endloop
  endfacet
  facet normal 8.443279e-01 9.518196e-15 -5.358268e-01
    outer loop
      vertex   -5.866812e+01 4.873186e+01 -1.691900e+01
      vertex   -5.853354e+01 4.473186e+01 -1.670694e+01
      vertex   -5.866812e+01 4.473186e+01 -1.691900e+01
    endloop
  endfacet
  facet normal 9.048271e-01 7.563360e-15 -4.257793e-01
    outer loop
      vertex   -5.866812e+01 4.873186e+01 -1.691900e+01
      vertex   -5.866812e+01 4.473186e+01 -1.691900e+01
      vertex   -5.877506e+01 4.873186e+01 -1.714626e+01
    endloop
  endfacet
  facet normal 9.048271e-01 7.185192e-15 -4.257793e-01
    outer loop
      vertex   -5.877506e+01 4.873186e+01 -1.714626e+01
      vertex   -5.866812e+01 4.473186e+01 -1.691900e+01
      vertex   -5.877506e+01 4.473186e+01 -1.714626e+01
    endloop
  endfacet
  facet normal 9.510565e-01 5.214782e-15 -3.090170e-01
    outer loop
      vertex   -5.877506e+01 4.873186e+01 -1.714626e+01
      vertex   -5.877506e+01 4.473186e+01 -1.714626e+01
      vertex   -5.885267e+01 4.873186e+01 -1.738513e+01
    endloop
  endfacet
  facet normal 9.510565e-01 5.489245e-15 -3.090170e-01
    outer loop
      vertex   -5.885267e+01 4.873186e+01 -1.738513e+01
      vertex   -5.877506e+01 4.473186e+01 -1.714626e+01
      vertex   -5.885267e+01 4.473186e+01 -1.738513e+01
    endloop
  endfacet
  facet normal 9.822873e-01 3.328561e-15 -1.873813e-01
    outer loop
      vertex   -5.885267e+01 4.873186e+01 -1.738513e+01
      vertex   -5.885267e+01 4.473186e+01 -1.738513e+01
      vertex   -5.889973e+01 4.873186e+01 -1.763184e+01
    endloop
  endfacet
  facet normal 9.822873e-01 3.328561e-15 -1.873813e-01
    outer loop
      vertex   -5.889973e+01 4.873186e+01 -1.763184e+01
      vertex   -5.885267e+01 4.473186e+01 -1.738513e+01
      vertex   -5.889973e+01 4.473186e+01 -1.763184e+01
    endloop
  endfacet
  facet normal 9.980267e-01 1.115384e-15 -6.279052e-02
    outer loop
      vertex   -5.889973e+01 4.873186e+01 -1.763184e+01
      vertex   -5.889973e+01 4.473186e+01 -1.763184e+01
      vertex   -5.891550e+01 4.873186e+01 -1.788251e+01
    endloop
  endfacet
  facet normal 9.980267e-01 1.059615e-15 -6.279052e-02
    outer loop
      vertex   -5.891550e+01 4.873186e+01 -1.788251e+01
      vertex   -5.889973e+01 4.473186e+01 -1.763184e+01
      vertex   -5.891550e+01 4.473186e+01 -1.788251e+01
    endloop
  endfacet
  facet normal 9.980267e-01 -1.059615e-15 6.279052e-02
    outer loop
      vertex   -5.891550e+01 4.873186e+01 -1.788251e+01
      vertex   -5.891550e+01 4.473186e+01 -1.788251e+01
      vertex   -5.889973e+01 4.873186e+01 -1.813318e+01
    endloop
  endfacet
  facet normal 9.980267e-01 -1.115384e-15 6.279052e-02
    outer loop
      vertex   -5.889973e+01 4.873186e+01 -1.813318e+01
      vertex   -5.891550e+01 4.473186e+01 -1.788251e+01
      vertex   -5.889973e+01 4.473186e+01 -1.813318e+01
    endloop
  endfacet
  facet normal 9.822873e-01 -3.328561e-15 1.873813e-01
    outer loop
      vertex   -5.889973e+01 4.873186e+01 -1.813318e+01
      vertex   -5.889973e+01 4.473186e+01 -1.813318e+01
      vertex   -5.885267e+01 4.873186e+01 -1.837989e+01
    endloop
  endfacet
  facet normal 9.822873e-01 -3.328561e-15 1.873813e-01
    outer loop
      vertex   -5.885267e+01 4.873186e+01 -1.837989e+01
      vertex   -5.889973e+01 4.473186e+01 -1.813318e+01
      vertex   -5.885267e+01 4.473186e+01 -1.837989e+01
    endloop
  endfacet
  facet normal 9.510565e-01 -5.489245e-15 3.090170e-01
    outer loop
      vertex   -5.885267e+01 4.873186e+01 -1.837989e+01
      vertex   -5.885267e+01 4.473186e+01 -1.837989e+01
      vertex   -5.877506e+01 4.873186e+01 -1.861876e+01
    endloop
  endfacet
  facet normal 9.510565e-01 -5.489245e-15 3.090170e-01
    outer loop
      vertex   -5.877506e+01 4.873186e+01 -1.861876e+01
      vertex   -5.885267e+01 4.473186e+01 -1.837989e+01
      vertex   -5.877506e+01 4.473186e+01 -1.861876e+01
    endloop
  endfacet
  facet normal 9.048271e-01 -7.563360e-15 4.257793e-01
    outer loop
      vertex   -5.877506e+01 4.873186e+01 -1.861876e+01
      vertex   -5.877506e+01 4.473186e+01 -1.861876e+01
      vertex   -5.866812e+01 4.873186e+01 -1.884602e+01
    endloop
  endfacet
  facet normal 9.048271e-01 -7.563360e-15 4.257793e-01
    outer loop
      vertex   -5.866812e+01 4.873186e+01 -1.884602e+01
      vertex   -5.877506e+01 4.473186e+01 -1.861876e+01
      vertex   -5.866812e+01 4.473186e+01 -1.884602e+01
    endloop
  endfacet
  facet normal 8.443279e-01 -9.518196e-15 5.358268e-01
    outer loop
      vertex   -5.866812e+01 4.873186e+01 -1.884602e+01
      vertex   -5.866812e+01 4.473186e+01 -1.884602e+01
      vertex   -5.853354e+01 4.873186e+01 -1.905808e+01
    endloop
  endfacet
  facet normal 8.443279e-01 -9.518196e-15 5.358268e-01
    outer loop
      vertex   -5.853354e+01 4.873186e+01 -1.905808e+01
      vertex   -5.866812e+01 4.473186e+01 -1.884602e+01
      vertex   -5.853354e+01 4.473186e+01 -1.905808e+01
    endloop
  endfacet
  facet normal 7.705132e-01 -1.132292e-14 6.374240e-01
    outer loop
      vertex   -5.853354e+01 4.873186e+01 -1.905808e+01
      vertex   -5.853354e+01 4.473186e+01 -1.905808e+01
      vertex   -5.837344e+01 4.873186e+01 -1.925160e+01
    endloop
  endfacet
  facet normal 7.705132e-01 -1.132292e-14 6.374240e-01
    outer loop
      vertex   -5.837344e+01 4.873186e+01 -1.925160e+01
      vertex   -5.853354e+01 4.473186e+01 -1.905808e+01
      vertex   -5.837344e+01 4.473186e+01 -1.925160e+01
    endloop
  endfacet
  facet normal 6.845471e-01 -1.294908e-14 7.289686e-01
    outer loop
      vertex   -5.837344e+01 4.873186e+01 -1.925160e+01
      vertex   -5.837344e+01 4.473186e+01 -1.925160e+01
      vertex   -5.819035e+01 4.873186e+01 -1.942354e+01
    endloop
  endfacet
  facet normal 6.845471e-01 -1.294908e-14 7.289686e-01
    outer loop
      vertex   -5.819035e+01 4.873186e+01 -1.942354e+01
      vertex   -5.837344e+01 4.473186e+01 -1.925160e+01
      vertex   -5.819035e+01 4.473186e+01 -1.942354e+01
    endloop
  endfacet
  facet normal 5.877853e-01 -1.437103e-14 8.090170e-01
    outer loop
      vertex   -5.819035e+01 4.873186e+01 -1.942354e+01
      vertex   -5.819035e+01 4.473186e+01 -1.942354e+01
      vertex   -5.798716e+01 4.873186e+01 -1.957117e+01
    endloop
  endfacet
  facet normal 5.877853e-01 -1.541515e-14 8.090170e-01
    outer loop
      vertex   -5.798716e+01 4.873186e+01 -1.957117e+01
      vertex   -5.819035e+01 4.473186e+01 -1.942354e+01
      vertex   -5.798716e+01 4.473186e+01 -1.957117e+01
    endloop
  endfacet
  facet normal 4.817537e-01 -1.642210e-14 8.763067e-01
    outer loop
      vertex   -5.798716e+01 4.873186e+01 -1.957117e+01
      vertex   -5.798716e+01 4.473186e+01 -1.957117e+01
      vertex   -5.776706e+01 4.873186e+01 -1.969216e+01
    endloop
  endfacet
  facet normal 4.817537e-01 -1.556633e-14 8.763067e-01
    outer loop
      vertex   -5.776706e+01 4.873186e+01 -1.969216e+01
      vertex   -5.798716e+01 4.473186e+01 -1.957117e+01
      vertex   -5.776706e+01 4.473186e+01 -1.969216e+01
    endloop
  endfacet
  facet normal 3.681246e-01 -1.651615e-14 9.297765e-01
    outer loop
      vertex   -5.776706e+01 4.873186e+01 -1.969216e+01
      vertex   -5.776706e+01 4.473186e+01 -1.969216e+01
      vertex   -5.753354e+01 4.873186e+01 -1.978462e+01
    endloop
  endfacet
  facet normal 3.681246e-01 -1.651615e-14 9.297765e-01
    outer loop
      vertex   -5.753354e+01 4.873186e+01 -1.978462e+01
      vertex   -5.776706e+01 4.473186e+01 -1.969216e+01
      vertex   -5.753354e+01 4.473186e+01 -1.978462e+01
    endloop
  endfacet
  facet normal 2.486899e-01 -1.720549e-14 9.685832e-01
    outer loop
      vertex   -5.753354e+01 4.873186e+01 -1.978462e+01
      vertex   -5.753354e+01 4.473186e+01 -1.978462e+01
      vertex   -5.729027e+01 4.873186e+01 -1.984708e+01
    endloop
  endfacet
  facet normal 2.486899e-01 -1.720549e-14 9.685832e-01
    outer loop
      vertex   -5.729027e+01 4.873186e+01 -1.984708e+01
      vertex   -5.753354e+01 4.473186e+01 -1.978462e+01
      vertex   -5.729027e+01 4.473186e+01 -1.984708e+01
    endloop
  endfacet
  facet normal 1.253332e-01 -1.762350e-14 9.921147e-01
    outer loop
      vertex   -5.729027e+01 4.873186e+01 -1.984708e+01
      vertex   -5.729027e+01 4.473186e+01 -1.984708e+01
      vertex   -5.704108e+01 4.873186e+01 -1.987856e+01
    endloop
  endfacet
  facet normal 1.253332e-01 -1.762350e-14 9.921147e-01
    outer loop
      vertex   -5.704108e+01 4.873186e+01 -1.987856e+01
      vertex   -5.729027e+01 4.473186e+01 -1.984708e+01
      vertex   -5.704108e+01 4.473186e+01 -1.987856e+01
    endloop
  endfacet
  facet normal 1.414510e-14 -1.776357e-14 1.000000e+00
    outer loop
      vertex   -5.704108e+01 4.873186e+01 -1.987856e+01
      vertex   -5.704108e+01 4.473186e+01 -1.987856e+01
      vertex   -5.678992e+01 4.873186e+01 -1.987856e+01
    endloop
  endfacet
  facet normal 1.414510e-14 -1.776357e-14 1.000000e+00
    outer loop
      vertex   -5.678992e+01 4.873186e+01 -1.987856e+01
      vertex   -5.704108e+01 4.473186e+01 -1.987856e+01
      vertex   -5.678992e+01 4.473186e+01 -1.987856e+01
    endloop
  endfacet
  facet normal -1.253332e-01 -1.762350e-14 9.921147e-01
    outer loop
      vertex   -5.678992e+01 4.873186e+01 -1.987856e+01
      vertex   -5.678992e+01 4.473186e+01 -1.987856e+01
      vertex   -5.654074e+01 4.873186e+01 -1.984708e+01
    endloop
  endfacet
  facet normal -1.253332e-01 -1.762350e-14 9.921147e-01
    outer loop
      vertex   -5.654074e+01 4.873186e+01 -1.984708e+01
      vertex   -5.678992e+01 4.473186e+01 -1.987856e+01
      vertex   -5.654074e+01 4.473186e+01 -1.984708e+01
    endloop
  endfacet
  facet normal -2.486899e-01 -1.720549e-14 9.685832e-01
    outer loop
      vertex   -5.654074e+01 4.873186e+01 -1.984708e+01
      vertex   -5.654074e+01 4.473186e+01 -1.984708e+01
      vertex   -5.629747e+01 4.873186e+01 -1.978462e+01
    endloop
  endfacet
  facet normal -2.486899e-01 -1.720549e-14 9.685832e-01
    outer loop
      vertex   -5.629747e+01 4.873186e+01 -1.978462e+01
      vertex   -5.654074e+01 4.473186e+01 -1.984708e+01
      vertex   -5.629747e+01 4.473186e+01 -1.978462e+01
    endloop
  endfacet
  facet normal -3.681246e-01 -1.651615e-14 9.297765e-01
    outer loop
      vertex   -5.629747e+01 4.873186e+01 -1.978462e+01
      vertex   -5.629747e+01 4.473186e+01 -1.978462e+01
      vertex   -5.606394e+01 4.873186e+01 -1.969216e+01
    endloop
  endfacet
  facet normal -3.681246e-01 -1.651615e-14 9.297765e-01
    outer loop
      vertex   -5.606394e+01 4.873186e+01 -1.969216e+01
      vertex   -5.629747e+01 4.473186e+01 -1.978462e+01
      vertex   -5.606394e+01 4.473186e+01 -1.969216e+01
    endloop
  endfacet
  facet normal -4.817537e-01 -1.556633e-14 8.763067e-01
    outer loop
      vertex   -5.606394e+01 4.873186e+01 -1.969216e+01
      vertex   -5.606394e+01 4.473186e+01 -1.969216e+01
      vertex   -5.584385e+01 4.873186e+01 -1.957117e+01
    endloop
  endfacet
  facet normal -4.817537e-01 -1.556633e-14 8.763067e-01
    outer loop
      vertex   -5.584385e+01 4.873186e+01 -1.957117e+01
      vertex   -5.606394e+01 4.473186e+01 -1.969216e+01
      vertex   -5.584385e+01 4.473186e+01 -1.957117e+01
    endloop
  endfacet
  facet normal -5.877853e-01 -1.437103e-14 8.090170e-01
    outer loop
      vertex   -5.584385e+01 4.873186e+01 -1.957117e+01
      vertex   -5.584385e+01 4.473186e+01 -1.957117e+01
      vertex   -5.564066e+01 4.873186e+01 -1.942354e+01
    endloop
  endfacet
  facet normal -5.877853e-01 -1.508958e-14 8.090170e-01
    outer loop
      vertex   -5.564066e+01 4.873186e+01 -1.942354e+01
      vertex   -5.584385e+01 4.473186e+01 -1.957117e+01
      vertex   -5.564066e+01 4.473186e+01 -1.942354e+01
    endloop
  endfacet
  facet normal -6.845471e-01 -1.359654e-14 7.289686e-01
    outer loop
      vertex   -5.564066e+01 4.873186e+01 -1.942354e+01
      vertex   -5.564066e+01 4.473186e+01 -1.942354e+01
      vertex   -5.545757e+01 4.873186e+01 -1.925160e+01
    endloop
  endfacet
  facet normal -6.845471e-01 -1.294908e-14 7.289686e-01
    outer loop
      vertex   -5.545757e+01 4.873186e+01 -1.925160e+01
      vertex   -5.564066e+01 4.473186e+01 -1.942354e+01
      vertex   -5.545757e+01 4.473186e+01 -1.925160e+01
    endloop
  endfacet
  facet normal -7.705132e-01 -1.132292e-14 6.374240e-01
    outer loop
      vertex   -5.545757e+01 4.873186e+01 -1.925160e+01
      vertex   -5.545757e+01 4.473186e+01 -1.925160e+01
      vertex   -5.529747e+01 4.873186e+01 -1.905808e+01
    endloop
  endfacet
  facet normal -7.705132e-01 -8.585512e-15 6.374240e-01
    outer loop
      vertex   -5.529747e+01 4.873186e+01 -1.905808e+01
      vertex   -5.545757e+01 4.473186e+01 -1.925160e+01
      vertex   -5.529747e+01 4.473186e+01 -1.905808e+01
    endloop
  endfacet
  facet normal -8.443279e-01 -6.518541e-15 5.358268e-01
    outer loop
      vertex   -5.529747e+01 4.873186e+01 -1.905808e+01
      vertex   -5.529747e+01 4.473186e+01 -1.905808e+01
      vertex   -5.516289e+01 4.873186e+01 -1.884602e+01
    endloop
  endfacet
  facet normal -8.443279e-01 -9.518196e-15 5.358268e-01
    outer loop
      vertex   -5.516289e+01 4.873186e+01 -1.884602e+01
      vertex   -5.529747e+01 4.473186e+01 -1.905808e+01
      vertex   -5.516289e+01 4.473186e+01 -1.884602e+01
    endloop
  endfacet
  facet normal -9.048271e-01 -7.563360e-15 4.257793e-01
    outer loop
      vertex   -5.516289e+01 4.873186e+01 -1.884602e+01
      vertex   -5.516289e+01 4.473186e+01 -1.884602e+01
      vertex   -5.505595e+01 4.873186e+01 -1.861876e+01
    endloop
  endfacet
  facet normal -9.048271e-01 -7.941528e-15 4.257793e-01
    outer loop
      vertex   -5.505595e+01 4.873186e+01 -1.861876e+01
      vertex   -5.516289e+01 4.473186e+01 -1.884602e+01
      vertex   -5.505595e+01 4.473186e+01 -1.861876e+01
    endloop
  endfacet
  facet normal -9.510565e-01 -5.763707e-15 3.090170e-01
    outer loop
      vertex   -5.505595e+01 4.873186e+01 -1.861876e+01
      vertex   -5.505595e+01 4.473186e+01 -1.861876e+01
      vertex   -5.497834e+01 4.873186e+01 -1.837989e+01
    endloop
  endfacet
  facet normal -9.510565e-01 -5.489245e-15 3.090170e-01
    outer loop
      vertex   -5.497834e+01 4.873186e+01 -1.837989e+01
      vertex   -5.505595e+01 4.473186e+01 -1.861876e+01
      vertex   -5.497834e+01 4.473186e+01 -1.837989e+01
    endloop
  endfacet
  facet normal -9.822873e-01 -3.328561e-15 1.873813e-01
    outer loop
      vertex   -5.497834e+01 4.873186e+01 -1.837989e+01
      vertex   -5.497834e+01 4.473186e+01 -1.837989e+01
      vertex   -5.493127e+01 4.873186e+01 -1.813318e+01
    endloop
  endfacet
  facet normal -9.822873e-01 -3.328561e-15 1.873813e-01
    outer loop
      vertex   -5.493127e+01 4.873186e+01 -1.813318e+01
      vertex   -5.497834e+01 4.473186e+01 -1.837989e+01
      vertex   -5.493127e+01 4.473186e+01 -1.813318e+01
    endloop
  endfacet
  facet normal 6.279308e-27 -1.000000e+00 9.121171e-14
    outer loop
      vertex   -8.397965e+01 8.644934e+01 -1.542524e+01
      vertex   -1.015256e+02 8.644934e+01 -1.542524e+01
      vertex   -8.397965e+01 8.644934e+01 -2.633130e+01
    endloop
  endfacet
  facet normal 1.108113e-27 -1.000000e+00 9.121171e-14
    outer loop
      vertex   -8.397965e+01 8.644934e+01 -2.633130e+01
      vertex   -1.015256e+02 8.644934e+01 -1.542524e+01
      vertex   -1.015256e+02 8.644934e+01 -2.633130e+01
    endloop
  endfacet
  facet normal 9.975641e-01 -0.000000e+00 6.975647e-02
    outer loop
      vertex   -8.129037e+01 9.385967e+01 -1.744509e+01
      vertex   -8.129037e+01 9.773186e+01 -1.744509e+01
      vertex   -8.130643e+01 9.385967e+01 -1.721545e+01
    endloop
  endfacet
  facet normal 9.975641e-01 -0.000000e+00 6.975647e-02
    outer loop
      vertex   -8.130643e+01 9.385967e+01 -1.721545e+01
      vertex   -8.129037e+01 9.773186e+01 -1.744509e+01
      vertex   -8.130643e+01 9.773186e+01 -1.721545e+01
    endloop
  endfacet
  facet normal 9.975641e-01 0.000000e+00 -6.975647e-02
    outer loop
      vertex   -8.130643e+01 9.385967e+01 -1.721545e+01
      vertex   -8.130643e+01 9.773186e+01 -1.721545e+01
      vertex   -8.129037e+01 9.385967e+01 -1.698581e+01
    endloop
  endfacet
  facet normal 9.975641e-01 0.000000e+00 -6.975647e-02
    outer loop
      vertex   -8.129037e+01 9.385967e+01 -1.698581e+01
      vertex   -8.130643e+01 9.773186e+01 -1.721545e+01
      vertex   -8.129037e+01 9.773186e+01 -1.698581e+01
    endloop
  endfacet
  facet normal 9.781476e-01 0.000000e+00 -2.079117e-01
    outer loop
      vertex   -8.129037e+01 9.385967e+01 -1.698581e+01
      vertex   -8.129037e+01 9.773186e+01 -1.698581e+01
      vertex   -8.124251e+01 9.385967e+01 -1.676065e+01
    endloop
  endfacet
  facet normal 9.781476e-01 0.000000e+00 -2.079117e-01
    outer loop
      vertex   -8.124251e+01 9.385967e+01 -1.676065e+01
      vertex   -8.129037e+01 9.773186e+01 -1.698581e+01
      vertex   -8.124251e+01 9.773186e+01 -1.676065e+01
    endloop
  endfacet
  facet normal 9.396926e-01 0.000000e+00 -3.420201e-01
    outer loop
      vertex   -8.124251e+01 9.385967e+01 -1.676065e+01
      vertex   -8.124251e+01 9.773186e+01 -1.676065e+01
      vertex   -8.116378e+01 9.385967e+01 -1.654433e+01
    endloop
  endfacet
  facet normal 9.396926e-01 0.000000e+00 -3.420201e-01
    outer loop
      vertex   -8.116378e+01 9.385967e+01 -1.654433e+01
      vertex   -8.124251e+01 9.773186e+01 -1.676065e+01
      vertex   -8.116378e+01 9.773186e+01 -1.654433e+01
    endloop
  endfacet
  facet normal 8.829476e-01 0.000000e+00 -4.694716e-01
    outer loop
      vertex   -8.116378e+01 9.385967e+01 -1.654433e+01
      vertex   -8.116378e+01 9.773186e+01 -1.654433e+01
      vertex   -8.105570e+01 9.385967e+01 -1.634108e+01
    endloop
  endfacet
  facet normal 8.829476e-01 0.000000e+00 -4.694716e-01
    outer loop
      vertex   -8.105570e+01 9.385967e+01 -1.634108e+01
      vertex   -8.116378e+01 9.773186e+01 -1.654433e+01
      vertex   -8.105570e+01 9.773186e+01 -1.634108e+01
    endloop
  endfacet
  facet normal 8.090170e-01 0.000000e+00 -5.877853e-01
    outer loop
      vertex   -8.105570e+01 9.385967e+01 -1.634108e+01
      vertex   -8.105570e+01 9.773186e+01 -1.634108e+01
      vertex   -8.092040e+01 9.385967e+01 -1.615485e+01
    endloop
  endfacet
  facet normal 8.090170e-01 0.000000e+00 -5.877853e-01
    outer loop
      vertex   -8.092040e+01 9.385967e+01 -1.615485e+01
      vertex   -8.105570e+01 9.773186e+01 -1.634108e+01
      vertex   -8.092040e+01 9.773186e+01 -1.615485e+01
    endloop
  endfacet
  facet normal 7.193398e-01 0.000000e+00 -6.946584e-01
    outer loop
      vertex   -8.092040e+01 9.385967e+01 -1.615485e+01
      vertex   -8.092040e+01 9.773186e+01 -1.615485e+01
      vertex   -8.076049e+01 9.385967e+01 -1.598926e+01
    endloop
  endfacet
  facet normal 7.193398e-01 0.000000e+00 -6.946584e-01
    outer loop
      vertex   -8.076049e+01 9.385967e+01 -1.598926e+01
      vertex   -8.092040e+01 9.773186e+01 -1.615485e+01
      vertex   -8.076049e+01 9.773186e+01 -1.598926e+01
    endloop
  endfacet
  facet normal 6.156615e-01 0.000000e+00 -7.880108e-01
    outer loop
      vertex   -8.076049e+01 9.385967e+01 -1.598926e+01
      vertex   -8.076049e+01 9.773186e+01 -1.598926e+01
      vertex   -8.057909e+01 9.385967e+01 -1.584754e+01
    endloop
  endfacet
  facet normal 6.156615e-01 0.000000e+00 -7.880108e-01
    outer loop
      vertex   -8.057909e+01 9.385967e+01 -1.584754e+01
      vertex   -8.076049e+01 9.773186e+01 -1.598926e+01
      vertex   -8.057909e+01 9.773186e+01 -1.584754e+01
    endloop
  endfacet
  facet normal 5.000000e-01 0.000000e+00 -8.660254e-01
    outer loop
      vertex   -8.057909e+01 9.385967e+01 -1.584754e+01
      vertex   -8.057909e+01 9.773186e+01 -1.584754e+01
      vertex   -8.037974e+01 9.385967e+01 -1.573244e+01
    endloop
  endfacet
  facet normal 5.000000e-01 0.000000e+00 -8.660254e-01
    outer loop
      vertex   -8.037974e+01 9.385967e+01 -1.573244e+01
      vertex   -8.057909e+01 9.773186e+01 -1.584754e+01
      vertex   -8.037974e+01 9.773186e+01 -1.573244e+01
    endloop
  endfacet
  facet normal 3.746066e-01 0.000000e+00 -9.271839e-01
    outer loop
      vertex   -8.037974e+01 9.385967e+01 -1.573244e+01
      vertex   -8.037974e+01 9.773186e+01 -1.573244e+01
      vertex   -8.016630e+01 9.385967e+01 -1.564621e+01
    endloop
  endfacet
  facet normal 3.746066e-01 0.000000e+00 -9.271839e-01
    outer loop
      vertex   -8.016630e+01 9.385967e+01 -1.564621e+01
      vertex   -8.037974e+01 9.773186e+01 -1.573244e+01
      vertex   -8.016630e+01 9.773186e+01 -1.564621e+01
    endloop
  endfacet
  facet normal 2.419219e-01 0.000000e+00 -9.702957e-01
    outer loop
      vertex   -8.016630e+01 9.385967e+01 -1.564621e+01
      vertex   -8.016630e+01 9.773186e+01 -1.564621e+01
      vertex   -7.994294e+01 9.385967e+01 -1.559052e+01
    endloop
  endfacet
  facet normal 2.419219e-01 0.000000e+00 -9.702957e-01
    outer loop
      vertex   -7.994294e+01 9.385967e+01 -1.559052e+01
      vertex   -8.016630e+01 9.773186e+01 -1.564621e+01
      vertex   -7.994294e+01 9.773186e+01 -1.559052e+01
    endloop
  endfacet
  facet normal 1.045285e-01 0.000000e+00 -9.945219e-01
    outer loop
      vertex   -7.994294e+01 9.385967e+01 -1.559052e+01
      vertex   -7.994294e+01 9.773186e+01 -1.559052e+01
      vertex   -7.971401e+01 9.385967e+01 -1.556645e+01
    endloop
  endfacet
  facet normal 1.045285e-01 0.000000e+00 -9.945219e-01
    outer loop
      vertex   -7.971401e+01 9.385967e+01 -1.556645e+01
      vertex   -7.994294e+01 9.773186e+01 -1.559052e+01
      vertex   -7.971401e+01 9.773186e+01 -1.556645e+01
    endloop
  endfacet
  facet normal -3.489950e-02 0.000000e+00 -9.993908e-01
    outer loop
      vertex   -7.971401e+01 9.385967e+01 -1.556645e+01
      vertex   -7.971401e+01 9.773186e+01 -1.556645e+01
      vertex   -7.948395e+01 9.385967e+01 -1.557449e+01
    endloop
  endfacet
  facet normal -3.489950e-02 0.000000e+00 -9.993908e-01
    outer loop
      vertex   -7.948395e+01 9.385967e+01 -1.557449e+01
      vertex   -7.971401e+01 9.773186e+01 -1.556645e+01
      vertex   -7.948395e+01 9.773186e+01 -1.557449e+01
    endloop
  endfacet
  facet normal -1.736482e-01 0.000000e+00 -9.848078e-01
    outer loop
      vertex   -7.948395e+01 9.385967e+01 -1.557449e+01
      vertex   -7.948395e+01 9.773186e+01 -1.557449e+01
      vertex   -7.925725e+01 9.385967e+01 -1.561446e+01
    endloop
  endfacet
  facet normal -1.736482e-01 0.000000e+00 -9.848078e-01
    outer loop
      vertex   -7.925725e+01 9.385967e+01 -1.561446e+01
      vertex   -7.948395e+01 9.773186e+01 -1.557449e+01
      vertex   -7.925725e+01 9.773186e+01 -1.561446e+01
    endloop
  endfacet
  facet normal -3.090170e-01 0.000000e+00 -9.510565e-01
    outer loop
      vertex   -7.925725e+01 9.385967e+01 -1.561446e+01
      vertex   -7.925725e+01 9.773186e+01 -1.561446e+01
      vertex   -7.903832e+01 9.385967e+01 -1.568560e+01
    endloop
  endfacet
  facet normal -3.090170e-01 0.000000e+00 -9.510565e-01
    outer loop
      vertex   -7.903832e+01 9.385967e+01 -1.568560e+01
      vertex   -7.925725e+01 9.773186e+01 -1.561446e+01
      vertex   -7.903832e+01 9.773186e+01 -1.568560e+01
    endloop
  endfacet
  facet normal -4.383711e-01 0.000000e+00 -8.987940e-01
    outer loop
      vertex   -7.903832e+01 9.385967e+01 -1.568560e+01
      vertex   -7.903832e+01 9.773186e+01 -1.568560e+01
      vertex   -7.883143e+01 9.385967e+01 -1.578651e+01
    endloop
  endfacet
  facet normal -4.383711e-01 0.000000e+00 -8.987940e-01
    outer loop
      vertex   -7.883143e+01 9.385967e+01 -1.578651e+01
      vertex   -7.903832e+01 9.773186e+01 -1.568560e+01
      vertex   -7.883143e+01 9.773186e+01 -1.578651e+01
    endloop
  endfacet
  facet normal -5.591929e-01 0.000000e+00 -8.290376e-01
    outer loop
      vertex   -7.883143e+01 9.385967e+01 -1.578651e+01
      vertex   -7.883143e+01 9.773186e+01 -1.578651e+01
      vertex   -7.864058e+01 9.385967e+01 -1.591523e+01
    endloop
  endfacet
  facet normal -5.591929e-01 3.803187e-16 -8.290376e-01
    outer loop
      vertex   -7.864058e+01 9.385967e+01 -1.591523e+01
      vertex   -7.883143e+01 9.773186e+01 -1.578651e+01
      vertex   -7.864058e+01 9.773186e+01 -1.591523e+01
    endloop
  endfacet
  facet normal -6.691306e-01 3.409157e-16 -7.431448e-01
    outer loop
      vertex   -7.864058e+01 9.385967e+01 -1.591523e+01
      vertex   -7.864058e+01 9.773186e+01 -1.591523e+01
      vertex   -7.846951e+01 9.385967e+01 -1.606926e+01
    endloop
  endfacet
  facet normal -6.691306e-01 0.000000e+00 -7.431448e-01
    outer loop
      vertex   -7.846951e+01 9.385967e+01 -1.606926e+01
      vertex   -7.864058e+01 9.773186e+01 -1.591523e+01
      vertex   -7.846951e+01 9.773186e+01 -1.606926e+01
    endloop
  endfacet
  facet normal -7.660444e-01 0.000000e+00 -6.427876e-01
    outer loop
      vertex   -7.846951e+01 9.385967e+01 -1.606926e+01
      vertex   -7.846951e+01 9.773186e+01 -1.606926e+01
      vertex   -7.832155e+01 9.385967e+01 -1.624560e+01
    endloop
  endfacet
  facet normal -7.660444e-01 0.000000e+00 -6.427876e-01
    outer loop
      vertex   -7.832155e+01 9.385967e+01 -1.624560e+01
      vertex   -7.846951e+01 9.773186e+01 -1.606926e+01
      vertex   -7.832155e+01 9.773186e+01 -1.624560e+01
    endloop
  endfacet
  facet normal -8.480481e-01 0.000000e+00 -5.299193e-01
    outer loop
      vertex   -7.832155e+01 9.385967e+01 -1.624560e+01
      vertex   -7.832155e+01 9.773186e+01 -1.624560e+01
      vertex   -7.819956e+01 9.385967e+01 -1.644082e+01
    endloop
  endfacet
  facet normal -8.480481e-01 4.861980e-16 -5.299193e-01
    outer loop
      vertex   -7.819956e+01 9.385967e+01 -1.644082e+01
      vertex   -7.832155e+01 9.773186e+01 -1.624560e+01
      vertex   -7.819956e+01 9.773186e+01 -1.644082e+01
    endloop
  endfacet
  facet normal -9.135455e-01 3.731786e-16 -4.067366e-01
    outer loop
      vertex   -7.819956e+01 9.385967e+01 -1.644082e+01
      vertex   -7.819956e+01 9.773186e+01 -1.644082e+01
      vertex   -7.810593e+01 9.385967e+01 -1.665112e+01
    endloop
  endfacet
  facet normal -9.135455e-01 0.000000e+00 -4.067366e-01
    outer loop
      vertex   -7.810593e+01 9.385967e+01 -1.665112e+01
      vertex   -7.819956e+01 9.773186e+01 -1.644082e+01
      vertex   -7.810593e+01 9.773186e+01 -1.665112e+01
    endloop
  endfacet
  facet normal -9.612617e-01 0.000000e+00 -2.756374e-01
    outer loop
      vertex   -7.810593e+01 9.385967e+01 -1.665112e+01
      vertex   -7.810593e+01 9.773186e+01 -1.665112e+01
      vertex   -7.804248e+01 9.385967e+01 -1.687240e+01
    endloop
  endfacet
  facet normal -9.612617e-01 0.000000e+00 -2.756374e-01
    outer loop
      vertex   -7.804248e+01 9.385967e+01 -1.687240e+01
      vertex   -7.810593e+01 9.773186e+01 -1.665112e+01
      vertex   -7.804248e+01 9.773186e+01 -1.687240e+01
    endloop
  endfacet
  facet normal -9.902681e-01 0.000000e+00 -1.391731e-01
    outer loop
      vertex   -7.804248e+01 9.385967e+01 -1.687240e+01
      vertex   -7.804248e+01 9.773186e+01 -1.687240e+01
      vertex   -7.801044e+01 9.385967e+01 -1.710035e+01
    endloop
  endfacet
  facet normal -9.902681e-01 0.000000e+00 -1.391731e-01
    outer loop
      vertex   -7.801044e+01 9.385967e+01 -1.710035e+01
      vertex   -7.804248e+01 9.773186e+01 -1.687240e+01
      vertex   -7.801044e+01 9.773186e+01 -1.710035e+01
    endloop
  endfacet
  facet normal -1.000000e+00 0.000000e+00 0.000000e+00
    outer loop
      vertex   -7.801044e+01 9.385967e+01 -1.710035e+01
      vertex   -7.801044e+01 9.773186e+01 -1.710035e+01
      vertex   -7.801044e+01 9.385967e+01 -1.733055e+01
    endloop
  endfacet
  facet normal -1.000000e+00 0.000000e+00 0.000000e+00
    outer loop
      vertex   -7.801044e+01 9.385967e+01 -1.733055e+01
      vertex   -7.801044e+01 9.773186e+01 -1.710035e+01
      vertex   -7.801044e+01 9.773186e+01 -1.733055e+01
    endloop
  endfacet
  facet normal -9.902681e-01 0.000000e+00 1.391731e-01
    outer loop
      vertex   -7.801044e+01 9.385967e+01 -1.733055e+01
      vertex   -7.801044e+01 9.773186e+01 -1.733055e+01
      vertex   -7.804248e+01 9.385967e+01 -1.755850e+01
    endloop
  endfacet
  facet normal -9.902681e-01 -1.276906e-16 1.391731e-01
    outer loop
      vertex   -7.804248e+01 9.385967e+01 -1.755850e+01
      vertex   -7.801044e+01 9.773186e+01 -1.733055e+01
      vertex   -7.804248e+01 9.773186e+01 -1.755850e+01
    endloop
  endfacet
  facet normal -9.612617e-01 -2.528958e-16 2.756374e-01
    outer loop
      vertex   -7.804248e+01 9.385967e+01 -1.755850e+01
      vertex   -7.804248e+01 9.773186e+01 -1.755850e+01
      vertex   -7.810593e+01 9.385967e+01 -1.777978e+01
    endloop
  endfacet
  facet normal -9.612617e-01 0.000000e+00 2.756374e-01
    outer loop
      vertex   -7.810593e+01 9.385967e+01 -1.777978e+01
      vertex   -7.804248e+01 9.773186e+01 -1.755850e+01
      vertex   -7.810593e+01 9.773186e+01 -1.777978e+01
    endloop
  endfacet
  facet normal -9.135455e-01 0.000000e+00 4.067366e-01
    outer loop
      vertex   -7.810593e+01 9.385967e+01 -1.777978e+01
      vertex   -7.810593e+01 9.773186e+01 -1.777978e+01
      vertex   -7.819956e+01 9.385967e+01 -1.799008e+01
    endloop
  endfacet
  facet normal -9.135455e-01 0.000000e+00 4.067366e-01
    outer loop
      vertex   -7.819956e+01 9.385967e+01 -1.799008e+01
      vertex   -7.810593e+01 9.773186e+01 -1.777978e+01
      vertex   -7.819956e+01 9.773186e+01 -1.799008e+01
    endloop
  endfacet
  facet normal -8.480481e-01 0.000000e+00 5.299193e-01
    outer loop
      vertex   -7.819956e+01 9.385967e+01 -1.799008e+01
      vertex   -7.819956e+01 9.773186e+01 -1.799008e+01
      vertex   -7.832155e+01 9.385967e+01 -1.818530e+01
    endloop
  endfacet
  facet normal -8.480481e-01 0.000000e+00 5.299193e-01
    outer loop
      vertex   -7.832155e+01 9.385967e+01 -1.818530e+01
      vertex   -7.819956e+01 9.773186e+01 -1.799008e+01
      vertex   -7.832155e+01 9.773186e+01 -1.818530e+01
    endloop
  endfacet
  facet normal -7.660444e-01 0.000000e+00 6.427876e-01
    outer loop
      vertex   -7.832155e+01 9.385967e+01 -1.818530e+01
      vertex   -7.832155e+01 9.773186e+01 -1.818530e+01
      vertex   -7.846951e+01 9.385967e+01 -1.836164e+01
    endloop
  endfacet
  facet normal -7.660444e-01 0.000000e+00 6.427876e-01
    outer loop
      vertex   -7.846951e+01 9.385967e+01 -1.836164e+01
      vertex   -7.832155e+01 9.773186e+01 -1.818530e+01
      vertex   -7.846951e+01 9.773186e+01 -1.836164e+01
    endloop
  endfacet
  facet normal -6.691306e-01 0.000000e+00 7.431448e-01
    outer loop
      vertex   -7.846951e+01 9.385967e+01 -1.836164e+01
      vertex   -7.846951e+01 9.773186e+01 -1.836164e+01
      vertex   -7.864058e+01 9.385967e+01 -1.851567e+01
    endloop
  endfacet
  facet normal -6.691306e-01 0.000000e+00 7.431448e-01
    outer loop
      vertex   -7.864058e+01 9.385967e+01 -1.851567e+01
      vertex   -7.846951e+01 9.773186e+01 -1.836164e+01
      vertex   -7.864058e+01 9.773186e+01 -1.851567e+01
    endloop
  endfacet
  facet normal -5.591929e-01 0.000000e+00 8.290376e-01
    outer loop
      vertex   -7.864058e+01 9.385967e+01 -1.851567e+01
      vertex   -7.864058e+01 9.773186e+01 -1.851567e+01
      vertex   -7.883143e+01 9.385967e+01 -1.864439e+01
    endloop
  endfacet
  facet normal -5.591929e-01 -2.052226e-15 8.290376e-01
    outer loop
      vertex   -7.883143e+01 9.385967e+01 -1.864439e+01
      vertex   -7.864058e+01 9.773186e+01 -1.851567e+01
      vertex   -7.883143e+01 9.773186e+01 -1.864439e+01
    endloop
  endfacet
  facet normal -4.383711e-01 -1.608813e-15 8.987940e-01
    outer loop
      vertex   -7.883143e+01 9.385967e+01 -1.864439e+01
      vertex   -7.883143e+01 9.773186e+01 -1.864439e+01
      vertex   -7.903832e+01 9.385967e+01 -1.874530e+01
    endloop
  endfacet
  facet normal -4.383711e-01 0.000000e+00 8.987940e-01
    outer loop
      vertex   -7.903832e+01 9.385967e+01 -1.874530e+01
      vertex   -7.883143e+01 9.773186e+01 -1.864439e+01
      vertex   -7.903832e+01 9.773186e+01 -1.874530e+01
    endloop
  endfacet
  facet normal -3.090170e-01 0.000000e+00 9.510565e-01
    outer loop
      vertex   -7.903832e+01 9.385967e+01 -1.874530e+01
      vertex   -7.903832e+01 9.773186e+01 -1.874530e+01
      vertex   -7.925725e+01 9.385967e+01 -1.881644e+01
    endloop
  endfacet
  facet normal -3.090170e-01 0.000000e+00 9.510565e-01
    outer loop
      vertex   -7.925725e+01 9.385967e+01 -1.881644e+01
      vertex   -7.903832e+01 9.773186e+01 -1.874530e+01
      vertex   -7.925725e+01 9.773186e+01 -1.881644e+01
    endloop
  endfacet
  facet normal -1.736482e-01 0.000000e+00 9.848078e-01
    outer loop
      vertex   -7.925725e+01 9.385967e+01 -1.881644e+01
      vertex   -7.925725e+01 9.773186e+01 -1.881644e+01
      vertex   -7.948395e+01 9.385967e+01 -1.885641e+01
    endloop
  endfacet
  facet normal -1.736482e-01 0.000000e+00 9.848078e-01
    outer loop
      vertex   -7.948395e+01 9.385967e+01 -1.885641e+01
      vertex   -7.925725e+01 9.773186e+01 -1.881644e+01
      vertex   -7.948395e+01 9.773186e+01 -1.885641e+01
    endloop
  endfacet
  facet normal -3.489950e-02 0.000000e+00 9.993908e-01
    outer loop
      vertex   -7.948395e+01 9.385967e+01 -1.885641e+01
      vertex   -7.948395e+01 9.773186e+01 -1.885641e+01
      vertex   -7.971401e+01 9.385967e+01 -1.886444e+01
    endloop
  endfacet
  facet normal -3.489950e-02 0.000000e+00 9.993908e-01
    outer loop
      vertex   -7.971401e+01 9.385967e+01 -1.886444e+01
      vertex   -7.948395e+01 9.773186e+01 -1.885641e+01
      vertex   -7.971401e+01 9.773186e+01 -1.886444e+01
    endloop
  endfacet
  facet normal 1.045285e-01 -0.000000e+00 9.945219e-01
    outer loop
      vertex   -7.971401e+01 9.385967e+01 -1.886444e+01
      vertex   -7.971401e+01 9.773186e+01 -1.886444e+01
      vertex   -7.994294e+01 9.385967e+01 -1.884038e+01
    endloop
  endfacet
  facet normal 1.045285e-01 -0.000000e+00 9.945219e-01
    outer loop
      vertex   -7.994294e+01 9.385967e+01 -1.884038e+01
      vertex   -7.971401e+01 9.773186e+01 -1.886444e+01
      vertex   -7.994294e+01 9.773186e+01 -1.884038e+01
    endloop
  endfacet
  facet normal 2.419219e-01 -0.000000e+00 9.702957e-01
    outer loop
      vertex   -7.994294e+01 9.385967e+01 -1.884038e+01
      vertex   -7.994294e+01 9.773186e+01 -1.884038e+01
      vertex   -8.016630e+01 9.385967e+01 -1.878469e+01
    endloop
  endfacet
  facet normal 2.419219e-01 -0.000000e+00 9.702957e-01
    outer loop
      vertex   -8.016630e+01 9.385967e+01 -1.878469e+01
      vertex   -7.994294e+01 9.773186e+01 -1.884038e+01
      vertex   -8.016630e+01 9.773186e+01 -1.878469e+01
    endloop
  endfacet
  facet normal 3.746066e-01 -0.000000e+00 9.271839e-01
    outer loop
      vertex   -8.016630e+01 9.385967e+01 -1.878469e+01
      vertex   -8.016630e+01 9.773186e+01 -1.878469e+01
      vertex   -8.037974e+01 9.385967e+01 -1.869846e+01
    endloop
  endfacet
  facet normal 3.746066e-01 -0.000000e+00 9.271839e-01
    outer loop
      vertex   -8.037974e+01 9.385967e+01 -1.869846e+01
      vertex   -8.016630e+01 9.773186e+01 -1.878469e+01
      vertex   -8.037974e+01 9.773186e+01 -1.869846e+01
    endloop
  endfacet
  facet normal 5.000000e-01 -0.000000e+00 8.660254e-01
    outer loop
      vertex   -8.037974e+01 9.385967e+01 -1.869846e+01
      vertex   -8.037974e+01 9.773186e+01 -1.869846e+01
      vertex   -8.057909e+01 9.385967e+01 -1.858336e+01
    endloop
  endfacet
  facet normal 5.000000e-01 -0.000000e+00 8.660254e-01
    outer loop
      vertex   -8.057909e+01 9.385967e+01 -1.858336e+01
      vertex   -8.037974e+01 9.773186e+01 -1.869846e+01
      vertex   -8.057909e+01 9.773186e+01 -1.858336e+01
    endloop
  endfacet
  facet normal 6.156615e-01 -0.000000e+00 7.880108e-01
    outer loop
      vertex   -8.057909e+01 9.385967e+01 -1.858336e+01
      vertex   -8.057909e+01 9.773186e+01 -1.858336e+01
      vertex   -8.076049e+01 9.385967e+01 -1.844164e+01
    endloop
  endfacet
  facet normal 6.156615e-01 -0.000000e+00 7.880108e-01
    outer loop
      vertex   -8.076049e+01 9.385967e+01 -1.844164e+01
      vertex   -8.057909e+01 9.773186e+01 -1.858336e+01
      vertex   -8.076049e+01 9.773186e+01 -1.844164e+01
    endloop
  endfacet
  facet normal 7.193398e-01 -0.000000e+00 6.946584e-01
    outer loop
      vertex   -8.076049e+01 9.385967e+01 -1.844164e+01
      vertex   -8.076049e+01 9.773186e+01 -1.844164e+01
      vertex   -8.092040e+01 9.385967e+01 -1.827605e+01
    endloop
  endfacet
  facet normal 7.193398e-01 -0.000000e+00 6.946584e-01
    outer loop
      vertex   -8.092040e+01 9.385967e+01 -1.827605e+01
      vertex   -8.076049e+01 9.773186e+01 -1.844164e+01
      vertex   -8.092040e+01 9.773186e+01 -1.827605e+01
    endloop
  endfacet
  facet normal 8.090170e-01 -0.000000e+00 5.877853e-01
    outer loop
      vertex   -8.092040e+01 9.385967e+01 -1.827605e+01
      vertex   -8.092040e+01 9.773186e+01 -1.827605e+01
      vertex   -8.105570e+01 9.385967e+01 -1.808982e+01
    endloop
  endfacet
  facet normal 8.090170e-01 -0.000000e+00 5.877853e-01
    outer loop
      vertex   -8.105570e+01 9.385967e+01 -1.808982e+01
      vertex   -8.092040e+01 9.773186e+01 -1.827605e+01
      vertex   -8.105570e+01 9.773186e+01 -1.808982e+01
    endloop
  endfacet
  facet normal 8.829476e-01 -0.000000e+00 4.694716e-01
    outer loop
      vertex   -8.105570e+01 9.385967e+01 -1.808982e+01
      vertex   -8.105570e+01 9.773186e+01 -1.808982e+01
      vertex   -8.116378e+01 9.385967e+01 -1.788656e+01
    endloop
  endfacet
  facet normal 8.829476e-01 4.307376e-16 4.694716e-01
    outer loop
      vertex   -8.116378e+01 9.385967e+01 -1.788656e+01
      vertex   -8.105570e+01 9.773186e+01 -1.808982e+01
      vertex   -8.116378e+01 9.773186e+01 -1.788656e+01
    endloop
  endfacet
  facet normal 9.396926e-01 3.138016e-16 3.420201e-01
    outer loop
      vertex   -8.116378e+01 9.385967e+01 -1.788656e+01
      vertex   -8.116378e+01 9.773186e+01 -1.788656e+01
      vertex   -8.124251e+01 9.385967e+01 -1.767025e+01
    endloop
  endfacet
  facet normal 9.396926e-01 3.138016e-16 3.420201e-01
    outer loop
      vertex   -8.124251e+01 9.385967e+01 -1.767025e+01
      vertex   -8.116378e+01 9.773186e+01 -1.788656e+01
      vertex   -8.124251e+01 9.773186e+01 -1.767025e+01
    endloop
  endfacet
  facet normal 9.781476e-01 1.907578e-16 2.079117e-01
    outer loop
      vertex   -8.124251e+01 9.385967e+01 -1.767025e+01
      vertex   -8.124251e+01 9.773186e+01 -1.767025e+01
      vertex   -8.129037e+01 9.385967e+01 -1.744509e+01
    endloop
  endfacet
  facet normal 9.781476e-01 -0.000000e+00 2.079117e-01
    outer loop
      vertex   -8.129037e+01 9.385967e+01 -1.744509e+01
      vertex   -8.124251e+01 9.773186e+01 -1.767025e+01
      vertex   -8.129037e+01 9.773186e+01 -1.744509e+01
    endloop
  endfacet
  facet normal 9.975641e-01 -0.000000e+00 6.975647e-02
    outer loop
      vertex   -6.829037e+01 9.385967e+01 -1.744509e+01
      vertex   -6.829037e+01 9.773186e+01 -1.744509e+01
      vertex   -6.830643e+01 9.385967e+01 -1.721545e+01
    endloop
  endfacet
  facet normal 9.975641e-01 -0.000000e+00 6.975647e-02
    outer loop
      vertex   -6.830643e+01 9.385967e+01 -1.721545e+01
      vertex   -6.829037e+01 9.773186e+01 -1.744509e+01
      vertex   -6.830643e+01 9.773186e+01 -1.721545e+01
    endloop
  endfacet
  facet normal 9.975641e-01 0.000000e+00 -6.975647e-02
    outer loop
      vertex   -6.830643e+01 9.385967e+01 -1.721545e+01
      vertex   -6.830643e+01 9.773186e+01 -1.721545e+01
      vertex   -6.829037e+01 9.385967e+01 -1.698581e+01
    endloop
  endfacet
  facet normal 9.975641e-01 0.000000e+00 -6.975647e-02
    outer loop
      vertex   -6.829037e+01 9.385967e+01 -1.698581e+01
      vertex   -6.830643e+01 9.773186e+01 -1.721545e+01
      vertex   -6.829037e+01 9.773186e+01 -1.698581e+01
    endloop
  endfacet
  facet normal 9.781476e-01 0.000000e+00 -2.079117e-01
    outer loop
      vertex   -6.829037e+01 9.385967e+01 -1.698581e+01
      vertex   -6.829037e+01 9.773186e+01 -1.698581e+01
      vertex   -6.824251e+01 9.385967e+01 -1.676065e+01
    endloop
  endfacet
  facet normal 9.781476e-01 -1.907578e-16 -2.079117e-01
    outer loop
      vertex   -6.824251e+01 9.385967e+01 -1.676065e+01
      vertex   -6.829037e+01 9.773186e+01 -1.698581e+01
      vertex   -6.824251e+01 9.773186e+01 -1.676065e+01
    endloop
  endfacet
  facet normal 9.396926e-01 -3.138016e-16 -3.420201e-01
    outer loop
      vertex   -6.824251e+01 9.385967e+01 -1.676065e+01
      vertex   -6.824251e+01 9.773186e+01 -1.676065e+01
      vertex   -6.816378e+01 9.385967e+01 -1.654433e+01
    endloop
  endfacet
  facet normal 9.396926e-01 0.000000e+00 -3.420201e-01
    outer loop
      vertex   -6.816378e+01 9.385967e+01 -1.654433e+01
      vertex   -6.824251e+01 9.773186e+01 -1.676065e+01
      vertex   -6.816378e+01 9.773186e+01 -1.654433e+01
    endloop
  endfacet
  facet normal 8.829476e-01 0.000000e+00 -4.694716e-01
    outer loop
      vertex   -6.816378e+01 9.385967e+01 -1.654433e+01
      vertex   -6.816378e+01 9.773186e+01 -1.654433e+01
      vertex   -6.805570e+01 9.385967e+01 -1.634108e+01
    endloop
  endfacet
  facet normal 8.829476e-01 0.000000e+00 -4.694716e-01
    outer loop
      vertex   -6.805570e+01 9.385967e+01 -1.634108e+01
      vertex   -6.816378e+01 9.773186e+01 -1.654433e+01
      vertex   -6.805570e+01 9.773186e+01 -1.634108e+01
    endloop
  endfacet
  facet normal 8.090170e-01 0.000000e+00 -5.877853e-01
    outer loop
      vertex   -6.805570e+01 9.385967e+01 -1.634108e+01
      vertex   -6.805570e+01 9.773186e+01 -1.634108e+01
      vertex   -6.792040e+01 9.385967e+01 -1.615485e+01
    endloop
  endfacet
  facet normal 8.090170e-01 0.000000e+00 -5.877853e-01
    outer loop
      vertex   -6.792040e+01 9.385967e+01 -1.615485e+01
      vertex   -6.805570e+01 9.773186e+01 -1.634108e+01
      vertex   -6.792040e+01 9.773186e+01 -1.615485e+01
    endloop
  endfacet
  facet normal 7.193398e-01 0.000000e+00 -6.946584e-01
    outer loop
      vertex   -6.792040e+01 9.385967e+01 -1.615485e+01
      vertex   -6.792040e+01 9.773186e+01 -1.615485e+01
      vertex   -6.776049e+01 9.385967e+01 -1.598926e+01
    endloop
  endfacet
  facet normal 7.193398e-01 0.000000e+00 -6.946584e-01
    outer loop
      vertex   -6.776049e+01 9.385967e+01 -1.598926e+01
      vertex   -6.792040e+01 9.773186e+01 -1.615485e+01
      vertex   -6.776049e+01 9.773186e+01 -1.598926e+01
    endloop
  endfacet
  facet normal 6.156615e-01 0.000000e+00 -7.880108e-01
    outer loop
      vertex   -6.776049e+01 9.385967e+01 -1.598926e+01
      vertex   -6.776049e+01 9.773186e+01 -1.598926e+01
      vertex   -6.757909e+01 9.385967e+01 -1.584754e+01
    endloop
  endfacet
  facet normal 6.156615e-01 0.000000e+00 -7.880108e-01
    outer loop
      vertex   -6.757909e+01 9.385967e+01 -1.584754e+01
      vertex   -6.776049e+01 9.773186e+01 -1.598926e+01
      vertex   -6.757909e+01 9.773186e+01 -1.584754e+01
    endloop
  endfacet
  facet normal 5.000000e-01 0.000000e+00 -8.660254e-01
    outer loop
      vertex   -6.757909e+01 9.385967e+01 -1.584754e+01
      vertex   -6.757909e+01 9.773186e+01 -1.584754e+01
      vertex   -6.737974e+01 9.385967e+01 -1.573244e+01
    endloop
  endfacet
  facet normal 5.000000e-01 0.000000e+00 -8.660254e-01
    outer loop
      vertex   -6.737974e+01 9.385967e+01 -1.573244e+01
      vertex   -6.757909e+01 9.773186e+01 -1.584754e+01
      vertex   -6.737974e+01 9.773186e+01 -1.573244e+01
    endloop
  endfacet
  facet normal 3.746066e-01 0.000000e+00 -9.271839e-01
    outer loop
      vertex   -6.737974e+01 9.385967e+01 -1.573244e+01
      vertex   -6.737974e+01 9.773186e+01 -1.573244e+01
      vertex   -6.716630e+01 9.385967e+01 -1.564621e+01
    endloop
  endfacet
  facet normal 3.746066e-01 0.000000e+00 -9.271839e-01
    outer loop
      vertex   -6.716630e+01 9.385967e+01 -1.564621e+01
      vertex   -6.737974e+01 9.773186e+01 -1.573244e+01
      vertex   -6.716630e+01 9.773186e+01 -1.564621e+01
    endloop
  endfacet
  facet normal 2.419219e-01 0.000000e+00 -9.702957e-01
    outer loop
      vertex   -6.716630e+01 9.385967e+01 -1.564621e+01
      vertex   -6.716630e+01 9.773186e+01 -1.564621e+01
      vertex   -6.694294e+01 9.385967e+01 -1.559052e+01
    endloop
  endfacet
  facet normal 2.419219e-01 0.000000e+00 -9.702957e-01
    outer loop
      vertex   -6.694294e+01 9.385967e+01 -1.559052e+01
      vertex   -6.716630e+01 9.773186e+01 -1.564621e+01
      vertex   -6.694294e+01 9.773186e+01 -1.559052e+01
    endloop
  endfacet
  facet normal 1.045285e-01 0.000000e+00 -9.945219e-01
    outer loop
      vertex   -6.694294e+01 9.385967e+01 -1.559052e+01
      vertex   -6.694294e+01 9.773186e+01 -1.559052e+01
      vertex   -6.671401e+01 9.385967e+01 -1.556645e+01
    endloop
  endfacet
  facet normal 1.045285e-01 0.000000e+00 -9.945219e-01
    outer loop
      vertex   -6.671401e+01 9.385967e+01 -1.556645e+01
      vertex   -6.694294e+01 9.773186e+01 -1.559052e+01
      vertex   -6.671401e+01 9.773186e+01 -1.556645e+01
    endloop
  endfacet
  facet normal -3.489950e-02 0.000000e+00 -9.993908e-01
    outer loop
      vertex   -6.671401e+01 9.385967e+01 -1.556645e+01
      vertex   -6.671401e+01 9.773186e+01 -1.556645e+01
      vertex   -6.648395e+01 9.385967e+01 -1.557449e+01
    endloop
  endfacet
  facet normal -3.489950e-02 0.000000e+00 -9.993908e-01
    outer loop
      vertex   -6.648395e+01 9.385967e+01 -1.557449e+01
      vertex   -6.671401e+01 9.773186e+01 -1.556645e+01
      vertex   -6.648395e+01 9.773186e+01 -1.557449e+01
    endloop
  endfacet
  facet normal -1.736482e-01 0.000000e+00 -9.848078e-01
    outer loop
      vertex   -6.648395e+01 9.385967e+01 -1.557449e+01
      vertex   -6.648395e+01 9.773186e+01 -1.557449e+01
      vertex   -6.625725e+01 9.385967e+01 -1.561446e+01
    endloop
  endfacet
  facet normal -1.736482e-01 0.000000e+00 -9.848078e-01
    outer loop
      vertex   -6.625725e+01 9.385967e+01 -1.561446e+01
      vertex   -6.648395e+01 9.773186e+01 -1.557449e+01
      vertex   -6.625725e+01 9.773186e+01 -1.561446e+01
    endloop
  endfacet
  facet normal -3.090170e-01 0.000000e+00 -9.510565e-01
    outer loop
      vertex   -6.625725e+01 9.385967e+01 -1.561446e+01
      vertex   -6.625725e+01 9.773186e+01 -1.561446e+01
      vertex   -6.603832e+01 9.385967e+01 -1.568560e+01
    endloop
  endfacet
  facet normal -3.090170e-01 0.000000e+00 -9.510565e-01
    outer loop
      vertex   -6.603832e+01 9.385967e+01 -1.568560e+01
      vertex   -6.625725e+01 9.773186e+01 -1.561446e+01
      vertex   -6.603832e+01 9.773186e+01 -1.568560e+01
    endloop
  endfacet
  facet normal -4.383711e-01 0.000000e+00 -8.987940e-01
    outer loop
      vertex   -6.603832e+01 9.385967e+01 -1.568560e+01
      vertex   -6.603832e+01 9.773186e+01 -1.568560e+01
      vertex   -6.583143e+01 9.385967e+01 -1.578651e+01
    endloop
  endfacet
  facet normal -4.383711e-01 0.000000e+00 -8.987940e-01
    outer loop
      vertex   -6.583143e+01 9.385967e+01 -1.578651e+01
      vertex   -6.603832e+01 9.773186e+01 -1.568560e+01
      vertex   -6.583143e+01 9.773186e+01 -1.578651e+01
    endloop
  endfacet
  facet normal -5.591929e-01 0.000000e+00 -8.290376e-01
    outer loop
      vertex   -6.583143e+01 9.385967e+01 -1.578651e+01
      vertex   -6.583143e+01 9.773186e+01 -1.578651e+01
      vertex   -6.564058e+01 9.385967e+01 -1.591523e+01
    endloop
  endfacet
  facet normal -5.591929e-01 0.000000e+00 -8.290376e-01
    outer loop
      vertex   -6.564058e+01 9.385967e+01 -1.591523e+01
      vertex   -6.583143e+01 9.773186e+01 -1.578651e+01
      vertex   -6.564058e+01 9.773186e+01 -1.591523e+01
    endloop
  endfacet
  facet normal -6.691306e-01 0.000000e+00 -7.431448e-01
    outer loop
      vertex   -6.564058e+01 9.385967e+01 -1.591523e+01
      vertex   -6.564058e+01 9.773186e+01 -1.591523e+01
      vertex   -6.546951e+01 9.385967e+01 -1.606926e+01
    endloop
  endfacet
  facet normal -6.691306e-01 0.000000e+00 -7.431448e-01
    outer loop
      vertex   -6.546951e+01 9.385967e+01 -1.606926e+01
      vertex   -6.564058e+01 9.773186e+01 -1.591523e+01
      vertex   -6.546951e+01 9.773186e+01 -1.606926e+01
    endloop
  endfacet
  facet normal -7.660444e-01 0.000000e+00 -6.427876e-01
    outer loop
      vertex   -6.546951e+01 9.385967e+01 -1.606926e+01
      vertex   -6.546951e+01 9.773186e+01 -1.606926e+01
      vertex   -6.532155e+01 9.385967e+01 -1.624560e+01
    endloop
  endfacet
  facet normal -7.660444e-01 0.000000e+00 -6.427876e-01
    outer loop
      vertex   -6.532155e+01 9.385967e+01 -1.624560e+01
      vertex   -6.546951e+01 9.773186e+01 -1.606926e+01
      vertex   -6.532155e+01 9.773186e+01 -1.624560e+01
    endloop
  endfacet
  facet normal -8.480481e-01 0.000000e+00 -5.299193e-01
    outer loop
      vertex   -6.532155e+01 9.385967e+01 -1.624560e+01
      vertex   -6.532155e+01 9.773186e+01 -1.624560e+01
      vertex   -6.519956e+01 9.385967e+01 -1.644082e+01
    endloop
  endfacet
  facet normal -8.480481e-01 0.000000e+00 -5.299193e-01
    outer loop
      vertex   -6.519956e+01 9.385967e+01 -1.644082e+01
      vertex   -6.532155e+01 9.773186e+01 -1.624560e+01
      vertex   -6.519956e+01 9.773186e+01 -1.644082e+01
    endloop
  endfacet
  facet normal -9.135455e-01 0.000000e+00 -4.067366e-01
    outer loop
      vertex   -6.519956e+01 9.385967e+01 -1.644082e+01
      vertex   -6.519956e+01 9.773186e+01 -1.644082e+01
      vertex   -6.510593e+01 9.385967e+01 -1.665112e+01
    endloop
  endfacet
  facet normal -9.135455e-01 0.000000e+00 -4.067366e-01
    outer loop
      vertex   -6.510593e+01 9.385967e+01 -1.665112e+01
      vertex   -6.519956e+01 9.773186e+01 -1.644082e+01
      vertex   -6.510593e+01 9.773186e+01 -1.665112e+01
    endloop
  endfacet
  facet normal -9.612617e-01 0.000000e+00 -2.756374e-01
    outer loop
      vertex   -6.510593e+01 9.385967e+01 -1.665112e+01
      vertex   -6.510593e+01 9.773186e+01 -1.665112e+01
      vertex   -6.504248e+01 9.385967e+01 -1.687240e+01
    endloop
  endfacet
  facet normal -9.612617e-01 2.528958e-16 -2.756374e-01
    outer loop
      vertex   -6.504248e+01 9.385967e+01 -1.687240e+01
      vertex   -6.510593e+01 9.773186e+01 -1.665112e+01
      vertex   -6.504248e+01 9.773186e+01 -1.687240e+01
    endloop
  endfacet
  facet normal -9.902681e-01 1.276906e-16 -1.391731e-01
    outer loop
      vertex   -6.504248e+01 9.385967e+01 -1.687240e+01
      vertex   -6.504248e+01 9.773186e+01 -1.687240e+01
      vertex   -6.501044e+01 9.385967e+01 -1.710035e+01
    endloop
  endfacet
  facet normal -9.902681e-01 0.000000e+00 -1.391731e-01
    outer loop
      vertex   -6.501044e+01 9.385967e+01 -1.710035e+01
      vertex   -6.504248e+01 9.773186e+01 -1.687240e+01
      vertex   -6.501044e+01 9.773186e+01 -1.710035e+01
    endloop
  endfacet
  facet normal -1.000000e+00 0.000000e+00 0.000000e+00
    outer loop
      vertex   -6.501044e+01 9.385967e+01 -1.710035e+01
      vertex   -6.501044e+01 9.773186e+01 -1.710035e+01
      vertex   -6.501044e+01 9.385967e+01 -1.733055e+01
    endloop
  endfacet
  facet normal -1.000000e+00 0.000000e+00 0.000000e+00
    outer loop
      vertex   -6.501044e+01 9.385967e+01 -1.733055e+01
      vertex   -6.501044e+01 9.773186e+01 -1.710035e+01
      vertex   -6.501044e+01 9.773186e+01 -1.733055e+01
    endloop
  endfacet
  facet normal -9.902681e-01 0.000000e+00 1.391731e-01
    outer loop
      vertex   -6.501044e+01 9.385967e+01 -1.733055e+01
      vertex   -6.501044e+01 9.773186e+01 -1.733055e+01
      vertex   -6.504248e+01 9.385967e+01 -1.755850e+01
    endloop
  endfacet
  facet normal -9.902681e-01 0.000000e+00 1.391731e-01
    outer loop
      vertex   -6.504248e+01 9.385967e+01 -1.755850e+01
      vertex   -6.501044e+01 9.773186e+01 -1.733055e+01
      vertex   -6.504248e+01 9.773186e+01 -1.755850e+01
    endloop
  endfacet
  facet normal -9.612617e-01 0.000000e+00 2.756374e-01
    outer loop
      vertex   -6.504248e+01 9.385967e+01 -1.755850e+01
      vertex   -6.504248e+01 9.773186e+01 -1.755850e+01
      vertex   -6.510593e+01 9.385967e+01 -1.777978e+01
    endloop
  endfacet
  facet normal -9.612617e-01 0.000000e+00 2.756374e-01
    outer loop
      vertex   -6.510593e+01 9.385967e+01 -1.777978e+01
      vertex   -6.504248e+01 9.773186e+01 -1.755850e+01
      vertex   -6.510593e+01 9.773186e+01 -1.777978e+01
    endloop
  endfacet
  facet normal -9.135455e-01 0.000000e+00 4.067366e-01
    outer loop
      vertex   -6.510593e+01 9.385967e+01 -1.777978e+01
      vertex   -6.510593e+01 9.773186e+01 -1.777978e+01
      vertex   -6.519956e+01 9.385967e+01 -1.799008e+01
    endloop
  endfacet
  facet normal -9.135455e-01 0.000000e+00 4.067366e-01
    outer loop
      vertex   -6.519956e+01 9.385967e+01 -1.799008e+01
      vertex   -6.510593e+01 9.773186e+01 -1.777978e+01
      vertex   -6.519956e+01 9.773186e+01 -1.799008e+01
    endloop
  endfacet
  facet normal -8.480481e-01 0.000000e+00 5.299193e-01
    outer loop
      vertex   -6.519956e+01 9.385967e+01 -1.799008e+01
      vertex   -6.519956e+01 9.773186e+01 -1.799008e+01
      vertex   -6.532155e+01 9.385967e+01 -1.818530e+01
    endloop
  endfacet
  facet normal -8.480481e-01 0.000000e+00 5.299193e-01
    outer loop
      vertex   -6.532155e+01 9.385967e+01 -1.818530e+01
      vertex   -6.519956e+01 9.773186e+01 -1.799008e+01
      vertex   -6.532155e+01 9.773186e+01 -1.818530e+01
    endloop
  endfacet
  facet normal -7.660444e-01 0.000000e+00 6.427876e-01
    outer loop
      vertex   -6.532155e+01 9.385967e+01 -1.818530e+01
      vertex   -6.532155e+01 9.773186e+01 -1.818530e+01
      vertex   -6.546951e+01 9.385967e+01 -1.836164e+01
    endloop
  endfacet
  facet normal -7.660444e-01 -5.897541e-16 6.427876e-01
    outer loop
      vertex   -6.546951e+01 9.385967e+01 -1.836164e+01
      vertex   -6.532155e+01 9.773186e+01 -1.818530e+01
      vertex   -6.546951e+01 9.773186e+01 -1.836164e+01
    endloop
  endfacet
  facet normal -6.691306e-01 -6.818313e-16 7.431448e-01
    outer loop
      vertex   -6.546951e+01 9.385967e+01 -1.836164e+01
      vertex   -6.546951e+01 9.773186e+01 -1.836164e+01
      vertex   -6.564058e+01 9.385967e+01 -1.851567e+01
    endloop
  endfacet
  facet normal -6.691306e-01 0.000000e+00 7.431448e-01
    outer loop
      vertex   -6.564058e+01 9.385967e+01 -1.851567e+01
      vertex   -6.546951e+01 9.773186e+01 -1.836164e+01
      vertex   -6.564058e+01 9.773186e+01 -1.851567e+01
    endloop
  endfacet
  facet normal -5.591929e-01 0.000000e+00 8.290376e-01
    outer loop
      vertex   -6.564058e+01 9.385967e+01 -1.851567e+01
      vertex   -6.564058e+01 9.773186e+01 -1.851567e+01
      vertex   -6.583143e+01 9.385967e+01 -1.864439e+01
    endloop
  endfacet
  facet normal -5.591929e-01 0.000000e+00 8.290376e-01
    outer loop
      vertex   -6.583143e+01 9.385967e+01 -1.864439e+01
      vertex   -6.564058e+01 9.773186e+01 -1.851567e+01
      vertex   -6.583143e+01 9.773186e+01 -1.864439e+01
    endloop
  endfacet
  facet normal -4.383711e-01 0.000000e+00 8.987940e-01
    outer loop
      vertex   -6.583143e+01 9.385967e+01 -1.864439e+01
      vertex   -6.583143e+01 9.773186e+01 -1.864439e+01
      vertex   -6.603832e+01 9.385967e+01 -1.874530e+01
    endloop
  endfacet
  facet normal -4.383711e-01 0.000000e+00 8.987940e-01
    outer loop
      vertex   -6.603832e+01 9.385967e+01 -1.874530e+01
      vertex   -6.583143e+01 9.773186e+01 -1.864439e+01
      vertex   -6.603832e+01 9.773186e+01 -1.874530e+01
    endloop
  endfacet
  facet normal -3.090170e-01 0.000000e+00 9.510565e-01
    outer loop
      vertex   -6.603832e+01 9.385967e+01 -1.874530e+01
      vertex   -6.603832e+01 9.773186e+01 -1.874530e+01
      vertex   -6.625725e+01 9.385967e+01 -1.881644e+01
    endloop
  endfacet
  facet normal -3.090170e-01 0.000000e+00 9.510565e-01
    outer loop
      vertex   -6.625725e+01 9.385967e+01 -1.881644e+01
      vertex   -6.603832e+01 9.773186e+01 -1.874530e+01
      vertex   -6.625725e+01 9.773186e+01 -1.881644e+01
    endloop
  endfacet
  facet normal -1.736482e-01 0.000000e+00 9.848078e-01
    outer loop
      vertex   -6.625725e+01 9.385967e+01 -1.881644e+01
      vertex   -6.625725e+01 9.773186e+01 -1.881644e+01
      vertex   -6.648395e+01 9.385967e+01 -1.885641e+01
    endloop
  endfacet
  facet normal -1.736482e-01 0.000000e+00 9.848078e-01
    outer loop
      vertex   -6.648395e+01 9.385967e+01 -1.885641e+01
      vertex   -6.625725e+01 9.773186e+01 -1.881644e+01
      vertex   -6.648395e+01 9.773186e+01 -1.885641e+01
    endloop
  endfacet
  facet normal -3.489950e-02 0.000000e+00 9.993908e-01
    outer loop
      vertex   -6.648395e+01 9.385967e+01 -1.885641e+01
      vertex   -6.648395e+01 9.773186e+01 -1.885641e+01
      vertex   -6.671401e+01 9.385967e+01 -1.886444e+01
    endloop
  endfacet
  facet normal -3.489950e-02 0.000000e+00 9.993908e-01
    outer loop
      vertex   -6.671401e+01 9.385967e+01 -1.886444e+01
      vertex   -6.648395e+01 9.773186e+01 -1.885641e+01
      vertex   -6.671401e+01 9.773186e+01 -1.886444e+01
    endloop
  endfacet
  facet normal 1.045285e-01 -0.000000e+00 9.945219e-01
    outer loop
      vertex   -6.671401e+01 9.385967e+01 -1.886444e+01
      vertex   -6.671401e+01 9.773186e+01 -1.886444e+01
      vertex   -6.694294e+01 9.385967e+01 -1.884038e+01
    endloop
  endfacet
  facet normal 1.045285e-01 -0.000000e+00 9.945219e-01
    outer loop
      vertex   -6.694294e+01 9.385967e+01 -1.884038e+01
      vertex   -6.671401e+01 9.773186e+01 -1.886444e+01
      vertex   -6.694294e+01 9.773186e+01 -1.884038e+01
    endloop
  endfacet
  facet normal 2.419219e-01 -0.000000e+00 9.702957e-01
    outer loop
      vertex   -6.694294e+01 9.385967e+01 -1.884038e+01
      vertex   -6.694294e+01 9.773186e+01 -1.884038e+01
      vertex   -6.716630e+01 9.385967e+01 -1.878469e+01
    endloop
  endfacet
  facet normal 2.419219e-01 -0.000000e+00 9.702957e-01
    outer loop
      vertex   -6.716630e+01 9.385967e+01 -1.878469e+01
      vertex   -6.694294e+01 9.773186e+01 -1.884038e+01
      vertex   -6.716630e+01 9.773186e+01 -1.878469e+01
    endloop
  endfacet
  facet normal 3.746066e-01 -0.000000e+00 9.271839e-01
    outer loop
      vertex   -6.716630e+01 9.385967e+01 -1.878469e+01
      vertex   -6.716630e+01 9.773186e+01 -1.878469e+01
      vertex   -6.737974e+01 9.385967e+01 -1.869846e+01
    endloop
  endfacet
  facet normal 3.746066e-01 -0.000000e+00 9.271839e-01
    outer loop
      vertex   -6.737974e+01 9.385967e+01 -1.869846e+01
      vertex   -6.716630e+01 9.773186e+01 -1.878469e+01
      vertex   -6.737974e+01 9.773186e+01 -1.869846e+01
    endloop
  endfacet
  facet normal 5.000000e-01 -0.000000e+00 8.660254e-01
    outer loop
      vertex   -6.737974e+01 9.385967e+01 -1.869846e+01
      vertex   -6.737974e+01 9.773186e+01 -1.869846e+01
      vertex   -6.757909e+01 9.385967e+01 -1.858336e+01
    endloop
  endfacet
  facet normal 5.000000e-01 -0.000000e+00 8.660254e-01
    outer loop
      vertex   -6.757909e+01 9.385967e+01 -1.858336e+01
      vertex   -6.737974e+01 9.773186e+01 -1.869846e+01
      vertex   -6.757909e+01 9.773186e+01 -1.858336e+01
    endloop
  endfacet
  facet normal 6.156615e-01 -0.000000e+00 7.880108e-01
    outer loop
      vertex   -6.757909e+01 9.385967e+01 -1.858336e+01
      vertex   -6.757909e+01 9.773186e+01 -1.858336e+01
      vertex   -6.776049e+01 9.385967e+01 -1.844164e+01
    endloop
  endfacet
  facet normal 6.156615e-01 -0.000000e+00 7.880108e-01
    outer loop
      vertex   -6.776049e+01 9.385967e+01 -1.844164e+01
      vertex   -6.757909e+01 9.773186e+01 -1.858336e+01
      vertex   -6.776049e+01 9.773186e+01 -1.844164e+01
    endloop
  endfacet
  facet normal 7.193398e-01 -0.000000e+00 6.946584e-01
    outer loop
      vertex   -6.776049e+01 9.385967e+01 -1.844164e+01
      vertex   -6.776049e+01 9.773186e+01 -1.844164e+01
      vertex   -6.792040e+01 9.385967e+01 -1.827605e+01
    endloop
  endfacet
  facet normal 7.193398e-01 -0.000000e+00 6.946584e-01
    outer loop
      vertex   -6.792040e+01 9.385967e+01 -1.827605e+01
      vertex   -6.776049e+01 9.773186e+01 -1.844164e+01
      vertex   -6.792040e+01 9.773186e+01 -1.827605e+01
    endloop
  endfacet
  facet normal 8.090170e-01 -0.000000e+00 5.877853e-01
    outer loop
      vertex   -6.792040e+01 9.385967e+01 -1.827605e+01
      vertex   -6.792040e+01 9.773186e+01 -1.827605e+01
      vertex   -6.805570e+01 9.385967e+01 -1.808982e+01
    endloop
  endfacet
  facet normal 8.090170e-01 -0.000000e+00 5.877853e-01
    outer loop
      vertex   -6.805570e+01 9.385967e+01 -1.808982e+01
      vertex   -6.792040e+01 9.773186e+01 -1.827605e+01
      vertex   -6.805570e+01 9.773186e+01 -1.808982e+01
    endloop
  endfacet
  facet normal 8.829476e-01 -0.000000e+00 4.694716e-01
    outer loop
      vertex   -6.805570e+01 9.385967e+01 -1.808982e+01
      vertex   -6.805570e+01 9.773186e+01 -1.808982e+01
      vertex   -6.816378e+01 9.385967e+01 -1.788656e+01
    endloop
  endfacet
  facet normal 8.829476e-01 -0.000000e+00 4.694716e-01
    outer loop
      vertex   -6.816378e+01 9.385967e+01 -1.788656e+01
      vertex   -6.805570e+01 9.773186e+01 -1.808982e+01
      vertex   -6.816378e+01 9.773186e+01 -1.788656e+01
    endloop
  endfacet
  facet normal 9.396926e-01 -0.000000e+00 3.420201e-01
    outer loop
      vertex   -6.816378e+01 9.385967e+01 -1.788656e+01
      vertex   -6.816378e+01 9.773186e+01 -1.788656e+01
      vertex   -6.824251e+01 9.385967e+01 -1.767025e+01
    endloop
  endfacet
  facet normal 9.396926e-01 3.138016e-16 3.420201e-01
    outer loop
      vertex   -6.824251e+01 9.385967e+01 -1.767025e+01
      vertex   -6.816378e+01 9.773186e+01 -1.788656e+01
      vertex   -6.824251e+01 9.773186e+01 -1.767025e+01
    endloop
  endfacet
  facet normal 9.781476e-01 1.907578e-16 2.079117e-01
    outer loop
      vertex   -6.824251e+01 9.385967e+01 -1.767025e+01
      vertex   -6.824251e+01 9.773186e+01 -1.767025e+01
      vertex   -6.829037e+01 9.385967e+01 -1.744509e+01
    endloop
  endfacet
  facet normal 9.781476e-01 -0.000000e+00 2.079117e-01
    outer loop
      vertex   -6.829037e+01 9.385967e+01 -1.744509e+01
      vertex   -6.824251e+01 9.773186e+01 -1.767025e+01
      vertex   -6.829037e+01 9.773186e+01 -1.744509e+01
    endloop
  endfacet
  facet normal -1.214880e-14 6.523406e-28 -1.000000e+00
    outer loop
      vertex   -1.015256e+02 9.385967e+01 -2.633130e+01
      vertex   -8.397965e+01 9.385967e+01 -2.633130e+01
      vertex   -1.015256e+02 8.644934e+01 -2.633130e+01
    endloop
  endfacet
  facet normal -1.214880e-14 -1.652596e-27 -1.000000e+00
    outer loop
      vertex   -1.015256e+02 8.644934e+01 -2.633130e+01
      vertex   -8.397965e+01 9.385967e+01 -2.633130e+01
      vertex   -8.397965e+01 8.644934e+01 -2.633130e+01
    endloop
  endfacet
  facet normal 1.000000e+00 0.000000e+00 -1.068480e-13
    outer loop
      vertex   -8.397965e+01 9.385967e+01 -1.542524e+01
      vertex   -8.397965e+01 8.644934e+01 -1.542524e+01
      vertex   -8.397965e+01 9.385967e+01 -2.633130e+01
    endloop
  endfacet
  facet normal 1.000000e+00 1.361574e-13 -1.433327e-14
    outer loop
      vertex   -8.397965e+01 9.385967e+01 -2.633130e+01
      vertex   -8.397965e+01 8.644934e+01 -1.542524e+01
      vertex   -8.397965e+01 8.644934e+01 -2.633130e+01
    endloop
  endfacet
  facet normal -1.000000e+00 2.188972e-16 1.439418e-14
    outer loop
      vertex   -8.547965e+01 9.773186e+01 -1.153507e+01
      vertex   -8.547965e+01 9.773186e+01 -2.733130e+01
      vertex   -8.547965e+01 9.385967e+01 -1.542524e+01
    endloop
  endfacet
  facet normal -1.000000e+00 0.000000e+00 1.432299e-14
    outer loop
      vertex   -8.547965e+01 9.385967e+01 -1.542524e+01
      vertex   -8.547965e+01 9.773186e+01 -2.733130e+01
      vertex   -8.547965e+01 9.572808e+01 -2.733130e+01
    endloop
  endfacet
  facet normal -1.000000e+00 1.011270e-16 1.433886e-14
    outer loop
      vertex   -8.547965e+01 9.385967e+01 -1.542524e+01
      vertex   -8.547965e+01 9.572808e+01 -2.733130e+01
      vertex   -8.547965e+01 9.373186e+01 -2.533507e+01
    endloop
  endfacet
  facet normal -1.000000e+00 0.000000e+00 1.434016e-14
    outer loop
      vertex   -8.547965e+01 8.894934e+01 -2.533507e+01
      vertex   -8.547965e+01 8.894934e+01 -1.542524e+01
      vertex   -8.547965e+01 9.373186e+01 -2.533507e+01
    endloop
  endfacet
  facet normal -1.000000e+00 0.000000e+00 1.434016e-14
    outer loop
      vertex   -8.547965e+01 9.373186e+01 -2.533507e+01
      vertex   -8.547965e+01 8.894934e+01 -1.542524e+01
      vertex   -8.547965e+01 9.385967e+01 -1.542524e+01
    endloop
  endfacet
  facet normal -1.000000e+00 0.000000e+00 1.461206e-14
    outer loop
      vertex   -8.547965e+01 9.385967e+01 -1.542524e+01
      vertex   -8.547965e+01 9.385967e+01 -1.153507e+01
      vertex   -8.547965e+01 9.773186e+01 -1.153507e+01
    endloop
  endfacet
  facet normal 1.370330e-14 3.520357e-27 1.000000e+00
    outer loop
      vertex   -4.918330e+01 9.773186e+01 -1.153507e+01
      vertex   -8.547965e+01 9.773186e+01 -1.153507e+01
      vertex   -4.918330e+01 9.385967e+01 -1.153507e+01
    endloop
  endfacet
  facet normal 1.370330e-14 0.000000e+00 1.000000e+00
    outer loop
      vertex   -4.918330e+01 9.385967e+01 -1.153507e+01
      vertex   -8.547965e+01 9.773186e+01 -1.153507e+01
      vertex   -8.547965e+01 9.385967e+01 -1.153507e+01
    endloop
  endfacet
  facet normal 1.540807e-14 0.000000e+00 1.000000e+00
    outer loop
      vertex   -1.039256e+02 9.373186e+01 -2.533507e+01
      vertex   -1.039256e+02 8.894934e+01 -2.533507e+01
      vertex   -8.547965e+01 9.373186e+01 -2.533507e+01
    endloop
  endfacet
  facet normal 1.540807e-14 0.000000e+00 1.000000e+00
    outer loop
      vertex   -8.547965e+01 9.373186e+01 -2.533507e+01
      vertex   -1.039256e+02 8.894934e+01 -2.533507e+01
      vertex   -8.547965e+01 8.894934e+01 -2.533507e+01
    endloop
  endfacet
  facet normal 6.628625e-29 1.000000e+00 4.302048e-15
    outer loop
      vertex   -1.039256e+02 8.894934e+01 -1.542524e+01
      vertex   -8.547965e+01 8.894934e+01 -1.542524e+01
      vertex   -1.039256e+02 8.894934e+01 -2.533507e+01
    endloop
  endfacet
  facet normal 6.628625e-29 1.000000e+00 4.302048e-15
    outer loop
      vertex   -1.039256e+02 8.894934e+01 -2.533507e+01
      vertex   -8.547965e+01 8.894934e+01 -1.542524e+01
      vertex   -8.547965e+01 8.894934e+01 -2.533507e+01
    endloop
  endfacet
  facet normal -0.000000e+00 0.000000e+00 1.000000e+00
    outer loop
      vertex   -8.547965e+01 9.385967e+01 -1.542524e+01
      vertex   -8.547965e+01 8.894934e+01 -1.542524e+01
      vertex   -8.397965e+01 9.385967e+01 -1.542524e+01
    endloop
  endfacet
  facet normal 0.000000e+00 0.000000e+00 1.000000e+00
    outer loop
      vertex   -8.397965e+01 9.385967e+01 -1.542524e+01
      vertex   -8.547965e+01 8.894934e+01 -1.542524e+01
      vertex   -8.397965e+01 8.644934e+01 -1.542524e+01
    endloop
  endfacet
  facet normal 6.884322e-14 4.130593e-14 1.000000e+00
    outer loop
      vertex   -8.397965e+01 8.644934e+01 -1.542524e+01
      vertex   -8.547965e+01 8.894934e+01 -1.542524e+01
      vertex   -1.015256e+02 8.644934e+01 -1.542524e+01
    endloop
  endfacet
  facet normal 1.540807e-14 3.842740e-13 1.000000e+00
    outer loop
      vertex   -1.015256e+02 8.644934e+01 -1.542524e+01
      vertex   -8.547965e+01 8.894934e+01 -1.542524e+01
      vertex   -1.039256e+02 8.894934e+01 -1.542524e+01
    endloop
  endfacet
  facet normal -3.627929e-13 2.120101e-14 1.000000e+00
    outer loop
      vertex   -1.015256e+02 8.644934e+01 -1.542524e+01
      vertex   -1.039256e+02 8.894934e+01 -1.542524e+01
      vertex   -1.039256e+02 4.873186e+01 -1.542524e+01
    endloop
  endfacet
  facet normal 2.960595e-14 -3.767710e-15 1.000000e+00
    outer loop
      vertex   -1.039256e+02 4.873186e+01 -1.542524e+01
      vertex   -1.015256e+02 4.873186e+01 -1.542524e+01
      vertex   -1.015256e+02 8.644934e+01 -1.542524e+01
    endloop
  endfacet
  facet normal 9.993100e-01 1.161333e-10 3.714314e-02
    outer loop
      vertex   -4.832564e+01 9.385967e+01 -1.433524e+01
      vertex   -4.832564e+01 9.773186e+01 -1.433524e+01
      vertex   -4.833944e+01 9.385967e+01 -1.396407e+01
    endloop
  endfacet
  facet normal 9.993100e-01 1.118072e-15 3.714314e-02
    outer loop
      vertex   -4.833944e+01 9.385967e+01 -1.396407e+01
      vertex   -4.832564e+01 9.773186e+01 -1.433524e+01
      vertex   -4.833944e+01 9.773186e+01 -1.396407e+01
    endloop
  endfacet
  facet normal 9.937953e-01 -3.194007e-16 1.112244e-01
    outer loop
      vertex   -4.833944e+01 9.385967e+01 -1.396407e+01
      vertex   -4.833944e+01 9.773186e+01 -1.396407e+01
      vertex   -4.838075e+01 9.385967e+01 -1.359494e+01
    endloop
  endfacet
  facet normal 9.937953e-01 -4.857297e-16 1.112244e-01
    outer loop
      vertex   -4.838075e+01 9.385967e+01 -1.359494e+01
      vertex   -4.833944e+01 9.773186e+01 -1.396407e+01
      vertex   -4.838075e+01 9.773186e+01 -1.359494e+01
    endloop
  endfacet
  facet normal 9.827965e-01 -3.256040e-15 1.846920e-01
    outer loop
      vertex   -4.838075e+01 9.385967e+01 -1.359494e+01
      vertex   -4.838075e+01 9.773186e+01 -1.359494e+01
      vertex   -4.844935e+01 9.385967e+01 -1.322990e+01
    endloop
  endfacet
  facet normal 9.827965e-01 4.090680e-15 1.846920e-01
    outer loop
      vertex   -4.844935e+01 9.385967e+01 -1.322990e+01
      vertex   -4.838075e+01 9.773186e+01 -1.359494e+01
      vertex   -4.844935e+01 9.773186e+01 -1.322990e+01
    endloop
  endfacet
  facet normal 9.663741e-01 -2.051253e-16 2.571403e-01
    outer loop
      vertex   -4.844935e+01 9.385967e+01 -1.322990e+01
      vertex   -4.844935e+01 9.773186e+01 -1.322990e+01
      vertex   -4.854486e+01 9.385967e+01 -1.287096e+01
    endloop
  endfacet
  facet normal 9.663741e-01 2.641372e-15 2.571403e-01
    outer loop
      vertex   -4.854486e+01 9.385967e+01 -1.287096e+01
      vertex   -4.844935e+01 9.773186e+01 -1.322990e+01
      vertex   -4.854486e+01 9.773186e+01 -1.287096e+01
    endloop
  endfacet
  facet normal 9.446188e-01 -2.986026e-15 3.281696e-01
    outer loop
      vertex   -4.854486e+01 9.385967e+01 -1.287096e+01
      vertex   -4.854486e+01 9.773186e+01 -1.287096e+01
      vertex   -4.866676e+01 9.385967e+01 -1.252010e+01
    endloop
  endfacet
  facet normal 9.446188e-01 1.994477e-15 3.281696e-01
    outer loop
      vertex   -4.866676e+01 9.385967e+01 -1.252010e+01
      vertex   -4.854486e+01 9.773186e+01 -1.287096e+01
      vertex   -4.866676e+01 9.773186e+01 -1.252010e+01
    endloop
  endfacet
  facet normal 9.176507e-01 -5.056492e-15 3.973879e-01
    outer loop
      vertex   -4.866676e+01 9.385967e+01 -1.252010e+01
      vertex   -4.866676e+01 9.773186e+01 -1.252010e+01
      vertex   -4.881436e+01 9.385967e+01 -1.217925e+01
    endloop
  endfacet
  facet normal 9.176507e-01 6.130980e-15 3.973879e-01
    outer loop
      vertex   -4.881436e+01 9.385967e+01 -1.217925e+01
      vertex   -4.866676e+01 9.773186e+01 -1.252010e+01
      vertex   -4.881436e+01 9.773186e+01 -1.217925e+01
    endloop
  endfacet
  facet normal 8.856186e-01 -2.433050e-15 4.644132e-01
    outer loop
      vertex   -4.881436e+01 9.385967e+01 -1.217925e+01
      vertex   -4.881436e+01 9.773186e+01 -1.217925e+01
      vertex   -4.898686e+01 9.385967e+01 -1.185030e+01
    endloop
  endfacet
  facet normal 8.856186e-01 6.014454e-15 4.644132e-01
    outer loop
      vertex   -4.898686e+01 9.385967e+01 -1.185030e+01
      vertex   -4.881436e+01 9.773186e+01 -1.217925e+01
      vertex   -4.898686e+01 9.773186e+01 -1.185030e+01
    endloop
  endfacet
  facet normal 8.486993e-01 -4.003456e-15 5.288757e-01
    outer loop
      vertex   -4.898686e+01 9.385967e+01 -1.185030e+01
      vertex   -4.898686e+01 9.773186e+01 -1.185030e+01
      vertex   -4.918330e+01 9.385967e+01 -1.153507e+01
    endloop
  endfacet
  facet normal 8.486993e-01 2.180295e-13 5.288757e-01
    outer loop
      vertex   -4.918330e+01 9.385967e+01 -1.153507e+01
      vertex   -4.898686e+01 9.773186e+01 -1.185030e+01
      vertex   -4.918330e+01 9.773186e+01 -1.153507e+01
    endloop
  endfacet
  facet normal -0.000000e+00 1.889414e-14 1.000000e+00
    outer loop
      vertex   -5.062564e+01 9.385967e+01 -1.542524e+01
      vertex   -5.062564e+01 4.873186e+01 -1.542524e+01
      vertex   -4.832564e+01 9.385967e+01 -1.542524e+01
    endloop
  endfacet
  facet normal 0.000000e+00 1.889414e-14 1.000000e+00
    outer loop
      vertex   -4.832564e+01 9.385967e+01 -1.542524e+01
      vertex   -5.062564e+01 4.873186e+01 -1.542524e+01
      vertex   -4.832564e+01 4.873186e+01 -1.542524e+01
    endloop
  endfacet
  facet normal 7.340225e-01 6.791251e-01 -1.057299e-14
    outer loop
      vertex   -9.072564e+01 4.873186e+01 -2.733130e+01
      vertex   -9.287564e+01 5.105565e+01 -2.733130e+01
      vertex   -9.072564e+01 4.873186e+01 -2.042524e+01
    endloop
  endfacet
  facet normal 7.340225e-01 6.791251e-01 -7.917096e-15
    outer loop
      vertex   -9.072564e+01 4.873186e+01 -2.042524e+01
      vertex   -9.287564e+01 5.105565e+01 -2.733130e+01
      vertex   -9.287564e+01 5.105565e+01 -1.457431e+01
    endloop
  endfacet
  facet normal 7.340225e-01 6.791251e-01 1.632598e-15
    outer loop
      vertex   -9.072564e+01 4.873186e+01 -2.042524e+01
      vertex   -9.287564e+01 5.105565e+01 -1.457431e+01
      vertex   -9.072564e+01 4.873186e+01 -1.842524e+01
    endloop
  endfacet
  facet normal 7.340225e-01 6.791251e-01 -1.083487e-14
    outer loop
      vertex   -9.072564e+01 4.873186e+01 -1.842524e+01
      vertex   -9.287564e+01 5.105565e+01 -1.457431e+01
      vertex   -9.072564e+01 4.873186e+01 -1.457431e+01
    endloop
  endfacet
  facet normal -7.340225e-01 6.791251e-01 2.463963e-14
    outer loop
      vertex   -9.502564e+01 4.873186e+01 -2.733130e+01
      vertex   -9.502564e+01 4.873186e+01 -2.042524e+01
      vertex   -9.287564e+01 5.105565e+01 -2.733130e+01
    endloop
  endfacet
  facet normal -7.340225e-01 6.791251e-01 1.170342e-14
    outer loop
      vertex   -9.287564e+01 5.105565e+01 -2.733130e+01
      vertex   -9.502564e+01 4.873186e+01 -2.042524e+01
      vertex   -9.287564e+01 5.105565e+01 -1.457431e+01
    endloop
  endfacet
  facet normal -7.340225e-01 6.791251e-01 1.571085e-14
    outer loop
      vertex   -9.287564e+01 5.105565e+01 -1.457431e+01
      vertex   -9.502564e+01 4.873186e+01 -2.042524e+01
      vertex   -9.502564e+01 4.873186e+01 -1.842524e+01
    endloop
  endfacet
  facet normal -7.340225e-01 6.791251e-01 -1.085505e-14
    outer loop
      vertex   -9.287564e+01 5.105565e+01 -1.457431e+01
      vertex   -9.502564e+01 4.873186e+01 -1.842524e+01
      vertex   -9.502564e+01 4.873186e+01 -1.457431e+01
    endloop
  endfacet
  facet normal 0.000000e+00 1.000000e+00 0.000000e+00
    outer loop
      vertex   -9.502564e+01 4.873186e+01 -1.842524e+01
      vertex   -9.504055e+01 4.873186e+01 -1.820738e+01
      vertex   -9.502564e+01 4.873186e+01 -1.457431e+01
    endloop
  endfacet
  facet normal 0.000000e+00 1.000000e+00 0.000000e+00
    outer loop
      vertex   -9.502564e+01 4.873186e+01 -1.457431e+01
      vertex   -9.504055e+01 4.873186e+01 -1.820738e+01
      vertex   -9.508498e+01 4.873186e+01 -1.799357e+01
    endloop
  endfacet
  facet normal 0.000000e+00 1.000000e+00 0.000000e+00
    outer loop
      vertex   -9.502564e+01 4.873186e+01 -1.457431e+01
      vertex   -9.508498e+01 4.873186e+01 -1.799357e+01
      vertex   -9.515811e+01 4.873186e+01 -1.778780e+01
    endloop
  endfacet
  facet normal 0.000000e+00 1.000000e+00 -0.000000e+00
    outer loop
      vertex   -9.515811e+01 4.873186e+01 -1.778780e+01
      vertex   -9.525857e+01 4.873186e+01 -1.759391e+01
      vertex   -9.502564e+01 4.873186e+01 -1.457431e+01
    endloop
  endfacet
  facet normal 0.000000e+00 1.000000e+00 0.000000e+00
    outer loop
      vertex   -9.502564e+01 4.873186e+01 -1.457431e+01
      vertex   -9.525857e+01 4.873186e+01 -1.759391e+01
      vertex   -9.538451e+01 4.873186e+01 -1.741550e+01
    endloop
  endfacet
  facet normal -4.199147e-14 1.000000e+00 5.303808e-15
    outer loop
      vertex   -9.502564e+01 4.873186e+01 -1.457431e+01
      vertex   -9.538451e+01 4.873186e+01 -1.741550e+01
      vertex   -9.553356e+01 4.873186e+01 -1.725590e+01
    endloop
  endfacet
  facet normal -1.867864e-15 1.000000e+00 -2.295913e-15
    outer loop
      vertex   -9.553356e+01 4.873186e+01 -1.725590e+01
      vertex   -9.570296e+01 4.873186e+01 -1.711809e+01
      vertex   -9.502564e+01 4.873186e+01 -1.457431e+01
    endloop
  endfacet
  facet normal -1.461907e-15 1.000000e+00 -2.404004e-15
    outer loop
      vertex   -9.502564e+01 4.873186e+01 -1.457431e+01
      vertex   -9.570296e+01 4.873186e+01 -1.711809e+01
      vertex   -9.588954e+01 4.873186e+01 -1.700463e+01
    endloop
  endfacet
  facet normal -1.100074e-15 1.000000e+00 -2.532623e-15
    outer loop
      vertex   -9.502564e+01 4.873186e+01 -1.457431e+01
      vertex   -9.588954e+01 4.873186e+01 -1.700463e+01
      vertex   -9.608984e+01 4.873186e+01 -1.691762e+01
    endloop
  endfacet
  facet normal -7.536838e-16 1.000000e+00 -2.689933e-15
    outer loop
      vertex   -9.608984e+01 4.873186e+01 -1.691762e+01
      vertex   -9.630011e+01 4.873186e+01 -1.685871e+01
      vertex   -9.502564e+01 4.873186e+01 -1.457431e+01
    endloop
  endfacet
  facet normal -3.970686e-16 1.000000e+00 -2.888889e-15
    outer loop
      vertex   -9.502564e+01 4.873186e+01 -1.457431e+01
      vertex   -9.630011e+01 4.873186e+01 -1.685871e+01
      vertex   -9.651646e+01 4.873186e+01 -1.682897e+01
    endloop
  endfacet
  facet normal -5.127012e-29 1.000000e+00 -3.151436e-15
    outer loop
      vertex   -9.502564e+01 4.873186e+01 -1.457431e+01
      vertex   -9.651646e+01 4.873186e+01 -1.682897e+01
      vertex   -9.673483e+01 4.873186e+01 -1.682897e+01
    endloop
  endfacet
  facet normal 4.835365e-16 1.000000e+00 -3.517989e-15
    outer loop
      vertex   -9.673483e+01 4.873186e+01 -1.682897e+01
      vertex   -9.695117e+01 4.873186e+01 -1.685871e+01
      vertex   -9.502564e+01 4.873186e+01 -1.457431e+01
    endloop
  endfacet
  facet normal 1.140958e-15 1.000000e+00 -4.072133e-15
    outer loop
      vertex   -9.502564e+01 4.873186e+01 -1.457431e+01
      vertex   -9.695117e+01 4.873186e+01 -1.685871e+01
      vertex   -9.716145e+01 4.873186e+01 -1.691762e+01
    endloop
  endfacet
  facet normal 2.180216e-15 1.000000e+00 -5.019361e-15
    outer loop
      vertex   -9.502564e+01 4.873186e+01 -1.457431e+01
      vertex   -9.716145e+01 4.873186e+01 -1.691762e+01
      vertex   -9.736175e+01 4.873186e+01 -1.700463e+01
    endloop
  endfacet
  facet normal 4.378421e-16 1.000000e+00 -3.344531e-15
    outer loop
      vertex   -9.502564e+01 4.873186e+01 -1.457431e+01
      vertex   -9.736175e+01 4.873186e+01 -1.700463e+01
      vertex   -1.015256e+02 4.873186e+01 -1.542524e+01
    endloop
  endfacet
  facet normal 1.050931e-15 1.000000e+00 -1.728182e-15
    outer loop
      vertex   -1.015256e+02 4.873186e+01 -1.542524e+01
      vertex   -9.736175e+01 4.873186e+01 -1.700463e+01
      vertex   -9.754833e+01 4.873186e+01 -1.711809e+01
    endloop
  endfacet
  facet normal 1.172880e-15 1.000000e+00 -1.441663e-15
    outer loop
      vertex   -1.015256e+02 4.873186e+01 -1.542524e+01
      vertex   -9.754833e+01 4.873186e+01 -1.711809e+01
      vertex   -9.771773e+01 4.873186e+01 -1.725590e+01
    endloop
  endfacet
  facet normal 1.605916e-14 1.000000e+00 2.952290e-14
    outer loop
      vertex   -9.771773e+01 4.873186e+01 -1.725590e+01
      vertex   -9.786678e+01 4.873186e+01 -1.741550e+01
      vertex   -1.015256e+02 4.873186e+01 -1.542524e+01
    endloop
  endfacet
  facet normal 0.000000e+00 1.000000e+00 0.000000e+00
    outer loop
      vertex   -1.015256e+02 4.873186e+01 -1.542524e+01
      vertex   -9.786678e+01 4.873186e+01 -1.741550e+01
      vertex   -9.799272e+01 4.873186e+01 -1.759391e+01
    endloop
  endfacet
  facet normal 0.000000e+00 1.000000e+00 0.000000e+00
    outer loop
      vertex   -1.015256e+02 4.873186e+01 -1.542524e+01
      vertex   -9.799272e+01 4.873186e+01 -1.759391e+01
      vertex   -9.809318e+01 4.873186e+01 -1.778780e+01
    endloop
  endfacet
  facet normal 0.000000e+00 1.000000e+00 0.000000e+00
    outer loop
      vertex   -9.809318e+01 4.873186e+01 -1.778780e+01
      vertex   -9.816631e+01 4.873186e+01 -1.799357e+01
      vertex   -1.015256e+02 4.873186e+01 -1.542524e+01
    endloop
  endfacet
  facet normal 0.000000e+00 1.000000e+00 0.000000e+00
    outer loop
      vertex   -1.015256e+02 4.873186e+01 -1.542524e+01
      vertex   -9.816631e+01 4.873186e+01 -1.799357e+01
      vertex   -9.821074e+01 4.873186e+01 -1.820738e+01
    endloop
  endfacet
  facet normal 0.000000e+00 1.000000e+00 0.000000e+00
    outer loop
      vertex   -1.015256e+02 4.873186e+01 -1.542524e+01
      vertex   -9.821074e+01 4.873186e+01 -1.820738e+01
      vertex   -9.822564e+01 4.873186e+01 -1.842524e+01
    endloop
  endfacet
  facet normal 0.000000e+00 1.000000e+00 0.000000e+00
    outer loop
      vertex   -9.822564e+01 4.873186e+01 -1.842524e+01
      vertex   -9.822564e+01 4.873186e+01 -2.042524e+01
      vertex   -1.015256e+02 4.873186e+01 -1.542524e+01
    endloop
  endfacet
  facet normal 0.000000e+00 1.000000e+00 0.000000e+00
    outer loop
      vertex   -1.015256e+02 4.873186e+01 -1.542524e+01
      vertex   -9.822564e+01 4.873186e+01 -2.042524e+01
      vertex   -9.821074e+01 4.873186e+01 -2.064311e+01
    endloop
  endfacet
  facet normal 4.696935e-15 1.000000e+00 2.983955e-15
    outer loop
      vertex   -1.015256e+02 4.873186e+01 -1.542524e+01
      vertex   -9.821074e+01 4.873186e+01 -2.064311e+01
      vertex   -1.015256e+02 4.873186e+01 -2.733130e+01
    endloop
  endfacet
  facet normal 7.551376e-15 1.000000e+00 1.569194e-15
    outer loop
      vertex   -1.015256e+02 4.873186e+01 -2.733130e+01
      vertex   -9.821074e+01 4.873186e+01 -2.064311e+01
      vertex   -9.816631e+01 4.873186e+01 -2.085692e+01
    endloop
  endfacet
  facet normal 6.276516e-15 1.000000e+00 2.230674e-15
    outer loop
      vertex   -1.015256e+02 4.873186e+01 -2.733130e+01
      vertex   -9.816631e+01 4.873186e+01 -2.085692e+01
      vertex   -9.809318e+01 4.873186e+01 -2.106268e+01
    endloop
  endfacet
  facet normal 5.317960e-15 1.000000e+00 2.755545e-15
    outer loop
      vertex   -9.809318e+01 4.873186e+01 -2.106268e+01
      vertex   -9.799272e+01 4.873186e+01 -2.125658e+01
      vertex   -1.015256e+02 4.873186e+01 -2.733130e+01
    endloop
  endfacet
  facet normal 4.542569e-15 1.000000e+00 3.206495e-15
    outer loop
      vertex   -1.015256e+02 4.873186e+01 -2.733130e+01
      vertex   -9.799272e+01 4.873186e+01 -2.125658e+01
      vertex   -9.786678e+01 4.873186e+01 -2.143498e+01
    endloop
  endfacet
  facet normal -2.476460e-14 1.000000e+00 2.139258e-14
    outer loop
      vertex   -1.015256e+02 4.873186e+01 -2.733130e+01
      vertex   -9.786678e+01 4.873186e+01 -2.143498e+01
      vertex   -9.771773e+01 4.873186e+01 -2.159458e+01
    endloop
  endfacet
  facet normal 2.617272e-15 1.000000e+00 3.217060e-15
    outer loop
      vertex   -9.771773e+01 4.873186e+01 -2.159458e+01
      vertex   -9.754833e+01 4.873186e+01 -2.173239e+01
      vertex   -1.015256e+02 4.873186e+01 -2.733130e+01
    endloop
  endfacet
  facet normal 2.155721e-15 1.000000e+00 3.544933e-15
    outer loop
      vertex   -1.015256e+02 4.873186e+01 -2.733130e+01
      vertex   -9.754833e+01 4.873186e+01 -2.173239e+01
      vertex   -9.736175e+01 4.873186e+01 -2.184586e+01
    endloop
  endfacet
  facet normal 5.663902e-29 1.000000e+00 5.181302e-15
    outer loop
      vertex   -1.015256e+02 4.873186e+01 -2.733130e+01
      vertex   -9.736175e+01 4.873186e+01 -2.184586e+01
      vertex   -9.502564e+01 4.873186e+01 -2.733130e+01
    endloop
  endfacet
  facet normal 2.761362e-15 1.000000e+00 6.357293e-15
    outer loop
      vertex   -9.502564e+01 4.873186e+01 -2.733130e+01
      vertex   -9.736175e+01 4.873186e+01 -2.184586e+01
      vertex   -9.716145e+01 4.873186e+01 -2.193286e+01
    endloop
  endfacet
  facet normal 1.659035e-15 1.000000e+00 5.921175e-15
    outer loop
      vertex   -9.502564e+01 4.873186e+01 -2.733130e+01
      vertex   -9.716145e+01 4.873186e+01 -2.193286e+01
      vertex   -9.695117e+01 4.873186e+01 -2.199178e+01
    endloop
  endfacet
  facet normal 7.697695e-16 1.000000e+00 5.600489e-15
    outer loop
      vertex   -9.695117e+01 4.873186e+01 -2.199178e+01
      vertex   -9.673483e+01 4.873186e+01 -2.202151e+01
      vertex   -9.502564e+01 4.873186e+01 -2.733130e+01
    endloop
  endfacet
  facet normal 0.000000e+00 1.000000e+00 5.352705e-15
    outer loop
      vertex   -9.502564e+01 4.873186e+01 -2.733130e+01
      vertex   -9.673483e+01 4.873186e+01 -2.202151e+01
      vertex   -9.651646e+01 4.873186e+01 -2.202151e+01
    endloop
  endfacet
  facet normal -7.083758e-16 1.000000e+00 5.153816e-15
    outer loop
      vertex   -9.502564e+01 4.873186e+01 -2.733130e+01
      vertex   -9.651646e+01 4.873186e+01 -2.202151e+01
      vertex   -9.630011e+01 4.873186e+01 -2.199178e+01
    endloop
  endfacet
  facet normal -1.397917e-15 1.000000e+00 4.989232e-15
    outer loop
      vertex   -9.630011e+01 4.873186e+01 -2.199178e+01
      vertex   -9.608984e+01 4.873186e+01 -2.193286e+01
      vertex   -9.502564e+01 4.873186e+01 -2.733130e+01
    endloop
  endfacet
  facet normal -2.106460e-15 1.000000e+00 4.849557e-15
    outer loop
      vertex   -9.502564e+01 4.873186e+01 -2.733130e+01
      vertex   -9.608984e+01 4.873186e+01 -2.193286e+01
      vertex   -9.588954e+01 4.873186e+01 -2.184586e+01
    endloop
  endfacet
  facet normal -2.875436e-15 1.000000e+00 4.728452e-15
    outer loop
      vertex   -9.502564e+01 4.873186e+01 -2.733130e+01
      vertex   -9.588954e+01 4.873186e+01 -2.184586e+01
      vertex   -9.570296e+01 4.873186e+01 -2.173239e+01
    endloop
  endfacet
  facet normal -3.759840e-15 1.000000e+00 4.621464e-15
    outer loop
      vertex   -9.570296e+01 4.873186e+01 -2.173239e+01
      vertex   -9.553356e+01 4.873186e+01 -2.159458e+01
      vertex   -9.502564e+01 4.873186e+01 -2.733130e+01
    endloop
  endfacet
  facet normal 3.869714e-14 1.000000e+00 8.380502e-15
    outer loop
      vertex   -9.502564e+01 4.873186e+01 -2.733130e+01
      vertex   -9.553356e+01 4.873186e+01 -2.159458e+01
      vertex   -9.538451e+01 4.873186e+01 -2.143498e+01
    endloop
  endfacet
  facet normal -7.858361e-15 1.000000e+00 5.547037e-15
    outer loop
      vertex   -9.502564e+01 4.873186e+01 -2.733130e+01
      vertex   -9.538451e+01 4.873186e+01 -2.143498e+01
      vertex   -9.525857e+01 4.873186e+01 -2.125658e+01
    endloop
  endfacet
  facet normal -1.050914e-14 1.000000e+00 5.445396e-15
    outer loop
      vertex   -9.525857e+01 4.873186e+01 -2.125658e+01
      vertex   -9.515811e+01 4.873186e+01 -2.106268e+01
      vertex   -9.502564e+01 4.873186e+01 -2.733130e+01
    endloop
  endfacet
  facet normal -1.505178e-14 1.000000e+00 5.349405e-15
    outer loop
      vertex   -9.502564e+01 4.873186e+01 -2.733130e+01
      vertex   -9.515811e+01 4.873186e+01 -2.106268e+01
      vertex   -9.508498e+01 4.873186e+01 -2.085692e+01
    endloop
  endfacet
  facet normal -2.529119e-14 1.000000e+00 5.255569e-15
    outer loop
      vertex   -9.502564e+01 4.873186e+01 -2.733130e+01
      vertex   -9.508498e+01 4.873186e+01 -2.085692e+01
      vertex   -9.504055e+01 4.873186e+01 -2.064311e+01
    endloop
  endfacet
  facet normal -7.520768e-14 1.000000e+00 5.144347e-15
    outer loop
      vertex   -9.504055e+01 4.873186e+01 -2.064311e+01
      vertex   -9.502564e+01 4.873186e+01 -2.042524e+01
      vertex   -9.502564e+01 4.873186e+01 -2.733130e+01
    endloop
  endfacet
  facet normal -0.000000e+00 1.000000e+00 0.000000e+00
    outer loop
      vertex   -1.039256e+02 4.873186e+01 -1.542524e+01
      vertex   -1.039256e+02 4.873186e+01 -1.457431e+01
      vertex   -1.015256e+02 4.873186e+01 -1.542524e+01
    endloop
  endfacet
  facet normal 0.000000e+00 1.000000e+00 -0.000000e+00
    outer loop
      vertex   -1.015256e+02 4.873186e+01 -1.542524e+01
      vertex   -1.039256e+02 4.873186e+01 -1.457431e+01
      vertex   -9.502564e+01 4.873186e+01 -1.457431e+01
    endloop
  endfacet
  facet normal 1.000000e+00 -5.369587e-14 -3.979039e-13
    outer loop
      vertex   -1.015256e+02 9.385967e+01 -2.633130e+01
      vertex   -1.015256e+02 8.644934e+01 -2.633130e+01
      vertex   -1.015256e+02 9.385967e+01 -2.733130e+01
    endloop
  endfacet
  facet normal 1.000000e+00 3.687507e-13 2.732563e-12
    outer loop
      vertex   -1.015256e+02 9.385967e+01 -2.733130e+01
      vertex   -1.015256e+02 8.644934e+01 -2.633130e+01
      vertex   -1.015256e+02 4.873186e+01 -2.733130e+01
    endloop
  endfacet
  facet normal 1.000000e+00 4.415470e-13 -1.312940e-14
    outer loop
      vertex   -1.015256e+02 4.873186e+01 -2.733130e+01
      vertex   -1.015256e+02 8.644934e+01 -2.633130e+01
      vertex   -1.015256e+02 4.873186e+01 -1.542524e+01
    endloop
  endfacet
  facet normal 1.000000e+00 2.901514e-12 8.494416e-12
    outer loop
      vertex   -1.015256e+02 4.873186e+01 -1.542524e+01
      vertex   -1.015256e+02 8.644934e+01 -2.633130e+01
      vertex   -1.015256e+02 8.644934e+01 -1.542524e+01
    endloop
  endfacet
  facet normal 9.976688e-01 1.212229e-15 -6.824241e-02
    outer loop
      vertex   -9.072564e+01 4.473186e+01 -1.842524e+01
      vertex   -9.072564e+01 4.873186e+01 -1.842524e+01
      vertex   -9.071074e+01 4.473186e+01 -1.820738e+01
    endloop
  endfacet
  facet normal 9.976688e-01 1.212229e-15 -6.824241e-02
    outer loop
      vertex   -9.071074e+01 4.473186e+01 -1.820738e+01
      vertex   -9.072564e+01 4.873186e+01 -1.842524e+01
      vertex   -9.071074e+01 4.873186e+01 -1.820738e+01
    endloop
  endfacet
  facet normal 9.790841e-01 3.614105e-15 -2.034560e-01
    outer loop
      vertex   -9.071074e+01 4.473186e+01 -1.820738e+01
      vertex   -9.071074e+01 4.873186e+01 -1.820738e+01
      vertex   -9.066631e+01 4.473186e+01 -1.799357e+01
    endloop
  endfacet
  facet normal 9.790841e-01 3.614105e-15 -2.034560e-01
    outer loop
      vertex   -9.066631e+01 4.473186e+01 -1.799357e+01
      vertex   -9.071074e+01 4.873186e+01 -1.820738e+01
      vertex   -9.066631e+01 4.873186e+01 -1.799357e+01
    endloop
  endfacet
  facet normal 9.422609e-01 5.948657e-15 -3.348796e-01
    outer loop
      vertex   -9.066631e+01 4.473186e+01 -1.799357e+01
      vertex   -9.066631e+01 4.873186e+01 -1.799357e+01
      vertex   -9.059318e+01 4.473186e+01 -1.778780e+01
    endloop
  endfacet
  facet normal 9.422609e-01 5.948657e-15 -3.348796e-01
    outer loop
      vertex   -9.059318e+01 4.473186e+01 -1.778780e+01
      vertex   -9.066631e+01 4.873186e+01 -1.799357e+01
      vertex   -9.059318e+01 4.873186e+01 -1.778780e+01
    endloop
  endfacet
  facet normal 8.878852e-01 8.172397e-15 -4.600650e-01
    outer loop
      vertex   -9.059318e+01 4.473186e+01 -1.778780e+01
      vertex   -9.059318e+01 4.873186e+01 -1.778780e+01
      vertex   -9.049272e+01 4.473186e+01 -1.759391e+01
    endloop
  endfacet
  facet normal 8.878852e-01 8.172397e-15 -4.600650e-01
    outer loop
      vertex   -9.049272e+01 4.473186e+01 -1.759391e+01
      vertex   -9.059318e+01 4.873186e+01 -1.778780e+01
      vertex   -9.049272e+01 4.873186e+01 -1.759391e+01
    endloop
  endfacet
  facet normal 8.169699e-01 1.024390e-14 -5.766803e-01
    outer loop
      vertex   -9.049272e+01 4.473186e+01 -1.759391e+01
      vertex   -9.049272e+01 4.873186e+01 -1.759391e+01
      vertex   -9.036678e+01 4.473186e+01 -1.741550e+01
    endloop
  endfacet
  facet normal 8.169699e-01 1.024390e-14 -5.766803e-01
    outer loop
      vertex   -9.036678e+01 4.473186e+01 -1.741550e+01
      vertex   -9.049272e+01 4.873186e+01 -1.759391e+01
      vertex   -9.036678e+01 4.873186e+01 -1.741550e+01
    endloop
  endfacet
  facet normal 7.308360e-01 1.212458e-14 -6.825531e-01
    outer loop
      vertex   -9.036678e+01 4.473186e+01 -1.741550e+01
      vertex   -9.036678e+01 4.873186e+01 -1.741550e+01
      vertex   -9.021773e+01 4.473186e+01 -1.725590e+01
    endloop
  endfacet
  facet normal 7.308360e-01 1.212458e-14 -6.825531e-01
    outer loop
      vertex   -9.021773e+01 4.473186e+01 -1.725590e+01
      vertex   -9.036678e+01 4.873186e+01 -1.741550e+01
      vertex   -9.021773e+01 4.873186e+01 -1.725590e+01
    endloop
  endfacet
  facet normal 6.310879e-01 1.377940e-14 -7.757113e-01
    outer loop
      vertex   -9.021773e+01 4.473186e+01 -1.725590e+01
      vertex   -9.021773e+01 4.873186e+01 -1.725590e+01
      vertex   -9.004833e+01 4.473186e+01 -1.711809e+01
    endloop
  endfacet
  facet normal 6.310879e-01 1.377940e-14 -7.757113e-01
    outer loop
      vertex   -9.004833e+01 4.473186e+01 -1.711809e+01
      vertex   -9.021773e+01 4.873186e+01 -1.725590e+01
      vertex   -9.004833e+01 4.873186e+01 -1.711809e+01
    endloop
  endfacet
  facet normal 5.195840e-01 1.517754e-14 -8.544194e-01
    outer loop
      vertex   -9.004833e+01 4.473186e+01 -1.711809e+01
      vertex   -9.004833e+01 4.873186e+01 -1.711809e+01
      vertex   -8.986175e+01 4.473186e+01 -1.700463e+01
    endloop
  endfacet
  facet normal 5.195840e-01 1.517754e-14 -8.544194e-01
    outer loop
      vertex   -8.986175e+01 4.473186e+01 -1.700463e+01
      vertex   -9.004833e+01 4.873186e+01 -1.711809e+01
      vertex   -8.986175e+01 4.873186e+01 -1.700463e+01
    endloop
  endfacet
  facet normal 3.984011e-01 1.629295e-14 -9.172113e-01
    outer loop
      vertex   -8.986175e+01 4.473186e+01 -1.700463e+01
      vertex   -8.986175e+01 4.873186e+01 -1.700463e+01
      vertex   -8.966145e+01 4.473186e+01 -1.691762e+01
    endloop
  endfacet
  facet normal 3.984011e-01 1.629295e-14 -9.172113e-01
    outer loop
      vertex   -8.966145e+01 4.473186e+01 -1.691762e+01
      vertex   -8.986175e+01 4.873186e+01 -1.700463e+01
      vertex   -8.966145e+01 4.873186e+01 -1.691762e+01
    endloop
  endfacet
  facet normal 2.697968e-01 1.710485e-14 -9.629173e-01
    outer loop
      vertex   -8.966145e+01 4.473186e+01 -1.691762e+01
      vertex   -8.966145e+01 4.873186e+01 -1.691762e+01
      vertex   -8.945117e+01 4.473186e+01 -1.685871e+01
    endloop
  endfacet
  facet normal 2.697968e-01 1.710485e-14 -9.629173e-01
    outer loop
      vertex   -8.945117e+01 4.473186e+01 -1.685871e+01
      vertex   -8.966145e+01 4.873186e+01 -1.691762e+01
      vertex   -8.945117e+01 4.873186e+01 -1.685871e+01
    endloop
  endfacet
  facet normal 1.361666e-01 1.759812e-14 -9.906859e-01
    outer loop
      vertex   -8.945117e+01 4.473186e+01 -1.685871e+01
      vertex   -8.945117e+01 4.873186e+01 -1.685871e+01
      vertex   -8.923483e+01 4.473186e+01 -1.682897e+01
    endloop
  endfacet
  facet normal 1.361666e-01 1.759812e-14 -9.906859e-01
    outer loop
      vertex   -8.923483e+01 4.473186e+01 -1.682897e+01
      vertex   -8.945117e+01 4.873186e+01 -1.685871e+01
      vertex   -8.923483e+01 4.873186e+01 -1.682897e+01
    endloop
  endfacet
  facet normal -3.253762e-14 1.776357e-14 -1.000000e+00
    outer loop
      vertex   -8.923483e+01 4.473186e+01 -1.682897e+01
      vertex   -8.923483e+01 4.873186e+01 -1.682897e+01
      vertex   -8.901646e+01 4.473186e+01 -1.682897e+01
    endloop
  endfacet
  facet normal -3.253762e-14 1.776357e-14 -1.000000e+00
    outer loop
      vertex   -8.901646e+01 4.473186e+01 -1.682897e+01
      vertex   -8.923483e+01 4.873186e+01 -1.682897e+01
      vertex   -8.901646e+01 4.873186e+01 -1.682897e+01
    endloop
  endfacet
  facet normal -1.361666e-01 1.759812e-14 -9.906859e-01
    outer loop
      vertex   -8.901646e+01 4.473186e+01 -1.682897e+01
      vertex   -8.901646e+01 4.873186e+01 -1.682897e+01
      vertex   -8.880011e+01 4.473186e+01 -1.685871e+01
    endloop
  endfacet
  facet normal -1.361666e-01 1.759812e-14 -9.906859e-01
    outer loop
      vertex   -8.880011e+01 4.473186e+01 -1.685871e+01
      vertex   -8.901646e+01 4.873186e+01 -1.682897e+01
      vertex   -8.880011e+01 4.873186e+01 -1.685871e+01
    endloop
  endfacet
  facet normal -2.697968e-01 1.710485e-14 -9.629173e-01
    outer loop
      vertex   -8.880011e+01 4.473186e+01 -1.685871e+01
      vertex   -8.880011e+01 4.873186e+01 -1.685871e+01
      vertex   -8.858984e+01 4.473186e+01 -1.691762e+01
    endloop
  endfacet
  facet normal -2.697968e-01 1.710485e-14 -9.629173e-01
    outer loop
      vertex   -8.858984e+01 4.473186e+01 -1.691762e+01
      vertex   -8.880011e+01 4.873186e+01 -1.685871e+01
      vertex   -8.858984e+01 4.873186e+01 -1.691762e+01
    endloop
  endfacet
  facet normal -3.984011e-01 1.629295e-14 -9.172113e-01
    outer loop
      vertex   -8.858984e+01 4.473186e+01 -1.691762e+01
      vertex   -8.858984e+01 4.873186e+01 -1.691762e+01
      vertex   -8.838954e+01 4.473186e+01 -1.700463e+01
    endloop
  endfacet
  facet normal -3.984011e-01 1.629295e-14 -9.172113e-01
    outer loop
      vertex   -8.838954e+01 4.473186e+01 -1.700463e+01
      vertex   -8.858984e+01 4.873186e+01 -1.691762e+01
      vertex   -8.838954e+01 4.873186e+01 -1.700463e+01
    endloop
  endfacet
  facet normal -5.195840e-01 1.517754e-14 -8.544194e-01
    outer loop
      vertex   -8.838954e+01 4.473186e+01 -1.700463e+01
      vertex   -8.838954e+01 4.873186e+01 -1.700463e+01
      vertex   -8.820296e+01 4.473186e+01 -1.711809e+01
    endloop
  endfacet
  facet normal -5.195840e-01 1.517754e-14 -8.544194e-01
    outer loop
      vertex   -8.820296e+01 4.473186e+01 -1.711809e+01
      vertex   -8.838954e+01 4.873186e+01 -1.700463e+01
      vertex   -8.820296e+01 4.873186e+01 -1.711809e+01
    endloop
  endfacet
  facet normal -6.310879e-01 1.377940e-14 -7.757113e-01
    outer loop
      vertex   -8.820296e+01 4.473186e+01 -1.711809e+01
      vertex   -8.820296e+01 4.873186e+01 -1.711809e+01
      vertex   -8.803356e+01 4.473186e+01 -1.725590e+01
    endloop
  endfacet
  facet normal -6.310879e-01 1.377940e-14 -7.757113e-01
    outer loop
      vertex   -8.803356e+01 4.473186e+01 -1.725590e+01
      vertex   -8.820296e+01 4.873186e+01 -1.711809e+01
      vertex   -8.803356e+01 4.873186e+01 -1.725590e+01
    endloop
  endfacet
  facet normal -7.308360e-01 1.212458e-14 -6.825531e-01
    outer loop
      vertex   -8.803356e+01 4.473186e+01 -1.725590e+01
      vertex   -8.803356e+01 4.873186e+01 -1.725590e+01
      vertex   -8.788451e+01 4.473186e+01 -1.741550e+01
    endloop
  endfacet
  facet normal -7.308360e-01 1.212458e-14 -6.825531e-01
    outer loop
      vertex   -8.788451e+01 4.473186e+01 -1.741550e+01
      vertex   -8.803356e+01 4.873186e+01 -1.725590e+01
      vertex   -8.788451e+01 4.873186e+01 -1.741550e+01
    endloop
  endfacet
  facet normal -8.169699e-01 1.024390e-14 -5.766803e-01
    outer loop
      vertex   -8.788451e+01 4.473186e+01 -1.741550e+01
      vertex   -8.788451e+01 4.873186e+01 -1.741550e+01
      vertex   -8.775857e+01 4.473186e+01 -1.759391e+01
    endloop
  endfacet
  facet normal -8.169699e-01 1.024390e-14 -5.766803e-01
    outer loop
      vertex   -8.775857e+01 4.473186e+01 -1.759391e+01
      vertex   -8.788451e+01 4.873186e+01 -1.741550e+01
      vertex   -8.775857e+01 4.873186e+01 -1.759391e+01
    endloop
  endfacet
  facet normal -8.878852e-01 8.172397e-15 -4.600650e-01
    outer loop
      vertex   -8.775857e+01 4.473186e+01 -1.759391e+01
      vertex   -8.775857e+01 4.873186e+01 -1.759391e+01
      vertex   -8.765811e+01 4.473186e+01 -1.778780e+01
    endloop
  endfacet
  facet normal -8.878852e-01 8.172397e-15 -4.600650e-01
    outer loop
      vertex   -8.765811e+01 4.473186e+01 -1.778780e+01
      vertex   -8.775857e+01 4.873186e+01 -1.759391e+01
      vertex   -8.765811e+01 4.873186e+01 -1.778780e+01
    endloop
  endfacet
  facet normal -9.422609e-01 5.948657e-15 -3.348796e-01
    outer loop
      vertex   -8.765811e+01 4.473186e+01 -1.778780e+01
      vertex   -8.765811e+01 4.873186e+01 -1.778780e+01
      vertex   -8.758498e+01 4.473186e+01 -1.799357e+01
    endloop
  endfacet
  facet normal -9.422609e-01 5.948657e-15 -3.348796e-01
    outer loop
      vertex   -8.758498e+01 4.473186e+01 -1.799357e+01
      vertex   -8.765811e+01 4.873186e+01 -1.778780e+01
      vertex   -8.758498e+01 4.873186e+01 -1.799357e+01
    endloop
  endfacet
  facet normal -9.790841e-01 3.614105e-15 -2.034560e-01
    outer loop
      vertex   -8.758498e+01 4.473186e+01 -1.799357e+01
      vertex   -8.758498e+01 4.873186e+01 -1.799357e+01
      vertex   -8.754055e+01 4.473186e+01 -1.820738e+01
    endloop
  endfacet
  facet normal -9.790841e-01 3.614105e-15 -2.034560e-01
    outer loop
      vertex   -8.754055e+01 4.473186e+01 -1.820738e+01
      vertex   -8.758498e+01 4.873186e+01 -1.799357e+01
      vertex   -8.754055e+01 4.873186e+01 -1.820738e+01
    endloop
  endfacet
  facet normal -9.976688e-01 1.212229e-15 -6.824241e-02
    outer loop
      vertex   -8.754055e+01 4.473186e+01 -1.820738e+01
      vertex   -8.754055e+01 4.873186e+01 -1.820738e+01
      vertex   -8.752564e+01 4.473186e+01 -1.842524e+01
    endloop
  endfacet
  facet normal -9.976688e-01 1.212229e-15 -6.824241e-02
    outer loop
      vertex   -8.752564e+01 4.473186e+01 -1.842524e+01
      vertex   -8.754055e+01 4.873186e+01 -1.820738e+01
      vertex   -8.752564e+01 4.873186e+01 -1.842524e+01
    endloop
  endfacet
  facet normal 1.000000e+00 2.524355e-28 -1.421085e-14
    outer loop
      vertex   -9.072564e+01 4.473186e+01 -1.842524e+01
      vertex   -9.072564e+01 4.473186e+01 -2.042524e+01
      vertex   -9.072564e+01 4.873186e+01 -1.842524e+01
    endloop
  endfacet
  facet normal 1.000000e+00 2.524355e-28 -1.421085e-14
    outer loop
      vertex   -9.072564e+01 4.873186e+01 -1.842524e+01
      vertex   -9.072564e+01 4.473186e+01 -2.042524e+01
      vertex   -9.072564e+01 4.873186e+01 -2.042524e+01
    endloop
  endfacet
  facet normal 9.976688e-01 -1.212229e-15 6.824241e-02
    outer loop
      vertex   -9.072564e+01 4.873186e+01 -2.042524e+01
      vertex   -9.072564e+01 4.473186e+01 -2.042524e+01
      vertex   -9.071074e+01 4.873186e+01 -2.064311e+01
    endloop
  endfacet
  facet normal 9.976688e-01 -1.212229e-15 6.824241e-02
    outer loop
      vertex   -9.071074e+01 4.873186e+01 -2.064311e+01
      vertex   -9.072564e+01 4.473186e+01 -2.042524e+01
      vertex   -9.071074e+01 4.473186e+01 -2.064311e+01
    endloop
  endfacet
  facet normal 9.790841e-01 -3.614105e-15 2.034560e-01
    outer loop
      vertex   -9.071074e+01 4.873186e+01 -2.064311e+01
      vertex   -9.071074e+01 4.473186e+01 -2.064311e+01
      vertex   -9.066631e+01 4.873186e+01 -2.085692e+01
    endloop
  endfacet
  facet normal 9.790841e-01 -3.614105e-15 2.034560e-01
    outer loop
      vertex   -9.066631e+01 4.873186e+01 -2.085692e+01
      vertex   -9.071074e+01 4.473186e+01 -2.064311e+01
      vertex   -9.066631e+01 4.473186e+01 -2.085692e+01
    endloop
  endfacet
  facet normal 9.422609e-01 -5.948657e-15 3.348796e-01
    outer loop
      vertex   -9.066631e+01 4.873186e+01 -2.085692e+01
      vertex   -9.066631e+01 4.473186e+01 -2.085692e+01
      vertex   -9.059318e+01 4.873186e+01 -2.106268e+01
    endloop
  endfacet
  facet normal 9.422609e-01 -6.246090e-15 3.348796e-01
    outer loop
      vertex   -9.059318e+01 4.873186e+01 -2.106268e+01
      vertex   -9.066631e+01 4.473186e+01 -2.085692e+01
      vertex   -9.059318e+01 4.473186e+01 -2.106268e+01
    endloop
  endfacet
  facet normal 8.878852e-01 -8.581017e-15 4.600650e-01
    outer loop
      vertex   -9.059318e+01 4.873186e+01 -2.106268e+01
      vertex   -9.059318e+01 4.473186e+01 -2.106268e+01
      vertex   -9.049272e+01 4.873186e+01 -2.125658e+01
    endloop
  endfacet
  facet normal 8.878852e-01 -8.172397e-15 4.600650e-01
    outer loop
      vertex   -9.049272e+01 4.873186e+01 -2.125658e+01
      vertex   -9.059318e+01 4.473186e+01 -2.106268e+01
      vertex   -9.049272e+01 4.473186e+01 -2.125658e+01
    endloop
  endfacet
  facet normal 8.169699e-01 -1.024390e-14 5.766803e-01
    outer loop
      vertex   -9.049272e+01 4.873186e+01 -2.125658e+01
      vertex   -9.049272e+01 4.473186e+01 -2.125658e+01
      vertex   -9.036678e+01 4.873186e+01 -2.143498e+01
    endloop
  endfacet
  facet normal 8.169699e-01 -1.024390e-14 5.766803e-01
    outer loop
      vertex   -9.036678e+01 4.873186e+01 -2.143498e+01
      vertex   -9.049272e+01 4.473186e+01 -2.125658e+01
      vertex   -9.036678e+01 4.473186e+01 -2.143498e+01
    endloop
  endfacet
  facet normal 7.308360e-01 -1.212458e-14 6.825531e-01
    outer loop
      vertex   -9.036678e+01 4.873186e+01 -2.143498e+01
      vertex   -9.036678e+01 4.473186e+01 -2.143498e+01
      vertex   -9.021773e+01 4.873186e+01 -2.159458e+01
    endloop
  endfacet
  facet normal 7.308360e-01 -1.212458e-14 6.825531e-01
    outer loop
      vertex   -9.021773e+01 4.873186e+01 -2.159458e+01
      vertex   -9.036678e+01 4.473186e+01 -2.143498e+01
      vertex   -9.021773e+01 4.473186e+01 -2.159458e+01
    endloop
  endfacet
  facet normal 6.310879e-01 -1.377940e-14 7.757113e-01
    outer loop
      vertex   -9.021773e+01 4.873186e+01 -2.159458e+01
      vertex   -9.021773e+01 4.473186e+01 -2.159458e+01
      vertex   -9.004833e+01 4.873186e+01 -2.173239e+01
    endloop
  endfacet
  facet normal 6.310879e-01 -1.377940e-14 7.757113e-01
    outer loop
      vertex   -9.004833e+01 4.873186e+01 -2.173239e+01
      vertex   -9.021773e+01 4.473186e+01 -2.159458e+01
      vertex   -9.004833e+01 4.473186e+01 -2.173239e+01
    endloop
  endfacet
  facet normal 5.195840e-01 -1.517754e-14 8.544194e-01
    outer loop
      vertex   -9.004833e+01 4.873186e+01 -2.173239e+01
      vertex   -9.004833e+01 4.473186e+01 -2.173239e+01
      vertex   -8.986175e+01 4.873186e+01 -2.184586e+01
    endloop
  endfacet
  facet normal 5.195840e-01 -1.517754e-14 8.544194e-01
    outer loop
      vertex   -8.986175e+01 4.873186e+01 -2.184586e+01
      vertex   -9.004833e+01 4.473186e+01 -2.173239e+01
      vertex   -8.986175e+01 4.473186e+01 -2.184586e+01
    endloop
  endfacet
  facet normal 3.984011e-01 -1.629295e-14 9.172113e-01
    outer loop
      vertex   -8.986175e+01 4.873186e+01 -2.184586e+01
      vertex   -8.986175e+01 4.473186e+01 -2.184586e+01
      vertex   -8.966145e+01 4.873186e+01 -2.193286e+01
    endloop
  endfacet
  facet normal 3.984011e-01 -1.629295e-14 9.172113e-01
    outer loop
      vertex   -8.966145e+01 4.873186e+01 -2.193286e+01
      vertex   -8.986175e+01 4.473186e+01 -2.184586e+01
      vertex   -8.966145e+01 4.473186e+01 -2.193286e+01
    endloop
  endfacet
  facet normal 2.697968e-01 -1.710485e-14 9.629173e-01
    outer loop
      vertex   -8.966145e+01 4.873186e+01 -2.193286e+01
      vertex   -8.966145e+01 4.473186e+01 -2.193286e+01
      vertex   -8.945117e+01 4.873186e+01 -2.199178e+01
    endloop
  endfacet
  facet normal 2.697968e-01 -1.710485e-14 9.629173e-01
    outer loop
      vertex   -8.945117e+01 4.873186e+01 -2.199178e+01
      vertex   -8.966145e+01 4.473186e+01 -2.193286e+01
      vertex   -8.945117e+01 4.473186e+01 -2.199178e+01
    endloop
  endfacet
  facet normal 1.361666e-01 -1.759812e-14 9.906859e-01
    outer loop
      vertex   -8.945117e+01 4.873186e+01 -2.199178e+01
      vertex   -8.945117e+01 4.473186e+01 -2.199178e+01
      vertex   -8.923483e+01 4.873186e+01 -2.202151e+01
    endloop
  endfacet
  facet normal 1.361666e-01 -1.759812e-14 9.906859e-01
    outer loop
      vertex   -8.923483e+01 4.873186e+01 -2.202151e+01
      vertex   -8.945117e+01 4.473186e+01 -2.199178e+01
      vertex   -8.923483e+01 4.473186e+01 -2.202151e+01
    endloop
  endfacet
  facet normal 0.000000e+00 -1.776357e-14 1.000000e+00
    outer loop
      vertex   -8.923483e+01 4.873186e+01 -2.202151e+01
      vertex   -8.923483e+01 4.473186e+01 -2.202151e+01
      vertex   -8.901646e+01 4.873186e+01 -2.202151e+01
    endloop
  endfacet
  facet normal 0.000000e+00 -1.776357e-14 1.000000e+00
    outer loop
      vertex   -8.901646e+01 4.873186e+01 -2.202151e+01
      vertex   -8.923483e+01 4.473186e+01 -2.202151e+01
      vertex   -8.901646e+01 4.473186e+01 -2.202151e+01
    endloop
  endfacet
  facet normal -1.361666e-01 -1.759812e-14 9.906859e-01
    outer loop
      vertex   -8.901646e+01 4.873186e+01 -2.202151e+01
      vertex   -8.901646e+01 4.473186e+01 -2.202151e+01
      vertex   -8.880011e+01 4.873186e+01 -2.199178e+01
    endloop
  endfacet
  facet normal -1.361666e-01 -1.759812e-14 9.906859e-01
    outer loop
      vertex   -8.880011e+01 4.873186e+01 -2.199178e+01
      vertex   -8.901646e+01 4.473186e+01 -2.202151e+01
      vertex   -8.880011e+01 4.473186e+01 -2.199178e+01
    endloop
  endfacet
  facet normal -2.697968e-01 -1.710485e-14 9.629173e-01
    outer loop
      vertex   -8.880011e+01 4.873186e+01 -2.199178e+01
      vertex   -8.880011e+01 4.473186e+01 -2.199178e+01
      vertex   -8.858984e+01 4.873186e+01 -2.193286e+01
    endloop
  endfacet
  facet normal -2.697968e-01 -1.710485e-14 9.629173e-01
    outer loop
      vertex   -8.858984e+01 4.873186e+01 -2.193286e+01
      vertex   -8.880011e+01 4.473186e+01 -2.199178e+01
      vertex   -8.858984e+01 4.473186e+01 -2.193286e+01
    endloop
  endfacet
  facet normal -3.984011e-01 -1.629295e-14 9.172113e-01
    outer loop
      vertex   -8.858984e+01 4.873186e+01 -2.193286e+01
      vertex   -8.858984e+01 4.473186e+01 -2.193286e+01
      vertex   -8.838954e+01 4.873186e+01 -2.184586e+01
    endloop
  endfacet
  facet normal -3.984011e-01 -1.629295e-14 9.172113e-01
    outer loop
      vertex   -8.838954e+01 4.873186e+01 -2.184586e+01
      vertex   -8.858984e+01 4.473186e+01 -2.193286e+01
      vertex   -8.838954e+01 4.473186e+01 -2.184586e+01
    endloop
  endfacet
  facet normal -5.195840e-01 -1.517754e-14 8.544194e-01
    outer loop
      vertex   -8.838954e+01 4.873186e+01 -2.184586e+01
      vertex   -8.838954e+01 4.473186e+01 -2.184586e+01
      vertex   -8.820296e+01 4.873186e+01 -2.173239e+01
    endloop
  endfacet
  facet normal -5.195840e-01 -1.517754e-14 8.544194e-01
    outer loop
      vertex   -8.820296e+01 4.873186e+01 -2.173239e+01
      vertex   -8.838954e+01 4.473186e+01 -2.184586e+01
      vertex   -8.820296e+01 4.473186e+01 -2.173239e+01
    endloop
  endfacet
  facet normal -6.310879e-01 -1.377940e-14 7.757113e-01
    outer loop
      vertex   -8.820296e+01 4.873186e+01 -2.173239e+01
      vertex   -8.820296e+01 4.473186e+01 -2.173239e+01
      vertex   -8.803356e+01 4.873186e+01 -2.159458e+01
    endloop
  endfacet
  facet normal -6.310879e-01 -1.377940e-14 7.757113e-01
    outer loop
      vertex   -8.803356e+01 4.873186e+01 -2.159458e+01
      vertex   -8.820296e+01 4.473186e+01 -2.173239e+01
      vertex   -8.803356e+01 4.473186e+01 -2.159458e+01
    endloop
  endfacet
  facet normal -7.308360e-01 -1.212458e-14 6.825531e-01
    outer loop
      vertex   -8.803356e+01 4.873186e+01 -2.159458e+01
      vertex   -8.803356e+01 4.473186e+01 -2.159458e+01
      vertex   -8.788451e+01 4.873186e+01 -2.143498e+01
    endloop
  endfacet
  facet normal -7.308360e-01 -1.212458e-14 6.825531e-01
    outer loop
      vertex   -8.788451e+01 4.873186e+01 -2.143498e+01
      vertex   -8.803356e+01 4.473186e+01 -2.159458e+01
      vertex   -8.788451e+01 4.473186e+01 -2.143498e+01
    endloop
  endfacet
  facet normal -8.169699e-01 -1.024390e-14 5.766803e-01
    outer loop
      vertex   -8.788451e+01 4.873186e+01 -2.143498e+01
      vertex   -8.788451e+01 4.473186e+01 -2.143498e+01
      vertex   -8.775857e+01 4.873186e+01 -2.125658e+01
    endloop
  endfacet
  facet normal -8.169699e-01 -1.024390e-14 5.766803e-01
    outer loop
      vertex   -8.775857e+01 4.873186e+01 -2.125658e+01
      vertex   -8.788451e+01 4.473186e+01 -2.143498e+01
      vertex   -8.775857e+01 4.473186e+01 -2.125658e+01
    endloop
  endfacet
  facet normal -8.878852e-01 -8.172397e-15 4.600650e-01
    outer loop
      vertex   -8.775857e+01 4.873186e+01 -2.125658e+01
      vertex   -8.775857e+01 4.473186e+01 -2.125658e+01
      vertex   -8.765811e+01 4.873186e+01 -2.106268e+01
    endloop
  endfacet
  facet normal -8.878852e-01 -7.763777e-15 4.600650e-01
    outer loop
      vertex   -8.765811e+01 4.873186e+01 -2.106268e+01
      vertex   -8.775857e+01 4.473186e+01 -2.125658e+01
      vertex   -8.765811e+01 4.473186e+01 -2.106268e+01
    endloop
  endfacet
  facet normal -9.422609e-01 -5.651224e-15 3.348796e-01
    outer loop
      vertex   -8.765811e+01 4.873186e+01 -2.106268e+01
      vertex   -8.765811e+01 4.473186e+01 -2.106268e+01
      vertex   -8.758498e+01 4.873186e+01 -2.085692e+01
    endloop
  endfacet
  facet normal -9.422609e-01 -5.948657e-15 3.348796e-01
    outer loop
      vertex   -8.758498e+01 4.873186e+01 -2.085692e+01
      vertex   -8.765811e+01 4.473186e+01 -2.106268e+01
      vertex   -8.758498e+01 4.473186e+01 -2.085692e+01
    endloop
  endfacet
  facet normal -9.790841e-01 -3.614105e-15 2.034560e-01
    outer loop
      vertex   -8.758498e+01 4.873186e+01 -2.085692e+01
      vertex   -8.758498e+01 4.473186e+01 -2.085692e+01
      vertex   -8.754055e+01 4.873186e+01 -2.064311e+01
    endloop
  endfacet
  facet normal -9.790841e-01 -3.614105e-15 2.034560e-01
    outer loop
      vertex   -8.754055e+01 4.873186e+01 -2.064311e+01
      vertex   -8.758498e+01 4.473186e+01 -2.085692e+01
      vertex   -8.754055e+01 4.473186e+01 -2.064311e+01
    endloop
  endfacet
  facet normal -9.976688e-01 -1.212229e-15 6.824241e-02
    outer loop
      vertex   -8.754055e+01 4.873186e+01 -2.064311e+01
      vertex   -8.754055e+01 4.473186e+01 -2.064311e+01
      vertex   -8.752564e+01 4.873186e+01 -2.042524e+01
    endloop
  endfacet
  facet normal -9.976688e-01 -1.212229e-15 6.824241e-02
    outer loop
      vertex   -8.752564e+01 4.873186e+01 -2.042524e+01
      vertex   -8.754055e+01 4.473186e+01 -2.064311e+01
      vertex   -8.752564e+01 4.473186e+01 -2.042524e+01
    endloop
  endfacet
  facet normal -1.000000e+00 -3.786532e-28 2.131628e-14
    outer loop
      vertex   -8.752564e+01 4.473186e+01 -2.042524e+01
      vertex   -8.752564e+01 4.473186e+01 -1.842524e+01
      vertex   -8.752564e+01 4.873186e+01 -2.042524e+01
    endloop
  endfacet
  facet normal -1.000000e+00 -3.786532e-28 2.131628e-14
    outer loop
      vertex   -8.752564e+01 4.873186e+01 -2.042524e+01
      vertex   -8.752564e+01 4.473186e+01 -1.842524e+01
      vertex   -8.752564e+01 4.873186e+01 -1.842524e+01
    endloop
  endfacet
  facet normal 9.976688e-01 1.212229e-15 -6.824241e-02
    outer loop
      vertex   -9.822564e+01 4.473186e+01 -1.842524e+01
      vertex   -9.822564e+01 4.873186e+01 -1.842524e+01
      vertex   -9.821074e+01 4.473186e+01 -1.820738e+01
    endloop
  endfacet
  facet normal 9.976688e-01 1.212229e-15 -6.824241e-02
    outer loop
      vertex   -9.821074e+01 4.473186e+01 -1.820738e+01
      vertex   -9.822564e+01 4.873186e+01 -1.842524e+01
      vertex   -9.821074e+01 4.873186e+01 -1.820738e+01
    endloop
  endfacet
  facet normal 9.790841e-01 3.614105e-15 -2.034560e-01
    outer loop
      vertex   -9.821074e+01 4.473186e+01 -1.820738e+01
      vertex   -9.821074e+01 4.873186e+01 -1.820738e+01
      vertex   -9.816631e+01 4.473186e+01 -1.799357e+01
    endloop
  endfacet
  facet normal 9.790841e-01 3.614105e-15 -2.034560e-01
    outer loop
      vertex   -9.816631e+01 4.473186e+01 -1.799357e+01
      vertex   -9.821074e+01 4.873186e+01 -1.820738e+01
      vertex   -9.816631e+01 4.873186e+01 -1.799357e+01
    endloop
  endfacet
  facet normal 9.422609e-01 5.948657e-15 -3.348796e-01
    outer loop
      vertex   -9.816631e+01 4.473186e+01 -1.799357e+01
      vertex   -9.816631e+01 4.873186e+01 -1.799357e+01
      vertex   -9.809318e+01 4.473186e+01 -1.778780e+01
    endloop
  endfacet
  facet normal 9.422609e-01 5.948657e-15 -3.348796e-01
    outer loop
      vertex   -9.809318e+01 4.473186e+01 -1.778780e+01
      vertex   -9.816631e+01 4.873186e+01 -1.799357e+01
      vertex   -9.809318e+01 4.873186e+01 -1.778780e+01
    endloop
  endfacet
  facet normal 8.878852e-01 8.172397e-15 -4.600650e-01
    outer loop
      vertex   -9.809318e+01 4.473186e+01 -1.778780e+01
      vertex   -9.809318e+01 4.873186e+01 -1.778780e+01
      vertex   -9.799272e+01 4.473186e+01 -1.759391e+01
    endloop
  endfacet
  facet normal 8.878852e-01 8.172397e-15 -4.600650e-01
    outer loop
      vertex   -9.799272e+01 4.473186e+01 -1.759391e+01
      vertex   -9.809318e+01 4.873186e+01 -1.778780e+01
      vertex   -9.799272e+01 4.873186e+01 -1.759391e+01
    endloop
  endfacet
  facet normal 8.169699e-01 1.024390e-14 -5.766803e-01
    outer loop
      vertex   -9.799272e+01 4.473186e+01 -1.759391e+01
      vertex   -9.799272e+01 4.873186e+01 -1.759391e+01
      vertex   -9.786678e+01 4.473186e+01 -1.741550e+01
    endloop
  endfacet
  facet normal 8.169699e-01 1.024390e-14 -5.766803e-01
    outer loop
      vertex   -9.786678e+01 4.473186e+01 -1.741550e+01
      vertex   -9.799272e+01 4.873186e+01 -1.759391e+01
      vertex   -9.786678e+01 4.873186e+01 -1.741550e+01
    endloop
  endfacet
  facet normal 7.308360e-01 1.212458e-14 -6.825531e-01
    outer loop
      vertex   -9.786678e+01 4.473186e+01 -1.741550e+01
      vertex   -9.786678e+01 4.873186e+01 -1.741550e+01
      vertex   -9.771773e+01 4.473186e+01 -1.725590e+01
    endloop
  endfacet
  facet normal 7.308360e-01 1.212458e-14 -6.825531e-01
    outer loop
      vertex   -9.771773e+01 4.473186e+01 -1.725590e+01
      vertex   -9.786678e+01 4.873186e+01 -1.741550e+01
      vertex   -9.771773e+01 4.873186e+01 -1.725590e+01
    endloop
  endfacet
  facet normal 6.310879e-01 1.377940e-14 -7.757113e-01
    outer loop
      vertex   -9.771773e+01 4.473186e+01 -1.725590e+01
      vertex   -9.771773e+01 4.873186e+01 -1.725590e+01
      vertex   -9.754833e+01 4.473186e+01 -1.711809e+01
    endloop
  endfacet
  facet normal 6.310879e-01 1.377940e-14 -7.757113e-01
    outer loop
      vertex   -9.754833e+01 4.473186e+01 -1.711809e+01
      vertex   -9.771773e+01 4.873186e+01 -1.725590e+01
      vertex   -9.754833e+01 4.873186e+01 -1.711809e+01
    endloop
  endfacet
  facet normal 5.195840e-01 1.517754e-14 -8.544194e-01
    outer loop
      vertex   -9.754833e+01 4.473186e+01 -1.711809e+01
      vertex   -9.754833e+01 4.873186e+01 -1.711809e+01
      vertex   -9.736175e+01 4.473186e+01 -1.700463e+01
    endloop
  endfacet
  facet normal 5.195840e-01 1.517754e-14 -8.544194e-01
    outer loop
      vertex   -9.736175e+01 4.473186e+01 -1.700463e+01
      vertex   -9.754833e+01 4.873186e+01 -1.711809e+01
      vertex   -9.736175e+01 4.873186e+01 -1.700463e+01
    endloop
  endfacet
  facet normal 3.984011e-01 1.629295e-14 -9.172113e-01
    outer loop
      vertex   -9.736175e+01 4.473186e+01 -1.700463e+01
      vertex   -9.736175e+01 4.873186e+01 -1.700463e+01
      vertex   -9.716145e+01 4.473186e+01 -1.691762e+01
    endloop
  endfacet
  facet normal 3.984011e-01 1.629295e-14 -9.172113e-01
    outer loop
      vertex   -9.716145e+01 4.473186e+01 -1.691762e+01
      vertex   -9.736175e+01 4.873186e+01 -1.700463e+01
      vertex   -9.716145e+01 4.873186e+01 -1.691762e+01
    endloop
  endfacet
  facet normal 2.697968e-01 1.710485e-14 -9.629173e-01
    outer loop
      vertex   -9.716145e+01 4.473186e+01 -1.691762e+01
      vertex   -9.716145e+01 4.873186e+01 -1.691762e+01
      vertex   -9.695117e+01 4.473186e+01 -1.685871e+01
    endloop
  endfacet
  facet normal 2.697968e-01 1.710485e-14 -9.629173e-01
    outer loop
      vertex   -9.695117e+01 4.473186e+01 -1.685871e+01
      vertex   -9.716145e+01 4.873186e+01 -1.691762e+01
      vertex   -9.695117e+01 4.873186e+01 -1.685871e+01
    endloop
  endfacet
  facet normal 1.361666e-01 1.759812e-14 -9.906859e-01
    outer loop
      vertex   -9.695117e+01 4.473186e+01 -1.685871e+01
      vertex   -9.695117e+01 4.873186e+01 -1.685871e+01
      vertex   -9.673483e+01 4.473186e+01 -1.682897e+01
    endloop
  endfacet
  facet normal 1.361666e-01 1.759812e-14 -9.906859e-01
    outer loop
      vertex   -9.673483e+01 4.473186e+01 -1.682897e+01
      vertex   -9.695117e+01 4.873186e+01 -1.685871e+01
      vertex   -9.673483e+01 4.873186e+01 -1.682897e+01
    endloop
  endfacet
  facet normal -1.626881e-14 1.776357e-14 -1.000000e+00
    outer loop
      vertex   -9.673483e+01 4.473186e+01 -1.682897e+01
      vertex   -9.673483e+01 4.873186e+01 -1.682897e+01
      vertex   -9.651646e+01 4.473186e+01 -1.682897e+01
    endloop
  endfacet
  facet normal -1.626881e-14 1.776357e-14 -1.000000e+00
    outer loop
      vertex   -9.651646e+01 4.473186e+01 -1.682897e+01
      vertex   -9.673483e+01 4.873186e+01 -1.682897e+01
      vertex   -9.651646e+01 4.873186e+01 -1.682897e+01
    endloop
  endfacet
  facet normal -1.361666e-01 1.759812e-14 -9.906859e-01
    outer loop
      vertex   -9.651646e+01 4.473186e+01 -1.682897e+01
      vertex   -9.651646e+01 4.873186e+01 -1.682897e+01
      vertex   -9.630011e+01 4.473186e+01 -1.685871e+01
    endloop
  endfacet
  facet normal -1.361666e-01 1.759812e-14 -9.906859e-01
    outer loop
      vertex   -9.630011e+01 4.473186e+01 -1.685871e+01
      vertex   -9.651646e+01 4.873186e+01 -1.682897e+01
      vertex   -9.630011e+01 4.873186e+01 -1.685871e+01
    endloop
  endfacet
  facet normal -2.697968e-01 1.710485e-14 -9.629173e-01
    outer loop
      vertex   -9.630011e+01 4.473186e+01 -1.685871e+01
      vertex   -9.630011e+01 4.873186e+01 -1.685871e+01
      vertex   -9.608984e+01 4.473186e+01 -1.691762e+01
    endloop
  endfacet
  facet normal -2.697968e-01 1.710485e-14 -9.629173e-01
    outer loop
      vertex   -9.608984e+01 4.473186e+01 -1.691762e+01
      vertex   -9.630011e+01 4.873186e+01 -1.685871e+01
      vertex   -9.608984e+01 4.873186e+01 -1.691762e+01
    endloop
  endfacet
  facet normal -3.984011e-01 1.629295e-14 -9.172113e-01
    outer loop
      vertex   -9.608984e+01 4.473186e+01 -1.691762e+01
      vertex   -9.608984e+01 4.873186e+01 -1.691762e+01
      vertex   -9.588954e+01 4.473186e+01 -1.700463e+01
    endloop
  endfacet
  facet normal -3.984011e-01 1.629295e-14 -9.172113e-01
    outer loop
      vertex   -9.588954e+01 4.473186e+01 -1.700463e+01
      vertex   -9.608984e+01 4.873186e+01 -1.691762e+01
      vertex   -9.588954e+01 4.873186e+01 -1.700463e+01
    endloop
  endfacet
  facet normal -5.195840e-01 1.517754e-14 -8.544194e-01
    outer loop
      vertex   -9.588954e+01 4.473186e+01 -1.700463e+01
      vertex   -9.588954e+01 4.873186e+01 -1.700463e+01
      vertex   -9.570296e+01 4.473186e+01 -1.711809e+01
    endloop
  endfacet
  facet normal -5.195840e-01 1.517754e-14 -8.544194e-01
    outer loop
      vertex   -9.570296e+01 4.473186e+01 -1.711809e+01
      vertex   -9.588954e+01 4.873186e+01 -1.700463e+01
      vertex   -9.570296e+01 4.873186e+01 -1.711809e+01
    endloop
  endfacet
  facet normal -6.310879e-01 1.377940e-14 -7.757113e-01
    outer loop
      vertex   -9.570296e+01 4.473186e+01 -1.711809e+01
      vertex   -9.570296e+01 4.873186e+01 -1.711809e+01
      vertex   -9.553356e+01 4.473186e+01 -1.725590e+01
    endloop
  endfacet
  facet normal -6.310879e-01 1.377940e-14 -7.757113e-01
    outer loop
      vertex   -9.553356e+01 4.473186e+01 -1.725590e+01
      vertex   -9.570296e+01 4.873186e+01 -1.711809e+01
      vertex   -9.553356e+01 4.873186e+01 -1.725590e+01
    endloop
  endfacet
  facet normal -7.308360e-01 1.212458e-14 -6.825531e-01
    outer loop
      vertex   -9.553356e+01 4.473186e+01 -1.725590e+01
      vertex   -9.553356e+01 4.873186e+01 -1.725590e+01
      vertex   -9.538451e+01 4.473186e+01 -1.741550e+01
    endloop
  endfacet
  facet normal -7.308360e-01 1.212458e-14 -6.825531e-01
    outer loop
      vertex   -9.538451e+01 4.473186e+01 -1.741550e+01
      vertex   -9.553356e+01 4.873186e+01 -1.725590e+01
      vertex   -9.538451e+01 4.873186e+01 -1.741550e+01
    endloop
  endfacet
  facet normal -8.169699e-01 1.024390e-14 -5.766803e-01
    outer loop
      vertex   -9.538451e+01 4.473186e+01 -1.741550e+01
      vertex   -9.538451e+01 4.873186e+01 -1.741550e+01
      vertex   -9.525857e+01 4.473186e+01 -1.759391e+01
    endloop
  endfacet
  facet normal -8.169699e-01 1.024390e-14 -5.766803e-01
    outer loop
      vertex   -9.525857e+01 4.473186e+01 -1.759391e+01
      vertex   -9.538451e+01 4.873186e+01 -1.741550e+01
      vertex   -9.525857e+01 4.873186e+01 -1.759391e+01
    endloop
  endfacet
  facet normal -8.878852e-01 8.172397e-15 -4.600650e-01
    outer loop
      vertex   -9.525857e+01 4.473186e+01 -1.759391e+01
      vertex   -9.525857e+01 4.873186e+01 -1.759391e+01
      vertex   -9.515811e+01 4.473186e+01 -1.778780e+01
    endloop
  endfacet
  facet normal -8.878852e-01 8.172397e-15 -4.600650e-01
    outer loop
      vertex   -9.515811e+01 4.473186e+01 -1.778780e+01
      vertex   -9.525857e+01 4.873186e+01 -1.759391e+01
      vertex   -9.515811e+01 4.873186e+01 -1.778780e+01
    endloop
  endfacet
  facet normal -9.422609e-01 5.948657e-15 -3.348796e-01
    outer loop
      vertex   -9.515811e+01 4.473186e+01 -1.778780e+01
      vertex   -9.515811e+01 4.873186e+01 -1.778780e+01
      vertex   -9.508498e+01 4.473186e+01 -1.799357e+01
    endloop
  endfacet
  facet normal -9.422609e-01 5.948657e-15 -3.348796e-01
    outer loop
      vertex   -9.508498e+01 4.473186e+01 -1.799357e+01
      vertex   -9.515811e+01 4.873186e+01 -1.778780e+01
      vertex   -9.508498e+01 4.873186e+01 -1.799357e+01
    endloop
  endfacet
  facet normal -9.790841e-01 3.614105e-15 -2.034560e-01
    outer loop
      vertex   -9.508498e+01 4.473186e+01 -1.799357e+01
      vertex   -9.508498e+01 4.873186e+01 -1.799357e+01
      vertex   -9.504055e+01 4.473186e+01 -1.820738e+01
    endloop
  endfacet
  facet normal -9.790841e-01 3.614105e-15 -2.034560e-01
    outer loop
      vertex   -9.504055e+01 4.473186e+01 -1.820738e+01
      vertex   -9.508498e+01 4.873186e+01 -1.799357e+01
      vertex   -9.504055e+01 4.873186e+01 -1.820738e+01
    endloop
  endfacet
  facet normal -9.976688e-01 1.212229e-15 -6.824241e-02
    outer loop
      vertex   -9.504055e+01 4.473186e+01 -1.820738e+01
      vertex   -9.504055e+01 4.873186e+01 -1.820738e+01
      vertex   -9.502564e+01 4.473186e+01 -1.842524e+01
    endloop
  endfacet
  facet normal -9.976688e-01 1.212229e-15 -6.824241e-02
    outer loop
      vertex   -9.502564e+01 4.473186e+01 -1.842524e+01
      vertex   -9.504055e+01 4.873186e+01 -1.820738e+01
      vertex   -9.502564e+01 4.873186e+01 -1.842524e+01
    endloop
  endfacet
  facet normal 1.000000e+00 3.786532e-28 -2.131628e-14
    outer loop
      vertex   -9.822564e+01 4.473186e+01 -1.842524e+01
      vertex   -9.822564e+01 4.473186e+01 -2.042524e+01
      vertex   -9.822564e+01 4.873186e+01 -1.842524e+01
    endloop
  endfacet
  facet normal 1.000000e+00 3.786532e-28 -2.131628e-14
    outer loop
      vertex   -9.822564e+01 4.873186e+01 -1.842524e+01
      vertex   -9.822564e+01 4.473186e+01 -2.042524e+01
      vertex   -9.822564e+01 4.873186e+01 -2.042524e+01
    endloop
  endfacet
  facet normal 9.976688e-01 -1.212229e-15 6.824241e-02
    outer loop
      vertex   -9.822564e+01 4.873186e+01 -2.042524e+01
      vertex   -9.822564e+01 4.473186e+01 -2.042524e+01
      vertex   -9.821074e+01 4.873186e+01 -2.064311e+01
    endloop
  endfacet
  facet normal 9.976688e-01 -1.212229e-15 6.824241e-02
    outer loop
      vertex   -9.821074e+01 4.873186e+01 -2.064311e+01
      vertex   -9.822564e+01 4.473186e+01 -2.042524e+01
      vertex   -9.821074e+01 4.473186e+01 -2.064311e+01
    endloop
  endfacet
  facet normal 9.790841e-01 -3.614105e-15 2.034560e-01
    outer loop
      vertex   -9.821074e+01 4.873186e+01 -2.064311e+01
      vertex   -9.821074e+01 4.473186e+01 -2.064311e+01
      vertex   -9.816631e+01 4.873186e+01 -2.085692e+01
    endloop
  endfacet
  facet normal 9.790841e-01 -3.614105e-15 2.034560e-01
    outer loop
      vertex   -9.816631e+01 4.873186e+01 -2.085692e+01
      vertex   -9.821074e+01 4.473186e+01 -2.064311e+01
      vertex   -9.816631e+01 4.473186e+01 -2.085692e+01
    endloop
  endfacet
  facet normal 9.422609e-01 -5.948657e-15 3.348796e-01
    outer loop
      vertex   -9.816631e+01 4.873186e+01 -2.085692e+01
      vertex   -9.816631e+01 4.473186e+01 -2.085692e+01
      vertex   -9.809318e+01 4.873186e+01 -2.106268e+01
    endloop
  endfacet
  facet normal 9.422609e-01 -5.948657e-15 3.348796e-01
    outer loop
      vertex   -9.809318e+01 4.873186e+01 -2.106268e+01
      vertex   -9.816631e+01 4.473186e+01 -2.085692e+01
      vertex   -9.809318e+01 4.473186e+01 -2.106268e+01
    endloop
  endfacet
  facet normal 8.878852e-01 -8.172397e-15 4.600650e-01
    outer loop
      vertex   -9.809318e+01 4.873186e+01 -2.106268e+01
      vertex   -9.809318e+01 4.473186e+01 -2.106268e+01
      vertex   -9.799272e+01 4.873186e+01 -2.125658e+01
    endloop
  endfacet
  facet normal 8.878852e-01 -8.172397e-15 4.600650e-01
    outer loop
      vertex   -9.799272e+01 4.873186e+01 -2.125658e+01
      vertex   -9.809318e+01 4.473186e+01 -2.106268e+01
      vertex   -9.799272e+01 4.473186e+01 -2.125658e+01
    endloop
  endfacet
  facet normal 8.169699e-01 -1.024390e-14 5.766803e-01
    outer loop
      vertex   -9.799272e+01 4.873186e+01 -2.125658e+01
      vertex   -9.799272e+01 4.473186e+01 -2.125658e+01
      vertex   -9.786678e+01 4.873186e+01 -2.143498e+01
    endloop
  endfacet
  facet normal 8.169699e-01 -1.024390e-14 5.766803e-01
    outer loop
      vertex   -9.786678e+01 4.873186e+01 -2.143498e+01
      vertex   -9.799272e+01 4.473186e+01 -2.125658e+01
      vertex   -9.786678e+01 4.473186e+01 -2.143498e+01
    endloop
  endfacet
  facet normal 7.308360e-01 -1.212458e-14 6.825531e-01
    outer loop
      vertex   -9.786678e+01 4.873186e+01 -2.143498e+01
      vertex   -9.786678e+01 4.473186e+01 -2.143498e+01
      vertex   -9.771773e+01 4.873186e+01 -2.159458e+01
    endloop
  endfacet
  facet normal 7.308360e-01 -1.212458e-14 6.825531e-01
    outer loop
      vertex   -9.771773e+01 4.873186e+01 -2.159458e+01
      vertex   -9.786678e+01 4.473186e+01 -2.143498e+01
      vertex   -9.771773e+01 4.473186e+01 -2.159458e+01
    endloop
  endfacet
  facet normal 6.310879e-01 -1.377940e-14 7.757113e-01
    outer loop
      vertex   -9.771773e+01 4.873186e+01 -2.159458e+01
      vertex   -9.771773e+01 4.473186e+01 -2.159458e+01
      vertex   -9.754833e+01 4.873186e+01 -2.173239e+01
    endloop
  endfacet
  facet normal 6.310879e-01 -1.377940e-14 7.757113e-01
    outer loop
      vertex   -9.754833e+01 4.873186e+01 -2.173239e+01
      vertex   -9.771773e+01 4.473186e+01 -2.159458e+01
      vertex   -9.754833e+01 4.473186e+01 -2.173239e+01
    endloop
  endfacet
  facet normal 5.195840e-01 -1.517754e-14 8.544194e-01
    outer loop
      vertex   -9.754833e+01 4.873186e+01 -2.173239e+01
      vertex   -9.754833e+01 4.473186e+01 -2.173239e+01
      vertex   -9.736175e+01 4.873186e+01 -2.184586e+01
    endloop
  endfacet
  facet normal 5.195840e-01 -1.517754e-14 8.544194e-01
    outer loop
      vertex   -9.736175e+01 4.873186e+01 -2.184586e+01
      vertex   -9.754833e+01 4.473186e+01 -2.173239e+01
      vertex   -9.736175e+01 4.473186e+01 -2.184586e+01
    endloop
  endfacet
  facet normal 3.984011e-01 -1.629295e-14 9.172113e-01
    outer loop
      vertex   -9.736175e+01 4.873186e+01 -2.184586e+01
      vertex   -9.736175e+01 4.473186e+01 -2.184586e+01
      vertex   -9.716145e+01 4.873186e+01 -2.193286e+01
    endloop
  endfacet
  facet normal 3.984011e-01 -1.629295e-14 9.172113e-01
    outer loop
      vertex   -9.716145e+01 4.873186e+01 -2.193286e+01
      vertex   -9.736175e+01 4.473186e+01 -2.184586e+01
      vertex   -9.716145e+01 4.473186e+01 -2.193286e+01
    endloop
  endfacet
  facet normal 2.697968e-01 -1.710485e-14 9.629173e-01
    outer loop
      vertex   -9.716145e+01 4.873186e+01 -2.193286e+01
      vertex   -9.716145e+01 4.473186e+01 -2.193286e+01
      vertex   -9.695117e+01 4.873186e+01 -2.199178e+01
    endloop
  endfacet
  facet normal 2.697968e-01 -1.710485e-14 9.629173e-01
    outer loop
      vertex   -9.695117e+01 4.873186e+01 -2.199178e+01
      vertex   -9.716145e+01 4.473186e+01 -2.193286e+01
      vertex   -9.695117e+01 4.473186e+01 -2.199178e+01
    endloop
  endfacet
  facet normal 1.361666e-01 -1.759812e-14 9.906859e-01
    outer loop
      vertex   -9.695117e+01 4.873186e+01 -2.199178e+01
      vertex   -9.695117e+01 4.473186e+01 -2.199178e+01
      vertex   -9.673483e+01 4.873186e+01 -2.202151e+01
    endloop
  endfacet
  facet normal 1.361666e-01 -1.759812e-14 9.906859e-01
    outer loop
      vertex   -9.673483e+01 4.873186e+01 -2.202151e+01
      vertex   -9.695117e+01 4.473186e+01 -2.199178e+01
      vertex   -9.673483e+01 4.473186e+01 -2.202151e+01
    endloop
  endfacet
  facet normal 0.000000e+00 -1.776357e-14 1.000000e+00
    outer loop
      vertex   -9.673483e+01 4.873186e+01 -2.202151e+01
      vertex   -9.673483e+01 4.473186e+01 -2.202151e+01
      vertex   -9.651646e+01 4.873186e+01 -2.202151e+01
    endloop
  endfacet
  facet normal 0.000000e+00 -1.776357e-14 1.000000e+00
    outer loop
      vertex   -9.651646e+01 4.873186e+01 -2.202151e+01
      vertex   -9.673483e+01 4.473186e+01 -2.202151e+01
      vertex   -9.651646e+01 4.473186e+01 -2.202151e+01
    endloop
  endfacet
  facet normal -1.361666e-01 -1.759812e-14 9.906859e-01
    outer loop
      vertex   -9.651646e+01 4.873186e+01 -2.202151e+01
      vertex   -9.651646e+01 4.473186e+01 -2.202151e+01
      vertex   -9.630011e+01 4.873186e+01 -2.199178e+01
    endloop
  endfacet
  facet normal -1.361666e-01 -1.759812e-14 9.906859e-01
    outer loop
      vertex   -9.630011e+01 4.873186e+01 -2.199178e+01
      vertex   -9.651646e+01 4.473186e+01 -2.202151e+01
      vertex   -9.630011e+01 4.473186e+01 -2.199178e+01
    endloop
  endfacet
  facet normal -2.697968e-01 -1.710485e-14 9.629173e-01
    outer loop
      vertex   -9.630011e+01 4.873186e+01 -2.199178e+01
      vertex   -9.630011e+01 4.473186e+01 -2.199178e+01
      vertex   -9.608984e+01 4.873186e+01 -2.193286e+01
    endloop
  endfacet
  facet normal -2.697968e-01 -1.710485e-14 9.629173e-01
    outer loop
      vertex   -9.608984e+01 4.873186e+01 -2.193286e+01
      vertex   -9.630011e+01 4.473186e+01 -2.199178e+01
      vertex   -9.608984e+01 4.473186e+01 -2.193286e+01
    endloop
  endfacet
  facet normal -3.984011e-01 -1.629295e-14 9.172113e-01
    outer loop
      vertex   -9.608984e+01 4.873186e+01 -2.193286e+01
      vertex   -9.608984e+01 4.473186e+01 -2.193286e+01
      vertex   -9.588954e+01 4.873186e+01 -2.184586e+01
    endloop
  endfacet
  facet normal -3.984011e-01 -1.629295e-14 9.172113e-01
    outer loop
      vertex   -9.588954e+01 4.873186e+01 -2.184586e+01
      vertex   -9.608984e+01 4.473186e+01 -2.193286e+01
      vertex   -9.588954e+01 4.473186e+01 -2.184586e+01
    endloop
  endfacet
  facet normal -5.195840e-01 -1.517754e-14 8.544194e-01
    outer loop
      vertex   -9.588954e+01 4.873186e+01 -2.184586e+01
      vertex   -9.588954e+01 4.473186e+01 -2.184586e+01
      vertex   -9.570296e+01 4.873186e+01 -2.173239e+01
    endloop
  endfacet
  facet normal -5.195840e-01 -1.517754e-14 8.544194e-01
    outer loop
      vertex   -9.570296e+01 4.873186e+01 -2.173239e+01
      vertex   -9.588954e+01 4.473186e+01 -2.184586e+01
      vertex   -9.570296e+01 4.473186e+01 -2.173239e+01
    endloop
  endfacet
  facet normal -6.310879e-01 -1.377940e-14 7.757113e-01
    outer loop
      vertex   -9.570296e+01 4.873186e+01 -2.173239e+01
      vertex   -9.570296e+01 4.473186e+01 -2.173239e+01
      vertex   -9.553356e+01 4.873186e+01 -2.159458e+01
    endloop
  endfacet
  facet normal -6.310879e-01 -1.377940e-14 7.757113e-01
    outer loop
      vertex   -9.553356e+01 4.873186e+01 -2.159458e+01
      vertex   -9.570296e+01 4.473186e+01 -2.173239e+01
      vertex   -9.553356e+01 4.473186e+01 -2.159458e+01
    endloop
  endfacet
  facet normal -7.308360e-01 -1.212458e-14 6.825531e-01
    outer loop
      vertex   -9.553356e+01 4.873186e+01 -2.159458e+01
      vertex   -9.553356e+01 4.473186e+01 -2.159458e+01
      vertex   -9.538451e+01 4.873186e+01 -2.143498e+01
    endloop
  endfacet
  facet normal -7.308360e-01 -1.212458e-14 6.825531e-01
    outer loop
      vertex   -9.538451e+01 4.873186e+01 -2.143498e+01
      vertex   -9.553356e+01 4.473186e+01 -2.159458e+01
      vertex   -9.538451e+01 4.473186e+01 -2.143498e+01
    endloop
  endfacet
  facet normal -8.169699e-01 -1.024390e-14 5.766803e-01
    outer loop
      vertex   -9.538451e+01 4.873186e+01 -2.143498e+01
      vertex   -9.538451e+01 4.473186e+01 -2.143498e+01
      vertex   -9.525857e+01 4.873186e+01 -2.125658e+01
    endloop
  endfacet
  facet normal -8.169699e-01 -1.024390e-14 5.766803e-01
    outer loop
      vertex   -9.525857e+01 4.873186e+01 -2.125658e+01
      vertex   -9.538451e+01 4.473186e+01 -2.143498e+01
      vertex   -9.525857e+01 4.473186e+01 -2.125658e+01
    endloop
  endfacet
  facet normal -8.878852e-01 -8.172397e-15 4.600650e-01
    outer loop
      vertex   -9.525857e+01 4.873186e+01 -2.125658e+01
      vertex   -9.525857e+01 4.473186e+01 -2.125658e+01
      vertex   -9.515811e+01 4.873186e+01 -2.106268e+01
    endloop
  endfacet
  facet normal -8.878852e-01 -8.172397e-15 4.600650e-01
    outer loop
      vertex   -9.515811e+01 4.873186e+01 -2.106268e+01
      vertex   -9.525857e+01 4.473186e+01 -2.125658e+01
      vertex   -9.515811e+01 4.473186e+01 -2.106268e+01
    endloop
  endfacet
  facet normal -9.422609e-01 -5.948657e-15 3.348796e-01
    outer loop
      vertex   -9.515811e+01 4.873186e+01 -2.106268e+01
      vertex   -9.515811e+01 4.473186e+01 -2.106268e+01
      vertex   -9.508498e+01 4.873186e+01 -2.085692e+01
    endloop
  endfacet
  facet normal -9.422609e-01 -5.948657e-15 3.348796e-01
    outer loop
      vertex   -9.508498e+01 4.873186e+01 -2.085692e+01
      vertex   -9.515811e+01 4.473186e+01 -2.106268e+01
      vertex   -9.508498e+01 4.473186e+01 -2.085692e+01
    endloop
  endfacet
  facet normal -9.790841e-01 -3.614105e-15 2.034560e-01
    outer loop
      vertex   -9.508498e+01 4.873186e+01 -2.085692e+01
      vertex   -9.508498e+01 4.473186e+01 -2.085692e+01
      vertex   -9.504055e+01 4.873186e+01 -2.064311e+01
    endloop
  endfacet
  facet normal -9.790841e-01 -3.614105e-15 2.034560e-01
    outer loop
      vertex   -9.504055e+01 4.873186e+01 -2.064311e+01
      vertex   -9.508498e+01 4.473186e+01 -2.085692e+01
      vertex   -9.504055e+01 4.473186e+01 -2.064311e+01
    endloop
  endfacet
  facet normal -9.976688e-01 -1.212229e-15 6.824241e-02
    outer loop
      vertex   -9.504055e+01 4.873186e+01 -2.064311e+01
      vertex   -9.504055e+01 4.473186e+01 -2.064311e+01
      vertex   -9.502564e+01 4.873186e+01 -2.042524e+01
    endloop
  endfacet
  facet normal -9.976688e-01 -1.212229e-15 6.824241e-02
    outer loop
      vertex   -9.502564e+01 4.873186e+01 -2.042524e+01
      vertex   -9.504055e+01 4.473186e+01 -2.064311e+01
      vertex   -9.502564e+01 4.473186e+01 -2.042524e+01
    endloop
  endfacet
  facet normal -1.000000e+00 -3.786532e-28 2.131628e-14
    outer loop
      vertex   -9.502564e+01 4.473186e+01 -2.042524e+01
      vertex   -9.502564e+01 4.473186e+01 -1.842524e+01
      vertex   -9.502564e+01 4.873186e+01 -2.042524e+01
    endloop
  endfacet
  facet normal -1.000000e+00 -3.786532e-28 2.131628e-14
    outer loop
      vertex   -9.502564e+01 4.873186e+01 -2.042524e+01
      vertex   -9.502564e+01 4.473186e+01 -1.842524e+01
      vertex   -9.502564e+01 4.873186e+01 -1.842524e+01
    endloop
  endfacet
  facet normal 4.442609e-02 -1.774603e-14 9.990127e-01
    outer loop
      vertex   -7.208646e+01 4.873186e+01 -1.542524e+01
      vertex   -7.208646e+01 4.473186e+01 -1.542524e+01
      vertex   -7.175359e+01 4.873186e+01 -1.544004e+01
    endloop
  endfacet
  facet normal 4.442609e-02 -1.774603e-14 9.990127e-01
    outer loop
      vertex   -7.175359e+01 4.873186e+01 -1.544004e+01
      vertex   -7.208646e+01 4.473186e+01 -1.542524e+01
      vertex   -7.175359e+01 4.473186e+01 -1.544004e+01
    endloop
  endfacet
  facet normal 1.329276e-01 -1.760593e-14 9.911258e-01
    outer loop
      vertex   -7.175359e+01 4.873186e+01 -1.544004e+01
      vertex   -7.175359e+01 4.473186e+01 -1.544004e+01
      vertex   -7.142335e+01 4.873186e+01 -1.548434e+01
    endloop
  endfacet
  facet normal 1.329276e-01 -1.760593e-14 9.911258e-01
    outer loop
      vertex   -7.142335e+01 4.873186e+01 -1.548434e+01
      vertex   -7.175359e+01 4.473186e+01 -1.544004e+01
      vertex   -7.142335e+01 4.473186e+01 -1.548434e+01
    endloop
  endfacet
  facet normal 2.203796e-01 -1.732684e-14 9.754142e-01
    outer loop
      vertex   -7.142335e+01 4.873186e+01 -1.548434e+01
      vertex   -7.142335e+01 4.473186e+01 -1.548434e+01
      vertex   -7.109835e+01 4.873186e+01 -1.555776e+01
    endloop
  endfacet
  facet normal 2.203796e-01 -1.732684e-14 9.754142e-01
    outer loop
      vertex   -7.109835e+01 4.873186e+01 -1.555776e+01
      vertex   -7.142335e+01 4.473186e+01 -1.548434e+01
      vertex   -7.109835e+01 4.473186e+01 -1.555776e+01
    endloop
  endfacet
  facet normal 3.060918e-01 -1.691095e-14 9.520020e-01
    outer loop
      vertex   -7.109835e+01 4.873186e+01 -1.555776e+01
      vertex   -7.109835e+01 4.473186e+01 -1.555776e+01
      vertex   -7.078115e+01 4.873186e+01 -1.565975e+01
    endloop
  endfacet
  facet normal 3.060918e-01 -1.691095e-14 9.520020e-01
    outer loop
      vertex   -7.078115e+01 4.873186e+01 -1.565975e+01
      vertex   -7.109835e+01 4.473186e+01 -1.555776e+01
      vertex   -7.078115e+01 4.473186e+01 -1.565975e+01
    endloop
  endfacet
  facet normal 3.893875e-01 -1.636156e-14 9.210740e-01
    outer loop
      vertex   -7.078115e+01 4.873186e+01 -1.565975e+01
      vertex   -7.078115e+01 4.473186e+01 -1.565975e+01
      vertex   -7.047425e+01 4.873186e+01 -1.578950e+01
    endloop
  endfacet
  facet normal 3.893875e-01 -1.636156e-14 9.210740e-01
    outer loop
      vertex   -7.047425e+01 4.873186e+01 -1.578950e+01
      vertex   -7.078115e+01 4.473186e+01 -1.565975e+01
      vertex   -7.047425e+01 4.473186e+01 -1.578950e+01
    endloop
  endfacet
  facet normal 4.696091e-01 -1.568300e-14 8.828745e-01
    outer loop
      vertex   -7.047425e+01 4.873186e+01 -1.578950e+01
      vertex   -7.047425e+01 4.473186e+01 -1.578950e+01
      vertex   -7.018008e+01 4.873186e+01 -1.594597e+01
    endloop
  endfacet
  facet normal 4.696091e-01 -1.568300e-14 8.828745e-01
    outer loop
      vertex   -7.018008e+01 4.873186e+01 -1.594597e+01
      vertex   -7.047425e+01 4.473186e+01 -1.578950e+01
      vertex   -7.018008e+01 4.473186e+01 -1.594597e+01
    endloop
  endfacet
  facet normal 5.461232e-01 -1.488063e-14 8.377049e-01
    outer loop
      vertex   -7.018008e+01 4.873186e+01 -1.594597e+01
      vertex   -7.018008e+01 4.473186e+01 -1.594597e+01
      vertex   -6.990096e+01 4.873186e+01 -1.612793e+01
    endloop
  endfacet
  facet normal 5.461232e-01 -1.488063e-14 8.377049e-01
    outer loop
      vertex   -6.990096e+01 4.873186e+01 -1.612793e+01
      vertex   -7.018008e+01 4.473186e+01 -1.594597e+01
      vertex   -6.990096e+01 4.473186e+01 -1.612793e+01
    endloop
  endfacet
  facet normal 6.183259e-01 -1.396078e-14 7.859218e-01
    outer loop
      vertex   -6.990096e+01 4.873186e+01 -1.612793e+01
      vertex   -6.990096e+01 4.473186e+01 -1.612793e+01
      vertex   -6.963909e+01 4.873186e+01 -1.633396e+01
    endloop
  endfacet
  facet normal 6.183259e-01 -1.396078e-14 7.859218e-01
    outer loop
      vertex   -6.963909e+01 4.873186e+01 -1.633396e+01
      vertex   -6.990096e+01 4.473186e+01 -1.612793e+01
      vertex   -6.963909e+01 4.473186e+01 -1.633396e+01
    endloop
  endfacet
  facet normal 6.856471e-01 -1.293071e-14 7.279341e-01
    outer loop
      vertex   -6.963909e+01 4.873186e+01 -1.633396e+01
      vertex   -6.963909e+01 4.473186e+01 -1.633396e+01
      vertex   -6.939655e+01 4.873186e+01 -1.656241e+01
    endloop
  endfacet
  facet normal 6.856471e-01 -1.293071e-14 7.279341e-01
    outer loop
      vertex   -6.939655e+01 4.873186e+01 -1.656241e+01
      vertex   -6.963909e+01 4.473186e+01 -1.633396e+01
      vertex   -6.939655e+01 4.473186e+01 -1.656241e+01
    endloop
  endfacet
  facet normal 7.475553e-01 -1.179856e-14 6.641996e-01
    outer loop
      vertex   -6.939655e+01 4.873186e+01 -1.656241e+01
      vertex   -6.939655e+01 4.473186e+01 -1.656241e+01
      vertex   -6.917524e+01 4.873186e+01 -1.681149e+01
    endloop
  endfacet
  facet normal 7.475553e-01 -1.179856e-14 6.641996e-01
    outer loop
      vertex   -6.917524e+01 4.873186e+01 -1.681149e+01
      vertex   -6.939655e+01 4.473186e+01 -1.656241e+01
      vertex   -6.917524e+01 4.473186e+01 -1.681149e+01
    endloop
  endfacet
  facet normal 8.035617e-01 -1.057326e-14 5.952214e-01
    outer loop
      vertex   -6.917524e+01 4.873186e+01 -1.681149e+01
      vertex   -6.917524e+01 4.473186e+01 -1.681149e+01
      vertex   -6.897691e+01 4.873186e+01 -1.707924e+01
    endloop
  endfacet
  facet normal 8.035617e-01 -1.057326e-14 5.952214e-01
    outer loop
      vertex   -6.897691e+01 4.873186e+01 -1.707924e+01
      vertex   -6.917524e+01 4.473186e+01 -1.681149e+01
      vertex   -6.897691e+01 4.473186e+01 -1.707924e+01
    endloop
  endfacet
  facet normal 8.532243e-01 -9.264485e-15 5.215442e-01
    outer loop
      vertex   -6.897691e+01 4.873186e+01 -1.707924e+01
      vertex   -6.897691e+01 4.473186e+01 -1.707924e+01
      vertex   -6.880314e+01 4.873186e+01 -1.736353e+01
    endloop
  endfacet
  facet normal 8.532243e-01 -9.264485e-15 5.215442e-01
    outer loop
      vertex   -6.880314e+01 4.873186e+01 -1.736353e+01
      vertex   -6.897691e+01 4.473186e+01 -1.707924e+01
      vertex   -6.880314e+01 4.473186e+01 -1.736353e+01
    endloop
  endfacet
  facet normal 8.961509e-01 -7.882574e-15 4.437495e-01
    outer loop
      vertex   -6.880314e+01 4.873186e+01 -1.736353e+01
      vertex   -6.880314e+01 4.473186e+01 -1.736353e+01
      vertex   -6.865528e+01 4.873186e+01 -1.766212e+01
    endloop
  endfacet
  facet normal 8.961509e-01 -7.882574e-15 4.437495e-01
    outer loop
      vertex   -6.865528e+01 4.873186e+01 -1.766212e+01
      vertex   -6.880314e+01 4.473186e+01 -1.736353e+01
      vertex   -6.865528e+01 4.473186e+01 -1.766212e+01
    endloop
  endfacet
  facet normal 9.320026e-01 -6.438431e-15 3.624515e-01
    outer loop
      vertex   -6.865528e+01 4.873186e+01 -1.766212e+01
      vertex   -6.865528e+01 4.473186e+01 -1.766212e+01
      vertex   -6.853452e+01 4.873186e+01 -1.797266e+01
    endloop
  endfacet
  facet normal 9.320026e-01 -6.438431e-15 3.624515e-01
    outer loop
      vertex   -6.853452e+01 4.873186e+01 -1.797266e+01
      vertex   -6.865528e+01 4.473186e+01 -1.766212e+01
      vertex   -6.853452e+01 4.473186e+01 -1.797266e+01
    endloop
  endfacet
  facet normal -9.254127e-01 -6.731697e-15 3.789609e-01
    outer loop
      vertex   -6.474578e+01 4.473186e+01 -1.797266e+01
      vertex   -6.474578e+01 4.873186e+01 -1.797266e+01
      vertex   -6.484003e+01 4.473186e+01 -1.820282e+01
    endloop
  endfacet
  facet normal -9.254127e-01 -7.068282e-15 3.789609e-01
    outer loop
      vertex   -6.484003e+01 4.473186e+01 -1.820282e+01
      vertex   -6.474578e+01 4.873186e+01 -1.797266e+01
      vertex   -6.484003e+01 4.873186e+01 -1.820282e+01
    endloop
  endfacet
  facet normal -8.712234e-01 -9.155894e-15 4.908867e-01
    outer loop
      vertex   -6.484003e+01 4.473186e+01 -1.820282e+01
      vertex   -6.484003e+01 4.873186e+01 -1.820282e+01
      vertex   -6.496211e+01 4.473186e+01 -1.841950e+01
    endloop
  endfacet
  facet normal -8.712234e-01 -8.719899e-15 4.908867e-01
    outer loop
      vertex   -6.496211e+01 4.473186e+01 -1.841950e+01
      vertex   -6.484003e+01 4.873186e+01 -1.820282e+01
      vertex   -6.496211e+01 4.873186e+01 -1.841950e+01
    endloop
  endfacet
  facet normal -8.035617e-01 -1.057326e-14 5.952214e-01
    outer loop
      vertex   -6.496211e+01 4.473186e+01 -1.841950e+01
      vertex   -6.496211e+01 4.873186e+01 -1.841950e+01
      vertex   -6.511015e+01 4.473186e+01 -1.861935e+01
    endloop
  endfacet
  facet normal -8.035617e-01 -1.057326e-14 5.952214e-01
    outer loop
      vertex   -6.511015e+01 4.473186e+01 -1.861935e+01
      vertex   -6.496211e+01 4.873186e+01 -1.841950e+01
      vertex   -6.511015e+01 4.873186e+01 -1.861935e+01
    endloop
  endfacet
  facet normal -7.234738e-01 -1.226311e-14 6.903518e-01
    outer loop
      vertex   -6.511015e+01 4.473186e+01 -1.861935e+01
      vertex   -6.511015e+01 4.873186e+01 -1.861935e+01
      vertex   -6.528185e+01 4.473186e+01 -1.879928e+01
    endloop
  endfacet
  facet normal -7.234738e-01 -1.226311e-14 6.903518e-01
    outer loop
      vertex   -6.528185e+01 4.473186e+01 -1.879928e+01
      vertex   -6.511015e+01 4.873186e+01 -1.861935e+01
      vertex   -6.528185e+01 4.873186e+01 -1.879928e+01
    endloop
  endfacet
  facet normal -6.321982e-01 -1.376333e-14 7.748067e-01
    outer loop
      vertex   -6.528185e+01 4.473186e+01 -1.879928e+01
      vertex   -6.528185e+01 4.873186e+01 -1.879928e+01
      vertex   -6.547455e+01 4.473186e+01 -1.895651e+01
    endloop
  endfacet
  facet normal -6.321982e-01 -1.376333e-14 7.748067e-01
    outer loop
      vertex   -6.547455e+01 4.473186e+01 -1.895651e+01
      vertex   -6.528185e+01 4.873186e+01 -1.879928e+01
      vertex   -6.547455e+01 4.873186e+01 -1.895651e+01
    endloop
  endfacet
  facet normal -5.311464e-01 -1.505072e-14 8.472800e-01
    outer loop
      vertex   -6.547455e+01 4.473186e+01 -1.895651e+01
      vertex   -6.547455e+01 4.873186e+01 -1.895651e+01
      vertex   -6.568527e+01 4.473186e+01 -1.908862e+01
    endloop
  endfacet
  facet normal -5.311464e-01 -1.505072e-14 8.472800e-01
    outer loop
      vertex   -6.568527e+01 4.473186e+01 -1.908862e+01
      vertex   -6.547455e+01 4.873186e+01 -1.895651e+01
      vertex   -6.568527e+01 4.873186e+01 -1.908862e+01
    endloop
  endfacet
  facet normal -4.218811e-01 -1.610536e-14 9.066512e-01
    outer loop
      vertex   -6.568527e+01 4.473186e+01 -1.908862e+01
      vertex   -6.568527e+01 4.873186e+01 -1.908862e+01
      vertex   -6.591076e+01 4.473186e+01 -1.919354e+01
    endloop
  endfacet
  facet normal -4.218811e-01 -1.610536e-14 9.066512e-01
    outer loop
      vertex   -6.591076e+01 4.473186e+01 -1.919354e+01
      vertex   -6.568527e+01 4.873186e+01 -1.908862e+01
      vertex   -6.591076e+01 4.873186e+01 -1.919354e+01
    endloop
  endfacet
  facet normal -3.060918e-01 -1.691095e-14 9.520020e-01
    outer loop
      vertex   -6.591076e+01 4.473186e+01 -1.919354e+01
      vertex   -6.591076e+01 4.873186e+01 -1.919354e+01
      vertex   -6.614753e+01 4.473186e+01 -1.926967e+01
    endloop
  endfacet
  facet normal -3.060918e-01 -1.691095e-14 9.520020e-01
    outer loop
      vertex   -6.614753e+01 4.473186e+01 -1.926967e+01
      vertex   -6.591076e+01 4.873186e+01 -1.919354e+01
      vertex   -6.614753e+01 4.873186e+01 -1.926967e+01
    endloop
  endfacet
  facet normal -1.855691e-01 -1.745504e-14 9.826312e-01
    outer loop
      vertex   -6.614753e+01 4.473186e+01 -1.926967e+01
      vertex   -6.614753e+01 4.873186e+01 -1.926967e+01
      vertex   -6.639192e+01 4.473186e+01 -1.931582e+01
    endloop
  endfacet
  facet normal -1.855691e-01 -1.745504e-14 9.826312e-01
    outer loop
      vertex   -6.639192e+01 4.473186e+01 -1.931582e+01
      vertex   -6.614753e+01 4.873186e+01 -1.926967e+01
      vertex   -6.639192e+01 4.873186e+01 -1.931582e+01
    endloop
  endfacet
  facet normal -6.217688e-02 -1.772920e-14 9.980651e-01
    outer loop
      vertex   -6.639192e+01 4.473186e+01 -1.931582e+01
      vertex   -6.639192e+01 4.873186e+01 -1.931582e+01
      vertex   -6.664015e+01 4.473186e+01 -1.933128e+01
    endloop
  endfacet
  facet normal -6.217688e-02 -1.772920e-14 9.980651e-01
    outer loop
      vertex   -6.664015e+01 4.473186e+01 -1.933128e+01
      vertex   -6.639192e+01 4.873186e+01 -1.931582e+01
      vertex   -6.664015e+01 4.873186e+01 -1.933128e+01
    endloop
  endfacet
  facet normal 6.217688e-02 -1.772920e-14 9.980651e-01
    outer loop
      vertex   -6.664015e+01 4.473186e+01 -1.933128e+01
      vertex   -6.664015e+01 4.873186e+01 -1.933128e+01
      vertex   -6.688837e+01 4.473186e+01 -1.931582e+01
    endloop
  endfacet
  facet normal 6.217688e-02 -1.772920e-14 9.980651e-01
    outer loop
      vertex   -6.688837e+01 4.473186e+01 -1.931582e+01
      vertex   -6.664015e+01 4.873186e+01 -1.933128e+01
      vertex   -6.688837e+01 4.873186e+01 -1.931582e+01
    endloop
  endfacet
  facet normal 1.855691e-01 -1.745504e-14 9.826312e-01
    outer loop
      vertex   -6.688837e+01 4.473186e+01 -1.931582e+01
      vertex   -6.688837e+01 4.873186e+01 -1.931582e+01
      vertex   -6.713276e+01 4.473186e+01 -1.926967e+01
    endloop
  endfacet
  facet normal 1.855691e-01 -1.745504e-14 9.826312e-01
    outer loop
      vertex   -6.713276e+01 4.473186e+01 -1.926967e+01
      vertex   -6.688837e+01 4.873186e+01 -1.931582e+01
      vertex   -6.713276e+01 4.873186e+01 -1.926967e+01
    endloop
  endfacet
  facet normal 3.060918e-01 -1.691095e-14 9.520020e-01
    outer loop
      vertex   -6.713276e+01 4.473186e+01 -1.926967e+01
      vertex   -6.713276e+01 4.873186e+01 -1.926967e+01
      vertex   -6.736953e+01 4.473186e+01 -1.919354e+01
    endloop
  endfacet
  facet normal 3.060918e-01 -1.691095e-14 9.520020e-01
    outer loop
      vertex   -6.736953e+01 4.473186e+01 -1.919354e+01
      vertex   -6.713276e+01 4.873186e+01 -1.926967e+01
      vertex   -6.736953e+01 4.873186e+01 -1.919354e+01
    endloop
  endfacet
  facet normal 4.218811e-01 -1.610536e-14 9.066512e-01
    outer loop
      vertex   -6.736953e+01 4.473186e+01 -1.919354e+01
      vertex   -6.736953e+01 4.873186e+01 -1.919354e+01
      vertex   -6.759502e+01 4.473186e+01 -1.908862e+01
    endloop
  endfacet
  facet normal 4.218811e-01 -1.760418e-14 9.066512e-01
    outer loop
      vertex   -6.759502e+01 4.473186e+01 -1.908862e+01
      vertex   -6.736953e+01 4.873186e+01 -1.919354e+01
      vertex   -6.759502e+01 4.873186e+01 -1.908862e+01
    endloop
  endfacet
  facet normal 5.311464e-01 -1.693773e-14 8.472800e-01
    outer loop
      vertex   -6.759502e+01 4.473186e+01 -1.908862e+01
      vertex   -6.759502e+01 4.873186e+01 -1.908862e+01
      vertex   -6.780575e+01 4.473186e+01 -1.895651e+01
    endloop
  endfacet
  facet normal 5.311464e-01 -1.505072e-14 8.472800e-01
    outer loop
      vertex   -6.780575e+01 4.473186e+01 -1.895651e+01
      vertex   -6.759502e+01 4.873186e+01 -1.908862e+01
      vertex   -6.780575e+01 4.873186e+01 -1.895651e+01
    endloop
  endfacet
  facet normal 6.321982e-01 -1.376333e-14 7.748067e-01
    outer loop
      vertex   -6.780575e+01 4.473186e+01 -1.895651e+01
      vertex   -6.780575e+01 4.873186e+01 -1.895651e+01
      vertex   -6.799845e+01 4.473186e+01 -1.879928e+01
    endloop
  endfacet
  facet normal 6.321982e-01 -1.376333e-14 7.748067e-01
    outer loop
      vertex   -6.799845e+01 4.473186e+01 -1.879928e+01
      vertex   -6.780575e+01 4.873186e+01 -1.895651e+01
      vertex   -6.799845e+01 4.873186e+01 -1.879928e+01
    endloop
  endfacet
  facet normal 7.234738e-01 -1.226311e-14 6.903518e-01
    outer loop
      vertex   -6.799845e+01 4.473186e+01 -1.879928e+01
      vertex   -6.799845e+01 4.873186e+01 -1.879928e+01
      vertex   -6.817014e+01 4.473186e+01 -1.861935e+01
    endloop
  endfacet
  facet normal 7.234738e-01 -1.226311e-14 6.903518e-01
    outer loop
      vertex   -6.817014e+01 4.473186e+01 -1.861935e+01
      vertex   -6.799845e+01 4.873186e+01 -1.879928e+01
      vertex   -6.817014e+01 4.873186e+01 -1.861935e+01
    endloop
  endfacet
  facet normal 8.035617e-01 -1.057326e-14 5.952214e-01
    outer loop
      vertex   -6.817014e+01 4.473186e+01 -1.861935e+01
      vertex   -6.817014e+01 4.873186e+01 -1.861935e+01
      vertex   -6.831818e+01 4.473186e+01 -1.841950e+01
    endloop
  endfacet
  facet normal 8.035617e-01 -1.057326e-14 5.952214e-01
    outer loop
      vertex   -6.831818e+01 4.473186e+01 -1.841950e+01
      vertex   -6.817014e+01 4.873186e+01 -1.861935e+01
      vertex   -6.831818e+01 4.873186e+01 -1.841950e+01
    endloop
  endfacet
  facet normal 8.712234e-01 -8.719899e-15 4.908867e-01
    outer loop
      vertex   -6.831818e+01 4.473186e+01 -1.841950e+01
      vertex   -6.831818e+01 4.873186e+01 -1.841950e+01
      vertex   -6.844026e+01 4.473186e+01 -1.820282e+01
    endloop
  endfacet
  facet normal 8.712234e-01 -8.719899e-15 4.908867e-01
    outer loop
      vertex   -6.844026e+01 4.473186e+01 -1.820282e+01
      vertex   -6.831818e+01 4.873186e+01 -1.841950e+01
      vertex   -6.844026e+01 4.873186e+01 -1.820282e+01
    endloop
  endfacet
  facet normal 9.254127e-01 -6.731697e-15 3.789609e-01
    outer loop
      vertex   -6.844026e+01 4.473186e+01 -1.820282e+01
      vertex   -6.844026e+01 4.873186e+01 -1.820282e+01
      vertex   -6.853452e+01 4.473186e+01 -1.797266e+01
    endloop
  endfacet
  facet normal 9.254127e-01 -6.731697e-15 3.789609e-01
    outer loop
      vertex   -6.853452e+01 4.473186e+01 -1.797266e+01
      vertex   -6.844026e+01 4.873186e+01 -1.820282e+01
      vertex   -6.853452e+01 4.873186e+01 -1.797266e+01
    endloop
  endfacet
  facet normal -5.802212e-01 -1.446770e-14 8.144589e-01
    outer loop
      vertex   -6.324048e+01 4.473186e+01 -1.603299e+01
      vertex   -6.324048e+01 4.873186e+01 -1.603299e+01
      vertex   -6.349506e+01 4.473186e+01 -1.621436e+01
    endloop
  endfacet
  facet normal -5.802212e-01 -1.446770e-14 8.144589e-01
    outer loop
      vertex   -6.349506e+01 4.473186e+01 -1.621436e+01
      vertex   -6.324048e+01 4.873186e+01 -1.603299e+01
      vertex   -6.349506e+01 4.873186e+01 -1.621436e+01
    endloop
  endfacet
  facet normal -6.460353e-01 -1.355906e-14 7.633075e-01
    outer loop
      vertex   -6.349506e+01 4.473186e+01 -1.621436e+01
      vertex   -6.349506e+01 4.873186e+01 -1.621436e+01
      vertex   -6.373366e+01 4.473186e+01 -1.641629e+01
    endloop
  endfacet
  facet normal -6.460353e-01 -1.355906e-14 7.633075e-01
    outer loop
      vertex   -6.373366e+01 4.473186e+01 -1.641629e+01
      vertex   -6.349506e+01 4.873186e+01 -1.621436e+01
      vertex   -6.373366e+01 4.873186e+01 -1.641629e+01
    endloop
  endfacet
  facet normal -7.073609e-01 -1.255622e-14 7.068526e-01
    outer loop
      vertex   -6.373366e+01 4.473186e+01 -1.641629e+01
      vertex   -6.373366e+01 4.873186e+01 -1.641629e+01
      vertex   -6.395461e+01 4.473186e+01 -1.663740e+01
    endloop
  endfacet
  facet normal -7.073609e-01 -1.255622e-14 7.068526e-01
    outer loop
      vertex   -6.395461e+01 4.473186e+01 -1.663740e+01
      vertex   -6.373366e+01 4.873186e+01 -1.641629e+01
      vertex   -6.395461e+01 4.873186e+01 -1.663740e+01
    endloop
  endfacet
  facet normal -7.637717e-01 -1.146614e-14 6.454865e-01
    outer loop
      vertex   -6.395461e+01 4.473186e+01 -1.663740e+01
      vertex   -6.395461e+01 4.873186e+01 -1.663740e+01
      vertex   -6.415637e+01 4.473186e+01 -1.687614e+01
    endloop
  endfacet
  facet normal -7.637717e-01 -1.146614e-14 6.454865e-01
    outer loop
      vertex   -6.415637e+01 4.473186e+01 -1.687614e+01
      vertex   -6.395461e+01 4.873186e+01 -1.663740e+01
      vertex   -6.415637e+01 4.873186e+01 -1.687614e+01
    endloop
  endfacet
  facet normal -8.148758e-01 -1.029640e-14 5.796356e-01
    outer loop
      vertex   -6.415637e+01 4.473186e+01 -1.687614e+01
      vertex   -6.415637e+01 4.873186e+01 -1.687614e+01
      vertex   -6.433755e+01 4.473186e+01 -1.713085e+01
    endloop
  endfacet
  facet normal -8.148758e-01 -1.029640e-14 5.796356e-01
    outer loop
      vertex   -6.433755e+01 4.473186e+01 -1.713085e+01
      vertex   -6.415637e+01 4.873186e+01 -1.687614e+01
      vertex   -6.433755e+01 4.873186e+01 -1.713085e+01
    endloop
  endfacet
  facet normal -8.603182e-01 -9.055111e-15 5.097574e-01
    outer loop
      vertex   -6.433755e+01 4.473186e+01 -1.713085e+01
      vertex   -6.433755e+01 4.873186e+01 -1.713085e+01
      vertex   -6.449689e+01 4.473186e+01 -1.739977e+01
    endloop
  endfacet
  facet normal -8.603182e-01 -9.055111e-15 5.097574e-01
    outer loop
      vertex   -6.449689e+01 4.473186e+01 -1.739977e+01
      vertex   -6.433755e+01 4.873186e+01 -1.713085e+01
      vertex   -6.449689e+01 4.873186e+01 -1.739977e+01
    endloop
  endfacet
  facet normal -8.997831e-01 -7.750910e-15 4.363374e-01
    outer loop
      vertex   -6.449689e+01 4.473186e+01 -1.739977e+01
      vertex   -6.449689e+01 4.873186e+01 -1.739977e+01
      vertex   -6.463328e+01 4.473186e+01 -1.768102e+01
    endloop
  endfacet
  facet normal -8.997831e-01 -7.750910e-15 4.363374e-01
    outer loop
      vertex   -6.463328e+01 4.473186e+01 -1.768102e+01
      vertex   -6.449689e+01 4.873186e+01 -1.739977e+01
      vertex   -6.463328e+01 4.873186e+01 -1.768102e+01
    endloop
  endfacet
  facet normal -9.329964e-01 -6.392856e-15 3.598858e-01
    outer loop
      vertex   -6.463328e+01 4.473186e+01 -1.768102e+01
      vertex   -6.463328e+01 4.873186e+01 -1.768102e+01
      vertex   -6.474578e+01 4.473186e+01 -1.797266e+01
    endloop
  endfacet
  facet normal -9.329964e-01 -6.392856e-15 3.598858e-01
    outer loop
      vertex   -6.474578e+01 4.473186e+01 -1.797266e+01
      vertex   -6.463328e+01 4.873186e+01 -1.768102e+01
      vertex   -6.474578e+01 4.873186e+01 -1.797266e+01
    endloop
  endfacet
  facet normal -6.029107e-01 -1.417193e-14 7.978087e-01
    outer loop
      vertex   -6.119383e+01 4.473186e+01 -1.457431e+01
      vertex   -6.119383e+01 4.873186e+01 -1.457431e+01
      vertex   -6.186238e+01 4.473186e+01 -1.507953e+01
    endloop
  endfacet
  facet normal -6.029107e-01 -1.417193e-14 7.978087e-01
    outer loop
      vertex   -6.186238e+01 4.473186e+01 -1.507953e+01
      vertex   -6.119383e+01 4.873186e+01 -1.457431e+01
      vertex   -6.186238e+01 4.873186e+01 -1.507953e+01
    endloop
  endfacet
  facet normal -5.803928e-01 -1.446552e-14 8.143366e-01
    outer loop
      vertex   -6.186238e+01 4.473186e+01 -1.507953e+01
      vertex   -6.186238e+01 4.873186e+01 -1.507953e+01
      vertex   -6.254477e+01 4.473186e+01 -1.556589e+01
    endloop
  endfacet
  facet normal -5.803928e-01 -1.446552e-14 8.143366e-01
    outer loop
      vertex   -6.254477e+01 4.473186e+01 -1.556589e+01
      vertex   -6.186238e+01 4.873186e+01 -1.507953e+01
      vertex   -6.254477e+01 4.873186e+01 -1.556589e+01
    endloop
  endfacet
  facet normal -5.574222e-01 -1.474783e-14 8.302292e-01
    outer loop
      vertex   -6.254477e+01 4.473186e+01 -1.556589e+01
      vertex   -6.254477e+01 4.873186e+01 -1.556589e+01
      vertex   -6.324048e+01 4.473186e+01 -1.603299e+01
    endloop
  endfacet
  facet normal -5.574222e-01 -1.474783e-14 8.302292e-01
    outer loop
      vertex   -6.324048e+01 4.473186e+01 -1.603299e+01
      vertex   -6.254477e+01 4.873186e+01 -1.556589e+01
      vertex   -6.324048e+01 4.873186e+01 -1.603299e+01
    endloop
  endfacet
  facet normal -4.289146e-10 -1.776357e-14 1.000000e+00
    outer loop
      vertex   -6.119383e+01 4.473186e+01 -1.457431e+01
      vertex   -4.832564e+01 4.473186e+01 -1.457431e+01
      vertex   -6.119383e+01 4.873186e+01 -1.457431e+01
    endloop
  endfacet
  facet normal -4.289146e-10 -1.776357e-14 1.000000e+00
    outer loop
      vertex   -6.119383e+01 4.873186e+01 -1.457431e+01
      vertex   -4.832564e+01 4.473186e+01 -1.457431e+01
      vertex   -4.832564e+01 4.873186e+01 -1.457431e+01
    endloop
  endfacet
  facet normal 1.596725e-14 -1.776357e-14 1.000000e+00
    outer loop
      vertex   -1.039256e+02 4.873186e+01 -1.457431e+01
      vertex   -1.039256e+02 4.473186e+01 -1.457431e+01
      vertex   -9.502564e+01 4.873186e+01 -1.457431e+01
    endloop
  endfacet
  facet normal 2.929871e-10 -6.518785e-10 1.000000e+00
    outer loop
      vertex   -9.502564e+01 4.873186e+01 -1.457431e+01
      vertex   -1.039256e+02 4.473186e+01 -1.457431e+01
      vertex   -8.508646e+01 4.473186e+01 -1.457431e+01
    endloop
  endfacet
  facet normal 1.652425e-14 -1.379851e-09 1.000000e+00
    outer loop
      vertex   -9.502564e+01 4.873186e+01 -1.457431e+01
      vertex   -8.508646e+01 4.473186e+01 -1.457431e+01
      vertex   -9.072564e+01 4.873186e+01 -1.457431e+01
    endloop
  endfacet
  facet normal 9.787627e-10 -1.776357e-14 1.000000e+00
    outer loop
      vertex   -9.072564e+01 4.873186e+01 -1.457431e+01
      vertex   -8.508646e+01 4.473186e+01 -1.457431e+01
      vertex   -8.508646e+01 4.873186e+01 -1.457431e+01
    endloop
  endfacet
  facet normal 1.652425e-14 1.528840e-14 1.000000e+00
    outer loop
      vertex   -9.072564e+01 4.873186e+01 -1.457431e+01
      vertex   -9.287564e+01 5.105565e+01 -1.457431e+01
      vertex   -9.502564e+01 4.873186e+01 -1.457431e+01
    endloop
  endfacet
  facet normal 6.029107e-01 -1.417193e-14 7.978087e-01
    outer loop
      vertex   -8.508646e+01 4.873186e+01 -1.457431e+01
      vertex   -8.508646e+01 4.473186e+01 -1.457431e+01
      vertex   -8.441791e+01 4.873186e+01 -1.507953e+01
    endloop
  endfacet
  facet normal 6.029107e-01 -1.417193e-14 7.978087e-01
    outer loop
      vertex   -8.441791e+01 4.873186e+01 -1.507953e+01
      vertex   -8.508646e+01 4.473186e+01 -1.457431e+01
      vertex   -8.441791e+01 4.473186e+01 -1.507953e+01
    endloop
  endfacet
  facet normal 5.803928e-01 -1.446552e-14 8.143366e-01
    outer loop
      vertex   -8.441791e+01 4.873186e+01 -1.507953e+01
      vertex   -8.441791e+01 4.473186e+01 -1.507953e+01
      vertex   -8.373552e+01 4.873186e+01 -1.556589e+01
    endloop
  endfacet
  facet normal 5.803928e-01 -1.446552e-14 8.143366e-01
    outer loop
      vertex   -8.373552e+01 4.873186e+01 -1.556589e+01
      vertex   -8.441791e+01 4.473186e+01 -1.507953e+01
      vertex   -8.373552e+01 4.473186e+01 -1.556589e+01
    endloop
  endfacet
  facet normal 5.574222e-01 -1.474783e-14 8.302292e-01
    outer loop
      vertex   -8.373552e+01 4.873186e+01 -1.556589e+01
      vertex   -8.373552e+01 4.473186e+01 -1.556589e+01
      vertex   -8.303981e+01 4.873186e+01 -1.603299e+01
    endloop
  endfacet
  facet normal 5.574222e-01 -1.474783e-14 8.302292e-01
    outer loop
      vertex   -8.303981e+01 4.873186e+01 -1.603299e+01
      vertex   -8.373552e+01 4.473186e+01 -1.556589e+01
      vertex   -8.303981e+01 4.473186e+01 -1.603299e+01
    endloop
  endfacet
  facet normal 5.802212e-01 -1.446770e-14 8.144589e-01
    outer loop
      vertex   -8.303981e+01 4.873186e+01 -1.603299e+01
      vertex   -8.303981e+01 4.473186e+01 -1.603299e+01
      vertex   -8.278523e+01 4.873186e+01 -1.621436e+01
    endloop
  endfacet
  facet normal 5.802212e-01 -1.446770e-14 8.144589e-01
    outer loop
      vertex   -8.278523e+01 4.873186e+01 -1.621436e+01
      vertex   -8.303981e+01 4.473186e+01 -1.603299e+01
      vertex   -8.278523e+01 4.473186e+01 -1.621436e+01
    endloop
  endfacet
  facet normal 6.460353e-01 -1.355906e-14 7.633075e-01
    outer loop
      vertex   -8.278523e+01 4.873186e+01 -1.621436e+01
      vertex   -8.278523e+01 4.473186e+01 -1.621436e+01
      vertex   -8.254663e+01 4.873186e+01 -1.641629e+01
    endloop
  endfacet
  facet normal 6.460353e-01 -1.288111e-14 7.633075e-01
    outer loop
      vertex   -8.254663e+01 4.873186e+01 -1.641629e+01
      vertex   -8.278523e+01 4.473186e+01 -1.621436e+01
      vertex   -8.254663e+01 4.473186e+01 -1.641629e+01
    endloop
  endfacet
  facet normal 7.073609e-01 -1.192841e-14 7.068526e-01
    outer loop
      vertex   -8.254663e+01 4.873186e+01 -1.641629e+01
      vertex   -8.254663e+01 4.473186e+01 -1.641629e+01
      vertex   -8.232569e+01 4.873186e+01 -1.663740e+01
    endloop
  endfacet
  facet normal 7.073609e-01 -1.255622e-14 7.068526e-01
    outer loop
      vertex   -8.232569e+01 4.873186e+01 -1.663740e+01
      vertex   -8.254663e+01 4.473186e+01 -1.641629e+01
      vertex   -8.232569e+01 4.473186e+01 -1.663740e+01
    endloop
  endfacet
  facet normal 7.637717e-01 -1.146614e-14 6.454865e-01
    outer loop
      vertex   -8.232569e+01 4.873186e+01 -1.663740e+01
      vertex   -8.232569e+01 4.473186e+01 -1.663740e+01
      vertex   -8.212392e+01 4.873186e+01 -1.687614e+01
    endloop
  endfacet
  facet normal 7.637717e-01 -1.146614e-14 6.454865e-01
    outer loop
      vertex   -8.212392e+01 4.873186e+01 -1.687614e+01
      vertex   -8.232569e+01 4.473186e+01 -1.663740e+01
      vertex   -8.212392e+01 4.473186e+01 -1.687614e+01
    endloop
  endfacet
  facet normal 8.148758e-01 -1.029640e-14 5.796356e-01
    outer loop
      vertex   -8.212392e+01 4.873186e+01 -1.687614e+01
      vertex   -8.212392e+01 4.473186e+01 -1.687614e+01
      vertex   -8.194274e+01 4.873186e+01 -1.713085e+01
    endloop
  endfacet
  facet normal 8.148758e-01 -1.029640e-14 5.796356e-01
    outer loop
      vertex   -8.194274e+01 4.873186e+01 -1.713085e+01
      vertex   -8.212392e+01 4.473186e+01 -1.687614e+01
      vertex   -8.194274e+01 4.473186e+01 -1.713085e+01
    endloop
  endfacet
  facet normal 8.603182e-01 -9.055111e-15 5.097574e-01
    outer loop
      vertex   -8.194274e+01 4.873186e+01 -1.713085e+01
      vertex   -8.194274e+01 4.473186e+01 -1.713085e+01
      vertex   -8.178340e+01 4.873186e+01 -1.739977e+01
    endloop
  endfacet
  facet normal 8.603182e-01 -9.055111e-15 5.097574e-01
    outer loop
      vertex   -8.178340e+01 4.873186e+01 -1.739977e+01
      vertex   -8.194274e+01 4.473186e+01 -1.713085e+01
      vertex   -8.178340e+01 4.473186e+01 -1.739977e+01
    endloop
  endfacet
  facet normal 8.997831e-01 -7.750910e-15 4.363374e-01
    outer loop
      vertex   -8.178340e+01 4.873186e+01 -1.739977e+01
      vertex   -8.178340e+01 4.473186e+01 -1.739977e+01
      vertex   -8.164701e+01 4.873186e+01 -1.768102e+01
    endloop
  endfacet
  facet normal 8.997831e-01 -7.750910e-15 4.363374e-01
    outer loop
      vertex   -8.164701e+01 4.873186e+01 -1.768102e+01
      vertex   -8.178340e+01 4.473186e+01 -1.739977e+01
      vertex   -8.164701e+01 4.473186e+01 -1.768102e+01
    endloop
  endfacet
  facet normal 9.329964e-01 -6.392856e-15 3.598858e-01
    outer loop
      vertex   -8.164701e+01 4.873186e+01 -1.768102e+01
      vertex   -8.164701e+01 4.473186e+01 -1.768102e+01
      vertex   -8.153452e+01 4.873186e+01 -1.797266e+01
    endloop
  endfacet
  facet normal 9.329964e-01 -6.392856e-15 3.598858e-01
    outer loop
      vertex   -8.153452e+01 4.873186e+01 -1.797266e+01
      vertex   -8.164701e+01 4.473186e+01 -1.768102e+01
      vertex   -8.153452e+01 4.473186e+01 -1.797266e+01
    endloop
  endfacet
  facet normal 9.254127e-01 -6.731697e-15 3.789609e-01
    outer loop
      vertex   -8.153452e+01 4.873186e+01 -1.797266e+01
      vertex   -8.153452e+01 4.473186e+01 -1.797266e+01
      vertex   -8.144026e+01 4.873186e+01 -1.820282e+01
    endloop
  endfacet
  facet normal 9.254127e-01 -6.731697e-15 3.789609e-01
    outer loop
      vertex   -8.144026e+01 4.873186e+01 -1.820282e+01
      vertex   -8.153452e+01 4.473186e+01 -1.797266e+01
      vertex   -8.144026e+01 4.473186e+01 -1.820282e+01
    endloop
  endfacet
  facet normal 8.712234e-01 -8.719899e-15 4.908867e-01
    outer loop
      vertex   -8.144026e+01 4.873186e+01 -1.820282e+01
      vertex   -8.144026e+01 4.473186e+01 -1.820282e+01
      vertex   -8.131818e+01 4.873186e+01 -1.841950e+01
    endloop
  endfacet
  facet normal 8.712234e-01 -8.719899e-15 4.908867e-01
    outer loop
      vertex   -8.131818e+01 4.873186e+01 -1.841950e+01
      vertex   -8.144026e+01 4.473186e+01 -1.820282e+01
      vertex   -8.131818e+01 4.473186e+01 -1.841950e+01
    endloop
  endfacet
  facet normal 8.035617e-01 -1.057326e-14 5.952214e-01
    outer loop
      vertex   -8.131818e+01 4.873186e+01 -1.841950e+01
      vertex   -8.131818e+01 4.473186e+01 -1.841950e+01
      vertex   -8.117014e+01 4.873186e+01 -1.861935e+01
    endloop
  endfacet
  facet normal 8.035617e-01 -1.057326e-14 5.952214e-01
    outer loop
      vertex   -8.117014e+01 4.873186e+01 -1.861935e+01
      vertex   -8.131818e+01 4.473186e+01 -1.841950e+01
      vertex   -8.117014e+01 4.473186e+01 -1.861935e+01
    endloop
  endfacet
  facet normal 7.234738e-01 -1.226311e-14 6.903518e-01
    outer loop
      vertex   -8.117014e+01 4.873186e+01 -1.861935e+01
      vertex   -8.117014e+01 4.473186e+01 -1.861935e+01
      vertex   -8.099845e+01 4.873186e+01 -1.879928e+01
    endloop
  endfacet
  facet normal 7.234738e-01 -1.226311e-14 6.903518e-01
    outer loop
      vertex   -8.099845e+01 4.873186e+01 -1.879928e+01
      vertex   -8.117014e+01 4.473186e+01 -1.861935e+01
      vertex   -8.099845e+01 4.473186e+01 -1.879928e+01
    endloop
  endfacet
  facet normal 6.321982e-01 -1.376333e-14 7.748067e-01
    outer loop
      vertex   -8.099845e+01 4.873186e+01 -1.879928e+01
      vertex   -8.099845e+01 4.473186e+01 -1.879928e+01
      vertex   -8.080575e+01 4.873186e+01 -1.895651e+01
    endloop
  endfacet
  facet normal 6.321982e-01 -1.376333e-14 7.748067e-01
    outer loop
      vertex   -8.080575e+01 4.873186e+01 -1.895651e+01
      vertex   -8.099845e+01 4.473186e+01 -1.879928e+01
      vertex   -8.080575e+01 4.473186e+01 -1.895651e+01
    endloop
  endfacet
  facet normal 5.311464e-01 -1.505072e-14 8.472800e-01
    outer loop
      vertex   -8.080575e+01 4.873186e+01 -1.895651e+01
      vertex   -8.080575e+01 4.473186e+01 -1.895651e+01
      vertex   -8.059502e+01 4.873186e+01 -1.908862e+01
    endloop
  endfacet
  facet normal 5.311464e-01 -1.882474e-14 8.472800e-01
    outer loop
      vertex   -8.059502e+01 4.873186e+01 -1.908862e+01
      vertex   -8.080575e+01 4.473186e+01 -1.895651e+01
      vertex   -8.059502e+01 4.473186e+01 -1.908862e+01
    endloop
  endfacet
  facet normal 4.218811e-01 -1.910301e-14 9.066512e-01
    outer loop
      vertex   -8.059502e+01 4.873186e+01 -1.908862e+01
      vertex   -8.059502e+01 4.473186e+01 -1.908862e+01
      vertex   -8.036953e+01 4.873186e+01 -1.919354e+01
    endloop
  endfacet
  facet normal 4.218811e-01 -1.610536e-14 9.066512e-01
    outer loop
      vertex   -8.036953e+01 4.873186e+01 -1.919354e+01
      vertex   -8.059502e+01 4.473186e+01 -1.908862e+01
      vertex   -8.036953e+01 4.473186e+01 -1.919354e+01
    endloop
  endfacet
  facet normal 3.060918e-01 -1.691095e-14 9.520020e-01
    outer loop
      vertex   -8.036953e+01 4.873186e+01 -1.919354e+01
      vertex   -8.036953e+01 4.473186e+01 -1.919354e+01
      vertex   -8.013276e+01 4.873186e+01 -1.926967e+01
    endloop
  endfacet
  facet normal 3.060918e-01 -1.691095e-14 9.520020e-01
    outer loop
      vertex   -8.013276e+01 4.873186e+01 -1.926967e+01
      vertex   -8.036953e+01 4.473186e+01 -1.919354e+01
      vertex   -8.013276e+01 4.473186e+01 -1.926967e+01
    endloop
  endfacet
  facet normal 1.855691e-01 -1.745504e-14 9.826312e-01
    outer loop
      vertex   -8.013276e+01 4.873186e+01 -1.926967e+01
      vertex   -8.013276e+01 4.473186e+01 -1.926967e+01
      vertex   -7.988837e+01 4.873186e+01 -1.931582e+01
    endloop
  endfacet
  facet normal 1.855691e-01 -1.745504e-14 9.826312e-01
    outer loop
      vertex   -7.988837e+01 4.873186e+01 -1.931582e+01
      vertex   -8.013276e+01 4.473186e+01 -1.926967e+01
      vertex   -7.988837e+01 4.473186e+01 -1.931582e+01
    endloop
  endfacet
  facet normal 6.217688e-02 -1.772920e-14 9.980651e-01
    outer loop
      vertex   -7.988837e+01 4.873186e+01 -1.931582e+01
      vertex   -7.988837e+01 4.473186e+01 -1.931582e+01
      vertex   -7.964015e+01 4.873186e+01 -1.933128e+01
    endloop
  endfacet
  facet normal 6.217688e-02 -1.772920e-14 9.980651e-01
    outer loop
      vertex   -7.964015e+01 4.873186e+01 -1.933128e+01
      vertex   -7.988837e+01 4.473186e+01 -1.931582e+01
      vertex   -7.964015e+01 4.473186e+01 -1.933128e+01
    endloop
  endfacet
  facet normal -6.217688e-02 -1.772920e-14 9.980651e-01
    outer loop
      vertex   -7.964015e+01 4.873186e+01 -1.933128e+01
      vertex   -7.964015e+01 4.473186e+01 -1.933128e+01
      vertex   -7.939192e+01 4.873186e+01 -1.931582e+01
    endloop
  endfacet
  facet normal -6.217688e-02 -1.772920e-14 9.980651e-01
    outer loop
      vertex   -7.939192e+01 4.873186e+01 -1.931582e+01
      vertex   -7.964015e+01 4.473186e+01 -1.933128e+01
      vertex   -7.939192e+01 4.473186e+01 -1.931582e+01
    endloop
  endfacet
  facet normal -1.855691e-01 -1.745504e-14 9.826312e-01
    outer loop
      vertex   -7.939192e+01 4.873186e+01 -1.931582e+01
      vertex   -7.939192e+01 4.473186e+01 -1.931582e+01
      vertex   -7.914753e+01 4.873186e+01 -1.926967e+01
    endloop
  endfacet
  facet normal -1.855691e-01 -1.745504e-14 9.826312e-01
    outer loop
      vertex   -7.914753e+01 4.873186e+01 -1.926967e+01
      vertex   -7.939192e+01 4.473186e+01 -1.931582e+01
      vertex   -7.914753e+01 4.473186e+01 -1.926967e+01
    endloop
  endfacet
  facet normal -3.060918e-01 -1.691095e-14 9.520020e-01
    outer loop
      vertex   -7.914753e+01 4.873186e+01 -1.926967e+01
      vertex   -7.914753e+01 4.473186e+01 -1.926967e+01
      vertex   -7.891076e+01 4.873186e+01 -1.919354e+01
    endloop
  endfacet
  facet normal -3.060918e-01 -1.691095e-14 9.520020e-01
    outer loop
      vertex   -7.891076e+01 4.873186e+01 -1.919354e+01
      vertex   -7.914753e+01 4.473186e+01 -1.926967e+01
      vertex   -7.891076e+01 4.473186e+01 -1.919354e+01
    endloop
  endfacet
  facet normal -4.218811e-01 -1.610536e-14 9.066512e-01
    outer loop
      vertex   -7.891076e+01 4.873186e+01 -1.919354e+01
      vertex   -7.891076e+01 4.473186e+01 -1.919354e+01
      vertex   -7.868527e+01 4.873186e+01 -1.908862e+01
    endloop
  endfacet
  facet normal -4.218811e-01 -1.610536e-14 9.066512e-01
    outer loop
      vertex   -7.868527e+01 4.873186e+01 -1.908862e+01
      vertex   -7.891076e+01 4.473186e+01 -1.919354e+01
      vertex   -7.868527e+01 4.473186e+01 -1.908862e+01
    endloop
  endfacet
  facet normal -5.311464e-01 -1.505072e-14 8.472800e-01
    outer loop
      vertex   -7.868527e+01 4.873186e+01 -1.908862e+01
      vertex   -7.868527e+01 4.473186e+01 -1.908862e+01
      vertex   -7.847455e+01 4.873186e+01 -1.895651e+01
    endloop
  endfacet
  facet normal -5.311464e-01 -1.505072e-14 8.472800e-01
    outer loop
      vertex   -7.847455e+01 4.873186e+01 -1.895651e+01
      vertex   -7.868527e+01 4.473186e+01 -1.908862e+01
      vertex   -7.847455e+01 4.473186e+01 -1.895651e+01
    endloop
  endfacet
  facet normal -6.321982e-01 -1.376333e-14 7.748067e-01
    outer loop
      vertex   -7.847455e+01 4.873186e+01 -1.895651e+01
      vertex   -7.847455e+01 4.473186e+01 -1.895651e+01
      vertex   -7.828185e+01 4.873186e+01 -1.879928e+01
    endloop
  endfacet
  facet normal -6.321982e-01 -1.376333e-14 7.748067e-01
    outer loop
      vertex   -7.828185e+01 4.873186e+01 -1.879928e+01
      vertex   -7.847455e+01 4.473186e+01 -1.895651e+01
      vertex   -7.828185e+01 4.473186e+01 -1.879928e+01
    endloop
  endfacet
  facet normal -7.234738e-01 -1.226311e-14 6.903518e-01
    outer loop
      vertex   -7.828185e+01 4.873186e+01 -1.879928e+01
      vertex   -7.828185e+01 4.473186e+01 -1.879928e+01
      vertex   -7.811015e+01 4.873186e+01 -1.861935e+01
    endloop
  endfacet
  facet normal -7.234738e-01 -1.226311e-14 6.903518e-01
    outer loop
      vertex   -7.811015e+01 4.873186e+01 -1.861935e+01
      vertex   -7.828185e+01 4.473186e+01 -1.879928e+01
      vertex   -7.811015e+01 4.473186e+01 -1.861935e+01
    endloop
  endfacet
  facet normal -8.035617e-01 -1.057326e-14 5.952214e-01
    outer loop
      vertex   -7.811015e+01 4.873186e+01 -1.861935e+01
      vertex   -7.811015e+01 4.473186e+01 -1.861935e+01
      vertex   -7.796211e+01 4.873186e+01 -1.841950e+01
    endloop
  endfacet
  facet normal -8.035617e-01 -1.057326e-14 5.952214e-01
    outer loop
      vertex   -7.796211e+01 4.873186e+01 -1.841950e+01
      vertex   -7.811015e+01 4.473186e+01 -1.861935e+01
      vertex   -7.796211e+01 4.473186e+01 -1.841950e+01
    endloop
  endfacet
  facet normal -8.712234e-01 -8.719899e-15 4.908867e-01
    outer loop
      vertex   -7.796211e+01 4.873186e+01 -1.841950e+01
      vertex   -7.796211e+01 4.473186e+01 -1.841950e+01
      vertex   -7.784003e+01 4.873186e+01 -1.820282e+01
    endloop
  endfacet
  facet normal -8.712234e-01 -8.719899e-15 4.908867e-01
    outer loop
      vertex   -7.784003e+01 4.873186e+01 -1.820282e+01
      vertex   -7.796211e+01 4.473186e+01 -1.841950e+01
      vertex   -7.784003e+01 4.473186e+01 -1.820282e+01
    endloop
  endfacet
  facet normal -9.254127e-01 -6.731697e-15 3.789609e-01
    outer loop
      vertex   -7.784003e+01 4.873186e+01 -1.820282e+01
      vertex   -7.784003e+01 4.473186e+01 -1.820282e+01
      vertex   -7.774578e+01 4.873186e+01 -1.797266e+01
    endloop
  endfacet
  facet normal -9.254127e-01 -6.731697e-15 3.789609e-01
    outer loop
      vertex   -7.774578e+01 4.873186e+01 -1.797266e+01
      vertex   -7.784003e+01 4.473186e+01 -1.820282e+01
      vertex   -7.774578e+01 4.473186e+01 -1.797266e+01
    endloop
  endfacet
  facet normal -4.442609e-02 -1.774603e-14 9.990127e-01
    outer loop
      vertex   -7.419383e+01 4.473186e+01 -1.542524e+01
      vertex   -7.419383e+01 4.873186e+01 -1.542524e+01
      vertex   -7.452670e+01 4.473186e+01 -1.544004e+01
    endloop
  endfacet
  facet normal -4.442609e-02 -1.774603e-14 9.990127e-01
    outer loop
      vertex   -7.452670e+01 4.473186e+01 -1.544004e+01
      vertex   -7.419383e+01 4.873186e+01 -1.542524e+01
      vertex   -7.452670e+01 4.873186e+01 -1.544004e+01
    endloop
  endfacet
  facet normal -1.329276e-01 -1.760593e-14 9.911258e-01
    outer loop
      vertex   -7.452670e+01 4.473186e+01 -1.544004e+01
      vertex   -7.452670e+01 4.873186e+01 -1.544004e+01
      vertex   -7.485694e+01 4.473186e+01 -1.548434e+01
    endloop
  endfacet
  facet normal -1.329276e-01 -1.760593e-14 9.911258e-01
    outer loop
      vertex   -7.485694e+01 4.473186e+01 -1.548434e+01
      vertex   -7.452670e+01 4.873186e+01 -1.544004e+01
      vertex   -7.485694e+01 4.873186e+01 -1.548434e+01
    endloop
  endfacet
  facet normal -2.203796e-01 -1.732684e-14 9.754142e-01
    outer loop
      vertex   -7.485694e+01 4.473186e+01 -1.548434e+01
      vertex   -7.485694e+01 4.873186e+01 -1.548434e+01
      vertex   -7.518194e+01 4.473186e+01 -1.555776e+01
    endloop
  endfacet
  facet normal -2.203796e-01 -1.732684e-14 9.754142e-01
    outer loop
      vertex   -7.518194e+01 4.473186e+01 -1.555776e+01
      vertex   -7.485694e+01 4.873186e+01 -1.548434e+01
      vertex   -7.518194e+01 4.873186e+01 -1.555776e+01
    endloop
  endfacet
  facet normal -3.060918e-01 -1.691095e-14 9.520020e-01
    outer loop
      vertex   -7.518194e+01 4.473186e+01 -1.555776e+01
      vertex   -7.518194e+01 4.873186e+01 -1.555776e+01
      vertex   -7.549915e+01 4.473186e+01 -1.565975e+01
    endloop
  endfacet
  facet normal -3.060918e-01 -1.691095e-14 9.520020e-01
    outer loop
      vertex   -7.549915e+01 4.473186e+01 -1.565975e+01
      vertex   -7.518194e+01 4.873186e+01 -1.555776e+01
      vertex   -7.549915e+01 4.873186e+01 -1.565975e+01
    endloop
  endfacet
  facet normal -3.893875e-01 -1.636156e-14 9.210740e-01
    outer loop
      vertex   -7.549915e+01 4.473186e+01 -1.565975e+01
      vertex   -7.549915e+01 4.873186e+01 -1.565975e+01
      vertex   -7.580604e+01 4.473186e+01 -1.578950e+01
    endloop
  endfacet
  facet normal -3.893875e-01 -1.636156e-14 9.210740e-01
    outer loop
      vertex   -7.580604e+01 4.473186e+01 -1.578950e+01
      vertex   -7.549915e+01 4.873186e+01 -1.565975e+01
      vertex   -7.580604e+01 4.873186e+01 -1.578950e+01
    endloop
  endfacet
  facet normal -4.696091e-01 -1.568300e-14 8.828745e-01
    outer loop
      vertex   -7.580604e+01 4.473186e+01 -1.578950e+01
      vertex   -7.580604e+01 4.873186e+01 -1.578950e+01
      vertex   -7.610021e+01 4.473186e+01 -1.594597e+01
    endloop
  endfacet
  facet normal -4.696091e-01 -1.568300e-14 8.828745e-01
    outer loop
      vertex   -7.610021e+01 4.473186e+01 -1.594597e+01
      vertex   -7.580604e+01 4.873186e+01 -1.578950e+01
      vertex   -7.610021e+01 4.873186e+01 -1.594597e+01
    endloop
  endfacet
  facet normal -5.461232e-01 -1.488063e-14 8.377049e-01
    outer loop
      vertex   -7.610021e+01 4.473186e+01 -1.594597e+01
      vertex   -7.610021e+01 4.873186e+01 -1.594597e+01
      vertex   -7.637933e+01 4.473186e+01 -1.612793e+01
    endloop
  endfacet
  facet normal -5.461232e-01 -1.488063e-14 8.377049e-01
    outer loop
      vertex   -7.637933e+01 4.473186e+01 -1.612793e+01
      vertex   -7.610021e+01 4.873186e+01 -1.594597e+01
      vertex   -7.637933e+01 4.873186e+01 -1.612793e+01
    endloop
  endfacet
  facet normal -6.183259e-01 -1.396078e-14 7.859218e-01
    outer loop
      vertex   -7.637933e+01 4.473186e+01 -1.612793e+01
      vertex   -7.637933e+01 4.873186e+01 -1.612793e+01
      vertex   -7.664120e+01 4.473186e+01 -1.633396e+01
    endloop
  endfacet
  facet normal -6.183259e-01 -1.396078e-14 7.859218e-01
    outer loop
      vertex   -7.664120e+01 4.473186e+01 -1.633396e+01
      vertex   -7.637933e+01 4.873186e+01 -1.612793e+01
      vertex   -7.664120e+01 4.873186e+01 -1.633396e+01
    endloop
  endfacet
  facet normal -6.856471e-01 -1.293071e-14 7.279341e-01
    outer loop
      vertex   -7.664120e+01 4.473186e+01 -1.633396e+01
      vertex   -7.664120e+01 4.873186e+01 -1.633396e+01
      vertex   -7.688374e+01 4.473186e+01 -1.656241e+01
    endloop
  endfacet
  facet normal -6.856471e-01 -1.293071e-14 7.279341e-01
    outer loop
      vertex   -7.688374e+01 4.473186e+01 -1.656241e+01
      vertex   -7.664120e+01 4.873186e+01 -1.633396e+01
      vertex   -7.688374e+01 4.873186e+01 -1.656241e+01
    endloop
  endfacet
  facet normal -7.475553e-01 -1.179856e-14 6.641996e-01
    outer loop
      vertex   -7.688374e+01 4.473186e+01 -1.656241e+01
      vertex   -7.688374e+01 4.873186e+01 -1.656241e+01
      vertex   -7.710505e+01 4.473186e+01 -1.681149e+01
    endloop
  endfacet
  facet normal -7.475553e-01 -1.179856e-14 6.641996e-01
    outer loop
      vertex   -7.710505e+01 4.473186e+01 -1.681149e+01
      vertex   -7.688374e+01 4.873186e+01 -1.656241e+01
      vertex   -7.710505e+01 4.873186e+01 -1.681149e+01
    endloop
  endfacet
  facet normal -8.035617e-01 -1.057326e-14 5.952214e-01
    outer loop
      vertex   -7.710505e+01 4.473186e+01 -1.681149e+01
      vertex   -7.710505e+01 4.873186e+01 -1.681149e+01
      vertex   -7.730338e+01 4.473186e+01 -1.707924e+01
    endloop
  endfacet
  facet normal -8.035617e-01 -1.057326e-14 5.952214e-01
    outer loop
      vertex   -7.730338e+01 4.473186e+01 -1.707924e+01
      vertex   -7.710505e+01 4.873186e+01 -1.681149e+01
      vertex   -7.730338e+01 4.873186e+01 -1.707924e+01
    endloop
  endfacet
  facet normal -8.532243e-01 -9.264485e-15 5.215442e-01
    outer loop
      vertex   -7.730338e+01 4.473186e+01 -1.707924e+01
      vertex   -7.730338e+01 4.873186e+01 -1.707924e+01
      vertex   -7.747715e+01 4.473186e+01 -1.736353e+01
    endloop
  endfacet
  facet normal -8.532243e-01 -9.264485e-15 5.215442e-01
    outer loop
      vertex   -7.747715e+01 4.473186e+01 -1.736353e+01
      vertex   -7.730338e+01 4.873186e+01 -1.707924e+01
      vertex   -7.747715e+01 4.873186e+01 -1.736353e+01
    endloop
  endfacet
  facet normal -8.961509e-01 -7.882574e-15 4.437495e-01
    outer loop
      vertex   -7.747715e+01 4.473186e+01 -1.736353e+01
      vertex   -7.747715e+01 4.873186e+01 -1.736353e+01
      vertex   -7.762501e+01 4.473186e+01 -1.766212e+01
    endloop
  endfacet
  facet normal -8.961509e-01 -7.882574e-15 4.437495e-01
    outer loop
      vertex   -7.762501e+01 4.473186e+01 -1.766212e+01
      vertex   -7.747715e+01 4.873186e+01 -1.736353e+01
      vertex   -7.762501e+01 4.873186e+01 -1.766212e+01
    endloop
  endfacet
  facet normal -9.320026e-01 -6.438431e-15 3.624515e-01
    outer loop
      vertex   -7.762501e+01 4.473186e+01 -1.766212e+01
      vertex   -7.762501e+01 4.873186e+01 -1.766212e+01
      vertex   -7.774578e+01 4.473186e+01 -1.797266e+01
    endloop
  endfacet
  facet normal -9.320026e-01 -6.438431e-15 3.624515e-01
    outer loop
      vertex   -7.774578e+01 4.473186e+01 -1.797266e+01
      vertex   -7.762501e+01 4.873186e+01 -1.766212e+01
      vertex   -7.774578e+01 4.873186e+01 -1.797266e+01
    endloop
  endfacet
  facet normal 3.371695e-14 -1.776357e-14 1.000000e+00
    outer loop
      vertex   -7.419383e+01 4.873186e+01 -1.542524e+01
      vertex   -7.419383e+01 4.473186e+01 -1.542524e+01
      vertex   -7.208646e+01 4.873186e+01 -1.542524e+01
    endloop
  endfacet
  facet normal 3.371695e-14 -1.776357e-14 1.000000e+00
    outer loop
      vertex   -7.208646e+01 4.873186e+01 -1.542524e+01
      vertex   -7.419383e+01 4.473186e+01 -1.542524e+01
      vertex   -7.208646e+01 4.473186e+01 -1.542524e+01
    endloop
  endfacet
  facet normal -1.027863e-14 1.776357e-15 -1.000000e+00
    outer loop
      vertex   -5.063132e+01 4.873186e+01 -2.733130e+01
      vertex   -5.063132e+01 4.473186e+01 -2.733130e+01
      vertex   -9.072564e+01 4.873186e+01 -2.733130e+01
    endloop
  endfacet
  facet normal 1.395958e-14 2.447300e-13 -1.000000e+00
    outer loop
      vertex   -9.072564e+01 4.873186e+01 -2.733130e+01
      vertex   -5.063132e+01 4.473186e+01 -2.733130e+01
      vertex   -1.015313e+02 4.473186e+01 -2.733130e+01
    endloop
  endfacet
  facet normal -1.652425e-14 3.270797e-13 -1.000000e+00
    outer loop
      vertex   -9.072564e+01 4.873186e+01 -2.733130e+01
      vertex   -1.015313e+02 4.473186e+01 -2.733130e+01
      vertex   -9.502564e+01 4.873186e+01 -2.733130e+01
    endloop
  endfacet
  facet normal -1.093143e-14 3.179834e-13 -1.000000e+00
    outer loop
      vertex   -9.502564e+01 4.873186e+01 -2.733130e+01
      vertex   -1.015313e+02 4.473186e+01 -2.733130e+01
      vertex   -1.015256e+02 4.873186e+01 -2.733130e+01
    endloop
  endfacet
  facet normal 2.258307e-10 -2.675682e-15 -1.000000e+00
    outer loop
      vertex   -1.015256e+02 4.873186e+01 -2.733130e+01
      vertex   -1.015313e+02 4.473186e+01 -2.733130e+01
      vertex   -1.015313e+02 9.385967e+01 -2.733130e+01
    endloop
  endfacet
  facet normal 8.444899e-11 -2.046865e-14 -1.000000e+00
    outer loop
      vertex   -1.015256e+02 4.873186e+01 -2.733130e+01
      vertex   -1.015313e+02 9.385967e+01 -2.733130e+01
      vertex   -1.015256e+02 9.385967e+01 -2.733130e+01
    endloop
  endfacet
  facet normal -1.652425e-14 -1.528840e-14 -1.000000e+00
    outer loop
      vertex   -9.502564e+01 4.873186e+01 -2.733130e+01
      vertex   -9.287564e+01 5.105565e+01 -2.733130e+01
      vertex   -9.072564e+01 4.873186e+01 -2.733130e+01
    endloop
  endfacet
  facet normal 0.000000e+00 1.000000e+00 0.000000e+00
    outer loop
      vertex   -6.829037e+01 9.773186e+01 -1.744509e+01
      vertex   -7.801044e+01 9.773186e+01 -1.733055e+01
      vertex   -6.830643e+01 9.773186e+01 -1.721545e+01
    endloop
  endfacet
  facet normal 0.000000e+00 1.000000e+00 0.000000e+00
    outer loop
      vertex   -6.830643e+01 9.773186e+01 -1.721545e+01
      vertex   -7.801044e+01 9.773186e+01 -1.733055e+01
      vertex   -7.801044e+01 9.773186e+01 -1.710035e+01
    endloop
  endfacet
  facet normal 0.000000e+00 1.000000e+00 -0.000000e+00
    outer loop
      vertex   -6.830643e+01 9.773186e+01 -1.721545e+01
      vertex   -7.801044e+01 9.773186e+01 -1.710035e+01
      vertex   -6.829037e+01 9.773186e+01 -1.698581e+01
    endloop
  endfacet
  facet normal 0.000000e+00 1.000000e+00 0.000000e+00
    outer loop
      vertex   -6.829037e+01 9.773186e+01 -1.698581e+01
      vertex   -7.801044e+01 9.773186e+01 -1.710035e+01
      vertex   -7.804248e+01 9.773186e+01 -1.687240e+01
    endloop
  endfacet
  facet normal 0.000000e+00 1.000000e+00 -0.000000e+00
    outer loop
      vertex   -6.829037e+01 9.773186e+01 -1.698581e+01
      vertex   -7.804248e+01 9.773186e+01 -1.687240e+01
      vertex   -6.824251e+01 9.773186e+01 -1.676065e+01
    endloop
  endfacet
  facet normal 0.000000e+00 1.000000e+00 0.000000e+00
    outer loop
      vertex   -6.824251e+01 9.773186e+01 -1.676065e+01
      vertex   -7.804248e+01 9.773186e+01 -1.687240e+01
      vertex   -7.810593e+01 9.773186e+01 -1.665112e+01
    endloop
  endfacet
  facet normal 0.000000e+00 1.000000e+00 -0.000000e+00
    outer loop
      vertex   -6.824251e+01 9.773186e+01 -1.676065e+01
      vertex   -7.810593e+01 9.773186e+01 -1.665112e+01
      vertex   -6.816378e+01 9.773186e+01 -1.654433e+01
    endloop
  endfacet
  facet normal 0.000000e+00 1.000000e+00 0.000000e+00
    outer loop
      vertex   -6.816378e+01 9.773186e+01 -1.654433e+01
      vertex   -7.810593e+01 9.773186e+01 -1.665112e+01
      vertex   -7.819956e+01 9.773186e+01 -1.644082e+01
    endloop
  endfacet
  facet normal 0.000000e+00 1.000000e+00 -0.000000e+00
    outer loop
      vertex   -6.816378e+01 9.773186e+01 -1.654433e+01
      vertex   -7.819956e+01 9.773186e+01 -1.644082e+01
      vertex   -6.805570e+01 9.773186e+01 -1.634108e+01
    endloop
  endfacet
  facet normal 0.000000e+00 1.000000e+00 0.000000e+00
    outer loop
      vertex   -6.805570e+01 9.773186e+01 -1.634108e+01
      vertex   -7.819956e+01 9.773186e+01 -1.644082e+01
      vertex   -7.832155e+01 9.773186e+01 -1.624560e+01
    endloop
  endfacet
  facet normal 0.000000e+00 1.000000e+00 -0.000000e+00
    outer loop
      vertex   -6.805570e+01 9.773186e+01 -1.634108e+01
      vertex   -7.832155e+01 9.773186e+01 -1.624560e+01
      vertex   -6.792040e+01 9.773186e+01 -1.615485e+01
    endloop
  endfacet
  facet normal 0.000000e+00 1.000000e+00 0.000000e+00
    outer loop
      vertex   -6.792040e+01 9.773186e+01 -1.615485e+01
      vertex   -7.832155e+01 9.773186e+01 -1.624560e+01
      vertex   -7.846951e+01 9.773186e+01 -1.606926e+01
    endloop
  endfacet
  facet normal 0.000000e+00 1.000000e+00 -0.000000e+00
    outer loop
      vertex   -6.792040e+01 9.773186e+01 -1.615485e+01
      vertex   -7.846951e+01 9.773186e+01 -1.606926e+01
      vertex   -6.776049e+01 9.773186e+01 -1.598926e+01
    endloop
  endfacet
  facet normal 0.000000e+00 1.000000e+00 0.000000e+00
    outer loop
      vertex   -6.776049e+01 9.773186e+01 -1.598926e+01
      vertex   -7.846951e+01 9.773186e+01 -1.606926e+01
      vertex   -7.864058e+01 9.773186e+01 -1.591523e+01
    endloop
  endfacet
  facet normal 0.000000e+00 1.000000e+00 -0.000000e+00
    outer loop
      vertex   -6.776049e+01 9.773186e+01 -1.598926e+01
      vertex   -7.864058e+01 9.773186e+01 -1.591523e+01
      vertex   -6.757909e+01 9.773186e+01 -1.584754e+01
    endloop
  endfacet
  facet normal 0.000000e+00 1.000000e+00 0.000000e+00
    outer loop
      vertex   -6.757909e+01 9.773186e+01 -1.584754e+01
      vertex   -7.864058e+01 9.773186e+01 -1.591523e+01
      vertex   -7.883143e+01 9.773186e+01 -1.578651e+01
    endloop
  endfacet
  facet normal 0.000000e+00 1.000000e+00 -0.000000e+00
    outer loop
      vertex   -6.757909e+01 9.773186e+01 -1.584754e+01
      vertex   -7.883143e+01 9.773186e+01 -1.578651e+01
      vertex   -6.737974e+01 9.773186e+01 -1.573244e+01
    endloop
  endfacet
  facet normal 0.000000e+00 1.000000e+00 0.000000e+00
    outer loop
      vertex   -6.737974e+01 9.773186e+01 -1.573244e+01
      vertex   -7.883143e+01 9.773186e+01 -1.578651e+01
      vertex   -7.903832e+01 9.773186e+01 -1.568560e+01
    endloop
  endfacet
  facet normal 0.000000e+00 1.000000e+00 -0.000000e+00
    outer loop
      vertex   -6.737974e+01 9.773186e+01 -1.573244e+01
      vertex   -7.903832e+01 9.773186e+01 -1.568560e+01
      vertex   -6.716630e+01 9.773186e+01 -1.564621e+01
    endloop
  endfacet
  facet normal 0.000000e+00 1.000000e+00 0.000000e+00
    outer loop
      vertex   -6.716630e+01 9.773186e+01 -1.564621e+01
      vertex   -7.903832e+01 9.773186e+01 -1.568560e+01
      vertex   -7.925725e+01 9.773186e+01 -1.561446e+01
    endloop
  endfacet
  facet normal 0.000000e+00 1.000000e+00 -0.000000e+00
    outer loop
      vertex   -6.716630e+01 9.773186e+01 -1.564621e+01
      vertex   -7.925725e+01 9.773186e+01 -1.561446e+01
      vertex   -6.694294e+01 9.773186e+01 -1.559052e+01
    endloop
  endfacet
  facet normal -1.350737e-17 1.000000e+00 6.946543e-15
    outer loop
      vertex   -6.694294e+01 9.773186e+01 -1.559052e+01
      vertex   -7.925725e+01 9.773186e+01 -1.561446e+01
      vertex   -8.547965e+01 9.773186e+01 -1.153507e+01
    endloop
  endfacet
  facet normal -4.975642e-16 1.000000e+00 4.734007e-15
    outer loop
      vertex   -6.694294e+01 9.773186e+01 -1.559052e+01
      vertex   -8.547965e+01 9.773186e+01 -1.153507e+01
      vertex   -6.671401e+01 9.773186e+01 -1.556645e+01
    endloop
  endfacet
  facet normal -7.830458e-16 1.000000e+00 3.405122e-15
    outer loop
      vertex   -6.671401e+01 9.773186e+01 -1.556645e+01
      vertex   -8.547965e+01 9.773186e+01 -1.153507e+01
      vertex   -4.918330e+01 9.773186e+01 -1.153507e+01
    endloop
  endfacet
  facet normal -0.000000e+00 1.000000e+00 0.000000e+00
    outer loop
      vertex   -6.671401e+01 9.773186e+01 -1.556645e+01
      vertex   -4.918330e+01 9.773186e+01 -1.153507e+01
      vertex   -6.648395e+01 9.773186e+01 -1.557449e+01
    endloop
  endfacet
  facet normal -0.000000e+00 1.000000e+00 0.000000e+00
    outer loop
      vertex   -6.648395e+01 9.773186e+01 -1.557449e+01
      vertex   -4.918330e+01 9.773186e+01 -1.153507e+01
      vertex   -6.625725e+01 9.773186e+01 -1.561446e+01
    endloop
  endfacet
  facet normal -0.000000e+00 1.000000e+00 0.000000e+00
    outer loop
      vertex   -6.625725e+01 9.773186e+01 -1.561446e+01
      vertex   -4.918330e+01 9.773186e+01 -1.153507e+01
      vertex   -6.603832e+01 9.773186e+01 -1.568560e+01
    endloop
  endfacet
  facet normal 9.624134e-15 1.000000e+00 -3.908302e-14
    outer loop
      vertex   -6.603832e+01 9.773186e+01 -1.568560e+01
      vertex   -4.918330e+01 9.773186e+01 -1.153507e+01
      vertex   -4.898686e+01 9.773186e+01 -1.185030e+01
    endloop
  endfacet
  facet normal 7.454807e-16 1.000000e+00 3.909257e-16
    outer loop
      vertex   -6.603832e+01 9.773186e+01 -1.568560e+01
      vertex   -4.898686e+01 9.773186e+01 -1.185030e+01
      vertex   -4.881436e+01 9.773186e+01 -1.217925e+01
    endloop
  endfacet
  facet normal 0.000000e+00 1.000000e+00 0.000000e+00
    outer loop
      vertex   -7.801044e+01 9.773186e+01 -1.733055e+01
      vertex   -6.829037e+01 9.773186e+01 -1.744509e+01
      vertex   -7.804248e+01 9.773186e+01 -1.755850e+01
    endloop
  endfacet
  facet normal -0.000000e+00 1.000000e+00 0.000000e+00
    outer loop
      vertex   -7.804248e+01 9.773186e+01 -1.755850e+01
      vertex   -6.829037e+01 9.773186e+01 -1.744509e+01
      vertex   -6.824251e+01 9.773186e+01 -1.767025e+01
    endloop
  endfacet
  facet normal 0.000000e+00 1.000000e+00 0.000000e+00
    outer loop
      vertex   -7.804248e+01 9.773186e+01 -1.755850e+01
      vertex   -6.824251e+01 9.773186e+01 -1.767025e+01
      vertex   -7.810593e+01 9.773186e+01 -1.777978e+01
    endloop
  endfacet
  facet normal -0.000000e+00 1.000000e+00 0.000000e+00
    outer loop
      vertex   -7.810593e+01 9.773186e+01 -1.777978e+01
      vertex   -6.824251e+01 9.773186e+01 -1.767025e+01
      vertex   -6.816378e+01 9.773186e+01 -1.788656e+01
    endloop
  endfacet
  facet normal 0.000000e+00 1.000000e+00 0.000000e+00
    outer loop
      vertex   -7.810593e+01 9.773186e+01 -1.777978e+01
      vertex   -6.816378e+01 9.773186e+01 -1.788656e+01
      vertex   -7.819956e+01 9.773186e+01 -1.799008e+01
    endloop
  endfacet
  facet normal -0.000000e+00 1.000000e+00 0.000000e+00
    outer loop
      vertex   -7.819956e+01 9.773186e+01 -1.799008e+01
      vertex   -6.816378e+01 9.773186e+01 -1.788656e+01
      vertex   -6.805570e+01 9.773186e+01 -1.808982e+01
    endloop
  endfacet
  facet normal 0.000000e+00 1.000000e+00 0.000000e+00
    outer loop
      vertex   -7.819956e+01 9.773186e+01 -1.799008e+01
      vertex   -6.805570e+01 9.773186e+01 -1.808982e+01
      vertex   -7.832155e+01 9.773186e+01 -1.818530e+01
    endloop
  endfacet
  facet normal -0.000000e+00 1.000000e+00 0.000000e+00
    outer loop
      vertex   -7.832155e+01 9.773186e+01 -1.818530e+01
      vertex   -6.805570e+01 9.773186e+01 -1.808982e+01
      vertex   -6.792040e+01 9.773186e+01 -1.827605e+01
    endloop
  endfacet
  facet normal 0.000000e+00 1.000000e+00 0.000000e+00
    outer loop
      vertex   -7.832155e+01 9.773186e+01 -1.818530e+01
      vertex   -6.792040e+01 9.773186e+01 -1.827605e+01
      vertex   -7.846951e+01 9.773186e+01 -1.836164e+01
    endloop
  endfacet
  facet normal -0.000000e+00 1.000000e+00 0.000000e+00
    outer loop
      vertex   -7.846951e+01 9.773186e+01 -1.836164e+01
      vertex   -6.792040e+01 9.773186e+01 -1.827605e+01
      vertex   -6.776049e+01 9.773186e+01 -1.844164e+01
    endloop
  endfacet
  facet normal 0.000000e+00 1.000000e+00 0.000000e+00
    outer loop
      vertex   -7.846951e+01 9.773186e+01 -1.836164e+01
      vertex   -6.776049e+01 9.773186e+01 -1.844164e+01
      vertex   -7.864058e+01 9.773186e+01 -1.851567e+01
    endloop
  endfacet
  facet normal -0.000000e+00 1.000000e+00 0.000000e+00
    outer loop
      vertex   -7.864058e+01 9.773186e+01 -1.851567e+01
      vertex   -6.776049e+01 9.773186e+01 -1.844164e+01
      vertex   -6.757909e+01 9.773186e+01 -1.858336e+01
    endloop
  endfacet
  facet normal 0.000000e+00 1.000000e+00 0.000000e+00
    outer loop
      vertex   -7.864058e+01 9.773186e+01 -1.851567e+01
      vertex   -6.757909e+01 9.773186e+01 -1.858336e+01
      vertex   -7.883143e+01 9.773186e+01 -1.864439e+01
    endloop
  endfacet
  facet normal -0.000000e+00 1.000000e+00 0.000000e+00
    outer loop
      vertex   -7.883143e+01 9.773186e+01 -1.864439e+01
      vertex   -6.757909e+01 9.773186e+01 -1.858336e+01
      vertex   -6.737974e+01 9.773186e+01 -1.869846e+01
    endloop
  endfacet
  facet normal 0.000000e+00 1.000000e+00 0.000000e+00
    outer loop
      vertex   -7.883143e+01 9.773186e+01 -1.864439e+01
      vertex   -6.737974e+01 9.773186e+01 -1.869846e+01
      vertex   -7.903832e+01 9.773186e+01 -1.874530e+01
    endloop
  endfacet
  facet normal -0.000000e+00 1.000000e+00 0.000000e+00
    outer loop
      vertex   -7.903832e+01 9.773186e+01 -1.874530e+01
      vertex   -6.737974e+01 9.773186e+01 -1.869846e+01
      vertex   -6.716630e+01 9.773186e+01 -1.878469e+01
    endloop
  endfacet
  facet normal 0.000000e+00 1.000000e+00 0.000000e+00
    outer loop
      vertex   -7.903832e+01 9.773186e+01 -1.874530e+01
      vertex   -6.716630e+01 9.773186e+01 -1.878469e+01
      vertex   -7.925725e+01 9.773186e+01 -1.881644e+01
    endloop
  endfacet
  facet normal -0.000000e+00 1.000000e+00 0.000000e+00
    outer loop
      vertex   -7.925725e+01 9.773186e+01 -1.881644e+01
      vertex   -6.716630e+01 9.773186e+01 -1.878469e+01
      vertex   -6.694294e+01 9.773186e+01 -1.884038e+01
    endloop
  endfacet
  facet normal 6.481239e-18 1.000000e+00 3.333159e-15
    outer loop
      vertex   -7.925725e+01 9.773186e+01 -1.881644e+01
      vertex   -6.694294e+01 9.773186e+01 -1.884038e+01
      vertex   -8.547965e+01 9.773186e+01 -2.733130e+01
    endloop
  endfacet
  facet normal 2.861562e-16 1.000000e+00 2.722594e-15
    outer loop
      vertex   -8.547965e+01 9.773186e+01 -2.733130e+01
      vertex   -6.694294e+01 9.773186e+01 -1.884038e+01
      vertex   -6.671401e+01 9.773186e+01 -1.886444e+01
    endloop
  endfacet
  facet normal -1.270566e-16 1.000000e+00 3.638425e-15
    outer loop
      vertex   -8.547965e+01 9.773186e+01 -2.733130e+01
      vertex   -6.671401e+01 9.773186e+01 -1.886444e+01
      vertex   -6.648395e+01 9.773186e+01 -1.885641e+01
    endloop
  endfacet
  facet normal 4.870468e-16 1.000000e+00 2.261967e-15
    outer loop
      vertex   -8.547965e+01 9.773186e+01 -2.733130e+01
      vertex   -6.648395e+01 9.773186e+01 -1.885641e+01
      vertex   -4.832564e+01 9.773186e+01 -3.533130e+01
    endloop
  endfacet
  facet normal -2.546930e-16 1.000000e+00 1.444436e-15
    outer loop
      vertex   -4.832564e+01 9.773186e+01 -3.533130e+01
      vertex   -6.648395e+01 9.773186e+01 -1.885641e+01
      vertex   -6.625725e+01 9.773186e+01 -1.881644e+01
    endloop
  endfacet
  facet normal -4.133519e-16 1.000000e+00 1.272166e-15
    outer loop
      vertex   -4.832564e+01 9.773186e+01 -3.533130e+01
      vertex   -6.625725e+01 9.773186e+01 -1.881644e+01
      vertex   -6.603832e+01 9.773186e+01 -1.874530e+01
    endloop
  endfacet
  facet normal -5.495409e-16 1.000000e+00 1.126726e-15
    outer loop
      vertex   -6.603832e+01 9.773186e+01 -1.874530e+01
      vertex   -6.583143e+01 9.773186e+01 -1.864439e+01
      vertex   -4.832564e+01 9.773186e+01 -3.533130e+01
    endloop
  endfacet
  facet normal -3.332135e-16 1.000000e+00 1.353669e-15
    outer loop
      vertex   -4.832564e+01 9.773186e+01 -3.533130e+01
      vertex   -6.583143e+01 9.773186e+01 -1.864439e+01
      vertex   -4.832564e+01 9.773186e+01 -1.433524e+01
    endloop
  endfacet
  facet normal 0.000000e+00 1.000000e+00 0.000000e+00
    outer loop
      vertex   -4.832564e+01 9.773186e+01 -1.433524e+01
      vertex   -6.583143e+01 9.773186e+01 -1.864439e+01
      vertex   -6.564058e+01 9.773186e+01 -1.851567e+01
    endloop
  endfacet
  facet normal 0.000000e+00 1.000000e+00 0.000000e+00
    outer loop
      vertex   -4.832564e+01 9.773186e+01 -1.433524e+01
      vertex   -6.564058e+01 9.773186e+01 -1.851567e+01
      vertex   -6.546951e+01 9.773186e+01 -1.836164e+01
    endloop
  endfacet
  facet normal 0.000000e+00 1.000000e+00 0.000000e+00
    outer loop
      vertex   -6.546951e+01 9.773186e+01 -1.836164e+01
      vertex   -6.532155e+01 9.773186e+01 -1.818530e+01
      vertex   -4.832564e+01 9.773186e+01 -1.433524e+01
    endloop
  endfacet
  facet normal 0.000000e+00 1.000000e+00 0.000000e+00
    outer loop
      vertex   -4.832564e+01 9.773186e+01 -1.433524e+01
      vertex   -6.532155e+01 9.773186e+01 -1.818530e+01
      vertex   -6.519956e+01 9.773186e+01 -1.799008e+01
    endloop
  endfacet
  facet normal 0.000000e+00 1.000000e+00 0.000000e+00
    outer loop
      vertex   -4.832564e+01 9.773186e+01 -1.433524e+01
      vertex   -6.519956e+01 9.773186e+01 -1.799008e+01
      vertex   -6.510593e+01 9.773186e+01 -1.777978e+01
    endloop
  endfacet
  facet normal 0.000000e+00 1.000000e+00 0.000000e+00
    outer loop
      vertex   -6.510593e+01 9.773186e+01 -1.777978e+01
      vertex   -6.504248e+01 9.773186e+01 -1.755850e+01
      vertex   -4.832564e+01 9.773186e+01 -1.433524e+01
    endloop
  endfacet
  facet normal 0.000000e+00 1.000000e+00 0.000000e+00
    outer loop
      vertex   -4.832564e+01 9.773186e+01 -1.433524e+01
      vertex   -6.504248e+01 9.773186e+01 -1.755850e+01
      vertex   -6.501044e+01 9.773186e+01 -1.733055e+01
    endloop
  endfacet
  facet normal 0.000000e+00 1.000000e+00 0.000000e+00
    outer loop
      vertex   -4.832564e+01 9.773186e+01 -1.433524e+01
      vertex   -6.501044e+01 9.773186e+01 -1.733055e+01
      vertex   -6.501044e+01 9.773186e+01 -1.710035e+01
    endloop
  endfacet
  facet normal 0.000000e+00 1.000000e+00 -0.000000e+00
    outer loop
      vertex   -6.501044e+01 9.773186e+01 -1.710035e+01
      vertex   -6.504248e+01 9.773186e+01 -1.687240e+01
      vertex   -4.832564e+01 9.773186e+01 -1.433524e+01
    endloop
  endfacet
  facet normal 0.000000e+00 1.000000e+00 0.000000e+00
    outer loop
      vertex   -4.832564e+01 9.773186e+01 -1.433524e+01
      vertex   -6.504248e+01 9.773186e+01 -1.687240e+01
      vertex   -6.510593e+01 9.773186e+01 -1.665112e+01
    endloop
  endfacet
  facet normal 0.000000e+00 1.000000e+00 0.000000e+00
    outer loop
      vertex   -4.832564e+01 9.773186e+01 -1.433524e+01
      vertex   -6.510593e+01 9.773186e+01 -1.665112e+01
      vertex   -6.519956e+01 9.773186e+01 -1.644082e+01
    endloop
  endfacet
  facet normal 0.000000e+00 1.000000e+00 -0.000000e+00
    outer loop
      vertex   -6.519956e+01 9.773186e+01 -1.644082e+01
      vertex   -6.532155e+01 9.773186e+01 -1.624560e+01
      vertex   -4.832564e+01 9.773186e+01 -1.433524e+01
    endloop
  endfacet
  facet normal 0.000000e+00 1.000000e+00 0.000000e+00
    outer loop
      vertex   -4.832564e+01 9.773186e+01 -1.433524e+01
      vertex   -6.532155e+01 9.773186e+01 -1.624560e+01
      vertex   -6.546951e+01 9.773186e+01 -1.606926e+01
    endloop
  endfacet
  facet normal 0.000000e+00 1.000000e+00 0.000000e+00
    outer loop
      vertex   -4.832564e+01 9.773186e+01 -1.433524e+01
      vertex   -6.546951e+01 9.773186e+01 -1.606926e+01
      vertex   -6.564058e+01 9.773186e+01 -1.591523e+01
    endloop
  endfacet
  facet normal -6.711971e-16 1.000000e+00 -9.950906e-16
    outer loop
      vertex   -6.583143e+01 9.773186e+01 -1.578651e+01
      vertex   -4.844935e+01 9.773186e+01 -1.322990e+01
      vertex   -6.564058e+01 9.773186e+01 -1.591523e+01
    endloop
  endfacet
  facet normal -8.030604e-16 1.000000e+00 -1.509151e-16
    outer loop
      vertex   -6.564058e+01 9.773186e+01 -1.591523e+01
      vertex   -4.844935e+01 9.773186e+01 -1.322990e+01
      vertex   -4.838075e+01 9.773186e+01 -1.359494e+01
    endloop
  endfacet
  facet normal -8.111442e-16 1.000000e+00 -9.078235e-17
    outer loop
      vertex   -6.564058e+01 9.773186e+01 -1.591523e+01
      vertex   -4.838075e+01 9.773186e+01 -1.359494e+01
      vertex   -4.833944e+01 9.773186e+01 -1.396407e+01
    endloop
  endfacet
  facet normal 5.821010e-16 1.000000e+00 1.193484e-15
    outer loop
      vertex   -6.603832e+01 9.773186e+01 -1.568560e+01
      vertex   -4.881436e+01 9.773186e+01 -1.217925e+01
      vertex   -6.583143e+01 9.773186e+01 -1.578651e+01
    endloop
  endfacet
  facet normal 7.648803e-16 1.000000e+00 3.312308e-16
    outer loop
      vertex   -6.583143e+01 9.773186e+01 -1.578651e+01
      vertex   -4.881436e+01 9.773186e+01 -1.217925e+01
      vertex   -4.866676e+01 9.773186e+01 -1.252010e+01
    endloop
  endfacet
  facet normal -6.453087e-15 1.000000e+00 3.826093e-14
    outer loop
      vertex   -6.583143e+01 9.773186e+01 -1.578651e+01
      vertex   -4.866676e+01 9.773186e+01 -1.252010e+01
      vertex   -4.854486e+01 9.773186e+01 -1.287096e+01
    endloop
  endfacet
  facet normal -6.218597e-15 1.000000e+00 4.348467e-16
    outer loop
      vertex   -8.129037e+01 9.773186e+01 -1.698581e+01
      vertex   -8.130643e+01 9.773186e+01 -1.721545e+01
      vertex   -8.547965e+01 9.773186e+01 -1.153507e+01
    endloop
  endfacet
  facet normal -7.526904e-15 1.000000e+00 -5.263324e-16
    outer loop
      vertex   -8.547965e+01 9.773186e+01 -1.153507e+01
      vertex   -8.130643e+01 9.773186e+01 -1.721545e+01
      vertex   -8.129037e+01 9.773186e+01 -1.744509e+01
    endloop
  endfacet
  facet normal -9.690082e-15 1.000000e+00 -2.059691e-15
    outer loop
      vertex   -8.547965e+01 9.773186e+01 -1.153507e+01
      vertex   -8.129037e+01 9.773186e+01 -1.744509e+01
      vertex   -8.124251e+01 9.773186e+01 -1.767025e+01
    endloop
  endfacet
  facet normal -1.497233e-15 1.000000e+00 3.598545e-15
    outer loop
      vertex   -8.547965e+01 9.773186e+01 -1.153507e+01
      vertex   -8.124251e+01 9.773186e+01 -1.767025e+01
      vertex   -8.547965e+01 9.773186e+01 -2.733130e+01
    endloop
  endfacet
  facet normal 3.665672e-15 1.000000e+00 1.334196e-15
    outer loop
      vertex   -8.547965e+01 9.773186e+01 -2.733130e+01
      vertex   -8.124251e+01 9.773186e+01 -1.767025e+01
      vertex   -8.116378e+01 9.773186e+01 -1.788656e+01
    endloop
  endfacet
  facet normal 3.043750e-15 1.000000e+00 1.618390e-15
    outer loop
      vertex   -8.547965e+01 9.773186e+01 -2.733130e+01
      vertex   -8.116378e+01 9.773186e+01 -1.788656e+01
      vertex   -8.105570e+01 9.773186e+01 -1.808982e+01
    endloop
  endfacet
  facet normal 2.551715e-15 1.000000e+00 1.853930e-15
    outer loop
      vertex   -8.105570e+01 9.773186e+01 -1.808982e+01
      vertex   -8.092040e+01 9.773186e+01 -1.827605e+01
      vertex   -8.547965e+01 9.773186e+01 -2.733130e+01
    endloop
  endfacet
  facet normal 2.136360e-15 1.000000e+00 2.063059e-15
    outer loop
      vertex   -8.547965e+01 9.773186e+01 -2.733130e+01
      vertex   -8.092040e+01 9.773186e+01 -1.827605e+01
      vertex   -8.076049e+01 9.773186e+01 -1.844164e+01
    endloop
  endfacet
  facet normal 1.765608e-15 1.000000e+00 2.259875e-15
    outer loop
      vertex   -8.547965e+01 9.773186e+01 -2.733130e+01
      vertex   -8.076049e+01 9.773186e+01 -1.844164e+01
      vertex   -8.057909e+01 9.773186e+01 -1.858336e+01
    endloop
  endfacet
  facet normal 1.417370e-15 1.000000e+00 2.454957e-15
    outer loop
      vertex   -8.057909e+01 9.773186e+01 -1.858336e+01
      vertex   -8.037974e+01 9.773186e+01 -1.869846e+01
      vertex   -8.547965e+01 9.773186e+01 -2.733130e+01
    endloop
  endfacet
  facet normal 1.073857e-15 1.000000e+00 2.657890e-15
    outer loop
      vertex   -8.547965e+01 9.773186e+01 -2.733130e+01
      vertex   -8.037974e+01 9.773186e+01 -1.869846e+01
      vertex   -8.016630e+01 9.773186e+01 -1.878469e+01
    endloop
  endfacet
  facet normal 7.178667e-16 1.000000e+00 2.879206e-15
    outer loop
      vertex   -8.547965e+01 9.773186e+01 -2.733130e+01
      vertex   -8.016630e+01 9.773186e+01 -1.878469e+01
      vertex   -7.994294e+01 9.773186e+01 -1.884038e+01
    endloop
  endfacet
  facet normal 3.292508e-16 1.000000e+00 3.132613e-15
    outer loop
      vertex   -7.994294e+01 9.773186e+01 -1.884038e+01
      vertex   -7.971401e+01 9.773186e+01 -1.886444e+01
      vertex   -8.547965e+01 9.773186e+01 -2.733130e+01
    endloop
  endfacet
  facet normal -1.200782e-16 1.000000e+00 3.438591e-15
    outer loop
      vertex   -8.547965e+01 9.773186e+01 -2.733130e+01
      vertex   -7.971401e+01 9.773186e+01 -1.886444e+01
      vertex   -7.948395e+01 9.773186e+01 -1.885641e+01
    endloop
  endfacet
  facet normal -6.756173e-16 1.000000e+00 3.831616e-15
    outer loop
      vertex   -8.547965e+01 9.773186e+01 -2.733130e+01
      vertex   -7.948395e+01 9.773186e+01 -1.885641e+01
      vertex   -7.925725e+01 9.773186e+01 -1.881644e+01
    endloop
  endfacet
  facet normal 1.680468e-15 1.000000e+00 9.530407e-15
    outer loop
      vertex   -7.925725e+01 9.773186e+01 -1.561446e+01
      vertex   -7.948395e+01 9.773186e+01 -1.557449e+01
      vertex   -8.547965e+01 9.773186e+01 -1.153507e+01
    endloop
  endfacet
  facet normal 2.591376e-16 1.000000e+00 7.420729e-15
    outer loop
      vertex   -8.547965e+01 9.773186e+01 -1.153507e+01
      vertex   -7.948395e+01 9.773186e+01 -1.557449e+01
      vertex   -7.971401e+01 9.773186e+01 -1.556645e+01
    endloop
  endfacet
  facet normal -6.441663e-16 1.000000e+00 6.128833e-15
    outer loop
      vertex   -8.547965e+01 9.773186e+01 -1.153507e+01
      vertex   -7.971401e+01 9.773186e+01 -1.556645e+01
      vertex   -7.994294e+01 9.773186e+01 -1.559052e+01
    endloop
  endfacet
  facet normal -1.303616e-15 1.000000e+00 5.228518e-15
    outer loop
      vertex   -7.994294e+01 9.773186e+01 -1.559052e+01
      vertex   -8.016630e+01 9.773186e+01 -1.564621e+01
      vertex   -8.547965e+01 9.773186e+01 -1.153507e+01
    endloop
  endfacet
  facet normal -1.834989e-15 1.000000e+00 4.541757e-15
    outer loop
      vertex   -8.547965e+01 9.773186e+01 -1.153507e+01
      vertex   -8.016630e+01 9.773186e+01 -1.564621e+01
      vertex   -8.037974e+01 9.773186e+01 -1.573244e+01
    endloop
  endfacet
  facet normal -2.297638e-15 1.000000e+00 3.979626e-15
    outer loop
      vertex   -8.547965e+01 9.773186e+01 -1.153507e+01
      vertex   -8.037974e+01 9.773186e+01 -1.573244e+01
      vertex   -8.057909e+01 9.773186e+01 -1.584754e+01
    endloop
  endfacet
  facet normal -2.727542e-15 1.000000e+00 3.491095e-15
    outer loop
      vertex   -8.057909e+01 9.773186e+01 -1.584754e+01
      vertex   -8.076049e+01 9.773186e+01 -1.598926e+01
      vertex   -8.547965e+01 9.773186e+01 -1.153507e+01
    endloop
  endfacet
  facet normal -3.150783e-15 1.000000e+00 3.042676e-15
    outer loop
      vertex   -8.547965e+01 9.773186e+01 -1.153507e+01
      vertex   -8.076049e+01 9.773186e+01 -1.598926e+01
      vertex   -8.092040e+01 9.773186e+01 -1.615485e+01
    endloop
  endfacet
  facet normal -3.590541e-15 1.000000e+00 2.608680e-15
    outer loop
      vertex   -8.547965e+01 9.773186e+01 -1.153507e+01
      vertex   -8.092040e+01 9.773186e+01 -1.615485e+01
      vertex   -8.105570e+01 9.773186e+01 -1.634108e+01
    endloop
  endfacet
  facet normal -4.072258e-15 1.000000e+00 2.165258e-15
    outer loop
      vertex   -8.105570e+01 9.773186e+01 -1.634108e+01
      vertex   -8.116378e+01 9.773186e+01 -1.654433e+01
      vertex   -8.547965e+01 9.773186e+01 -1.153507e+01
    endloop
  endfacet
  facet normal -4.629622e-15 1.000000e+00 1.685045e-15
    outer loop
      vertex   -8.547965e+01 9.773186e+01 -1.153507e+01
      vertex   -8.116378e+01 9.773186e+01 -1.654433e+01
      vertex   -8.124251e+01 9.773186e+01 -1.676065e+01
    endloop
  endfacet
  facet normal -5.314580e-15 1.000000e+00 1.129649e-15
    outer loop
      vertex   -8.547965e+01 9.773186e+01 -1.153507e+01
      vertex   -8.124251e+01 9.773186e+01 -1.676065e+01
      vertex   -8.129037e+01 9.773186e+01 -1.698581e+01
    endloop
  endfacet
  facet normal -6.390613e-15 1.000000e+00 3.789052e-14
    outer loop
      vertex   -4.854486e+01 9.773186e+01 -1.287096e+01
      vertex   -4.844935e+01 9.773186e+01 -1.322990e+01
      vertex   -6.583143e+01 9.773186e+01 -1.578651e+01
    endloop
  endfacet
  facet normal 3.481803e-15 1.000000e+00 -3.815671e-14
    outer loop
      vertex   -4.833944e+01 9.773186e+01 -1.396407e+01
      vertex   -4.832564e+01 9.773186e+01 -1.433524e+01
      vertex   -6.564058e+01 9.773186e+01 -1.591523e+01
    endloop
  endfacet
  facet normal -5.111818e-16 1.000000e+00 -2.374057e-15
    outer loop
      vertex   -4.832564e+01 9.773186e+01 -3.533130e+01
      vertex   -1.039256e+02 9.773186e+01 -3.533130e+01
      vertex   -8.547965e+01 9.773186e+01 -2.733130e+01
    endloop
  endfacet
  facet normal -1.540807e-15 1.000000e+00 -2.381210e-28
    outer loop
      vertex   -8.547965e+01 9.773186e+01 -2.733130e+01
      vertex   -1.039256e+02 9.773186e+01 -3.533130e+01
      vertex   -1.039256e+02 9.773186e+01 -2.733130e+01
    endloop
  endfacet
  facet normal 1.000000e+00 1.162116e-10 -6.091511e-15
    outer loop
      vertex   -4.832564e+01 9.773186e+01 -1.433524e+01
      vertex   -4.832564e+01 9.385967e+01 -1.542524e+01
      vertex   -4.832564e+01 9.773186e+01 -3.533130e+01
    endloop
  endfacet
  facet normal 1.000000e+00 -2.190835e-12 -2.303811e-11
    outer loop
      vertex   -4.832564e+01 9.773186e+01 -3.533130e+01
      vertex   -4.832564e+01 9.385967e+01 -1.542524e+01
      vertex   -4.832564e+01 4.473186e+01 -3.033130e+01
    endloop
  endfacet
  facet normal 1.000000e+00 -1.776357e-14 -3.552714e-15
    outer loop
      vertex   -4.832564e+01 9.773186e+01 -3.533130e+01
      vertex   -4.832564e+01 4.473186e+01 -3.033130e+01
      vertex   -4.832564e+01 4.973186e+01 -3.533130e+01
    endloop
  endfacet
  facet normal 1.000000e+00 1.162135e-10 -1.303748e-14
    outer loop
      vertex   -4.832564e+01 9.773186e+01 -1.433524e+01
      vertex   -4.832564e+01 9.385967e+01 -1.433524e+01
      vertex   -4.832564e+01 9.385967e+01 -1.542524e+01
    endloop
  endfacet
  facet normal 1.000000e+00 8.429937e-13 -3.303710e-11
    outer loop
      vertex   -4.832564e+01 9.385967e+01 -1.542524e+01
      vertex   -4.832564e+01 4.873186e+01 -1.542524e+01
      vertex   -4.832564e+01 4.473186e+01 -3.033130e+01
    endloop
  endfacet
  facet normal 1.000000e+00 -6.597985e-12 -3.104033e-11
    outer loop
      vertex   -4.832564e+01 4.473186e+01 -3.033130e+01
      vertex   -4.832564e+01 4.873186e+01 -1.542524e+01
      vertex   -4.832564e+01 4.473186e+01 -1.457431e+01
    endloop
  endfacet
  facet normal 1.000000e+00 4.449857e-28 -2.505047e-14
    outer loop
      vertex   -4.832564e+01 4.473186e+01 -1.457431e+01
      vertex   -4.832564e+01 4.873186e+01 -1.542524e+01
      vertex   -4.832564e+01 4.873186e+01 -1.457431e+01
    endloop
  endfacet
  facet normal 0.000000e+00 -1.000000e+00 0.000000e+00
    outer loop
      vertex   -5.063132e+01 4.473186e+01 -3.033130e+01
      vertex   -4.832564e+01 4.473186e+01 -3.033130e+01
      vertex   -5.063132e+01 4.473186e+01 -2.733130e+01
    endloop
  endfacet
  facet normal -5.867314e-15 -1.000000e+00 -4.509382e-15
    outer loop
      vertex   -5.063132e+01 4.473186e+01 -2.733130e+01
      vertex   -4.832564e+01 4.473186e+01 -3.033130e+01
      vertex   -4.832564e+01 4.473186e+01 -1.457431e+01
    endloop
  endfacet
  facet normal 2.900043e-15 -1.000000e+00 -6.093981e-15
    outer loop
      vertex   -5.063132e+01 4.473186e+01 -2.733130e+01
      vertex   -4.832564e+01 4.473186e+01 -1.457431e+01
      vertex   -5.529747e+01 4.473186e+01 -1.905808e+01
    endloop
  endfacet
  facet normal 3.468661e-14 -1.000000e+00 -5.551898e-14
    outer loop
      vertex   -5.529747e+01 4.473186e+01 -1.905808e+01
      vertex   -4.832564e+01 4.473186e+01 -1.457431e+01
      vertex   -5.516289e+01 4.473186e+01 -1.884602e+01
    endloop
  endfacet
  facet normal 0.000000e+00 -1.000000e+00 0.000000e+00
    outer loop
      vertex   -5.516289e+01 4.473186e+01 -1.884602e+01
      vertex   -4.832564e+01 4.473186e+01 -1.457431e+01
      vertex   -5.505595e+01 4.473186e+01 -1.861876e+01
    endloop
  endfacet
  facet normal 0.000000e+00 -1.000000e+00 0.000000e+00
    outer loop
      vertex   -5.505595e+01 4.473186e+01 -1.861876e+01
      vertex   -4.832564e+01 4.473186e+01 -1.457431e+01
      vertex   -5.497834e+01 4.473186e+01 -1.837989e+01
    endloop
  endfacet
  facet normal 0.000000e+00 -1.000000e+00 0.000000e+00
    outer loop
      vertex   -5.497834e+01 4.473186e+01 -1.837989e+01
      vertex   -4.832564e+01 4.473186e+01 -1.457431e+01
      vertex   -5.493127e+01 4.473186e+01 -1.813318e+01
    endloop
  endfacet
  facet normal 2.213073e-12 -1.000000e+00 -4.107695e-12
    outer loop
      vertex   -5.493127e+01 4.473186e+01 -1.813318e+01
      vertex   -4.832564e+01 4.473186e+01 -1.457431e+01
      vertex   -5.491550e+01 4.473186e+01 -1.788251e+01
    endloop
  endfacet
  facet normal -1.784895e-12 -1.000000e+00 3.856164e-12
    outer loop
      vertex   -5.491550e+01 4.473186e+01 -1.788251e+01
      vertex   -4.832564e+01 4.473186e+01 -1.457431e+01
      vertex   -5.493127e+01 4.473186e+01 -1.763184e+01
    endloop
  endfacet
  facet normal 0.000000e+00 -1.000000e+00 0.000000e+00
    outer loop
      vertex   -5.493127e+01 4.473186e+01 -1.763184e+01
      vertex   -4.832564e+01 4.473186e+01 -1.457431e+01
      vertex   -5.497834e+01 4.473186e+01 -1.738513e+01
    endloop
  endfacet
  facet normal 0.000000e+00 -1.000000e+00 0.000000e+00
    outer loop
      vertex   -5.497834e+01 4.473186e+01 -1.738513e+01
      vertex   -4.832564e+01 4.473186e+01 -1.457431e+01
      vertex   -5.505595e+01 4.473186e+01 -1.714626e+01
    endloop
  endfacet
  facet normal 0.000000e+00 -1.000000e+00 0.000000e+00
    outer loop
      vertex   -5.505595e+01 4.473186e+01 -1.714626e+01
      vertex   -4.832564e+01 4.473186e+01 -1.457431e+01
      vertex   -5.516289e+01 4.473186e+01 -1.691900e+01
    endloop
  endfacet
  facet normal 9.436582e-15 -1.000000e+00 -2.751755e-14
    outer loop
      vertex   -5.516289e+01 4.473186e+01 -1.691900e+01
      vertex   -4.832564e+01 4.473186e+01 -1.457431e+01
      vertex   -5.529747e+01 4.473186e+01 -1.670694e+01
    endloop
  endfacet
  facet normal 8.133417e-16 -1.000000e+00 6.728548e-16
    outer loop
      vertex   -5.529747e+01 4.473186e+01 -1.670694e+01
      vertex   -4.832564e+01 4.473186e+01 -1.457431e+01
      vertex   -5.545757e+01 4.473186e+01 -1.651342e+01
    endloop
  endfacet
  facet normal 7.725926e-16 -1.000000e+00 8.227276e-16
    outer loop
      vertex   -5.545757e+01 4.473186e+01 -1.651342e+01
      vertex   -4.832564e+01 4.473186e+01 -1.457431e+01
      vertex   -5.564066e+01 4.473186e+01 -1.634148e+01
    endloop
  endfacet
  facet normal 7.289623e-16 -1.000000e+00 1.003330e-15
    outer loop
      vertex   -5.564066e+01 4.473186e+01 -1.634148e+01
      vertex   -4.832564e+01 4.473186e+01 -1.457431e+01
      vertex   -5.584385e+01 4.473186e+01 -1.619385e+01
    endloop
  endfacet
  facet normal 6.790259e-16 -1.000000e+00 1.235144e-15
    outer loop
      vertex   -5.584385e+01 4.473186e+01 -1.619385e+01
      vertex   -4.832564e+01 4.473186e+01 -1.457431e+01
      vertex   -5.606394e+01 4.473186e+01 -1.607286e+01
    endloop
  endfacet
  facet normal 6.166193e-16 -1.000000e+00 1.557403e-15
    outer loop
      vertex   -5.606394e+01 4.473186e+01 -1.607286e+01
      vertex   -4.832564e+01 4.473186e+01 -1.457431e+01
      vertex   -5.629747e+01 4.473186e+01 -1.598040e+01
    endloop
  endfacet
  facet normal 5.283562e-16 -1.000000e+00 2.057811e-15
    outer loop
      vertex   -5.629747e+01 4.473186e+01 -1.598040e+01
      vertex   -4.832564e+01 4.473186e+01 -1.457431e+01
      vertex   -5.654074e+01 4.473186e+01 -1.591794e+01
    endloop
  endfacet
  facet normal 3.769258e-16 -1.000000e+00 2.983675e-15
    outer loop
      vertex   -5.654074e+01 4.473186e+01 -1.591794e+01
      vertex   -4.832564e+01 4.473186e+01 -1.457431e+01
      vertex   -5.678992e+01 4.473186e+01 -1.588646e+01
    endloop
  endfacet
  facet normal -2.322620e-24 -1.000000e+00 5.415112e-15
    outer loop
      vertex   -5.678992e+01 4.473186e+01 -1.588646e+01
      vertex   -4.832564e+01 4.473186e+01 -1.457431e+01
      vertex   -6.119383e+01 4.473186e+01 -1.457431e+01
    endloop
  endfacet
  facet normal 1.148960e-28 -1.000000e+00 5.415112e-15
    outer loop
      vertex   -5.678992e+01 4.473186e+01 -1.588646e+01
      vertex   -6.119383e+01 4.473186e+01 -1.457431e+01
      vertex   -5.704108e+01 4.473186e+01 -1.588646e+01
    endloop
  endfacet
  facet normal -4.886992e-16 -1.000000e+00 3.868453e-15
    outer loop
      vertex   -5.704108e+01 4.473186e+01 -1.588646e+01
      vertex   -6.119383e+01 4.473186e+01 -1.457431e+01
      vertex   -5.729027e+01 4.473186e+01 -1.591794e+01
    endloop
  endfacet
  facet normal -4.576594e-15 -1.000000e+00 -8.007890e-15
    outer loop
      vertex   -5.729027e+01 4.473186e+01 -1.591794e+01
      vertex   -6.119383e+01 4.473186e+01 -1.457431e+01
      vertex   -6.186238e+01 4.473186e+01 -1.507953e+01
    endloop
  endfacet
  facet normal -1.813193e-15 -1.000000e+00 7.061920e-15
    outer loop
      vertex   -5.729027e+01 4.473186e+01 -1.591794e+01
      vertex   -6.186238e+01 4.473186e+01 -1.507953e+01
      vertex   -5.753354e+01 4.473186e+01 -1.598040e+01
    endloop
  endfacet
  facet normal -2.151802e-15 -1.000000e+00 5.434832e-15
    outer loop
      vertex   -5.753354e+01 4.473186e+01 -1.598040e+01
      vertex   -6.186238e+01 4.473186e+01 -1.507953e+01
      vertex   -5.776706e+01 4.473186e+01 -1.607286e+01
    endloop
  endfacet
  facet normal -2.588958e-15 -1.000000e+00 3.632511e-15
    outer loop
      vertex   -5.776706e+01 4.473186e+01 -1.607286e+01
      vertex   -6.186238e+01 4.473186e+01 -1.507953e+01
      vertex   -6.254477e+01 4.473186e+01 -1.556589e+01
    endloop
  endfacet
  facet normal -2.493184e-15 -1.000000e+00 4.535085e-15
    outer loop
      vertex   -5.776706e+01 4.473186e+01 -1.607286e+01
      vertex   -6.254477e+01 4.473186e+01 -1.556589e+01
      vertex   -5.798716e+01 4.473186e+01 -1.619385e+01
    endloop
  endfacet
  facet normal -2.620993e-15 -1.000000e+00 3.607487e-15
    outer loop
      vertex   -5.798716e+01 4.473186e+01 -1.619385e+01
      vertex   -6.254477e+01 4.473186e+01 -1.556589e+01
      vertex   -5.819035e+01 4.473186e+01 -1.634148e+01
    endloop
  endfacet
  facet normal -4.379227e-16 -1.000000e+00 1.586386e-14
    outer loop
      vertex   -5.819035e+01 4.473186e+01 -1.634148e+01
      vertex   -6.254477e+01 4.473186e+01 -1.556589e+01
      vertex   -6.324048e+01 4.473186e+01 -1.603299e+01
    endloop
  endfacet
  facet normal -1.321046e-15 -1.000000e+00 1.406771e-15
    outer loop
      vertex   -5.819035e+01 4.473186e+01 -1.634148e+01
      vertex   -6.324048e+01 4.473186e+01 -1.603299e+01
      vertex   -5.837344e+01 4.473186e+01 -1.651342e+01
    endloop
  endfacet
  facet normal 2.114325e-15 -1.000000e+00 3.620957e-14
    outer loop
      vertex   -5.837344e+01 4.473186e+01 -1.651342e+01
      vertex   -6.324048e+01 4.473186e+01 -1.603299e+01
      vertex   -6.349506e+01 4.473186e+01 -1.621436e+01
    endloop
  endfacet
  facet normal -0.000000e+00 -1.000000e+00 0.000000e+00
    outer loop
      vertex   -5.837344e+01 4.473186e+01 -1.651342e+01
      vertex   -6.349506e+01 4.473186e+01 -1.621436e+01
      vertex   -5.853354e+01 4.473186e+01 -1.670694e+01
    endloop
  endfacet
  facet normal 0.000000e+00 -1.000000e+00 0.000000e+00
    outer loop
      vertex   -5.853354e+01 4.473186e+01 -1.670694e+01
      vertex   -6.349506e+01 4.473186e+01 -1.621436e+01
      vertex   -6.373366e+01 4.473186e+01 -1.641629e+01
    endloop
  endfacet
  facet normal -1.808574e-15 -1.000000e+00 -3.235843e-14
    outer loop
      vertex   -5.853354e+01 4.473186e+01 -1.670694e+01
      vertex   -6.373366e+01 4.473186e+01 -1.641629e+01
      vertex   -5.866812e+01 4.473186e+01 -1.691900e+01
    endloop
  endfacet
  facet normal 1.276144e-15 -1.000000e+00 -1.275227e-15
    outer loop
      vertex   -5.866812e+01 4.473186e+01 -1.691900e+01
      vertex   -6.373366e+01 4.473186e+01 -1.641629e+01
      vertex   -6.395461e+01 4.473186e+01 -1.663740e+01
    endloop
  endfacet
  facet normal 1.311206e-15 -1.000000e+00 -6.170068e-16
    outer loop
      vertex   -5.866812e+01 4.473186e+01 -1.691900e+01
      vertex   -6.395461e+01 4.473186e+01 -1.663740e+01
      vertex   -5.877506e+01 4.473186e+01 -1.714626e+01
    endloop
  endfacet
  facet normal 1.266654e-15 -1.000000e+00 -1.070488e-15
    outer loop
      vertex   -5.877506e+01 4.473186e+01 -1.714626e+01
      vertex   -6.395461e+01 4.473186e+01 -1.663740e+01
      vertex   -6.415637e+01 4.473186e+01 -1.687614e+01
    endloop
  endfacet
  facet normal 1.274869e-15 -1.000000e+00 -9.068370e-16
    outer loop
      vertex   -5.877506e+01 4.473186e+01 -1.714626e+01
      vertex   -6.415637e+01 4.473186e+01 -1.687614e+01
      vertex   -6.433755e+01 4.473186e+01 -1.713085e+01
    endloop
  endfacet
  facet normal 1.276232e-15 -1.000000e+00 -4.146730e-16
    outer loop
      vertex   -5.877506e+01 4.473186e+01 -1.714626e+01
      vertex   -6.433755e+01 4.473186e+01 -1.713085e+01
      vertex   -5.885267e+01 4.473186e+01 -1.738513e+01
    endloop
  endfacet
  facet normal 1.260823e-15 -1.000000e+00 -7.470651e-16
    outer loop
      vertex   -5.885267e+01 4.473186e+01 -1.738513e+01
      vertex   -6.433755e+01 4.473186e+01 -1.713085e+01
      vertex   -6.449689e+01 4.473186e+01 -1.739977e+01
    endloop
  endfacet
  facet normal 1.259508e-15 -1.000000e+00 -2.402640e-16
    outer loop
      vertex   -5.885267e+01 4.473186e+01 -1.738513e+01
      vertex   -6.449689e+01 4.473186e+01 -1.739977e+01
      vertex   -5.889973e+01 4.473186e+01 -1.763184e+01
    endloop
  endfacet
  facet normal 1.244448e-15 -1.000000e+00 -6.034781e-16
    outer loop
      vertex   -5.889973e+01 4.473186e+01 -1.763184e+01
      vertex   -6.449689e+01 4.473186e+01 -1.739977e+01
      vertex   -6.463328e+01 4.473186e+01 -1.768102e+01
    endloop
  endfacet
  facet normal 1.239941e-15 -1.000000e+00 -7.801047e-17
    outer loop
      vertex   -5.889973e+01 4.473186e+01 -1.763184e+01
      vertex   -6.463328e+01 4.473186e+01 -1.768102e+01
      vertex   -5.891550e+01 4.473186e+01 -1.788251e+01
    endloop
  endfacet
  facet normal 3.789907e-16 -1.000000e+00 -2.451026e-14
    outer loop
      vertex   -5.891550e+01 4.473186e+01 -1.788251e+01
      vertex   -6.463328e+01 4.473186e+01 -1.768102e+01
      vertex   -6.474578e+01 4.473186e+01 -1.797266e+01
    endloop
  endfacet
  facet normal 0.000000e+00 -1.000000e+00 -0.000000e+00
    outer loop
      vertex   -5.891550e+01 4.473186e+01 -1.788251e+01
      vertex   -6.474578e+01 4.473186e+01 -1.797266e+01
      vertex   -5.889973e+01 4.473186e+01 -1.813318e+01
    endloop
  endfacet
  facet normal -0.000000e+00 -1.000000e+00 0.000000e+00
    outer loop
      vertex   -5.889973e+01 4.473186e+01 -1.813318e+01
      vertex   -6.474578e+01 4.473186e+01 -1.797266e+01
      vertex   -6.484003e+01 4.473186e+01 -1.820282e+01
    endloop
  endfacet
  facet normal 0.000000e+00 -1.000000e+00 -0.000000e+00
    outer loop
      vertex   -5.889973e+01 4.473186e+01 -1.813318e+01
      vertex   -6.484003e+01 4.473186e+01 -1.820282e+01
      vertex   -5.885267e+01 4.473186e+01 -1.837989e+01
    endloop
  endfacet
  facet normal -0.000000e+00 -1.000000e+00 0.000000e+00
    outer loop
      vertex   -5.885267e+01 4.473186e+01 -1.837989e+01
      vertex   -6.484003e+01 4.473186e+01 -1.820282e+01
      vertex   -6.496211e+01 4.473186e+01 -1.841950e+01
    endloop
  endfacet
  facet normal 0.000000e+00 -1.000000e+00 -0.000000e+00
    outer loop
      vertex   -5.885267e+01 4.473186e+01 -1.837989e+01
      vertex   -6.496211e+01 4.473186e+01 -1.841950e+01
      vertex   -5.877506e+01 4.473186e+01 -1.861876e+01
    endloop
  endfacet
  facet normal -1.118362e-15 -1.000000e+00 -3.472507e-14
    outer loop
      vertex   -5.877506e+01 4.473186e+01 -1.861876e+01
      vertex   -6.496211e+01 4.473186e+01 -1.841950e+01
      vertex   -6.511015e+01 4.473186e+01 -1.861935e+01
    endloop
  endfacet
  facet normal -1.121549e-15 -1.000000e+00 -5.277607e-16
    outer loop
      vertex   -5.877506e+01 4.473186e+01 -1.861876e+01
      vertex   -6.511015e+01 4.473186e+01 -1.861935e+01
      vertex   -5.866812e+01 4.473186e+01 -1.884602e+01
    endloop
  endfacet
  facet normal -1.067150e-15 -1.000000e+00 1.018293e-15
    outer loop
      vertex   -5.866812e+01 4.473186e+01 -1.884602e+01
      vertex   -6.511015e+01 4.473186e+01 -1.861935e+01
      vertex   -6.528185e+01 4.473186e+01 -1.879928e+01
    endloop
  endfacet
  facet normal -1.317015e-15 -1.000000e+00 -3.434199e-14
    outer loop
      vertex   -5.866812e+01 4.473186e+01 -1.884602e+01
      vertex   -6.528185e+01 4.473186e+01 -1.879928e+01
      vertex   -5.853354e+01 4.473186e+01 -1.905808e+01
    endloop
  endfacet
  facet normal 0.000000e+00 -1.000000e+00 0.000000e+00
    outer loop
      vertex   -5.853354e+01 4.473186e+01 -1.905808e+01
      vertex   -6.528185e+01 4.473186e+01 -1.879928e+01
      vertex   -6.547455e+01 4.473186e+01 -1.895651e+01
    endloop
  endfacet
  facet normal -0.000000e+00 -1.000000e+00 -0.000000e+00
    outer loop
      vertex   -5.853354e+01 4.473186e+01 -1.905808e+01
      vertex   -6.547455e+01 4.473186e+01 -1.895651e+01
      vertex   -5.837344e+01 4.473186e+01 -1.925160e+01
    endloop
  endfacet
  facet normal 0.000000e+00 -1.000000e+00 0.000000e+00
    outer loop
      vertex   -5.837344e+01 4.473186e+01 -1.925160e+01
      vertex   -6.547455e+01 4.473186e+01 -1.895651e+01
      vertex   -6.568527e+01 4.473186e+01 -1.908862e+01
    endloop
  endfacet
  facet normal -0.000000e+00 -1.000000e+00 -0.000000e+00
    outer loop
      vertex   -5.837344e+01 4.473186e+01 -1.925160e+01
      vertex   -6.568527e+01 4.473186e+01 -1.908862e+01
      vertex   -5.819035e+01 4.473186e+01 -1.942354e+01
    endloop
  endfacet
  facet normal 0.000000e+00 -1.000000e+00 0.000000e+00
    outer loop
      vertex   -5.819035e+01 4.473186e+01 -1.942354e+01
      vertex   -6.568527e+01 4.473186e+01 -1.908862e+01
      vertex   -6.591076e+01 4.473186e+01 -1.919354e+01
    endloop
  endfacet
  facet normal -0.000000e+00 -1.000000e+00 -0.000000e+00
    outer loop
      vertex   -5.819035e+01 4.473186e+01 -1.942354e+01
      vertex   -6.591076e+01 4.473186e+01 -1.919354e+01
      vertex   -5.798716e+01 4.473186e+01 -1.957117e+01
    endloop
  endfacet
  facet normal 0.000000e+00 -1.000000e+00 0.000000e+00
    outer loop
      vertex   -5.798716e+01 4.473186e+01 -1.957117e+01
      vertex   -6.591076e+01 4.473186e+01 -1.919354e+01
      vertex   -6.614753e+01 4.473186e+01 -1.926967e+01
    endloop
  endfacet
  facet normal -0.000000e+00 -1.000000e+00 -0.000000e+00
    outer loop
      vertex   -5.798716e+01 4.473186e+01 -1.957117e+01
      vertex   -6.614753e+01 4.473186e+01 -1.926967e+01
      vertex   -5.776706e+01 4.473186e+01 -1.969216e+01
    endloop
  endfacet
  facet normal -0.000000e+00 -1.000000e+00 -0.000000e+00
    outer loop
      vertex   -5.776706e+01 4.473186e+01 -1.969216e+01
      vertex   -6.614753e+01 4.473186e+01 -1.926967e+01
      vertex   -5.753354e+01 4.473186e+01 -1.978462e+01
    endloop
  endfacet
  facet normal 0.000000e+00 -1.000000e+00 0.000000e+00
    outer loop
      vertex   -5.753354e+01 4.473186e+01 -1.978462e+01
      vertex   -6.614753e+01 4.473186e+01 -1.926967e+01
      vertex   -6.639192e+01 4.473186e+01 -1.931582e+01
    endloop
  endfacet
  facet normal -0.000000e+00 -1.000000e+00 -0.000000e+00
    outer loop
      vertex   -5.753354e+01 4.473186e+01 -1.978462e+01
      vertex   -6.639192e+01 4.473186e+01 -1.931582e+01
      vertex   -5.729027e+01 4.473186e+01 -1.984708e+01
    endloop
  endfacet
  facet normal 0.000000e+00 -1.000000e+00 0.000000e+00
    outer loop
      vertex   -5.729027e+01 4.473186e+01 -1.984708e+01
      vertex   -6.639192e+01 4.473186e+01 -1.931582e+01
      vertex   -6.664015e+01 4.473186e+01 -1.933128e+01
    endloop
  endfacet
  facet normal -4.957011e-16 -1.000000e+00 -8.985540e-15
    outer loop
      vertex   -5.729027e+01 4.473186e+01 -1.984708e+01
      vertex   -6.664015e+01 4.473186e+01 -1.933128e+01
      vertex   -5.063132e+01 4.473186e+01 -2.733130e+01
    endloop
  endfacet
  facet normal 7.658037e-16 -1.000000e+00 -6.461144e-15
    outer loop
      vertex   -5.063132e+01 4.473186e+01 -2.733130e+01
      vertex   -6.664015e+01 4.473186e+01 -1.933128e+01
      vertex   -8.858984e+01 4.473186e+01 -2.193286e+01
    endloop
  endfacet
  facet normal 1.117483e-15 -1.000000e+00 -3.988349e-15
    outer loop
      vertex   -5.063132e+01 4.473186e+01 -2.733130e+01
      vertex   -8.858984e+01 4.473186e+01 -2.193286e+01
      vertex   -8.880011e+01 4.473186e+01 -2.199178e+01
    endloop
  endfacet
  facet normal 0.000000e+00 -1.000000e+00 0.000000e+00
    outer loop
      vertex   -8.858984e+01 4.473186e+01 -2.193286e+01
      vertex   -6.664015e+01 4.473186e+01 -1.933128e+01
      vertex   -8.838954e+01 4.473186e+01 -2.184586e+01
    endloop
  endfacet
  facet normal 0.000000e+00 -1.000000e+00 0.000000e+00
    outer loop
      vertex   -8.838954e+01 4.473186e+01 -2.184586e+01
      vertex   -6.664015e+01 4.473186e+01 -1.933128e+01
      vertex   -6.688837e+01 4.473186e+01 -1.931582e+01
    endloop
  endfacet
  facet normal 0.000000e+00 -1.000000e+00 0.000000e+00
    outer loop
      vertex   -8.838954e+01 4.473186e+01 -2.184586e+01
      vertex   -6.688837e+01 4.473186e+01 -1.931582e+01
      vertex   -8.820296e+01 4.473186e+01 -2.173239e+01
    endloop
  endfacet
  facet normal 0.000000e+00 -1.000000e+00 0.000000e+00
    outer loop
      vertex   -8.820296e+01 4.473186e+01 -2.173239e+01
      vertex   -6.688837e+01 4.473186e+01 -1.931582e+01
      vertex   -7.939192e+01 4.473186e+01 -1.931582e+01
    endloop
  endfacet
  facet normal 0.000000e+00 -1.000000e+00 0.000000e+00
    outer loop
      vertex   -8.820296e+01 4.473186e+01 -2.173239e+01
      vertex   -7.939192e+01 4.473186e+01 -1.931582e+01
      vertex   -8.803356e+01 4.473186e+01 -2.159458e+01
    endloop
  endfacet
  facet normal 0.000000e+00 -1.000000e+00 0.000000e+00
    outer loop
      vertex   -8.803356e+01 4.473186e+01 -2.159458e+01
      vertex   -7.939192e+01 4.473186e+01 -1.931582e+01
      vertex   -7.964015e+01 4.473186e+01 -1.933128e+01
    endloop
  endfacet
  facet normal 1.604620e-14 -1.000000e+00 -5.950721e-14
    outer loop
      vertex   -8.803356e+01 4.473186e+01 -2.159458e+01
      vertex   -7.964015e+01 4.473186e+01 -1.933128e+01
      vertex   -8.788451e+01 4.473186e+01 -2.143498e+01
    endloop
  endfacet
  facet normal 1.051191e-15 -1.000000e+00 -7.420115e-16
    outer loop
      vertex   -8.788451e+01 4.473186e+01 -2.143498e+01
      vertex   -7.964015e+01 4.473186e+01 -1.933128e+01
      vertex   -8.775857e+01 4.473186e+01 -2.125658e+01
    endloop
  endfacet
  facet normal 9.978382e-16 -1.000000e+00 -5.170381e-16
    outer loop
      vertex   -8.775857e+01 4.473186e+01 -2.125658e+01
      vertex   -7.964015e+01 4.473186e+01 -1.933128e+01
      vertex   -8.765811e+01 4.473186e+01 -2.106268e+01
    endloop
  endfacet
  facet normal 9.598530e-16 -1.000000e+00 -3.411318e-16
    outer loop
      vertex   -8.765811e+01 4.473186e+01 -2.106268e+01
      vertex   -7.964015e+01 4.473186e+01 -1.933128e+01
      vertex   -8.758498e+01 4.473186e+01 -2.085692e+01
    endloop
  endfacet
  facet normal 2.190711e-16 -1.000000e+00 3.516536e-15
    outer loop
      vertex   -8.758498e+01 4.473186e+01 -2.085692e+01
      vertex   -7.964015e+01 4.473186e+01 -1.933128e+01
      vertex   -7.988837e+01 4.473186e+01 -1.931582e+01
    endloop
  endfacet
  facet normal 9.632700e-16 -1.000000e+00 -2.001698e-16
    outer loop
      vertex   -8.758498e+01 4.473186e+01 -2.085692e+01
      vertex   -7.988837e+01 4.473186e+01 -1.931582e+01
      vertex   -8.754055e+01 4.473186e+01 -2.064311e+01
    endloop
  endfacet
  facet normal 9.396991e-16 -1.000000e+00 -6.427718e-17
    outer loop
      vertex   -8.754055e+01 4.473186e+01 -2.064311e+01
      vertex   -7.988837e+01 4.473186e+01 -1.931582e+01
      vertex   -8.752564e+01 4.473186e+01 -2.042524e+01
    endloop
  endfacet
  facet normal 5.258637e-16 -1.000000e+00 2.784569e-15
    outer loop
      vertex   -8.752564e+01 4.473186e+01 -2.042524e+01
      vertex   -7.988837e+01 4.473186e+01 -1.931582e+01
      vertex   -8.013276e+01 4.473186e+01 -1.926967e+01
    endloop
  endfacet
  facet normal 6.467161e-16 -1.000000e+00 2.011407e-15
    outer loop
      vertex   -8.752564e+01 4.473186e+01 -2.042524e+01
      vertex   -8.013276e+01 4.473186e+01 -1.926967e+01
      vertex   -8.036953e+01 4.473186e+01 -1.919354e+01
    endloop
  endfacet
  facet normal 0.000000e+00 -1.000000e+00 0.000000e+00
    outer loop
      vertex   -7.939192e+01 4.473186e+01 -1.931582e+01
      vertex   -6.688837e+01 4.473186e+01 -1.931582e+01
      vertex   -7.914753e+01 4.473186e+01 -1.926967e+01
    endloop
  endfacet
  facet normal 0.000000e+00 -1.000000e+00 0.000000e+00
    outer loop
      vertex   -7.914753e+01 4.473186e+01 -1.926967e+01
      vertex   -6.688837e+01 4.473186e+01 -1.931582e+01
      vertex   -6.713276e+01 4.473186e+01 -1.926967e+01
    endloop
  endfacet
  facet normal 0.000000e+00 -1.000000e+00 0.000000e+00
    outer loop
      vertex   -7.914753e+01 4.473186e+01 -1.926967e+01
      vertex   -6.713276e+01 4.473186e+01 -1.926967e+01
      vertex   -7.891076e+01 4.473186e+01 -1.919354e+01
    endloop
  endfacet
  facet normal 0.000000e+00 -1.000000e+00 0.000000e+00
    outer loop
      vertex   -7.891076e+01 4.473186e+01 -1.919354e+01
      vertex   -6.713276e+01 4.473186e+01 -1.926967e+01
      vertex   -6.736953e+01 4.473186e+01 -1.919354e+01
    endloop
  endfacet
  facet normal 0.000000e+00 -1.000000e+00 0.000000e+00
    outer loop
      vertex   -7.891076e+01 4.473186e+01 -1.919354e+01
      vertex   -6.736953e+01 4.473186e+01 -1.919354e+01
      vertex   -7.868527e+01 4.473186e+01 -1.908862e+01
    endloop
  endfacet
  facet normal 0.000000e+00 -1.000000e+00 0.000000e+00
    outer loop
      vertex   -7.868527e+01 4.473186e+01 -1.908862e+01
      vertex   -6.736953e+01 4.473186e+01 -1.919354e+01
      vertex   -6.759502e+01 4.473186e+01 -1.908862e+01
    endloop
  endfacet
  facet normal 0.000000e+00 -1.000000e+00 0.000000e+00
    outer loop
      vertex   -7.868527e+01 4.473186e+01 -1.908862e+01
      vertex   -6.759502e+01 4.473186e+01 -1.908862e+01
      vertex   -7.847455e+01 4.473186e+01 -1.895651e+01
    endloop
  endfacet
  facet normal 0.000000e+00 -1.000000e+00 0.000000e+00
    outer loop
      vertex   -7.847455e+01 4.473186e+01 -1.895651e+01
      vertex   -6.759502e+01 4.473186e+01 -1.908862e+01
      vertex   -6.780575e+01 4.473186e+01 -1.895651e+01
    endloop
  endfacet
  facet normal 0.000000e+00 -1.000000e+00 0.000000e+00
    outer loop
      vertex   -7.847455e+01 4.473186e+01 -1.895651e+01
      vertex   -6.780575e+01 4.473186e+01 -1.895651e+01
      vertex   -7.828185e+01 4.473186e+01 -1.879928e+01
    endloop
  endfacet
  facet normal 0.000000e+00 -1.000000e+00 0.000000e+00
    outer loop
      vertex   -7.828185e+01 4.473186e+01 -1.879928e+01
      vertex   -6.780575e+01 4.473186e+01 -1.895651e+01
      vertex   -6.799845e+01 4.473186e+01 -1.879928e+01
    endloop
  endfacet
  facet normal 0.000000e+00 -1.000000e+00 0.000000e+00
    outer loop
      vertex   -7.828185e+01 4.473186e+01 -1.879928e+01
      vertex   -6.799845e+01 4.473186e+01 -1.879928e+01
      vertex   -7.811015e+01 4.473186e+01 -1.861935e+01
    endloop
  endfacet
  facet normal 0.000000e+00 -1.000000e+00 0.000000e+00
    outer loop
      vertex   -7.811015e+01 4.473186e+01 -1.861935e+01
      vertex   -6.799845e+01 4.473186e+01 -1.879928e+01
      vertex   -6.817014e+01 4.473186e+01 -1.861935e+01
    endloop
  endfacet
  facet normal 1.524884e-28 -1.000000e+00 -3.555348e-14
    outer loop
      vertex   -7.811015e+01 4.473186e+01 -1.861935e+01
      vertex   -6.817014e+01 4.473186e+01 -1.861935e+01
      vertex   -7.796211e+01 4.473186e+01 -1.841950e+01
    endloop
  endfacet
  facet normal 2.750472e-28 -1.000000e+00 -3.555348e-14
    outer loop
      vertex   -7.796211e+01 4.473186e+01 -1.841950e+01
      vertex   -6.817014e+01 4.473186e+01 -1.861935e+01
      vertex   -6.831818e+01 4.473186e+01 -1.841950e+01
    endloop
  endfacet
  facet normal 0.000000e+00 -1.000000e+00 0.000000e+00
    outer loop
      vertex   -7.796211e+01 4.473186e+01 -1.841950e+01
      vertex   -6.831818e+01 4.473186e+01 -1.841950e+01
      vertex   -7.784003e+01 4.473186e+01 -1.820282e+01
    endloop
  endfacet
  facet normal 0.000000e+00 -1.000000e+00 0.000000e+00
    outer loop
      vertex   -7.784003e+01 4.473186e+01 -1.820282e+01
      vertex   -6.831818e+01 4.473186e+01 -1.841950e+01
      vertex   -6.844026e+01 4.473186e+01 -1.820282e+01
    endloop
  endfacet
  facet normal 0.000000e+00 -1.000000e+00 0.000000e+00
    outer loop
      vertex   -7.784003e+01 4.473186e+01 -1.820282e+01
      vertex   -6.844026e+01 4.473186e+01 -1.820282e+01
      vertex   -7.774578e+01 4.473186e+01 -1.797266e+01
    endloop
  endfacet
  facet normal 0.000000e+00 -1.000000e+00 0.000000e+00
    outer loop
      vertex   -7.774578e+01 4.473186e+01 -1.797266e+01
      vertex   -6.844026e+01 4.473186e+01 -1.820282e+01
      vertex   -6.853452e+01 4.473186e+01 -1.797266e+01
    endloop
  endfacet
  facet normal -1.765000e-28 -1.000000e+00 -2.288093e-14
    outer loop
      vertex   -7.774578e+01 4.473186e+01 -1.797266e+01
      vertex   -6.853452e+01 4.473186e+01 -1.797266e+01
      vertex   -7.762501e+01 4.473186e+01 -1.766212e+01
    endloop
  endfacet
  facet normal -4.350067e-28 -1.000000e+00 -2.288093e-14
    outer loop
      vertex   -7.762501e+01 4.473186e+01 -1.766212e+01
      vertex   -6.853452e+01 4.473186e+01 -1.797266e+01
      vertex   -6.865528e+01 4.473186e+01 -1.766212e+01
    endloop
  endfacet
  facet normal 0.000000e+00 -1.000000e+00 0.000000e+00
    outer loop
      vertex   -7.762501e+01 4.473186e+01 -1.766212e+01
      vertex   -6.865528e+01 4.473186e+01 -1.766212e+01
      vertex   -7.747715e+01 4.473186e+01 -1.736353e+01
    endloop
  endfacet
  facet normal 0.000000e+00 -1.000000e+00 0.000000e+00
    outer loop
      vertex   -7.747715e+01 4.473186e+01 -1.736353e+01
      vertex   -6.865528e+01 4.473186e+01 -1.766212e+01
      vertex   -6.880314e+01 4.473186e+01 -1.736353e+01
    endloop
  endfacet
  facet normal 0.000000e+00 -1.000000e+00 0.000000e+00
    outer loop
      vertex   -7.747715e+01 4.473186e+01 -1.736353e+01
      vertex   -6.880314e+01 4.473186e+01 -1.736353e+01
      vertex   -7.730338e+01 4.473186e+01 -1.707924e+01
    endloop
  endfacet
  facet normal 0.000000e+00 -1.000000e+00 0.000000e+00
    outer loop
      vertex   -7.730338e+01 4.473186e+01 -1.707924e+01
      vertex   -6.880314e+01 4.473186e+01 -1.736353e+01
      vertex   -6.897691e+01 4.473186e+01 -1.707924e+01
    endloop
  endfacet
  facet normal 0.000000e+00 -1.000000e+00 0.000000e+00
    outer loop
      vertex   -7.730338e+01 4.473186e+01 -1.707924e+01
      vertex   -6.897691e+01 4.473186e+01 -1.707924e+01
      vertex   -7.710505e+01 4.473186e+01 -1.681149e+01
    endloop
  endfacet
  facet normal 0.000000e+00 -1.000000e+00 0.000000e+00
    outer loop
      vertex   -7.710505e+01 4.473186e+01 -1.681149e+01
      vertex   -6.897691e+01 4.473186e+01 -1.707924e+01
      vertex   -6.917524e+01 4.473186e+01 -1.681149e+01
    endloop
  endfacet
  facet normal 0.000000e+00 -1.000000e+00 0.000000e+00
    outer loop
      vertex   -7.710505e+01 4.473186e+01 -1.681149e+01
      vertex   -6.917524e+01 4.473186e+01 -1.681149e+01
      vertex   -7.688374e+01 4.473186e+01 -1.656241e+01
    endloop
  endfacet
  facet normal 0.000000e+00 -1.000000e+00 0.000000e+00
    outer loop
      vertex   -7.688374e+01 4.473186e+01 -1.656241e+01
      vertex   -6.917524e+01 4.473186e+01 -1.681149e+01
      vertex   -6.939655e+01 4.473186e+01 -1.656241e+01
    endloop
  endfacet
  facet normal 0.000000e+00 -1.000000e+00 0.000000e+00
    outer loop
      vertex   -7.688374e+01 4.473186e+01 -1.656241e+01
      vertex   -6.939655e+01 4.473186e+01 -1.656241e+01
      vertex   -7.664120e+01 4.473186e+01 -1.633396e+01
    endloop
  endfacet
  facet normal 0.000000e+00 -1.000000e+00 0.000000e+00
    outer loop
      vertex   -7.664120e+01 4.473186e+01 -1.633396e+01
      vertex   -6.939655e+01 4.473186e+01 -1.656241e+01
      vertex   -6.963909e+01 4.473186e+01 -1.633396e+01
    endloop
  endfacet
  facet normal 0.000000e+00 -1.000000e+00 0.000000e+00
    outer loop
      vertex   -7.664120e+01 4.473186e+01 -1.633396e+01
      vertex   -6.963909e+01 4.473186e+01 -1.633396e+01
      vertex   -7.637933e+01 4.473186e+01 -1.612793e+01
    endloop
  endfacet
  facet normal 0.000000e+00 -1.000000e+00 0.000000e+00
    outer loop
      vertex   -7.637933e+01 4.473186e+01 -1.612793e+01
      vertex   -6.963909e+01 4.473186e+01 -1.633396e+01
      vertex   -6.990096e+01 4.473186e+01 -1.612793e+01
    endloop
  endfacet
  facet normal 0.000000e+00 -1.000000e+00 0.000000e+00
    outer loop
      vertex   -7.637933e+01 4.473186e+01 -1.612793e+01
      vertex   -6.990096e+01 4.473186e+01 -1.612793e+01
      vertex   -7.610021e+01 4.473186e+01 -1.594597e+01
    endloop
  endfacet
  facet normal 0.000000e+00 -1.000000e+00 0.000000e+00
    outer loop
      vertex   -7.610021e+01 4.473186e+01 -1.594597e+01
      vertex   -6.990096e+01 4.473186e+01 -1.612793e+01
      vertex   -7.018008e+01 4.473186e+01 -1.594597e+01
    endloop
  endfacet
  facet normal 0.000000e+00 -1.000000e+00 0.000000e+00
    outer loop
      vertex   -7.610021e+01 4.473186e+01 -1.594597e+01
      vertex   -7.018008e+01 4.473186e+01 -1.594597e+01
      vertex   -7.580604e+01 4.473186e+01 -1.578950e+01
    endloop
  endfacet
  facet normal 0.000000e+00 -1.000000e+00 0.000000e+00
    outer loop
      vertex   -7.580604e+01 4.473186e+01 -1.578950e+01
      vertex   -7.018008e+01 4.473186e+01 -1.594597e+01
      vertex   -7.047425e+01 4.473186e+01 -1.578950e+01
    endloop
  endfacet
  facet normal 4.224315e-28 -1.000000e+00 1.950681e-14
    outer loop
      vertex   -7.580604e+01 4.473186e+01 -1.578950e+01
      vertex   -7.047425e+01 4.473186e+01 -1.578950e+01
      vertex   -7.419383e+01 4.473186e+01 -1.542524e+01
    endloop
  endfacet
  facet normal 6.577102e-28 -1.000000e+00 1.950681e-14
    outer loop
      vertex   -7.419383e+01 4.473186e+01 -1.542524e+01
      vertex   -7.047425e+01 4.473186e+01 -1.578950e+01
      vertex   -7.208646e+01 4.473186e+01 -1.542524e+01
    endloop
  endfacet
  facet normal -6.262106e-14 -1.000000e+00 -2.576580e-13
    outer loop
      vertex   -7.208646e+01 4.473186e+01 -1.542524e+01
      vertex   -7.047425e+01 4.473186e+01 -1.578950e+01
      vertex   -7.078115e+01 4.473186e+01 -1.565975e+01
    endloop
  endfacet
  facet normal -3.701139e-14 -1.000000e+00 -1.151123e-13
    outer loop
      vertex   -7.208646e+01 4.473186e+01 -1.542524e+01
      vertex   -7.078115e+01 4.473186e+01 -1.565975e+01
      vertex   -7.109835e+01 4.473186e+01 -1.555776e+01
    endloop
  endfacet
  facet normal -5.308446e-14 -1.000000e+00 -2.349552e-13
    outer loop
      vertex   -7.109835e+01 4.473186e+01 -1.555776e+01
      vertex   -7.142335e+01 4.473186e+01 -1.548434e+01
      vertex   -7.208646e+01 4.473186e+01 -1.542524e+01
    endloop
  endfacet
  facet normal -9.580495e-14 -1.000000e+00 -7.143346e-13
    outer loop
      vertex   -7.208646e+01 4.473186e+01 -1.542524e+01
      vertex   -7.142335e+01 4.473186e+01 -1.548434e+01
      vertex   -7.175359e+01 4.473186e+01 -1.544004e+01
    endloop
  endfacet
  facet normal 9.580495e-14 -1.000000e+00 -7.143346e-13
    outer loop
      vertex   -7.452670e+01 4.473186e+01 -1.544004e+01
      vertex   -7.485694e+01 4.473186e+01 -1.548434e+01
      vertex   -7.419383e+01 4.473186e+01 -1.542524e+01
    endloop
  endfacet
  facet normal 5.308446e-14 -1.000000e+00 -2.349552e-13
    outer loop
      vertex   -7.419383e+01 4.473186e+01 -1.542524e+01
      vertex   -7.485694e+01 4.473186e+01 -1.548434e+01
      vertex   -7.518194e+01 4.473186e+01 -1.555776e+01
    endloop
  endfacet
  facet normal 3.701139e-14 -1.000000e+00 -1.151123e-13
    outer loop
      vertex   -7.419383e+01 4.473186e+01 -1.542524e+01
      vertex   -7.518194e+01 4.473186e+01 -1.555776e+01
      vertex   -7.549915e+01 4.473186e+01 -1.565975e+01
    endloop
  endfacet
  facet normal 6.262106e-14 -1.000000e+00 -2.576580e-13
    outer loop
      vertex   -7.549915e+01 4.473186e+01 -1.565975e+01
      vertex   -7.580604e+01 4.473186e+01 -1.578950e+01
      vertex   -7.419383e+01 4.473186e+01 -1.542524e+01
    endloop
  endfacet
  facet normal 7.248124e-16 -1.000000e+00 1.557671e-15
    outer loop
      vertex   -8.036953e+01 4.473186e+01 -1.919354e+01
      vertex   -8.059502e+01 4.473186e+01 -1.908862e+01
      vertex   -8.752564e+01 4.473186e+01 -2.042524e+01
    endloop
  endfacet
  facet normal 7.840213e-16 -1.000000e+00 1.250664e-15
    outer loop
      vertex   -8.752564e+01 4.473186e+01 -2.042524e+01
      vertex   -8.059502e+01 4.473186e+01 -1.908862e+01
      vertex   -8.080575e+01 4.473186e+01 -1.895651e+01
    endloop
  endfacet
  facet normal 4.939845e-15 -1.000000e+00 -1.776357e-14
    outer loop
      vertex   -8.752564e+01 4.473186e+01 -2.042524e+01
      vertex   -8.080575e+01 4.473186e+01 -1.895651e+01
      vertex   -8.752564e+01 4.473186e+01 -1.842524e+01
    endloop
  endfacet
  facet normal 7.024895e-15 -1.000000e+00 8.609539e-15
    outer loop
      vertex   -8.752564e+01 4.473186e+01 -1.842524e+01
      vertex   -8.080575e+01 4.473186e+01 -1.895651e+01
      vertex   -8.099845e+01 4.473186e+01 -1.879928e+01
    endloop
  endfacet
  facet normal 6.909338e-15 -1.000000e+00 6.593015e-15
    outer loop
      vertex   -8.752564e+01 4.473186e+01 -1.842524e+01
      vertex   -8.099845e+01 4.473186e+01 -1.879928e+01
      vertex   -8.117014e+01 4.473186e+01 -1.861935e+01
    endloop
  endfacet
  facet normal 5.752250e-15 -1.000000e+00 -3.129262e-14
    outer loop
      vertex   -8.117014e+01 4.473186e+01 -1.861935e+01
      vertex   -8.131818e+01 4.473186e+01 -1.841950e+01
      vertex   -8.752564e+01 4.473186e+01 -1.842524e+01
    endloop
  endfacet
  facet normal 5.720308e-15 -1.000000e+00 3.223080e-15
    outer loop
      vertex   -8.752564e+01 4.473186e+01 -1.842524e+01
      vertex   -8.131818e+01 4.473186e+01 -1.841950e+01
      vertex   -8.144026e+01 4.473186e+01 -1.820282e+01
    endloop
  endfacet
  facet normal 5.823554e-15 -1.000000e+00 3.983420e-16
    outer loop
      vertex   -8.752564e+01 4.473186e+01 -1.842524e+01
      vertex   -8.144026e+01 4.473186e+01 -1.820282e+01
      vertex   -8.754055e+01 4.473186e+01 -1.820738e+01
    endloop
  endfacet
  facet normal 5.822070e-15 -1.000000e+00 2.384165e-15
    outer loop
      vertex   -8.754055e+01 4.473186e+01 -1.820738e+01
      vertex   -8.144026e+01 4.473186e+01 -1.820282e+01
      vertex   -8.153452e+01 4.473186e+01 -1.797266e+01
    endloop
  endfacet
  facet normal 5.867593e-15 -1.000000e+00 1.219300e-15
    outer loop
      vertex   -8.754055e+01 4.473186e+01 -1.820738e+01
      vertex   -8.153452e+01 4.473186e+01 -1.797266e+01
      vertex   -8.758498e+01 4.473186e+01 -1.799357e+01
    endloop
  endfacet
  facet normal 5.948066e-15 -1.000000e+00 -2.206972e-14
    outer loop
      vertex   -8.758498e+01 4.473186e+01 -1.799357e+01
      vertex   -8.153452e+01 4.473186e+01 -1.797266e+01
      vertex   -8.164701e+01 4.473186e+01 -1.768102e+01
    endloop
  endfacet
  facet normal 4.698544e-15 -1.000000e+00 1.669863e-15
    outer loop
      vertex   -8.758498e+01 4.473186e+01 -1.799357e+01
      vertex   -8.164701e+01 4.473186e+01 -1.768102e+01
      vertex   -8.765811e+01 4.473186e+01 -1.778780e+01
    endloop
  endfacet
  facet normal 4.687825e-15 -1.000000e+00 2.273296e-15
    outer loop
      vertex   -8.765811e+01 4.473186e+01 -1.778780e+01
      vertex   -8.164701e+01 4.473186e+01 -1.768102e+01
      vertex   -8.178340e+01 4.473186e+01 -1.739977e+01
    endloop
  endfacet
  facet normal 4.677879e-15 -1.000000e+00 2.423882e-15
    outer loop
      vertex   -8.765811e+01 4.473186e+01 -1.778780e+01
      vertex   -8.178340e+01 4.473186e+01 -1.739977e+01
      vertex   -8.775857e+01 4.473186e+01 -1.759391e+01
    endloop
  endfacet
  facet normal 4.666790e-15 -1.000000e+00 2.765176e-15
    outer loop
      vertex   -8.775857e+01 4.473186e+01 -1.759391e+01
      vertex   -8.178340e+01 4.473186e+01 -1.739977e+01
      vertex   -8.194274e+01 4.473186e+01 -1.713085e+01
    endloop
  endfacet
  facet normal 4.626912e-15 -1.000000e+00 3.266031e-15
    outer loop
      vertex   -8.775857e+01 4.473186e+01 -1.759391e+01
      vertex   -8.194274e+01 4.473186e+01 -1.713085e+01
      vertex   -8.788451e+01 4.473186e+01 -1.741550e+01
    endloop
  endfacet
  facet normal 4.625746e-15 -1.000000e+00 3.290375e-15
    outer loop
      vertex   -8.788451e+01 4.473186e+01 -1.741550e+01
      vertex   -8.194274e+01 4.473186e+01 -1.713085e+01
      vertex   -8.212392e+01 4.473186e+01 -1.687614e+01
    endloop
  endfacet
  facet normal 8.370375e-15 -1.000000e+00 -3.670372e-14
    outer loop
      vertex   -8.788451e+01 4.473186e+01 -1.741550e+01
      vertex   -8.212392e+01 4.473186e+01 -1.687614e+01
      vertex   -8.803356e+01 4.473186e+01 -1.725590e+01
    endloop
  endfacet
  facet normal 5.702051e-15 -1.000000e+00 4.818976e-15
    outer loop
      vertex   -8.803356e+01 4.473186e+01 -1.725590e+01
      vertex   -8.212392e+01 4.473186e+01 -1.687614e+01
      vertex   -8.232569e+01 4.473186e+01 -1.663740e+01
    endloop
  endfacet
  facet normal 5.492656e-15 -1.000000e+00 6.751381e-15
    outer loop
      vertex   -8.803356e+01 4.473186e+01 -1.725590e+01
      vertex   -8.232569e+01 4.473186e+01 -1.663740e+01
      vertex   -8.820296e+01 4.473186e+01 -1.711809e+01
    endloop
  endfacet
  facet normal 5.588125e-15 -1.000000e+00 5.584109e-15
    outer loop
      vertex   -8.820296e+01 4.473186e+01 -1.711809e+01
      vertex   -8.232569e+01 4.473186e+01 -1.663740e+01
      vertex   -8.254663e+01 4.473186e+01 -1.641629e+01
    endloop
  endfacet
  facet normal 5.216619e-15 -1.000000e+00 8.578364e-15
    outer loop
      vertex   -8.820296e+01 4.473186e+01 -1.711809e+01
      vertex   -8.254663e+01 4.473186e+01 -1.641629e+01
      vertex   -8.838954e+01 4.473186e+01 -1.700463e+01
    endloop
  endfacet
  facet normal 5.433916e-15 -1.000000e+00 6.420313e-15
    outer loop
      vertex   -8.838954e+01 4.473186e+01 -1.700463e+01
      vertex   -8.254663e+01 4.473186e+01 -1.641629e+01
      vertex   -8.278523e+01 4.473186e+01 -1.621436e+01
    endloop
  endfacet
  facet normal 4.785642e-15 -1.000000e+00 1.101765e-14
    outer loop
      vertex   -8.838954e+01 4.473186e+01 -1.700463e+01
      vertex   -8.278523e+01 4.473186e+01 -1.621436e+01
      vertex   -8.858984e+01 4.473186e+01 -1.691762e+01
    endloop
  endfacet
  facet normal 2.145768e-14 -1.000000e+00 -1.265896e-13
    outer loop
      vertex   -8.858984e+01 4.473186e+01 -1.691762e+01
      vertex   -8.278523e+01 4.473186e+01 -1.621436e+01
      vertex   -8.303981e+01 4.473186e+01 -1.603299e+01
    endloop
  endfacet
  facet normal 8.160291e-16 -1.000000e+00 2.912446e-15
    outer loop
      vertex   -8.858984e+01 4.473186e+01 -1.691762e+01
      vertex   -8.303981e+01 4.473186e+01 -1.603299e+01
      vertex   -8.880011e+01 4.473186e+01 -1.685871e+01
    endloop
  endfacet
  facet normal -7.803909e-16 -1.000000e+00 1.404929e-14
    outer loop
      vertex   -8.880011e+01 4.473186e+01 -1.685871e+01
      vertex   -8.303981e+01 4.473186e+01 -1.603299e+01
      vertex   -8.373552e+01 4.473186e+01 -1.556589e+01
    endloop
  endfacet
  facet normal 9.820525e-16 -1.000000e+00 7.144963e-15
    outer loop
      vertex   -8.880011e+01 4.473186e+01 -1.685871e+01
      vertex   -8.373552e+01 4.473186e+01 -1.556589e+01
      vertex   -8.901646e+01 4.473186e+01 -1.682897e+01
    endloop
  endfacet
  facet normal 4.631126e-15 -1.000000e+00 -8.111737e-15
    outer loop
      vertex   -8.901646e+01 4.473186e+01 -1.682897e+01
      vertex   -8.373552e+01 4.473186e+01 -1.556589e+01
      vertex   -8.441791e+01 4.473186e+01 -1.507953e+01
    endloop
  endfacet
  facet normal 1.321530e-28 -1.000000e+00 4.061544e-15
    outer loop
      vertex   -8.901646e+01 4.473186e+01 -1.682897e+01
      vertex   -8.441791e+01 4.473186e+01 -1.507953e+01
      vertex   -8.923483e+01 4.473186e+01 -1.682897e+01
    endloop
  endfacet
  facet normal 9.962903e-16 -1.000000e+00 1.318353e-15
    outer loop
      vertex   -8.923483e+01 4.473186e+01 -1.682897e+01
      vertex   -8.441791e+01 4.473186e+01 -1.507953e+01
      vertex   -8.508646e+01 4.473186e+01 -1.457431e+01
    endloop
  endfacet
  facet normal -5.797735e-16 -1.000000e+00 4.218166e-15
    outer loop
      vertex   -8.923483e+01 4.473186e+01 -1.682897e+01
      vertex   -8.508646e+01 4.473186e+01 -1.457431e+01
      vertex   -8.945117e+01 4.473186e+01 -1.685871e+01
    endloop
  endfacet
  facet normal 1.936138e-29 -1.000000e+00 3.110414e-15
    outer loop
      vertex   -8.945117e+01 4.473186e+01 -1.685871e+01
      vertex   -8.508646e+01 4.473186e+01 -1.457431e+01
      vertex   -9.630011e+01 4.473186e+01 -1.685871e+01
    endloop
  endfacet
  facet normal -0.000000e+00 -1.000000e+00 0.000000e+00
    outer loop
      vertex   -8.945117e+01 4.473186e+01 -1.685871e+01
      vertex   -9.630011e+01 4.473186e+01 -1.685871e+01
      vertex   -8.966145e+01 4.473186e+01 -1.691762e+01
    endloop
  endfacet
  facet normal 0.000000e+00 -1.000000e+00 0.000000e+00
    outer loop
      vertex   -8.966145e+01 4.473186e+01 -1.691762e+01
      vertex   -9.630011e+01 4.473186e+01 -1.685871e+01
      vertex   -9.608984e+01 4.473186e+01 -1.691762e+01
    endloop
  endfacet
  facet normal -0.000000e+00 -1.000000e+00 0.000000e+00
    outer loop
      vertex   -8.966145e+01 4.473186e+01 -1.691762e+01
      vertex   -9.608984e+01 4.473186e+01 -1.691762e+01
      vertex   -8.986175e+01 4.473186e+01 -1.700463e+01
    endloop
  endfacet
  facet normal 0.000000e+00 -1.000000e+00 0.000000e+00
    outer loop
      vertex   -8.986175e+01 4.473186e+01 -1.700463e+01
      vertex   -9.608984e+01 4.473186e+01 -1.691762e+01
      vertex   -9.588954e+01 4.473186e+01 -1.700463e+01
    endloop
  endfacet
  facet normal -0.000000e+00 -1.000000e+00 0.000000e+00
    outer loop
      vertex   -8.986175e+01 4.473186e+01 -1.700463e+01
      vertex   -9.588954e+01 4.473186e+01 -1.700463e+01
      vertex   -9.004833e+01 4.473186e+01 -1.711809e+01
    endloop
  endfacet
  facet normal 0.000000e+00 -1.000000e+00 0.000000e+00
    outer loop
      vertex   -9.004833e+01 4.473186e+01 -1.711809e+01
      vertex   -9.588954e+01 4.473186e+01 -1.700463e+01
      vertex   -9.570296e+01 4.473186e+01 -1.711809e+01
    endloop
  endfacet
  facet normal -0.000000e+00 -1.000000e+00 0.000000e+00
    outer loop
      vertex   -9.004833e+01 4.473186e+01 -1.711809e+01
      vertex   -9.570296e+01 4.473186e+01 -1.711809e+01
      vertex   -9.021773e+01 4.473186e+01 -1.725590e+01
    endloop
  endfacet
  facet normal 0.000000e+00 -1.000000e+00 0.000000e+00
    outer loop
      vertex   -9.021773e+01 4.473186e+01 -1.725590e+01
      vertex   -9.570296e+01 4.473186e+01 -1.711809e+01
      vertex   -9.553356e+01 4.473186e+01 -1.725590e+01
    endloop
  endfacet
  facet normal -2.380373e-28 -1.000000e+00 -4.452111e-14
    outer loop
      vertex   -9.021773e+01 4.473186e+01 -1.725590e+01
      vertex   -9.553356e+01 4.473186e+01 -1.725590e+01
      vertex   -9.036678e+01 4.473186e+01 -1.741550e+01
    endloop
  endfacet
  facet normal -2.206569e-28 -1.000000e+00 -4.452111e-14
    outer loop
      vertex   -9.036678e+01 4.473186e+01 -1.741550e+01
      vertex   -9.553356e+01 4.473186e+01 -1.725590e+01
      vertex   -9.538451e+01 4.473186e+01 -1.741550e+01
    endloop
  endfacet
  facet normal -0.000000e+00 -1.000000e+00 0.000000e+00
    outer loop
      vertex   -9.036678e+01 4.473186e+01 -1.741550e+01
      vertex   -9.538451e+01 4.473186e+01 -1.741550e+01
      vertex   -9.049272e+01 4.473186e+01 -1.759391e+01
    endloop
  endfacet
  facet normal 0.000000e+00 -1.000000e+00 0.000000e+00
    outer loop
      vertex   -9.049272e+01 4.473186e+01 -1.759391e+01
      vertex   -9.538451e+01 4.473186e+01 -1.741550e+01
      vertex   -9.525857e+01 4.473186e+01 -1.759391e+01
    endloop
  endfacet
  facet normal -0.000000e+00 -1.000000e+00 0.000000e+00
    outer loop
      vertex   -9.049272e+01 4.473186e+01 -1.759391e+01
      vertex   -9.525857e+01 4.473186e+01 -1.759391e+01
      vertex   -9.059318e+01 4.473186e+01 -1.778780e+01
    endloop
  endfacet
  facet normal 0.000000e+00 -1.000000e+00 0.000000e+00
    outer loop
      vertex   -9.059318e+01 4.473186e+01 -1.778780e+01
      vertex   -9.525857e+01 4.473186e+01 -1.759391e+01
      vertex   -9.515811e+01 4.473186e+01 -1.778780e+01
    endloop
  endfacet
  facet normal -0.000000e+00 -1.000000e+00 0.000000e+00
    outer loop
      vertex   -9.059318e+01 4.473186e+01 -1.778780e+01
      vertex   -9.515811e+01 4.473186e+01 -1.778780e+01
      vertex   -9.066631e+01 4.473186e+01 -1.799357e+01
    endloop
  endfacet
  facet normal 0.000000e+00 -1.000000e+00 0.000000e+00
    outer loop
      vertex   -9.066631e+01 4.473186e+01 -1.799357e+01
      vertex   -9.515811e+01 4.473186e+01 -1.778780e+01
      vertex   -9.508498e+01 4.473186e+01 -1.799357e+01
    endloop
  endfacet
  facet normal -0.000000e+00 -1.000000e+00 0.000000e+00
    outer loop
      vertex   -9.066631e+01 4.473186e+01 -1.799357e+01
      vertex   -9.508498e+01 4.473186e+01 -1.799357e+01
      vertex   -9.071074e+01 4.473186e+01 -1.820738e+01
    endloop
  endfacet
  facet normal 0.000000e+00 -1.000000e+00 0.000000e+00
    outer loop
      vertex   -9.071074e+01 4.473186e+01 -1.820738e+01
      vertex   -9.508498e+01 4.473186e+01 -1.799357e+01
      vertex   -9.504055e+01 4.473186e+01 -1.820738e+01
    endloop
  endfacet
  facet normal -0.000000e+00 -1.000000e+00 0.000000e+00
    outer loop
      vertex   -9.071074e+01 4.473186e+01 -1.820738e+01
      vertex   -9.504055e+01 4.473186e+01 -1.820738e+01
      vertex   -9.072564e+01 4.473186e+01 -1.842524e+01
    endloop
  endfacet
  facet normal 0.000000e+00 -1.000000e+00 0.000000e+00
    outer loop
      vertex   -9.072564e+01 4.473186e+01 -1.842524e+01
      vertex   -9.504055e+01 4.473186e+01 -1.820738e+01
      vertex   -9.502564e+01 4.473186e+01 -1.842524e+01
    endloop
  endfacet
  facet normal -2.935296e-28 -1.000000e+00 -1.776357e-14
    outer loop
      vertex   -9.072564e+01 4.473186e+01 -1.842524e+01
      vertex   -9.502564e+01 4.473186e+01 -1.842524e+01
      vertex   -9.072564e+01 4.473186e+01 -2.042524e+01
    endloop
  endfacet
  facet normal 8.262125e-15 -1.000000e+00 -1.761178e-28
    outer loop
      vertex   -9.072564e+01 4.473186e+01 -2.042524e+01
      vertex   -9.502564e+01 4.473186e+01 -1.842524e+01
      vertex   -9.502564e+01 4.473186e+01 -2.042524e+01
    endloop
  endfacet
  facet normal 8.262125e-15 -1.000000e+00 5.651448e-16
    outer loop
      vertex   -9.072564e+01 4.473186e+01 -2.042524e+01
      vertex   -9.502564e+01 4.473186e+01 -2.042524e+01
      vertex   -9.071074e+01 4.473186e+01 -2.064311e+01
    endloop
  endfacet
  facet normal 8.205251e-15 -1.000000e+00 -5.612545e-16
    outer loop
      vertex   -9.071074e+01 4.473186e+01 -2.064311e+01
      vertex   -9.502564e+01 4.473186e+01 -2.042524e+01
      vertex   -9.504055e+01 4.473186e+01 -2.064311e+01
    endloop
  endfacet
  facet normal 8.205251e-15 -1.000000e+00 1.705071e-15
    outer loop
      vertex   -9.071074e+01 4.473186e+01 -2.064311e+01
      vertex   -9.504055e+01 4.473186e+01 -2.064311e+01
      vertex   -9.066631e+01 4.473186e+01 -2.085692e+01
    endloop
  endfacet
  facet normal 8.040243e-15 -1.000000e+00 -1.670782e-15
    outer loop
      vertex   -9.066631e+01 4.473186e+01 -2.085692e+01
      vertex   -9.504055e+01 4.473186e+01 -2.064311e+01
      vertex   -9.508498e+01 4.473186e+01 -2.085692e+01
    endloop
  endfacet
  facet normal 8.040243e-15 -1.000000e+00 2.857503e-15
    outer loop
      vertex   -9.066631e+01 4.473186e+01 -2.085692e+01
      vertex   -9.508498e+01 4.473186e+01 -2.085692e+01
      vertex   -9.059318e+01 4.473186e+01 -2.106268e+01
    endloop
  endfacet
  facet normal 7.782635e-15 -1.000000e+00 -2.765949e-15
    outer loop
      vertex   -9.059318e+01 4.473186e+01 -2.106268e+01
      vertex   -9.508498e+01 4.473186e+01 -2.085692e+01
      vertex   -9.515811e+01 4.473186e+01 -2.106268e+01
    endloop
  endfacet
  facet normal 7.782635e-15 -1.000000e+00 4.032637e-15
    outer loop
      vertex   -9.059318e+01 4.473186e+01 -2.106268e+01
      vertex   -9.515811e+01 4.473186e+01 -2.106268e+01
      vertex   -9.049272e+01 4.473186e+01 -2.125658e+01
    endloop
  endfacet
  facet normal 7.454510e-15 -1.000000e+00 -3.862616e-15
    outer loop
      vertex   -9.049272e+01 4.473186e+01 -2.125658e+01
      vertex   -9.515811e+01 4.473186e+01 -2.106268e+01
      vertex   -9.525857e+01 4.473186e+01 -2.125658e+01
    endloop
  endfacet
  facet normal 7.454510e-15 -1.000000e+00 5.261968e-15
    outer loop
      vertex   -9.049272e+01 4.473186e+01 -2.125658e+01
      vertex   -9.525857e+01 4.473186e+01 -2.125658e+01
      vertex   -9.036678e+01 4.473186e+01 -2.143498e+01
    endloop
  endfacet
  facet normal 7.080329e-15 -1.000000e+00 -4.997842e-15
    outer loop
      vertex   -9.036678e+01 4.473186e+01 -2.143498e+01
      vertex   -9.525857e+01 4.473186e+01 -2.125658e+01
      vertex   -9.538451e+01 4.473186e+01 -2.143498e+01
    endloop
  endfacet
  facet normal 7.080329e-15 -1.000000e+00 -3.790854e-14
    outer loop
      vertex   -9.036678e+01 4.473186e+01 -2.143498e+01
      vertex   -9.538451e+01 4.473186e+01 -2.143498e+01
      vertex   -9.021773e+01 4.473186e+01 -2.159458e+01
    endloop
  endfacet
  facet normal 6.683272e-15 -1.000000e+00 -5.076285e-14
    outer loop
      vertex   -9.021773e+01 4.473186e+01 -2.159458e+01
      vertex   -9.538451e+01 4.473186e+01 -2.143498e+01
      vertex   -9.553356e+01 4.473186e+01 -2.159458e+01
    endloop
  endfacet
  facet normal 6.683272e-15 -1.000000e+00 8.214845e-15
    outer loop
      vertex   -9.021773e+01 4.473186e+01 -2.159458e+01
      vertex   -9.553356e+01 4.473186e+01 -2.159458e+01
      vertex   -9.004833e+01 4.473186e+01 -2.173239e+01
    endloop
  endfacet
  facet normal 6.282848e-15 -1.000000e+00 -7.722658e-15
    outer loop
      vertex   -9.004833e+01 4.473186e+01 -2.173239e+01
      vertex   -9.553356e+01 4.473186e+01 -2.159458e+01
      vertex   -9.570296e+01 4.473186e+01 -2.173239e+01
    endloop
  endfacet
  facet normal 6.282848e-15 -1.000000e+00 1.033170e-14
    outer loop
      vertex   -9.004833e+01 4.473186e+01 -2.173239e+01
      vertex   -9.570296e+01 4.473186e+01 -2.173239e+01
      vertex   -8.986175e+01 4.473186e+01 -2.184586e+01
    endloop
  endfacet
  facet normal 5.893889e-15 -1.000000e+00 -9.692088e-15
    outer loop
      vertex   -8.986175e+01 4.473186e+01 -2.184586e+01
      vertex   -9.570296e+01 4.473186e+01 -2.173239e+01
      vertex   -9.588954e+01 4.473186e+01 -2.184586e+01
    endloop
  endfacet
  facet normal 5.893889e-15 -1.000000e+00 1.356909e-14
    outer loop
      vertex   -8.986175e+01 4.473186e+01 -2.184586e+01
      vertex   -9.588954e+01 4.473186e+01 -2.184586e+01
      vertex   -8.966145e+01 4.473186e+01 -2.193286e+01
    endloop
  endfacet
  facet normal 5.526604e-15 -1.000000e+00 -1.272352e-14
    outer loop
      vertex   -8.966145e+01 4.473186e+01 -2.193286e+01
      vertex   -9.588954e+01 4.473186e+01 -2.184586e+01
      vertex   -9.608984e+01 4.473186e+01 -2.193286e+01
    endloop
  endfacet
  facet normal 5.526604e-15 -1.000000e+00 1.972471e-14
    outer loop
      vertex   -8.966145e+01 4.473186e+01 -2.193286e+01
      vertex   -9.608984e+01 4.473186e+01 -2.193286e+01
      vertex   -8.945117e+01 4.473186e+01 -2.199178e+01
    endloop
  endfacet
  facet normal 5.187245e-15 -1.000000e+00 -1.851352e-14
    outer loop
      vertex   -8.945117e+01 4.473186e+01 -2.199178e+01
      vertex   -9.608984e+01 4.473186e+01 -2.193286e+01
      vertex   -9.630011e+01 4.473186e+01 -2.199178e+01
    endloop
  endfacet
  facet normal 5.187245e-15 -1.000000e+00 3.774001e-14
    outer loop
      vertex   -8.945117e+01 4.473186e+01 -2.199178e+01
      vertex   -9.630011e+01 4.473186e+01 -2.199178e+01
      vertex   -8.923483e+01 4.473186e+01 -2.202151e+01
    endloop
  endfacet
  facet normal 4.879013e-15 -1.000000e+00 -3.549745e-14
    outer loop
      vertex   -8.923483e+01 4.473186e+01 -2.202151e+01
      vertex   -9.630011e+01 4.473186e+01 -2.199178e+01
      vertex   -9.651646e+01 4.473186e+01 -2.202151e+01
    endloop
  endfacet
  facet normal 4.879013e-15 -1.000000e+00 -5.946198e-15
    outer loop
      vertex   -8.923483e+01 4.473186e+01 -2.202151e+01
      vertex   -9.651646e+01 4.473186e+01 -2.202151e+01
      vertex   -1.015313e+02 4.473186e+01 -2.733130e+01
    endloop
  endfacet
  facet normal 0.000000e+00 -1.000000e+00 -1.338176e-15
    outer loop
      vertex   -1.015313e+02 4.473186e+01 -2.733130e+01
      vertex   -9.651646e+01 4.473186e+01 -2.202151e+01
      vertex   -9.673483e+01 4.473186e+01 -2.202151e+01
    endloop
  endfacet
  facet normal -1.636138e-16 -1.000000e+00 -1.190379e-15
    outer loop
      vertex   -1.015313e+02 4.473186e+01 -2.733130e+01
      vertex   -9.673483e+01 4.473186e+01 -2.202151e+01
      vertex   -9.695117e+01 4.473186e+01 -2.199178e+01
    endloop
  endfacet
  facet normal 2.552797e-16 -1.000000e+00 1.857298e-15
    outer loop
      vertex   -9.630011e+01 4.473186e+01 -1.685871e+01
      vertex   -8.508646e+01 4.473186e+01 -1.457431e+01
      vertex   -9.651646e+01 4.473186e+01 -1.682897e+01
    endloop
  endfacet
  facet normal 9.233299e-25 -1.000000e+00 3.151436e-15
    outer loop
      vertex   -9.651646e+01 4.473186e+01 -1.682897e+01
      vertex   -8.508646e+01 4.473186e+01 -1.457431e+01
      vertex   -1.039256e+02 4.473186e+01 -1.457431e+01
    endloop
  endfacet
  facet normal 5.127012e-29 -1.000000e+00 3.151436e-15
    outer loop
      vertex   -9.651646e+01 4.473186e+01 -1.682897e+01
      vertex   -1.039256e+02 4.473186e+01 -1.457431e+01
      vertex   -9.673483e+01 4.473186e+01 -1.682897e+01
    endloop
  endfacet
  facet normal -3.011450e-16 -1.000000e+00 2.190992e-15
    outer loop
      vertex   -9.673483e+01 4.473186e+01 -1.682897e+01
      vertex   -1.039256e+02 4.473186e+01 -1.457431e+01
      vertex   -9.695117e+01 4.473186e+01 -1.685871e+01
    endloop
  endfacet
  facet normal -4.696997e-16 -1.000000e+00 1.676380e-15
    outer loop
      vertex   -9.695117e+01 4.473186e+01 -1.685871e+01
      vertex   -1.039256e+02 4.473186e+01 -1.457431e+01
      vertex   -9.716145e+01 4.473186e+01 -1.691762e+01
    endloop
  endfacet
  facet normal -5.843737e-16 -1.000000e+00 1.345363e-15
    outer loop
      vertex   -9.716145e+01 4.473186e+01 -1.691762e+01
      vertex   -1.039256e+02 4.473186e+01 -1.457431e+01
      vertex   -9.736175e+01 4.473186e+01 -1.700463e+01
    endloop
  endfacet
  facet normal -6.728381e-16 -1.000000e+00 1.106435e-15
    outer loop
      vertex   -9.736175e+01 4.473186e+01 -1.700463e+01
      vertex   -1.039256e+02 4.473186e+01 -1.457431e+01
      vertex   -9.754833e+01 4.473186e+01 -1.711809e+01
    endloop
  endfacet
  facet normal -7.476218e-16 -1.000000e+00 9.189507e-16
    outer loop
      vertex   -9.754833e+01 4.473186e+01 -1.711809e+01
      vertex   -1.039256e+02 4.473186e+01 -1.457431e+01
      vertex   -9.771773e+01 4.473186e+01 -1.725590e+01
    endloop
  endfacet
  facet normal -1.451882e-14 -1.000000e+00 -3.096147e-14
    outer loop
      vertex   -9.771773e+01 4.473186e+01 -1.725590e+01
      vertex   -1.039256e+02 4.473186e+01 -1.457431e+01
      vertex   -9.786678e+01 4.473186e+01 -1.741550e+01
    endloop
  endfacet
  facet normal -0.000000e+00 -1.000000e+00 0.000000e+00
    outer loop
      vertex   -9.786678e+01 4.473186e+01 -1.741550e+01
      vertex   -1.039256e+02 4.473186e+01 -1.457431e+01
      vertex   -9.799272e+01 4.473186e+01 -1.759391e+01
    endloop
  endfacet
  facet normal -0.000000e+00 -1.000000e+00 0.000000e+00
    outer loop
      vertex   -9.799272e+01 4.473186e+01 -1.759391e+01
      vertex   -1.039256e+02 4.473186e+01 -1.457431e+01
      vertex   -9.809318e+01 4.473186e+01 -1.778780e+01
    endloop
  endfacet
  facet normal -0.000000e+00 -1.000000e+00 0.000000e+00
    outer loop
      vertex   -9.809318e+01 4.473186e+01 -1.778780e+01
      vertex   -1.039256e+02 4.473186e+01 -1.457431e+01
      vertex   -9.816631e+01 4.473186e+01 -1.799357e+01
    endloop
  endfacet
  facet normal -0.000000e+00 -1.000000e+00 0.000000e+00
    outer loop
      vertex   -9.816631e+01 4.473186e+01 -1.799357e+01
      vertex   -1.039256e+02 4.473186e+01 -1.457431e+01
      vertex   -9.821074e+01 4.473186e+01 -1.820738e+01
    endloop
  endfacet
  facet normal -0.000000e+00 -1.000000e+00 0.000000e+00
    outer loop
      vertex   -9.821074e+01 4.473186e+01 -1.820738e+01
      vertex   -1.039256e+02 4.473186e+01 -1.457431e+01
      vertex   -9.822564e+01 4.473186e+01 -1.842524e+01
    endloop
  endfacet
  facet normal -0.000000e+00 -1.000000e+00 0.000000e+00
    outer loop
      vertex   -9.822564e+01 4.473186e+01 -1.842524e+01
      vertex   -1.039256e+02 4.473186e+01 -1.457431e+01
      vertex   -9.822564e+01 4.473186e+01 -2.042524e+01
    endloop
  endfacet
  facet normal -0.000000e+00 -1.000000e+00 -0.000000e+00
    outer loop
      vertex   -9.822564e+01 4.473186e+01 -2.042524e+01
      vertex   -1.039256e+02 4.473186e+01 -1.457431e+01
      vertex   -9.821074e+01 4.473186e+01 -2.064311e+01
    endloop
  endfacet
  facet normal -0.000000e+00 -1.000000e+00 -0.000000e+00
    outer loop
      vertex   -9.821074e+01 4.473186e+01 -2.064311e+01
      vertex   -1.039256e+02 4.473186e+01 -1.457431e+01
      vertex   -9.816631e+01 4.473186e+01 -2.085692e+01
    endloop
  endfacet
  facet normal -1.528025e-15 -1.000000e+00 -1.400757e-15
    outer loop
      vertex   -9.816631e+01 4.473186e+01 -2.085692e+01
      vertex   -1.039256e+02 4.473186e+01 -1.457431e+01
      vertex   -1.015313e+02 4.473186e+01 -2.733130e+01
    endloop
  endfacet
  facet normal -2.508090e-15 -1.000000e+00 -8.913754e-16
    outer loop
      vertex   -9.816631e+01 4.473186e+01 -2.085692e+01
      vertex   -1.015313e+02 4.473186e+01 -2.733130e+01
      vertex   -9.809318e+01 4.473186e+01 -2.106268e+01
    endloop
  endfacet
  facet normal -2.125377e-15 -1.000000e+00 -1.101282e-15
    outer loop
      vertex   -9.809318e+01 4.473186e+01 -2.106268e+01
      vertex   -1.015313e+02 4.473186e+01 -2.733130e+01
      vertex   -9.799272e+01 4.473186e+01 -2.125658e+01
    endloop
  endfacet
  facet normal -1.815709e-15 -1.000000e+00 -1.281667e-15
    outer loop
      vertex   -9.799272e+01 4.473186e+01 -2.125658e+01
      vertex   -1.015313e+02 4.473186e+01 -2.733130e+01
      vertex   -9.786678e+01 4.473186e+01 -2.143498e+01
    endloop
  endfacet
  facet normal 2.707350e-14 -1.000000e+00 -1.923622e-14
    outer loop
      vertex   -9.786678e+01 4.473186e+01 -2.143498e+01
      vertex   -1.015313e+02 4.473186e+01 -2.733130e+01
      vertex   -9.771773e+01 4.473186e+01 -2.159458e+01
    endloop
  endfacet
  facet normal -6.539760e-16 -1.000000e+00 -8.038445e-16
    outer loop
      vertex   -9.771773e+01 4.473186e+01 -2.159458e+01
      vertex   -1.015313e+02 4.473186e+01 -2.733130e+01
      vertex   -9.754833e+01 4.473186e+01 -2.173239e+01
    endloop
  endfacet
  facet normal -5.386983e-16 -1.000000e+00 -8.858516e-16
    outer loop
      vertex   -9.754833e+01 4.473186e+01 -2.173239e+01
      vertex   -1.015313e+02 4.473186e+01 -2.733130e+01
      vertex   -9.736175e+01 4.473186e+01 -2.184586e+01
    endloop
  endfacet
  facet normal -4.229844e-16 -1.000000e+00 -9.738077e-16
    outer loop
      vertex   -9.736175e+01 4.473186e+01 -2.184586e+01
      vertex   -1.015313e+02 4.473186e+01 -2.733130e+01
      vertex   -9.716145e+01 4.473186e+01 -2.193286e+01
    endloop
  endfacet
  facet normal -3.006043e-16 -1.000000e+00 -1.072871e-15
    outer loop
      vertex   -9.716145e+01 4.473186e+01 -2.193286e+01
      vertex   -1.015313e+02 4.473186e+01 -2.733130e+01
      vertex   -9.695117e+01 4.473186e+01 -2.199178e+01
    endloop
  endfacet
  facet normal 1.130020e-15 -1.000000e+00 -9.018763e-16
    outer loop
      vertex   -1.039256e+02 4.473186e+01 -1.457431e+01
      vertex   -1.039256e+02 4.473186e+01 -3.033130e+01
      vertex   -1.015313e+02 4.473186e+01 -2.733130e+01
    endloop
  endfacet
  facet normal 0.000000e+00 -1.000000e+00 -0.000000e+00
    outer loop
      vertex   -1.015313e+02 4.473186e+01 -2.733130e+01
      vertex   -1.039256e+02 4.473186e+01 -3.033130e+01
      vertex   -1.015313e+02 4.473186e+01 -3.033130e+01
    endloop
  endfacet
  facet normal 1.814746e-15 -1.000000e+00 9.959328e-16
    outer loop
      vertex   -5.063132e+01 4.473186e+01 -2.733130e+01
      vertex   -8.880011e+01 4.473186e+01 -2.199178e+01
      vertex   -1.015313e+02 4.473186e+01 -2.733130e+01
    endloop
  endfacet
  facet normal -1.088259e-15 -1.000000e+00 7.917671e-15
    outer loop
      vertex   -1.015313e+02 4.473186e+01 -2.733130e+01
      vertex   -8.880011e+01 4.473186e+01 -2.199178e+01
      vertex   -8.901646e+01 4.473186e+01 -2.202151e+01
    endloop
  endfacet
  facet normal 0.000000e+00 -1.000000e+00 5.352705e-15
    outer loop
      vertex   -1.015313e+02 4.473186e+01 -2.733130e+01
      vertex   -8.901646e+01 4.473186e+01 -2.202151e+01
      vertex   -8.923483e+01 4.473186e+01 -2.202151e+01
    endloop
  endfacet
  facet normal 5.555771e-15 -1.000000e+00 -4.596134e-15
    outer loop
      vertex   -5.529747e+01 4.473186e+01 -1.905808e+01
      vertex   -5.545757e+01 4.473186e+01 -1.925160e+01
      vertex   -5.063132e+01 4.473186e+01 -2.733130e+01
    endloop
  endfacet
  facet normal 4.761556e-15 -1.000000e+00 -5.070542e-15
    outer loop
      vertex   -5.063132e+01 4.473186e+01 -2.733130e+01
      vertex   -5.545757e+01 4.473186e+01 -1.925160e+01
      vertex   -5.564066e+01 4.473186e+01 -1.942354e+01
    endloop
  endfacet
  facet normal 4.023603e-15 -1.000000e+00 -5.538014e-15
    outer loop
      vertex   -5.063132e+01 4.473186e+01 -2.733130e+01
      vertex   -5.564066e+01 4.473186e+01 -1.942354e+01
      vertex   -5.584385e+01 4.473186e+01 -1.957117e+01
    endloop
  endfacet
  facet normal 3.308586e-15 -1.000000e+00 -6.018295e-15
    outer loop
      vertex   -5.584385e+01 4.473186e+01 -1.957117e+01
      vertex   -5.606394e+01 4.473186e+01 -1.969216e+01
      vertex   -5.063132e+01 4.473186e+01 -2.733130e+01
    endloop
  endfacet
  facet normal 2.586209e-15 -1.000000e+00 -6.532018e-15
    outer loop
      vertex   -5.063132e+01 4.473186e+01 -2.733130e+01
      vertex   -5.606394e+01 4.473186e+01 -1.969216e+01
      vertex   -5.629747e+01 4.473186e+01 -1.978462e+01
    endloop
  endfacet
  facet normal 1.824061e-15 -1.000000e+00 -7.104249e-15
    outer loop
      vertex   -5.063132e+01 4.473186e+01 -2.733130e+01
      vertex   -5.629747e+01 4.473186e+01 -1.978462e+01
      vertex   -5.654074e+01 4.473186e+01 -1.984708e+01
    endloop
  endfacet
  facet normal 9.815172e-16 -1.000000e+00 -7.769509e-15
    outer loop
      vertex   -5.654074e+01 4.473186e+01 -1.984708e+01
      vertex   -5.678992e+01 4.473186e+01 -1.987856e+01
      vertex   -5.063132e+01 4.473186e+01 -2.733130e+01
    endloop
  endfacet
  facet normal -1.618311e-28 -1.000000e+00 -8.580590e-15
    outer loop
      vertex   -5.063132e+01 4.473186e+01 -2.733130e+01
      vertex   -5.678992e+01 4.473186e+01 -1.987856e+01
      vertex   -5.704108e+01 4.473186e+01 -1.987856e+01
    endloop
  endfacet
  facet normal -1.216111e-15 -1.000000e+00 -9.626512e-15
    outer loop
      vertex   -5.063132e+01 4.473186e+01 -2.733130e+01
      vertex   -5.704108e+01 4.473186e+01 -1.987856e+01
      vertex   -5.729027e+01 4.473186e+01 -1.984708e+01
    endloop
  endfacet
  facet normal -1.000000e+00 6.061977e-12 2.852905e-11
    outer loop
      vertex   -1.039256e+02 4.473186e+01 -1.457431e+01
      vertex   -1.039256e+02 4.873186e+01 -1.542524e+01
      vertex   -1.039256e+02 4.473186e+01 -3.033130e+01
    endloop
  endfacet
  facet normal -1.000000e+00 -3.518549e-12 3.109996e-11
    outer loop
      vertex   -1.039256e+02 4.473186e+01 -3.033130e+01
      vertex   -1.039256e+02 4.873186e+01 -1.542524e+01
      vertex   -1.039256e+02 8.894934e+01 -2.533507e+01
    endloop
  endfacet
  facet normal -1.000000e+00 -2.599913e-15 -1.681077e-14
    outer loop
      vertex   -1.039256e+02 4.473186e+01 -3.033130e+01
      vertex   -1.039256e+02 8.894934e+01 -2.533507e+01
      vertex   -1.039256e+02 4.973186e+01 -3.533130e+01
    endloop
  endfacet
  facet normal -1.000000e+00 1.924387e-14 -1.025089e-13
    outer loop
      vertex   -1.039256e+02 4.973186e+01 -3.533130e+01
      vertex   -1.039256e+02 8.894934e+01 -2.533507e+01
      vertex   -1.039256e+02 9.773186e+01 -3.533130e+01
    endloop
  endfacet
  facet normal -1.000000e+00 -5.026825e-14 -1.635811e-13
    outer loop
      vertex   -1.039256e+02 9.773186e+01 -3.533130e+01
      vertex   -1.039256e+02 8.894934e+01 -2.533507e+01
      vertex   -1.039256e+02 9.572808e+01 -2.733130e+01
    endloop
  endfacet
  facet normal -1.000000e+00 -1.418408e-14 -1.545430e-13
    outer loop
      vertex   -1.039256e+02 9.773186e+01 -3.533130e+01
      vertex   -1.039256e+02 9.572808e+01 -2.733130e+01
      vertex   -1.039256e+02 9.773186e+01 -2.733130e+01
    endloop
  endfacet
  facet normal -1.000000e+00 -5.933143e-28 3.340062e-14
    outer loop
      vertex   -1.039256e+02 4.473186e+01 -1.457431e+01
      vertex   -1.039256e+02 4.873186e+01 -1.457431e+01
      vertex   -1.039256e+02 4.873186e+01 -1.542524e+01
    endloop
  endfacet
  facet normal -1.000000e+00 -1.117823e-11 1.434016e-14
    outer loop
      vertex   -1.039256e+02 4.873186e+01 -1.542524e+01
      vertex   -1.039256e+02 8.894934e+01 -1.542524e+01
      vertex   -1.039256e+02 8.894934e+01 -2.533507e+01
    endloop
  endfacet
  facet normal -1.000000e+00 0.000000e+00 7.118865e-15
    outer loop
      vertex   -1.039256e+02 8.894934e+01 -2.533507e+01
      vertex   -1.039256e+02 9.373186e+01 -2.533507e+01
      vertex   -1.039256e+02 9.572808e+01 -2.733130e+01
    endloop
  endfacet
endsolid
