solid ASCII
  facet normal 1.205323e-12 1.000000e+00 0.000000e+00
    outer loop
      vertex   -1.419057e+02 3.750940e+02 2.223126e+02
      vertex   -1.419057e+02 3.750940e+02 1.771848e+02
      vertex   -1.420000e+02 3.750940e+02 2.223126e+02
    endloop
  endfacet
  facet normal 1.205323e-12 1.000000e+00 0.000000e+00
    outer loop
      vertex   -1.420000e+02 3.750940e+02 2.223126e+02
      vertex   -1.419057e+02 3.750940e+02 1.771848e+02
      vertex   -1.420000e+02 3.750940e+02 1.771848e+02
    endloop
  endfacet
  facet normal -4.930731e-14 1.000000e+00 0.000000e+00
    outer loop
      vertex   -9.100568e+01 3.750940e+02 2.241810e+02
      vertex   -9.100568e+01 3.750940e+02 2.261848e+02
      vertex   -8.870000e+01 3.750940e+02 2.241810e+02
    endloop
  endfacet
  facet normal 0.000000e+00 1.000000e+00 5.673633e-14
    outer loop
      vertex   -8.870000e+01 3.750940e+02 2.241810e+02
      vertex   -9.100568e+01 3.750940e+02 2.261848e+02
      vertex   -8.870000e+01 3.750940e+02 2.261848e+02
    endloop
  endfacet
  facet normal 0.000000e+00 0.000000e+00 1.000000e+00
    outer loop
      vertex   -8.870000e+01 3.750940e+02 2.261848e+02
      vertex   -9.100568e+01 3.750940e+02 2.261848e+02
      vertex   -8.870000e+01 3.720940e+02 2.261848e+02
    endloop
  endfacet
  facet normal 0.000000e+00 0.000000e+00 1.000000e+00
    outer loop
      vertex   -8.870000e+01 3.720940e+02 2.261848e+02
      vertex   -9.100568e+01 3.750940e+02 2.261848e+02
      vertex   -9.100568e+01 3.720940e+02 2.261848e+02
    endloop
  endfacet
  facet normal 8.665267e-01 -4.991308e-01 8.601793e-13
    outer loop
      vertex   -1.415361e+02 3.673081e+02 2.213989e+02
      vertex   -1.400238e+02 3.699336e+02 2.213989e+02
      vertex   -1.413715e+02 3.675940e+02 2.216848e+02
    endloop
  endfacet
  facet normal 8.665267e-01 -4.991308e-01 0.000000e+00
    outer loop
      vertex   -1.413715e+02 3.675940e+02 2.216848e+02
      vertex   -1.400238e+02 3.699336e+02 2.213989e+02
      vertex   -1.400238e+02 3.699336e+02 2.216848e+02
    endloop
  endfacet
  facet normal 8.652658e-01 -4.984045e-01 -5.392739e-02
    outer loop
      vertex   -1.415361e+02 3.673081e+02 2.213989e+02
      vertex   -1.416049e+02 3.672004e+02 2.212912e+02
      vertex   -1.400238e+02 3.699336e+02 2.213989e+02
    endloop
  endfacet
  facet normal 8.642229e-01 -4.967953e-01 -7.945601e-02
    outer loop
      vertex   -1.400238e+02 3.699336e+02 2.213989e+02
      vertex   -1.416049e+02 3.672004e+02 2.212912e+02
      vertex   -1.400348e+02 3.699399e+02 2.212405e+02
    endloop
  endfacet
  facet normal 8.550528e-01 -4.930417e-01 -1.606070e-01
    outer loop
      vertex   -1.400348e+02 3.699399e+02 2.212405e+02
      vertex   -1.416049e+02 3.672004e+02 2.212912e+02
      vertex   -1.416862e+02 3.670940e+02 2.211848e+02
    endloop
  endfacet
  facet normal 8.424136e-01 -4.842237e-01 -2.363615e-01
    outer loop
      vertex   -1.400348e+02 3.699399e+02 2.212405e+02
      vertex   -1.416862e+02 3.670940e+02 2.211848e+02
      vertex   -1.400673e+02 3.699586e+02 2.210861e+02
    endloop
  endfacet
  facet normal 8.304711e-01 -4.791217e-01 -2.841833e-01
    outer loop
      vertex   -1.400673e+02 3.699586e+02 2.210861e+02
      vertex   -1.416862e+02 3.670940e+02 2.211848e+02
      vertex   -1.417337e+02 3.670940e+02 2.210460e+02
    endloop
  endfacet
  facet normal 7.992710e-01 -4.595279e-01 -3.872982e-01
    outer loop
      vertex   -1.400673e+02 3.699586e+02 2.210861e+02
      vertex   -1.417337e+02 3.670940e+02 2.210460e+02
      vertex   -1.401206e+02 3.699893e+02 2.209396e+02
    endloop
  endfacet
  facet normal 7.862949e-01 -4.534866e-01 -4.196311e-01
    outer loop
      vertex   -1.401206e+02 3.699893e+02 2.209396e+02
      vertex   -1.417337e+02 3.670940e+02 2.210460e+02
      vertex   -1.418039e+02 3.670940e+02 2.209146e+02
    endloop
  endfacet
  facet normal 7.359238e-01 -4.232634e-01 -5.284545e-01
    outer loop
      vertex   -1.401206e+02 3.699893e+02 2.209396e+02
      vertex   -1.418039e+02 3.670940e+02 2.209146e+02
      vertex   -1.401934e+02 3.700313e+02 2.208047e+02
    endloop
  endfacet
  facet normal 7.256440e-01 -4.182958e-01 -5.463236e-01
    outer loop
      vertex   -1.401934e+02 3.700313e+02 2.208047e+02
      vertex   -1.418039e+02 3.670940e+02 2.209146e+02
      vertex   -1.418951e+02 3.670940e+02 2.207933e+02
    endloop
  endfacet
  facet normal 6.539711e-01 -3.763470e-01 -6.562657e-01
    outer loop
      vertex   -1.401934e+02 3.700313e+02 2.208047e+02
      vertex   -1.418951e+02 3.670940e+02 2.207933e+02
      vertex   -1.402838e+02 3.700833e+02 2.206848e+02
    endloop
  endfacet
  facet normal 6.497709e-01 -3.742766e-01 -6.616002e-01
    outer loop
      vertex   -1.402838e+02 3.700833e+02 2.206848e+02
      vertex   -1.418951e+02 3.670940e+02 2.207933e+02
      vertex   -1.420057e+02 3.670940e+02 2.206848e+02
    endloop
  endfacet
  facet normal 0.000000e+00 -0.000000e+00 1.000000e+00
    outer loop
      vertex   -9.100568e+01 3.685940e+02 2.226848e+02
      vertex   -9.100568e+01 3.725792e+02 2.226848e+02
      vertex   -9.105660e+01 3.685940e+02 2.226848e+02
    endloop
  endfacet
  facet normal 0.000000e+00 -0.000000e+00 1.000000e+00
    outer loop
      vertex   -9.105660e+01 3.685940e+02 2.226848e+02
      vertex   -9.100568e+01 3.725792e+02 2.226848e+02
      vertex   -9.210872e+01 3.706488e+02 2.226848e+02
    endloop
  endfacet
  facet normal 0.000000e+00 0.000000e+00 1.000000e+00
    outer loop
      vertex   -9.105660e+01 3.685940e+02 2.226848e+02
      vertex   -9.210872e+01 3.706488e+02 2.226848e+02
      vertex   -9.211440e+01 3.704451e+02 2.226848e+02
    endloop
  endfacet
  facet normal 0.000000e+00 -0.000000e+00 1.000000e+00
    outer loop
      vertex   -9.211440e+01 3.704451e+02 2.226848e+02
      vertex   -9.210872e+01 3.706488e+02 2.226848e+02
      vertex   -9.212702e+01 3.706108e+02 2.226848e+02
    endloop
  endfacet
  facet normal 0.000000e+00 0.000000e+00 1.000000e+00
    outer loop
      vertex   -9.211440e+01 3.704451e+02 2.226848e+02
      vertex   -9.212702e+01 3.706108e+02 2.226848e+02
      vertex   -9.212801e+01 3.704720e+02 2.226848e+02
    endloop
  endfacet
  facet normal 0.000000e+00 -0.000000e+00 1.000000e+00
    outer loop
      vertex   -9.212801e+01 3.704720e+02 2.226848e+02
      vertex   -9.212702e+01 3.706108e+02 2.226848e+02
      vertex   -9.213886e+01 3.705001e+02 2.226848e+02
    endloop
  endfacet
  facet normal 0.000000e+00 -0.000000e+00 1.000000e+00
    outer loop
      vertex   -9.213886e+01 3.705001e+02 2.226848e+02
      vertex   -9.212702e+01 3.706108e+02 2.226848e+02
      vertex   -9.213981e+01 3.705707e+02 2.226848e+02
    endloop
  endfacet
  facet normal 0.000000e+00 0.000000e+00 1.000000e+00
    outer loop
      vertex   -9.213886e+01 3.705001e+02 2.226848e+02
      vertex   -9.213981e+01 3.705707e+02 2.226848e+02
      vertex   -9.214684e+01 3.705291e+02 2.226848e+02
    endloop
  endfacet
  facet normal -0.000000e+00 -1.000000e+00 0.000000e+00
    outer loop
      vertex   -1.416862e+02 3.670940e+02 2.211848e+02
      vertex   -1.443000e+02 3.670940e+02 2.211848e+02
      vertex   -1.417337e+02 3.670940e+02 2.210460e+02
    endloop
  endfacet
  facet normal -0.000000e+00 -1.000000e+00 0.000000e+00
    outer loop
      vertex   -1.417337e+02 3.670940e+02 2.210460e+02
      vertex   -1.443000e+02 3.670940e+02 2.211848e+02
      vertex   -1.418039e+02 3.670940e+02 2.209146e+02
    endloop
  endfacet
  facet normal -0.000000e+00 -1.000000e+00 0.000000e+00
    outer loop
      vertex   -1.418039e+02 3.670940e+02 2.209146e+02
      vertex   -1.443000e+02 3.670940e+02 2.211848e+02
      vertex   -1.418951e+02 3.670940e+02 2.207933e+02
    endloop
  endfacet
  facet normal 1.242952e-12 -1.000000e+00 7.636139e-12
    outer loop
      vertex   -1.418951e+02 3.670940e+02 2.207933e+02
      vertex   -1.443000e+02 3.670940e+02 2.211848e+02
      vertex   -1.420057e+02 3.670940e+02 2.206848e+02
    endloop
  endfacet
  facet normal -4.211870e-13 -1.000000e+00 -0.000000e+00
    outer loop
      vertex   -1.420057e+02 3.670940e+02 2.206848e+02
      vertex   -1.443000e+02 3.670940e+02 2.211848e+02
      vertex   -1.420057e+02 3.670940e+02 2.056848e+02
    endloop
  endfacet
  facet normal -4.211870e-13 -1.000000e+00 -8.728749e-27
    outer loop
      vertex   -1.420057e+02 3.670940e+02 2.056848e+02
      vertex   -1.443000e+02 3.670940e+02 2.211848e+02
      vertex   -1.443000e+02 3.670940e+02 1.731848e+02
    endloop
  endfacet
  facet normal -4.211870e-13 -1.000000e+00 -4.529513e-27
    outer loop
      vertex   -1.420057e+02 3.670940e+02 2.056848e+02
      vertex   -1.443000e+02 3.670940e+02 1.731848e+02
      vertex   -1.420057e+02 3.670940e+02 1.871848e+02
    endloop
  endfacet
  facet normal 1.610335e-13 -1.000000e+00 -9.541433e-14
    outer loop
      vertex   -1.420057e+02 3.670940e+02 1.871848e+02
      vertex   -1.443000e+02 3.670940e+02 1.731848e+02
      vertex   -1.420057e+02 3.670940e+02 1.770569e+02
    endloop
  endfacet
  facet normal 0.000000e+00 -1.000000e+00 -0.000000e+00
    outer loop
      vertex   -1.420057e+02 3.670940e+02 1.770569e+02
      vertex   -1.443000e+02 3.670940e+02 1.731848e+02
      vertex   -9.100568e+01 3.670940e+02 1.770569e+02
    endloop
  endfacet
  facet normal 0.000000e+00 -1.000000e+00 -0.000000e+00
    outer loop
      vertex   -9.100568e+01 3.670940e+02 1.770569e+02
      vertex   -1.443000e+02 3.670940e+02 1.731848e+02
      vertex   -8.870000e+01 3.670940e+02 1.731848e+02
    endloop
  endfacet
  facet normal 0.000000e+00 -1.000000e+00 0.000000e+00
    outer loop
      vertex   -9.100568e+01 3.670940e+02 1.770569e+02
      vertex   -8.870000e+01 3.670940e+02 1.731848e+02
      vertex   -9.100568e+01 3.670940e+02 1.863848e+02
    endloop
  endfacet
  facet normal -2.866466e-13 -1.000000e+00 -5.006933e-14
    outer loop
      vertex   -9.100568e+01 3.670940e+02 1.863848e+02
      vertex   -8.870000e+01 3.670940e+02 1.731848e+02
      vertex   -9.100568e+01 3.670940e+02 2.056848e+02
    endloop
  endfacet
  facet normal 4.191121e-13 -1.000000e+00 7.941255e-27
    outer loop
      vertex   -9.100568e+01 3.670940e+02 2.056848e+02
      vertex   -8.870000e+01 3.670940e+02 1.731848e+02
      vertex   -8.870000e+01 3.670940e+02 2.211848e+02
    endloop
  endfacet
  facet normal -1.397040e-14 -1.000000e+00 6.442254e-14
    outer loop
      vertex   -9.100568e+01 3.670940e+02 2.056848e+02
      vertex   -8.870000e+01 3.670940e+02 2.211848e+02
      vertex   -9.100568e+01 3.670940e+02 2.206848e+02
    endloop
  endfacet
  facet normal 0.000000e+00 -1.000000e+00 0.000000e+00
    outer loop
      vertex   -9.100568e+01 3.670940e+02 2.206848e+02
      vertex   -8.870000e+01 3.670940e+02 2.211848e+02
      vertex   -9.111599e+01 3.670940e+02 2.207933e+02
    endloop
  endfacet
  facet normal 0.000000e+00 -1.000000e+00 0.000000e+00
    outer loop
      vertex   -9.111599e+01 3.670940e+02 2.207933e+02
      vertex   -8.870000e+01 3.670940e+02 2.211848e+02
      vertex   -9.120710e+01 3.670940e+02 2.209146e+02
    endloop
  endfacet
  facet normal 0.000000e+00 -1.000000e+00 0.000000e+00
    outer loop
      vertex   -9.120710e+01 3.670940e+02 2.209146e+02
      vertex   -8.870000e+01 3.670940e+02 2.211848e+02
      vertex   -9.127709e+01 3.670940e+02 2.210460e+02
    endloop
  endfacet
  facet normal 0.000000e+00 -1.000000e+00 0.000000e+00
    outer loop
      vertex   -9.127709e+01 3.670940e+02 2.210460e+02
      vertex   -8.870000e+01 3.670940e+02 2.211848e+02
      vertex   -9.132449e+01 3.670940e+02 2.211848e+02
    endloop
  endfacet
  facet normal 9.663383e-12 -1.000000e+00 1.039216e-25
    outer loop
      vertex   -1.420057e+02 3.670940e+02 1.871848e+02
      vertex   -1.419057e+02 3.670940e+02 1.871848e+02
      vertex   -1.420057e+02 3.670940e+02 2.056848e+02
    endloop
  endfacet
  facet normal 9.663383e-12 -1.000000e+00 0.000000e+00
    outer loop
      vertex   -1.420057e+02 3.670940e+02 2.056848e+02
      vertex   -1.419057e+02 3.670940e+02 1.871848e+02
      vertex   -1.419057e+02 3.670940e+02 2.056848e+02
    endloop
  endfacet
  facet normal -1.000000e+00 0.000000e+00 0.000000e+00
    outer loop
      vertex   -9.100568e+01 3.743247e+02 2.221848e+02
      vertex   -9.100568e+01 3.741782e+02 2.222935e+02
      vertex   -9.100568e+01 3.750940e+02 2.221848e+02
    endloop
  endfacet
  facet normal -1.000000e+00 0.000000e+00 0.000000e+00
    outer loop
      vertex   -9.100568e+01 3.750940e+02 2.221848e+02
      vertex   -9.100568e+01 3.741782e+02 2.222935e+02
      vertex   -9.100568e+01 3.740044e+02 2.223919e+02
    endloop
  endfacet
  facet normal -1.000000e+00 0.000000e+00 0.000000e+00
    outer loop
      vertex   -9.100568e+01 3.750940e+02 2.221848e+02
      vertex   -9.100568e+01 3.740044e+02 2.223919e+02
      vertex   -9.100568e+01 3.750940e+02 2.241810e+02
    endloop
  endfacet
  facet normal -1.000000e+00 0.000000e+00 0.000000e+00
    outer loop
      vertex   -9.100568e+01 3.750940e+02 2.241810e+02
      vertex   -9.100568e+01 3.740044e+02 2.223919e+02
      vertex   -9.100568e+01 3.738062e+02 2.224781e+02
    endloop
  endfacet
  facet normal -1.000000e+00 0.000000e+00 0.000000e+00
    outer loop
      vertex   -9.100568e+01 3.750940e+02 2.241810e+02
      vertex   -9.100568e+01 3.738062e+02 2.224781e+02
      vertex   -9.100568e+01 3.735869e+02 2.225508e+02
    endloop
  endfacet
  facet normal -1.000000e+00 0.000000e+00 0.000000e+00
    outer loop
      vertex   -9.100568e+01 3.735869e+02 2.225508e+02
      vertex   -9.100568e+01 3.733505e+02 2.226086e+02
      vertex   -9.100568e+01 3.750940e+02 2.241810e+02
    endloop
  endfacet
  facet normal -1.000000e+00 0.000000e+00 0.000000e+00
    outer loop
      vertex   -9.100568e+01 3.750940e+02 2.241810e+02
      vertex   -9.100568e+01 3.733505e+02 2.226086e+02
      vertex   -9.100568e+01 3.731008e+02 2.226507e+02
    endloop
  endfacet
  facet normal -1.000000e+00 0.000000e+00 0.000000e+00
    outer loop
      vertex   -9.100568e+01 3.750940e+02 2.241810e+02
      vertex   -9.100568e+01 3.731008e+02 2.226507e+02
      vertex   -9.100568e+01 3.728422e+02 2.226762e+02
    endloop
  endfacet
  facet normal -1.000000e+00 0.000000e+00 0.000000e+00
    outer loop
      vertex   -9.100568e+01 3.728422e+02 2.226762e+02
      vertex   -9.100568e+01 3.725792e+02 2.226848e+02
      vertex   -9.100568e+01 3.750940e+02 2.241810e+02
    endloop
  endfacet
  facet normal -1.000000e+00 -1.562157e-13 2.625608e-13
    outer loop
      vertex   -9.100568e+01 3.750940e+02 2.241810e+02
      vertex   -9.100568e+01 3.725792e+02 2.226848e+02
      vertex   -9.100568e+01 3.720940e+02 2.261848e+02
    endloop
  endfacet
  facet normal -1.000000e+00 -3.315866e-13 0.000000e+00
    outer loop
      vertex   -9.100568e+01 3.750940e+02 2.241810e+02
      vertex   -9.100568e+01 3.720940e+02 2.261848e+02
      vertex   -9.100568e+01 3.750940e+02 2.261848e+02
    endloop
  endfacet
  facet normal -1.000000e+00 0.000000e+00 2.842171e-13
    outer loop
      vertex   -9.100568e+01 3.725792e+02 2.226848e+02
      vertex   -9.100568e+01 3.685940e+02 2.226848e+02
      vertex   -9.100568e+01 3.720940e+02 2.261848e+02
    endloop
  endfacet
  facet normal 9.091335e-01 4.165047e-01 -7.375461e-15
    outer loop
      vertex   -1.402106e+02 3.708456e+02 1.863848e+02
      vertex   -1.402106e+02 3.708456e+02 1.840548e+02
      vertex   -1.402642e+02 3.709627e+02 1.863848e+02
    endloop
  endfacet
  facet normal 9.091335e-01 4.165047e-01 -7.374740e-15
    outer loop
      vertex   -1.402642e+02 3.709627e+02 1.863848e+02
      vertex   -1.402106e+02 3.708456e+02 1.840548e+02
      vertex   -1.402106e+02 3.708456e+02 1.817248e+02
    endloop
  endfacet
  facet normal 9.091335e-01 4.165047e-01 7.903443e-14
    outer loop
      vertex   -1.402642e+02 3.709627e+02 1.863848e+02
      vertex   -1.402106e+02 3.708456e+02 1.817248e+02
      vertex   -1.402642e+02 3.709627e+02 1.770648e+02
    endloop
  endfacet
  facet normal 9.091335e-01 4.165047e-01 -7.374740e-15
    outer loop
      vertex   -1.402642e+02 3.709627e+02 1.770648e+02
      vertex   -1.402106e+02 3.708456e+02 1.817248e+02
      vertex   -1.402106e+02 3.708456e+02 1.793948e+02
    endloop
  endfacet
  facet normal 9.091335e-01 4.165047e-01 -7.374740e-15
    outer loop
      vertex   -1.402642e+02 3.709627e+02 1.770648e+02
      vertex   -1.402106e+02 3.708456e+02 1.793948e+02
      vertex   -1.402106e+02 3.708456e+02 1.770648e+02
    endloop
  endfacet
  facet normal 9.551175e-01 2.962272e-01 6.044612e-15
    outer loop
      vertex   -1.402106e+02 3.708456e+02 1.770648e+02
      vertex   -1.402106e+02 3.708456e+02 1.793948e+02
      vertex   -1.401724e+02 3.707226e+02 1.770648e+02
    endloop
  endfacet
  facet normal 9.551175e-01 2.962272e-01 8.847643e-15
    outer loop
      vertex   -1.401724e+02 3.707226e+02 1.770648e+02
      vertex   -1.402106e+02 3.708456e+02 1.793948e+02
      vertex   -1.401724e+02 3.707226e+02 1.793948e+02
    endloop
  endfacet
  facet normal 9.852645e-01 1.710379e-01 1.569144e-14
    outer loop
      vertex   -1.401724e+02 3.707226e+02 1.770648e+02
      vertex   -1.401724e+02 3.707226e+02 1.793948e+02
      vertex   -1.401504e+02 3.705957e+02 1.770648e+02
    endloop
  endfacet
  facet normal 9.852645e-01 1.710379e-01 3.672916e-15
    outer loop
      vertex   -1.401504e+02 3.705957e+02 1.770648e+02
      vertex   -1.401724e+02 3.707226e+02 1.793948e+02
      vertex   -1.401724e+02 3.707226e+02 1.817248e+02
    endloop
  endfacet
  facet normal 9.852645e-01 1.710379e-01 -9.013809e-15
    outer loop
      vertex   -1.401504e+02 3.705957e+02 1.770648e+02
      vertex   -1.401724e+02 3.707226e+02 1.817248e+02
      vertex   -1.401504e+02 3.705957e+02 1.863848e+02
    endloop
  endfacet
  facet normal 9.852645e-01 1.710379e-01 3.672916e-15
    outer loop
      vertex   -1.401504e+02 3.705957e+02 1.863848e+02
      vertex   -1.401724e+02 3.707226e+02 1.817248e+02
      vertex   -1.401724e+02 3.707226e+02 1.840548e+02
    endloop
  endfacet
  facet normal 9.852645e-01 1.710379e-01 3.672916e-15
    outer loop
      vertex   -1.401504e+02 3.705957e+02 1.863848e+02
      vertex   -1.401724e+02 3.707226e+02 1.840548e+02
      vertex   -1.401724e+02 3.707226e+02 1.863848e+02
    endloop
  endfacet
  facet normal 9.551175e-01 2.962272e-01 -2.803031e-15
    outer loop
      vertex   -1.401724e+02 3.707226e+02 1.863848e+02
      vertex   -1.401724e+02 3.707226e+02 1.840548e+02
      vertex   -1.402106e+02 3.708456e+02 1.863848e+02
    endloop
  endfacet
  facet normal 9.551175e-01 2.962272e-01 6.044612e-15
    outer loop
      vertex   -1.402106e+02 3.708456e+02 1.863848e+02
      vertex   -1.401724e+02 3.707226e+02 1.840548e+02
      vertex   -1.402106e+02 3.708456e+02 1.840548e+02
    endloop
  endfacet
  facet normal 9.551175e-01 2.962272e-01 6.044917e-15
    outer loop
      vertex   -1.401724e+02 3.707226e+02 1.793948e+02
      vertex   -1.402106e+02 3.708456e+02 1.793948e+02
      vertex   -1.402106e+02 3.708456e+02 1.817248e+02
    endloop
  endfacet
  facet normal 9.551175e-01 2.962272e-01 -2.803031e-15
    outer loop
      vertex   -1.401724e+02 3.707226e+02 1.840548e+02
      vertex   -1.401724e+02 3.707226e+02 1.817248e+02
      vertex   -1.402106e+02 3.708456e+02 1.840548e+02
    endloop
  endfacet
  facet normal 9.551175e-01 2.962272e-01 6.044612e-15
    outer loop
      vertex   -1.402106e+02 3.708456e+02 1.840548e+02
      vertex   -1.401724e+02 3.707226e+02 1.817248e+02
      vertex   -1.402106e+02 3.708456e+02 1.817248e+02
    endloop
  endfacet
  facet normal 9.551175e-01 2.962272e-01 -2.803031e-15
    outer loop
      vertex   -1.401724e+02 3.707226e+02 1.817248e+02
      vertex   -1.401724e+02 3.707226e+02 1.793948e+02
      vertex   -1.402106e+02 3.708456e+02 1.817248e+02
    endloop
  endfacet
  facet normal -6.054216e-03 1.444239e-03 9.999806e-01
    outer loop
      vertex   -9.204512e+01 3.705352e+02 1.871848e+02
      vertex   -9.203983e+01 3.705574e+02 1.871848e+02
      vertex   -9.205516e+01 3.705346e+02 1.871847e+02
    endloop
  endfacet
  facet normal -8.531372e-02 5.481643e-02 9.948451e-01
    outer loop
      vertex   -9.205516e+01 3.705346e+02 1.871847e+02
      vertex   -9.203983e+01 3.705574e+02 1.871848e+02
      vertex   -9.218253e+01 3.705559e+02 1.871726e+02
    endloop
  endfacet
  facet normal -8.833575e-02 3.703230e-02 9.954021e-01
    outer loop
      vertex   -9.205516e+01 3.705346e+02 1.871847e+02
      vertex   -9.218253e+01 3.705559e+02 1.871726e+02
      vertex   -9.217774e+01 3.705272e+02 1.871741e+02
    endloop
  endfacet
  facet normal -2.261270e-01 1.290250e-02 9.740124e-01
    outer loop
      vertex   -9.217774e+01 3.705272e+02 1.871741e+02
      vertex   -9.218253e+01 3.705559e+02 1.871726e+02
      vertex   -9.227918e+01 3.705211e+02 1.871506e+02
    endloop
  endfacet
  facet normal -2.486762e-01 8.109560e-02 9.651858e-01
    outer loop
      vertex   -9.227918e+01 3.705211e+02 1.871506e+02
      vertex   -9.218253e+01 3.705559e+02 1.871726e+02
      vertex   -9.231539e+01 3.705780e+02 1.871365e+02
    endloop
  endfacet
  facet normal -3.399123e-01 1.689742e-02 9.403053e-01
    outer loop
      vertex   -9.227918e+01 3.705211e+02 1.871506e+02
      vertex   -9.231539e+01 3.705780e+02 1.871365e+02
      vertex   -9.235852e+01 3.705163e+02 1.871220e+02
    endloop
  endfacet
  facet normal -4.154899e-01 7.768000e-02 9.062748e-01
    outer loop
      vertex   -9.235852e+01 3.705163e+02 1.871220e+02
      vertex   -9.231539e+01 3.705780e+02 1.871365e+02
      vertex   -9.244007e+01 3.705987e+02 1.870776e+02
    endloop
  endfacet
  facet normal -4.307922e-01 5.942571e-02 9.004925e-01
    outer loop
      vertex   -9.235852e+01 3.705163e+02 1.871220e+02
      vertex   -9.244007e+01 3.705987e+02 1.870776e+02
      vertex   -9.242377e+01 3.705124e+02 1.870911e+02
    endloop
  endfacet
  facet normal -5.096654e-01 3.814148e-02 8.595268e-01
    outer loop
      vertex   -9.242377e+01 3.705124e+02 1.870911e+02
      vertex   -9.244007e+01 3.705987e+02 1.870776e+02
      vertex   -9.248577e+01 3.705086e+02 1.870545e+02
    endloop
  endfacet
  facet normal -5.683551e-01 7.827217e-02 8.190519e-01
    outer loop
      vertex   -9.248577e+01 3.705086e+02 1.870545e+02
      vertex   -9.244007e+01 3.705987e+02 1.870776e+02
      vertex   -9.255276e+01 3.706174e+02 1.869976e+02
    endloop
  endfacet
  facet normal -5.851424e-01 6.243092e-02 8.085238e-01
    outer loop
      vertex   -9.248577e+01 3.705086e+02 1.870545e+02
      vertex   -9.255276e+01 3.706174e+02 1.869976e+02
      vertex   -9.254420e+01 3.705051e+02 1.870125e+02
    endloop
  endfacet
  facet normal -6.554813e-01 4.979749e-02 7.535678e-01
    outer loop
      vertex   -9.254420e+01 3.705051e+02 1.870125e+02
      vertex   -9.255276e+01 3.706174e+02 1.869976e+02
      vertex   -9.259871e+01 3.705018e+02 1.869653e+02
    endloop
  endfacet
  facet normal -7.027788e-01 8.169385e-02 7.067022e-01
    outer loop
      vertex   -9.259871e+01 3.705018e+02 1.869653e+02
      vertex   -9.255276e+01 3.706174e+02 1.869976e+02
      vertex   -9.265005e+01 3.706335e+02 1.868990e+02
    endloop
  endfacet
  facet normal -7.204726e-01 6.653157e-02 6.902846e-01
    outer loop
      vertex   -9.259871e+01 3.705018e+02 1.869653e+02
      vertex   -9.265005e+01 3.706335e+02 1.868990e+02
      vertex   -9.264884e+01 3.704988e+02 1.869132e+02
    endloop
  endfacet
  facet normal -7.798376e-01 5.890180e-02 6.232045e-01
    outer loop
      vertex   -9.264884e+01 3.704988e+02 1.869132e+02
      vertex   -9.265005e+01 3.706335e+02 1.868990e+02
      vertex   -9.269397e+01 3.704960e+02 1.868570e+02
    endloop
  endfacet
  facet normal -8.151340e-01 8.553038e-02 5.729234e-01
    outer loop
      vertex   -9.269397e+01 3.704960e+02 1.868570e+02
      vertex   -9.265005e+01 3.706335e+02 1.868990e+02
      vertex   -9.272898e+01 3.706464e+02 1.867848e+02
    endloop
  endfacet
  facet normal -8.322301e-01 7.050234e-02 5.499295e-01
    outer loop
      vertex   -9.269397e+01 3.704960e+02 1.868570e+02
      vertex   -9.272898e+01 3.706464e+02 1.867848e+02
      vertex   -9.273381e+01 3.704936e+02 1.867970e+02
    endloop
  endfacet
  facet normal -8.784182e-01 6.580909e-02 4.733398e-01
    outer loop
      vertex   -9.273381e+01 3.704936e+02 1.867970e+02
      vertex   -9.272898e+01 3.706464e+02 1.867848e+02
      vertex   -9.276813e+01 3.704915e+02 1.867336e+02
    endloop
  endfacet
  facet normal -9.022734e-01 8.881140e-02 4.219184e-01
    outer loop
      vertex   -9.276813e+01 3.704915e+02 1.867336e+02
      vertex   -9.272898e+01 3.706464e+02 1.867848e+02
      vertex   -9.278715e+01 3.706559e+02 1.866584e+02
    endloop
  endfacet
  facet normal -9.169728e-01 7.347076e-02 3.921263e-01
    outer loop
      vertex   -9.276813e+01 3.704915e+02 1.867336e+02
      vertex   -9.278715e+01 3.706559e+02 1.866584e+02
      vertex   -9.279667e+01 3.704898e+02 1.866672e+02
    endloop
  endfacet
  facet normal -9.486525e-01 7.082391e-02 3.082895e-01
    outer loop
      vertex   -9.279667e+01 3.704898e+02 1.866672e+02
      vertex   -9.278715e+01 3.706559e+02 1.866584e+02
      vertex   -9.281907e+01 3.704885e+02 1.865986e+02
    endloop
  endfacet
  facet normal -9.617503e-01 9.115814e-02 2.583147e-01
    outer loop
      vertex   -9.281907e+01 3.704885e+02 1.865986e+02
      vertex   -9.278715e+01 3.706559e+02 1.866584e+02
      vertex   -9.282278e+01 3.706616e+02 1.865237e+02
    endloop
  endfacet
  facet normal -9.721740e-01 7.516793e-02 2.218727e-01
    outer loop
      vertex   -9.281907e+01 3.704885e+02 1.865986e+02
      vertex   -9.282278e+01 3.706616e+02 1.865237e+02
      vertex   -9.283518e+01 3.704875e+02 1.865284e+02
    endloop
  endfacet
  facet normal -9.882255e-01 7.394175e-02 1.339518e-01
    outer loop
      vertex   -9.283518e+01 3.704875e+02 1.865284e+02
      vertex   -9.282278e+01 3.706616e+02 1.865237e+02
      vertex   -9.284490e+01 3.704869e+02 1.864569e+02
    endloop
  endfacet
  facet normal -9.908332e-01 8.547775e-02 1.046096e-01
    outer loop
      vertex   -9.284490e+01 3.704869e+02 1.864569e+02
      vertex   -9.282278e+01 3.706616e+02 1.865237e+02
      vertex   -9.284108e+01 3.706195e+02 1.863848e+02
    endloop
  endfacet
  facet normal -9.975737e-01 5.318568e-02 4.492128e-02
    outer loop
      vertex   -9.284490e+01 3.704869e+02 1.864569e+02
      vertex   -9.284108e+01 3.706195e+02 1.863848e+02
      vertex   -9.284816e+01 3.704867e+02 1.863848e+02
    endloop
  endfacet
  facet normal -8.507733e-02 2.205874e-02 9.961301e-01
    outer loop
      vertex   -9.218253e+01 3.705559e+02 1.871726e+02
      vertex   -9.203983e+01 3.705574e+02 1.871848e+02
      vertex   -9.216758e+01 3.706136e+02 1.871726e+02
    endloop
  endfacet
  facet normal -8.174103e-02 2.966776e-02 9.962119e-01
    outer loop
      vertex   -9.216758e+01 3.706136e+02 1.871726e+02
      vertex   -9.203983e+01 3.705574e+02 1.871848e+02
      vertex   -9.203206e+01 3.705788e+02 1.871848e+02
    endloop
  endfacet
  facet normal -7.993186e-02 3.669779e-02 9.961246e-01
    outer loop
      vertex   -9.216758e+01 3.706136e+02 1.871726e+02
      vertex   -9.203206e+01 3.705788e+02 1.871848e+02
      vertex   -9.214251e+01 3.706681e+02 1.871726e+02
    endloop
  endfacet
  facet normal -7.813859e-02 3.892330e-02 9.961824e-01
    outer loop
      vertex   -9.214251e+01 3.706681e+02 1.871726e+02
      vertex   -9.203206e+01 3.705788e+02 1.871848e+02
      vertex   -9.202190e+01 3.705992e+02 1.871848e+02
    endloop
  endfacet
  facet normal -2.360803e-01 1.083876e-01 9.656698e-01
    outer loop
      vertex   -9.214251e+01 3.706681e+02 1.871726e+02
      vertex   -9.225946e+01 3.707350e+02 1.871365e+02
      vertex   -9.216758e+01 3.706136e+02 1.871726e+02
    endloop
  endfacet
  facet normal -2.360803e-01 1.083876e-01 9.656698e-01
    outer loop
      vertex   -9.216758e+01 3.706136e+02 1.871726e+02
      vertex   -9.225946e+01 3.707350e+02 1.871365e+02
      vertex   -9.229449e+01 3.706587e+02 1.871365e+02
    endloop
  endfacet
  facet normal -2.514420e-01 6.519355e-02 9.656742e-01
    outer loop
      vertex   -9.216758e+01 3.706136e+02 1.871726e+02
      vertex   -9.229449e+01 3.706587e+02 1.871365e+02
      vertex   -9.218253e+01 3.705559e+02 1.871726e+02
    endloop
  endfacet
  facet normal -2.514601e-01 6.517262e-02 9.656709e-01
    outer loop
      vertex   -9.218253e+01 3.705559e+02 1.871726e+02
      vertex   -9.229449e+01 3.706587e+02 1.871365e+02
      vertex   -9.231539e+01 3.705780e+02 1.871365e+02
    endloop
  endfacet
  facet normal -3.853187e-01 1.769050e-01 9.056678e-01
    outer loop
      vertex   -9.225946e+01 3.707350e+02 1.871365e+02
      vertex   -9.236920e+01 3.707977e+02 1.870776e+02
      vertex   -9.229449e+01 3.706587e+02 1.871365e+02
    endloop
  endfacet
  facet normal -3.853187e-01 1.769050e-01 9.056678e-01
    outer loop
      vertex   -9.229449e+01 3.706587e+02 1.871365e+02
      vertex   -9.236920e+01 3.707977e+02 1.870776e+02
      vertex   -9.241357e+01 3.707010e+02 1.870776e+02
    endloop
  endfacet
  facet normal -4.104074e-01 1.063681e-01 9.056774e-01
    outer loop
      vertex   -9.229449e+01 3.706587e+02 1.871365e+02
      vertex   -9.241357e+01 3.707010e+02 1.870776e+02
      vertex   -9.231539e+01 3.705780e+02 1.871365e+02
    endloop
  endfacet
  facet normal -4.104417e-01 1.063351e-01 9.056657e-01
    outer loop
      vertex   -9.231539e+01 3.705780e+02 1.871365e+02
      vertex   -9.241357e+01 3.707010e+02 1.870776e+02
      vertex   -9.244007e+01 3.705987e+02 1.870776e+02
    endloop
  endfacet
  facet normal -5.226430e-01 2.399525e-01 8.180874e-01
    outer loop
      vertex   -9.236920e+01 3.707977e+02 1.870776e+02
      vertex   -9.246838e+01 3.708544e+02 1.869976e+02
      vertex   -9.241357e+01 3.707010e+02 1.870776e+02
    endloop
  endfacet
  facet normal -5.226430e-01 2.399525e-01 8.180874e-01
    outer loop
      vertex   -9.241357e+01 3.707010e+02 1.870776e+02
      vertex   -9.246838e+01 3.708544e+02 1.869976e+02
      vertex   -9.252120e+01 3.707393e+02 1.869976e+02
    endloop
  endfacet
  facet normal -5.566951e-01 1.442257e-01 8.181012e-01
    outer loop
      vertex   -9.241357e+01 3.707010e+02 1.870776e+02
      vertex   -9.252120e+01 3.707393e+02 1.869976e+02
      vertex   -9.244007e+01 3.705987e+02 1.870776e+02
    endloop
  endfacet
  facet normal -5.567450e-01 1.441819e-01 8.180749e-01
    outer loop
      vertex   -9.244007e+01 3.705987e+02 1.870776e+02
      vertex   -9.252120e+01 3.707393e+02 1.869976e+02
      vertex   -9.255276e+01 3.706174e+02 1.869976e+02
    endloop
  endfacet
  facet normal -6.438814e-01 2.956146e-01 7.057115e-01
    outer loop
      vertex   -9.246838e+01 3.708544e+02 1.869976e+02
      vertex   -9.255399e+01 3.709033e+02 1.868990e+02
      vertex   -9.252120e+01 3.707393e+02 1.869976e+02
    endloop
  endfacet
  facet normal -6.438814e-01 2.956146e-01 7.057115e-01
    outer loop
      vertex   -9.252120e+01 3.707393e+02 1.869976e+02
      vertex   -9.255399e+01 3.709033e+02 1.868990e+02
      vertex   -9.261410e+01 3.707723e+02 1.868990e+02
    endloop
  endfacet
  facet normal -6.858583e-01 1.776187e-01 7.057265e-01
    outer loop
      vertex   -9.252120e+01 3.707393e+02 1.869976e+02
      vertex   -9.261410e+01 3.707723e+02 1.868990e+02
      vertex   -9.255276e+01 3.706174e+02 1.869976e+02
    endloop
  endfacet
  facet normal -6.859200e-01 1.775648e-01 7.056802e-01
    outer loop
      vertex   -9.255276e+01 3.706174e+02 1.869976e+02
      vertex   -9.261410e+01 3.707723e+02 1.868990e+02
      vertex   -9.265005e+01 3.706335e+02 1.868990e+02
    endloop
  endfacet
  facet normal -7.454058e-01 3.422258e-01 5.720591e-01
    outer loop
      vertex   -9.255399e+01 3.709033e+02 1.868990e+02
      vertex   -9.262344e+01 3.709430e+02 1.867848e+02
      vertex   -9.261410e+01 3.707723e+02 1.868990e+02
    endloop
  endfacet
  facet normal -7.454058e-01 3.422258e-01 5.720591e-01
    outer loop
      vertex   -9.261410e+01 3.707723e+02 1.868990e+02
      vertex   -9.262344e+01 3.709430e+02 1.867848e+02
      vertex   -9.268946e+01 3.707991e+02 1.867848e+02
    endloop
  endfacet
  facet normal -7.940291e-01 2.055511e-01 5.720722e-01
    outer loop
      vertex   -9.261410e+01 3.707723e+02 1.868990e+02
      vertex   -9.268946e+01 3.707991e+02 1.867848e+02
      vertex   -9.265005e+01 3.706335e+02 1.868990e+02
    endloop
  endfacet
  facet normal -7.940956e-01 2.054873e-01 5.720027e-01
    outer loop
      vertex   -9.265005e+01 3.706335e+02 1.868990e+02
      vertex   -9.268946e+01 3.707991e+02 1.867848e+02
      vertex   -9.272898e+01 3.706464e+02 1.867848e+02
    endloop
  endfacet
  facet normal -8.242273e-01 3.784138e-01 4.212509e-01
    outer loop
      vertex   -9.262344e+01 3.709430e+02 1.867848e+02
      vertex   -9.267460e+01 3.709722e+02 1.866584e+02
      vertex   -9.268946e+01 3.707991e+02 1.867848e+02
    endloop
  endfacet
  facet normal -8.242273e-01 3.784138e-01 4.212509e-01
    outer loop
      vertex   -9.268946e+01 3.707991e+02 1.867848e+02
      vertex   -9.267460e+01 3.709722e+02 1.866584e+02
      vertex   -9.274499e+01 3.708189e+02 1.866584e+02
    endloop
  endfacet
  facet normal -8.780196e-01 2.272043e-01 4.212597e-01
    outer loop
      vertex   -9.268946e+01 3.707991e+02 1.867848e+02
      vertex   -9.274499e+01 3.708189e+02 1.866584e+02
      vertex   -9.272898e+01 3.706464e+02 1.867848e+02
    endloop
  endfacet
  facet normal -8.780826e-01 2.271311e-01 4.211679e-01
    outer loop
      vertex   -9.272898e+01 3.706464e+02 1.867848e+02
      vertex   -9.274499e+01 3.708189e+02 1.866584e+02
      vertex   -9.278715e+01 3.706559e+02 1.866584e+02
    endloop
  endfacet
  facet normal -8.780606e-01 4.031295e-01 2.578685e-01
    outer loop
      vertex   -9.267460e+01 3.709722e+02 1.866584e+02
      vertex   -9.270594e+01 3.709901e+02 1.865237e+02
      vertex   -9.274499e+01 3.708189e+02 1.866584e+02
    endloop
  endfacet
  facet normal -8.780606e-01 4.031295e-01 2.578685e-01
    outer loop
      vertex   -9.274499e+01 3.708189e+02 1.866584e+02
      vertex   -9.270594e+01 3.709901e+02 1.865237e+02
      vertex   -9.277900e+01 3.708310e+02 1.865237e+02
    endloop
  endfacet
  facet normal -9.353926e-01 2.419553e-01 2.578726e-01
    outer loop
      vertex   -9.274499e+01 3.708189e+02 1.866584e+02
      vertex   -9.277900e+01 3.708310e+02 1.865237e+02
      vertex   -9.278715e+01 3.706559e+02 1.866584e+02
    endloop
  endfacet
  facet normal -9.354441e-01 2.418733e-01 2.577629e-01
    outer loop
      vertex   -9.278715e+01 3.706559e+02 1.866584e+02
      vertex   -9.277900e+01 3.708310e+02 1.865237e+02
      vertex   -9.282278e+01 3.706616e+02 1.865237e+02
    endloop
  endfacet
  facet normal -8.959097e-01 4.356409e-01 8.696425e-02
    outer loop
      vertex   -9.271649e+01 3.709961e+02 1.863848e+02
      vertex   -9.277466e+01 3.708765e+02 1.863848e+02
      vertex   -9.270594e+01 3.709901e+02 1.865237e+02
    endloop
  endfacet
  facet normal -9.035048e-01 4.148112e-01 1.077530e-01
    outer loop
      vertex   -9.270594e+01 3.709901e+02 1.865237e+02
      vertex   -9.277466e+01 3.708765e+02 1.863848e+02
      vertex   -9.277900e+01 3.708310e+02 1.865237e+02
    endloop
  endfacet
  facet normal -9.468577e-01 3.132350e-01 7.310543e-02
    outer loop
      vertex   -9.277466e+01 3.708765e+02 1.863848e+02
      vertex   -9.281643e+01 3.707502e+02 1.863848e+02
      vertex   -9.277900e+01 3.708310e+02 1.865237e+02
    endloop
  endfacet
  facet normal -9.617761e-01 2.486818e-01 1.146474e-01
    outer loop
      vertex   -9.277900e+01 3.708310e+02 1.865237e+02
      vertex   -9.281643e+01 3.707502e+02 1.863848e+02
      vertex   -9.282278e+01 3.706616e+02 1.865237e+02
    endloop
  endfacet
  facet normal -9.800554e-01 1.848011e-01 7.307566e-02
    outer loop
      vertex   -9.281643e+01 3.707502e+02 1.863848e+02
      vertex   -9.284108e+01 3.706195e+02 1.863848e+02
      vertex   -9.282278e+01 3.706616e+02 1.865237e+02
    endloop
  endfacet
  facet normal -9.835463e-01 -1.749846e-01 4.491064e-02
    outer loop
      vertex   -9.284816e+01 3.704867e+02 1.863848e+02
      vertex   -9.282414e+01 3.703517e+02 1.863848e+02
      vertex   -9.284490e+01 3.704869e+02 1.864569e+02
    endloop
  endfacet
  facet normal -9.766448e-01 -1.964304e-01 8.706343e-02
    outer loop
      vertex   -9.284490e+01 3.704869e+02 1.864569e+02
      vertex   -9.282414e+01 3.703517e+02 1.863848e+02
      vertex   -9.281235e+01 3.703546e+02 1.865237e+02
    endloop
  endfacet
  facet normal -9.758301e-01 -1.723989e-01 1.342915e-01
    outer loop
      vertex   -9.284490e+01 3.704869e+02 1.864569e+02
      vertex   -9.281235e+01 3.703546e+02 1.865237e+02
      vertex   -9.283518e+01 3.704875e+02 1.865284e+02
    endloop
  endfacet
  facet normal -9.595336e-01 -1.727112e-01 2.224099e-01
    outer loop
      vertex   -9.283518e+01 3.704875e+02 1.865284e+02
      vertex   -9.281235e+01 3.703546e+02 1.865237e+02
      vertex   -9.281907e+01 3.704885e+02 1.865986e+02
    endloop
  endfacet
  facet normal -9.466512e-01 -1.923187e-01 2.585826e-01
    outer loop
      vertex   -9.281907e+01 3.704885e+02 1.865986e+02
      vertex   -9.281235e+01 3.703546e+02 1.865237e+02
      vertex   -9.277733e+01 3.703634e+02 1.866584e+02
    endloop
  endfacet
  facet normal -9.366534e-01 -1.648785e-01 3.090234e-01
    outer loop
      vertex   -9.281907e+01 3.704885e+02 1.865986e+02
      vertex   -9.277733e+01 3.703634e+02 1.866584e+02
      vertex   -9.279667e+01 3.704898e+02 1.866672e+02
    endloop
  endfacet
  facet normal -9.044746e-01 -1.658291e-01 3.929713e-01
    outer loop
      vertex   -9.279667e+01 3.704898e+02 1.866672e+02
      vertex   -9.277733e+01 3.703634e+02 1.866584e+02
      vertex   -9.276813e+01 3.704915e+02 1.867336e+02
    endloop
  endfacet
  facet normal -8.875037e-01 -1.842960e-01 4.223414e-01
    outer loop
      vertex   -9.276813e+01 3.704915e+02 1.867336e+02
      vertex   -9.277733e+01 3.703634e+02 1.866584e+02
      vertex   -9.272016e+01 3.703777e+02 1.867848e+02
    endloop
  endfacet
  facet normal -8.670643e-01 -1.523444e-01 4.743318e-01
    outer loop
      vertex   -9.276813e+01 3.704915e+02 1.867336e+02
      vertex   -9.272016e+01 3.703777e+02 1.867848e+02
      vertex   -9.273381e+01 3.704936e+02 1.867970e+02
    endloop
  endfacet
  facet normal -8.200665e-01 -1.549175e-01 5.509006e-01
    outer loop
      vertex   -9.273381e+01 3.704936e+02 1.867970e+02
      vertex   -9.272016e+01 3.703777e+02 1.867848e+02
      vertex   -9.269397e+01 3.704960e+02 1.868570e+02
    endloop
  endfacet
  facet normal -8.008393e-01 -1.728968e-01 5.733787e-01
    outer loop
      vertex   -9.269397e+01 3.704960e+02 1.868570e+02
      vertex   -9.272016e+01 3.703777e+02 1.867848e+02
      vertex   -9.264255e+01 3.703970e+02 1.868990e+02
    endloop
  endfacet
  facet normal -7.694490e-01 -1.350163e-01 6.242746e-01
    outer loop
      vertex   -9.269397e+01 3.704960e+02 1.868570e+02
      vertex   -9.264255e+01 3.703970e+02 1.868990e+02
      vertex   -9.264884e+01 3.704988e+02 1.869132e+02
    endloop
  endfacet
  facet normal -7.088717e-01 -1.406447e-01 6.911729e-01
    outer loop
      vertex   -9.264884e+01 3.704988e+02 1.869132e+02
      vertex   -9.264255e+01 3.703970e+02 1.868990e+02
      vertex   -9.259871e+01 3.705018e+02 1.869653e+02
    endloop
  endfacet
  facet normal -6.890604e-01 -1.589848e-01 7.070500e-01
    outer loop
      vertex   -9.259871e+01 3.705018e+02 1.869653e+02
      vertex   -9.264255e+01 3.703970e+02 1.868990e+02
      vertex   -9.254689e+01 3.704209e+02 1.869976e+02
    endloop
  endfacet
  facet normal -6.465003e-01 -1.127188e-01 7.545408e-01
    outer loop
      vertex   -9.259871e+01 3.705018e+02 1.869653e+02
      vertex   -9.254689e+01 3.704209e+02 1.869976e+02
      vertex   -9.254420e+01 3.705051e+02 1.870125e+02
    endloop
  endfacet
  facet normal -5.742639e-01 -1.246650e-01 8.091228e-01
    outer loop
      vertex   -9.254420e+01 3.705051e+02 1.870125e+02
      vertex   -9.254689e+01 3.704209e+02 1.869976e+02
      vertex   -9.248577e+01 3.705086e+02 1.870545e+02
    endloop
  endfacet
  facet normal -5.550888e-01 -1.445286e-01 8.191385e-01
    outer loop
      vertex   -9.248577e+01 3.705086e+02 1.870545e+02
      vertex   -9.254689e+01 3.704209e+02 1.869976e+02
      vertex   -9.243606e+01 3.704486e+02 1.870776e+02
    endloop
  endfacet
  facet normal -5.026495e-01 -8.525091e-02 8.602766e-01
    outer loop
      vertex   -9.248577e+01 3.705086e+02 1.870545e+02
      vertex   -9.243606e+01 3.704486e+02 1.870776e+02
      vertex   -9.242377e+01 3.705124e+02 1.870911e+02
    endloop
  endfacet
  facet normal -4.206223e-01 -1.095991e-01 9.005914e-01
    outer loop
      vertex   -9.242377e+01 3.705124e+02 1.870911e+02
      vertex   -9.243606e+01 3.704486e+02 1.870776e+02
      vertex   -9.235852e+01 3.705163e+02 1.871220e+02
    endloop
  endfacet
  facet normal -4.017271e-01 -1.346633e-01 9.058041e-01
    outer loop
      vertex   -9.235852e+01 3.705163e+02 1.871220e+02
      vertex   -9.243606e+01 3.704486e+02 1.870776e+02
      vertex   -9.231344e+01 3.704792e+02 1.871365e+02
    endloop
  endfacet
  facet normal -3.365265e-01 -4.175495e-02 9.407478e-01
    outer loop
      vertex   -9.235852e+01 3.705163e+02 1.871220e+02
      vertex   -9.231344e+01 3.704792e+02 1.871365e+02
      vertex   -9.227918e+01 3.705211e+02 1.871506e+02
    endloop
  endfacet
  facet normal -2.324514e-01 -1.344833e-01 9.632656e-01
    outer loop
      vertex   -9.227918e+01 3.705211e+02 1.871506e+02
      vertex   -9.231344e+01 3.704792e+02 1.871365e+02
      vertex   -9.218275e+01 3.705118e+02 1.871726e+02
    endloop
  endfacet
  facet normal -2.241262e-01 -2.139552e-02 9.743252e-01
    outer loop
      vertex   -9.227918e+01 3.705211e+02 1.871506e+02
      vertex   -9.218275e+01 3.705118e+02 1.871726e+02
      vertex   -9.217774e+01 3.705272e+02 1.871741e+02
    endloop
  endfacet
  facet normal -8.177730e-02 -6.975838e-02 9.942063e-01
    outer loop
      vertex   -9.217774e+01 3.705272e+02 1.871741e+02
      vertex   -9.218275e+01 3.705118e+02 1.871726e+02
      vertex   -9.205516e+01 3.705346e+02 1.871847e+02
    endloop
  endfacet
  facet normal -8.920641e-02 -2.890023e-02 9.955938e-01
    outer loop
      vertex   -9.205516e+01 3.705346e+02 1.871847e+02
      vertex   -9.218275e+01 3.705118e+02 1.871726e+02
      vertex   -9.216843e+01 3.704676e+02 1.871726e+02
    endloop
  endfacet
  facet normal -6.557944e-02 -6.882114e-02 9.954712e-01
    outer loop
      vertex   -9.205516e+01 3.705346e+02 1.871847e+02
      vertex   -9.216843e+01 3.704676e+02 1.871726e+02
      vertex   -9.204027e+01 3.705213e+02 1.871848e+02
    endloop
  endfacet
  facet normal -7.997409e-02 -3.462005e-02 9.961956e-01
    outer loop
      vertex   -9.204027e+01 3.705213e+02 1.871848e+02
      vertex   -9.216843e+01 3.704676e+02 1.871726e+02
      vertex   -9.203442e+01 3.705078e+02 1.871848e+02
    endloop
  endfacet
  facet normal -7.890706e-02 -3.816813e-02 9.961510e-01
    outer loop
      vertex   -9.203442e+01 3.705078e+02 1.871848e+02
      vertex   -9.216843e+01 3.704676e+02 1.871726e+02
      vertex   -9.214819e+01 3.704258e+02 1.871726e+02
    endloop
  endfacet
  facet normal -7.726702e-02 -4.044982e-02 9.961895e-01
    outer loop
      vertex   -9.203442e+01 3.705078e+02 1.871848e+02
      vertex   -9.214819e+01 3.704258e+02 1.871726e+02
      vertex   -9.202758e+01 3.704947e+02 1.871848e+02
    endloop
  endfacet
  facet normal -9.477185e-01 -3.070326e-01 8.695221e-02
    outer loop
      vertex   -9.281235e+01 3.703546e+02 1.865237e+02
      vertex   -9.282414e+01 3.703517e+02 1.863848e+02
      vertex   -9.277060e+01 3.702258e+02 1.865237e+02
    endloop
  endfacet
  facet normal -9.477185e-01 -3.070326e-01 8.695221e-02
    outer loop
      vertex   -9.277060e+01 3.702258e+02 1.865237e+02
      vertex   -9.282414e+01 3.703517e+02 1.863848e+02
      vertex   -9.278188e+01 3.702213e+02 1.863848e+02
    endloop
  endfacet
  facet normal -8.968065e-01 -4.337942e-01 8.695221e-02
    outer loop
      vertex   -9.277060e+01 3.702258e+02 1.865237e+02
      vertex   -9.278188e+01 3.702213e+02 1.863848e+02
      vertex   -9.271162e+01 3.701038e+02 1.865237e+02
    endloop
  endfacet
  facet normal -8.968065e-01 -4.337942e-01 8.695221e-02
    outer loop
      vertex   -9.271162e+01 3.701038e+02 1.865237e+02
      vertex   -9.278188e+01 3.702213e+02 1.863848e+02
      vertex   -9.272217e+01 3.700978e+02 1.863848e+02
    endloop
  endfacet
  facet normal -8.696789e-01 -4.206723e-01 2.582507e-01
    outer loop
      vertex   -9.271162e+01 3.701038e+02 1.865237e+02
      vertex   -9.268028e+01 3.701217e+02 1.866584e+02
      vertex   -9.277060e+01 3.702258e+02 1.865237e+02
    endloop
  endfacet
  facet normal -8.696789e-01 -4.206723e-01 2.582507e-01
    outer loop
      vertex   -9.277060e+01 3.702258e+02 1.865237e+02
      vertex   -9.268028e+01 3.701217e+02 1.866584e+02
      vertex   -9.273711e+01 3.702392e+02 1.866584e+02
    endloop
  endfacet
  facet normal -9.190508e-01 -2.977451e-01 2.582507e-01
    outer loop
      vertex   -9.277060e+01 3.702258e+02 1.865237e+02
      vertex   -9.273711e+01 3.702392e+02 1.866584e+02
      vertex   -9.281235e+01 3.703546e+02 1.865237e+02
    endloop
  endfacet
  facet normal -9.190508e-01 -2.977451e-01 2.582507e-01
    outer loop
      vertex   -9.281235e+01 3.703546e+02 1.865237e+02
      vertex   -9.273711e+01 3.702392e+02 1.866584e+02
      vertex   -9.277733e+01 3.703634e+02 1.866584e+02
    endloop
  endfacet
  facet normal -8.162156e-01 -3.948116e-01 4.218009e-01
    outer loop
      vertex   -9.268028e+01 3.701217e+02 1.866584e+02
      vertex   -9.262911e+01 3.701510e+02 1.867848e+02
      vertex   -9.273711e+01 3.702392e+02 1.866584e+02
    endloop
  endfacet
  facet normal -8.162156e-01 -3.948116e-01 4.218009e-01
    outer loop
      vertex   -9.273711e+01 3.702392e+02 1.866584e+02
      vertex   -9.262911e+01 3.701510e+02 1.867848e+02
      vertex   -9.268242e+01 3.702612e+02 1.867848e+02
    endloop
  endfacet
  facet normal -8.625523e-01 -2.794413e-01 4.218009e-01
    outer loop
      vertex   -9.273711e+01 3.702392e+02 1.866584e+02
      vertex   -9.268242e+01 3.702612e+02 1.867848e+02
      vertex   -9.277733e+01 3.703634e+02 1.866584e+02
    endloop
  endfacet
  facet normal -8.625523e-01 -2.794413e-01 4.218009e-01
    outer loop
      vertex   -9.277733e+01 3.703634e+02 1.866584e+02
      vertex   -9.268242e+01 3.702612e+02 1.867848e+02
      vertex   -9.272016e+01 3.703777e+02 1.867848e+02
    endloop
  endfacet
  facet normal -7.379847e-01 -3.569705e-01 5.726697e-01
    outer loop
      vertex   -9.262911e+01 3.701510e+02 1.867848e+02
      vertex   -9.255967e+01 3.701907e+02 1.868990e+02
      vertex   -9.268242e+01 3.702612e+02 1.867848e+02
    endloop
  endfacet
  facet normal -7.379847e-01 -3.569705e-01 5.726697e-01
    outer loop
      vertex   -9.268242e+01 3.702612e+02 1.867848e+02
      vertex   -9.255967e+01 3.701907e+02 1.868990e+02
      vertex   -9.260820e+01 3.702910e+02 1.868990e+02
    endloop
  endfacet
  facet normal -7.798803e-01 -2.526580e-01 5.726697e-01
    outer loop
      vertex   -9.268242e+01 3.702612e+02 1.867848e+02
      vertex   -9.260820e+01 3.702910e+02 1.868990e+02
      vertex   -9.272016e+01 3.703777e+02 1.867848e+02
    endloop
  endfacet
  facet normal -7.798803e-01 -2.526580e-01 5.726697e-01
    outer loop
      vertex   -9.272016e+01 3.703777e+02 1.867848e+02
      vertex   -9.260820e+01 3.702910e+02 1.868990e+02
      vertex   -9.264255e+01 3.703970e+02 1.868990e+02
    endloop
  endfacet
  facet normal -6.372983e-01 -3.082675e-01 7.062734e-01
    outer loop
      vertex   -9.255967e+01 3.701907e+02 1.868990e+02
      vertex   -9.247406e+01 3.702396e+02 1.869976e+02
      vertex   -9.260820e+01 3.702910e+02 1.868990e+02
    endloop
  endfacet
  facet normal -6.372983e-01 -3.082675e-01 7.062734e-01
    outer loop
      vertex   -9.260820e+01 3.702910e+02 1.868990e+02
      vertex   -9.247406e+01 3.702396e+02 1.869976e+02
      vertex   -9.251670e+01 3.703278e+02 1.869976e+02
    endloop
  endfacet
  facet normal -6.734779e-01 -2.181868e-01 7.062734e-01
    outer loop
      vertex   -9.260820e+01 3.702910e+02 1.868990e+02
      vertex   -9.251670e+01 3.703278e+02 1.869976e+02
      vertex   -9.264255e+01 3.703970e+02 1.868990e+02
    endloop
  endfacet
  facet normal -6.734779e-01 -2.181868e-01 7.062734e-01
    outer loop
      vertex   -9.264255e+01 3.703970e+02 1.868990e+02
      vertex   -9.251670e+01 3.703278e+02 1.869976e+02
      vertex   -9.254689e+01 3.704209e+02 1.869976e+02
    endloop
  endfacet
  facet normal -5.171590e-01 -2.501549e-01 8.185164e-01
    outer loop
      vertex   -9.247406e+01 3.702396e+02 1.869976e+02
      vertex   -9.237488e+01 3.702963e+02 1.870776e+02
      vertex   -9.251670e+01 3.703278e+02 1.869976e+02
    endloop
  endfacet
  facet normal -5.171590e-01 -2.501549e-01 8.185164e-01
    outer loop
      vertex   -9.251670e+01 3.703278e+02 1.869976e+02
      vertex   -9.237488e+01 3.702963e+02 1.870776e+02
      vertex   -9.241070e+01 3.703703e+02 1.870776e+02
    endloop
  endfacet
  facet normal -5.465183e-01 -1.770557e-01 8.185164e-01
    outer loop
      vertex   -9.251670e+01 3.703278e+02 1.869976e+02
      vertex   -9.241070e+01 3.703703e+02 1.870776e+02
      vertex   -9.254689e+01 3.704209e+02 1.869976e+02
    endloop
  endfacet
  facet normal -5.465183e-01 -1.770557e-01 8.185164e-01
    outer loop
      vertex   -9.254689e+01 3.704209e+02 1.869976e+02
      vertex   -9.241070e+01 3.703703e+02 1.870776e+02
      vertex   -9.243606e+01 3.704486e+02 1.870776e+02
    endloop
  endfacet
  facet normal -3.811844e-01 -1.843827e-01 9.059258e-01
    outer loop
      vertex   -9.237488e+01 3.702963e+02 1.870776e+02
      vertex   -9.226514e+01 3.703590e+02 1.871365e+02
      vertex   -9.241070e+01 3.703703e+02 1.870776e+02
    endloop
  endfacet
  facet normal -3.811844e-01 -1.843827e-01 9.059258e-01
    outer loop
      vertex   -9.241070e+01 3.703703e+02 1.870776e+02
      vertex   -9.226514e+01 3.703590e+02 1.871365e+02
      vertex   -9.229342e+01 3.704174e+02 1.871365e+02
    endloop
  endfacet
  facet normal -4.028243e-01 -1.305031e-01 9.059258e-01
    outer loop
      vertex   -9.241070e+01 3.703703e+02 1.870776e+02
      vertex   -9.229342e+01 3.704174e+02 1.871365e+02
      vertex   -9.243606e+01 3.704486e+02 1.870776e+02
    endloop
  endfacet
  facet normal -4.028243e-01 -1.305031e-01 9.059258e-01
    outer loop
      vertex   -9.243606e+01 3.704486e+02 1.870776e+02
      vertex   -9.229342e+01 3.704174e+02 1.871365e+02
      vertex   -9.231344e+01 3.704792e+02 1.871365e+02
    endloop
  endfacet
  facet normal -2.335057e-01 -1.129490e-01 9.657731e-01
    outer loop
      vertex   -9.226514e+01 3.703590e+02 1.871365e+02
      vertex   -9.214819e+01 3.704258e+02 1.871726e+02
      vertex   -9.229342e+01 3.704174e+02 1.871365e+02
    endloop
  endfacet
  facet normal -2.335057e-01 -1.129490e-01 9.657731e-01
    outer loop
      vertex   -9.229342e+01 3.704174e+02 1.871365e+02
      vertex   -9.214819e+01 3.704258e+02 1.871726e+02
      vertex   -9.216843e+01 3.704676e+02 1.871726e+02
    endloop
  endfacet
  facet normal -2.467619e-01 -7.994351e-02 9.657731e-01
    outer loop
      vertex   -9.229342e+01 3.704174e+02 1.871365e+02
      vertex   -9.216843e+01 3.704676e+02 1.871726e+02
      vertex   -9.231344e+01 3.704792e+02 1.871365e+02
    endloop
  endfacet
  facet normal -2.467619e-01 -7.994351e-02 9.657731e-01
    outer loop
      vertex   -9.231344e+01 3.704792e+02 1.871365e+02
      vertex   -9.216843e+01 3.704676e+02 1.871726e+02
      vertex   -9.218275e+01 3.705118e+02 1.871726e+02
    endloop
  endfacet
  facet normal -5.844029e-03 -2.033084e-03 9.999809e-01
    outer loop
      vertex   -9.204027e+01 3.705213e+02 1.871848e+02
      vertex   -9.204512e+01 3.705352e+02 1.871848e+02
      vertex   -9.205516e+01 3.705346e+02 1.871847e+02
    endloop
  endfacet
  facet normal 0.000000e+00 0.000000e+00 1.000000e+00
    outer loop
      vertex   -1.401504e+02 3.705957e+02 1.770648e+02
      vertex   -1.401653e+02 3.707551e+02 1.770648e+02
      vertex   -1.401724e+02 3.707226e+02 1.770648e+02
    endloop
  endfacet
  facet normal 0.000000e+00 -0.000000e+00 1.000000e+00
    outer loop
      vertex   -1.401724e+02 3.707226e+02 1.770648e+02
      vertex   -1.401653e+02 3.707551e+02 1.770648e+02
      vertex   -1.402106e+02 3.708456e+02 1.770648e+02
    endloop
  endfacet
  facet normal -0.000000e+00 0.000000e+00 1.000000e+00
    outer loop
      vertex   -1.402106e+02 3.708456e+02 1.770648e+02
      vertex   -1.401653e+02 3.707551e+02 1.770648e+02
      vertex   -1.402055e+02 3.709101e+02 1.770648e+02
    endloop
  endfacet
  facet normal 0.000000e+00 -0.000000e+00 1.000000e+00
    outer loop
      vertex   -1.402106e+02 3.708456e+02 1.770648e+02
      vertex   -1.402055e+02 3.709101e+02 1.770648e+02
      vertex   -1.402642e+02 3.709627e+02 1.770648e+02
    endloop
  endfacet
  facet normal -0.000000e+00 -0.000000e+00 1.000000e+00
    outer loop
      vertex   -1.402642e+02 3.709627e+02 1.770648e+02
      vertex   -1.402055e+02 3.709101e+02 1.770648e+02
      vertex   -1.402699e+02 3.710566e+02 1.770648e+02
    endloop
  endfacet
  facet normal 0.000000e+00 0.000000e+00 1.000000e+00
    outer loop
      vertex   -1.402642e+02 3.709627e+02 1.770648e+02
      vertex   -1.402699e+02 3.710566e+02 1.770648e+02
      vertex   -1.419000e+02 3.740000e+02 1.770648e+02
    endloop
  endfacet
  facet normal -0.000000e+00 0.000000e+00 1.000000e+00
    outer loop
      vertex   -1.419000e+02 3.740000e+02 1.770648e+02
      vertex   -1.402699e+02 3.710566e+02 1.770648e+02
      vertex   -1.418551e+02 3.740000e+02 1.770648e+02
    endloop
  endfacet
  facet normal 8.804310e-01 4.741742e-01 5.017720e-14
    outer loop
      vertex   -1.419000e+02 3.740000e+02 1.863848e+02
      vertex   -1.402642e+02 3.709627e+02 1.863848e+02
      vertex   -1.419000e+02 3.740000e+02 1.770648e+02
    endloop
  endfacet
  facet normal 8.804310e-01 4.741742e-01 6.878391e-14
    outer loop
      vertex   -1.419000e+02 3.740000e+02 1.770648e+02
      vertex   -1.402642e+02 3.709627e+02 1.863848e+02
      vertex   -1.402642e+02 3.709627e+02 1.770648e+02
    endloop
  endfacet
  facet normal 9.842694e-01 1.708651e-01 4.493205e-02
    outer loop
      vertex   -1.401504e+02 3.705957e+02 1.863848e+02
      vertex   -1.401724e+02 3.707226e+02 1.863848e+02
      vertex   -1.401536e+02 3.705955e+02 1.864569e+02
    endloop
  endfacet
  facet normal 9.771756e-01 1.937632e-01 8.708460e-02
    outer loop
      vertex   -1.401536e+02 3.705955e+02 1.864569e+02
      vertex   -1.401724e+02 3.707226e+02 1.863848e+02
      vertex   -1.401842e+02 3.707198e+02 1.865237e+02
    endloop
  endfacet
  facet normal 9.765514e-01 1.682145e-01 1.343552e-01
    outer loop
      vertex   -1.401536e+02 3.705955e+02 1.864569e+02
      vertex   -1.401842e+02 3.707198e+02 1.865237e+02
      vertex   -1.401634e+02 3.705950e+02 1.865284e+02
    endloop
  endfacet
  facet normal 9.602066e-01 1.687974e-01 2.225099e-01
    outer loop
      vertex   -1.401634e+02 3.705950e+02 1.865284e+02
      vertex   -1.401842e+02 3.707198e+02 1.865237e+02
      vertex   -1.401795e+02 3.705940e+02 1.865986e+02
    endloop
  endfacet
  facet normal 9.471384e-01 1.898266e-01 2.586400e-01
    outer loop
      vertex   -1.401795e+02 3.705940e+02 1.865986e+02
      vertex   -1.401842e+02 3.707198e+02 1.865237e+02
      vertex   -1.402193e+02 3.707113e+02 1.866584e+02
    endloop
  endfacet
  facet normal 9.373238e-01 1.607594e-01 3.091610e-01
    outer loop
      vertex   -1.401795e+02 3.705940e+02 1.865986e+02
      vertex   -1.402193e+02 3.707113e+02 1.866584e+02
      vertex   -1.402019e+02 3.705926e+02 1.866672e+02
    endloop
  endfacet
  facet normal 9.050516e-01 1.622743e-01 3.931269e-01
    outer loop
      vertex   -1.402019e+02 3.705926e+02 1.866672e+02
      vertex   -1.402193e+02 3.707113e+02 1.866584e+02
      vertex   -1.402304e+02 3.705909e+02 1.867336e+02
    endloop
  endfacet
  facet normal 8.879076e-01 1.821623e-01 4.224181e-01
    outer loop
      vertex   -1.402304e+02 3.705909e+02 1.867336e+02
      vertex   -1.402193e+02 3.707113e+02 1.866584e+02
      vertex   -1.402766e+02 3.706975e+02 1.867848e+02
    endloop
  endfacet
  facet normal 8.676463e-01 1.484008e-01 4.745178e-01
    outer loop
      vertex   -1.402304e+02 3.705909e+02 1.867336e+02
      vertex   -1.402766e+02 3.706975e+02 1.867848e+02
      vertex   -1.402647e+02 3.705888e+02 1.867970e+02
    endloop
  endfacet
  facet normal 8.205131e-01 1.518998e-01 5.510760e-01
    outer loop
      vertex   -1.402647e+02 3.705888e+02 1.867970e+02
      vertex   -1.402766e+02 3.706975e+02 1.867848e+02
      vertex   -1.403046e+02 3.705864e+02 1.868570e+02
    endloop
  endfacet
  facet normal 8.011236e-01 1.713356e-01 5.734501e-01
    outer loop
      vertex   -1.403046e+02 3.705864e+02 1.868570e+02
      vertex   -1.402766e+02 3.706975e+02 1.867848e+02
      vertex   -1.403544e+02 3.706788e+02 1.868990e+02
    endloop
  endfacet
  facet normal 7.699222e-01 1.313379e-01 6.244759e-01
    outer loop
      vertex   -1.403046e+02 3.705864e+02 1.868570e+02
      vertex   -1.403544e+02 3.706788e+02 1.868990e+02
      vertex   -1.403497e+02 3.705837e+02 1.869132e+02
    endloop
  endfacet
  facet normal 7.091685e-01 1.383744e-01 6.913267e-01
    outer loop
      vertex   -1.403497e+02 3.705837e+02 1.869132e+02
      vertex   -1.403544e+02 3.706788e+02 1.868990e+02
      vertex   -1.403998e+02 3.705807e+02 1.869653e+02
    endloop
  endfacet
  facet normal 6.891850e-01 1.582783e-01 7.070870e-01
    outer loop
      vertex   -1.403998e+02 3.705807e+02 1.869653e+02
      vertex   -1.403544e+02 3.706788e+02 1.868990e+02
      vertex   -1.404502e+02 3.706557e+02 1.869976e+02
    endloop
  endfacet
  facet normal 6.468650e-01 1.093367e-01 7.547259e-01
    outer loop
      vertex   -1.403998e+02 3.705807e+02 1.869653e+02
      vertex   -1.404502e+02 3.706557e+02 1.869976e+02
      vertex   -1.404543e+02 3.705774e+02 1.870125e+02
    endloop
  endfacet
  facet normal 5.743983e-01 1.234755e-01 8.092097e-01
    outer loop
      vertex   -1.404543e+02 3.705774e+02 1.870125e+02
      vertex   -1.404502e+02 3.706557e+02 1.869976e+02
      vertex   -1.405128e+02 3.705738e+02 1.870545e+02
    endloop
  endfacet
  facet normal 5.549734e-01 1.451861e-01 8.191005e-01
    outer loop
      vertex   -1.405128e+02 3.705738e+02 1.870545e+02
      vertex   -1.404502e+02 3.706557e+02 1.869976e+02
      vertex   -1.405613e+02 3.706290e+02 1.870776e+02
    endloop
  endfacet
  facet normal 5.029282e-01 8.206956e-02 8.604230e-01
    outer loop
      vertex   -1.405128e+02 3.705738e+02 1.870545e+02
      vertex   -1.405613e+02 3.706290e+02 1.870776e+02
      vertex   -1.405748e+02 3.705701e+02 1.870911e+02
    endloop
  endfacet
  facet normal 4.205703e-01 1.101356e-01 9.005502e-01
    outer loop
      vertex   -1.405748e+02 3.705701e+02 1.870911e+02
      vertex   -1.405613e+02 3.706290e+02 1.870776e+02
      vertex   -1.406400e+02 3.705661e+02 1.871220e+02
    endloop
  endfacet
  facet normal 4.010878e-01 1.381055e-01 9.055691e-01
    outer loop
      vertex   -1.406400e+02 3.705661e+02 1.871220e+02
      vertex   -1.405613e+02 3.706290e+02 1.870776e+02
      vertex   -1.406842e+02 3.705994e+02 1.871365e+02
    endloop
  endfacet
  facet normal 3.368193e-01 3.738316e-02 9.408269e-01
    outer loop
      vertex   -1.406400e+02 3.705661e+02 1.871220e+02
      vertex   -1.406842e+02 3.705994e+02 1.871365e+02
      vertex   -1.407194e+02 3.705613e+02 1.871506e+02
    endloop
  endfacet
  facet normal 2.306397e-01 1.436766e-01 9.623733e-01
    outer loop
      vertex   -1.407194e+02 3.705613e+02 1.871506e+02
      vertex   -1.406842e+02 3.705994e+02 1.871365e+02
      vertex   -1.408151e+02 3.705678e+02 1.871726e+02
    endloop
  endfacet
  facet normal 2.245886e-01 1.386085e-02 9.743551e-01
    outer loop
      vertex   -1.407194e+02 3.705613e+02 1.871506e+02
      vertex   -1.408151e+02 3.705678e+02 1.871726e+02
      vertex   -1.408208e+02 3.705552e+02 1.871741e+02
    endloop
  endfacet
  facet normal 8.103932e-02 8.085107e-02 9.934263e-01
    outer loop
      vertex   -1.408208e+02 3.705552e+02 1.871741e+02
      vertex   -1.408151e+02 3.705678e+02 1.871726e+02
      vertex   -1.409434e+02 3.705478e+02 1.871847e+02
    endloop
  endfacet
  facet normal 8.953428e-02 2.776882e-02 9.955966e-01
    outer loop
      vertex   -1.409434e+02 3.705478e+02 1.871847e+02
      vertex   -1.408151e+02 3.705678e+02 1.871726e+02
      vertex   -1.408280e+02 3.706095e+02 1.871726e+02
    endloop
  endfacet
  facet normal 6.487810e-02 7.376339e-02 9.951632e-01
    outer loop
      vertex   -1.409434e+02 3.705478e+02 1.871847e+02
      vertex   -1.408280e+02 3.706095e+02 1.871726e+02
      vertex   -1.409577e+02 3.705596e+02 1.871848e+02
    endloop
  endfacet
  facet normal 8.044274e-02 3.362964e-02 9.961918e-01
    outer loop
      vertex   -1.409577e+02 3.705596e+02 1.871848e+02
      vertex   -1.408280e+02 3.706095e+02 1.871726e+02
      vertex   -1.409627e+02 3.705716e+02 1.871848e+02
    endloop
  endfacet
  facet normal 7.963620e-02 3.648403e-02 9.961561e-01
    outer loop
      vertex   -1.409627e+02 3.705716e+02 1.871848e+02
      vertex   -1.408280e+02 3.706095e+02 1.871726e+02
      vertex   -1.408462e+02 3.706492e+02 1.871726e+02
    endloop
  endfacet
  facet normal 7.808550e-02 3.881799e-02 9.961907e-01
    outer loop
      vertex   -1.409627e+02 3.705716e+02 1.871848e+02
      vertex   -1.408462e+02 3.706492e+02 1.871726e+02
      vertex   -1.409685e+02 3.705833e+02 1.871848e+02
    endloop
  endfacet
  facet normal 9.514980e-01 2.951046e-01 8.697628e-02
    outer loop
      vertex   -1.401842e+02 3.707198e+02 1.865237e+02
      vertex   -1.401724e+02 3.707226e+02 1.863848e+02
      vertex   -1.402219e+02 3.708413e+02 1.865237e+02
    endloop
  endfacet
  facet normal 9.514980e-01 2.951046e-01 8.697628e-02
    outer loop
      vertex   -1.402219e+02 3.708413e+02 1.865237e+02
      vertex   -1.401724e+02 3.707226e+02 1.863848e+02
      vertex   -1.402106e+02 3.708456e+02 1.863848e+02
    endloop
  endfacet
  facet normal 9.056883e-01 4.149263e-01 8.697628e-02
    outer loop
      vertex   -1.402219e+02 3.708413e+02 1.865237e+02
      vertex   -1.402106e+02 3.708456e+02 1.863848e+02
      vertex   -1.402749e+02 3.709569e+02 1.865237e+02
    endloop
  endfacet
  facet normal 9.056883e-01 4.149263e-01 8.697628e-02
    outer loop
      vertex   -1.402749e+02 3.709569e+02 1.865237e+02
      vertex   -1.402106e+02 3.708456e+02 1.863848e+02
      vertex   -1.402642e+02 3.709627e+02 1.863848e+02
    endloop
  endfacet
  facet normal 8.782775e-01 4.023685e-01 2.583179e-01
    outer loop
      vertex   -1.402749e+02 3.709569e+02 1.865237e+02
      vertex   -1.403067e+02 3.709398e+02 1.866584e+02
      vertex   -1.402219e+02 3.708413e+02 1.865237e+02
    endloop
  endfacet
  facet normal 8.782775e-01 4.023685e-01 2.583179e-01
    outer loop
      vertex   -1.402219e+02 3.708413e+02 1.865237e+02
      vertex   -1.403067e+02 3.709398e+02 1.866584e+02
      vertex   -1.402556e+02 3.708284e+02 1.866584e+02
    endloop
  endfacet
  facet normal 9.227008e-01 2.861732e-01 2.583179e-01
    outer loop
      vertex   -1.402219e+02 3.708413e+02 1.865237e+02
      vertex   -1.402556e+02 3.708284e+02 1.866584e+02
      vertex   -1.401842e+02 3.707198e+02 1.865237e+02
    endloop
  endfacet
  facet normal 9.227008e-01 2.861732e-01 2.583179e-01
    outer loop
      vertex   -1.401842e+02 3.707198e+02 1.865237e+02
      vertex   -1.402556e+02 3.708284e+02 1.866584e+02
      vertex   -1.402193e+02 3.707113e+02 1.866584e+02
    endloop
  endfacet
  facet normal 8.242600e-01 3.776213e-01 4.218976e-01
    outer loop
      vertex   -1.403067e+02 3.709398e+02 1.866584e+02
      vertex   -1.403585e+02 3.709118e+02 1.867848e+02
      vertex   -1.402556e+02 3.708284e+02 1.866584e+02
    endloop
  endfacet
  facet normal 8.242600e-01 3.776213e-01 4.218976e-01
    outer loop
      vertex   -1.402556e+02 3.708284e+02 1.866584e+02
      vertex   -1.403585e+02 3.709118e+02 1.867848e+02
      vertex   -1.403107e+02 3.708073e+02 1.867848e+02
    endloop
  endfacet
  facet normal 8.659511e-01 2.685725e-01 4.218976e-01
    outer loop
      vertex   -1.402556e+02 3.708284e+02 1.866584e+02
      vertex   -1.403107e+02 3.708073e+02 1.867848e+02
      vertex   -1.402193e+02 3.707113e+02 1.866584e+02
    endloop
  endfacet
  facet normal 8.659511e-01 2.685725e-01 4.218976e-01
    outer loop
      vertex   -1.402193e+02 3.707113e+02 1.866584e+02
      vertex   -1.403107e+02 3.708073e+02 1.867848e+02
      vertex   -1.402766e+02 3.706975e+02 1.867848e+02
    endloop
  endfacet
  facet normal 7.452269e-01 3.414136e-01 5.727771e-01
    outer loop
      vertex   -1.403585e+02 3.709118e+02 1.867848e+02
      vertex   -1.404290e+02 3.708739e+02 1.868990e+02
      vertex   -1.403107e+02 3.708073e+02 1.867848e+02
    endloop
  endfacet
  facet normal 7.452269e-01 3.414136e-01 5.727771e-01
    outer loop
      vertex   -1.403107e+02 3.708073e+02 1.867848e+02
      vertex   -1.404290e+02 3.708739e+02 1.868990e+02
      vertex   -1.403854e+02 3.707788e+02 1.868990e+02
    endloop
  endfacet
  facet normal 7.829205e-01 2.428208e-01 5.727771e-01
    outer loop
      vertex   -1.403107e+02 3.708073e+02 1.867848e+02
      vertex   -1.403854e+02 3.707788e+02 1.868990e+02
      vertex   -1.402766e+02 3.706975e+02 1.867848e+02
    endloop
  endfacet
  facet normal 7.829205e-01 2.428208e-01 5.727771e-01
    outer loop
      vertex   -1.402766e+02 3.706975e+02 1.867848e+02
      vertex   -1.403854e+02 3.707788e+02 1.868990e+02
      vertex   -1.403544e+02 3.706788e+02 1.868990e+02
    endloop
  endfacet
  facet normal 6.435217e-01 2.948190e-01 7.063721e-01
    outer loop
      vertex   -1.404290e+02 3.708739e+02 1.868990e+02
      vertex   -1.405158e+02 3.708272e+02 1.869976e+02
      vertex   -1.403854e+02 3.707788e+02 1.868990e+02
    endloop
  endfacet
  facet normal 6.435217e-01 2.948190e-01 7.063721e-01
    outer loop
      vertex   -1.403854e+02 3.707788e+02 1.868990e+02
      vertex   -1.405158e+02 3.708272e+02 1.869976e+02
      vertex   -1.404775e+02 3.707435e+02 1.869976e+02
    endloop
  endfacet
  facet normal 6.760711e-01 2.096817e-01 7.063721e-01
    outer loop
      vertex   -1.403854e+02 3.707788e+02 1.868990e+02
      vertex   -1.404775e+02 3.707435e+02 1.869976e+02
      vertex   -1.403544e+02 3.706788e+02 1.868990e+02
    endloop
  endfacet
  facet normal 6.760711e-01 2.096817e-01 7.063721e-01
    outer loop
      vertex   -1.403544e+02 3.706788e+02 1.868990e+02
      vertex   -1.404775e+02 3.707435e+02 1.869976e+02
      vertex   -1.404502e+02 3.706557e+02 1.869976e+02
    endloop
  endfacet
  facet normal 5.221843e-01 2.392302e-01 8.185917e-01
    outer loop
      vertex   -1.405158e+02 3.708272e+02 1.869976e+02
      vertex   -1.406164e+02 3.707730e+02 1.870776e+02
      vertex   -1.404775e+02 3.707435e+02 1.869976e+02
    endloop
  endfacet
  facet normal 5.221843e-01 2.392302e-01 8.185917e-01
    outer loop
      vertex   -1.404775e+02 3.707435e+02 1.869976e+02
      vertex   -1.406164e+02 3.707730e+02 1.870776e+02
      vertex   -1.405842e+02 3.707028e+02 1.870776e+02
    endloop
  endfacet
  facet normal 5.485964e-01 1.701457e-01 8.185917e-01
    outer loop
      vertex   -1.404775e+02 3.707435e+02 1.869976e+02
      vertex   -1.405842e+02 3.707028e+02 1.870776e+02
      vertex   -1.404502e+02 3.706557e+02 1.869976e+02
    endloop
  endfacet
  facet normal 5.485964e-01 1.701457e-01 8.185917e-01
    outer loop
      vertex   -1.404502e+02 3.706557e+02 1.869976e+02
      vertex   -1.405842e+02 3.707028e+02 1.870776e+02
      vertex   -1.405613e+02 3.706290e+02 1.870776e+02
    endloop
  endfacet
  facet normal 3.848722e-01 1.763229e-01 9.059711e-01
    outer loop
      vertex   -1.406164e+02 3.707730e+02 1.870776e+02
      vertex   -1.407276e+02 3.707131e+02 1.871365e+02
      vertex   -1.405842e+02 3.707028e+02 1.870776e+02
    endloop
  endfacet
  facet normal 3.848722e-01 1.763229e-01 9.059711e-01
    outer loop
      vertex   -1.405842e+02 3.707028e+02 1.870776e+02
      vertex   -1.407276e+02 3.707131e+02 1.871365e+02
      vertex   -1.407022e+02 3.706576e+02 1.871365e+02
    endloop
  endfacet
  facet normal 4.043391e-01 1.254047e-01 9.059711e-01
    outer loop
      vertex   -1.405842e+02 3.707028e+02 1.870776e+02
      vertex   -1.407022e+02 3.706576e+02 1.871365e+02
      vertex   -1.405613e+02 3.706290e+02 1.870776e+02
    endloop
  endfacet
  facet normal 4.043391e-01 1.254047e-01 9.059711e-01
    outer loop
      vertex   -1.405613e+02 3.706290e+02 1.870776e+02
      vertex   -1.407022e+02 3.706576e+02 1.871365e+02
      vertex   -1.406842e+02 3.705994e+02 1.871365e+02
    endloop
  endfacet
  facet normal 2.357574e-01 1.080084e-01 9.657912e-01
    outer loop
      vertex   -1.407276e+02 3.707131e+02 1.871365e+02
      vertex   -1.408462e+02 3.706492e+02 1.871726e+02
      vertex   -1.407022e+02 3.706576e+02 1.871365e+02
    endloop
  endfacet
  facet normal 2.357574e-01 1.080084e-01 9.657912e-01
    outer loop
      vertex   -1.407022e+02 3.706576e+02 1.871365e+02
      vertex   -1.408462e+02 3.706492e+02 1.871726e+02
      vertex   -1.408280e+02 3.706095e+02 1.871726e+02
    endloop
  endfacet
  facet normal 2.476820e-01 7.681794e-02 9.657912e-01
    outer loop
      vertex   -1.407022e+02 3.706576e+02 1.871365e+02
      vertex   -1.408280e+02 3.706095e+02 1.871726e+02
      vertex   -1.406842e+02 3.705994e+02 1.871365e+02
    endloop
  endfacet
  facet normal 2.476820e-01 7.681794e-02 9.657912e-01
    outer loop
      vertex   -1.406842e+02 3.705994e+02 1.871365e+02
      vertex   -1.408280e+02 3.706095e+02 1.871726e+02
      vertex   -1.408151e+02 3.705678e+02 1.871726e+02
    endloop
  endfacet
  facet normal 5.845651e-03 2.006252e-03 9.999809e-01
    outer loop
      vertex   -1.409577e+02 3.705596e+02 1.871848e+02
      vertex   -1.409534e+02 3.705472e+02 1.871848e+02
      vertex   -1.409434e+02 3.705478e+02 1.871847e+02
    endloop
  endfacet
  facet normal 6.054442e-03 -1.447972e-03 9.999806e-01
    outer loop
      vertex   -1.409534e+02 3.705472e+02 1.871848e+02
      vertex   -1.409588e+02 3.705248e+02 1.871848e+02
      vertex   -1.409434e+02 3.705478e+02 1.871847e+02
    endloop
  endfacet
  facet normal 8.534532e-02 -5.455789e-02 9.948566e-01
    outer loop
      vertex   -1.409434e+02 3.705478e+02 1.871847e+02
      vertex   -1.409588e+02 3.705248e+02 1.871848e+02
      vertex   -1.408160e+02 3.705265e+02 1.871726e+02
    endloop
  endfacet
  facet normal 8.833401e-02 -3.700164e-02 9.954034e-01
    outer loop
      vertex   -1.409434e+02 3.705478e+02 1.871847e+02
      vertex   -1.408160e+02 3.705265e+02 1.871726e+02
      vertex   -1.408208e+02 3.705552e+02 1.871741e+02
    endloop
  endfacet
  facet normal 2.261289e-01 -1.293689e-02 9.740115e-01
    outer loop
      vertex   -1.408208e+02 3.705552e+02 1.871741e+02
      vertex   -1.408160e+02 3.705265e+02 1.871726e+02
      vertex   -1.407194e+02 3.705613e+02 1.871506e+02
    endloop
  endfacet
  facet normal 2.486681e-01 -8.102241e-02 9.651941e-01
    outer loop
      vertex   -1.407194e+02 3.705613e+02 1.871506e+02
      vertex   -1.408160e+02 3.705265e+02 1.871726e+02
      vertex   -1.406832e+02 3.705043e+02 1.871365e+02
    endloop
  endfacet
  facet normal 3.399161e-01 -1.697561e-02 9.403026e-01
    outer loop
      vertex   -1.407194e+02 3.705613e+02 1.871506e+02
      vertex   -1.406832e+02 3.705043e+02 1.871365e+02
      vertex   -1.406400e+02 3.705661e+02 1.871220e+02
    endloop
  endfacet
  facet normal 4.154871e-01 -7.766195e-02 9.062776e-01
    outer loop
      vertex   -1.406400e+02 3.705661e+02 1.871220e+02
      vertex   -1.406832e+02 3.705043e+02 1.871365e+02
      vertex   -1.405585e+02 3.704835e+02 1.870776e+02
    endloop
  endfacet
  facet normal 4.307929e-01 -5.945751e-02 9.004900e-01
    outer loop
      vertex   -1.406400e+02 3.705661e+02 1.871220e+02
      vertex   -1.405585e+02 3.704835e+02 1.870776e+02
      vertex   -1.405748e+02 3.705701e+02 1.870911e+02
    endloop
  endfacet
  facet normal 5.096685e-01 -3.826095e-02 8.595197e-01
    outer loop
      vertex   -1.405748e+02 3.705701e+02 1.870911e+02
      vertex   -1.405585e+02 3.704835e+02 1.870776e+02
      vertex   -1.405128e+02 3.705738e+02 1.870545e+02
    endloop
  endfacet
  facet normal 5.683609e-01 -7.831844e-02 8.190434e-01
    outer loop
      vertex   -1.405128e+02 3.705738e+02 1.870545e+02
      vertex   -1.405585e+02 3.704835e+02 1.870776e+02
      vertex   -1.404458e+02 3.704647e+02 1.869976e+02
    endloop
  endfacet
  facet normal 5.851427e-01 -6.254122e-02 8.085151e-01
    outer loop
      vertex   -1.405128e+02 3.705738e+02 1.870545e+02
      vertex   -1.404458e+02 3.704647e+02 1.869976e+02
      vertex   -1.404543e+02 3.705774e+02 1.870125e+02
    endloop
  endfacet
  facet normal 6.554816e-01 -4.998437e-02 7.535552e-01
    outer loop
      vertex   -1.404543e+02 3.705774e+02 1.870125e+02
      vertex   -1.404458e+02 3.704647e+02 1.869976e+02
      vertex   -1.403998e+02 3.705807e+02 1.869653e+02
    endloop
  endfacet
  facet normal 7.027893e-01 -8.181429e-02 7.066778e-01
    outer loop
      vertex   -1.403998e+02 3.705807e+02 1.869653e+02
      vertex   -1.404458e+02 3.704647e+02 1.869976e+02
      vertex   -1.403486e+02 3.704485e+02 1.868990e+02
    endloop
  endfacet
  facet normal 7.204687e-01 -6.673184e-02 6.902693e-01
    outer loop
      vertex   -1.403998e+02 3.705807e+02 1.869653e+02
      vertex   -1.403486e+02 3.704485e+02 1.868990e+02
      vertex   -1.403497e+02 3.705837e+02 1.869132e+02
    endloop
  endfacet
  facet normal 7.798316e-01 -5.916782e-02 6.231868e-01
    outer loop
      vertex   -1.403497e+02 3.705837e+02 1.869132e+02
      vertex   -1.403486e+02 3.704485e+02 1.868990e+02
      vertex   -1.403046e+02 3.705864e+02 1.868570e+02
    endloop
  endfacet
  facet normal 8.151426e-01 -8.573206e-02 5.728809e-01
    outer loop
      vertex   -1.403046e+02 3.705864e+02 1.868570e+02
      vertex   -1.403486e+02 3.704485e+02 1.868990e+02
      vertex   -1.402697e+02 3.704353e+02 1.867848e+02
    endloop
  endfacet
  facet normal 8.322181e-01 -7.079912e-02 5.499096e-01
    outer loop
      vertex   -1.403046e+02 3.705864e+02 1.868570e+02
      vertex   -1.402697e+02 3.704353e+02 1.867848e+02
      vertex   -1.402647e+02 3.705888e+02 1.867970e+02
    endloop
  endfacet
  facet normal 8.784026e-01 -6.616003e-02 4.733199e-01
    outer loop
      vertex   -1.402647e+02 3.705888e+02 1.867970e+02
      vertex   -1.402697e+02 3.704353e+02 1.867848e+02
      vertex   -1.402304e+02 3.705909e+02 1.867336e+02
    endloop
  endfacet
  facet normal 9.022726e-01 -8.909646e-02 4.218601e-01
    outer loop
      vertex   -1.402304e+02 3.705909e+02 1.867336e+02
      vertex   -1.402697e+02 3.704353e+02 1.867848e+02
      vertex   -1.402115e+02 3.704257e+02 1.866584e+02
    endloop
  endfacet
  facet normal 9.169496e-01 -7.386593e-02 3.921061e-01
    outer loop
      vertex   -1.402304e+02 3.705909e+02 1.867336e+02
      vertex   -1.402115e+02 3.704257e+02 1.866584e+02
      vertex   -1.402019e+02 3.705926e+02 1.866672e+02
    endloop
  endfacet
  facet normal 9.486256e-01 -7.125876e-02 3.082721e-01
    outer loop
      vertex   -1.402019e+02 3.705926e+02 1.866672e+02
      vertex   -1.402115e+02 3.704257e+02 1.866584e+02
      vertex   -1.401795e+02 3.705940e+02 1.865986e+02
    endloop
  endfacet
  facet normal 9.617340e-01 -9.152264e-02 2.582466e-01
    outer loop
      vertex   -1.401795e+02 3.705940e+02 1.865986e+02
      vertex   -1.402115e+02 3.704257e+02 1.866584e+02
      vertex   -1.401759e+02 3.704198e+02 1.865237e+02
    endloop
  endfacet
  facet normal 9.721394e-01 -7.565699e-02 2.218580e-01
    outer loop
      vertex   -1.401795e+02 3.705940e+02 1.865986e+02
      vertex   -1.401759e+02 3.704198e+02 1.865237e+02
      vertex   -1.401634e+02 3.705950e+02 1.865284e+02
    endloop
  endfacet
  facet normal 9.881883e-01 -7.445290e-02 1.339425e-01
    outer loop
      vertex   -1.401634e+02 3.705950e+02 1.865284e+02
      vertex   -1.401759e+02 3.704198e+02 1.865237e+02
      vertex   -1.401536e+02 3.705955e+02 1.864569e+02
    endloop
  endfacet
  facet normal 9.907772e-01 -8.582757e-02 1.048533e-01
    outer loop
      vertex   -1.401536e+02 3.705955e+02 1.864569e+02
      vertex   -1.401759e+02 3.704198e+02 1.865237e+02
      vertex   -1.401576e+02 3.704621e+02 1.863848e+02
    endloop
  endfacet
  facet normal 9.975508e-01 -5.361579e-02 4.491906e-02
    outer loop
      vertex   -1.401536e+02 3.705955e+02 1.864569e+02
      vertex   -1.401576e+02 3.704621e+02 1.863848e+02
      vertex   -1.401504e+02 3.705957e+02 1.863848e+02
    endloop
  endfacet
  facet normal 8.507087e-02 -2.216692e-02 9.961283e-01
    outer loop
      vertex   -1.408160e+02 3.705265e+02 1.871726e+02
      vertex   -1.409588e+02 3.705248e+02 1.871848e+02
      vertex   -1.408312e+02 3.704682e+02 1.871726e+02
    endloop
  endfacet
  facet normal 8.168520e-02 -2.980703e-02 9.962124e-01
    outer loop
      vertex   -1.408312e+02 3.704682e+02 1.871726e+02
      vertex   -1.409588e+02 3.705248e+02 1.871848e+02
      vertex   -1.409667e+02 3.705032e+02 1.871848e+02
    endloop
  endfacet
  facet normal 7.983432e-02 -3.693122e-02 9.961238e-01
    outer loop
      vertex   -1.408312e+02 3.704682e+02 1.871726e+02
      vertex   -1.409667e+02 3.705032e+02 1.871848e+02
      vertex   -1.408566e+02 3.704133e+02 1.871726e+02
    endloop
  endfacet
  facet normal 7.802894e-02 -3.914902e-02 9.961821e-01
    outer loop
      vertex   -1.408566e+02 3.704133e+02 1.871726e+02
      vertex   -1.409667e+02 3.705032e+02 1.871848e+02
      vertex   -1.409770e+02 3.704826e+02 1.871848e+02
    endloop
  endfacet
  facet normal 2.357791e-01 -1.090710e-01 9.656665e-01
    outer loop
      vertex   -1.408566e+02 3.704133e+02 1.871726e+02
      vertex   -1.407399e+02 3.703460e+02 1.871365e+02
      vertex   -1.408312e+02 3.704682e+02 1.871726e+02
    endloop
  endfacet
  facet normal 2.357791e-01 -1.090710e-01 9.656665e-01
    outer loop
      vertex   -1.408312e+02 3.704682e+02 1.871726e+02
      vertex   -1.407399e+02 3.703460e+02 1.871365e+02
      vertex   -1.407044e+02 3.704227e+02 1.871365e+02
    endloop
  endfacet
  facet normal 2.513856e-01 -6.550355e-02 9.656679e-01
    outer loop
      vertex   -1.408312e+02 3.704682e+02 1.871726e+02
      vertex   -1.407044e+02 3.704227e+02 1.871365e+02
      vertex   -1.408160e+02 3.705265e+02 1.871726e+02
    endloop
  endfacet
  facet normal 2.513916e-01 -6.549675e-02 9.656668e-01
    outer loop
      vertex   -1.408160e+02 3.705265e+02 1.871726e+02
      vertex   -1.407044e+02 3.704227e+02 1.871365e+02
      vertex   -1.406832e+02 3.705043e+02 1.871365e+02
    endloop
  endfacet
  facet normal 3.848248e-01 -1.780193e-01 9.056594e-01
    outer loop
      vertex   -1.407399e+02 3.703460e+02 1.871365e+02
      vertex   -1.406304e+02 3.702830e+02 1.870776e+02
      vertex   -1.407044e+02 3.704227e+02 1.871365e+02
    endloop
  endfacet
  facet normal 3.848248e-01 -1.780193e-01 9.056594e-01
    outer loop
      vertex   -1.407044e+02 3.704227e+02 1.871365e+02
      vertex   -1.406304e+02 3.702830e+02 1.870776e+02
      vertex   -1.405854e+02 3.703801e+02 1.870776e+02
    endloop
  endfacet
  facet normal 4.103022e-01 -1.068988e-01 9.056626e-01
    outer loop
      vertex   -1.407044e+02 3.704227e+02 1.871365e+02
      vertex   -1.405854e+02 3.703801e+02 1.870776e+02
      vertex   -1.406832e+02 3.705043e+02 1.871365e+02
    endloop
  endfacet
  facet normal 4.103135e-01 -1.068881e-01 9.056587e-01
    outer loop
      vertex   -1.406832e+02 3.705043e+02 1.871365e+02
      vertex   -1.405854e+02 3.703801e+02 1.870776e+02
      vertex   -1.405585e+02 3.704835e+02 1.870776e+02
    endloop
  endfacet
  facet normal 5.219691e-01 -2.414620e-01 8.180736e-01
    outer loop
      vertex   -1.406304e+02 3.702830e+02 1.870776e+02
      vertex   -1.405314e+02 3.702260e+02 1.869976e+02
      vertex   -1.405854e+02 3.703801e+02 1.870776e+02
    endloop
  endfacet
  facet normal 5.219691e-01 -2.414620e-01 8.180736e-01
    outer loop
      vertex   -1.405854e+02 3.703801e+02 1.870776e+02
      vertex   -1.405314e+02 3.702260e+02 1.869976e+02
      vertex   -1.404779e+02 3.703416e+02 1.869976e+02
    endloop
  endfacet
  facet normal 5.565334e-01 -1.449789e-01 8.180781e-01
    outer loop
      vertex   -1.405854e+02 3.703801e+02 1.870776e+02
      vertex   -1.404779e+02 3.703416e+02 1.869976e+02
      vertex   -1.405585e+02 3.704835e+02 1.870776e+02
    endloop
  endfacet
  facet normal 5.565498e-01 -1.449646e-01 8.180694e-01
    outer loop
      vertex   -1.405585e+02 3.704835e+02 1.870776e+02
      vertex   -1.404779e+02 3.703416e+02 1.869976e+02
      vertex   -1.404458e+02 3.704647e+02 1.869976e+02
    endloop
  endfacet
  facet normal 6.430455e-01 -2.974717e-01 7.056933e-01
    outer loop
      vertex   -1.405314e+02 3.702260e+02 1.869976e+02
      vertex   -1.404460e+02 3.701767e+02 1.868990e+02
      vertex   -1.404779e+02 3.703416e+02 1.869976e+02
    endloop
  endfacet
  facet normal 6.430455e-01 -2.974717e-01 7.056933e-01
    outer loop
      vertex   -1.404779e+02 3.703416e+02 1.869976e+02
      vertex   -1.404460e+02 3.701767e+02 1.868990e+02
      vertex   -1.403851e+02 3.703083e+02 1.868990e+02
    endloop
  endfacet
  facet normal 6.856357e-01 -1.785877e-01 7.056983e-01
    outer loop
      vertex   -1.404779e+02 3.703416e+02 1.869976e+02
      vertex   -1.403851e+02 3.703083e+02 1.868990e+02
      vertex   -1.404458e+02 3.704647e+02 1.869976e+02
    endloop
  endfacet
  facet normal 6.856560e-01 -1.785702e-01 7.056830e-01
    outer loop
      vertex   -1.404458e+02 3.704647e+02 1.869976e+02
      vertex   -1.403851e+02 3.703083e+02 1.868990e+02
      vertex   -1.403486e+02 3.704485e+02 1.868990e+02
    endloop
  endfacet
  facet normal 7.444316e-01 -3.443728e-01 5.720394e-01
    outer loop
      vertex   -1.404460e+02 3.701767e+02 1.868990e+02
      vertex   -1.403766e+02 3.701368e+02 1.867848e+02
      vertex   -1.403851e+02 3.703083e+02 1.868990e+02
    endloop
  endfacet
  facet normal 7.444316e-01 -3.443728e-01 5.720394e-01
    outer loop
      vertex   -1.403851e+02 3.703083e+02 1.868990e+02
      vertex   -1.403766e+02 3.701368e+02 1.867848e+02
      vertex   -1.403098e+02 3.702814e+02 1.867848e+02
    endloop
  endfacet
  facet normal 7.937459e-01 -2.067208e-01 5.720436e-01
    outer loop
      vertex   -1.403851e+02 3.703083e+02 1.868990e+02
      vertex   -1.403098e+02 3.702814e+02 1.867848e+02
      vertex   -1.403486e+02 3.704485e+02 1.868990e+02
    endloop
  endfacet
  facet normal 7.937678e-01 -2.067001e-01 5.720208e-01
    outer loop
      vertex   -1.403486e+02 3.704485e+02 1.868990e+02
      vertex   -1.403098e+02 3.702814e+02 1.867848e+02
      vertex   -1.402697e+02 3.704353e+02 1.867848e+02
    endloop
  endfacet
  facet normal 8.231437e-01 -3.807849e-01 4.212331e-01
    outer loop
      vertex   -1.403766e+02 3.701368e+02 1.867848e+02
      vertex   -1.403256e+02 3.701074e+02 1.866584e+02
      vertex   -1.403098e+02 3.702814e+02 1.867848e+02
    endloop
  endfacet
  facet normal 8.231437e-01 -3.807849e-01 4.212331e-01
    outer loop
      vertex   -1.403098e+02 3.702814e+02 1.867848e+02
      vertex   -1.403256e+02 3.701074e+02 1.866584e+02
      vertex   -1.402543e+02 3.702615e+02 1.866584e+02
    endloop
  endfacet
  facet normal 8.776813e-01 -2.285515e-01 4.212360e-01
    outer loop
      vertex   -1.403098e+02 3.702814e+02 1.867848e+02
      vertex   -1.402543e+02 3.702615e+02 1.866584e+02
      vertex   -1.402697e+02 3.704353e+02 1.867848e+02
    endloop
  endfacet
  facet normal 8.777020e-01 -2.285277e-01 4.212058e-01
    outer loop
      vertex   -1.402697e+02 3.704353e+02 1.867848e+02
      vertex   -1.402543e+02 3.702615e+02 1.866584e+02
      vertex   -1.402115e+02 3.704257e+02 1.866584e+02
    endloop
  endfacet
  facet normal 8.769013e-01 -4.056530e-01 2.578561e-01
    outer loop
      vertex   -1.403256e+02 3.701074e+02 1.866584e+02
      vertex   -1.402943e+02 3.700894e+02 1.865237e+02
      vertex   -1.402543e+02 3.702615e+02 1.866584e+02
    endloop
  endfacet
  facet normal 8.769013e-01 -4.056530e-01 2.578561e-01
    outer loop
      vertex   -1.402543e+02 3.702615e+02 1.866584e+02
      vertex   -1.402943e+02 3.700894e+02 1.865237e+02
      vertex   -1.402203e+02 3.702493e+02 1.865237e+02
    endloop
  endfacet
  facet normal 9.350092e-01 -2.434488e-01 2.578575e-01
    outer loop
      vertex   -1.402543e+02 3.702615e+02 1.866584e+02
      vertex   -1.402203e+02 3.702493e+02 1.865237e+02
      vertex   -1.402115e+02 3.704257e+02 1.866584e+02
    endloop
  endfacet
  facet normal 9.350261e-01 -2.434221e-01 2.578214e-01
    outer loop
      vertex   -1.402115e+02 3.704257e+02 1.866584e+02
      vertex   -1.402203e+02 3.702493e+02 1.865237e+02
      vertex   -1.401759e+02 3.704198e+02 1.865237e+02
    endloop
  endfacet
  facet normal 8.945910e-01 -4.383430e-01 8.696176e-02
    outer loop
      vertex   -1.402838e+02 3.700833e+02 1.863848e+02
      vertex   -1.402249e+02 3.702035e+02 1.863848e+02
      vertex   -1.402943e+02 3.700894e+02 1.865237e+02
    endloop
  endfacet
  facet normal 9.022825e-01 -4.173944e-01 1.080197e-01
    outer loop
      vertex   -1.402943e+02 3.700894e+02 1.865237e+02
      vertex   -1.402249e+02 3.702035e+02 1.863848e+02
      vertex   -1.402203e+02 3.702493e+02 1.865237e+02
    endloop
  endfacet
  facet normal 9.461929e-01 -3.152797e-01 7.292257e-02
    outer loop
      vertex   -1.402249e+02 3.702035e+02 1.863848e+02
      vertex   -1.401825e+02 3.703305e+02 1.863848e+02
      vertex   -1.402203e+02 3.702493e+02 1.865237e+02
    endloop
  endfacet
  facet normal 9.613176e-01 -2.502667e-01 1.150433e-01
    outer loop
      vertex   -1.402203e+02 3.702493e+02 1.865237e+02
      vertex   -1.401825e+02 3.703305e+02 1.863848e+02
      vertex   -1.401759e+02 3.704198e+02 1.865237e+02
    endloop
  endfacet
  facet normal 9.798272e-01 -1.860709e-01 7.291277e-02
    outer loop
      vertex   -1.401825e+02 3.703305e+02 1.863848e+02
      vertex   -1.401576e+02 3.704621e+02 1.863848e+02
      vertex   -1.401759e+02 3.704198e+02 1.865237e+02
    endloop
  endfacet
  facet normal 9.852645e-01 1.710379e-01 -9.334300e-15
    outer loop
      vertex   -1.401504e+02 3.705957e+02 2.056848e+02
      vertex   -1.401724e+02 3.707226e+02 2.131848e+02
      vertex   -1.401504e+02 3.705957e+02 2.206848e+02
    endloop
  endfacet
  facet normal 9.852645e-01 1.710379e-01 0.000000e+00
    outer loop
      vertex   -1.401504e+02 3.705957e+02 2.206848e+02
      vertex   -1.401724e+02 3.707226e+02 2.131848e+02
      vertex   -1.401724e+02 3.707226e+02 2.156848e+02
    endloop
  endfacet
  facet normal 9.852645e-01 1.710379e-01 -1.120037e-14
    outer loop
      vertex   -1.401504e+02 3.705957e+02 2.206848e+02
      vertex   -1.401724e+02 3.707226e+02 2.156848e+02
      vertex   -1.401724e+02 3.707226e+02 2.181848e+02
    endloop
  endfacet
  facet normal 9.551175e-01 2.962272e-01 -1.085843e-14
    outer loop
      vertex   -1.401724e+02 3.707226e+02 2.181848e+02
      vertex   -1.401724e+02 3.707226e+02 2.156848e+02
      vertex   -1.402106e+02 3.708456e+02 2.181848e+02
    endloop
  endfacet
  facet normal 9.551175e-01 2.962272e-01 -5.016859e-14
    outer loop
      vertex   -1.401724e+02 3.707226e+02 2.181848e+02
      vertex   -1.402106e+02 3.708456e+02 2.181848e+02
      vertex   -1.402106e+02 3.708456e+02 2.206848e+02
    endloop
  endfacet
  facet normal 9.091335e-01 4.165047e-01 -5.081283e-14
    outer loop
      vertex   -1.402106e+02 3.708456e+02 2.206848e+02
      vertex   -1.402106e+02 3.708456e+02 2.181848e+02
      vertex   -1.402642e+02 3.709627e+02 2.206848e+02
    endloop
  endfacet
  facet normal 9.091335e-01 4.165047e-01 9.470601e-15
    outer loop
      vertex   -1.402642e+02 3.709627e+02 2.206848e+02
      vertex   -1.402106e+02 3.708456e+02 2.181848e+02
      vertex   -1.402106e+02 3.708456e+02 2.156848e+02
    endloop
  endfacet
  facet normal 9.091335e-01 4.165047e-01 -1.033548e-14
    outer loop
      vertex   -1.402642e+02 3.709627e+02 2.206848e+02
      vertex   -1.402106e+02 3.708456e+02 2.156848e+02
      vertex   -1.402106e+02 3.708456e+02 2.131848e+02
    endloop
  endfacet
  facet normal 9.551175e-01 2.962272e-01 -1.085843e-14
    outer loop
      vertex   -1.402106e+02 3.708456e+02 2.131848e+02
      vertex   -1.402106e+02 3.708456e+02 2.156848e+02
      vertex   -1.401724e+02 3.707226e+02 2.131848e+02
    endloop
  endfacet
  facet normal 9.551175e-01 2.962272e-01 0.000000e+00
    outer loop
      vertex   -1.402106e+02 3.708456e+02 2.131848e+02
      vertex   -1.401724e+02 3.707226e+02 2.131848e+02
      vertex   -1.401724e+02 3.707226e+02 2.106848e+02
    endloop
  endfacet
  facet normal 9.852645e-01 1.710379e-01 -0.000000e+00
    outer loop
      vertex   -1.401724e+02 3.707226e+02 2.106848e+02
      vertex   -1.401724e+02 3.707226e+02 2.131848e+02
      vertex   -1.401504e+02 3.705957e+02 2.056848e+02
    endloop
  endfacet
  facet normal 9.852645e-01 1.710379e-01 0.000000e+00
    outer loop
      vertex   -1.401724e+02 3.707226e+02 2.106848e+02
      vertex   -1.401504e+02 3.705957e+02 2.056848e+02
      vertex   -1.401724e+02 3.707226e+02 2.081848e+02
    endloop
  endfacet
  facet normal 9.852645e-01 1.710379e-01 0.000000e+00
    outer loop
      vertex   -1.401724e+02 3.707226e+02 2.081848e+02
      vertex   -1.401504e+02 3.705957e+02 2.056848e+02
      vertex   -1.401724e+02 3.707226e+02 2.056848e+02
    endloop
  endfacet
  facet normal 9.551175e-01 2.962272e-01 0.000000e+00
    outer loop
      vertex   -1.401724e+02 3.707226e+02 2.081848e+02
      vertex   -1.401724e+02 3.707226e+02 2.056848e+02
      vertex   -1.402106e+02 3.708456e+02 2.081848e+02
    endloop
  endfacet
  facet normal 9.551175e-01 2.962272e-01 0.000000e+00
    outer loop
      vertex   -1.402106e+02 3.708456e+02 2.081848e+02
      vertex   -1.401724e+02 3.707226e+02 2.056848e+02
      vertex   -1.402106e+02 3.708456e+02 2.056848e+02
    endloop
  endfacet
  facet normal 9.091335e-01 4.165047e-01 0.000000e+00
    outer loop
      vertex   -1.402106e+02 3.708456e+02 2.081848e+02
      vertex   -1.402106e+02 3.708456e+02 2.056848e+02
      vertex   -1.402642e+02 3.709627e+02 2.056848e+02
    endloop
  endfacet
  facet normal 9.091335e-01 4.165047e-01 -8.613043e-15
    outer loop
      vertex   -1.402642e+02 3.709627e+02 2.206848e+02
      vertex   -1.402106e+02 3.708456e+02 2.131848e+02
      vertex   -1.402642e+02 3.709627e+02 2.056848e+02
    endloop
  endfacet
  facet normal 9.091335e-01 4.165047e-01 0.000000e+00
    outer loop
      vertex   -1.402642e+02 3.709627e+02 2.056848e+02
      vertex   -1.402106e+02 3.708456e+02 2.131848e+02
      vertex   -1.402106e+02 3.708456e+02 2.106848e+02
    endloop
  endfacet
  facet normal 9.091335e-01 4.165047e-01 0.000000e+00
    outer loop
      vertex   -1.402642e+02 3.709627e+02 2.056848e+02
      vertex   -1.402106e+02 3.708456e+02 2.106848e+02
      vertex   -1.402106e+02 3.708456e+02 2.081848e+02
    endloop
  endfacet
  facet normal 9.551175e-01 2.962272e-01 -0.000000e+00
    outer loop
      vertex   -1.402106e+02 3.708456e+02 2.081848e+02
      vertex   -1.402106e+02 3.708456e+02 2.106848e+02
      vertex   -1.401724e+02 3.707226e+02 2.081848e+02
    endloop
  endfacet
  facet normal 9.551175e-01 2.962272e-01 -5.429362e-14
    outer loop
      vertex   -1.402106e+02 3.708456e+02 2.206848e+02
      vertex   -1.401724e+02 3.707226e+02 2.206848e+02
      vertex   -1.401724e+02 3.707226e+02 2.181848e+02
    endloop
  endfacet
  facet normal 9.852645e-01 1.710379e-01 -5.600580e-14
    outer loop
      vertex   -1.401724e+02 3.707226e+02 2.181848e+02
      vertex   -1.401724e+02 3.707226e+02 2.206848e+02
      vertex   -1.401504e+02 3.705957e+02 2.206848e+02
    endloop
  endfacet
  facet normal 9.551175e-01 2.962272e-01 0.000000e+00
    outer loop
      vertex   -1.402106e+02 3.708456e+02 2.131848e+02
      vertex   -1.401724e+02 3.707226e+02 2.106848e+02
      vertex   -1.402106e+02 3.708456e+02 2.106848e+02
    endloop
  endfacet
  facet normal 9.551175e-01 2.962272e-01 0.000000e+00
    outer loop
      vertex   -1.402106e+02 3.708456e+02 2.106848e+02
      vertex   -1.401724e+02 3.707226e+02 2.106848e+02
      vertex   -1.401724e+02 3.707226e+02 2.081848e+02
    endloop
  endfacet
  facet normal 9.551175e-01 2.962272e-01 6.735427e-15
    outer loop
      vertex   -1.402106e+02 3.708456e+02 2.181848e+02
      vertex   -1.401724e+02 3.707226e+02 2.156848e+02
      vertex   -1.402106e+02 3.708456e+02 2.156848e+02
    endloop
  endfacet
  facet normal 9.551175e-01 2.962272e-01 0.000000e+00
    outer loop
      vertex   -1.402106e+02 3.708456e+02 2.156848e+02
      vertex   -1.401724e+02 3.707226e+02 2.156848e+02
      vertex   -1.401724e+02 3.707226e+02 2.131848e+02
    endloop
  endfacet
  facet normal 8.804310e-01 4.741742e-01 -8.341118e-15
    outer loop
      vertex   -1.419000e+02 3.740000e+02 2.206848e+02
      vertex   -1.402642e+02 3.709627e+02 2.206848e+02
      vertex   -1.419000e+02 3.740000e+02 2.056848e+02
    endloop
  endfacet
  facet normal 8.804310e-01 4.741742e-01 -8.341582e-15
    outer loop
      vertex   -1.419000e+02 3.740000e+02 2.056848e+02
      vertex   -1.402642e+02 3.709627e+02 2.206848e+02
      vertex   -1.402642e+02 3.709627e+02 2.056848e+02
    endloop
  endfacet
  facet normal 7.455931e-01 1.249870e-01 -6.545756e-01
    outer loop
      vertex   -1.400462e+02 3.706020e+02 2.208046e+02
      vertex   -1.401504e+02 3.705957e+02 2.206848e+02
      vertex   -1.400692e+02 3.707392e+02 2.208047e+02
    endloop
  endfacet
  facet normal 7.425830e-01 1.289094e-01 -6.572312e-01
    outer loop
      vertex   -1.400692e+02 3.707392e+02 2.208047e+02
      vertex   -1.401504e+02 3.705957e+02 2.206848e+02
      vertex   -1.401724e+02 3.707226e+02 2.206848e+02
    endloop
  endfacet
  facet normal 7.239045e-01 2.202112e-01 -6.538114e-01
    outer loop
      vertex   -1.400692e+02 3.707392e+02 2.208047e+02
      vertex   -1.401724e+02 3.707226e+02 2.206848e+02
      vertex   -1.401117e+02 3.708791e+02 2.208047e+02
    endloop
  endfacet
  facet normal 7.205634e-01 2.234809e-01 -6.563876e-01
    outer loop
      vertex   -1.401117e+02 3.708791e+02 2.208047e+02
      vertex   -1.401724e+02 3.707226e+02 2.206848e+02
      vertex   -1.402106e+02 3.708456e+02 2.206848e+02
    endloop
  endfacet
  facet normal 6.878474e-01 3.136195e-01 -6.546058e-01
    outer loop
      vertex   -1.401117e+02 3.708791e+02 2.208047e+02
      vertex   -1.402106e+02 3.708456e+02 2.206848e+02
      vertex   -1.401724e+02 3.710121e+02 2.208047e+02
    endloop
  endfacet
  facet normal 6.865815e-01 3.145461e-01 -6.554895e-01
    outer loop
      vertex   -1.401724e+02 3.710121e+02 2.208047e+02
      vertex   -1.402106e+02 3.708456e+02 2.206848e+02
      vertex   -1.402642e+02 3.709627e+02 2.206848e+02
    endloop
  endfacet
  facet normal 7.729318e-01 3.524132e-01 -5.276185e-01
    outer loop
      vertex   -1.401724e+02 3.710121e+02 2.208047e+02
      vertex   -1.400984e+02 3.710519e+02 2.209396e+02
      vertex   -1.401117e+02 3.708791e+02 2.208047e+02
    endloop
  endfacet
  facet normal 7.729318e-01 3.524132e-01 -5.276185e-01
    outer loop
      vertex   -1.401117e+02 3.708791e+02 2.208047e+02
      vertex   -1.400984e+02 3.710519e+02 2.209396e+02
      vertex   -1.400332e+02 3.709088e+02 2.209396e+02
    endloop
  endfacet
  facet normal 8.127103e-01 2.472259e-01 -5.276185e-01
    outer loop
      vertex   -1.401117e+02 3.708791e+02 2.208047e+02
      vertex   -1.400332e+02 3.709088e+02 2.209396e+02
      vertex   -1.400692e+02 3.707392e+02 2.208047e+02
    endloop
  endfacet
  facet normal 8.127103e-01 2.472259e-01 -5.276185e-01
    outer loop
      vertex   -1.400692e+02 3.707392e+02 2.208047e+02
      vertex   -1.400332e+02 3.709088e+02 2.209396e+02
      vertex   -1.399874e+02 3.707583e+02 2.209396e+02
    endloop
  endfacet
  facet normal 8.377520e-01 1.403816e-01 -5.276975e-01
    outer loop
      vertex   -1.400692e+02 3.707392e+02 2.208047e+02
      vertex   -1.399874e+02 3.707583e+02 2.209396e+02
      vertex   -1.400462e+02 3.706020e+02 2.208046e+02
    endloop
  endfacet
  facet normal 8.385420e-01 1.392571e-01 -5.267397e-01
    outer loop
      vertex   -1.400462e+02 3.706020e+02 2.208046e+02
      vertex   -1.399874e+02 3.707583e+02 2.209396e+02
      vertex   -1.399623e+02 3.706071e+02 2.209395e+02
    endloop
  endfacet
  facet normal 9.097917e-01 1.510298e-01 -3.866122e-01
    outer loop
      vertex   -1.399623e+02 3.706071e+02 2.209395e+02
      vertex   -1.399874e+02 3.707583e+02 2.209396e+02
      vertex   -1.399274e+02 3.707723e+02 2.210861e+02
    endloop
  endfacet
  facet normal 9.102578e-01 1.502328e-01 -3.858248e-01
    outer loop
      vertex   -1.399623e+02 3.706071e+02 2.209395e+02
      vertex   -1.399274e+02 3.707723e+02 2.210861e+02
      vertex   -1.399008e+02 3.706108e+02 2.210860e+02
    endloop
  endfacet
  facet normal 9.588179e-01 1.582014e-01 -2.358824e-01
    outer loop
      vertex   -1.399008e+02 3.706108e+02 2.210860e+02
      vertex   -1.399274e+02 3.707723e+02 2.210861e+02
      vertex   -1.398909e+02 3.707808e+02 2.212405e+02
    endloop
  endfacet
  facet normal 9.590223e-01 1.577244e-01 -2.353706e-01
    outer loop
      vertex   -1.399008e+02 3.706108e+02 2.210860e+02
      vertex   -1.398909e+02 3.707808e+02 2.212405e+02
      vertex   -1.398633e+02 3.706131e+02 2.212405e+02
    endloop
  endfacet
  facet normal 9.836419e-01 1.617491e-01 -7.928370e-02
    outer loop
      vertex   -1.398633e+02 3.706131e+02 2.212405e+02
      vertex   -1.398909e+02 3.707808e+02 2.212405e+02
      vertex   -1.398786e+02 3.707837e+02 2.213989e+02
    endloop
  endfacet
  facet normal 9.836802e-01 1.615975e-01 -7.911674e-02
    outer loop
      vertex   -1.398633e+02 3.706131e+02 2.212405e+02
      vertex   -1.398786e+02 3.707837e+02 2.213989e+02
      vertex   -1.398507e+02 3.706139e+02 2.213989e+02
    endloop
  endfacet
  facet normal 8.391498e-01 3.826049e-01 -3.865760e-01
    outer loop
      vertex   -1.400984e+02 3.710519e+02 2.209396e+02
      vertex   -1.400442e+02 3.710811e+02 2.210861e+02
      vertex   -1.400332e+02 3.709088e+02 2.209396e+02
    endloop
  endfacet
  facet normal 8.391498e-01 3.826049e-01 -3.865760e-01
    outer loop
      vertex   -1.400332e+02 3.709088e+02 2.209396e+02
      vertex   -1.400442e+02 3.710811e+02 2.210861e+02
      vertex   -1.399756e+02 3.709306e+02 2.210861e+02
    endloop
  endfacet
  facet normal 8.823362e-01 2.684060e-01 -3.865760e-01
    outer loop
      vertex   -1.400332e+02 3.709088e+02 2.209396e+02
      vertex   -1.399756e+02 3.709306e+02 2.210861e+02
      vertex   -1.399874e+02 3.707583e+02 2.209396e+02
    endloop
  endfacet
  facet normal 8.823362e-01 2.684060e-01 -3.865760e-01
    outer loop
      vertex   -1.399874e+02 3.707583e+02 2.209396e+02
      vertex   -1.399756e+02 3.709306e+02 2.210861e+02
      vertex   -1.399274e+02 3.707723e+02 2.210861e+02
    endloop
  endfacet
  facet normal 8.842134e-01 4.031514e-01 -2.358721e-01
    outer loop
      vertex   -1.400442e+02 3.710811e+02 2.210861e+02
      vertex   -1.400112e+02 3.710989e+02 2.212405e+02
      vertex   -1.399756e+02 3.709306e+02 2.210861e+02
    endloop
  endfacet
  facet normal 8.842134e-01 4.031514e-01 -2.358721e-01
    outer loop
      vertex   -1.399756e+02 3.709306e+02 2.210861e+02
      vertex   -1.400112e+02 3.710989e+02 2.212405e+02
      vertex   -1.399405e+02 3.709439e+02 2.212405e+02
    endloop
  endfacet
  facet normal 9.297189e-01 2.828198e-01 -2.358721e-01
    outer loop
      vertex   -1.399756e+02 3.709306e+02 2.210861e+02
      vertex   -1.399405e+02 3.709439e+02 2.212405e+02
      vertex   -1.399274e+02 3.707723e+02 2.210861e+02
    endloop
  endfacet
  facet normal 9.297189e-01 2.828198e-01 -2.358721e-01
    outer loop
      vertex   -1.399274e+02 3.707723e+02 2.210861e+02
      vertex   -1.399405e+02 3.709439e+02 2.212405e+02
      vertex   -1.398909e+02 3.707808e+02 2.212405e+02
    endloop
  endfacet
  facet normal 9.070225e-01 4.135510e-01 -7.928288e-02
    outer loop
      vertex   -1.400112e+02 3.710989e+02 2.212405e+02
      vertex   -1.400001e+02 3.711049e+02 2.213989e+02
      vertex   -1.399405e+02 3.709439e+02 2.212405e+02
    endloop
  endfacet
  facet normal 9.070225e-01 4.135510e-01 -7.928288e-02
    outer loop
      vertex   -1.399405e+02 3.709439e+02 2.212405e+02
      vertex   -1.400001e+02 3.711049e+02 2.213989e+02
      vertex   -1.399287e+02 3.709483e+02 2.213989e+02
    endloop
  endfacet
  facet normal 9.537019e-01 2.901154e-01 -7.928288e-02
    outer loop
      vertex   -1.399405e+02 3.709439e+02 2.212405e+02
      vertex   -1.399287e+02 3.709483e+02 2.213989e+02
      vertex   -1.398909e+02 3.707808e+02 2.212405e+02
    endloop
  endfacet
  facet normal 9.537019e-01 2.901154e-01 -7.928288e-02
    outer loop
      vertex   -1.398909e+02 3.707808e+02 2.212405e+02
      vertex   -1.399287e+02 3.709483e+02 2.213989e+02
      vertex   -1.398786e+02 3.707837e+02 2.213989e+02
    endloop
  endfacet
  facet normal 1.000000e+00 0.000000e+00 -9.473903e-15
    outer loop
      vertex   -1.419000e+02 3.740000e+02 2.056848e+02
      vertex   -1.419000e+02 3.740834e+02 2.056848e+02
      vertex   -1.419000e+02 3.740000e+02 2.206848e+02
    endloop
  endfacet
  facet normal 1.000000e+00 4.648956e-15 -9.448051e-15
    outer loop
      vertex   -1.419000e+02 3.740000e+02 2.206848e+02
      vertex   -1.419000e+02 3.740834e+02 2.056848e+02
      vertex   -1.419000e+02 3.740834e+02 2.207258e+02
    endloop
  endfacet
  facet normal 9.867734e-01 1.621056e-01 0.000000e+00
    outer loop
      vertex   -1.398507e+02 3.706139e+02 2.216848e+02
      vertex   -1.398507e+02 3.706139e+02 2.213989e+02
      vertex   -1.398786e+02 3.707837e+02 2.216848e+02
    endloop
  endfacet
  facet normal 9.867734e-01 1.621056e-01 -1.177334e-12
    outer loop
      vertex   -1.398786e+02 3.707837e+02 2.216848e+02
      vertex   -1.398507e+02 3.706139e+02 2.213989e+02
      vertex   -1.398786e+02 3.707837e+02 2.213989e+02
    endloop
  endfacet
  facet normal 9.567135e-01 2.910315e-01 -1.141469e-12
    outer loop
      vertex   -1.398786e+02 3.707837e+02 2.216848e+02
      vertex   -1.398786e+02 3.707837e+02 2.213989e+02
      vertex   -1.399287e+02 3.709483e+02 2.216848e+02
    endloop
  endfacet
  facet normal 9.567135e-01 2.910315e-01 -4.383621e-13
    outer loop
      vertex   -1.399287e+02 3.709483e+02 2.216848e+02
      vertex   -1.398786e+02 3.707837e+02 2.213989e+02
      vertex   -1.399287e+02 3.709483e+02 2.213989e+02
    endloop
  endfacet
  facet normal 9.098867e-01 4.148569e-01 -4.443619e-13
    outer loop
      vertex   -1.399287e+02 3.709483e+02 2.216848e+02
      vertex   -1.399287e+02 3.709483e+02 2.213989e+02
      vertex   -1.400001e+02 3.711049e+02 2.216848e+02
    endloop
  endfacet
  facet normal 9.098867e-01 4.148569e-01 0.000000e+00
    outer loop
      vertex   -1.400001e+02 3.711049e+02 2.216848e+02
      vertex   -1.399287e+02 3.709483e+02 2.213989e+02
      vertex   -1.400001e+02 3.711049e+02 2.213989e+02
    endloop
  endfacet
  facet normal 9.856073e-01 1.619141e-01 4.860190e-02
    outer loop
      vertex   -1.398507e+02 3.706139e+02 2.216848e+02
      vertex   -1.398786e+02 3.707837e+02 2.216848e+02
      vertex   -1.398554e+02 3.706136e+02 2.217823e+02
    endloop
  endfacet
  facet normal 9.792303e-01 1.831027e-01 8.707122e-02
    outer loop
      vertex   -1.398554e+02 3.706136e+02 2.217823e+02
      vertex   -1.398786e+02 3.707837e+02 2.216848e+02
      vertex   -1.398934e+02 3.707802e+02 2.218584e+02
    endloop
  endfacet
  facet normal 9.770109e-01 1.560013e-01 1.453044e-01
    outer loop
      vertex   -1.398554e+02 3.706136e+02 2.217823e+02
      vertex   -1.398934e+02 3.707802e+02 2.218584e+02
      vertex   -1.398696e+02 3.706127e+02 2.218787e+02
    endloop
  endfacet
  facet normal 9.566574e-01 1.645977e-01 2.402378e-01
    outer loop
      vertex   -1.398696e+02 3.706127e+02 2.218787e+02
      vertex   -1.398934e+02 3.707802e+02 2.218584e+02
      vertex   -1.398931e+02 3.706113e+02 2.219732e+02
    endloop
  endfacet
  facet normal 9.496269e-01 1.770492e-01 2.585774e-01
    outer loop
      vertex   -1.398931e+02 3.706113e+02 2.219732e+02
      vertex   -1.398934e+02 3.707802e+02 2.218584e+02
      vertex   -1.399373e+02 3.707700e+02 2.220268e+02
    endloop
  endfacet
  facet normal 9.312188e-01 1.465639e-01 3.336923e-01
    outer loop
      vertex   -1.398931e+02 3.706113e+02 2.219732e+02
      vertex   -1.399373e+02 3.707700e+02 2.220268e+02
      vertex   -1.399258e+02 3.706093e+02 2.220652e+02
    endloop
  endfacet
  facet normal 8.913577e-01 1.648865e-01 4.222486e-01
    outer loop
      vertex   -1.399258e+02 3.706093e+02 2.220652e+02
      vertex   -1.399373e+02 3.707700e+02 2.220268e+02
      vertex   -1.400090e+02 3.707533e+02 2.221848e+02
    endloop
  endfacet
  facet normal 8.911944e-01 1.643238e-01 4.228123e-01
    outer loop
      vertex   -1.399258e+02 3.706093e+02 2.220652e+02
      vertex   -1.400090e+02 3.707533e+02 2.221848e+02
      vertex   -1.399672e+02 3.706068e+02 2.221536e+02
    endloop
  endfacet
  facet normal 8.497705e-01 1.339677e-01 5.098459e-01
    outer loop
      vertex   -1.399672e+02 3.706068e+02 2.221536e+02
      vertex   -1.400090e+02 3.707533e+02 2.221848e+02
      vertex   -1.400170e+02 3.706038e+02 2.222373e+02
    endloop
  endfacet
  facet normal 8.037858e-01 1.587298e-01 5.733527e-01
    outer loop
      vertex   -1.400170e+02 3.706038e+02 2.222373e+02
      vertex   -1.400090e+02 3.707533e+02 2.221848e+02
      vertex   -1.401064e+02 3.707306e+02 2.223275e+02
    endloop
  endfacet
  facet normal 7.948973e-01 1.404081e-01 5.902744e-01
    outer loop
      vertex   -1.400170e+02 3.706038e+02 2.222373e+02
      vertex   -1.401064e+02 3.707306e+02 2.223275e+02
      vertex   -1.400746e+02 3.706003e+02 2.223157e+02
    endloop
  endfacet
  facet normal 7.358346e-01 1.190762e-01 6.666095e-01
    outer loop
      vertex   -1.400746e+02 3.706003e+02 2.223157e+02
      vertex   -1.401064e+02 3.707306e+02 2.223275e+02
      vertex   -1.401398e+02 3.705964e+02 2.223884e+02
    endloop
  endfacet
  facet normal 6.914008e-01 1.484649e-01 7.070524e-01
    outer loop
      vertex   -1.401398e+02 3.705964e+02 2.223884e+02
      vertex   -1.401064e+02 3.707306e+02 2.223275e+02
      vertex   -1.402265e+02 3.707026e+02 2.224508e+02
    endloop
  endfacet
  facet normal 6.677002e-01 1.121427e-01 7.359351e-01
    outer loop
      vertex   -1.401398e+02 3.705964e+02 2.223884e+02
      vertex   -1.402265e+02 3.707026e+02 2.224508e+02
      vertex   -1.402117e+02 3.705920e+02 2.224543e+02
    endloop
  endfacet
  facet normal 5.932977e-01 1.041744e-01 7.982140e-01
    outer loop
      vertex   -1.402117e+02 3.705920e+02 2.224543e+02
      vertex   -1.402265e+02 3.707026e+02 2.224508e+02
      vertex   -1.402895e+02 3.705873e+02 2.225127e+02
    endloop
  endfacet
  facet normal 5.574727e-01 1.350196e-01 8.191422e-01
    outer loop
      vertex   -1.402895e+02 3.705873e+02 2.225127e+02
      vertex   -1.402265e+02 3.707026e+02 2.224508e+02
      vertex   -1.403655e+02 3.706701e+02 2.225508e+02
    endloop
  endfacet
  facet normal 5.147236e-01 7.993472e-02 8.536217e-01
    outer loop
      vertex   -1.402895e+02 3.705873e+02 2.225127e+02
      vertex   -1.403655e+02 3.706701e+02 2.225508e+02
      vertex   -1.403726e+02 3.705823e+02 2.225633e+02
    endloop
  endfacet
  facet normal 4.277052e-01 9.344747e-02 8.990750e-01
    outer loop
      vertex   -1.403726e+02 3.705823e+02 2.225633e+02
      vertex   -1.403655e+02 3.706701e+02 2.225508e+02
      vertex   -1.404605e+02 3.705770e+02 2.226056e+02
    endloop
  endfacet
  facet normal 4.058962e-01 1.197784e-01 9.060361e-01
    outer loop
      vertex   -1.404605e+02 3.705770e+02 2.226056e+02
      vertex   -1.403655e+02 3.706701e+02 2.225508e+02
      vertex   -1.405194e+02 3.706343e+02 2.226245e+02
    endloop
  endfacet
  facet normal 3.417830e-01 4.308981e-02 9.387905e-01
    outer loop
      vertex   -1.404605e+02 3.705770e+02 2.226056e+02
      vertex   -1.405194e+02 3.706343e+02 2.226245e+02
      vertex   -1.405519e+02 3.705715e+02 2.226392e+02
    endloop
  endfacet
  facet normal 2.419641e-01 1.009893e-01 9.650153e-01
    outer loop
      vertex   -1.405519e+02 3.705715e+02 2.226392e+02
      vertex   -1.405194e+02 3.706343e+02 2.226245e+02
      vertex   -1.406833e+02 3.705960e+02 2.226696e+02
    endloop
  endfacet
  facet normal 2.435593e-01 1.114404e-01 9.634624e-01
    outer loop
      vertex   -1.405519e+02 3.705715e+02 2.226392e+02
      vertex   -1.406833e+02 3.705960e+02 2.226696e+02
      vertex   -1.406459e+02 3.705658e+02 2.226636e+02
    endloop
  endfacet
  facet normal 1.564025e-01 -1.065930e-03 9.876928e-01
    outer loop
      vertex   -1.406459e+02 3.705658e+02 2.226636e+02
      vertex   -1.406833e+02 3.705960e+02 2.226696e+02
      vertex   -1.407420e+02 3.705600e+02 2.226788e+02
    endloop
  endfacet
  facet normal 4.215836e-02 1.832356e-01 9.821646e-01
    outer loop
      vertex   -1.407420e+02 3.705600e+02 2.226788e+02
      vertex   -1.406833e+02 3.705960e+02 2.226696e+02
      vertex   -1.408517e+02 3.705533e+02 2.226848e+02
    endloop
  endfacet
  facet normal -6.033547e-02 9.981782e-01 1.295629e-07
    outer loop
      vertex   -1.407420e+02 3.705600e+02 2.226788e+02
      vertex   -1.408517e+02 3.705533e+02 2.226848e+02
      vertex   -1.408394e+02 3.705541e+02 2.226847e+02
    endloop
  endfacet
  facet normal 9.530887e-01 2.899289e-01 8.696605e-02
    outer loop
      vertex   -1.398934e+02 3.707802e+02 2.218584e+02
      vertex   -1.398786e+02 3.707837e+02 2.216848e+02
      vertex   -1.399429e+02 3.709429e+02 2.218584e+02
    endloop
  endfacet
  facet normal 9.530887e-01 2.899289e-01 8.696605e-02
    outer loop
      vertex   -1.399429e+02 3.709429e+02 2.218584e+02
      vertex   -1.398786e+02 3.707837e+02 2.216848e+02
      vertex   -1.399287e+02 3.709483e+02 2.216848e+02
    endloop
  endfacet
  facet normal 9.064394e-01 4.132851e-01 8.696605e-02
    outer loop
      vertex   -1.399429e+02 3.709429e+02 2.218584e+02
      vertex   -1.399287e+02 3.709483e+02 2.216848e+02
      vertex   -1.400134e+02 3.710977e+02 2.218584e+02
    endloop
  endfacet
  facet normal 9.064394e-01 4.132851e-01 8.696605e-02
    outer loop
      vertex   -1.400134e+02 3.710977e+02 2.218584e+02
      vertex   -1.399287e+02 3.709483e+02 2.216848e+02
      vertex   -1.400001e+02 3.711049e+02 2.216848e+02
    endloop
  endfacet
  facet normal 8.790120e-01 4.007798e-01 2.582893e-01
    outer loop
      vertex   -1.400134e+02 3.710977e+02 2.218584e+02
      vertex   -1.400532e+02 3.710763e+02 2.220268e+02
      vertex   -1.399429e+02 3.709429e+02 2.218584e+02
    endloop
  endfacet
  facet normal 8.790120e-01 4.007798e-01 2.582893e-01
    outer loop
      vertex   -1.399429e+02 3.709429e+02 2.218584e+02
      vertex   -1.400532e+02 3.710763e+02 2.220268e+02
      vertex   -1.399851e+02 3.709270e+02 2.220268e+02
    endloop
  endfacet
  facet normal 9.242499e-01 2.811561e-01 2.582893e-01
    outer loop
      vertex   -1.399429e+02 3.709429e+02 2.218584e+02
      vertex   -1.399851e+02 3.709270e+02 2.220268e+02
      vertex   -1.398934e+02 3.707802e+02 2.218584e+02
    endloop
  endfacet
  facet normal 9.242499e-01 2.811561e-01 2.582893e-01
    outer loop
      vertex   -1.398934e+02 3.707802e+02 2.218584e+02
      vertex   -1.399851e+02 3.709270e+02 2.220268e+02
      vertex   -1.399373e+02 3.707700e+02 2.220268e+02
    endloop
  endfacet
  facet normal 8.249602e-01 3.761352e-01 4.218565e-01
    outer loop
      vertex   -1.400532e+02 3.710763e+02 2.220268e+02
      vertex   -1.401180e+02 3.710414e+02 2.221848e+02
      vertex   -1.399851e+02 3.709270e+02 2.220268e+02
    endloop
  endfacet
  facet normal 8.249602e-01 3.761352e-01 4.218565e-01
    outer loop
      vertex   -1.399851e+02 3.709270e+02 2.220268e+02
      vertex   -1.401180e+02 3.710414e+02 2.221848e+02
      vertex   -1.400540e+02 3.709009e+02 2.221848e+02
    endloop
  endfacet
  facet normal 8.674163e-01 2.638674e-01 4.218565e-01
    outer loop
      vertex   -1.399851e+02 3.709270e+02 2.220268e+02
      vertex   -1.400540e+02 3.709009e+02 2.221848e+02
      vertex   -1.399373e+02 3.707700e+02 2.220268e+02
    endloop
  endfacet
  facet normal 8.674163e-01 2.638674e-01 4.218565e-01
    outer loop
      vertex   -1.399373e+02 3.707700e+02 2.220268e+02
      vertex   -1.400540e+02 3.709009e+02 2.221848e+02
      vertex   -1.400090e+02 3.707533e+02 2.221848e+02
    endloop
  endfacet
  facet normal 7.458733e-01 3.400761e-01 5.727315e-01
    outer loop
      vertex   -1.401180e+02 3.710414e+02 2.221848e+02
      vertex   -1.402060e+02 3.709940e+02 2.223275e+02
      vertex   -1.400540e+02 3.709009e+02 2.221848e+02
    endloop
  endfacet
  facet normal 7.458733e-01 3.400761e-01 5.727315e-01
    outer loop
      vertex   -1.400540e+02 3.709009e+02 2.221848e+02
      vertex   -1.402060e+02 3.709940e+02 2.223275e+02
      vertex   -1.401475e+02 3.708656e+02 2.223275e+02
    endloop
  endfacet
  facet normal 7.842592e-01 2.385711e-01 5.727315e-01
    outer loop
      vertex   -1.400540e+02 3.709009e+02 2.221848e+02
      vertex   -1.401475e+02 3.708656e+02 2.223275e+02
      vertex   -1.400090e+02 3.707533e+02 2.221848e+02
    endloop
  endfacet
  facet normal 7.842592e-01 2.385711e-01 5.727315e-01
    outer loop
      vertex   -1.400090e+02 3.707533e+02 2.221848e+02
      vertex   -1.401475e+02 3.708656e+02 2.223275e+02
      vertex   -1.401064e+02 3.707306e+02 2.223275e+02
    endloop
  endfacet
  facet normal 6.440929e-01 2.936700e-01 7.063301e-01
    outer loop
      vertex   -1.402060e+02 3.709940e+02 2.223275e+02
      vertex   -1.403146e+02 3.709355e+02 2.224508e+02
      vertex   -1.401475e+02 3.708656e+02 2.223275e+02
    endloop
  endfacet
  facet normal 6.440929e-01 2.936700e-01 7.063301e-01
    outer loop
      vertex   -1.401475e+02 3.708656e+02 2.223275e+02
      vertex   -1.403146e+02 3.709355e+02 2.224508e+02
      vertex   -1.402628e+02 3.708220e+02 2.224508e+02
    endloop
  endfacet
  facet normal 6.772408e-01 2.060161e-01 7.063301e-01
    outer loop
      vertex   -1.401475e+02 3.708656e+02 2.223275e+02
      vertex   -1.402628e+02 3.708220e+02 2.224508e+02
      vertex   -1.401064e+02 3.707306e+02 2.223275e+02
    endloop
  endfacet
  facet normal 6.772408e-01 2.060161e-01 7.063301e-01
    outer loop
      vertex   -1.401064e+02 3.707306e+02 2.223275e+02
      vertex   -1.402628e+02 3.708220e+02 2.224508e+02
      vertex   -1.402265e+02 3.707026e+02 2.224508e+02
    endloop
  endfacet
  facet normal 5.226584e-01 2.383027e-01 8.185597e-01
    outer loop
      vertex   -1.403146e+02 3.709355e+02 2.224508e+02
      vertex   -1.404403e+02 3.708678e+02 2.225508e+02
      vertex   -1.402628e+02 3.708220e+02 2.224508e+02
    endloop
  endfacet
  facet normal 5.226584e-01 2.383027e-01 8.185597e-01
    outer loop
      vertex   -1.402628e+02 3.708220e+02 2.224508e+02
      vertex   -1.404403e+02 3.708678e+02 2.225508e+02
      vertex   -1.403963e+02 3.707715e+02 2.225508e+02
    endloop
  endfacet
  facet normal 5.495567e-01 1.671747e-01 8.185597e-01
    outer loop
      vertex   -1.402628e+02 3.708220e+02 2.224508e+02
      vertex   -1.403963e+02 3.707715e+02 2.225508e+02
      vertex   -1.402265e+02 3.707026e+02 2.224508e+02
    endloop
  endfacet
  facet normal 5.495567e-01 1.671747e-01 8.185597e-01
    outer loop
      vertex   -1.402265e+02 3.707026e+02 2.224508e+02
      vertex   -1.403963e+02 3.707715e+02 2.225508e+02
      vertex   -1.403655e+02 3.706701e+02 2.225508e+02
    endloop
  endfacet
  facet normal 3.852285e-01 1.756424e-01 9.059518e-01
    outer loop
      vertex   -1.404403e+02 3.708678e+02 2.225508e+02
      vertex   -1.405794e+02 3.707929e+02 2.226245e+02
      vertex   -1.403963e+02 3.707715e+02 2.225508e+02
    endloop
  endfacet
  facet normal 3.852285e-01 1.756424e-01 9.059518e-01
    outer loop
      vertex   -1.403963e+02 3.707715e+02 2.225508e+02
      vertex   -1.405794e+02 3.707929e+02 2.226245e+02
      vertex   -1.405441e+02 3.707156e+02 2.226245e+02
    endloop
  endfacet
  facet normal 4.050541e-01 1.232171e-01 9.059518e-01
    outer loop
      vertex   -1.403963e+02 3.707715e+02 2.225508e+02
      vertex   -1.405441e+02 3.707156e+02 2.226245e+02
      vertex   -1.403655e+02 3.706701e+02 2.225508e+02
    endloop
  endfacet
  facet normal 4.050541e-01 1.232171e-01 9.059518e-01
    outer loop
      vertex   -1.403655e+02 3.706701e+02 2.225508e+02
      vertex   -1.405441e+02 3.707156e+02 2.226245e+02
      vertex   -1.405194e+02 3.706343e+02 2.226245e+02
    endloop
  endfacet
  facet normal 2.359788e-01 1.075930e-01 9.657835e-01
    outer loop
      vertex   -1.405794e+02 3.707929e+02 2.226245e+02
      vertex   -1.407276e+02 3.707131e+02 2.226696e+02
      vertex   -1.405441e+02 3.707156e+02 2.226245e+02
    endloop
  endfacet
  facet normal 2.359788e-01 1.075930e-01 9.657835e-01
    outer loop
      vertex   -1.405441e+02 3.707156e+02 2.226245e+02
      vertex   -1.407276e+02 3.707131e+02 2.226696e+02
      vertex   -1.407016e+02 3.706560e+02 2.226696e+02
    endloop
  endfacet
  facet normal 2.481233e-01 7.547893e-02 9.657835e-01
    outer loop
      vertex   -1.405441e+02 3.707156e+02 2.226245e+02
      vertex   -1.407016e+02 3.706560e+02 2.226696e+02
      vertex   -1.405194e+02 3.706343e+02 2.226245e+02
    endloop
  endfacet
  facet normal 2.481233e-01 7.547893e-02 9.657835e-01
    outer loop
      vertex   -1.405194e+02 3.706343e+02 2.226245e+02
      vertex   -1.407016e+02 3.706560e+02 2.226696e+02
      vertex   -1.406833e+02 3.705960e+02 2.226696e+02
    endloop
  endfacet
  facet normal 7.863720e-02 3.779288e-02 9.961867e-01
    outer loop
      vertex   -1.408805e+02 3.706307e+02 2.226848e+02
      vertex   -1.408685e+02 3.706059e+02 2.226848e+02
      vertex   -1.407276e+02 3.707131e+02 2.226696e+02
    endloop
  endfacet
  facet normal 7.972966e-02 3.635222e-02 9.961535e-01
    outer loop
      vertex   -1.407276e+02 3.707131e+02 2.226696e+02
      vertex   -1.408685e+02 3.706059e+02 2.226848e+02
      vertex   -1.407016e+02 3.706560e+02 2.226696e+02
    endloop
  endfacet
  facet normal 8.154739e-02 3.031965e-02 9.962082e-01
    outer loop
      vertex   -1.408685e+02 3.706059e+02 2.226848e+02
      vertex   -1.408589e+02 3.705800e+02 2.226848e+02
      vertex   -1.407016e+02 3.706560e+02 2.226696e+02
    endloop
  endfacet
  facet normal 8.386552e-02 2.551183e-02 9.961505e-01
    outer loop
      vertex   -1.407016e+02 3.706560e+02 2.226696e+02
      vertex   -1.408589e+02 3.705800e+02 2.226848e+02
      vertex   -1.406833e+02 3.705960e+02 2.226696e+02
    endloop
  endfacet
  facet normal 8.412348e-02 2.273265e-02 9.961960e-01
    outer loop
      vertex   -1.408589e+02 3.705800e+02 2.226848e+02
      vertex   -1.408517e+02 3.705533e+02 2.226848e+02
      vertex   -1.406833e+02 3.705960e+02 2.226696e+02
    endloop
  endfacet
  facet normal 9.985587e-01 -5.366996e-02 -9.460249e-15
    outer loop
      vertex   -1.401504e+02 3.705957e+02 2.056848e+02
      vertex   -1.401504e+02 3.705957e+02 2.206848e+02
      vertex   -1.401576e+02 3.704621e+02 2.056848e+02
    endloop
  endfacet
  facet normal 9.945185e-01 -1.045597e-01 4.554584e-04
    outer loop
      vertex   -1.401576e+02 3.704621e+02 2.056848e+02
      vertex   -1.401504e+02 3.705957e+02 2.206848e+02
      vertex   -1.401639e+02 3.704179e+02 2.094348e+02
    endloop
  endfacet
  facet normal 9.824420e-01 -1.865674e-01 -5.315809e-04
    outer loop
      vertex   -1.401576e+02 3.704621e+02 2.056848e+02
      vertex   -1.401639e+02 3.704179e+02 2.094348e+02
      vertex   -1.401825e+02 3.703305e+02 2.056848e+02
    endloop
  endfacet
  facet normal 9.677503e-01 -2.519092e-01 1.062896e-03
    outer loop
      vertex   -1.401825e+02 3.703305e+02 2.056848e+02
      vertex   -1.401639e+02 3.704179e+02 2.094348e+02
      vertex   -1.402089e+02 3.702452e+02 2.094348e+02
    endloop
  endfacet
  facet normal 9.487186e-01 -3.161213e-01 -5.315809e-04
    outer loop
      vertex   -1.401825e+02 3.703305e+02 2.056848e+02
      vertex   -1.402089e+02 3.702452e+02 2.094348e+02
      vertex   -1.402249e+02 3.702035e+02 2.056848e+02
    endloop
  endfacet
  facet normal 8.979924e-01 -4.400097e-01 1.062101e-03
    outer loop
      vertex   -1.402249e+02 3.702035e+02 2.056848e+02
      vertex   -1.402089e+02 3.702452e+02 2.094348e+02
      vertex   -1.402838e+02 3.700833e+02 2.056848e+02
    endloop
  endfacet
  facet normal 9.075930e-01 -4.198510e-01 0.000000e+00
    outer loop
      vertex   -1.402838e+02 3.700833e+02 2.056848e+02
      vertex   -1.402089e+02 3.702452e+02 2.094348e+02
      vertex   -1.402089e+02 3.702452e+02 2.131848e+02
    endloop
  endfacet
  facet normal 9.075930e-01 -4.198510e-01 0.000000e+00
    outer loop
      vertex   -1.402838e+02 3.700833e+02 2.056848e+02
      vertex   -1.402089e+02 3.702452e+02 2.131848e+02
      vertex   -1.402089e+02 3.702452e+02 2.169348e+02
    endloop
  endfacet
  facet normal 9.677508e-01 -2.519094e-01 0.000000e+00
    outer loop
      vertex   -1.402089e+02 3.702452e+02 2.169348e+02
      vertex   -1.402089e+02 3.702452e+02 2.131848e+02
      vertex   -1.401639e+02 3.704179e+02 2.169348e+02
    endloop
  endfacet
  facet normal 9.677503e-01 -2.519092e-01 -1.062896e-03
    outer loop
      vertex   -1.402089e+02 3.702452e+02 2.169348e+02
      vertex   -1.401639e+02 3.704179e+02 2.169348e+02
      vertex   -1.401825e+02 3.703305e+02 2.206848e+02
    endloop
  endfacet
  facet normal 9.824420e-01 -1.865674e-01 5.315809e-04
    outer loop
      vertex   -1.401825e+02 3.703305e+02 2.206848e+02
      vertex   -1.401639e+02 3.704179e+02 2.169348e+02
      vertex   -1.401576e+02 3.704621e+02 2.206848e+02
    endloop
  endfacet
  facet normal 9.985582e-01 -5.366993e-02 -1.062101e-03
    outer loop
      vertex   -1.401576e+02 3.704621e+02 2.206848e+02
      vertex   -1.401639e+02 3.704179e+02 2.169348e+02
      vertex   -1.401504e+02 3.705957e+02 2.206848e+02
    endloop
  endfacet
  facet normal 9.971115e-01 -7.595110e-02 0.000000e+00
    outer loop
      vertex   -1.401504e+02 3.705957e+02 2.206848e+02
      vertex   -1.401639e+02 3.704179e+02 2.169348e+02
      vertex   -1.401639e+02 3.704179e+02 2.131848e+02
    endloop
  endfacet
  facet normal 9.971115e-01 -7.595110e-02 0.000000e+00
    outer loop
      vertex   -1.401504e+02 3.705957e+02 2.206848e+02
      vertex   -1.401639e+02 3.704179e+02 2.131848e+02
      vertex   -1.401639e+02 3.704179e+02 2.094348e+02
    endloop
  endfacet
  facet normal 9.677508e-01 -2.519094e-01 0.000000e+00
    outer loop
      vertex   -1.401639e+02 3.704179e+02 2.094348e+02
      vertex   -1.401639e+02 3.704179e+02 2.131848e+02
      vertex   -1.402089e+02 3.702452e+02 2.094348e+02
    endloop
  endfacet
  facet normal 9.487186e-01 -3.161213e-01 5.315809e-04
    outer loop
      vertex   -1.401825e+02 3.703305e+02 2.206848e+02
      vertex   -1.402249e+02 3.702035e+02 2.206848e+02
      vertex   -1.402089e+02 3.702452e+02 2.169348e+02
    endloop
  endfacet
  facet normal 9.192778e-01 -3.936090e-01 -4.554584e-04
    outer loop
      vertex   -1.402089e+02 3.702452e+02 2.169348e+02
      vertex   -1.402249e+02 3.702035e+02 2.206848e+02
      vertex   -1.402838e+02 3.700833e+02 2.056848e+02
    endloop
  endfacet
  facet normal 8.979929e-01 -4.400099e-01 -1.071856e-14
    outer loop
      vertex   -1.402249e+02 3.702035e+02 2.206848e+02
      vertex   -1.402838e+02 3.700833e+02 2.206848e+02
      vertex   -1.402838e+02 3.700833e+02 2.056848e+02
    endloop
  endfacet
  facet normal 9.677508e-01 -2.519094e-01 0.000000e+00
    outer loop
      vertex   -1.402089e+02 3.702452e+02 2.094348e+02
      vertex   -1.401639e+02 3.704179e+02 2.131848e+02
      vertex   -1.402089e+02 3.702452e+02 2.131848e+02
    endloop
  endfacet
  facet normal 9.677508e-01 -2.519094e-01 0.000000e+00
    outer loop
      vertex   -1.402089e+02 3.702452e+02 2.131848e+02
      vertex   -1.401639e+02 3.704179e+02 2.131848e+02
      vertex   -1.401639e+02 3.704179e+02 2.169348e+02
    endloop
  endfacet
  facet normal -1.000000e+00 -2.554650e-10 3.798177e-11
    outer loop
      vertex   -9.100568e+01 3.670959e+02 1.864240e+02
      vertex   -9.100568e+01 3.671017e+02 1.864632e+02
      vertex   -9.100568e+01 3.670940e+02 1.863848e+02
    endloop
  endfacet
  facet normal -8.687417e-01 -4.928552e-01 4.880170e-02
    outer loop
      vertex   -9.100568e+01 3.670940e+02 1.863848e+02
      vertex   -9.100568e+01 3.671017e+02 1.864632e+02
      vertex   -9.185337e+01 3.686019e+02 1.865237e+02
    endloop
  endfacet
  facet normal -8.649392e-01 -4.942510e-01 8.715574e-02
    outer loop
      vertex   -9.100568e+01 3.670940e+02 1.863848e+02
      vertex   -9.185337e+01 3.686019e+02 1.865237e+02
      vertex   -9.272217e+01 3.700978e+02 1.863848e+02
    endloop
  endfacet
  facet normal -8.649392e-01 -4.942510e-01 8.715574e-02
    outer loop
      vertex   -9.272217e+01 3.700978e+02 1.863848e+02
      vertex   -9.185337e+01 3.686019e+02 1.865237e+02
      vertex   -9.271162e+01 3.701038e+02 1.865237e+02
    endloop
  endfacet
  facet normal -8.386585e-01 -4.792334e-01 2.588190e-01
    outer loop
      vertex   -9.271162e+01 3.701038e+02 1.865237e+02
      vertex   -9.185337e+01 3.686019e+02 1.865237e+02
      vertex   -9.268028e+01 3.701217e+02 1.866584e+02
    endloop
  endfacet
  facet normal -8.386585e-01 -4.792334e-01 2.588190e-01
    outer loop
      vertex   -9.268028e+01 3.701217e+02 1.866584e+02
      vertex   -9.185337e+01 3.686019e+02 1.865237e+02
      vertex   -9.182204e+01 3.686198e+02 1.866584e+02
    endloop
  endfacet
  facet normal -7.868955e-01 -4.496546e-01 4.226183e-01
    outer loop
      vertex   -9.268028e+01 3.701217e+02 1.866584e+02
      vertex   -9.182204e+01 3.686198e+02 1.866584e+02
      vertex   -9.262911e+01 3.701510e+02 1.867848e+02
    endloop
  endfacet
  facet normal -7.868955e-01 -4.496546e-01 4.226183e-01
    outer loop
      vertex   -9.262911e+01 3.701510e+02 1.867848e+02
      vertex   -9.182204e+01 3.686198e+02 1.866584e+02
      vertex   -9.177087e+01 3.686491e+02 1.867848e+02
    endloop
  endfacet
  facet normal -7.112231e-01 -4.064132e-01 5.735764e-01
    outer loop
      vertex   -9.262911e+01 3.701510e+02 1.867848e+02
      vertex   -9.177087e+01 3.686491e+02 1.867848e+02
      vertex   -9.255967e+01 3.701907e+02 1.868990e+02
    endloop
  endfacet
  facet normal -7.112231e-01 -4.064132e-01 5.735764e-01
    outer loop
      vertex   -9.255967e+01 3.701907e+02 1.868990e+02
      vertex   -9.177087e+01 3.686491e+02 1.867848e+02
      vertex   -9.170142e+01 3.686887e+02 1.868990e+02
    endloop
  endfacet
  facet normal -6.139406e-01 -3.508232e-01 7.071068e-01
    outer loop
      vertex   -9.255967e+01 3.701907e+02 1.868990e+02
      vertex   -9.170142e+01 3.686887e+02 1.868990e+02
      vertex   -9.247406e+01 3.702396e+02 1.869976e+02
    endloop
  endfacet
  facet normal -6.139406e-01 -3.508232e-01 7.071068e-01
    outer loop
      vertex   -9.247406e+01 3.702396e+02 1.869976e+02
      vertex   -9.170142e+01 3.686887e+02 1.868990e+02
      vertex   -9.161581e+01 3.687377e+02 1.869976e+02
    endloop
  endfacet
  facet normal -4.980038e-01 -2.845736e-01 8.191520e-01
    outer loop
      vertex   -9.247406e+01 3.702396e+02 1.869976e+02
      vertex   -9.161581e+01 3.687377e+02 1.869976e+02
      vertex   -9.237488e+01 3.702963e+02 1.870776e+02
    endloop
  endfacet
  facet normal -4.980038e-01 -2.845736e-01 8.191520e-01
    outer loop
      vertex   -9.237488e+01 3.702963e+02 1.870776e+02
      vertex   -9.161581e+01 3.687377e+02 1.869976e+02
      vertex   -9.151663e+01 3.687943e+02 1.870776e+02
    endloop
  endfacet
  facet normal -3.669354e-01 -2.096774e-01 9.063078e-01
    outer loop
      vertex   -9.237488e+01 3.702963e+02 1.870776e+02
      vertex   -9.151663e+01 3.687943e+02 1.870776e+02
      vertex   -9.226514e+01 3.703590e+02 1.871365e+02
    endloop
  endfacet
  facet normal -3.669354e-01 -2.096774e-01 9.063078e-01
    outer loop
      vertex   -9.226514e+01 3.703590e+02 1.871365e+02
      vertex   -9.151663e+01 3.687943e+02 1.870776e+02
      vertex   -9.140690e+01 3.688570e+02 1.871365e+02
    endloop
  endfacet
  facet normal -2.247179e-01 -1.284102e-01 9.659258e-01
    outer loop
      vertex   -9.226514e+01 3.703590e+02 1.871365e+02
      vertex   -9.140690e+01 3.688570e+02 1.871365e+02
      vertex   -9.214819e+01 3.704258e+02 1.871726e+02
    endloop
  endfacet
  facet normal -2.247179e-01 -1.284102e-01 9.659258e-01
    outer loop
      vertex   -9.214819e+01 3.704258e+02 1.871726e+02
      vertex   -9.140690e+01 3.688570e+02 1.871365e+02
      vertex   -9.128995e+01 3.689239e+02 1.871726e+02
    endloop
  endfacet
  facet normal -7.567238e-02 -4.324136e-02 9.961947e-01
    outer loop
      vertex   -9.214819e+01 3.704258e+02 1.871726e+02
      vertex   -9.128995e+01 3.689239e+02 1.871726e+02
      vertex   -9.202758e+01 3.704947e+02 1.871848e+02
    endloop
  endfacet
  facet normal -7.567238e-02 -4.324136e-02 9.961947e-01
    outer loop
      vertex   -9.202758e+01 3.704947e+02 1.871848e+02
      vertex   -9.128995e+01 3.689239e+02 1.871726e+02
      vertex   -9.100568e+01 3.687064e+02 1.871848e+02
    endloop
  endfacet
  facet normal -7.978686e-02 -4.865158e-02 9.956240e-01
    outer loop
      vertex   -9.100568e+01 3.687064e+02 1.871848e+02
      vertex   -9.128995e+01 3.689239e+02 1.871726e+02
      vertex   -9.100568e+01 3.683918e+02 1.871694e+02
    endloop
  endfacet
  facet normal -2.258128e-01 -1.264928e-01 9.659235e-01
    outer loop
      vertex   -9.100568e+01 3.683918e+02 1.871694e+02
      vertex   -9.128995e+01 3.689239e+02 1.871726e+02
      vertex   -9.140690e+01 3.688570e+02 1.871365e+02
    endloop
  endfacet
  facet normal -2.188707e-01 -1.203374e-01 9.683050e-01
    outer loop
      vertex   -9.100568e+01 3.683918e+02 1.871694e+02
      vertex   -9.140690e+01 3.688570e+02 1.871365e+02
      vertex   -9.100568e+01 3.682383e+02 1.871503e+02
    endloop
  endfacet
  facet normal -2.903309e-01 -1.672598e-01 9.421954e-01
    outer loop
      vertex   -9.100568e+01 3.682383e+02 1.871503e+02
      vertex   -9.140690e+01 3.688570e+02 1.871365e+02
      vertex   -9.100568e+01 3.680893e+02 1.871239e+02
    endloop
  endfacet
  facet normal -3.682426e-01 -2.073869e-01 9.063046e-01
    outer loop
      vertex   -9.100568e+01 3.680893e+02 1.871239e+02
      vertex   -9.140690e+01 3.688570e+02 1.871365e+02
      vertex   -9.151663e+01 3.687943e+02 1.870776e+02
    endloop
  endfacet
  facet normal -3.741056e-01 -2.118622e-01 9.028618e-01
    outer loop
      vertex   -9.100568e+01 3.680893e+02 1.871239e+02
      vertex   -9.151663e+01 3.687943e+02 1.870776e+02
      vertex   -9.100568e+01 3.679463e+02 1.870903e+02
    endloop
  endfacet
  facet normal -4.450223e-01 -2.552571e-01 8.583699e-01
    outer loop
      vertex   -9.100568e+01 3.679463e+02 1.870903e+02
      vertex   -9.151663e+01 3.687943e+02 1.870776e+02
      vertex   -9.100568e+01 3.678106e+02 1.870499e+02
    endloop
  endfacet
  facet normal -4.992805e-01 -2.823356e-01 8.191493e-01
    outer loop
      vertex   -9.100568e+01 3.678106e+02 1.870499e+02
      vertex   -9.151663e+01 3.687943e+02 1.870776e+02
      vertex   -9.161581e+01 3.687377e+02 1.869976e+02
    endloop
  endfacet
  facet normal -5.177826e-01 -2.954304e-01 8.028836e-01
    outer loop
      vertex   -9.100568e+01 3.678106e+02 1.870499e+02
      vertex   -9.161581e+01 3.687377e+02 1.869976e+02
      vertex   -9.100568e+01 3.676835e+02 1.870032e+02
    endloop
  endfacet
  facet normal -5.826645e-01 -3.333078e-01 7.412207e-01
    outer loop
      vertex   -9.100568e+01 3.676835e+02 1.870032e+02
      vertex   -9.161581e+01 3.687377e+02 1.869976e+02
      vertex   -9.100568e+01 3.675662e+02 1.869504e+02
    endloop
  endfacet
  facet normal -6.150834e-01 -3.488196e-01 7.071049e-01
    outer loop
      vertex   -9.100568e+01 3.675662e+02 1.869504e+02
      vertex   -9.161581e+01 3.687377e+02 1.869976e+02
      vertex   -9.170142e+01 3.686887e+02 1.868990e+02
    endloop
  endfacet
  facet normal -6.430049e-01 -3.677441e-01 6.717953e-01
    outer loop
      vertex   -9.100568e+01 3.675662e+02 1.869504e+02
      vertex   -9.170142e+01 3.686887e+02 1.868990e+02
      vertex   -9.100568e+01 3.674600e+02 1.868923e+02
    endloop
  endfacet
  facet normal -6.977304e-01 -3.983126e-01 5.954153e-01
    outer loop
      vertex   -9.100568e+01 3.674600e+02 1.868923e+02
      vertex   -9.170142e+01 3.686887e+02 1.868990e+02
      vertex   -9.100568e+01 3.673657e+02 1.868292e+02
    endloop
  endfacet
  facet normal -7.121696e-01 -4.047539e-01 5.735754e-01
    outer loop
      vertex   -9.100568e+01 3.673657e+02 1.868292e+02
      vertex   -9.170142e+01 3.686887e+02 1.868990e+02
      vertex   -9.177087e+01 3.686491e+02 1.867848e+02
    endloop
  endfacet
  facet normal -7.442178e-01 -4.259075e-01 5.145315e-01
    outer loop
      vertex   -9.100568e+01 3.673657e+02 1.868292e+02
      vertex   -9.177087e+01 3.686491e+02 1.867848e+02
      vertex   -9.100568e+01 3.672843e+02 1.867619e+02
    endloop
  endfacet
  facet normal -7.874831e-01 -4.486250e-01 4.226180e-01
    outer loop
      vertex   -9.100568e+01 3.672843e+02 1.867619e+02
      vertex   -9.177087e+01 3.686491e+02 1.867848e+02
      vertex   -9.182204e+01 3.686198e+02 1.866584e+02
    endloop
  endfacet
  facet normal -7.860414e-01 -4.474398e-01 4.265403e-01
    outer loop
      vertex   -9.100568e+01 3.672843e+02 1.867619e+02
      vertex   -9.182204e+01 3.686198e+02 1.866584e+02
      vertex   -9.100568e+01 3.672167e+02 1.866909e+02
    endloop
  endfacet
  facet normal -8.171019e-01 -4.675822e-01 3.372112e-01
    outer loop
      vertex   -9.100568e+01 3.672167e+02 1.866909e+02
      vertex   -9.182204e+01 3.686198e+02 1.866584e+02
      vertex   -9.100568e+01 3.671634e+02 1.866170e+02
    endloop
  endfacet
  facet normal -8.394348e-01 -4.778724e-01 2.588187e-01
    outer loop
      vertex   -9.100568e+01 3.671634e+02 1.866170e+02
      vertex   -9.182204e+01 3.686198e+02 1.866584e+02
      vertex   -9.185337e+01 3.686019e+02 1.865237e+02
    endloop
  endfacet
  facet normal -8.425812e-01 -4.807703e-01 2.427278e-01
    outer loop
      vertex   -9.100568e+01 3.671634e+02 1.866170e+02
      vertex   -9.185337e+01 3.686019e+02 1.865237e+02
      vertex   -9.100568e+01 3.671249e+02 1.865408e+02
    endloop
  endfacet
  facet normal -8.553852e-01 -4.889520e-01 1.710030e-01
    outer loop
      vertex   -9.100568e+01 3.671249e+02 1.865408e+02
      vertex   -9.185337e+01 3.686019e+02 1.865237e+02
      vertex   -9.100568e+01 3.671114e+02 1.865021e+02
    endloop
  endfacet
  facet normal -8.619661e-01 -4.919912e-01 1.223071e-01
    outer loop
      vertex   -9.100568e+01 3.671114e+02 1.865021e+02
      vertex   -9.185337e+01 3.686019e+02 1.865237e+02
      vertex   -9.100568e+01 3.671017e+02 1.864632e+02
    endloop
  endfacet
  facet normal 0.000000e+00 0.000000e+00 1.000000e+00
    outer loop
      vertex   -9.100568e+01 3.723776e+02 1.871848e+02
      vertex   -9.202190e+01 3.705992e+02 1.871848e+02
      vertex   -9.100568e+01 3.687064e+02 1.871848e+02
    endloop
  endfacet
  facet normal 0.000000e+00 0.000000e+00 1.000000e+00
    outer loop
      vertex   -9.100568e+01 3.687064e+02 1.871848e+02
      vertex   -9.202190e+01 3.705992e+02 1.871848e+02
      vertex   -9.202758e+01 3.704947e+02 1.871848e+02
    endloop
  endfacet
  facet normal 0.000000e+00 -0.000000e+00 1.000000e+00
    outer loop
      vertex   -9.202758e+01 3.704947e+02 1.871848e+02
      vertex   -9.202190e+01 3.705992e+02 1.871848e+02
      vertex   -9.203206e+01 3.705788e+02 1.871848e+02
    endloop
  endfacet
  facet normal 0.000000e+00 0.000000e+00 1.000000e+00
    outer loop
      vertex   -9.202758e+01 3.704947e+02 1.871848e+02
      vertex   -9.203206e+01 3.705788e+02 1.871848e+02
      vertex   -9.203442e+01 3.705078e+02 1.871848e+02
    endloop
  endfacet
  facet normal 0.000000e+00 -0.000000e+00 1.000000e+00
    outer loop
      vertex   -9.203442e+01 3.705078e+02 1.871848e+02
      vertex   -9.203206e+01 3.705788e+02 1.871848e+02
      vertex   -9.203983e+01 3.705574e+02 1.871848e+02
    endloop
  endfacet
  facet normal 0.000000e+00 0.000000e+00 1.000000e+00
    outer loop
      vertex   -9.203442e+01 3.705078e+02 1.871848e+02
      vertex   -9.203983e+01 3.705574e+02 1.871848e+02
      vertex   -9.204027e+01 3.705213e+02 1.871848e+02
    endloop
  endfacet
  facet normal 0.000000e+00 -0.000000e+00 1.000000e+00
    outer loop
      vertex   -9.204027e+01 3.705213e+02 1.871848e+02
      vertex   -9.203983e+01 3.705574e+02 1.871848e+02
      vertex   -9.204512e+01 3.705352e+02 1.871848e+02
    endloop
  endfacet
  facet normal -9.845397e-01 -1.751614e-01 0.000000e+00
    outer loop
      vertex   -9.284816e+01 3.704867e+02 2.056848e+02
      vertex   -9.282414e+01 3.703517e+02 2.146848e+02
      vertex   -9.284816e+01 3.704867e+02 2.206848e+02
    endloop
  endfacet
  facet normal -9.845397e-01 -1.751614e-01 6.293805e-16
    outer loop
      vertex   -9.284816e+01 3.704867e+02 2.206848e+02
      vertex   -9.282414e+01 3.703517e+02 2.146848e+02
      vertex   -9.282414e+01 3.703517e+02 2.176848e+02
    endloop
  endfacet
  facet normal -9.845397e-01 -1.751614e-01 -1.345209e-15
    outer loop
      vertex   -9.284816e+01 3.704867e+02 2.206848e+02
      vertex   -9.282414e+01 3.703517e+02 2.176848e+02
      vertex   -9.282414e+01 3.703517e+02 2.206848e+02
    endloop
  endfacet
  facet normal -9.513216e-01 -3.081999e-01 1.333348e-15
    outer loop
      vertex   -9.282414e+01 3.703517e+02 2.206848e+02
      vertex   -9.282414e+01 3.703517e+02 2.176848e+02
      vertex   -9.278188e+01 3.702213e+02 2.206848e+02
    endloop
  endfacet
  facet normal -9.513216e-01 -3.081999e-01 -5.063208e-16
    outer loop
      vertex   -9.278188e+01 3.702213e+02 2.206848e+02
      vertex   -9.282414e+01 3.703517e+02 2.176848e+02
      vertex   -9.278188e+01 3.702213e+02 2.176848e+02
    endloop
  endfacet
  facet normal -9.002161e-01 -4.354435e-01 7.694975e-15
    outer loop
      vertex   -9.278188e+01 3.702213e+02 2.206848e+02
      vertex   -9.278188e+01 3.702213e+02 2.176848e+02
      vertex   -9.272217e+01 3.700978e+02 2.206848e+02
    endloop
  endfacet
  facet normal -9.002161e-01 -4.354435e-01 1.168097e-14
    outer loop
      vertex   -9.272217e+01 3.700978e+02 2.206848e+02
      vertex   -9.278188e+01 3.702213e+02 2.176848e+02
      vertex   -9.278188e+01 3.702213e+02 2.146848e+02
    endloop
  endfacet
  facet normal -9.002161e-01 -4.354435e-01 -4.819980e-15
    outer loop
      vertex   -9.272217e+01 3.700978e+02 2.206848e+02
      vertex   -9.278188e+01 3.702213e+02 2.146848e+02
      vertex   -9.278188e+01 3.702213e+02 2.116848e+02
    endloop
  endfacet
  facet normal -9.513216e-01 -3.081999e-01 -1.085240e-14
    outer loop
      vertex   -9.278188e+01 3.702213e+02 2.116848e+02
      vertex   -9.278188e+01 3.702213e+02 2.146848e+02
      vertex   -9.282414e+01 3.703517e+02 2.116848e+02
    endloop
  endfacet
  facet normal -9.513216e-01 -3.081999e-01 2.665116e-15
    outer loop
      vertex   -9.278188e+01 3.702213e+02 2.116848e+02
      vertex   -9.282414e+01 3.703517e+02 2.116848e+02
      vertex   -9.282414e+01 3.703517e+02 2.086848e+02
    endloop
  endfacet
  facet normal -9.845397e-01 -1.751614e-01 -2.689586e-15
    outer loop
      vertex   -9.282414e+01 3.703517e+02 2.086848e+02
      vertex   -9.282414e+01 3.703517e+02 2.116848e+02
      vertex   -9.284816e+01 3.704867e+02 2.056848e+02
    endloop
  endfacet
  facet normal -9.845397e-01 -1.751614e-01 -2.689586e-15
    outer loop
      vertex   -9.282414e+01 3.703517e+02 2.086848e+02
      vertex   -9.284816e+01 3.704867e+02 2.056848e+02
      vertex   -9.282414e+01 3.703517e+02 2.056848e+02
    endloop
  endfacet
  facet normal -9.513216e-01 -3.081999e-01 2.666696e-15
    outer loop
      vertex   -9.282414e+01 3.703517e+02 2.086848e+02
      vertex   -9.282414e+01 3.703517e+02 2.056848e+02
      vertex   -9.278188e+01 3.702213e+02 2.086848e+02
    endloop
  endfacet
  facet normal -9.513216e-01 -3.081999e-01 -1.535876e-14
    outer loop
      vertex   -9.278188e+01 3.702213e+02 2.086848e+02
      vertex   -9.282414e+01 3.703517e+02 2.056848e+02
      vertex   -9.278188e+01 3.702213e+02 2.056848e+02
    endloop
  endfacet
  facet normal -9.002161e-01 -4.354435e-01 -9.084283e-15
    outer loop
      vertex   -9.278188e+01 3.702213e+02 2.086848e+02
      vertex   -9.278188e+01 3.702213e+02 2.056848e+02
      vertex   -9.272217e+01 3.700978e+02 2.056848e+02
    endloop
  endfacet
  facet normal -9.002161e-01 -4.354435e-01 2.020995e-14
    outer loop
      vertex   -9.278188e+01 3.702213e+02 2.086848e+02
      vertex   -9.272217e+01 3.700978e+02 2.056848e+02
      vertex   -9.278188e+01 3.702213e+02 2.116848e+02
    endloop
  endfacet
  facet normal -9.002161e-01 -4.354435e-01 -3.329750e-14
    outer loop
      vertex   -9.278188e+01 3.702213e+02 2.116848e+02
      vertex   -9.272217e+01 3.700978e+02 2.056848e+02
      vertex   -9.272217e+01 3.700978e+02 2.206848e+02
    endloop
  endfacet
  facet normal -9.845397e-01 -1.751614e-01 -1.344793e-15
    outer loop
      vertex   -9.282414e+01 3.703517e+02 2.146848e+02
      vertex   -9.284816e+01 3.704867e+02 2.056848e+02
      vertex   -9.282414e+01 3.703517e+02 2.116848e+02
    endloop
  endfacet
  facet normal -9.513216e-01 -3.081999e-01 9.839756e-15
    outer loop
      vertex   -9.278188e+01 3.702213e+02 2.116848e+02
      vertex   -9.282414e+01 3.703517e+02 2.086848e+02
      vertex   -9.278188e+01 3.702213e+02 2.086848e+02
    endloop
  endfacet
  facet normal -9.513216e-01 -3.081999e-01 8.505598e-15
    outer loop
      vertex   -9.278188e+01 3.702213e+02 2.176848e+02
      vertex   -9.282414e+01 3.703517e+02 2.176848e+02
      vertex   -9.282414e+01 3.703517e+02 2.146848e+02
    endloop
  endfacet
  facet normal -9.513216e-01 -3.081999e-01 8.270271e-16
    outer loop
      vertex   -9.278188e+01 3.702213e+02 2.176848e+02
      vertex   -9.282414e+01 3.703517e+02 2.146848e+02
      vertex   -9.278188e+01 3.702213e+02 2.146848e+02
    endloop
  endfacet
  facet normal -9.513216e-01 -3.081999e-01 1.332558e-15
    outer loop
      vertex   -9.278188e+01 3.702213e+02 2.146848e+02
      vertex   -9.282414e+01 3.703517e+02 2.146848e+02
      vertex   -9.282414e+01 3.703517e+02 2.116848e+02
    endloop
  endfacet
  facet normal 6.077142e-03 -1.031095e-03 9.999810e-01
    outer loop
      vertex   -1.408517e+02 3.705533e+02 2.226848e+02
      vertex   -1.408588e+02 3.705114e+02 2.226848e+02
      vertex   -1.408394e+02 3.705541e+02 2.226847e+02
    endloop
  endfacet
  facet normal 8.821275e-02 -3.837314e-02 9.953623e-01
    outer loop
      vertex   -1.408394e+02 3.705541e+02 2.226847e+02
      vertex   -1.408588e+02 3.705114e+02 2.226848e+02
      vertex   -1.406796e+02 3.705293e+02 2.226696e+02
    endloop
  endfacet
  facet normal 6.885639e-02 -1.567890e-01 9.852289e-01
    outer loop
      vertex   -1.408394e+02 3.705541e+02 2.226847e+02
      vertex   -1.406796e+02 3.705293e+02 2.226696e+02
      vertex   -1.407420e+02 3.705600e+02 2.226788e+02
    endloop
  endfacet
  facet normal 1.552673e-01 1.776616e-02 9.877127e-01
    outer loop
      vertex   -1.407420e+02 3.705600e+02 2.226788e+02
      vertex   -1.406796e+02 3.705293e+02 2.226696e+02
      vertex   -1.406459e+02 3.705658e+02 2.226636e+02
    endloop
  endfacet
  facet normal 2.517170e-01 -7.496127e-02 9.648935e-01
    outer loop
      vertex   -1.406459e+02 3.705658e+02 2.226636e+02
      vertex   -1.406796e+02 3.705293e+02 2.226696e+02
      vertex   -1.405123e+02 3.705104e+02 2.226245e+02
    endloop
  endfacet
  facet normal 2.546926e-01 -6.762039e-02 9.646549e-01
    outer loop
      vertex   -1.406459e+02 3.705658e+02 2.226636e+02
      vertex   -1.405123e+02 3.705104e+02 2.226245e+02
      vertex   -1.405519e+02 3.705715e+02 2.226392e+02
    endloop
  endfacet
  facet normal 3.445660e-01 -3.154933e-03 9.387568e-01
    outer loop
      vertex   -1.405519e+02 3.705715e+02 2.226392e+02
      vertex   -1.405123e+02 3.705104e+02 2.226245e+02
      vertex   -1.404605e+02 3.705770e+02 2.226056e+02
    endloop
  endfacet
  facet normal 4.174022e-01 -6.906925e-02 9.060932e-01
    outer loop
      vertex   -1.404605e+02 3.705770e+02 2.226056e+02
      vertex   -1.405123e+02 3.705104e+02 2.226245e+02
      vertex   -1.403554e+02 3.704926e+02 2.225508e+02
    endloop
  endfacet
  facet normal 4.358551e-01 -4.150972e-02 8.990591e-01
    outer loop
      vertex   -1.404605e+02 3.705770e+02 2.226056e+02
      vertex   -1.403554e+02 3.704926e+02 2.225508e+02
      vertex   -1.403726e+02 3.705823e+02 2.225633e+02
    endloop
  endfacet
  facet normal 5.206558e-01 -1.884105e-02 8.535587e-01
    outer loop
      vertex   -1.403726e+02 3.705823e+02 2.225633e+02
      vertex   -1.403554e+02 3.704926e+02 2.225508e+02
      vertex   -1.402895e+02 3.705873e+02 2.225127e+02
    endloop
  endfacet
  facet normal 5.696817e-01 -6.675687e-02 8.191498e-01
    outer loop
      vertex   -1.402895e+02 3.705873e+02 2.225127e+02
      vertex   -1.403554e+02 3.704926e+02 2.225508e+02
      vertex   -1.402135e+02 3.704766e+02 2.224508e+02
    endloop
  endfacet
  facet normal 6.015485e-01 -3.313761e-02 7.981487e-01
    outer loop
      vertex   -1.402895e+02 3.705873e+02 2.225127e+02
      vertex   -1.402135e+02 3.704766e+02 2.224508e+02
      vertex   -1.402117e+02 3.705920e+02 2.224543e+02
    endloop
  endfacet
  facet normal 6.763637e-01 -3.240475e-02 7.358546e-01
    outer loop
      vertex   -1.402117e+02 3.705920e+02 2.224543e+02
      vertex   -1.402135e+02 3.704766e+02 2.224508e+02
      vertex   -1.401398e+02 3.705964e+02 2.223884e+02
    endloop
  endfacet
  facet normal 7.042319e-01 -6.456588e-02 7.070281e-01
    outer loop
      vertex   -1.401398e+02 3.705964e+02 2.223884e+02
      vertex   -1.402135e+02 3.704766e+02 2.224508e+02
      vertex   -1.400910e+02 3.704627e+02 2.223275e+02
    endloop
  endfacet
  facet normal 7.448274e-01 -3.130340e-02 6.665225e-01
    outer loop
      vertex   -1.401398e+02 3.705964e+02 2.223884e+02
      vertex   -1.400910e+02 3.704627e+02 2.223275e+02
      vertex   -1.400746e+02 3.706003e+02 2.223157e+02
    endloop
  endfacet
  facet normal 8.060003e-01 -4.512609e-02 5.901924e-01
    outer loop
      vertex   -1.400746e+02 3.706003e+02 2.223157e+02
      vertex   -1.400910e+02 3.704627e+02 2.223275e+02
      vertex   -1.400170e+02 3.706038e+02 2.222373e+02
    endloop
  endfacet
  facet normal 8.170111e-01 -6.170517e-02 5.733108e-01
    outer loop
      vertex   -1.400170e+02 3.706038e+02 2.222373e+02
      vertex   -1.400910e+02 3.704627e+02 2.223275e+02
      vertex   -1.399916e+02 3.704515e+02 2.221848e+02
    endloop
  endfacet
  facet normal 8.596966e-01 -3.268181e-02 5.097585e-01
    outer loop
      vertex   -1.400170e+02 3.706038e+02 2.222373e+02
      vertex   -1.399916e+02 3.704515e+02 2.221848e+02
      vertex   -1.399672e+02 3.706068e+02 2.221536e+02
    endloop
  endfacet
  facet normal 9.044423e-01 -5.718418e-02 4.227460e-01
    outer loop
      vertex   -1.399672e+02 3.706068e+02 2.221536e+02
      vertex   -1.399916e+02 3.704515e+02 2.221848e+02
      vertex   -1.399258e+02 3.706093e+02 2.220652e+02
    endloop
  endfacet
  facet normal 9.046634e-01 -5.768704e-02 4.222040e-01
    outer loop
      vertex   -1.399258e+02 3.706093e+02 2.220652e+02
      vertex   -1.399916e+02 3.704515e+02 2.221848e+02
      vertex   -1.399184e+02 3.704432e+02 2.220268e+02
    endloop
  endfacet
  facet normal 9.420358e-01 -3.553806e-02 3.336248e-01
    outer loop
      vertex   -1.399258e+02 3.706093e+02 2.220652e+02
      vertex   -1.399184e+02 3.704432e+02 2.220268e+02
      vertex   -1.398931e+02 3.706113e+02 2.219732e+02
    endloop
  endfacet
  facet normal 9.639567e-01 -6.277826e-02 2.585467e-01
    outer loop
      vertex   -1.398931e+02 3.706113e+02 2.219732e+02
      vertex   -1.399184e+02 3.704432e+02 2.220268e+02
      vertex   -1.398736e+02 3.704382e+02 2.218584e+02
    endloop
  endfacet
  facet normal 9.694378e-01 -4.998818e-02 2.401905e-01
    outer loop
      vertex   -1.398931e+02 3.706113e+02 2.219732e+02
      vertex   -1.398736e+02 3.704382e+02 2.218584e+02
      vertex   -1.398696e+02 3.706127e+02 2.218787e+02
    endloop
  endfacet
  facet normal 9.886065e-01 -3.940824e-02 1.452726e-01
    outer loop
      vertex   -1.398696e+02 3.706127e+02 2.218787e+02
      vertex   -1.398736e+02 3.704382e+02 2.218584e+02
      vertex   -1.398554e+02 3.706136e+02 2.217823e+02
    endloop
  endfacet
  facet normal 9.940647e-01 -6.523740e-02 8.706025e-02
    outer loop
      vertex   -1.398554e+02 3.706136e+02 2.217823e+02
      vertex   -1.398736e+02 3.704382e+02 2.218584e+02
      vertex   -1.398585e+02 3.704365e+02 2.216848e+02
    endloop
  endfacet
  facet normal 9.978439e-01 -4.411744e-02 4.859130e-02
    outer loop
      vertex   -1.398554e+02 3.706136e+02 2.217823e+02
      vertex   -1.398585e+02 3.704365e+02 2.216848e+02
      vertex   -1.398507e+02 3.706139e+02 2.216848e+02
    endloop
  endfacet
  facet normal 8.602875e-02 -1.573221e-02 9.961684e-01
    outer loop
      vertex   -1.406796e+02 3.705293e+02 2.226696e+02
      vertex   -1.408588e+02 3.705114e+02 2.226848e+02
      vertex   -1.406913e+02 3.704656e+02 2.226696e+02
    endloop
  endfacet
  facet normal 8.306028e-02 -2.659536e-02 9.961896e-01
    outer loop
      vertex   -1.406913e+02 3.704656e+02 2.226696e+02
      vertex   -1.408588e+02 3.705114e+02 2.226848e+02
      vertex   -1.408718e+02 3.704710e+02 2.226848e+02
    endloop
  endfacet
  facet normal 8.303824e-02 -2.729349e-02 9.961725e-01
    outer loop
      vertex   -1.406913e+02 3.704656e+02 2.226696e+02
      vertex   -1.408718e+02 3.704710e+02 2.226848e+02
      vertex   -1.407115e+02 3.704042e+02 2.226696e+02
    endloop
  endfacet
  facet normal 7.853644e-02 -3.810123e-02 9.961829e-01
    outer loop
      vertex   -1.407115e+02 3.704042e+02 2.226696e+02
      vertex   -1.408718e+02 3.704710e+02 2.226848e+02
      vertex   -1.408903e+02 3.704327e+02 2.226848e+02
    endloop
  endfacet
  facet normal 7.849915e-02 -3.833181e-02 9.961770e-01
    outer loop
      vertex   -1.407115e+02 3.704042e+02 2.226696e+02
      vertex   -1.408903e+02 3.704327e+02 2.226848e+02
      vertex   -1.407399e+02 3.703460e+02 2.226696e+02
    endloop
  endfacet
  facet normal 2.330799e-01 -1.138149e-01 9.657743e-01
    outer loop
      vertex   -1.407399e+02 3.703460e+02 2.226696e+02
      vertex   -1.405940e+02 3.702620e+02 2.226245e+02
      vertex   -1.407115e+02 3.704042e+02 2.226696e+02
    endloop
  endfacet
  facet normal 2.330799e-01 -1.138149e-01 9.657743e-01
    outer loop
      vertex   -1.407115e+02 3.704042e+02 2.226696e+02
      vertex   -1.405940e+02 3.702620e+02 2.226245e+02
      vertex   -1.405555e+02 3.703408e+02 2.226245e+02
    endloop
  endfacet
  facet normal 2.464147e-01 -8.099299e-02 9.657743e-01
    outer loop
      vertex   -1.407115e+02 3.704042e+02 2.226696e+02
      vertex   -1.405555e+02 3.703408e+02 2.226245e+02
      vertex   -1.406913e+02 3.704656e+02 2.226696e+02
    endloop
  endfacet
  facet normal 2.464147e-01 -8.099299e-02 9.657743e-01
    outer loop
      vertex   -1.406913e+02 3.704656e+02 2.226696e+02
      vertex   -1.405555e+02 3.703408e+02 2.226245e+02
      vertex   -1.405281e+02 3.704241e+02 2.226245e+02
    endloop
  endfacet
  facet normal 2.551527e-01 -4.666016e-02 9.657743e-01
    outer loop
      vertex   -1.406913e+02 3.704656e+02 2.226696e+02
      vertex   -1.405281e+02 3.704241e+02 2.226245e+02
      vertex   -1.406796e+02 3.705293e+02 2.226696e+02
    endloop
  endfacet
  facet normal 2.551527e-01 -4.666016e-02 9.657743e-01
    outer loop
      vertex   -1.406796e+02 3.705293e+02 2.226696e+02
      vertex   -1.405281e+02 3.704241e+02 2.226245e+02
      vertex   -1.405123e+02 3.705104e+02 2.226245e+02
    endloop
  endfacet
  facet normal 3.804900e-01 -1.857966e-01 9.059288e-01
    outer loop
      vertex   -1.405940e+02 3.702620e+02 2.226245e+02
      vertex   -1.404571e+02 3.701831e+02 2.225508e+02
      vertex   -1.405555e+02 3.703408e+02 2.226245e+02
    endloop
  endfacet
  facet normal 3.804900e-01 -1.857966e-01 9.059288e-01
    outer loop
      vertex   -1.405555e+02 3.703408e+02 2.226245e+02
      vertex   -1.404571e+02 3.701831e+02 2.225508e+02
      vertex   -1.404091e+02 3.702813e+02 2.225508e+02
    endloop
  endfacet
  facet normal 4.022584e-01 -1.322166e-01 9.059288e-01
    outer loop
      vertex   -1.405555e+02 3.703408e+02 2.226245e+02
      vertex   -1.404091e+02 3.702813e+02 2.225508e+02
      vertex   -1.405281e+02 3.704241e+02 2.226245e+02
    endloop
  endfacet
  facet normal 4.022584e-01 -1.322166e-01 9.059288e-01
    outer loop
      vertex   -1.405281e+02 3.704241e+02 2.226245e+02
      vertex   -1.404091e+02 3.702813e+02 2.225508e+02
      vertex   -1.403750e+02 3.703851e+02 2.225508e+02
    endloop
  endfacet
  facet normal 4.165227e-01 -7.617014e-02 9.059288e-01
    outer loop
      vertex   -1.405281e+02 3.704241e+02 2.226245e+02
      vertex   -1.403750e+02 3.703851e+02 2.225508e+02
      vertex   -1.405123e+02 3.705104e+02 2.226245e+02
    endloop
  endfacet
  facet normal 4.165227e-01 -7.617014e-02 9.059288e-01
    outer loop
      vertex   -1.405123e+02 3.705104e+02 2.226245e+02
      vertex   -1.403750e+02 3.703851e+02 2.225508e+02
      vertex   -1.403554e+02 3.704926e+02 2.225508e+02
    endloop
  endfacet
  facet normal 5.162184e-01 -2.520739e-01 8.185214e-01
    outer loop
      vertex   -1.404571e+02 3.701831e+02 2.225508e+02
      vertex   -1.403333e+02 3.701119e+02 2.224508e+02
      vertex   -1.404091e+02 3.702813e+02 2.225508e+02
    endloop
  endfacet
  facet normal 5.162184e-01 -2.520739e-01 8.185214e-01
    outer loop
      vertex   -1.404091e+02 3.702813e+02 2.225508e+02
      vertex   -1.403333e+02 3.701119e+02 2.224508e+02
      vertex   -1.402768e+02 3.702276e+02 2.224508e+02
    endloop
  endfacet
  facet normal 5.457520e-01 -1.793809e-01 8.185214e-01
    outer loop
      vertex   -1.404091e+02 3.702813e+02 2.225508e+02
      vertex   -1.402768e+02 3.702276e+02 2.224508e+02
      vertex   -1.403750e+02 3.703851e+02 2.225508e+02
    endloop
  endfacet
  facet normal 5.457520e-01 -1.793809e-01 8.185214e-01
    outer loop
      vertex   -1.403750e+02 3.703851e+02 2.225508e+02
      vertex   -1.402768e+02 3.702276e+02 2.224508e+02
      vertex   -1.402366e+02 3.703499e+02 2.224508e+02
    endloop
  endfacet
  facet normal 5.651046e-01 -1.033415e-01 8.185214e-01
    outer loop
      vertex   -1.403750e+02 3.703851e+02 2.225508e+02
      vertex   -1.402366e+02 3.703499e+02 2.224508e+02
      vertex   -1.403554e+02 3.704926e+02 2.225508e+02
    endloop
  endfacet
  facet normal 5.651046e-01 -1.033415e-01 8.185214e-01
    outer loop
      vertex   -1.403554e+02 3.704926e+02 2.225508e+02
      vertex   -1.402366e+02 3.703499e+02 2.224508e+02
      vertex   -1.402135e+02 3.704766e+02 2.224508e+02
    endloop
  endfacet
  facet normal 6.361412e-01 -3.106333e-01 7.062799e-01
    outer loop
      vertex   -1.403333e+02 3.701119e+02 2.224508e+02
      vertex   -1.402265e+02 3.700504e+02 2.223275e+02
      vertex   -1.402768e+02 3.702276e+02 2.224508e+02
    endloop
  endfacet
  facet normal 6.361412e-01 -3.106333e-01 7.062799e-01
    outer loop
      vertex   -1.402768e+02 3.702276e+02 2.224508e+02
      vertex   -1.402265e+02 3.700504e+02 2.223275e+02
      vertex   -1.401626e+02 3.701812e+02 2.223275e+02
    endloop
  endfacet
  facet normal 6.725357e-01 -2.210529e-01 7.062799e-01
    outer loop
      vertex   -1.402768e+02 3.702276e+02 2.224508e+02
      vertex   -1.401626e+02 3.701812e+02 2.223275e+02
      vertex   -1.402366e+02 3.703499e+02 2.224508e+02
    endloop
  endfacet
  facet normal 6.725357e-01 -2.210529e-01 7.062799e-01
    outer loop
      vertex   -1.402366e+02 3.703499e+02 2.224508e+02
      vertex   -1.401626e+02 3.701812e+02 2.223275e+02
      vertex   -1.401172e+02 3.703195e+02 2.223275e+02
    endloop
  endfacet
  facet normal 6.963842e-01 -1.273488e-01 7.062799e-01
    outer loop
      vertex   -1.402366e+02 3.703499e+02 2.224508e+02
      vertex   -1.401172e+02 3.703195e+02 2.223275e+02
      vertex   -1.402135e+02 3.704766e+02 2.224508e+02
    endloop
  endfacet
  facet normal 6.963842e-01 -1.273488e-01 7.062799e-01
    outer loop
      vertex   -1.402135e+02 3.704766e+02 2.224508e+02
      vertex   -1.401172e+02 3.703195e+02 2.223275e+02
      vertex   -1.400910e+02 3.704627e+02 2.223275e+02
    endloop
  endfacet
  facet normal 7.366472e-01 -3.597112e-01 5.726769e-01
    outer loop
      vertex   -1.402265e+02 3.700504e+02 2.223275e+02
      vertex   -1.401399e+02 3.700004e+02 2.221848e+02
      vertex   -1.401626e+02 3.701812e+02 2.223275e+02
    endloop
  endfacet
  facet normal 7.366472e-01 -3.597112e-01 5.726769e-01
    outer loop
      vertex   -1.401626e+02 3.701812e+02 2.223275e+02
      vertex   -1.401399e+02 3.700004e+02 2.221848e+02
      vertex   -1.400700e+02 3.701436e+02 2.221848e+02
    endloop
  endfacet
  facet normal 7.787917e-01 -2.559778e-01 5.726769e-01
    outer loop
      vertex   -1.401626e+02 3.701812e+02 2.223275e+02
      vertex   -1.400700e+02 3.701436e+02 2.221848e+02
      vertex   -1.401172e+02 3.703195e+02 2.223275e+02
    endloop
  endfacet
  facet normal 7.787917e-01 -2.559778e-01 5.726769e-01
    outer loop
      vertex   -1.401172e+02 3.703195e+02 2.223275e+02
      vertex   -1.400700e+02 3.701436e+02 2.221848e+02
      vertex   -1.400203e+02 3.702949e+02 2.221848e+02
    endloop
  endfacet
  facet normal 8.064081e-01 -1.474691e-01 5.726769e-01
    outer loop
      vertex   -1.401172e+02 3.703195e+02 2.223275e+02
      vertex   -1.400203e+02 3.702949e+02 2.221848e+02
      vertex   -1.400910e+02 3.704627e+02 2.223275e+02
    endloop
  endfacet
  facet normal 8.064081e-01 -1.474691e-01 5.726769e-01
    outer loop
      vertex   -1.400910e+02 3.704627e+02 2.223275e+02
      vertex   -1.400203e+02 3.702949e+02 2.221848e+02
      vertex   -1.399916e+02 3.704515e+02 2.221848e+02
    endloop
  endfacet
  facet normal 8.147385e-01 -3.978439e-01 4.218073e-01
    outer loop
      vertex   -1.401399e+02 3.700004e+02 2.221848e+02
      vertex   -1.400761e+02 3.699637e+02 2.220268e+02
      vertex   -1.400700e+02 3.701436e+02 2.221848e+02
    endloop
  endfacet
  facet normal 8.147385e-01 -3.978439e-01 4.218073e-01
    outer loop
      vertex   -1.400700e+02 3.701436e+02 2.221848e+02
      vertex   -1.400761e+02 3.699637e+02 2.220268e+02
      vertex   -1.400018e+02 3.701158e+02 2.220268e+02
    endloop
  endfacet
  facet normal 8.613508e-01 -2.831137e-01 4.218073e-01
    outer loop
      vertex   -1.400700e+02 3.701436e+02 2.221848e+02
      vertex   -1.400018e+02 3.701158e+02 2.220268e+02
      vertex   -1.400203e+02 3.702949e+02 2.221848e+02
    endloop
  endfacet
  facet normal 8.613508e-01 -2.831137e-01 4.218073e-01
    outer loop
      vertex   -1.400203e+02 3.702949e+02 2.221848e+02
      vertex   -1.400018e+02 3.701158e+02 2.220268e+02
      vertex   -1.399489e+02 3.702767e+02 2.220268e+02
    endloop
  endfacet
  facet normal 8.918948e-01 -1.631022e-01 4.218073e-01
    outer loop
      vertex   -1.400203e+02 3.702949e+02 2.221848e+02
      vertex   -1.399489e+02 3.702767e+02 2.220268e+02
      vertex   -1.399916e+02 3.704515e+02 2.221848e+02
    endloop
  endfacet
  facet normal 8.918948e-01 -1.631022e-01 4.218073e-01
    outer loop
      vertex   -1.399916e+02 3.704515e+02 2.221848e+02
      vertex   -1.399489e+02 3.702767e+02 2.220268e+02
      vertex   -1.399184e+02 3.704432e+02 2.220268e+02
    endloop
  endfacet
  facet normal 8.681069e-01 -4.239041e-01 2.582552e-01
    outer loop
      vertex   -1.400761e+02 3.699637e+02 2.220268e+02
      vertex   -1.400370e+02 3.699412e+02 2.218584e+02
      vertex   -1.400018e+02 3.701158e+02 2.220268e+02
    endloop
  endfacet
  facet normal 8.681069e-01 -4.239041e-01 2.582552e-01
    outer loop
      vertex   -1.400018e+02 3.701158e+02 2.220268e+02
      vertex   -1.400370e+02 3.699412e+02 2.218584e+02
      vertex   -1.399600e+02 3.700988e+02 2.218584e+02
    endloop
  endfacet
  facet normal 9.177725e-01 -3.016587e-01 2.582552e-01
    outer loop
      vertex   -1.400018e+02 3.701158e+02 2.220268e+02
      vertex   -1.399600e+02 3.700988e+02 2.218584e+02
      vertex   -1.399489e+02 3.702767e+02 2.220268e+02
    endloop
  endfacet
  facet normal 9.177725e-01 -3.016587e-01 2.582552e-01
    outer loop
      vertex   -1.399489e+02 3.702767e+02 2.220268e+02
      vertex   -1.399600e+02 3.700988e+02 2.218584e+02
      vertex   -1.399052e+02 3.702656e+02 2.218584e+02
    endloop
  endfacet
  facet normal 9.503172e-01 -1.737860e-01 2.582552e-01
    outer loop
      vertex   -1.399489e+02 3.702767e+02 2.220268e+02
      vertex   -1.399052e+02 3.702656e+02 2.218584e+02
      vertex   -1.399184e+02 3.704432e+02 2.220268e+02
    endloop
  endfacet
  facet normal 9.503172e-01 -1.737860e-01 2.582552e-01
    outer loop
      vertex   -1.399184e+02 3.704432e+02 2.220268e+02
      vertex   -1.399052e+02 3.702656e+02 2.218584e+02
      vertex   -1.398736e+02 3.704382e+02 2.218584e+02
    endloop
  endfacet
  facet normal 8.951864e-01 -4.371273e-01 8.695381e-02
    outer loop
      vertex   -1.400370e+02 3.699412e+02 2.218584e+02
      vertex   -1.400238e+02 3.699336e+02 2.216848e+02
      vertex   -1.399600e+02 3.700988e+02 2.218584e+02
    endloop
  endfacet
  facet normal 8.951864e-01 -4.371273e-01 8.695381e-02
    outer loop
      vertex   -1.399600e+02 3.700988e+02 2.218584e+02
      vertex   -1.400238e+02 3.699336e+02 2.216848e+02
      vertex   -1.399459e+02 3.700931e+02 2.216848e+02
    endloop
  endfacet
  facet normal 9.464013e-01 -3.110686e-01 8.695381e-02
    outer loop
      vertex   -1.399600e+02 3.700988e+02 2.218584e+02
      vertex   -1.399459e+02 3.700931e+02 2.216848e+02
      vertex   -1.399052e+02 3.702656e+02 2.218584e+02
    endloop
  endfacet
  facet normal 9.464013e-01 -3.110686e-01 8.695381e-02
    outer loop
      vertex   -1.399052e+02 3.702656e+02 2.218584e+02
      vertex   -1.399459e+02 3.700931e+02 2.216848e+02
      vertex   -1.398905e+02 3.702618e+02 2.216848e+02
    endloop
  endfacet
  facet normal 9.799612e-01 -1.792070e-01 8.695381e-02
    outer loop
      vertex   -1.399052e+02 3.702656e+02 2.218584e+02
      vertex   -1.398905e+02 3.702618e+02 2.216848e+02
      vertex   -1.398736e+02 3.704382e+02 2.218584e+02
    endloop
  endfacet
  facet normal 9.799612e-01 -1.792070e-01 8.695381e-02
    outer loop
      vertex   -1.398736e+02 3.704382e+02 2.218584e+02
      vertex   -1.398905e+02 3.702618e+02 2.216848e+02
      vertex   -1.398585e+02 3.704365e+02 2.216848e+02
    endloop
  endfacet
  facet normal 8.985900e-01 -4.387893e-01 0.000000e+00
    outer loop
      vertex   -1.400238e+02 3.699336e+02 2.216848e+02
      vertex   -1.400238e+02 3.699336e+02 2.213989e+02
      vertex   -1.399459e+02 3.700931e+02 2.216848e+02
    endloop
  endfacet
  facet normal 8.985900e-01 -4.387893e-01 -2.659413e-13
    outer loop
      vertex   -1.399459e+02 3.700931e+02 2.216848e+02
      vertex   -1.400238e+02 3.699336e+02 2.213989e+02
      vertex   -1.399459e+02 3.700931e+02 2.213989e+02
    endloop
  endfacet
  facet normal 9.499995e-01 -3.122513e-01 -2.510018e-13
    outer loop
      vertex   -1.399459e+02 3.700931e+02 2.216848e+02
      vertex   -1.399459e+02 3.700931e+02 2.213989e+02
      vertex   -1.398905e+02 3.702618e+02 2.216848e+02
    endloop
  endfacet
  facet normal 9.499995e-01 -3.122513e-01 0.000000e+00
    outer loop
      vertex   -1.398905e+02 3.702618e+02 2.216848e+02
      vertex   -1.399459e+02 3.700931e+02 2.213989e+02
      vertex   -1.398905e+02 3.702618e+02 2.213989e+02
    endloop
  endfacet
  facet normal 9.836870e-01 -1.798884e-01 0.000000e+00
    outer loop
      vertex   -1.398905e+02 3.702618e+02 2.216848e+02
      vertex   -1.398905e+02 3.702618e+02 2.213989e+02
      vertex   -1.398585e+02 3.704365e+02 2.216848e+02
    endloop
  endfacet
  facet normal 9.836870e-01 -1.798884e-01 2.576417e-13
    outer loop
      vertex   -1.398585e+02 3.704365e+02 2.216848e+02
      vertex   -1.398905e+02 3.702618e+02 2.213989e+02
      vertex   -1.398585e+02 3.704365e+02 2.213989e+02
    endloop
  endfacet
  facet normal 9.990240e-01 -4.416961e-02 2.892044e-13
    outer loop
      vertex   -1.398585e+02 3.704365e+02 2.216848e+02
      vertex   -1.398585e+02 3.704365e+02 2.213989e+02
      vertex   -1.398507e+02 3.706139e+02 2.216848e+02
    endloop
  endfacet
  facet normal 9.990240e-01 -4.416961e-02 0.000000e+00
    outer loop
      vertex   -1.398507e+02 3.706139e+02 2.216848e+02
      vertex   -1.398585e+02 3.704365e+02 2.213989e+02
      vertex   -1.398507e+02 3.706139e+02 2.213989e+02
    endloop
  endfacet
  facet normal 9.958938e-01 -4.403122e-02 -7.909956e-02
    outer loop
      vertex   -1.398507e+02 3.706139e+02 2.213989e+02
      vertex   -1.398585e+02 3.704365e+02 2.213989e+02
      vertex   -1.398633e+02 3.706131e+02 2.212405e+02
    endloop
  endfacet
  facet normal 9.958732e-01 -4.418696e-02 -7.927256e-02
    outer loop
      vertex   -1.398633e+02 3.706131e+02 2.212405e+02
      vertex   -1.398585e+02 3.704365e+02 2.213989e+02
      vertex   -1.398711e+02 3.704379e+02 2.212405e+02
    endloop
  endfacet
  facet normal 9.709612e-01 -4.310432e-02 -2.353219e-01
    outer loop
      vertex   -1.398633e+02 3.706131e+02 2.212405e+02
      vertex   -1.398711e+02 3.704379e+02 2.212405e+02
      vertex   -1.399008e+02 3.706108e+02 2.210860e+02
    endloop
  endfacet
  facet normal 9.708105e-01 -4.360291e-02 -2.358511e-01
    outer loop
      vertex   -1.399008e+02 3.706108e+02 2.210860e+02
      vertex   -1.398711e+02 3.704379e+02 2.212405e+02
      vertex   -1.399084e+02 3.704421e+02 2.210861e+02
    endloop
  endfacet
  facet normal 9.216713e-01 -4.143760e-02 -3.857525e-01
    outer loop
      vertex   -1.399008e+02 3.706108e+02 2.210860e+02
      vertex   -1.399084e+02 3.704421e+02 2.210861e+02
      vertex   -1.399623e+02 3.706071e+02 2.209395e+02
    endloop
  endfacet
  facet normal 9.212916e-01 -4.228491e-02 -3.865668e-01
    outer loop
      vertex   -1.399623e+02 3.706071e+02 2.209395e+02
      vertex   -1.399084e+02 3.704421e+02 2.210861e+02
      vertex   -1.399695e+02 3.704490e+02 2.209396e+02
    endloop
  endfacet
  facet normal 8.491826e-01 -3.902799e-02 -5.266552e-01
    outer loop
      vertex   -1.399623e+02 3.706071e+02 2.209395e+02
      vertex   -1.399695e+02 3.704490e+02 2.209396e+02
      vertex   -1.400462e+02 3.706020e+02 2.208046e+02
    endloop
  endfacet
  facet normal 8.485108e-01 -4.023845e-02 -5.276461e-01
    outer loop
      vertex   -1.400462e+02 3.706020e+02 2.208046e+02
      vertex   -1.399695e+02 3.704490e+02 2.209396e+02
      vertex   -1.400530e+02 3.704584e+02 2.208047e+02
    endloop
  endfacet
  facet normal 7.552186e-01 -3.586056e-02 -6.544913e-01
    outer loop
      vertex   -1.400462e+02 3.706020e+02 2.208046e+02
      vertex   -1.400530e+02 3.704584e+02 2.208047e+02
      vertex   -1.401504e+02 3.705957e+02 2.206848e+02
    endloop
  endfacet
  facet normal 7.524094e-01 -4.044007e-02 -6.574532e-01
    outer loop
      vertex   -1.401504e+02 3.705957e+02 2.206848e+02
      vertex   -1.400530e+02 3.704584e+02 2.208047e+02
      vertex   -1.401576e+02 3.704621e+02 2.206848e+02
    endloop
  endfacet
  facet normal 7.445749e-01 -1.361616e-01 -6.535045e-01
    outer loop
      vertex   -1.401576e+02 3.704621e+02 2.206848e+02
      vertex   -1.400530e+02 3.704584e+02 2.208047e+02
      vertex   -1.400801e+02 3.703101e+02 2.208047e+02
    endloop
  endfacet
  facet normal 7.408179e-01 -1.406826e-01 -6.568083e-01
    outer loop
      vertex   -1.401576e+02 3.704621e+02 2.206848e+02
      vertex   -1.400801e+02 3.703101e+02 2.208047e+02
      vertex   -1.401825e+02 3.703305e+02 2.206848e+02
    endloop
  endfacet
  facet normal 7.185803e-01 -2.361871e-01 -6.541085e-01
    outer loop
      vertex   -1.401825e+02 3.703305e+02 2.206848e+02
      vertex   -1.400801e+02 3.703101e+02 2.208047e+02
      vertex   -1.401272e+02 3.701668e+02 2.208047e+02
    endloop
  endfacet
  facet normal 7.159462e-01 -2.385595e-01 -6.561329e-01
    outer loop
      vertex   -1.401825e+02 3.703305e+02 2.206848e+02
      vertex   -1.401272e+02 3.701668e+02 2.208047e+02
      vertex   -1.402249e+02 3.702035e+02 2.206848e+02
    endloop
  endfacet
  facet normal 6.792047e-01 -3.316616e-01 -6.547378e-01
    outer loop
      vertex   -1.402249e+02 3.702035e+02 2.206848e+02
      vertex   -1.401272e+02 3.701668e+02 2.208047e+02
      vertex   -1.401934e+02 3.700313e+02 2.208047e+02
    endloop
  endfacet
  facet normal 6.782171e-01 -3.323214e-01 -6.554266e-01
    outer loop
      vertex   -1.402249e+02 3.702035e+02 2.206848e+02
      vertex   -1.401934e+02 3.700313e+02 2.208047e+02
      vertex   -1.402838e+02 3.700833e+02 2.206848e+02
    endloop
  endfacet
  facet normal 9.805914e-01 -1.793223e-01 -7.927171e-02
    outer loop
      vertex   -1.398711e+02 3.704379e+02 2.212405e+02
      vertex   -1.398585e+02 3.704365e+02 2.213989e+02
      vertex   -1.399027e+02 3.702649e+02 2.212405e+02
    endloop
  endfacet
  facet normal 9.805914e-01 -1.793223e-01 -7.927171e-02
    outer loop
      vertex   -1.399027e+02 3.702649e+02 2.212405e+02
      vertex   -1.398585e+02 3.704365e+02 2.213989e+02
      vertex   -1.398905e+02 3.702618e+02 2.213989e+02
    endloop
  endfacet
  facet normal 9.470099e-01 -3.112687e-01 -7.927171e-02
    outer loop
      vertex   -1.399027e+02 3.702649e+02 2.212405e+02
      vertex   -1.398905e+02 3.702618e+02 2.213989e+02
      vertex   -1.399576e+02 3.700979e+02 2.212405e+02
    endloop
  endfacet
  facet normal 9.470099e-01 -3.112687e-01 -7.927171e-02
    outer loop
      vertex   -1.399576e+02 3.700979e+02 2.212405e+02
      vertex   -1.398905e+02 3.702618e+02 2.213989e+02
      vertex   -1.399459e+02 3.700931e+02 2.213989e+02
    endloop
  endfacet
  facet normal 8.957622e-01 -4.374084e-01 -7.927171e-02
    outer loop
      vertex   -1.399576e+02 3.700979e+02 2.212405e+02
      vertex   -1.399459e+02 3.700931e+02 2.213989e+02
      vertex   -1.400348e+02 3.699399e+02 2.212405e+02
    endloop
  endfacet
  facet normal 8.957622e-01 -4.374084e-01 -7.927171e-02
    outer loop
      vertex   -1.400348e+02 3.699399e+02 2.212405e+02
      vertex   -1.399459e+02 3.700931e+02 2.213989e+02
      vertex   -1.400238e+02 3.699336e+02 2.213989e+02
    endloop
  endfacet
  facet normal 8.732424e-01 -4.264118e-01 -2.358405e-01
    outer loop
      vertex   -1.400348e+02 3.699399e+02 2.212405e+02
      vertex   -1.400673e+02 3.699586e+02 2.210861e+02
      vertex   -1.399576e+02 3.700979e+02 2.212405e+02
    endloop
  endfacet
  facet normal 8.732424e-01 -4.264118e-01 -2.358405e-01
    outer loop
      vertex   -1.399576e+02 3.700979e+02 2.212405e+02
      vertex   -1.400673e+02 3.699586e+02 2.210861e+02
      vertex   -1.399924e+02 3.701120e+02 2.210861e+02
    endloop
  endfacet
  facet normal 9.232017e-01 -3.034433e-01 -2.358405e-01
    outer loop
      vertex   -1.399576e+02 3.700979e+02 2.212405e+02
      vertex   -1.399924e+02 3.701120e+02 2.210861e+02
      vertex   -1.399027e+02 3.702649e+02 2.212405e+02
    endloop
  endfacet
  facet normal 9.232017e-01 -3.034433e-01 -2.358405e-01
    outer loop
      vertex   -1.399027e+02 3.702649e+02 2.212405e+02
      vertex   -1.399924e+02 3.701120e+02 2.210861e+02
      vertex   -1.399391e+02 3.702742e+02 2.210861e+02
    endloop
  endfacet
  facet normal 9.559390e-01 -1.748140e-01 -2.358405e-01
    outer loop
      vertex   -1.399027e+02 3.702649e+02 2.212405e+02
      vertex   -1.399391e+02 3.702742e+02 2.210861e+02
      vertex   -1.398711e+02 3.704379e+02 2.212405e+02
    endloop
  endfacet
  facet normal 9.559390e-01 -1.748140e-01 -2.358405e-01
    outer loop
      vertex   -1.398711e+02 3.704379e+02 2.212405e+02
      vertex   -1.399391e+02 3.702742e+02 2.210861e+02
      vertex   -1.399084e+02 3.704421e+02 2.210861e+02
    endloop
  endfacet
  facet normal 8.287490e-01 -4.046853e-01 -3.865294e-01
    outer loop
      vertex   -1.400673e+02 3.699586e+02 2.210861e+02
      vertex   -1.401206e+02 3.699893e+02 2.209396e+02
      vertex   -1.399924e+02 3.701120e+02 2.210861e+02
    endloop
  endfacet
  facet normal 8.287490e-01 -4.046853e-01 -3.865294e-01
    outer loop
      vertex   -1.399924e+02 3.701120e+02 2.210861e+02
      vertex   -1.401206e+02 3.699893e+02 2.209396e+02
      vertex   -1.400494e+02 3.701352e+02 2.209396e+02
    endloop
  endfacet
  facet normal 8.761628e-01 -2.879822e-01 -3.865294e-01
    outer loop
      vertex   -1.399924e+02 3.701120e+02 2.210861e+02
      vertex   -1.400494e+02 3.701352e+02 2.209396e+02
      vertex   -1.399391e+02 3.702742e+02 2.210861e+02
    endloop
  endfacet
  facet normal 8.761628e-01 -2.879822e-01 -3.865294e-01
    outer loop
      vertex   -1.399391e+02 3.702742e+02 2.210861e+02
      vertex   -1.400494e+02 3.701352e+02 2.209396e+02
      vertex   -1.399987e+02 3.702894e+02 2.209396e+02
    endloop
  endfacet
  facet normal 9.072320e-01 -1.659069e-01 -3.865294e-01
    outer loop
      vertex   -1.399391e+02 3.702742e+02 2.210861e+02
      vertex   -1.399987e+02 3.702894e+02 2.209396e+02
      vertex   -1.399084e+02 3.704421e+02 2.210861e+02
    endloop
  endfacet
  facet normal 9.072320e-01 -1.659069e-01 -3.865294e-01
    outer loop
      vertex   -1.399084e+02 3.704421e+02 2.210861e+02
      vertex   -1.399987e+02 3.702894e+02 2.209396e+02
      vertex   -1.399695e+02 3.704490e+02 2.209396e+02
    endloop
  endfacet
  facet normal 7.633656e-01 -3.727581e-01 -5.275645e-01
    outer loop
      vertex   -1.401206e+02 3.699893e+02 2.209396e+02
      vertex   -1.401934e+02 3.700313e+02 2.208047e+02
      vertex   -1.400494e+02 3.701352e+02 2.209396e+02
    endloop
  endfacet
  facet normal 7.633656e-01 -3.727581e-01 -5.275645e-01
    outer loop
      vertex   -1.400494e+02 3.701352e+02 2.209396e+02
      vertex   -1.401934e+02 3.700313e+02 2.208047e+02
      vertex   -1.401272e+02 3.701668e+02 2.208047e+02
    endloop
  endfacet
  facet normal 8.070388e-01 -2.652622e-01 -5.275645e-01
    outer loop
      vertex   -1.400494e+02 3.701352e+02 2.209396e+02
      vertex   -1.401272e+02 3.701668e+02 2.208047e+02
      vertex   -1.399987e+02 3.702894e+02 2.209396e+02
    endloop
  endfacet
  facet normal 8.070388e-01 -2.652622e-01 -5.275645e-01
    outer loop
      vertex   -1.399987e+02 3.702894e+02 2.209396e+02
      vertex   -1.401272e+02 3.701668e+02 2.208047e+02
      vertex   -1.400801e+02 3.703101e+02 2.208047e+02
    endloop
  endfacet
  facet normal 8.356568e-01 -1.528178e-01 -5.275645e-01
    outer loop
      vertex   -1.399987e+02 3.702894e+02 2.209396e+02
      vertex   -1.400801e+02 3.703101e+02 2.208047e+02
      vertex   -1.399695e+02 3.704490e+02 2.209396e+02
    endloop
  endfacet
  facet normal 8.356568e-01 -1.528178e-01 -5.275645e-01
    outer loop
      vertex   -1.399695e+02 3.704490e+02 2.209396e+02
      vertex   -1.400801e+02 3.703101e+02 2.208047e+02
      vertex   -1.400530e+02 3.704584e+02 2.208047e+02
    endloop
  endfacet
  facet normal -7.452082e-01 -1.281297e-01 -6.544062e-01
    outer loop
      vertex   -9.295234e+01 3.704804e+02 2.208046e+02
      vertex   -9.284816e+01 3.704867e+02 2.206848e+02
      vertex   -9.292724e+01 3.703342e+02 2.208047e+02
    endloop
  endfacet
  facet normal -7.420233e-01 -1.320148e-01 -6.572470e-01
    outer loop
      vertex   -9.292724e+01 3.703342e+02 2.208047e+02
      vertex   -9.284816e+01 3.704867e+02 2.206848e+02
      vertex   -9.282414e+01 3.703517e+02 2.206848e+02
    endloop
  endfacet
  facet normal -7.212604e-01 -2.293428e-01 -6.535942e-01
    outer loop
      vertex   -9.292724e+01 3.703342e+02 2.208047e+02
      vertex   -9.282414e+01 3.703517e+02 2.206848e+02
      vertex   -9.288014e+01 3.701861e+02 2.208047e+02
    endloop
  endfacet
  facet normal -7.177362e-01 -2.325252e-01 -6.563435e-01
    outer loop
      vertex   -9.288014e+01 3.701861e+02 2.208047e+02
      vertex   -9.282414e+01 3.703517e+02 2.206848e+02
      vertex   -9.278188e+01 3.702213e+02 2.206848e+02
    endloop
  endfacet
  facet normal -6.812584e-01 -3.280097e-01 -6.544438e-01
    outer loop
      vertex   -9.288014e+01 3.701861e+02 2.208047e+02
      vertex   -9.278188e+01 3.702213e+02 2.206848e+02
      vertex   -9.281272e+01 3.700461e+02 2.208047e+02
    endloop
  endfacet
  facet normal -6.799285e-01 -3.288882e-01 -6.553853e-01
    outer loop
      vertex   -9.281272e+01 3.700461e+02 2.208047e+02
      vertex   -9.278188e+01 3.702213e+02 2.206848e+02
      vertex   -9.272217e+01 3.700978e+02 2.206848e+02
    endloop
  endfacet
  facet normal -7.654468e-01 -3.685444e-01 -5.275094e-01
    outer loop
      vertex   -9.281272e+01 3.700461e+02 2.208047e+02
      vertex   -9.288563e+01 3.700044e+02 2.209396e+02
      vertex   -9.288014e+01 3.701861e+02 2.208047e+02
    endloop
  endfacet
  facet normal -7.654468e-01 -3.685444e-01 -5.275094e-01
    outer loop
      vertex   -9.288014e+01 3.701861e+02 2.208047e+02
      vertex   -9.288563e+01 3.700044e+02 2.209396e+02
      vertex   -9.295818e+01 3.701551e+02 2.209396e+02
    endloop
  endfacet
  facet normal -8.096057e-01 -2.574344e-01 -5.275094e-01
    outer loop
      vertex   -9.288014e+01 3.701861e+02 2.208047e+02
      vertex   -9.295818e+01 3.701551e+02 2.209396e+02
      vertex   -9.292724e+01 3.703342e+02 2.208047e+02
    endloop
  endfacet
  facet normal -8.096057e-01 -2.574344e-01 -5.275094e-01
    outer loop
      vertex   -9.292724e+01 3.703342e+02 2.208047e+02
      vertex   -9.295818e+01 3.701551e+02 2.209396e+02
      vertex   -9.300886e+01 3.703145e+02 2.209396e+02
    endloop
  endfacet
  facet normal -8.372205e-01 -1.438991e-01 -5.275935e-01
    outer loop
      vertex   -9.292724e+01 3.703342e+02 2.208047e+02
      vertex   -9.300886e+01 3.703145e+02 2.209396e+02
      vertex   -9.295234e+01 3.704804e+02 2.208046e+02
    endloop
  endfacet
  facet normal -8.380558e-01 -1.427822e-01 -5.265698e-01
    outer loop
      vertex   -9.295234e+01 3.704804e+02 2.208046e+02
      vertex   -9.300886e+01 3.703145e+02 2.209396e+02
      vertex   -9.303624e+01 3.704753e+02 2.209395e+02
    endloop
  endfacet
  facet normal -9.091892e-01 -1.548453e-01 -3.865203e-01
    outer loop
      vertex   -9.303624e+01 3.704753e+02 2.209395e+02
      vertex   -9.300886e+01 3.703145e+02 2.209396e+02
      vertex   -9.306868e+01 3.703000e+02 2.210861e+02
    endloop
  endfacet
  facet normal -9.096809e-01 -1.540516e-01 -3.856795e-01
    outer loop
      vertex   -9.303624e+01 3.704753e+02 2.209395e+02
      vertex   -9.306868e+01 3.703000e+02 2.210861e+02
      vertex   -9.309773e+01 3.704716e+02 2.210860e+02
    endloop
  endfacet
  facet normal -9.581620e-01 -1.622185e-01 -2.358193e-01
    outer loop
      vertex   -9.309773e+01 3.704716e+02 2.210860e+02
      vertex   -9.306868e+01 3.703000e+02 2.210861e+02
      vertex   -9.310518e+01 3.702911e+02 2.212405e+02
    endloop
  endfacet
  facet normal -9.583769e-01 -1.617420e-01 -2.352728e-01
    outer loop
      vertex   -9.309773e+01 3.704716e+02 2.210860e+02
      vertex   -9.310518e+01 3.702911e+02 2.212405e+02
      vertex   -9.313525e+01 3.704694e+02 2.212405e+02
    endloop
  endfacet
  facet normal -9.829576e-01 -1.658675e-01 -7.926119e-02
    outer loop
      vertex   -9.313525e+01 3.704694e+02 2.212405e+02
      vertex   -9.310518e+01 3.702911e+02 2.212405e+02
      vertex   -9.311746e+01 3.702882e+02 2.213989e+02
    endloop
  endfacet
  facet normal -9.829977e-01 -1.657149e-01 -7.908221e-02
    outer loop
      vertex   -9.313525e+01 3.704694e+02 2.212405e+02
      vertex   -9.311746e+01 3.702882e+02 2.213989e+02
      vertex   -9.314787e+01 3.704686e+02 2.213989e+02
    endloop
  endfacet
  facet normal -8.309929e-01 -4.001033e-01 -3.864818e-01
    outer loop
      vertex   -9.288563e+01 3.700044e+02 2.209396e+02
      vertex   -9.293907e+01 3.699739e+02 2.210861e+02
      vertex   -9.295818e+01 3.701551e+02 2.209396e+02
    endloop
  endfacet
  facet normal -8.309929e-01 -4.001033e-01 -3.864818e-01
    outer loop
      vertex   -9.295818e+01 3.701551e+02 2.209396e+02
      vertex   -9.293907e+01 3.699739e+02 2.210861e+02
      vertex   -9.301538e+01 3.701324e+02 2.210861e+02
    endloop
  endfacet
  facet normal -8.789331e-01 -2.794788e-01 -3.864818e-01
    outer loop
      vertex   -9.295818e+01 3.701551e+02 2.209396e+02
      vertex   -9.301538e+01 3.701324e+02 2.210861e+02
      vertex   -9.300886e+01 3.703145e+02 2.209396e+02
    endloop
  endfacet
  facet normal -8.789331e-01 -2.794788e-01 -3.864818e-01
    outer loop
      vertex   -9.300886e+01 3.703145e+02 2.209396e+02
      vertex   -9.301538e+01 3.701324e+02 2.210861e+02
      vertex   -9.306868e+01 3.703000e+02 2.210861e+02
    endloop
  endfacet
  facet normal -8.755949e-01 -4.215781e-01 -2.358083e-01
    outer loop
      vertex   -9.293907e+01 3.699739e+02 2.210861e+02
      vertex   -9.297168e+01 3.699552e+02 2.212405e+02
      vertex   -9.301538e+01 3.701324e+02 2.210861e+02
    endloop
  endfacet
  facet normal -8.755949e-01 -4.215781e-01 -2.358083e-01
    outer loop
      vertex   -9.301538e+01 3.701324e+02 2.210861e+02
      vertex   -9.297168e+01 3.699552e+02 2.212405e+02
      vertex   -9.305028e+01 3.701185e+02 2.212405e+02
    endloop
  endfacet
  facet normal -9.261082e-01 -2.944792e-01 -2.358083e-01
    outer loop
      vertex   -9.301538e+01 3.701324e+02 2.210861e+02
      vertex   -9.305028e+01 3.701185e+02 2.212405e+02
      vertex   -9.306868e+01 3.703000e+02 2.210861e+02
    endloop
  endfacet
  facet normal -9.261082e-01 -2.944792e-01 -2.358083e-01
    outer loop
      vertex   -9.306868e+01 3.703000e+02 2.210861e+02
      vertex   -9.305028e+01 3.701185e+02 2.212405e+02
      vertex   -9.310518e+01 3.702911e+02 2.212405e+02
    endloop
  endfacet
  facet normal -8.981689e-01 -4.324470e-01 -7.926031e-02
    outer loop
      vertex   -9.297168e+01 3.699552e+02 2.212405e+02
      vertex   -9.298265e+01 3.699490e+02 2.213989e+02
      vertex   -9.305028e+01 3.701185e+02 2.212405e+02
    endloop
  endfacet
  facet normal -8.981689e-01 -4.324470e-01 -7.926031e-02
    outer loop
      vertex   -9.305028e+01 3.701185e+02 2.212405e+02
      vertex   -9.298265e+01 3.699490e+02 2.213989e+02
      vertex   -9.306202e+01 3.701138e+02 2.213989e+02
    endloop
  endfacet
  facet normal -9.499846e-01 -3.020713e-01 -7.926031e-02
    outer loop
      vertex   -9.305028e+01 3.701185e+02 2.212405e+02
      vertex   -9.306202e+01 3.701138e+02 2.213989e+02
      vertex   -9.310518e+01 3.702911e+02 2.212405e+02
    endloop
  endfacet
  facet normal -9.499846e-01 -3.020713e-01 -7.926031e-02
    outer loop
      vertex   -9.310518e+01 3.702911e+02 2.212405e+02
      vertex   -9.306202e+01 3.701138e+02 2.213989e+02
      vertex   -9.311746e+01 3.702882e+02 2.213989e+02
    endloop
  endfacet
  facet normal -9.959124e-01 4.360181e-02 -7.910311e-02
    outer loop
      vertex   -9.314787e+01 3.704686e+02 2.213989e+02
      vertex   -9.314015e+01 3.706449e+02 2.213989e+02
      vertex   -9.313525e+01 3.704694e+02 2.212405e+02
    endloop
  endfacet
  facet normal -9.958920e-01 4.375744e-02 -7.927487e-02
    outer loop
      vertex   -9.313525e+01 3.704694e+02 2.212405e+02
      vertex   -9.314015e+01 3.706449e+02 2.213989e+02
      vertex   -9.312761e+01 3.706435e+02 2.212405e+02
    endloop
  endfacet
  facet normal -9.709772e-01 4.268559e-02 -2.353320e-01
    outer loop
      vertex   -9.313525e+01 3.704694e+02 2.212405e+02
      vertex   -9.312761e+01 3.706435e+02 2.212405e+02
      vertex   -9.309773e+01 3.704716e+02 2.210860e+02
    endloop
  endfacet
  facet normal -9.708276e-01 4.318409e-02 -2.358576e-01
    outer loop
      vertex   -9.309773e+01 3.704716e+02 2.210860e+02
      vertex   -9.312761e+01 3.706435e+02 2.212405e+02
      vertex   -9.309028e+01 3.706393e+02 2.210861e+02
    endloop
  endfacet
  facet normal -9.216828e-01 4.104003e-02 -3.857674e-01
    outer loop
      vertex   -9.309773e+01 3.704716e+02 2.210860e+02
      vertex   -9.309028e+01 3.706393e+02 2.210861e+02
      vertex   -9.303624e+01 3.704753e+02 2.209395e+02
    endloop
  endfacet
  facet normal -9.213058e-01 4.188737e-02 -3.865762e-01
    outer loop
      vertex   -9.303624e+01 3.704753e+02 2.209395e+02
      vertex   -9.309028e+01 3.706393e+02 2.210861e+02
      vertex   -9.302912e+01 3.706324e+02 2.209396e+02
    endloop
  endfacet
  facet normal -8.491886e-01 3.866158e-02 -5.266726e-01
    outer loop
      vertex   -9.303624e+01 3.704753e+02 2.209395e+02
      vertex   -9.302912e+01 3.706324e+02 2.209396e+02
      vertex   -9.295234e+01 3.704804e+02 2.208046e+02
    endloop
  endfacet
  facet normal -8.485214e-01 3.987225e-02 -5.276567e-01
    outer loop
      vertex   -9.295234e+01 3.704804e+02 2.208046e+02
      vertex   -9.302912e+01 3.706324e+02 2.209396e+02
      vertex   -9.294566e+01 3.706230e+02 2.208047e+02
    endloop
  endfacet
  facet normal -7.552189e-01 3.553450e-02 -6.545087e-01
    outer loop
      vertex   -9.295234e+01 3.704804e+02 2.208046e+02
      vertex   -9.294566e+01 3.706230e+02 2.208047e+02
      vertex   -9.284816e+01 3.704867e+02 2.206848e+02
    endloop
  endfacet
  facet normal -7.524295e-01 4.011581e-02 -6.574500e-01
    outer loop
      vertex   -9.284816e+01 3.704867e+02 2.206848e+02
      vertex   -9.294566e+01 3.706230e+02 2.208047e+02
      vertex   -9.284108e+01 3.706195e+02 2.206848e+02
    endloop
  endfacet
  facet normal -7.447303e-01 1.351947e-01 -6.535283e-01
    outer loop
      vertex   -9.284108e+01 3.706195e+02 2.206848e+02
      vertex   -9.294566e+01 3.706230e+02 2.208047e+02
      vertex   -9.291889e+01 3.707705e+02 2.208047e+02
    endloop
  endfacet
  facet normal -7.409980e-01 1.397240e-01 -6.568098e-01
    outer loop
      vertex   -9.284108e+01 3.706195e+02 2.206848e+02
      vertex   -9.291889e+01 3.707705e+02 2.208047e+02
      vertex   -9.281643e+01 3.707502e+02 2.206848e+02
    endloop
  endfacet
  facet normal -7.190718e-01 2.346322e-01 -6.541280e-01
    outer loop
      vertex   -9.281643e+01 3.707502e+02 2.206848e+02
      vertex   -9.291889e+01 3.707705e+02 2.208047e+02
      vertex   -9.287240e+01 3.709130e+02 2.208047e+02
    endloop
  endfacet
  facet normal -7.164538e-01 2.370139e-01 -6.561390e-01
    outer loop
      vertex   -9.281643e+01 3.707502e+02 2.206848e+02
      vertex   -9.287240e+01 3.709130e+02 2.208047e+02
      vertex   -9.277466e+01 3.708765e+02 2.206848e+02
    endloop
  endfacet
  facet normal -6.801907e-01 3.296044e-01 -6.547530e-01
    outer loop
      vertex   -9.277466e+01 3.708765e+02 2.206848e+02
      vertex   -9.287240e+01 3.709130e+02 2.208047e+02
      vertex   -9.280704e+01 3.710479e+02 2.208047e+02
    endloop
  endfacet
  facet normal -6.792086e-01 3.302689e-01 -6.554374e-01
    outer loop
      vertex   -9.277466e+01 3.708765e+02 2.206848e+02
      vertex   -9.280704e+01 3.710479e+02 2.208047e+02
      vertex   -9.271649e+01 3.709961e+02 2.206848e+02
    endloop
  endfacet
  facet normal -9.808224e-01 1.780537e-01 -7.927403e-02
    outer loop
      vertex   -9.312761e+01 3.706435e+02 2.212405e+02
      vertex   -9.314015e+01 3.706449e+02 2.213989e+02
      vertex   -9.309640e+01 3.708154e+02 2.212405e+02
    endloop
  endfacet
  facet normal -9.808224e-01 1.780537e-01 -7.927403e-02
    outer loop
      vertex   -9.309640e+01 3.708154e+02 2.212405e+02
      vertex   -9.314015e+01 3.706449e+02 2.213989e+02
      vertex   -9.310864e+01 3.708185e+02 2.213989e+02
    endloop
  endfacet
  facet normal -9.476786e-01 3.092263e-01 -7.927403e-02
    outer loop
      vertex   -9.309640e+01 3.708154e+02 2.212405e+02
      vertex   -9.310864e+01 3.708185e+02 2.213989e+02
      vertex   -9.304220e+01 3.709815e+02 2.212405e+02
    endloop
  endfacet
  facet normal -9.476786e-01 3.092263e-01 -7.927403e-02
    outer loop
      vertex   -9.304220e+01 3.709815e+02 2.212405e+02
      vertex   -9.310864e+01 3.708185e+02 2.213989e+02
      vertex   -9.305391e+01 3.709862e+02 2.213989e+02
    endloop
  endfacet
  facet normal -8.970781e-01 4.347029e-01 -7.927403e-02
    outer loop
      vertex   -9.304220e+01 3.709815e+02 2.212405e+02
      vertex   -9.305391e+01 3.709862e+02 2.213989e+02
      vertex   -9.296600e+01 3.711387e+02 2.212405e+02
    endloop
  endfacet
  facet normal -8.970781e-01 4.347029e-01 -7.927403e-02
    outer loop
      vertex   -9.296600e+01 3.711387e+02 2.212405e+02
      vertex   -9.305391e+01 3.709862e+02 2.213989e+02
      vertex   -9.297697e+01 3.711450e+02 2.213989e+02
    endloop
  endfacet
  facet normal -8.745239e-01 4.237737e-01 -2.358471e-01
    outer loop
      vertex   -9.296600e+01 3.711387e+02 2.212405e+02
      vertex   -9.293339e+01 3.711201e+02 2.210861e+02
      vertex   -9.304220e+01 3.709815e+02 2.212405e+02
    endloop
  endfacet
  facet normal -8.745239e-01 4.237737e-01 -2.358471e-01
    outer loop
      vertex   -9.304220e+01 3.709815e+02 2.212405e+02
      vertex   -9.293339e+01 3.711201e+02 2.210861e+02
      vertex   -9.300736e+01 3.709674e+02 2.210861e+02
    endloop
  endfacet
  facet normal -9.238522e-01 3.014518e-01 -2.358471e-01
    outer loop
      vertex   -9.304220e+01 3.709815e+02 2.212405e+02
      vertex   -9.300736e+01 3.709674e+02 2.210861e+02
      vertex   -9.309640e+01 3.708154e+02 2.212405e+02
    endloop
  endfacet
  facet normal -9.238522e-01 3.014518e-01 -2.358471e-01
    outer loop
      vertex   -9.309640e+01 3.708154e+02 2.212405e+02
      vertex   -9.300736e+01 3.709674e+02 2.210861e+02
      vertex   -9.305998e+01 3.708062e+02 2.210861e+02
    endloop
  endfacet
  facet normal -9.561627e-01 1.735771e-01 -2.358471e-01
    outer loop
      vertex   -9.309640e+01 3.708154e+02 2.212405e+02
      vertex   -9.305998e+01 3.708062e+02 2.210861e+02
      vertex   -9.312761e+01 3.706435e+02 2.212405e+02
    endloop
  endfacet
  facet normal -9.561627e-01 1.735771e-01 -2.358471e-01
    outer loop
      vertex   -9.312761e+01 3.706435e+02 2.212405e+02
      vertex   -9.305998e+01 3.708062e+02 2.210861e+02
      vertex   -9.309028e+01 3.706393e+02 2.210861e+02
    endloop
  endfacet
  facet normal -8.299629e-01 4.021805e-01 -3.865391e-01
    outer loop
      vertex   -9.293339e+01 3.711201e+02 2.210861e+02
      vertex   -9.287995e+01 3.710895e+02 2.209396e+02
      vertex   -9.300736e+01 3.709674e+02 2.210861e+02
    endloop
  endfacet
  facet normal -8.299629e-01 4.021805e-01 -3.865391e-01
    outer loop
      vertex   -9.300736e+01 3.709674e+02 2.210861e+02
      vertex   -9.287995e+01 3.710895e+02 2.209396e+02
      vertex   -9.295028e+01 3.709444e+02 2.209396e+02
    endloop
  endfacet
  facet normal -8.767777e-01 2.860915e-01 -3.865391e-01
    outer loop
      vertex   -9.300736e+01 3.709674e+02 2.210861e+02
      vertex   -9.295028e+01 3.709444e+02 2.209396e+02
      vertex   -9.305998e+01 3.708062e+02 2.210861e+02
    endloop
  endfacet
  facet normal -8.767777e-01 2.860915e-01 -3.865391e-01
    outer loop
      vertex   -9.305998e+01 3.708062e+02 2.210861e+02
      vertex   -9.295028e+01 3.709444e+02 2.209396e+02
      vertex   -9.300031e+01 3.707911e+02 2.209396e+02
    endloop
  endfacet
  facet normal -9.074419e-01 1.647326e-01 -3.865391e-01
    outer loop
      vertex   -9.305998e+01 3.708062e+02 2.210861e+02
      vertex   -9.300031e+01 3.707911e+02 2.209396e+02
      vertex   -9.309028e+01 3.706393e+02 2.210861e+02
    endloop
  endfacet
  facet normal -9.074419e-01 1.647326e-01 -3.865391e-01
    outer loop
      vertex   -9.309028e+01 3.706393e+02 2.210861e+02
      vertex   -9.300031e+01 3.707911e+02 2.209396e+02
      vertex   -9.302912e+01 3.706324e+02 2.209396e+02
    endloop
  endfacet
  facet normal -7.644809e-01 3.704494e-01 -5.275757e-01
    outer loop
      vertex   -9.287995e+01 3.710895e+02 2.209396e+02
      vertex   -9.280704e+01 3.710479e+02 2.208047e+02
      vertex   -9.295028e+01 3.709444e+02 2.209396e+02
    endloop
  endfacet
  facet normal -7.644809e-01 3.704494e-01 -5.275757e-01
    outer loop
      vertex   -9.295028e+01 3.709444e+02 2.209396e+02
      vertex   -9.280704e+01 3.710479e+02 2.208047e+02
      vertex   -9.287240e+01 3.709130e+02 2.208047e+02
    endloop
  endfacet
  facet normal -8.076022e-01 2.635196e-01 -5.275757e-01
    outer loop
      vertex   -9.295028e+01 3.709444e+02 2.209396e+02
      vertex   -9.287240e+01 3.709130e+02 2.208047e+02
      vertex   -9.300031e+01 3.707911e+02 2.209396e+02
    endloop
  endfacet
  facet normal -8.076022e-01 2.635196e-01 -5.275757e-01
    outer loop
      vertex   -9.300031e+01 3.707911e+02 2.209396e+02
      vertex   -9.287240e+01 3.709130e+02 2.208047e+02
      vertex   -9.291889e+01 3.707705e+02 2.208047e+02
    endloop
  endfacet
  facet normal -8.358470e-01 1.517356e-01 -5.275757e-01
    outer loop
      vertex   -9.300031e+01 3.707911e+02 2.209396e+02
      vertex   -9.291889e+01 3.707705e+02 2.208047e+02
      vertex   -9.302912e+01 3.706324e+02 2.209396e+02
    endloop
  endfacet
  facet normal -8.358470e-01 1.517356e-01 -5.275757e-01
    outer loop
      vertex   -9.302912e+01 3.706324e+02 2.209396e+02
      vertex   -9.291889e+01 3.707705e+02 2.208047e+02
      vertex   -9.294566e+01 3.706230e+02 2.208047e+02
    endloop
  endfacet
  facet normal -9.985818e-01 5.323942e-02 0.000000e+00
    outer loop
      vertex   -9.284816e+01 3.704867e+02 2.056848e+02
      vertex   -9.284816e+01 3.704867e+02 2.206848e+02
      vertex   -9.284108e+01 3.706195e+02 2.056848e+02
    endloop
  endfacet
  facet normal -9.945977e-01 1.038038e-01 4.496188e-04
    outer loop
      vertex   -9.284108e+01 3.706195e+02 2.056848e+02
      vertex   -9.284816e+01 3.704867e+02 2.206848e+02
      vertex   -9.283480e+01 3.706634e+02 2.094348e+02
    endloop
  endfacet
  facet normal -9.826825e-01 1.852965e-01 -5.247626e-04
    outer loop
      vertex   -9.284108e+01 3.706195e+02 2.056848e+02
      vertex   -9.283480e+01 3.706634e+02 2.094348e+02
      vertex   -9.281643e+01 3.707502e+02 2.056848e+02
    endloop
  endfacet
  facet normal -9.681833e-01 2.502398e-01 1.049267e-03
    outer loop
      vertex   -9.281643e+01 3.707502e+02 2.056848e+02
      vertex   -9.283480e+01 3.706634e+02 2.094348e+02
      vertex   -9.279045e+01 3.708351e+02 2.094348e+02
    endloop
  endfacet
  facet normal -9.493979e-01 3.140754e-01 -5.247626e-04
    outer loop
      vertex   -9.281643e+01 3.707502e+02 2.056848e+02
      vertex   -9.279045e+01 3.708351e+02 2.094348e+02
      vertex   -9.277466e+01 3.708765e+02 2.056848e+02
    endloop
  endfacet
  facet normal -8.993163e-01 4.372974e-01 1.048492e-03
    outer loop
      vertex   -9.277466e+01 3.708765e+02 2.056848e+02
      vertex   -9.279045e+01 3.708351e+02 2.094348e+02
      vertex   -9.271649e+01 3.709961e+02 2.056848e+02
    endloop
  endfacet
  facet normal -9.087961e-01 4.172405e-01 0.000000e+00
    outer loop
      vertex   -9.271649e+01 3.709961e+02 2.056848e+02
      vertex   -9.279045e+01 3.708351e+02 2.094348e+02
      vertex   -9.279045e+01 3.708351e+02 2.131848e+02
    endloop
  endfacet
  facet normal -9.087961e-01 4.172405e-01 0.000000e+00
    outer loop
      vertex   -9.271649e+01 3.709961e+02 2.056848e+02
      vertex   -9.279045e+01 3.708351e+02 2.131848e+02
      vertex   -9.279045e+01 3.708351e+02 2.169348e+02
    endloop
  endfacet
  facet normal -9.681838e-01 2.502400e-01 0.000000e+00
    outer loop
      vertex   -9.279045e+01 3.708351e+02 2.169348e+02
      vertex   -9.279045e+01 3.708351e+02 2.131848e+02
      vertex   -9.283480e+01 3.706634e+02 2.169348e+02
    endloop
  endfacet
  facet normal -9.681833e-01 2.502398e-01 -1.049267e-03
    outer loop
      vertex   -9.279045e+01 3.708351e+02 2.169348e+02
      vertex   -9.283480e+01 3.706634e+02 2.169348e+02
      vertex   -9.281643e+01 3.707502e+02 2.206848e+02
    endloop
  endfacet
  facet normal -9.826825e-01 1.852965e-01 5.247626e-04
    outer loop
      vertex   -9.281643e+01 3.707502e+02 2.206848e+02
      vertex   -9.283480e+01 3.706634e+02 2.169348e+02
      vertex   -9.284108e+01 3.706195e+02 2.206848e+02
    endloop
  endfacet
  facet normal -9.985812e-01 5.323939e-02 -1.048492e-03
    outer loop
      vertex   -9.284108e+01 3.706195e+02 2.206848e+02
      vertex   -9.283480e+01 3.706634e+02 2.169348e+02
      vertex   -9.284816e+01 3.704867e+02 2.206848e+02
    endloop
  endfacet
  facet normal -9.971550e-01 7.537788e-02 0.000000e+00
    outer loop
      vertex   -9.284816e+01 3.704867e+02 2.206848e+02
      vertex   -9.283480e+01 3.706634e+02 2.169348e+02
      vertex   -9.283480e+01 3.706634e+02 2.131848e+02
    endloop
  endfacet
  facet normal -9.971550e-01 7.537788e-02 0.000000e+00
    outer loop
      vertex   -9.284816e+01 3.704867e+02 2.206848e+02
      vertex   -9.283480e+01 3.706634e+02 2.131848e+02
      vertex   -9.283480e+01 3.706634e+02 2.094348e+02
    endloop
  endfacet
  facet normal -9.681838e-01 2.502400e-01 0.000000e+00
    outer loop
      vertex   -9.283480e+01 3.706634e+02 2.094348e+02
      vertex   -9.283480e+01 3.706634e+02 2.131848e+02
      vertex   -9.279045e+01 3.708351e+02 2.094348e+02
    endloop
  endfacet
  facet normal -9.493979e-01 3.140754e-01 5.247626e-04
    outer loop
      vertex   -9.281643e+01 3.707502e+02 2.206848e+02
      vertex   -9.277466e+01 3.708765e+02 2.206848e+02
      vertex   -9.279045e+01 3.708351e+02 2.169348e+02
    endloop
  endfacet
  facet normal -9.203330e-01 3.911355e-01 -4.496188e-04
    outer loop
      vertex   -9.279045e+01 3.708351e+02 2.169348e+02
      vertex   -9.277466e+01 3.708765e+02 2.206848e+02
      vertex   -9.271649e+01 3.709961e+02 2.056848e+02
    endloop
  endfacet
  facet normal -8.993168e-01 4.372977e-01 0.000000e+00
    outer loop
      vertex   -9.277466e+01 3.708765e+02 2.206848e+02
      vertex   -9.271649e+01 3.709961e+02 2.206848e+02
      vertex   -9.271649e+01 3.709961e+02 2.056848e+02
    endloop
  endfacet
  facet normal -9.681838e-01 2.502400e-01 0.000000e+00
    outer loop
      vertex   -9.279045e+01 3.708351e+02 2.094348e+02
      vertex   -9.283480e+01 3.706634e+02 2.131848e+02
      vertex   -9.279045e+01 3.708351e+02 2.131848e+02
    endloop
  endfacet
  facet normal -9.681838e-01 2.502400e-01 0.000000e+00
    outer loop
      vertex   -9.279045e+01 3.708351e+02 2.131848e+02
      vertex   -9.283480e+01 3.706634e+02 2.131848e+02
      vertex   -9.283480e+01 3.706634e+02 2.169348e+02
    endloop
  endfacet
  facet normal 0.000000e+00 -0.000000e+00 -1.000000e+00
    outer loop
      vertex   -9.100568e+01 3.739901e+02 2.056848e+02
      vertex   -9.100568e+01 3.670940e+02 2.056848e+02
      vertex   -9.271649e+01 3.709961e+02 2.056848e+02
    endloop
  endfacet
  facet normal 0.000000e+00 -0.000000e+00 -1.000000e+00
    outer loop
      vertex   -9.271649e+01 3.709961e+02 2.056848e+02
      vertex   -9.100568e+01 3.670940e+02 2.056848e+02
      vertex   -9.272217e+01 3.700978e+02 2.056848e+02
    endloop
  endfacet
  facet normal 0.000000e+00 0.000000e+00 -1.000000e+00
    outer loop
      vertex   -9.271649e+01 3.709961e+02 2.056848e+02
      vertex   -9.272217e+01 3.700978e+02 2.056848e+02
      vertex   -9.277466e+01 3.708765e+02 2.056848e+02
    endloop
  endfacet
  facet normal 0.000000e+00 -0.000000e+00 -1.000000e+00
    outer loop
      vertex   -9.277466e+01 3.708765e+02 2.056848e+02
      vertex   -9.272217e+01 3.700978e+02 2.056848e+02
      vertex   -9.278188e+01 3.702213e+02 2.056848e+02
    endloop
  endfacet
  facet normal 0.000000e+00 0.000000e+00 -1.000000e+00
    outer loop
      vertex   -9.277466e+01 3.708765e+02 2.056848e+02
      vertex   -9.278188e+01 3.702213e+02 2.056848e+02
      vertex   -9.281643e+01 3.707502e+02 2.056848e+02
    endloop
  endfacet
  facet normal 0.000000e+00 -0.000000e+00 -1.000000e+00
    outer loop
      vertex   -9.281643e+01 3.707502e+02 2.056848e+02
      vertex   -9.278188e+01 3.702213e+02 2.056848e+02
      vertex   -9.282414e+01 3.703517e+02 2.056848e+02
    endloop
  endfacet
  facet normal 0.000000e+00 0.000000e+00 -1.000000e+00
    outer loop
      vertex   -9.281643e+01 3.707502e+02 2.056848e+02
      vertex   -9.282414e+01 3.703517e+02 2.056848e+02
      vertex   -9.284108e+01 3.706195e+02 2.056848e+02
    endloop
  endfacet
  facet normal 0.000000e+00 -0.000000e+00 -1.000000e+00
    outer loop
      vertex   -9.284108e+01 3.706195e+02 2.056848e+02
      vertex   -9.282414e+01 3.703517e+02 2.056848e+02
      vertex   -9.284816e+01 3.704867e+02 2.056848e+02
    endloop
  endfacet
  facet normal -7.567238e-02 4.324136e-02 9.961947e-01
    outer loop
      vertex   -9.202190e+01 3.705992e+02 1.871848e+02
      vertex   -9.100568e+01 3.723776e+02 1.871848e+02
      vertex   -9.128711e+01 3.721651e+02 1.871726e+02
    endloop
  endfacet
  facet normal -7.973319e-02 4.865179e-02 9.956283e-01
    outer loop
      vertex   -9.128711e+01 3.721651e+02 1.871726e+02
      vertex   -9.100568e+01 3.723776e+02 1.871848e+02
      vertex   -9.100568e+01 3.726922e+02 1.871694e+02
    endloop
  endfacet
  facet normal -2.258233e-01 1.264744e-01 9.659234e-01
    outer loop
      vertex   -9.128711e+01 3.721651e+02 1.871726e+02
      vertex   -9.100568e+01 3.726922e+02 1.871694e+02
      vertex   -9.140406e+01 3.722319e+02 1.871365e+02
    endloop
  endfacet
  facet normal -2.189269e-01 1.203358e-01 9.682925e-01
    outer loop
      vertex   -9.140406e+01 3.722319e+02 1.871365e+02
      vertex   -9.100568e+01 3.726922e+02 1.871694e+02
      vertex   -9.100568e+01 3.728457e+02 1.871503e+02
    endloop
  endfacet
  facet normal -2.903154e-01 1.672606e-01 9.422000e-01
    outer loop
      vertex   -9.140406e+01 3.722319e+02 1.871365e+02
      vertex   -9.100568e+01 3.728457e+02 1.871503e+02
      vertex   -9.100568e+01 3.729947e+02 1.871239e+02
    endloop
  endfacet
  facet normal -3.682513e-01 2.073716e-01 9.063046e-01
    outer loop
      vertex   -9.140406e+01 3.722319e+02 1.871365e+02
      vertex   -9.100568e+01 3.729947e+02 1.871239e+02
      vertex   -9.151379e+01 3.722946e+02 1.870776e+02
    endloop
  endfacet
  facet normal -3.741217e-01 2.118607e-01 9.028555e-01
    outer loop
      vertex   -9.151379e+01 3.722946e+02 1.870776e+02
      vertex   -9.100568e+01 3.729947e+02 1.871239e+02
      vertex   -9.100568e+01 3.731377e+02 1.870903e+02
    endloop
  endfacet
  facet normal -4.450148e-01 2.552582e-01 8.583735e-01
    outer loop
      vertex   -9.151379e+01 3.722946e+02 1.870776e+02
      vertex   -9.100568e+01 3.731377e+02 1.870903e+02
      vertex   -9.100568e+01 3.732734e+02 1.870499e+02
    endloop
  endfacet
  facet normal -4.992871e-01 2.823240e-01 8.191493e-01
    outer loop
      vertex   -9.151379e+01 3.722946e+02 1.870776e+02
      vertex   -9.100568e+01 3.732734e+02 1.870499e+02
      vertex   -9.161297e+01 3.723513e+02 1.869976e+02
    endloop
  endfacet
  facet normal -5.177853e-01 2.954299e-01 8.028821e-01
    outer loop
      vertex   -9.161297e+01 3.723513e+02 1.869976e+02
      vertex   -9.100568e+01 3.732734e+02 1.870499e+02
      vertex   -9.100568e+01 3.734005e+02 1.870032e+02
    endloop
  endfacet
  facet normal -5.826625e-01 3.333083e-01 7.412219e-01
    outer loop
      vertex   -9.161297e+01 3.723513e+02 1.869976e+02
      vertex   -9.100568e+01 3.734005e+02 1.870032e+02
      vertex   -9.100568e+01 3.735178e+02 1.869504e+02
    endloop
  endfacet
  facet normal -6.150883e-01 3.488109e-01 7.071049e-01
    outer loop
      vertex   -9.161297e+01 3.723513e+02 1.869976e+02
      vertex   -9.100568e+01 3.735178e+02 1.869504e+02
      vertex   -9.169858e+01 3.724002e+02 1.868990e+02
    endloop
  endfacet
  facet normal -6.430036e-01 3.677446e-01 6.717963e-01
    outer loop
      vertex   -9.169858e+01 3.724002e+02 1.868990e+02
      vertex   -9.100568e+01 3.735178e+02 1.869504e+02
      vertex   -9.100568e+01 3.736240e+02 1.868923e+02
    endloop
  endfacet
  facet normal -6.977318e-01 3.983118e-01 5.954141e-01
    outer loop
      vertex   -9.169858e+01 3.724002e+02 1.868990e+02
      vertex   -9.100568e+01 3.736240e+02 1.868923e+02
      vertex   -9.100568e+01 3.737183e+02 1.868292e+02
    endloop
  endfacet
  facet normal -7.121733e-01 4.047475e-01 5.735754e-01
    outer loop
      vertex   -9.169858e+01 3.724002e+02 1.868990e+02
      vertex   -9.100568e+01 3.737183e+02 1.868292e+02
      vertex   -9.176803e+01 3.724399e+02 1.867848e+02
    endloop
  endfacet
  facet normal -7.442159e-01 4.259088e-01 5.145331e-01
    outer loop
      vertex   -9.176803e+01 3.724399e+02 1.867848e+02
      vertex   -9.100568e+01 3.737183e+02 1.868292e+02
      vertex   -9.100568e+01 3.737997e+02 1.867619e+02
    endloop
  endfacet
  facet normal -7.874853e-01 4.486213e-01 4.226180e-01
    outer loop
      vertex   -9.176803e+01 3.724399e+02 1.867848e+02
      vertex   -9.100568e+01 3.737997e+02 1.867619e+02
      vertex   -9.181920e+01 3.724692e+02 1.866584e+02
    endloop
  endfacet
  facet normal -7.860454e-01 4.474360e-01 4.265367e-01
    outer loop
      vertex   -9.181920e+01 3.724692e+02 1.866584e+02
      vertex   -9.100568e+01 3.737997e+02 1.867619e+02
      vertex   -9.100568e+01 3.738673e+02 1.866909e+02
    endloop
  endfacet
  facet normal -8.171006e-01 4.675838e-01 3.372123e-01
    outer loop
      vertex   -9.181920e+01 3.724692e+02 1.866584e+02
      vertex   -9.100568e+01 3.738673e+02 1.866909e+02
      vertex   -9.100568e+01 3.739206e+02 1.866170e+02
    endloop
  endfacet
  facet normal -8.394375e-01 4.778678e-01 2.588187e-01
    outer loop
      vertex   -9.181920e+01 3.724692e+02 1.866584e+02
      vertex   -9.100568e+01 3.739206e+02 1.866170e+02
      vertex   -9.185053e+01 3.724871e+02 1.865237e+02
    endloop
  endfacet
  facet normal -8.425824e-01 4.807686e-01 2.427269e-01
    outer loop
      vertex   -9.185053e+01 3.724871e+02 1.865237e+02
      vertex   -9.100568e+01 3.739206e+02 1.866170e+02
      vertex   -9.100568e+01 3.739591e+02 1.865408e+02
    endloop
  endfacet
  facet normal -8.553850e-01 4.889524e-01 1.710031e-01
    outer loop
      vertex   -9.185053e+01 3.724871e+02 1.865237e+02
      vertex   -9.100568e+01 3.739591e+02 1.865408e+02
      vertex   -9.100568e+01 3.739726e+02 1.865021e+02
    endloop
  endfacet
  facet normal -8.619670e-01 4.919898e-01 1.223068e-01
    outer loop
      vertex   -9.100568e+01 3.739726e+02 1.865021e+02
      vertex   -9.100568e+01 3.739823e+02 1.864632e+02
      vertex   -9.185053e+01 3.724871e+02 1.865237e+02
    endloop
  endfacet
  facet normal -8.643086e-01 4.924944e-01 1.020777e-01
    outer loop
      vertex   -9.185053e+01 3.724871e+02 1.865237e+02
      vertex   -9.100568e+01 3.739823e+02 1.864632e+02
      vertex   -9.271649e+01 3.709961e+02 1.863848e+02
    endloop
  endfacet
  facet normal -8.649392e-01 4.942510e-01 8.715574e-02
    outer loop
      vertex   -9.185053e+01 3.724871e+02 1.865237e+02
      vertex   -9.271649e+01 3.709961e+02 1.863848e+02
      vertex   -9.270594e+01 3.709901e+02 1.865237e+02
    endloop
  endfacet
  facet normal -8.661720e-01 4.943125e-01 7.349289e-02
    outer loop
      vertex   -9.100568e+01 3.739823e+02 1.864632e+02
      vertex   -9.100568e+01 3.739881e+02 1.864240e+02
      vertex   -9.271649e+01 3.709961e+02 1.863848e+02
    endloop
  endfacet
  facet normal -8.679816e-01 4.959895e-01 2.454123e-02
    outer loop
      vertex   -9.271649e+01 3.709961e+02 1.863848e+02
      vertex   -9.100568e+01 3.739881e+02 1.864240e+02
      vertex   -9.100568e+01 3.739901e+02 1.863848e+02
    endloop
  endfacet
  facet normal -8.386585e-01 4.792334e-01 2.588190e-01
    outer loop
      vertex   -9.185053e+01 3.724871e+02 1.865237e+02
      vertex   -9.270594e+01 3.709901e+02 1.865237e+02
      vertex   -9.181920e+01 3.724692e+02 1.866584e+02
    endloop
  endfacet
  facet normal -8.386585e-01 4.792334e-01 2.588190e-01
    outer loop
      vertex   -9.181920e+01 3.724692e+02 1.866584e+02
      vertex   -9.270594e+01 3.709901e+02 1.865237e+02
      vertex   -9.267460e+01 3.709722e+02 1.866584e+02
    endloop
  endfacet
  facet normal -7.868955e-01 4.496546e-01 4.226183e-01
    outer loop
      vertex   -9.181920e+01 3.724692e+02 1.866584e+02
      vertex   -9.267460e+01 3.709722e+02 1.866584e+02
      vertex   -9.176803e+01 3.724399e+02 1.867848e+02
    endloop
  endfacet
  facet normal -7.868955e-01 4.496546e-01 4.226183e-01
    outer loop
      vertex   -9.176803e+01 3.724399e+02 1.867848e+02
      vertex   -9.267460e+01 3.709722e+02 1.866584e+02
      vertex   -9.262344e+01 3.709430e+02 1.867848e+02
    endloop
  endfacet
  facet normal -7.112231e-01 4.064132e-01 5.735764e-01
    outer loop
      vertex   -9.176803e+01 3.724399e+02 1.867848e+02
      vertex   -9.262344e+01 3.709430e+02 1.867848e+02
      vertex   -9.169858e+01 3.724002e+02 1.868990e+02
    endloop
  endfacet
  facet normal -7.112231e-01 4.064132e-01 5.735764e-01
    outer loop
      vertex   -9.169858e+01 3.724002e+02 1.868990e+02
      vertex   -9.262344e+01 3.709430e+02 1.867848e+02
      vertex   -9.255399e+01 3.709033e+02 1.868990e+02
    endloop
  endfacet
  facet normal -6.139406e-01 3.508232e-01 7.071068e-01
    outer loop
      vertex   -9.169858e+01 3.724002e+02 1.868990e+02
      vertex   -9.255399e+01 3.709033e+02 1.868990e+02
      vertex   -9.161297e+01 3.723513e+02 1.869976e+02
    endloop
  endfacet
  facet normal -6.139406e-01 3.508232e-01 7.071068e-01
    outer loop
      vertex   -9.161297e+01 3.723513e+02 1.869976e+02
      vertex   -9.255399e+01 3.709033e+02 1.868990e+02
      vertex   -9.246838e+01 3.708544e+02 1.869976e+02
    endloop
  endfacet
  facet normal -4.980038e-01 2.845736e-01 8.191520e-01
    outer loop
      vertex   -9.161297e+01 3.723513e+02 1.869976e+02
      vertex   -9.246838e+01 3.708544e+02 1.869976e+02
      vertex   -9.151379e+01 3.722946e+02 1.870776e+02
    endloop
  endfacet
  facet normal -4.980038e-01 2.845736e-01 8.191520e-01
    outer loop
      vertex   -9.151379e+01 3.722946e+02 1.870776e+02
      vertex   -9.246838e+01 3.708544e+02 1.869976e+02
      vertex   -9.236920e+01 3.707977e+02 1.870776e+02
    endloop
  endfacet
  facet normal -3.669354e-01 2.096774e-01 9.063078e-01
    outer loop
      vertex   -9.151379e+01 3.722946e+02 1.870776e+02
      vertex   -9.236920e+01 3.707977e+02 1.870776e+02
      vertex   -9.140406e+01 3.722319e+02 1.871365e+02
    endloop
  endfacet
  facet normal -3.669354e-01 2.096774e-01 9.063078e-01
    outer loop
      vertex   -9.140406e+01 3.722319e+02 1.871365e+02
      vertex   -9.236920e+01 3.707977e+02 1.870776e+02
      vertex   -9.225946e+01 3.707350e+02 1.871365e+02
    endloop
  endfacet
  facet normal -2.247179e-01 1.284102e-01 9.659258e-01
    outer loop
      vertex   -9.140406e+01 3.722319e+02 1.871365e+02
      vertex   -9.225946e+01 3.707350e+02 1.871365e+02
      vertex   -9.128711e+01 3.721651e+02 1.871726e+02
    endloop
  endfacet
  facet normal -2.247179e-01 1.284102e-01 9.659258e-01
    outer loop
      vertex   -9.128711e+01 3.721651e+02 1.871726e+02
      vertex   -9.225946e+01 3.707350e+02 1.871365e+02
      vertex   -9.214251e+01 3.706681e+02 1.871726e+02
    endloop
  endfacet
  facet normal -7.567238e-02 4.324136e-02 9.961947e-01
    outer loop
      vertex   -9.128711e+01 3.721651e+02 1.871726e+02
      vertex   -9.214251e+01 3.706681e+02 1.871726e+02
      vertex   -9.202190e+01 3.705992e+02 1.871848e+02
    endloop
  endfacet
  facet normal 9.056539e-01 -4.240177e-01 -7.225167e-15
    outer loop
      vertex   -1.402120e+02 3.702366e+02 1.770569e+02
      vertex   -1.402120e+02 3.702366e+02 1.801662e+02
      vertex   -1.402838e+02 3.700833e+02 1.770569e+02
    endloop
  endfacet
  facet normal 9.056539e-01 -4.240177e-01 0.000000e+00
    outer loop
      vertex   -1.402838e+02 3.700833e+02 1.770569e+02
      vertex   -1.402120e+02 3.702366e+02 1.801662e+02
      vertex   -1.402120e+02 3.702366e+02 1.832755e+02
    endloop
  endfacet
  facet normal 9.138626e-01 -4.060231e-01 -5.382326e-04
    outer loop
      vertex   -1.402838e+02 3.700833e+02 1.770569e+02
      vertex   -1.402120e+02 3.702366e+02 1.832755e+02
      vertex   -1.402249e+02 3.702035e+02 1.863848e+02
    endloop
  endfacet
  facet normal 9.487186e-01 -3.161213e-01 5.615412e-04
    outer loop
      vertex   -1.402249e+02 3.702035e+02 1.863848e+02
      vertex   -1.402120e+02 3.702366e+02 1.832755e+02
      vertex   -1.401825e+02 3.703305e+02 1.863848e+02
    endloop
  endfacet
  facet normal 9.641852e-01 -2.652275e-01 -1.122905e-03
    outer loop
      vertex   -1.401825e+02 3.703305e+02 1.863848e+02
      vertex   -1.402120e+02 3.702366e+02 1.832755e+02
      vertex   -1.401671e+02 3.703998e+02 1.832755e+02
    endloop
  endfacet
  facet normal 9.824419e-01 -1.865674e-01 7.187914e-04
    outer loop
      vertex   -1.401825e+02 3.703305e+02 1.863848e+02
      vertex   -1.401671e+02 3.703998e+02 1.832755e+02
      vertex   -1.401576e+02 3.704621e+02 1.863848e+02
    endloop
  endfacet
  facet normal 9.951026e-01 -9.884147e-02 -1.077904e-03
    outer loop
      vertex   -1.401576e+02 3.704621e+02 1.863848e+02
      vertex   -1.401671e+02 3.703998e+02 1.832755e+02
      vertex   -1.401504e+02 3.705682e+02 1.832755e+02
    endloop
  endfacet
  facet normal 9.985586e-01 -5.366996e-02 4.715533e-04
    outer loop
      vertex   -1.401576e+02 3.704621e+02 1.863848e+02
      vertex   -1.401504e+02 3.705682e+02 1.832755e+02
      vertex   -1.401504e+02 3.705957e+02 1.863848e+02
    endloop
  endfacet
  facet normal 9.999999e-01 -4.974231e-04 -9.148618e-15
    outer loop
      vertex   -1.401504e+02 3.705957e+02 1.863848e+02
      vertex   -1.401504e+02 3.705682e+02 1.832755e+02
      vertex   -1.401504e+02 3.705957e+02 1.770648e+02
    endloop
  endfacet
  facet normal 9.999999e-01 -4.974231e-04 0.000000e+00
    outer loop
      vertex   -1.401504e+02 3.705957e+02 1.770648e+02
      vertex   -1.401504e+02 3.705682e+02 1.832755e+02
      vertex   -1.401504e+02 3.705682e+02 1.801662e+02
    endloop
  endfacet
  facet normal 9.999999e-01 -4.974231e-04 0.000000e+00
    outer loop
      vertex   -1.401504e+02 3.705957e+02 1.770648e+02
      vertex   -1.401504e+02 3.705682e+02 1.801662e+02
      vertex   -1.401504e+02 3.705682e+02 1.770569e+02
    endloop
  endfacet
  facet normal 9.951032e-01 -9.884153e-02 0.000000e+00
    outer loop
      vertex   -1.401504e+02 3.705682e+02 1.770569e+02
      vertex   -1.401504e+02 3.705682e+02 1.801662e+02
      vertex   -1.401671e+02 3.703998e+02 1.770569e+02
    endloop
  endfacet
  facet normal 9.951032e-01 -9.884153e-02 -1.807013e-15
    outer loop
      vertex   -1.401671e+02 3.703998e+02 1.770569e+02
      vertex   -1.401504e+02 3.705682e+02 1.801662e+02
      vertex   -1.401671e+02 3.703998e+02 1.801662e+02
    endloop
  endfacet
  facet normal 9.641858e-01 -2.652277e-01 -4.848871e-15
    outer loop
      vertex   -1.401671e+02 3.703998e+02 1.770569e+02
      vertex   -1.401671e+02 3.703998e+02 1.801662e+02
      vertex   -1.402120e+02 3.702366e+02 1.770569e+02
    endloop
  endfacet
  facet normal 9.641858e-01 -2.652277e-01 -8.841586e-16
    outer loop
      vertex   -1.402120e+02 3.702366e+02 1.770569e+02
      vertex   -1.401671e+02 3.703998e+02 1.801662e+02
      vertex   -1.402120e+02 3.702366e+02 1.801662e+02
    endloop
  endfacet
  facet normal 9.676832e-01 6.827044e-02 -2.427517e-01
    outer loop
      vertex   -1.401504e+02 3.705682e+02 1.770569e+02
      vertex   -1.401623e+02 3.707370e+02 1.770569e+02
      vertex   -1.401504e+02 3.705957e+02 1.770648e+02
    endloop
  endfacet
  facet normal 9.820679e-01 9.200524e-02 1.645532e-01
    outer loop
      vertex   -1.401504e+02 3.705957e+02 1.770648e+02
      vertex   -1.401623e+02 3.707370e+02 1.770569e+02
      vertex   -1.401653e+02 3.707551e+02 1.770648e+02
    endloop
  endfacet
  facet normal 9.563998e-01 2.339158e-01 -1.748794e-01
    outer loop
      vertex   -1.401653e+02 3.707551e+02 1.770648e+02
      vertex   -1.401623e+02 3.707370e+02 1.770569e+02
      vertex   -1.402025e+02 3.709014e+02 1.770569e+02
    endloop
  endfacet
  facet normal 9.642060e-01 2.499627e-01 8.846105e-02
    outer loop
      vertex   -1.401653e+02 3.707551e+02 1.770648e+02
      vertex   -1.402025e+02 3.709014e+02 1.770569e+02
      vertex   -1.402055e+02 3.709101e+02 1.770648e+02
    endloop
  endfacet
  facet normal 9.133531e-01 3.962199e-01 -9.378676e-02
    outer loop
      vertex   -1.402055e+02 3.709101e+02 1.770648e+02
      vertex   -1.402025e+02 3.709014e+02 1.770569e+02
      vertex   -1.402699e+02 3.710566e+02 1.770569e+02
    endloop
  endfacet
  facet normal 9.155580e-01 4.021860e-01 3.998486e-11
    outer loop
      vertex   -1.402055e+02 3.709101e+02 1.770648e+02
      vertex   -1.402699e+02 3.710566e+02 1.770569e+02
      vertex   -1.402699e+02 3.710566e+02 1.770648e+02
    endloop
  endfacet
  facet normal 8.979929e-01 -4.400099e-01 4.104311e-14
    outer loop
      vertex   -1.402249e+02 3.702035e+02 1.863848e+02
      vertex   -1.402838e+02 3.700833e+02 1.863848e+02
      vertex   -1.402838e+02 3.700833e+02 1.770569e+02
    endloop
  endfacet
  facet normal 9.641858e-01 -2.652277e-01 0.000000e+00
    outer loop
      vertex   -1.401671e+02 3.703998e+02 1.832755e+02
      vertex   -1.402120e+02 3.702366e+02 1.832755e+02
      vertex   -1.402120e+02 3.702366e+02 1.801662e+02
    endloop
  endfacet
  facet normal 9.641858e-01 -2.652277e-01 8.813583e-15
    outer loop
      vertex   -1.401671e+02 3.703998e+02 1.832755e+02
      vertex   -1.402120e+02 3.702366e+02 1.801662e+02
      vertex   -1.401671e+02 3.703998e+02 1.801662e+02
    endloop
  endfacet
  facet normal 9.951032e-01 -9.884153e-02 9.095681e-15
    outer loop
      vertex   -1.401504e+02 3.705682e+02 1.832755e+02
      vertex   -1.401671e+02 3.703998e+02 1.832755e+02
      vertex   -1.401671e+02 3.703998e+02 1.801662e+02
    endloop
  endfacet
  facet normal 9.951032e-01 -9.884153e-02 0.000000e+00
    outer loop
      vertex   -1.401504e+02 3.705682e+02 1.832755e+02
      vertex   -1.401671e+02 3.703998e+02 1.801662e+02
      vertex   -1.401504e+02 3.705682e+02 1.801662e+02
    endloop
  endfacet
  facet normal -8.993161e-01 4.372973e-01 1.264555e-03
    outer loop
      vertex   -9.277466e+01 3.708765e+02 1.770569e+02
      vertex   -9.279045e+01 3.708351e+02 1.801662e+02
      vertex   -9.271649e+01 3.709961e+02 1.770569e+02
    endloop
  endfacet
  facet normal -9.087961e-01 4.172405e-01 0.000000e+00
    outer loop
      vertex   -9.271649e+01 3.709961e+02 1.770569e+02
      vertex   -9.279045e+01 3.708351e+02 1.801662e+02
      vertex   -9.279045e+01 3.708351e+02 1.832755e+02
    endloop
  endfacet
  facet normal -9.178337e-01 3.969646e-01 -6.326932e-04
    outer loop
      vertex   -9.271649e+01 3.709961e+02 1.770569e+02
      vertex   -9.279045e+01 3.708351e+02 1.832755e+02
      vertex   -9.277466e+01 3.708765e+02 1.863848e+02
    endloop
  endfacet
  facet normal -9.493979e-01 3.140753e-01 6.329009e-04
    outer loop
      vertex   -9.277466e+01 3.708765e+02 1.863848e+02
      vertex   -9.279045e+01 3.708351e+02 1.832755e+02
      vertex   -9.281643e+01 3.707502e+02 1.863848e+02
    endloop
  endfacet
  facet normal -9.681831e-01 2.502398e-01 -1.265490e-03
    outer loop
      vertex   -9.281643e+01 3.707502e+02 1.863848e+02
      vertex   -9.279045e+01 3.708351e+02 1.832755e+02
      vertex   -9.283480e+01 3.706634e+02 1.832755e+02
    endloop
  endfacet
  facet normal -9.826825e-01 1.852965e-01 6.329009e-04
    outer loop
      vertex   -9.281643e+01 3.707502e+02 1.863848e+02
      vertex   -9.283480e+01 3.706634e+02 1.832755e+02
      vertex   -9.284108e+01 3.706195e+02 1.863848e+02
    endloop
  endfacet
  facet normal -9.985810e-01 5.323938e-02 -1.264555e-03
    outer loop
      vertex   -9.284108e+01 3.706195e+02 1.863848e+02
      vertex   -9.283480e+01 3.706634e+02 1.832755e+02
      vertex   -9.284816e+01 3.704867e+02 1.863848e+02
    endloop
  endfacet
  facet normal -9.971550e-01 7.537788e-02 0.000000e+00
    outer loop
      vertex   -9.284816e+01 3.704867e+02 1.863848e+02
      vertex   -9.283480e+01 3.706634e+02 1.832755e+02
      vertex   -9.283480e+01 3.706634e+02 1.801662e+02
    endloop
  endfacet
  facet normal -9.952359e-01 9.749371e-02 6.326932e-04
    outer loop
      vertex   -9.284816e+01 3.704867e+02 1.863848e+02
      vertex   -9.283480e+01 3.706634e+02 1.801662e+02
      vertex   -9.284108e+01 3.706195e+02 1.770569e+02
    endloop
  endfacet
  facet normal -9.826825e-01 1.852965e-01 -6.329009e-04
    outer loop
      vertex   -9.284108e+01 3.706195e+02 1.770569e+02
      vertex   -9.283480e+01 3.706634e+02 1.801662e+02
      vertex   -9.281643e+01 3.707502e+02 1.770569e+02
    endloop
  endfacet
  facet normal -9.681831e-01 2.502398e-01 1.265490e-03
    outer loop
      vertex   -9.281643e+01 3.707502e+02 1.770569e+02
      vertex   -9.283480e+01 3.706634e+02 1.801662e+02
      vertex   -9.279045e+01 3.708351e+02 1.801662e+02
    endloop
  endfacet
  facet normal -9.493979e-01 3.140753e-01 -6.329009e-04
    outer loop
      vertex   -9.281643e+01 3.707502e+02 1.770569e+02
      vertex   -9.279045e+01 3.708351e+02 1.801662e+02
      vertex   -9.277466e+01 3.708765e+02 1.770569e+02
    endloop
  endfacet
  facet normal -9.985818e-01 5.323942e-02 0.000000e+00
    outer loop
      vertex   -9.284108e+01 3.706195e+02 1.770569e+02
      vertex   -9.284816e+01 3.704867e+02 1.770569e+02
      vertex   -9.284816e+01 3.704867e+02 1.863848e+02
    endloop
  endfacet
  facet normal -8.993168e-01 4.372977e-01 0.000000e+00
    outer loop
      vertex   -9.277466e+01 3.708765e+02 1.863848e+02
      vertex   -9.271649e+01 3.709961e+02 1.863848e+02
      vertex   -9.271649e+01 3.709961e+02 1.770569e+02
    endloop
  endfacet
  facet normal -9.681838e-01 2.502400e-01 0.000000e+00
    outer loop
      vertex   -9.283480e+01 3.706634e+02 1.832755e+02
      vertex   -9.279045e+01 3.708351e+02 1.832755e+02
      vertex   -9.279045e+01 3.708351e+02 1.801662e+02
    endloop
  endfacet
  facet normal -9.681838e-01 2.502400e-01 0.000000e+00
    outer loop
      vertex   -9.283480e+01 3.706634e+02 1.801662e+02
      vertex   -9.283480e+01 3.706634e+02 1.832755e+02
      vertex   -9.279045e+01 3.708351e+02 1.801662e+02
    endloop
  endfacet
  facet normal -9.845397e-01 -1.751614e-01 0.000000e+00
    outer loop
      vertex   -9.282414e+01 3.703517e+02 1.770569e+02
      vertex   -9.282414e+01 3.703517e+02 1.793889e+02
      vertex   -9.284816e+01 3.704867e+02 1.770569e+02
    endloop
  endfacet
  facet normal -9.845397e-01 -1.751614e-01 0.000000e+00
    outer loop
      vertex   -9.284816e+01 3.704867e+02 1.770569e+02
      vertex   -9.282414e+01 3.703517e+02 1.793889e+02
      vertex   -9.282414e+01 3.703517e+02 1.817209e+02
    endloop
  endfacet
  facet normal -9.845397e-01 -1.751614e-01 0.000000e+00
    outer loop
      vertex   -9.284816e+01 3.704867e+02 1.770569e+02
      vertex   -9.282414e+01 3.703517e+02 1.817209e+02
      vertex   -9.284816e+01 3.704867e+02 1.863848e+02
    endloop
  endfacet
  facet normal -9.845397e-01 -1.751614e-01 1.730578e-15
    outer loop
      vertex   -9.284816e+01 3.704867e+02 1.863848e+02
      vertex   -9.282414e+01 3.703517e+02 1.817209e+02
      vertex   -9.282414e+01 3.703517e+02 1.840528e+02
    endloop
  endfacet
  facet normal -9.845397e-01 -1.751614e-01 -6.000061e-15
    outer loop
      vertex   -9.284816e+01 3.704867e+02 1.863848e+02
      vertex   -9.282414e+01 3.703517e+02 1.840528e+02
      vertex   -9.282414e+01 3.703517e+02 1.863848e+02
    endloop
  endfacet
  facet normal -9.513216e-01 -3.081999e-01 -5.797328e-15
    outer loop
      vertex   -9.282414e+01 3.703517e+02 1.863848e+02
      vertex   -9.282414e+01 3.703517e+02 1.840528e+02
      vertex   -9.278188e+01 3.702213e+02 1.863848e+02
    endloop
  endfacet
  facet normal -9.513216e-01 -3.081999e-01 5.797328e-15
    outer loop
      vertex   -9.278188e+01 3.702213e+02 1.863848e+02
      vertex   -9.282414e+01 3.703517e+02 1.840528e+02
      vertex   -9.278188e+01 3.702213e+02 1.840528e+02
    endloop
  endfacet
  facet normal -9.002161e-01 -4.354435e-01 5.485893e-15
    outer loop
      vertex   -9.278188e+01 3.702213e+02 1.863848e+02
      vertex   -9.278188e+01 3.702213e+02 1.840528e+02
      vertex   -9.272217e+01 3.700978e+02 1.863848e+02
    endloop
  endfacet
  facet normal -9.002161e-01 -4.354435e-01 0.000000e+00
    outer loop
      vertex   -9.272217e+01 3.700978e+02 1.863848e+02
      vertex   -9.278188e+01 3.702213e+02 1.840528e+02
      vertex   -9.278188e+01 3.702213e+02 1.817209e+02
    endloop
  endfacet
  facet normal -9.002161e-01 -4.354435e-01 -0.000000e+00
    outer loop
      vertex   -9.272217e+01 3.700978e+02 1.863848e+02
      vertex   -9.278188e+01 3.702213e+02 1.817209e+02
      vertex   -9.272217e+01 3.700978e+02 1.770569e+02
    endloop
  endfacet
  facet normal -9.002161e-01 -4.354435e-01 0.000000e+00
    outer loop
      vertex   -9.272217e+01 3.700978e+02 1.770569e+02
      vertex   -9.278188e+01 3.702213e+02 1.817209e+02
      vertex   -9.278188e+01 3.702213e+02 1.793889e+02
    endloop
  endfacet
  facet normal -9.002161e-01 -4.354435e-01 -5.487398e-15
    outer loop
      vertex   -9.272217e+01 3.700978e+02 1.770569e+02
      vertex   -9.278188e+01 3.702213e+02 1.793889e+02
      vertex   -9.278188e+01 3.702213e+02 1.770569e+02
    endloop
  endfacet
  facet normal -9.513216e-01 -3.081999e-01 -5.797328e-15
    outer loop
      vertex   -9.278188e+01 3.702213e+02 1.770569e+02
      vertex   -9.278188e+01 3.702213e+02 1.793889e+02
      vertex   -9.282414e+01 3.703517e+02 1.770569e+02
    endloop
  endfacet
  facet normal -9.513216e-01 -3.081999e-01 0.000000e+00
    outer loop
      vertex   -9.282414e+01 3.703517e+02 1.770569e+02
      vertex   -9.278188e+01 3.702213e+02 1.793889e+02
      vertex   -9.282414e+01 3.703517e+02 1.793889e+02
    endloop
  endfacet
  facet normal -9.513216e-01 -3.081999e-01 -1.714303e-15
    outer loop
      vertex   -9.278188e+01 3.702213e+02 1.840528e+02
      vertex   -9.282414e+01 3.703517e+02 1.840528e+02
      vertex   -9.282414e+01 3.703517e+02 1.817209e+02
    endloop
  endfacet
  facet normal -9.513216e-01 -3.081999e-01 0.000000e+00
    outer loop
      vertex   -9.278188e+01 3.702213e+02 1.793889e+02
      vertex   -9.278188e+01 3.702213e+02 1.817209e+02
      vertex   -9.282414e+01 3.703517e+02 1.793889e+02
    endloop
  endfacet
  facet normal -9.513216e-01 -3.081999e-01 0.000000e+00
    outer loop
      vertex   -9.282414e+01 3.703517e+02 1.793889e+02
      vertex   -9.278188e+01 3.702213e+02 1.817209e+02
      vertex   -9.282414e+01 3.703517e+02 1.817209e+02
    endloop
  endfacet
  facet normal -9.513216e-01 -3.081999e-01 0.000000e+00
    outer loop
      vertex   -9.278188e+01 3.702213e+02 1.817209e+02
      vertex   -9.278188e+01 3.702213e+02 1.840528e+02
      vertex   -9.282414e+01 3.703517e+02 1.817209e+02
    endloop
  endfacet
  facet normal 8.804310e-01 4.741742e-01 3.845113e-11
    outer loop
      vertex   -1.402699e+02 3.710566e+02 1.770648e+02
      vertex   -1.402699e+02 3.710566e+02 1.770569e+02
      vertex   -1.418551e+02 3.740000e+02 1.770648e+02
    endloop
  endfacet
  facet normal 8.804310e-01 4.741742e-01 4.277840e-11
    outer loop
      vertex   -1.418551e+02 3.740000e+02 1.770648e+02
      vertex   -1.402699e+02 3.710566e+02 1.770569e+02
      vertex   -1.419057e+02 3.740940e+02 1.770569e+02
    endloop
  endfacet
  facet normal 8.804310e-01 4.741742e-01 3.706107e-14
    outer loop
      vertex   -1.418551e+02 3.740000e+02 1.770648e+02
      vertex   -1.419057e+02 3.740940e+02 1.770569e+02
      vertex   -1.419057e+02 3.740940e+02 1.871848e+02
    endloop
  endfacet
  facet normal 8.804310e-01 4.741742e-01 0.000000e+00
    outer loop
      vertex   -1.419057e+02 3.740940e+02 1.871848e+02
      vertex   -1.418551e+02 3.740000e+02 1.871848e+02
      vertex   -1.418551e+02 3.740000e+02 1.770648e+02
    endloop
  endfacet
  facet normal 0.000000e+00 0.000000e+00 1.000000e+00
    outer loop
      vertex   -1.419057e+02 3.740000e+02 1.871848e+02
      vertex   -1.418551e+02 3.740000e+02 1.871848e+02
      vertex   -1.419057e+02 3.740940e+02 1.871848e+02
    endloop
  endfacet
  facet normal 0.000000e+00 -1.000000e+00 0.000000e+00
    outer loop
      vertex   -1.418551e+02 3.740000e+02 1.770648e+02
      vertex   -1.418551e+02 3.740000e+02 1.871848e+02
      vertex   -1.419000e+02 3.740000e+02 1.863848e+02
    endloop
  endfacet
  facet normal 0.000000e+00 -1.000000e+00 0.000000e+00
    outer loop
      vertex   -1.419000e+02 3.740000e+02 1.863848e+02
      vertex   -1.418551e+02 3.740000e+02 1.871848e+02
      vertex   -1.419057e+02 3.740000e+02 1.871848e+02
    endloop
  endfacet
  facet normal 0.000000e+00 -1.000000e+00 0.000000e+00
    outer loop
      vertex   -1.419000e+02 3.740000e+02 1.863848e+02
      vertex   -1.419057e+02 3.740000e+02 1.871848e+02
      vertex   -1.419057e+02 3.740000e+02 1.864741e+02
    endloop
  endfacet
  facet normal 2.151062e-11 -1.000000e+00 1.036843e-13
    outer loop
      vertex   -1.419000e+02 3.740000e+02 1.863848e+02
      vertex   -1.419000e+02 3.740000e+02 1.770648e+02
      vertex   -1.418551e+02 3.740000e+02 1.770648e+02
    endloop
  endfacet
  facet normal 8.802466e-01 4.712029e-01 5.597913e-02
    outer loop
      vertex   -1.419000e+02 3.740000e+02 1.863848e+02
      vertex   -1.419057e+02 3.740000e+02 1.864741e+02
      vertex   -1.410934e+02 3.724767e+02 1.865237e+02
    endloop
  endfacet
  facet normal 8.725862e-01 4.696656e-01 1.341924e-01
    outer loop
      vertex   -1.410934e+02 3.724767e+02 1.865237e+02
      vertex   -1.419057e+02 3.740000e+02 1.864741e+02
      vertex   -1.419057e+02 3.739897e+02 1.865102e+02
    endloop
  endfacet
  facet normal 8.661068e-01 4.665888e-01 1.793151e-01
    outer loop
      vertex   -1.410934e+02 3.724767e+02 1.865237e+02
      vertex   -1.419057e+02 3.739897e+02 1.865102e+02
      vertex   -1.419057e+02 3.739759e+02 1.865461e+02
    endloop
  endfacet
  facet normal 8.538116e-01 4.589344e-01 2.457334e-01
    outer loop
      vertex   -1.419057e+02 3.739759e+02 1.865461e+02
      vertex   -1.419057e+02 3.739380e+02 1.866168e+02
      vertex   -1.410934e+02 3.724767e+02 1.865237e+02
    endloop
  endfacet
  facet normal 8.511742e-01 4.566348e-01 2.588187e-01
    outer loop
      vertex   -1.410934e+02 3.724767e+02 1.865237e+02
      vertex   -1.419057e+02 3.739380e+02 1.866168e+02
      vertex   -1.411252e+02 3.724596e+02 1.866584e+02
    endloop
  endfacet
  facet normal 8.504311e-01 4.580171e-01 2.588190e-01
    outer loop
      vertex   -1.410934e+02 3.724767e+02 1.865237e+02
      vertex   -1.411252e+02 3.724596e+02 1.866584e+02
      vertex   -1.403067e+02 3.709398e+02 1.866584e+02
    endloop
  endfacet
  facet normal 7.979415e-01 4.297478e-01 4.226183e-01
    outer loop
      vertex   -1.403067e+02 3.709398e+02 1.866584e+02
      vertex   -1.411252e+02 3.724596e+02 1.866584e+02
      vertex   -1.403585e+02 3.709118e+02 1.867848e+02
    endloop
  endfacet
  facet normal 7.979415e-01 4.297478e-01 4.226183e-01
    outer loop
      vertex   -1.403585e+02 3.709118e+02 1.867848e+02
      vertex   -1.411252e+02 3.724596e+02 1.866584e+02
      vertex   -1.411771e+02 3.724317e+02 1.867848e+02
    endloop
  endfacet
  facet normal 7.212069e-01 3.884208e-01 5.735764e-01
    outer loop
      vertex   -1.403585e+02 3.709118e+02 1.867848e+02
      vertex   -1.411771e+02 3.724317e+02 1.867848e+02
      vertex   -1.404290e+02 3.708739e+02 1.868990e+02
    endloop
  endfacet
  facet normal 7.212069e-01 3.884208e-01 5.735764e-01
    outer loop
      vertex   -1.404290e+02 3.708739e+02 1.868990e+02
      vertex   -1.411771e+02 3.724317e+02 1.867848e+02
      vertex   -1.412475e+02 3.723938e+02 1.868990e+02
    endloop
  endfacet
  facet normal 6.225587e-01 3.352918e-01 7.071068e-01
    outer loop
      vertex   -1.404290e+02 3.708739e+02 1.868990e+02
      vertex   -1.412475e+02 3.723938e+02 1.868990e+02
      vertex   -1.405158e+02 3.708272e+02 1.869976e+02
    endloop
  endfacet
  facet normal 6.225587e-01 3.352918e-01 7.071068e-01
    outer loop
      vertex   -1.405158e+02 3.708272e+02 1.869976e+02
      vertex   -1.412475e+02 3.723938e+02 1.868990e+02
      vertex   -1.413343e+02 3.723470e+02 1.869976e+02
    endloop
  endfacet
  facet normal 5.049945e-01 2.719752e-01 8.191520e-01
    outer loop
      vertex   -1.405158e+02 3.708272e+02 1.869976e+02
      vertex   -1.413343e+02 3.723470e+02 1.869976e+02
      vertex   -1.406164e+02 3.707730e+02 1.870776e+02
    endloop
  endfacet
  facet normal 5.049945e-01 2.719752e-01 8.191520e-01
    outer loop
      vertex   -1.406164e+02 3.707730e+02 1.870776e+02
      vertex   -1.413343e+02 3.723470e+02 1.869976e+02
      vertex   -1.414349e+02 3.722928e+02 1.870776e+02
    endloop
  endfacet
  facet normal 3.720862e-01 2.003947e-01 9.063078e-01
    outer loop
      vertex   -1.406164e+02 3.707730e+02 1.870776e+02
      vertex   -1.414349e+02 3.722928e+02 1.870776e+02
      vertex   -1.407276e+02 3.707131e+02 1.871365e+02
    endloop
  endfacet
  facet normal 3.720862e-01 2.003947e-01 9.063078e-01
    outer loop
      vertex   -1.407276e+02 3.707131e+02 1.871365e+02
      vertex   -1.414349e+02 3.722928e+02 1.870776e+02
      vertex   -1.415462e+02 3.722329e+02 1.871365e+02
    endloop
  endfacet
  facet normal 2.278723e-01 1.227253e-01 9.659258e-01
    outer loop
      vertex   -1.407276e+02 3.707131e+02 1.871365e+02
      vertex   -1.415462e+02 3.722329e+02 1.871365e+02
      vertex   -1.408462e+02 3.706492e+02 1.871726e+02
    endloop
  endfacet
  facet normal 2.278723e-01 1.227253e-01 9.659258e-01
    outer loop
      vertex   -1.408462e+02 3.706492e+02 1.871726e+02
      vertex   -1.415462e+02 3.722329e+02 1.871365e+02
      vertex   -1.416648e+02 3.721690e+02 1.871726e+02
    endloop
  endfacet
  facet normal 7.673462e-02 4.132701e-02 9.961947e-01
    outer loop
      vertex   -1.408462e+02 3.706492e+02 1.871726e+02
      vertex   -1.416648e+02 3.721690e+02 1.871726e+02
      vertex   -1.409685e+02 3.705833e+02 1.871848e+02
    endloop
  endfacet
  facet normal 7.673462e-02 4.132701e-02 9.961947e-01
    outer loop
      vertex   -1.409685e+02 3.705833e+02 1.871848e+02
      vertex   -1.416648e+02 3.721690e+02 1.871726e+02
      vertex   -1.419057e+02 3.723234e+02 1.871848e+02
    endloop
  endfacet
  facet normal 7.791614e-02 4.318458e-02 9.960242e-01
    outer loop
      vertex   -1.419057e+02 3.723234e+02 1.871848e+02
      vertex   -1.416648e+02 3.721690e+02 1.871726e+02
      vertex   -1.419057e+02 3.726294e+02 1.871715e+02
    endloop
  endfacet
  facet normal 2.283484e-01 1.218411e-01 9.659253e-01
    outer loop
      vertex   -1.419057e+02 3.726294e+02 1.871715e+02
      vertex   -1.416648e+02 3.721690e+02 1.871726e+02
      vertex   -1.415462e+02 3.722329e+02 1.871365e+02
    endloop
  endfacet
  facet normal 2.351080e-01 1.281865e-01 9.634793e-01
    outer loop
      vertex   -1.419057e+02 3.726294e+02 1.871715e+02
      vertex   -1.415462e+02 3.722329e+02 1.871365e+02
      vertex   -1.419057e+02 3.729252e+02 1.871321e+02
    endloop
  endfacet
  facet normal 3.528404e-01 1.890275e-01 9.163909e-01
    outer loop
      vertex   -1.419057e+02 3.729252e+02 1.871321e+02
      vertex   -1.415462e+02 3.722329e+02 1.871365e+02
      vertex   -1.419057e+02 3.730662e+02 1.871030e+02
    endloop
  endfacet
  facet normal 3.736004e-01 1.975786e-01 9.063032e-01
    outer loop
      vertex   -1.419057e+02 3.730662e+02 1.871030e+02
      vertex   -1.415462e+02 3.722329e+02 1.871365e+02
      vertex   -1.414349e+02 3.722928e+02 1.870776e+02
    endloop
  endfacet
  facet normal 4.221555e-01 2.280886e-01 8.773599e-01
    outer loop
      vertex   -1.419057e+02 3.730662e+02 1.871030e+02
      vertex   -1.414349e+02 3.722928e+02 1.870776e+02
      vertex   -1.419057e+02 3.732011e+02 1.870680e+02
    endloop
  endfacet
  facet normal 4.935365e-01 2.645730e-01 8.285064e-01
    outer loop
      vertex   -1.419057e+02 3.732011e+02 1.870680e+02
      vertex   -1.414349e+02 3.722928e+02 1.870776e+02
      vertex   -1.419057e+02 3.733286e+02 1.870273e+02
    endloop
  endfacet
  facet normal 5.061390e-01 2.698465e-01 8.191497e-01
    outer loop
      vertex   -1.419057e+02 3.733286e+02 1.870273e+02
      vertex   -1.414349e+02 3.722928e+02 1.870776e+02
      vertex   -1.413343e+02 3.723470e+02 1.869976e+02
    endloop
  endfacet
  facet normal 5.553494e-01 2.998023e-01 7.756968e-01
    outer loop
      vertex   -1.419057e+02 3.733286e+02 1.870273e+02
      vertex   -1.413343e+02 3.723470e+02 1.869976e+02
      vertex   -1.419057e+02 3.734478e+02 1.869812e+02
    endloop
  endfacet
  facet normal 6.232437e-01 3.340184e-01 7.071060e-01
    outer loop
      vertex   -1.419057e+02 3.734478e+02 1.869812e+02
      vertex   -1.413343e+02 3.723470e+02 1.869976e+02
      vertex   -1.412475e+02 3.723938e+02 1.868990e+02
    endloop
  endfacet
  facet normal 6.188820e-01 3.308827e-01 7.123915e-01
    outer loop
      vertex   -1.419057e+02 3.734478e+02 1.869812e+02
      vertex   -1.412475e+02 3.723938e+02 1.868990e+02
      vertex   -1.419057e+02 3.735577e+02 1.869302e+02
    endloop
  endfacet
  facet normal 6.701180e-01 3.615731e-01 6.482335e-01
    outer loop
      vertex   -1.419057e+02 3.735577e+02 1.869302e+02
      vertex   -1.412475e+02 3.723938e+02 1.868990e+02
      vertex   -1.419057e+02 3.736573e+02 1.868746e+02
    endloop
  endfacet
  facet normal 7.219114e-01 3.871107e-01 5.735758e-01
    outer loop
      vertex   -1.419057e+02 3.736573e+02 1.868746e+02
      vertex   -1.412475e+02 3.723938e+02 1.868990e+02
      vertex   -1.411771e+02 3.724317e+02 1.867848e+02
    endloop
  endfacet
  facet normal 7.215131e-01 3.868230e-01 5.742707e-01
    outer loop
      vertex   -1.419057e+02 3.736573e+02 1.868746e+02
      vertex   -1.411771e+02 3.724317e+02 1.867848e+02
      vertex   -1.419057e+02 3.737458e+02 1.868150e+02
    endloop
  endfacet
  facet normal 7.626186e-01 4.113384e-01 4.992130e-01
    outer loop
      vertex   -1.419057e+02 3.737458e+02 1.868150e+02
      vertex   -1.411771e+02 3.724317e+02 1.867848e+02
      vertex   -1.419057e+02 3.738225e+02 1.867518e+02
    endloop
  endfacet
  facet normal 7.986641e-01 4.284038e-01 4.226178e-01
    outer loop
      vertex   -1.419057e+02 3.738225e+02 1.867518e+02
      vertex   -1.411771e+02 3.724317e+02 1.867848e+02
      vertex   -1.411252e+02 3.724596e+02 1.866584e+02
    endloop
  endfacet
  facet normal 8.007645e-01 4.299920e-01 4.169929e-01
    outer loop
      vertex   -1.419057e+02 3.738225e+02 1.867518e+02
      vertex   -1.411252e+02 3.724596e+02 1.866584e+02
      vertex   -1.419057e+02 3.738868e+02 1.866855e+02
    endloop
  endfacet
  facet normal 8.297644e-01 4.474372e-01 3.336029e-01
    outer loop
      vertex   -1.419057e+02 3.738868e+02 1.866855e+02
      vertex   -1.411252e+02 3.724596e+02 1.866584e+02
      vertex   -1.419057e+02 3.739380e+02 1.866168e+02
    endloop
  endfacet
  facet normal 8.504311e-01 4.580171e-01 2.588190e-01
    outer loop
      vertex   -1.403067e+02 3.709398e+02 1.866584e+02
      vertex   -1.402749e+02 3.709569e+02 1.865237e+02
      vertex   -1.410934e+02 3.724767e+02 1.865237e+02
    endloop
  endfacet
  facet normal 8.770807e-01 4.723699e-01 8.715574e-02
    outer loop
      vertex   -1.410934e+02 3.724767e+02 1.865237e+02
      vertex   -1.402749e+02 3.709569e+02 1.865237e+02
      vertex   -1.402642e+02 3.709627e+02 1.863848e+02
    endloop
  endfacet
  facet normal 8.770807e-01 4.723699e-01 8.715574e-02
    outer loop
      vertex   -1.410934e+02 3.724767e+02 1.865237e+02
      vertex   -1.402642e+02 3.709627e+02 1.863848e+02
      vertex   -1.419000e+02 3.740000e+02 1.863848e+02
    endloop
  endfacet
  facet normal 0.000000e+00 0.000000e+00 1.000000e+00
    outer loop
      vertex   -1.419057e+02 3.723234e+02 1.871848e+02
      vertex   -1.409770e+02 3.704826e+02 1.871848e+02
      vertex   -1.409685e+02 3.705833e+02 1.871848e+02
    endloop
  endfacet
  facet normal 0.000000e+00 0.000000e+00 1.000000e+00
    outer loop
      vertex   -1.409685e+02 3.705833e+02 1.871848e+02
      vertex   -1.409770e+02 3.704826e+02 1.871848e+02
      vertex   -1.409667e+02 3.705032e+02 1.871848e+02
    endloop
  endfacet
  facet normal 0.000000e+00 0.000000e+00 1.000000e+00
    outer loop
      vertex   -1.409685e+02 3.705833e+02 1.871848e+02
      vertex   -1.409667e+02 3.705032e+02 1.871848e+02
      vertex   -1.409627e+02 3.705716e+02 1.871848e+02
    endloop
  endfacet
  facet normal 0.000000e+00 0.000000e+00 1.000000e+00
    outer loop
      vertex   -1.409627e+02 3.705716e+02 1.871848e+02
      vertex   -1.409667e+02 3.705032e+02 1.871848e+02
      vertex   -1.409588e+02 3.705248e+02 1.871848e+02
    endloop
  endfacet
  facet normal 0.000000e+00 0.000000e+00 1.000000e+00
    outer loop
      vertex   -1.409627e+02 3.705716e+02 1.871848e+02
      vertex   -1.409588e+02 3.705248e+02 1.871848e+02
      vertex   -1.409577e+02 3.705596e+02 1.871848e+02
    endloop
  endfacet
  facet normal 0.000000e+00 0.000000e+00 1.000000e+00
    outer loop
      vertex   -1.409577e+02 3.705596e+02 1.871848e+02
      vertex   -1.409588e+02 3.705248e+02 1.871848e+02
      vertex   -1.409534e+02 3.705472e+02 1.871848e+02
    endloop
  endfacet
  facet normal 0.000000e+00 0.000000e+00 1.000000e+00
    outer loop
      vertex   -1.419057e+02 3.723234e+02 1.871848e+02
      vertex   -1.419057e+02 3.688703e+02 1.871848e+02
      vertex   -1.409770e+02 3.704826e+02 1.871848e+02
    endloop
  endfacet
  facet normal 7.552278e-02 -4.350211e-02 9.961947e-01
    outer loop
      vertex   -1.409770e+02 3.704826e+02 1.871848e+02
      vertex   -1.419057e+02 3.688703e+02 1.871848e+02
      vertex   -1.408566e+02 3.704133e+02 1.871726e+02
    endloop
  endfacet
  facet normal 8.349469e-02 -4.892935e-02 9.953063e-01
    outer loop
      vertex   -1.408566e+02 3.704133e+02 1.871726e+02
      vertex   -1.419057e+02 3.688703e+02 1.871848e+02
      vertex   -1.419057e+02 3.685577e+02 1.871694e+02
    endloop
  endfacet
  facet normal 2.115018e-01 -1.212534e-01 9.698271e-01
    outer loop
      vertex   -1.408566e+02 3.704133e+02 1.871726e+02
      vertex   -1.419057e+02 3.685577e+02 1.871694e+02
      vertex   -1.419057e+02 3.684051e+02 1.871503e+02
    endloop
  endfacet
  facet normal 2.248502e-01 -1.281831e-01 9.659252e-01
    outer loop
      vertex   -1.408566e+02 3.704133e+02 1.871726e+02
      vertex   -1.419057e+02 3.684051e+02 1.871503e+02
      vertex   -1.407399e+02 3.703460e+02 1.871365e+02
    endloop
  endfacet
  facet normal 2.911770e-01 -1.681921e-01 9.417682e-01
    outer loop
      vertex   -1.407399e+02 3.703460e+02 1.871365e+02
      vertex   -1.419057e+02 3.684051e+02 1.871503e+02
      vertex   -1.419057e+02 3.682570e+02 1.871239e+02
    endloop
  endfacet
  facet normal 3.666862e-01 -2.101147e-01 9.063074e-01
    outer loop
      vertex   -1.407399e+02 3.703460e+02 1.871365e+02
      vertex   -1.419057e+02 3.682570e+02 1.871239e+02
      vertex   -1.406304e+02 3.702830e+02 1.870776e+02
    endloop
  endfacet
  facet normal 3.716453e-01 -2.132996e-01 9.035392e-01
    outer loop
      vertex   -1.406304e+02 3.702830e+02 1.870776e+02
      vertex   -1.419057e+02 3.682570e+02 1.871239e+02
      vertex   -1.419057e+02 3.681148e+02 1.870903e+02
    endloop
  endfacet
  facet normal 4.449451e-01 -2.566813e-01 8.579852e-01
    outer loop
      vertex   -1.406304e+02 3.702830e+02 1.870776e+02
      vertex   -1.419057e+02 3.681148e+02 1.870903e+02
      vertex   -1.419057e+02 3.679799e+02 1.870499e+02
    endloop
  endfacet
  facet normal 4.975601e-01 -2.853500e-01 8.191516e-01
    outer loop
      vertex   -1.406304e+02 3.702830e+02 1.870776e+02
      vertex   -1.419057e+02 3.679799e+02 1.870499e+02
      vertex   -1.405314e+02 3.702260e+02 1.869976e+02
    endloop
  endfacet
  facet normal 5.164432e-01 -2.972787e-01 8.030640e-01
    outer loop
      vertex   -1.405314e+02 3.702260e+02 1.869976e+02
      vertex   -1.419057e+02 3.679799e+02 1.870499e+02
      vertex   -1.419057e+02 3.678535e+02 1.870032e+02
    endloop
  endfacet
  facet normal 5.817405e-01 -3.352498e-01 7.410706e-01
    outer loop
      vertex   -1.405314e+02 3.702260e+02 1.869976e+02
      vertex   -1.419057e+02 3.678535e+02 1.870032e+02
      vertex   -1.419057e+02 3.677370e+02 1.869504e+02
    endloop
  endfacet
  facet normal 6.132611e-01 -3.520106e-01 7.071064e-01
    outer loop
      vertex   -1.405314e+02 3.702260e+02 1.869976e+02
      vertex   -1.419057e+02 3.677370e+02 1.869504e+02
      vertex   -1.404460e+02 3.701767e+02 1.868990e+02
    endloop
  endfacet
  facet normal 6.419006e-01 -3.698934e-01 6.716714e-01
    outer loop
      vertex   -1.404460e+02 3.701767e+02 1.868990e+02
      vertex   -1.419057e+02 3.677370e+02 1.869504e+02
      vertex   -1.419057e+02 3.676314e+02 1.868923e+02
    endloop
  endfacet
  facet normal 6.961687e-01 -4.008147e-01 5.955642e-01
    outer loop
      vertex   -1.404460e+02 3.701767e+02 1.868990e+02
      vertex   -1.419057e+02 3.676314e+02 1.868923e+02
      vertex   -1.419057e+02 3.675377e+02 1.868292e+02
    endloop
  endfacet
  facet normal 7.102892e-01 -4.080437e-01 5.735762e-01
    outer loop
      vertex   -1.404460e+02 3.701767e+02 1.868990e+02
      vertex   -1.419057e+02 3.675377e+02 1.868292e+02
      vertex   -1.403766e+02 3.701368e+02 1.867848e+02
    endloop
  endfacet
  facet normal 7.429938e-01 -4.282970e-01 5.143168e-01
    outer loop
      vertex   -1.403766e+02 3.701368e+02 1.867848e+02
      vertex   -1.419057e+02 3.675377e+02 1.868292e+02
      vertex   -1.419057e+02 3.674568e+02 1.867619e+02
    endloop
  endfacet
  facet normal 7.837629e-01 -4.508133e-01 4.271803e-01
    outer loop
      vertex   -1.403766e+02 3.701368e+02 1.867848e+02
      vertex   -1.419057e+02 3.674568e+02 1.867619e+02
      vertex   -1.419057e+02 3.673896e+02 1.866909e+02
    endloop
  endfacet
  facet normal 7.857021e-01 -4.517368e-01 4.226182e-01
    outer loop
      vertex   -1.403766e+02 3.701368e+02 1.867848e+02
      vertex   -1.419057e+02 3.673896e+02 1.866909e+02
      vertex   -1.403256e+02 3.701074e+02 1.866584e+02
    endloop
  endfacet
  facet normal 8.156715e-01 -4.701846e-01 3.370555e-01
    outer loop
      vertex   -1.403256e+02 3.701074e+02 1.866584e+02
      vertex   -1.419057e+02 3.673896e+02 1.866909e+02
      vertex   -1.419057e+02 3.673366e+02 1.866170e+02
    endloop
  endfacet
  facet normal 8.374096e-01 -4.814125e-01 2.588190e-01
    outer loop
      vertex   -1.403256e+02 3.701074e+02 1.866584e+02
      vertex   -1.419057e+02 3.673366e+02 1.866170e+02
      vertex   -1.402943e+02 3.700894e+02 1.865237e+02
    endloop
  endfacet
  facet normal 8.407484e-01 -4.839083e-01 2.428476e-01
    outer loop
      vertex   -1.402943e+02 3.700894e+02 1.865237e+02
      vertex   -1.419057e+02 3.673366e+02 1.866170e+02
      vertex   -1.419057e+02 3.672984e+02 1.865408e+02
    endloop
  endfacet
  facet normal 8.537293e-01 -4.918444e-01 1.709834e-01
    outer loop
      vertex   -1.402943e+02 3.700894e+02 1.865237e+02
      vertex   -1.419057e+02 3.672984e+02 1.865408e+02
      vertex   -1.419057e+02 3.672849e+02 1.865021e+02
    endloop
  endfacet
  facet normal 8.601445e-01 -4.951570e-01 1.223563e-01
    outer loop
      vertex   -1.419057e+02 3.672849e+02 1.865021e+02
      vertex   -1.419057e+02 3.672753e+02 1.864632e+02
      vertex   -1.402943e+02 3.700894e+02 1.865237e+02
    endloop
  endfacet
  facet normal 8.636902e-01 -4.964305e-01 8.715571e-02
    outer loop
      vertex   -1.402943e+02 3.700894e+02 1.865237e+02
      vertex   -1.419057e+02 3.672753e+02 1.864632e+02
      vertex   -1.402838e+02 3.700833e+02 1.863848e+02
    endloop
  endfacet
  facet normal 8.644791e-01 -4.972678e-01 7.348911e-02
    outer loop
      vertex   -1.402838e+02 3.700833e+02 1.863848e+02
      vertex   -1.419057e+02 3.672753e+02 1.864632e+02
      vertex   -1.419057e+02 3.672695e+02 1.864240e+02
    endloop
  endfacet
  facet normal 8.662657e-01 -4.989804e-01 2.454123e-02
    outer loop
      vertex   -1.402838e+02 3.700833e+02 1.863848e+02
      vertex   -1.419057e+02 3.672695e+02 1.864240e+02
      vertex   -1.419057e+02 3.672676e+02 1.863848e+02
    endloop
  endfacet
  facet normal -0.000000e+00 0.000000e+00 -1.000000e+00
    outer loop
      vertex   -1.402838e+02 3.700833e+02 2.056848e+02
      vertex   -1.419057e+02 3.672676e+02 2.056848e+02
      vertex   -1.419000e+02 3.740000e+02 2.056848e+02
    endloop
  endfacet
  facet normal -0.000000e+00 0.000000e+00 -1.000000e+00
    outer loop
      vertex   -1.419000e+02 3.740000e+02 2.056848e+02
      vertex   -1.419057e+02 3.672676e+02 2.056848e+02
      vertex   -1.419057e+02 3.740940e+02 2.056848e+02
    endloop
  endfacet
  facet normal 0.000000e+00 0.000000e+00 -1.000000e+00
    outer loop
      vertex   -1.419000e+02 3.740000e+02 2.056848e+02
      vertex   -1.419057e+02 3.740940e+02 2.056848e+02
      vertex   -1.419000e+02 3.740834e+02 2.056848e+02
    endloop
  endfacet
  facet normal 0.000000e+00 0.000000e+00 -1.000000e+00
    outer loop
      vertex   -1.419000e+02 3.740000e+02 2.056848e+02
      vertex   -1.402642e+02 3.709627e+02 2.056848e+02
      vertex   -1.402838e+02 3.700833e+02 2.056848e+02
    endloop
  endfacet
  facet normal 0.000000e+00 0.000000e+00 -1.000000e+00
    outer loop
      vertex   -1.402838e+02 3.700833e+02 2.056848e+02
      vertex   -1.402642e+02 3.709627e+02 2.056848e+02
      vertex   -1.402249e+02 3.702035e+02 2.056848e+02
    endloop
  endfacet
  facet normal 0.000000e+00 0.000000e+00 -1.000000e+00
    outer loop
      vertex   -1.402249e+02 3.702035e+02 2.056848e+02
      vertex   -1.402642e+02 3.709627e+02 2.056848e+02
      vertex   -1.402106e+02 3.708456e+02 2.056848e+02
    endloop
  endfacet
  facet normal 0.000000e+00 0.000000e+00 -1.000000e+00
    outer loop
      vertex   -1.402249e+02 3.702035e+02 2.056848e+02
      vertex   -1.402106e+02 3.708456e+02 2.056848e+02
      vertex   -1.401825e+02 3.703305e+02 2.056848e+02
    endloop
  endfacet
  facet normal 0.000000e+00 0.000000e+00 -1.000000e+00
    outer loop
      vertex   -1.401825e+02 3.703305e+02 2.056848e+02
      vertex   -1.402106e+02 3.708456e+02 2.056848e+02
      vertex   -1.401724e+02 3.707226e+02 2.056848e+02
    endloop
  endfacet
  facet normal 0.000000e+00 0.000000e+00 -1.000000e+00
    outer loop
      vertex   -1.401825e+02 3.703305e+02 2.056848e+02
      vertex   -1.401724e+02 3.707226e+02 2.056848e+02
      vertex   -1.401576e+02 3.704621e+02 2.056848e+02
    endloop
  endfacet
  facet normal 0.000000e+00 0.000000e+00 -1.000000e+00
    outer loop
      vertex   -1.401576e+02 3.704621e+02 2.056848e+02
      vertex   -1.401724e+02 3.707226e+02 2.056848e+02
      vertex   -1.401504e+02 3.705957e+02 2.056848e+02
    endloop
  endfacet
  facet normal 8.804310e-01 4.741742e-01 -8.318357e-15
    outer loop
      vertex   -1.419000e+02 3.740834e+02 2.056848e+02
      vertex   -1.419057e+02 3.740940e+02 2.056848e+02
      vertex   -1.419000e+02 3.740834e+02 2.207258e+02
    endloop
  endfacet
  facet normal 8.804310e-01 4.741742e-01 -8.318359e-15
    outer loop
      vertex   -1.419000e+02 3.740834e+02 2.207258e+02
      vertex   -1.419057e+02 3.740940e+02 2.056848e+02
      vertex   -1.419057e+02 3.740940e+02 2.207258e+02
    endloop
  endfacet
  facet normal 6.339708e-01 3.414380e-01 -6.939028e-01
    outer loop
      vertex   -1.419000e+02 3.740000e+02 2.206848e+02
      vertex   -1.419000e+02 3.740834e+02 2.207258e+02
      vertex   -1.402642e+02 3.709627e+02 2.206848e+02
    endloop
  endfacet
  facet normal 6.647026e-01 3.570519e-01 -6.562655e-01
    outer loop
      vertex   -1.402642e+02 3.709627e+02 2.206848e+02
      vertex   -1.419000e+02 3.740834e+02 2.207258e+02
      vertex   -1.401724e+02 3.710121e+02 2.208047e+02
    endloop
  endfacet
  facet normal 6.805088e-01 3.665020e-01 -6.344952e-01
    outer loop
      vertex   -1.401724e+02 3.710121e+02 2.208047e+02
      vertex   -1.419000e+02 3.740834e+02 2.207258e+02
      vertex   -1.411252e+02 3.727813e+02 2.208047e+02
    endloop
  endfacet
  facet normal 7.474521e-01 4.025557e-01 -5.284546e-01
    outer loop
      vertex   -1.401724e+02 3.710121e+02 2.208047e+02
      vertex   -1.411252e+02 3.727813e+02 2.208047e+02
      vertex   -1.400984e+02 3.710519e+02 2.209396e+02
    endloop
  endfacet
  facet normal 7.474521e-01 4.025557e-01 -5.284546e-01
    outer loop
      vertex   -1.400984e+02 3.710519e+02 2.209396e+02
      vertex   -1.411252e+02 3.727813e+02 2.208047e+02
      vertex   -1.410512e+02 3.728211e+02 2.209396e+02
    endloop
  endfacet
  facet normal 8.117173e-01 4.371670e-01 -3.872983e-01
    outer loop
      vertex   -1.400984e+02 3.710519e+02 2.209396e+02
      vertex   -1.410512e+02 3.728211e+02 2.209396e+02
      vertex   -1.400442e+02 3.710811e+02 2.210861e+02
    endloop
  endfacet
  facet normal 8.117173e-01 4.371670e-01 -3.872983e-01
    outer loop
      vertex   -1.400442e+02 3.710811e+02 2.210861e+02
      vertex   -1.410512e+02 3.728211e+02 2.209396e+02
      vertex   -1.409971e+02 3.728503e+02 2.210861e+02
    endloop
  endfacet
  facet normal 8.554842e-01 4.607386e-01 -2.363616e-01
    outer loop
      vertex   -1.400442e+02 3.710811e+02 2.210861e+02
      vertex   -1.409971e+02 3.728503e+02 2.210861e+02
      vertex   -1.400112e+02 3.710989e+02 2.212405e+02
    endloop
  endfacet
  facet normal 8.554842e-01 4.607386e-01 -2.363616e-01
    outer loop
      vertex   -1.400112e+02 3.710989e+02 2.212405e+02
      vertex   -1.409971e+02 3.728503e+02 2.210861e+02
      vertex   -1.409640e+02 3.728681e+02 2.212405e+02
    endloop
  endfacet
  facet normal 8.776474e-01 4.726751e-01 -7.945604e-02
    outer loop
      vertex   -1.400112e+02 3.710989e+02 2.212405e+02
      vertex   -1.409640e+02 3.728681e+02 2.212405e+02
      vertex   -1.400001e+02 3.711049e+02 2.213989e+02
    endloop
  endfacet
  facet normal 8.772956e-01 4.716244e-01 -8.901019e-02
    outer loop
      vertex   -1.400001e+02 3.711049e+02 2.213989e+02
      vertex   -1.409640e+02 3.728681e+02 2.212405e+02
      vertex   -1.419057e+02 3.746410e+02 2.213528e+02
    endloop
  endfacet
  facet normal 8.801966e-01 4.740480e-01 -2.307268e-02
    outer loop
      vertex   -1.400001e+02 3.711049e+02 2.213989e+02
      vertex   -1.419057e+02 3.746410e+02 2.213528e+02
      vertex   -1.419057e+02 3.746432e+02 2.213989e+02
    endloop
  endfacet
  facet normal 6.777708e-01 3.650274e-01 -6.382646e-01
    outer loop
      vertex   -1.419057e+02 3.740940e+02 2.207258e+02
      vertex   -1.419057e+02 3.742181e+02 2.207968e+02
      vertex   -1.419000e+02 3.740834e+02 2.207258e+02
    endloop
  endfacet
  facet normal 6.781377e-01 3.648814e-01 -6.379583e-01
    outer loop
      vertex   -1.419000e+02 3.740834e+02 2.207258e+02
      vertex   -1.419057e+02 3.742181e+02 2.207968e+02
      vertex   -1.411252e+02 3.727813e+02 2.208047e+02
    endloop
  endfacet
  facet normal 7.264355e-01 3.915151e-01 -5.648074e-01
    outer loop
      vertex   -1.419057e+02 3.742181e+02 2.207968e+02
      vertex   -1.419057e+02 3.743280e+02 2.208730e+02
      vertex   -1.411252e+02 3.727813e+02 2.208047e+02
    endloop
  endfacet
  facet normal 7.483153e-01 4.009500e-01 -5.284537e-01
    outer loop
      vertex   -1.411252e+02 3.727813e+02 2.208047e+02
      vertex   -1.419057e+02 3.743280e+02 2.208730e+02
      vertex   -1.410512e+02 3.728211e+02 2.209396e+02
    endloop
  endfacet
  facet normal 7.691139e-01 4.146021e-01 -4.863836e-01
    outer loop
      vertex   -1.419057e+02 3.743280e+02 2.208730e+02
      vertex   -1.419057e+02 3.744226e+02 2.209536e+02
      vertex   -1.410512e+02 3.728211e+02 2.209396e+02
    endloop
  endfacet
  facet normal 8.059231e-01 4.335110e-01 -4.031825e-01
    outer loop
      vertex   -1.410512e+02 3.728211e+02 2.209396e+02
      vertex   -1.419057e+02 3.744226e+02 2.209536e+02
      vertex   -1.419057e+02 3.745011e+02 2.210380e+02
    endloop
  endfacet
  facet normal 8.124098e-01 4.358791e-01 -3.872979e-01
    outer loop
      vertex   -1.410512e+02 3.728211e+02 2.209396e+02
      vertex   -1.419057e+02 3.745011e+02 2.210380e+02
      vertex   -1.409971e+02 3.728503e+02 2.210861e+02
    endloop
  endfacet
  facet normal 8.345372e-01 4.500818e-01 -3.177640e-01
    outer loop
      vertex   -1.409971e+02 3.728503e+02 2.210861e+02
      vertex   -1.419057e+02 3.745011e+02 2.210380e+02
      vertex   -1.419057e+02 3.745629e+02 2.211255e+02
    endloop
  endfacet
  facet normal 8.560776e-01 4.596351e-01 -2.363614e-01
    outer loop
      vertex   -1.409971e+02 3.728503e+02 2.210861e+02
      vertex   -1.419057e+02 3.745629e+02 2.211255e+02
      vertex   -1.409640e+02 3.728681e+02 2.212405e+02
    endloop
  endfacet
  facet normal 8.575184e-01 4.609761e-01 -2.283927e-01
    outer loop
      vertex   -1.409640e+02 3.728681e+02 2.212405e+02
      vertex   -1.419057e+02 3.745629e+02 2.211255e+02
      vertex   -1.419057e+02 3.746074e+02 2.212154e+02
    endloop
  endfacet
  facet normal 8.689024e-01 4.681158e-01 -1.608607e-01
    outer loop
      vertex   -1.409640e+02 3.728681e+02 2.212405e+02
      vertex   -1.419057e+02 3.746074e+02 2.212154e+02
      vertex   -1.419057e+02 3.746230e+02 2.212609e+02
    endloop
  endfacet
  facet normal 8.747496e-01 4.707207e-01 -1.150443e-01
    outer loop
      vertex   -1.419057e+02 3.746230e+02 2.212609e+02
      vertex   -1.419057e+02 3.746342e+02 2.213067e+02
      vertex   -1.409640e+02 3.728681e+02 2.212405e+02
    endloop
  endfacet
  facet normal 8.792321e-01 4.713810e-01 -6.892655e-02
    outer loop
      vertex   -1.409640e+02 3.728681e+02 2.212405e+02
      vertex   -1.419057e+02 3.746342e+02 2.213067e+02
      vertex   -1.419057e+02 3.746410e+02 2.213528e+02
    endloop
  endfacet
  facet normal 8.804310e-01 4.741742e-01 -0.000000e+00
    outer loop
      vertex   -1.400001e+02 3.711049e+02 2.213989e+02
      vertex   -1.419057e+02 3.746432e+02 2.213989e+02
      vertex   -1.400001e+02 3.711049e+02 2.216848e+02
    endloop
  endfacet
  facet normal 8.804310e-01 4.741742e-01 0.000000e+00
    outer loop
      vertex   -1.400001e+02 3.711049e+02 2.216848e+02
      vertex   -1.419057e+02 3.746432e+02 2.213989e+02
      vertex   -1.419057e+02 3.746432e+02 2.216848e+02
    endloop
  endfacet
  facet normal 8.801659e-01 4.740314e-01 2.454123e-02
    outer loop
      vertex   -1.419057e+02 3.746432e+02 2.216848e+02
      vertex   -1.419057e+02 3.746407e+02 2.217338e+02
      vertex   -1.400001e+02 3.711049e+02 2.216848e+02
    endloop
  endfacet
  facet normal 8.783344e-01 4.723652e-01 7.348301e-02
    outer loop
      vertex   -1.400001e+02 3.711049e+02 2.216848e+02
      vertex   -1.419057e+02 3.746407e+02 2.217338e+02
      vertex   -1.419057e+02 3.746331e+02 2.217828e+02
    endloop
  endfacet
  facet normal 8.775233e-01 4.715472e-01 8.715570e-02
    outer loop
      vertex   -1.400001e+02 3.711049e+02 2.216848e+02
      vertex   -1.419057e+02 3.746331e+02 2.217828e+02
      vertex   -1.400134e+02 3.710977e+02 2.218584e+02
    endloop
  endfacet
  facet normal 8.739398e-01 4.703821e-01 1.223519e-01
    outer loop
      vertex   -1.400134e+02 3.710977e+02 2.218584e+02
      vertex   -1.419057e+02 3.746331e+02 2.217828e+02
      vertex   -1.419057e+02 3.746204e+02 2.218315e+02
    endloop
  endfacet
  facet normal 8.674301e-01 4.672570e-01 1.709852e-01
    outer loop
      vertex   -1.400134e+02 3.710977e+02 2.218584e+02
      vertex   -1.419057e+02 3.746204e+02 2.218315e+02
      vertex   -1.419057e+02 3.746027e+02 2.218798e+02
    endloop
  endfacet
  facet normal 8.542325e-01 4.596924e-01 2.428368e-01
    outer loop
      vertex   -1.419057e+02 3.746027e+02 2.218798e+02
      vertex   -1.419057e+02 3.745524e+02 2.219750e+02
      vertex   -1.400134e+02 3.710977e+02 2.218584e+02
    endloop
  endfacet
  facet normal 8.508244e-01 4.572861e-01 2.588190e-01
    outer loop
      vertex   -1.400134e+02 3.710977e+02 2.218584e+02
      vertex   -1.419057e+02 3.745524e+02 2.219750e+02
      vertex   -1.400532e+02 3.710763e+02 2.220268e+02
    endloop
  endfacet
  facet normal 8.287636e-01 4.466937e-01 3.370693e-01
    outer loop
      vertex   -1.400532e+02 3.710763e+02 2.220268e+02
      vertex   -1.419057e+02 3.745524e+02 2.219750e+02
      vertex   -1.419057e+02 3.744827e+02 2.220674e+02
    endloop
  endfacet
  facet normal 7.982902e-01 4.290998e-01 4.226181e-01
    outer loop
      vertex   -1.400532e+02 3.710763e+02 2.220268e+02
      vertex   -1.419057e+02 3.744827e+02 2.220674e+02
      vertex   -1.401180e+02 3.710414e+02 2.221848e+02
    endloop
  endfacet
  facet normal 7.963384e-01 4.282403e-01 4.271480e-01
    outer loop
      vertex   -1.401180e+02 3.710414e+02 2.221848e+02
      vertex   -1.419057e+02 3.744827e+02 2.220674e+02
      vertex   -1.419057e+02 3.743942e+02 2.221562e+02
    endloop
  endfacet
  facet normal 7.549133e-01 4.068968e-01 5.143353e-01
    outer loop
      vertex   -1.401180e+02 3.710414e+02 2.221848e+02
      vertex   -1.419057e+02 3.743942e+02 2.221562e+02
      vertex   -1.419057e+02 3.742878e+02 2.222403e+02
    endloop
  endfacet
  facet normal 7.216630e-01 3.875731e-01 5.735762e-01
    outer loop
      vertex   -1.401180e+02 3.710414e+02 2.221848e+02
      vertex   -1.419057e+02 3.742878e+02 2.222403e+02
      vertex   -1.402060e+02 3.709940e+02 2.223275e+02
    endloop
  endfacet
  facet normal 7.073437e-01 3.807661e-01 5.955519e-01
    outer loop
      vertex   -1.402060e+02 3.709940e+02 2.223275e+02
      vertex   -1.419057e+02 3.742878e+02 2.222403e+02
      vertex   -1.419057e+02 3.741645e+02 2.223192e+02
    endloop
  endfacet
  facet normal 6.521955e-01 3.514041e-01 6.716816e-01
    outer loop
      vertex   -1.402060e+02 3.709940e+02 2.223275e+02
      vertex   -1.419057e+02 3.741645e+02 2.223192e+02
      vertex   -1.419057e+02 3.740255e+02 2.223919e+02
    endloop
  endfacet
  facet normal 6.230776e-01 3.343275e-01 7.071064e-01
    outer loop
      vertex   -1.402060e+02 3.709940e+02 2.223275e+02
      vertex   -1.419057e+02 3.740255e+02 2.223919e+02
      vertex   -1.403146e+02 3.709355e+02 2.224508e+02
    endloop
  endfacet
  facet normal 5.910668e-01 3.184923e-01 7.410821e-01
    outer loop
      vertex   -1.403146e+02 3.709355e+02 2.224508e+02
      vertex   -1.419057e+02 3.740255e+02 2.223919e+02
      vertex   -1.419057e+02 3.738722e+02 2.224578e+02
    endloop
  endfacet
  facet normal 5.247430e-01 2.824099e-01 8.030501e-01
    outer loop
      vertex   -1.403146e+02 3.709355e+02 2.224508e+02
      vertex   -1.419057e+02 3.738722e+02 2.224578e+02
      vertex   -1.419057e+02 3.737059e+02 2.225162e+02
    endloop
  endfacet
  facet normal 5.055238e-01 2.709915e-01 8.191515e-01
    outer loop
      vertex   -1.403146e+02 3.709355e+02 2.224508e+02
      vertex   -1.419057e+02 3.737059e+02 2.225162e+02
      vertex   -1.404403e+02 3.708678e+02 2.225508e+02
    endloop
  endfacet
  facet normal 4.520508e-01 2.438549e-01 8.580122e-01
    outer loop
      vertex   -1.404403e+02 3.708678e+02 2.225508e+02
      vertex   -1.419057e+02 3.737059e+02 2.225162e+02
      vertex   -1.419057e+02 3.735284e+02 2.225667e+02
    endloop
  endfacet
  facet normal 3.776853e-01 2.026240e-01 9.034917e-01
    outer loop
      vertex   -1.404403e+02 3.708678e+02 2.225508e+02
      vertex   -1.419057e+02 3.735284e+02 2.225667e+02
      vertex   -1.419057e+02 3.733413e+02 2.226086e+02
    endloop
  endfacet
  facet normal 3.725571e-01 1.995200e-01 9.063073e-01
    outer loop
      vertex   -1.404403e+02 3.708678e+02 2.225508e+02
      vertex   -1.419057e+02 3.733413e+02 2.226086e+02
      vertex   -1.405794e+02 3.707929e+02 2.226245e+02
    endloop
  endfacet
  facet normal 2.957899e-01 1.597869e-01 9.417943e-01
    outer loop
      vertex   -1.405794e+02 3.707929e+02 2.226245e+02
      vertex   -1.419057e+02 3.733413e+02 2.226086e+02
      vertex   -1.419057e+02 3.731465e+02 2.226417e+02
    endloop
  endfacet
  facet normal 2.284462e-01 1.216594e-01 9.659251e-01
    outer loop
      vertex   -1.405794e+02 3.707929e+02 2.226245e+02
      vertex   -1.419057e+02 3.731465e+02 2.226417e+02
      vertex   -1.407276e+02 3.707131e+02 2.226696e+02
    endloop
  endfacet
  facet normal 2.149865e-01 1.151875e-01 9.698003e-01
    outer loop
      vertex   -1.407276e+02 3.707131e+02 2.226696e+02
      vertex   -1.419057e+02 3.731465e+02 2.226417e+02
      vertex   -1.419057e+02 3.729457e+02 2.226655e+02
    endloop
  endfacet
  facet normal 1.284909e-01 6.958215e-02 9.892666e-01
    outer loop
      vertex   -1.407276e+02 3.707131e+02 2.226696e+02
      vertex   -1.419057e+02 3.729457e+02 2.226655e+02
      vertex   -1.419057e+02 3.727410e+02 2.226799e+02
    endloop
  endfacet
  facet normal 4.320070e-02 2.326663e-02 9.987955e-01
    outer loop
      vertex   -1.419057e+02 3.725343e+02 2.226848e+02
      vertex   -1.408805e+02 3.706307e+02 2.226848e+02
      vertex   -1.419057e+02 3.727410e+02 2.226799e+02
    endloop
  endfacet
  facet normal 7.749225e-02 3.992003e-02 9.961934e-01
    outer loop
      vertex   -1.419057e+02 3.727410e+02 2.226799e+02
      vertex   -1.408805e+02 3.706307e+02 2.226848e+02
      vertex   -1.407276e+02 3.707131e+02 2.226696e+02
    endloop
  endfacet
  facet normal 0.000000e+00 0.000000e+00 1.000000e+00
    outer loop
      vertex   -1.419057e+02 3.725343e+02 2.226848e+02
      vertex   -1.408903e+02 3.704327e+02 2.226848e+02
      vertex   -1.408805e+02 3.706307e+02 2.226848e+02
    endloop
  endfacet
  facet normal 0.000000e+00 0.000000e+00 1.000000e+00
    outer loop
      vertex   -1.408805e+02 3.706307e+02 2.226848e+02
      vertex   -1.408903e+02 3.704327e+02 2.226848e+02
      vertex   -1.408718e+02 3.704710e+02 2.226848e+02
    endloop
  endfacet
  facet normal 0.000000e+00 0.000000e+00 1.000000e+00
    outer loop
      vertex   -1.408805e+02 3.706307e+02 2.226848e+02
      vertex   -1.408718e+02 3.704710e+02 2.226848e+02
      vertex   -1.408685e+02 3.706059e+02 2.226848e+02
    endloop
  endfacet
  facet normal 0.000000e+00 0.000000e+00 1.000000e+00
    outer loop
      vertex   -1.408685e+02 3.706059e+02 2.226848e+02
      vertex   -1.408718e+02 3.704710e+02 2.226848e+02
      vertex   -1.408589e+02 3.705800e+02 2.226848e+02
    endloop
  endfacet
  facet normal 0.000000e+00 0.000000e+00 1.000000e+00
    outer loop
      vertex   -1.408589e+02 3.705800e+02 2.226848e+02
      vertex   -1.408718e+02 3.704710e+02 2.226848e+02
      vertex   -1.408588e+02 3.705114e+02 2.226848e+02
    endloop
  endfacet
  facet normal 0.000000e+00 0.000000e+00 1.000000e+00
    outer loop
      vertex   -1.408589e+02 3.705800e+02 2.226848e+02
      vertex   -1.408588e+02 3.705114e+02 2.226848e+02
      vertex   -1.408517e+02 3.705533e+02 2.226848e+02
    endloop
  endfacet
  facet normal 0.000000e+00 0.000000e+00 1.000000e+00
    outer loop
      vertex   -1.419057e+02 3.725343e+02 2.226848e+02
      vertex   -1.419057e+02 3.686700e+02 2.226848e+02
      vertex   -1.408903e+02 3.704327e+02 2.226848e+02
    endloop
  endfacet
  facet normal 8.665267e-01 -4.991308e-01 -2.022945e-14
    outer loop
      vertex   -1.402838e+02 3.700833e+02 2.056848e+02
      vertex   -1.402838e+02 3.700833e+02 2.206848e+02
      vertex   -1.419057e+02 3.672676e+02 2.056848e+02
    endloop
  endfacet
  facet normal 8.665267e-01 -4.991308e-01 -8.509357e-14
    outer loop
      vertex   -1.419057e+02 3.672676e+02 2.056848e+02
      vertex   -1.402838e+02 3.700833e+02 2.206848e+02
      vertex   -1.420057e+02 3.670940e+02 2.206848e+02
    endloop
  endfacet
  facet normal 8.665267e-01 -4.991308e-01 0.000000e+00
    outer loop
      vertex   -1.419057e+02 3.672676e+02 2.056848e+02
      vertex   -1.420057e+02 3.670940e+02 2.206848e+02
      vertex   -1.420057e+02 3.670940e+02 2.056848e+02
    endloop
  endfacet
  facet normal 0.000000e+00 0.000000e+00 1.000000e+00
    outer loop
      vertex   -1.419057e+02 3.672676e+02 2.056848e+02
      vertex   -1.420057e+02 3.670940e+02 2.056848e+02
      vertex   -1.419057e+02 3.670940e+02 2.056848e+02
    endloop
  endfacet
  facet normal 0.000000e+00 0.000000e+00 -1.000000e+00
    outer loop
      vertex   -1.420057e+02 3.670940e+02 1.871848e+02
      vertex   -1.419057e+02 3.672676e+02 1.871848e+02
      vertex   -1.419057e+02 3.670940e+02 1.871848e+02
    endloop
  endfacet
  facet normal 8.665267e-01 -4.991308e-01 -1.205763e-13
    outer loop
      vertex   -1.420057e+02 3.670940e+02 1.871848e+02
      vertex   -1.420057e+02 3.670940e+02 1.770569e+02
      vertex   -1.419057e+02 3.672676e+02 1.863848e+02
    endloop
  endfacet
  facet normal 8.665267e-01 -4.991308e-01 3.215853e-14
    outer loop
      vertex   -1.419057e+02 3.672676e+02 1.863848e+02
      vertex   -1.420057e+02 3.670940e+02 1.770569e+02
      vertex   -1.402838e+02 3.700833e+02 1.770569e+02
    endloop
  endfacet
  facet normal 8.665267e-01 -4.991308e-01 3.958792e-14
    outer loop
      vertex   -1.419057e+02 3.672676e+02 1.863848e+02
      vertex   -1.402838e+02 3.700833e+02 1.770569e+02
      vertex   -1.402838e+02 3.700833e+02 1.863848e+02
    endloop
  endfacet
  facet normal 8.665267e-01 -4.991308e-01 0.000000e+00
    outer loop
      vertex   -1.419057e+02 3.672676e+02 1.863848e+02
      vertex   -1.419057e+02 3.672676e+02 1.871848e+02
      vertex   -1.420057e+02 3.670940e+02 1.871848e+02
    endloop
  endfacet
  facet normal -8.682431e-01 -4.961389e-01 0.000000e+00
    outer loop
      vertex   -9.272217e+01 3.700978e+02 1.770569e+02
      vertex   -9.100568e+01 3.670940e+02 1.770569e+02
      vertex   -9.272217e+01 3.700978e+02 1.863848e+02
    endloop
  endfacet
  facet normal -8.682431e-01 -4.961389e-01 -8.465808e-14
    outer loop
      vertex   -9.272217e+01 3.700978e+02 1.863848e+02
      vertex   -9.100568e+01 3.670940e+02 1.770569e+02
      vertex   -9.100568e+01 3.670940e+02 1.863848e+02
    endloop
  endfacet
  facet normal -1.000000e+00 0.000000e+00 0.000000e+00
    outer loop
      vertex   -9.100568e+01 3.739901e+02 1.863848e+02
      vertex   -9.100568e+01 3.739881e+02 1.864240e+02
      vertex   -9.100568e+01 3.739901e+02 2.056848e+02
    endloop
  endfacet
  facet normal -1.000000e+00 0.000000e+00 0.000000e+00
    outer loop
      vertex   -9.100568e+01 3.739901e+02 2.056848e+02
      vertex   -9.100568e+01 3.739881e+02 1.864240e+02
      vertex   -9.100568e+01 3.739823e+02 1.864632e+02
    endloop
  endfacet
  facet normal -1.000000e+00 0.000000e+00 0.000000e+00
    outer loop
      vertex   -9.100568e+01 3.739901e+02 2.056848e+02
      vertex   -9.100568e+01 3.739823e+02 1.864632e+02
      vertex   -9.100568e+01 3.739726e+02 1.865021e+02
    endloop
  endfacet
  facet normal -1.000000e+00 0.000000e+00 0.000000e+00
    outer loop
      vertex   -9.100568e+01 3.739726e+02 1.865021e+02
      vertex   -9.100568e+01 3.739591e+02 1.865408e+02
      vertex   -9.100568e+01 3.739901e+02 2.056848e+02
    endloop
  endfacet
  facet normal -1.000000e+00 0.000000e+00 0.000000e+00
    outer loop
      vertex   -9.100568e+01 3.739901e+02 2.056848e+02
      vertex   -9.100568e+01 3.739591e+02 1.865408e+02
      vertex   -9.100568e+01 3.739206e+02 1.866170e+02
    endloop
  endfacet
  facet normal -1.000000e+00 0.000000e+00 0.000000e+00
    outer loop
      vertex   -9.100568e+01 3.739901e+02 2.056848e+02
      vertex   -9.100568e+01 3.739206e+02 1.866170e+02
      vertex   -9.100568e+01 3.738673e+02 1.866909e+02
    endloop
  endfacet
  facet normal -1.000000e+00 0.000000e+00 0.000000e+00
    outer loop
      vertex   -9.100568e+01 3.738673e+02 1.866909e+02
      vertex   -9.100568e+01 3.737997e+02 1.867619e+02
      vertex   -9.100568e+01 3.739901e+02 2.056848e+02
    endloop
  endfacet
  facet normal -1.000000e+00 0.000000e+00 0.000000e+00
    outer loop
      vertex   -9.100568e+01 3.739901e+02 2.056848e+02
      vertex   -9.100568e+01 3.737997e+02 1.867619e+02
      vertex   -9.100568e+01 3.737183e+02 1.868292e+02
    endloop
  endfacet
  facet normal -1.000000e+00 0.000000e+00 0.000000e+00
    outer loop
      vertex   -9.100568e+01 3.739901e+02 2.056848e+02
      vertex   -9.100568e+01 3.737183e+02 1.868292e+02
      vertex   -9.100568e+01 3.736240e+02 1.868923e+02
    endloop
  endfacet
  facet normal -1.000000e+00 0.000000e+00 0.000000e+00
    outer loop
      vertex   -9.100568e+01 3.736240e+02 1.868923e+02
      vertex   -9.100568e+01 3.735178e+02 1.869504e+02
      vertex   -9.100568e+01 3.739901e+02 2.056848e+02
    endloop
  endfacet
  facet normal -1.000000e+00 0.000000e+00 0.000000e+00
    outer loop
      vertex   -9.100568e+01 3.739901e+02 2.056848e+02
      vertex   -9.100568e+01 3.735178e+02 1.869504e+02
      vertex   -9.100568e+01 3.734005e+02 1.870032e+02
    endloop
  endfacet
  facet normal -1.000000e+00 2.210530e-13 -6.975631e-15
    outer loop
      vertex   -9.100568e+01 3.739901e+02 2.056848e+02
      vertex   -9.100568e+01 3.734005e+02 1.870032e+02
      vertex   -9.100568e+01 3.732734e+02 1.870499e+02
    endloop
  endfacet
  facet normal -1.000000e+00 4.484251e-16 1.507949e-15
    outer loop
      vertex   -9.100568e+01 3.732734e+02 1.870499e+02
      vertex   -9.100568e+01 3.731377e+02 1.870903e+02
      vertex   -9.100568e+01 3.739901e+02 2.056848e+02
    endloop
  endfacet
  facet normal -1.000000e+00 3.548560e-16 1.512238e-15
    outer loop
      vertex   -9.100568e+01 3.739901e+02 2.056848e+02
      vertex   -9.100568e+01 3.731377e+02 1.870903e+02
      vertex   -9.100568e+01 3.729947e+02 1.871239e+02
    endloop
  endfacet
  facet normal -1.000000e+00 2.692693e-16 1.516828e-15
    outer loop
      vertex   -9.100568e+01 3.739901e+02 2.056848e+02
      vertex   -9.100568e+01 3.729947e+02 1.871239e+02
      vertex   -9.100568e+01 3.728457e+02 1.871503e+02
    endloop
  endfacet
  facet normal -1.000000e+00 1.891208e-16 1.521776e-15
    outer loop
      vertex   -9.100568e+01 3.728457e+02 1.871503e+02
      vertex   -9.100568e+01 3.726922e+02 1.871694e+02
      vertex   -9.100568e+01 3.739901e+02 2.056848e+02
    endloop
  endfacet
  facet normal -1.000000e+00 -8.996675e-14 7.841461e-15
    outer loop
      vertex   -9.100568e+01 3.739901e+02 2.056848e+02
      vertex   -9.100568e+01 3.726922e+02 1.871694e+02
      vertex   -9.100568e+01 3.723776e+02 1.871848e+02
    endloop
  endfacet
  facet normal -1.000000e+00 -0.000000e+00 0.000000e+00
    outer loop
      vertex   -9.100568e+01 3.739901e+02 2.056848e+02
      vertex   -9.100568e+01 3.723776e+02 1.871848e+02
      vertex   -9.100568e+01 3.670940e+02 2.056848e+02
    endloop
  endfacet
  facet normal -1.000000e+00 0.000000e+00 0.000000e+00
    outer loop
      vertex   -9.100568e+01 3.670940e+02 2.056848e+02
      vertex   -9.100568e+01 3.723776e+02 1.871848e+02
      vertex   -9.100568e+01 3.687064e+02 1.871848e+02
    endloop
  endfacet
  facet normal -1.000000e+00 8.996675e-14 7.841461e-15
    outer loop
      vertex   -9.100568e+01 3.670940e+02 2.056848e+02
      vertex   -9.100568e+01 3.687064e+02 1.871848e+02
      vertex   -9.100568e+01 3.683918e+02 1.871694e+02
    endloop
  endfacet
  facet normal -1.000000e+00 -1.891208e-16 1.521776e-15
    outer loop
      vertex   -9.100568e+01 3.683918e+02 1.871694e+02
      vertex   -9.100568e+01 3.682383e+02 1.871503e+02
      vertex   -9.100568e+01 3.670940e+02 2.056848e+02
    endloop
  endfacet
  facet normal -1.000000e+00 -2.692693e-16 1.516828e-15
    outer loop
      vertex   -9.100568e+01 3.670940e+02 2.056848e+02
      vertex   -9.100568e+01 3.682383e+02 1.871503e+02
      vertex   -9.100568e+01 3.680893e+02 1.871239e+02
    endloop
  endfacet
  facet normal -1.000000e+00 -3.548560e-16 1.512238e-15
    outer loop
      vertex   -9.100568e+01 3.670940e+02 2.056848e+02
      vertex   -9.100568e+01 3.680893e+02 1.871239e+02
      vertex   -9.100568e+01 3.679463e+02 1.870903e+02
    endloop
  endfacet
  facet normal -1.000000e+00 -4.484251e-16 1.507949e-15
    outer loop
      vertex   -9.100568e+01 3.679463e+02 1.870903e+02
      vertex   -9.100568e+01 3.678106e+02 1.870499e+02
      vertex   -9.100568e+01 3.670940e+02 2.056848e+02
    endloop
  endfacet
  facet normal -1.000000e+00 -2.210530e-13 -6.975631e-15
    outer loop
      vertex   -9.100568e+01 3.670940e+02 2.056848e+02
      vertex   -9.100568e+01 3.678106e+02 1.870499e+02
      vertex   -9.100568e+01 3.676835e+02 1.870032e+02
    endloop
  endfacet
  facet normal -1.000000e+00 0.000000e+00 0.000000e+00
    outer loop
      vertex   -9.100568e+01 3.670940e+02 2.056848e+02
      vertex   -9.100568e+01 3.676835e+02 1.870032e+02
      vertex   -9.100568e+01 3.675662e+02 1.869504e+02
    endloop
  endfacet
  facet normal -1.000000e+00 -0.000000e+00 0.000000e+00
    outer loop
      vertex   -9.100568e+01 3.675662e+02 1.869504e+02
      vertex   -9.100568e+01 3.674600e+02 1.868923e+02
      vertex   -9.100568e+01 3.670940e+02 2.056848e+02
    endloop
  endfacet
  facet normal -1.000000e+00 0.000000e+00 0.000000e+00
    outer loop
      vertex   -9.100568e+01 3.670940e+02 2.056848e+02
      vertex   -9.100568e+01 3.674600e+02 1.868923e+02
      vertex   -9.100568e+01 3.673657e+02 1.868292e+02
    endloop
  endfacet
  facet normal -1.000000e+00 0.000000e+00 0.000000e+00
    outer loop
      vertex   -9.100568e+01 3.670940e+02 2.056848e+02
      vertex   -9.100568e+01 3.673657e+02 1.868292e+02
      vertex   -9.100568e+01 3.672843e+02 1.867619e+02
    endloop
  endfacet
  facet normal -1.000000e+00 -0.000000e+00 0.000000e+00
    outer loop
      vertex   -9.100568e+01 3.672843e+02 1.867619e+02
      vertex   -9.100568e+01 3.672167e+02 1.866909e+02
      vertex   -9.100568e+01 3.670940e+02 2.056848e+02
    endloop
  endfacet
  facet normal -1.000000e+00 0.000000e+00 0.000000e+00
    outer loop
      vertex   -9.100568e+01 3.670940e+02 2.056848e+02
      vertex   -9.100568e+01 3.672167e+02 1.866909e+02
      vertex   -9.100568e+01 3.671634e+02 1.866170e+02
    endloop
  endfacet
  facet normal -1.000000e+00 0.000000e+00 0.000000e+00
    outer loop
      vertex   -9.100568e+01 3.670940e+02 2.056848e+02
      vertex   -9.100568e+01 3.671634e+02 1.866170e+02
      vertex   -9.100568e+01 3.671249e+02 1.865408e+02
    endloop
  endfacet
  facet normal -1.000000e+00 -0.000000e+00 0.000000e+00
    outer loop
      vertex   -9.100568e+01 3.671249e+02 1.865408e+02
      vertex   -9.100568e+01 3.671114e+02 1.865021e+02
      vertex   -9.100568e+01 3.670940e+02 2.056848e+02
    endloop
  endfacet
  facet normal -1.000000e+00 0.000000e+00 0.000000e+00
    outer loop
      vertex   -9.100568e+01 3.670940e+02 2.056848e+02
      vertex   -9.100568e+01 3.671114e+02 1.865021e+02
      vertex   -9.100568e+01 3.671017e+02 1.864632e+02
    endloop
  endfacet
  facet normal -1.000000e+00 0.000000e+00 0.000000e+00
    outer loop
      vertex   -9.100568e+01 3.670940e+02 2.056848e+02
      vertex   -9.100568e+01 3.671017e+02 1.864632e+02
      vertex   -9.100568e+01 3.670959e+02 1.864240e+02
    endloop
  endfacet
  facet normal -1.000000e+00 5.111222e-10 5.154196e-14
    outer loop
      vertex   -9.100568e+01 3.670959e+02 1.864240e+02
      vertex   -9.100568e+01 3.670940e+02 1.863848e+02
      vertex   -9.100568e+01 3.670940e+02 2.056848e+02
    endloop
  endfacet
  facet normal -8.682431e-01 -4.961389e-01 -2.749718e-14
    outer loop
      vertex   -9.272217e+01 3.700978e+02 2.056848e+02
      vertex   -9.100568e+01 3.670940e+02 2.056848e+02
      vertex   -9.272217e+01 3.700978e+02 2.206848e+02
    endloop
  endfacet
  facet normal -8.682431e-01 -4.961389e-01 -2.562078e-14
    outer loop
      vertex   -9.272217e+01 3.700978e+02 2.206848e+02
      vertex   -9.100568e+01 3.670940e+02 2.056848e+02
      vertex   -9.100568e+01 3.670940e+02 2.206848e+02
    endloop
  endfacet
  facet normal -8.567487e-01 -4.900879e-01 -1.606102e-01
    outer loop
      vertex   -9.140533e+01 3.672004e+02 2.212912e+02
      vertex   -9.297168e+01 3.699552e+02 2.212405e+02
      vertex   -9.132449e+01 3.670940e+02 2.211848e+02
    endloop
  endfacet
  facet normal -8.440773e-01 -4.813177e-01 -2.363615e-01
    outer loop
      vertex   -9.132449e+01 3.670940e+02 2.211848e+02
      vertex   -9.297168e+01 3.699552e+02 2.212405e+02
      vertex   -9.293907e+01 3.699739e+02 2.210861e+02
    endloop
  endfacet
  facet normal -8.321195e-01 -4.762523e-01 -2.841844e-01
    outer loop
      vertex   -9.132449e+01 3.670940e+02 2.211848e+02
      vertex   -9.293907e+01 3.699739e+02 2.210861e+02
      vertex   -9.127709e+01 3.670940e+02 2.210460e+02
    endloop
  endfacet
  facet normal -8.008501e-01 -4.567704e-01 -3.872982e-01
    outer loop
      vertex   -9.127709e+01 3.670940e+02 2.210460e+02
      vertex   -9.293907e+01 3.699739e+02 2.210861e+02
      vertex   -9.288563e+01 3.700044e+02 2.209396e+02
    endloop
  endfacet
  facet normal -7.878547e-01 -4.507701e-01 -4.196323e-01
    outer loop
      vertex   -9.127709e+01 3.670940e+02 2.210460e+02
      vertex   -9.288563e+01 3.700044e+02 2.209396e+02
      vertex   -9.120710e+01 3.670940e+02 2.209146e+02
    endloop
  endfacet
  facet normal -7.373785e-01 -4.207241e-01 -5.284545e-01
    outer loop
      vertex   -9.120710e+01 3.670940e+02 2.209146e+02
      vertex   -9.288563e+01 3.700044e+02 2.209396e+02
      vertex   -9.281272e+01 3.700461e+02 2.208047e+02
    endloop
  endfacet
  facet normal -7.270824e-01 -4.157894e-01 -5.463244e-01
    outer loop
      vertex   -9.120710e+01 3.670940e+02 2.209146e+02
      vertex   -9.281272e+01 3.700461e+02 2.208047e+02
      vertex   -9.111599e+01 3.670940e+02 2.207933e+02
    endloop
  endfacet
  facet normal -6.552649e-01 -3.740898e-01 -6.562657e-01
    outer loop
      vertex   -9.111599e+01 3.670940e+02 2.207933e+02
      vertex   -9.281272e+01 3.700461e+02 2.208047e+02
      vertex   -9.272217e+01 3.700978e+02 2.206848e+02
    endloop
  endfacet
  facet normal -6.510580e-01 -3.720331e-01 -6.616002e-01
    outer loop
      vertex   -9.111599e+01 3.670940e+02 2.207933e+02
      vertex   -9.272217e+01 3.700978e+02 2.206848e+02
      vertex   -9.100568e+01 3.670940e+02 2.206848e+02
    endloop
  endfacet
  facet normal -8.669797e-01 -4.954170e-01 -5.392739e-02
    outer loop
      vertex   -9.147357e+01 3.673081e+02 2.213989e+02
      vertex   -9.298265e+01 3.699490e+02 2.213989e+02
      vertex   -9.140533e+01 3.672004e+02 2.212912e+02
    endloop
  endfacet
  facet normal -8.659297e-01 -4.938141e-01 -7.945601e-02
    outer loop
      vertex   -9.140533e+01 3.672004e+02 2.212912e+02
      vertex   -9.298265e+01 3.699490e+02 2.213989e+02
      vertex   -9.297168e+01 3.699552e+02 2.212405e+02
    endloop
  endfacet
  facet normal 1.660707e-02 -9.565891e-03 9.998163e-01
    outer loop
      vertex   -1.419057e+02 3.686700e+02 2.226848e+02
      vertex   -1.419057e+02 3.685932e+02 2.226840e+02
      vertex   -1.408903e+02 3.704327e+02 2.226848e+02
    endloop
  endfacet
  facet normal 7.472957e-02 -4.164641e-02 9.963338e-01
    outer loop
      vertex   -1.408903e+02 3.704327e+02 2.226848e+02
      vertex   -1.419057e+02 3.685932e+02 2.226840e+02
      vertex   -1.418004e+02 3.685850e+02 2.226758e+02
    endloop
  endfacet
  facet normal 7.618041e-02 -4.236027e-02 9.961938e-01
    outer loop
      vertex   -1.408903e+02 3.704327e+02 2.226848e+02
      vertex   -1.418004e+02 3.685850e+02 2.226758e+02
      vertex   -1.407399e+02 3.703460e+02 2.226696e+02
    endloop
  endfacet
  facet normal 1.567330e-01 -9.091277e-02 9.834478e-01
    outer loop
      vertex   -1.407399e+02 3.703460e+02 2.226696e+02
      vertex   -1.418004e+02 3.685850e+02 2.226758e+02
      vertex   -1.417017e+02 3.685676e+02 2.226585e+02
    endloop
  endfacet
  facet normal 2.250874e-01 -1.277711e-01 9.659245e-01
    outer loop
      vertex   -1.407399e+02 3.703460e+02 2.226696e+02
      vertex   -1.417017e+02 3.685676e+02 2.226585e+02
      vertex   -1.405940e+02 3.702620e+02 2.226245e+02
    endloop
  endfacet
  facet normal 2.378307e-01 -1.361868e-01 9.617119e-01
    outer loop
      vertex   -1.405940e+02 3.702620e+02 2.226245e+02
      vertex   -1.417017e+02 3.685676e+02 2.226585e+02
      vertex   -1.416105e+02 3.685414e+02 2.226322e+02
    endloop
  endfacet
  facet normal 3.160503e-01 -1.825387e-01 9.310165e-01
    outer loop
      vertex   -1.405940e+02 3.702620e+02 2.226245e+02
      vertex   -1.416105e+02 3.685414e+02 2.226322e+02
      vertex   -1.415278e+02 3.685064e+02 2.225973e+02
    endloop
  endfacet
  facet normal 3.671373e-01 -2.093305e-01 9.063062e-01
    outer loop
      vertex   -1.405940e+02 3.702620e+02 2.226245e+02
      vertex   -1.415278e+02 3.685064e+02 2.225973e+02
      vertex   -1.404571e+02 3.701831e+02 2.225508e+02
    endloop
  endfacet
  facet normal 3.920092e-01 -2.256137e-01 8.918673e-01
    outer loop
      vertex   -1.404571e+02 3.701831e+02 2.225508e+02
      vertex   -1.415278e+02 3.685064e+02 2.225973e+02
      vertex   -1.414542e+02 3.684631e+02 2.225540e+02
    endloop
  endfacet
  facet normal 4.639525e-01 -2.674079e-01 8.445360e-01
    outer loop
      vertex   -1.404571e+02 3.701831e+02 2.225508e+02
      vertex   -1.414542e+02 3.684631e+02 2.225540e+02
      vertex   -1.413904e+02 3.684119e+02 2.225027e+02
    endloop
  endfacet
  facet normal 4.979671e-01 -2.846420e-01 8.191506e-01
    outer loop
      vertex   -1.404571e+02 3.701831e+02 2.225508e+02
      vertex   -1.413904e+02 3.684119e+02 2.225027e+02
      vertex   -1.403333e+02 3.701119e+02 2.224508e+02
    endloop
  endfacet
  facet normal 5.317444e-01 -3.065505e-01 7.894775e-01
    outer loop
      vertex   -1.403333e+02 3.701119e+02 2.224508e+02
      vertex   -1.413904e+02 3.684119e+02 2.225027e+02
      vertex   -1.413370e+02 3.683531e+02 2.224439e+02
    endloop
  endfacet
  facet normal 5.950830e-01 -3.424520e-01 7.270508e-01
    outer loop
      vertex   -1.403333e+02 3.701119e+02 2.224508e+02
      vertex   -1.413370e+02 3.683531e+02 2.224439e+02
      vertex   -1.412946e+02 3.682874e+02 2.223782e+02
    endloop
  endfacet
  facet normal 6.136031e-01 -3.514153e-01 7.071057e-01
    outer loop
      vertex   -1.403333e+02 3.701119e+02 2.224508e+02
      vertex   -1.412946e+02 3.682874e+02 2.223782e+02
      vertex   -1.402265e+02 3.700504e+02 2.223275e+02
    endloop
  endfacet
  facet normal 6.520556e-01 -3.761119e-01 6.583034e-01
    outer loop
      vertex   -1.402265e+02 3.700504e+02 2.223275e+02
      vertex   -1.412946e+02 3.682874e+02 2.223782e+02
      vertex   -1.412634e+02 3.682153e+02 2.223061e+02
    endloop
  endfacet
  facet normal 7.046099e-01 -4.049223e-01 5.827202e-01
    outer loop
      vertex   -1.402265e+02 3.700504e+02 2.223275e+02
      vertex   -1.412634e+02 3.682153e+02 2.223061e+02
      vertex   -1.412437e+02 3.681375e+02 2.222283e+02
    endloop
  endfacet
  facet normal 7.105426e-01 -4.076027e-01 5.735758e-01
    outer loop
      vertex   -1.402265e+02 3.700504e+02 2.223275e+02
      vertex   -1.412437e+02 3.681375e+02 2.222283e+02
      vertex   -1.401399e+02 3.700004e+02 2.221848e+02
    endloop
  endfacet
  facet normal 7.486312e-01 -4.318198e-01 5.030735e-01
    outer loop
      vertex   -1.401399e+02 3.700004e+02 2.221848e+02
      vertex   -1.412437e+02 3.681375e+02 2.222283e+02
      vertex   -1.412359e+02 3.680548e+02 2.221456e+02
    endloop
  endfacet
  facet normal 7.859873e-01 -4.512405e-01 4.226179e-01
    outer loop
      vertex   -1.401399e+02 3.700004e+02 2.221848e+02
      vertex   -1.412359e+02 3.680548e+02 2.221456e+02
      vertex   -1.400761e+02 3.699637e+02 2.220268e+02
    endloop
  endfacet
  facet normal 7.880268e-01 -4.528235e-01 4.170908e-01
    outer loop
      vertex   -1.400761e+02 3.699637e+02 2.220268e+02
      vertex   -1.412359e+02 3.680548e+02 2.221456e+02
      vertex   -1.412398e+02 3.679678e+02 2.220586e+02
    endloop
  endfacet
  facet normal 8.179528e-01 -4.716696e-01 3.293646e-01
    outer loop
      vertex   -1.400761e+02 3.699637e+02 2.220268e+02
      vertex   -1.412398e+02 3.679678e+02 2.220586e+02
      vertex   -1.412555e+02 3.678774e+02 2.219682e+02
    endloop
  endfacet
  facet normal 8.377242e-01 -4.808648e-01 2.588188e-01
    outer loop
      vertex   -1.400761e+02 3.699637e+02 2.220268e+02
      vertex   -1.412555e+02 3.678774e+02 2.219682e+02
      vertex   -1.400370e+02 3.699412e+02 2.218584e+02
    endloop
  endfacet
  facet normal 8.420723e-01 -4.846030e-01 2.367998e-01
    outer loop
      vertex   -1.400370e+02 3.699412e+02 2.218584e+02
      vertex   -1.412555e+02 3.678774e+02 2.219682e+02
      vertex   -1.412829e+02 3.677843e+02 2.218751e+02
    endloop
  endfacet
  facet normal 8.574307e-01 -4.941997e-01 1.434549e-01
    outer loop
      vertex   -1.400370e+02 3.699412e+02 2.218584e+02
      vertex   -1.412829e+02 3.677843e+02 2.218751e+02
      vertex   -1.413217e+02 3.676896e+02 2.217804e+02
    endloop
  endfacet
  facet normal 8.655332e-01 -4.985585e-01 4.787119e-02
    outer loop
      vertex   -1.413715e+02 3.675940e+02 2.216848e+02
      vertex   -1.400238e+02 3.699336e+02 2.216848e+02
      vertex   -1.413217e+02 3.676896e+02 2.217804e+02
    endloop
  endfacet
  facet normal 8.639541e-01 -4.959710e-01 8.715565e-02
    outer loop
      vertex   -1.413217e+02 3.676896e+02 2.217804e+02
      vertex   -1.400238e+02 3.699336e+02 2.216848e+02
      vertex   -1.400370e+02 3.699412e+02 2.218584e+02
    endloop
  endfacet
  facet normal -9.860861e-01 -1.662355e-01 -0.000000e+00
    outer loop
      vertex   -9.314787e+01 3.704686e+02 2.216848e+02
      vertex   -9.314787e+01 3.704686e+02 2.213989e+02
      vertex   -9.311746e+01 3.702882e+02 2.216848e+02
    endloop
  endfacet
  facet normal -9.860861e-01 -1.662355e-01 5.563270e-13
    outer loop
      vertex   -9.311746e+01 3.702882e+02 2.216848e+02
      vertex   -9.314787e+01 3.704686e+02 2.213989e+02
      vertex   -9.311746e+01 3.702882e+02 2.213989e+02
    endloop
  endfacet
  facet normal -9.529827e-01 -3.030247e-01 5.942720e-13
    outer loop
      vertex   -9.311746e+01 3.702882e+02 2.216848e+02
      vertex   -9.311746e+01 3.702882e+02 2.213989e+02
      vertex   -9.306202e+01 3.701138e+02 2.216848e+02
    endloop
  endfacet
  facet normal -9.529827e-01 -3.030247e-01 -6.025722e-14
    outer loop
      vertex   -9.306202e+01 3.701138e+02 2.216848e+02
      vertex   -9.311746e+01 3.702882e+02 2.213989e+02
      vertex   -9.306202e+01 3.701138e+02 2.213989e+02
    endloop
  endfacet
  facet normal -9.010035e-01 -4.338118e-01 -8.626457e-14
    outer loop
      vertex   -9.306202e+01 3.701138e+02 2.216848e+02
      vertex   -9.306202e+01 3.701138e+02 2.213989e+02
      vertex   -9.298265e+01 3.699490e+02 2.216848e+02
    endloop
  endfacet
  facet normal -9.010035e-01 -4.338118e-01 -0.000000e+00
    outer loop
      vertex   -9.298265e+01 3.699490e+02 2.216848e+02
      vertex   -9.306202e+01 3.701138e+02 2.213989e+02
      vertex   -9.298265e+01 3.699490e+02 2.213989e+02
    endloop
  endfacet
  facet normal -8.682431e-01 -4.961389e-01 -4.743018e-13
    outer loop
      vertex   -9.147357e+01 3.673081e+02 2.213989e+02
      vertex   -9.163692e+01 3.675940e+02 2.216848e+02
      vertex   -9.298265e+01 3.699490e+02 2.213989e+02
    endloop
  endfacet
  facet normal -8.682431e-01 -4.961389e-01 0.000000e+00
    outer loop
      vertex   -9.298265e+01 3.699490e+02 2.213989e+02
      vertex   -9.163692e+01 3.675940e+02 2.216848e+02
      vertex   -9.298265e+01 3.699490e+02 2.216848e+02
    endloop
  endfacet
  facet normal -8.999102e-01 4.360753e-01 0.000000e+00
    outer loop
      vertex   -9.297697e+01 3.711450e+02 2.216848e+02
      vertex   -9.297697e+01 3.711450e+02 2.213989e+02
      vertex   -9.305391e+01 3.709862e+02 2.216848e+02
    endloop
  endfacet
  facet normal -8.999102e-01 4.360753e-01 -5.815856e-13
    outer loop
      vertex   -9.305391e+01 3.709862e+02 2.216848e+02
      vertex   -9.297697e+01 3.711450e+02 2.213989e+02
      vertex   -9.305391e+01 3.709862e+02 2.213989e+02
    endloop
  endfacet
  facet normal -9.506705e-01 3.102026e-01 -6.143905e-13
    outer loop
      vertex   -9.305391e+01 3.709862e+02 2.216848e+02
      vertex   -9.305391e+01 3.709862e+02 2.213989e+02
      vertex   -9.310864e+01 3.708185e+02 2.216848e+02
    endloop
  endfacet
  facet normal -9.506705e-01 3.102026e-01 -9.924769e-13
    outer loop
      vertex   -9.310864e+01 3.708185e+02 2.216848e+02
      vertex   -9.305391e+01 3.709862e+02 2.213989e+02
      vertex   -9.310864e+01 3.708185e+02 2.213989e+02
    endloop
  endfacet
  facet normal -9.839189e-01 1.786158e-01 -1.027187e-12
    outer loop
      vertex   -9.310864e+01 3.708185e+02 2.216848e+02
      vertex   -9.310864e+01 3.708185e+02 2.213989e+02
      vertex   -9.314015e+01 3.706449e+02 2.216848e+02
    endloop
  endfacet
  facet normal -9.839189e-01 1.786158e-01 -1.271756e-12
    outer loop
      vertex   -9.314015e+01 3.706449e+02 2.216848e+02
      vertex   -9.310864e+01 3.708185e+02 2.213989e+02
      vertex   -9.314015e+01 3.706449e+02 2.213989e+02
    endloop
  endfacet
  facet normal -9.990430e-01 4.373887e-02 -1.291304e-12
    outer loop
      vertex   -9.314015e+01 3.706449e+02 2.216848e+02
      vertex   -9.314015e+01 3.706449e+02 2.213989e+02
      vertex   -9.314787e+01 3.704686e+02 2.216848e+02
    endloop
  endfacet
  facet normal -9.990430e-01 4.373887e-02 0.000000e+00
    outer loop
      vertex   -9.314787e+01 3.704686e+02 2.216848e+02
      vertex   -9.314015e+01 3.706449e+02 2.213989e+02
      vertex   -9.314787e+01 3.704686e+02 2.213989e+02
    endloop
  endfacet
  facet normal -8.654981e-01 4.945703e-01 -7.945604e-02
    outer loop
      vertex   -9.297697e+01 3.711450e+02 2.213989e+02
      vertex   -9.100000e+01 3.746047e+02 2.213989e+02
      vertex   -9.197752e+01 3.728686e+02 2.212405e+02
    endloop
  endfacet
  facet normal -8.701411e-01 4.921851e-01 -2.466321e-02
    outer loop
      vertex   -9.197752e+01 3.728686e+02 2.212405e+02
      vertex   -9.100000e+01 3.746047e+02 2.213989e+02
      vertex   -9.100000e+01 3.746022e+02 2.213492e+02
    endloop
  endfacet
  facet normal -8.666616e-01 4.933350e-01 -7.428495e-02
    outer loop
      vertex   -9.197752e+01 3.728686e+02 2.212405e+02
      vertex   -9.100000e+01 3.746022e+02 2.213492e+02
      vertex   -9.100000e+01 3.745947e+02 2.212996e+02
    endloop
  endfacet
  facet normal -8.616246e-01 4.921836e-01 -1.239290e-01
    outer loop
      vertex   -9.100000e+01 3.745947e+02 2.212996e+02
      vertex   -9.100000e+01 3.745823e+02 2.212503e+02
      vertex   -9.197752e+01 3.728686e+02 2.212405e+02
    endloop
  endfacet
  facet normal -8.550794e-01 4.887324e-01 -1.731469e-01
    outer loop
      vertex   -9.197752e+01 3.728686e+02 2.212405e+02
      vertex   -9.100000e+01 3.745823e+02 2.212503e+02
      vertex   -9.100000e+01 3.745649e+02 2.212014e+02
    endloop
  endfacet
  facet normal -8.442418e-01 4.810292e-01 -2.363614e-01
    outer loop
      vertex   -9.197752e+01 3.728686e+02 2.212405e+02
      vertex   -9.100000e+01 3.745649e+02 2.212014e+02
      vertex   -9.194491e+01 3.728499e+02 2.210861e+02
    endloop
  endfacet
  facet normal -8.419251e-01 4.803839e-01 -2.457510e-01
    outer loop
      vertex   -9.194491e+01 3.728499e+02 2.210861e+02
      vertex   -9.100000e+01 3.745649e+02 2.212014e+02
      vertex   -9.100000e+01 3.745157e+02 2.211050e+02
    endloop
  endfacet
  facet normal -8.159220e-01 4.667196e-01 -3.412391e-01
    outer loop
      vertex   -9.194491e+01 3.728499e+02 2.210861e+02
      vertex   -9.100000e+01 3.745157e+02 2.211050e+02
      vertex   -9.100000e+01 3.744474e+02 2.210116e+02
    endloop
  endfacet
  facet normal -8.013247e-01 4.559376e-01 -3.872978e-01
    outer loop
      vertex   -9.194491e+01 3.728499e+02 2.210861e+02
      vertex   -9.100000e+01 3.744474e+02 2.210116e+02
      vertex   -9.189147e+01 3.728194e+02 2.209396e+02
    endloop
  endfacet
  facet normal -7.824380e-01 4.476146e-01 -4.329341e-01
    outer loop
      vertex   -9.189147e+01 3.728194e+02 2.209396e+02
      vertex   -9.100000e+01 3.744474e+02 2.210116e+02
      vertex   -9.100000e+01 3.743607e+02 2.209220e+02
    endloop
  endfacet
  facet normal -7.422280e-01 4.233711e-01 -5.194753e-01
    outer loop
      vertex   -9.189147e+01 3.728194e+02 2.209396e+02
      vertex   -9.100000e+01 3.743607e+02 2.209220e+02
      vertex   -9.100000e+01 3.742565e+02 2.208371e+02
    endloop
  endfacet
  facet normal -7.378003e-01 4.199845e-01 -5.284541e-01
    outer loop
      vertex   -9.189147e+01 3.728194e+02 2.209396e+02
      vertex   -9.100000e+01 3.742565e+02 2.208371e+02
      vertex   -9.181856e+01 3.727777e+02 2.208047e+02
    endloop
  endfacet
  facet normal -6.924000e-01 3.964859e-01 -6.028111e-01
    outer loop
      vertex   -9.181856e+01 3.727777e+02 2.208047e+02
      vertex   -9.100000e+01 3.742565e+02 2.208371e+02
      vertex   -9.100000e+01 3.741359e+02 2.207578e+02
    endloop
  endfacet
  facet normal -6.647397e-01 3.783877e-01 -6.441614e-01
    outer loop
      vertex   -9.181856e+01 3.727777e+02 2.208047e+02
      vertex   -9.100000e+01 3.741359e+02 2.207578e+02
      vertex   -9.271649e+01 3.709961e+02 2.206848e+02
    endloop
  endfacet
  facet normal -6.378308e-01 3.644748e-01 -6.784762e-01
    outer loop
      vertex   -9.271649e+01 3.709961e+02 2.206848e+02
      vertex   -9.100000e+01 3.741359e+02 2.207578e+02
      vertex   -9.100000e+01 3.740000e+02 2.206848e+02
    endloop
  endfacet
  facet normal -6.551153e-01 3.743516e-01 -6.562658e-01
    outer loop
      vertex   -9.271649e+01 3.709961e+02 2.206848e+02
      vertex   -9.280704e+01 3.710479e+02 2.208047e+02
      vertex   -9.181856e+01 3.727777e+02 2.208047e+02
    endloop
  endfacet
  facet normal -7.371051e-01 4.212029e-01 -5.284546e-01
    outer loop
      vertex   -9.181856e+01 3.727777e+02 2.208047e+02
      vertex   -9.280704e+01 3.710479e+02 2.208047e+02
      vertex   -9.189147e+01 3.728194e+02 2.209396e+02
    endloop
  endfacet
  facet normal -7.371051e-01 4.212029e-01 -5.284546e-01
    outer loop
      vertex   -9.280704e+01 3.710479e+02 2.208047e+02
      vertex   -9.287995e+01 3.710895e+02 2.209396e+02
      vertex   -9.189147e+01 3.728194e+02 2.209396e+02
    endloop
  endfacet
  facet normal -8.004806e-01 4.574175e-01 -3.872983e-01
    outer loop
      vertex   -9.189147e+01 3.728194e+02 2.209396e+02
      vertex   -9.287995e+01 3.710895e+02 2.209396e+02
      vertex   -9.194491e+01 3.728499e+02 2.210861e+02
    endloop
  endfacet
  facet normal -8.004806e-01 4.574175e-01 -3.872983e-01
    outer loop
      vertex   -9.287995e+01 3.710895e+02 2.209396e+02
      vertex   -9.293339e+01 3.711201e+02 2.210861e+02
      vertex   -9.194491e+01 3.728499e+02 2.210861e+02
    endloop
  endfacet
  facet normal -8.436416e-01 4.820809e-01 -2.363616e-01
    outer loop
      vertex   -9.194491e+01 3.728499e+02 2.210861e+02
      vertex   -9.293339e+01 3.711201e+02 2.210861e+02
      vertex   -9.197752e+01 3.728686e+02 2.212405e+02
    endloop
  endfacet
  facet normal -8.436416e-01 4.820809e-01 -2.363616e-01
    outer loop
      vertex   -9.293339e+01 3.711201e+02 2.210861e+02
      vertex   -9.296600e+01 3.711387e+02 2.212405e+02
      vertex   -9.197752e+01 3.728686e+02 2.212405e+02
    endloop
  endfacet
  facet normal -8.654981e-01 4.945703e-01 -7.945604e-02
    outer loop
      vertex   -9.197752e+01 3.728686e+02 2.212405e+02
      vertex   -9.296600e+01 3.711387e+02 2.212405e+02
      vertex   -9.297697e+01 3.711450e+02 2.213989e+02
    endloop
  endfacet
  facet normal -8.682431e-01 4.961389e-01 0.000000e+00
    outer loop
      vertex   -9.271649e+01 3.709961e+02 2.056848e+02
      vertex   -9.271649e+01 3.709961e+02 2.206848e+02
      vertex   -9.100568e+01 3.739901e+02 2.056848e+02
    endloop
  endfacet
  facet normal -8.682431e-01 4.961389e-01 -2.005668e-14
    outer loop
      vertex   -9.100568e+01 3.739901e+02 2.056848e+02
      vertex   -9.271649e+01 3.709961e+02 2.206848e+02
      vertex   -9.100000e+01 3.740000e+02 2.206848e+02
    endloop
  endfacet
  facet normal -8.682431e-01 4.961389e-01 -3.078614e-14
    outer loop
      vertex   -9.100568e+01 3.739901e+02 2.056848e+02
      vertex   -9.100000e+01 3.740000e+02 2.206848e+02
      vertex   -9.100000e+01 3.740000e+02 1.770569e+02
    endloop
  endfacet
  facet normal -8.682431e-01 4.961389e-01 2.776386e-14
    outer loop
      vertex   -9.100568e+01 3.739901e+02 2.056848e+02
      vertex   -9.100000e+01 3.740000e+02 1.770569e+02
      vertex   -9.100568e+01 3.739901e+02 1.863848e+02
    endloop
  endfacet
  facet normal -8.682431e-01 4.961389e-01 -1.687084e-13
    outer loop
      vertex   -9.100568e+01 3.739901e+02 1.863848e+02
      vertex   -9.100000e+01 3.740000e+02 1.770569e+02
      vertex   -9.271649e+01 3.709961e+02 1.770569e+02
    endloop
  endfacet
  facet normal -8.682431e-01 4.961389e-01 0.000000e+00
    outer loop
      vertex   -9.100568e+01 3.739901e+02 1.863848e+02
      vertex   -9.271649e+01 3.709961e+02 1.770569e+02
      vertex   -9.271649e+01 3.709961e+02 1.863848e+02
    endloop
  endfacet
  facet normal -0.000000e+00 0.000000e+00 1.000000e+00
    outer loop
      vertex   -1.419057e+02 3.750940e+02 1.770569e+02
      vertex   -1.419057e+02 3.740940e+02 1.770569e+02
      vertex   -9.100000e+01 3.750940e+02 1.770569e+02
    endloop
  endfacet
  facet normal 0.000000e+00 0.000000e+00 1.000000e+00
    outer loop
      vertex   -9.100000e+01 3.750940e+02 1.770569e+02
      vertex   -1.419057e+02 3.740940e+02 1.770569e+02
      vertex   -9.100000e+01 3.740000e+02 1.770569e+02
    endloop
  endfacet
  facet normal 0.000000e+00 0.000000e+00 1.000000e+00
    outer loop
      vertex   -9.100000e+01 3.740000e+02 1.770569e+02
      vertex   -1.419057e+02 3.740940e+02 1.770569e+02
      vertex   -9.271649e+01 3.709961e+02 1.770569e+02
    endloop
  endfacet
  facet normal 0.000000e+00 0.000000e+00 1.000000e+00
    outer loop
      vertex   -9.271649e+01 3.709961e+02 1.770569e+02
      vertex   -1.419057e+02 3.740940e+02 1.770569e+02
      vertex   -1.402699e+02 3.710566e+02 1.770569e+02
    endloop
  endfacet
  facet normal 0.000000e+00 0.000000e+00 1.000000e+00
    outer loop
      vertex   -9.271649e+01 3.709961e+02 1.770569e+02
      vertex   -1.402699e+02 3.710566e+02 1.770569e+02
      vertex   -1.402025e+02 3.709014e+02 1.770569e+02
    endloop
  endfacet
  facet normal 0.000000e+00 -0.000000e+00 1.000000e+00
    outer loop
      vertex   -1.401623e+02 3.707370e+02 1.770569e+02
      vertex   -9.281643e+01 3.707502e+02 1.770569e+02
      vertex   -1.402025e+02 3.709014e+02 1.770569e+02
    endloop
  endfacet
  facet normal 0.000000e+00 0.000000e+00 1.000000e+00
    outer loop
      vertex   -1.402025e+02 3.709014e+02 1.770569e+02
      vertex   -9.281643e+01 3.707502e+02 1.770569e+02
      vertex   -9.277466e+01 3.708765e+02 1.770569e+02
    endloop
  endfacet
  facet normal -0.000000e+00 0.000000e+00 1.000000e+00
    outer loop
      vertex   -1.402025e+02 3.709014e+02 1.770569e+02
      vertex   -9.277466e+01 3.708765e+02 1.770569e+02
      vertex   -9.271649e+01 3.709961e+02 1.770569e+02
    endloop
  endfacet
  facet normal 0.000000e+00 0.000000e+00 1.000000e+00
    outer loop
      vertex   -9.281643e+01 3.707502e+02 1.770569e+02
      vertex   -1.401623e+02 3.707370e+02 1.770569e+02
      vertex   -9.284108e+01 3.706195e+02 1.770569e+02
    endloop
  endfacet
  facet normal 0.000000e+00 0.000000e+00 1.000000e+00
    outer loop
      vertex   -9.284108e+01 3.706195e+02 1.770569e+02
      vertex   -1.401623e+02 3.707370e+02 1.770569e+02
      vertex   -1.401504e+02 3.705682e+02 1.770569e+02
    endloop
  endfacet
  facet normal 0.000000e+00 0.000000e+00 1.000000e+00
    outer loop
      vertex   -9.284108e+01 3.706195e+02 1.770569e+02
      vertex   -1.401504e+02 3.705682e+02 1.770569e+02
      vertex   -9.284816e+01 3.704867e+02 1.770569e+02
    endloop
  endfacet
  facet normal 0.000000e+00 0.000000e+00 1.000000e+00
    outer loop
      vertex   -9.284816e+01 3.704867e+02 1.770569e+02
      vertex   -1.401504e+02 3.705682e+02 1.770569e+02
      vertex   -1.401671e+02 3.703998e+02 1.770569e+02
    endloop
  endfacet
  facet normal 0.000000e+00 0.000000e+00 1.000000e+00
    outer loop
      vertex   -9.284816e+01 3.704867e+02 1.770569e+02
      vertex   -1.401671e+02 3.703998e+02 1.770569e+02
      vertex   -9.282414e+01 3.703517e+02 1.770569e+02
    endloop
  endfacet
  facet normal 0.000000e+00 0.000000e+00 1.000000e+00
    outer loop
      vertex   -9.282414e+01 3.703517e+02 1.770569e+02
      vertex   -1.401671e+02 3.703998e+02 1.770569e+02
      vertex   -1.402120e+02 3.702366e+02 1.770569e+02
    endloop
  endfacet
  facet normal 0.000000e+00 0.000000e+00 1.000000e+00
    outer loop
      vertex   -9.282414e+01 3.703517e+02 1.770569e+02
      vertex   -1.402120e+02 3.702366e+02 1.770569e+02
      vertex   -9.278188e+01 3.702213e+02 1.770569e+02
    endloop
  endfacet
  facet normal 0.000000e+00 0.000000e+00 1.000000e+00
    outer loop
      vertex   -9.278188e+01 3.702213e+02 1.770569e+02
      vertex   -1.402120e+02 3.702366e+02 1.770569e+02
      vertex   -1.402838e+02 3.700833e+02 1.770569e+02
    endloop
  endfacet
  facet normal 0.000000e+00 0.000000e+00 1.000000e+00
    outer loop
      vertex   -9.278188e+01 3.702213e+02 1.770569e+02
      vertex   -1.402838e+02 3.700833e+02 1.770569e+02
      vertex   -9.272217e+01 3.700978e+02 1.770569e+02
    endloop
  endfacet
  facet normal 0.000000e+00 0.000000e+00 1.000000e+00
    outer loop
      vertex   -9.272217e+01 3.700978e+02 1.770569e+02
      vertex   -1.402838e+02 3.700833e+02 1.770569e+02
      vertex   -9.100568e+01 3.670940e+02 1.770569e+02
    endloop
  endfacet
  facet normal 0.000000e+00 0.000000e+00 1.000000e+00
    outer loop
      vertex   -9.100568e+01 3.670940e+02 1.770569e+02
      vertex   -1.402838e+02 3.700833e+02 1.770569e+02
      vertex   -1.420057e+02 3.670940e+02 1.770569e+02
    endloop
  endfacet
  facet normal 1.000000e+00 0.000000e+00 0.000000e+00
    outer loop
      vertex   -1.419057e+02 3.685932e+02 2.226840e+02
      vertex   -1.419057e+02 3.686700e+02 2.226848e+02
      vertex   -1.419057e+02 3.720940e+02 2.261848e+02
    endloop
  endfacet
  facet normal 1.000000e+00 0.000000e+00 0.000000e+00
    outer loop
      vertex   -1.419057e+02 3.720940e+02 2.261848e+02
      vertex   -1.419057e+02 3.686700e+02 2.226848e+02
      vertex   -1.419057e+02 3.725343e+02 2.226848e+02
    endloop
  endfacet
  facet normal 1.000000e+00 0.000000e+00 0.000000e+00
    outer loop
      vertex   -1.419057e+02 3.720940e+02 2.261848e+02
      vertex   -1.419057e+02 3.725343e+02 2.226848e+02
      vertex   -1.419057e+02 3.727410e+02 2.226799e+02
    endloop
  endfacet
  facet normal 1.000000e+00 -0.000000e+00 -0.000000e+00
    outer loop
      vertex   -1.419057e+02 3.727410e+02 2.226799e+02
      vertex   -1.419057e+02 3.729457e+02 2.226655e+02
      vertex   -1.419057e+02 3.720940e+02 2.261848e+02
    endloop
  endfacet
  facet normal 1.000000e+00 0.000000e+00 0.000000e+00
    outer loop
      vertex   -1.419057e+02 3.720940e+02 2.261848e+02
      vertex   -1.419057e+02 3.729457e+02 2.226655e+02
      vertex   -1.419057e+02 3.731465e+02 2.226417e+02
    endloop
  endfacet
  facet normal 1.000000e+00 0.000000e+00 0.000000e+00
    outer loop
      vertex   -1.419057e+02 3.720940e+02 2.261848e+02
      vertex   -1.419057e+02 3.731465e+02 2.226417e+02
      vertex   -1.419057e+02 3.733413e+02 2.226086e+02
    endloop
  endfacet
  facet normal 1.000000e+00 -0.000000e+00 -0.000000e+00
    outer loop
      vertex   -1.419057e+02 3.733413e+02 2.226086e+02
      vertex   -1.419057e+02 3.735284e+02 2.225667e+02
      vertex   -1.419057e+02 3.720940e+02 2.261848e+02
    endloop
  endfacet
  facet normal 1.000000e+00 -0.000000e+00 0.000000e+00
    outer loop
      vertex   -1.419057e+02 3.720940e+02 2.261848e+02
      vertex   -1.419057e+02 3.735284e+02 2.225667e+02
      vertex   -1.419057e+02 3.750940e+02 2.261848e+02
    endloop
  endfacet
  facet normal 1.000000e+00 0.000000e+00 0.000000e+00
    outer loop
      vertex   -1.419057e+02 3.750940e+02 2.261848e+02
      vertex   -1.419057e+02 3.735284e+02 2.225667e+02
      vertex   -1.419057e+02 3.737059e+02 2.225162e+02
    endloop
  endfacet
  facet normal 1.000000e+00 0.000000e+00 0.000000e+00
    outer loop
      vertex   -1.419057e+02 3.750940e+02 2.261848e+02
      vertex   -1.419057e+02 3.737059e+02 2.225162e+02
      vertex   -1.419057e+02 3.738722e+02 2.224578e+02
    endloop
  endfacet
  facet normal 1.000000e+00 -0.000000e+00 0.000000e+00
    outer loop
      vertex   -1.419057e+02 3.738722e+02 2.224578e+02
      vertex   -1.419057e+02 3.740255e+02 2.223919e+02
      vertex   -1.419057e+02 3.750940e+02 2.261848e+02
    endloop
  endfacet
  facet normal 1.000000e+00 0.000000e+00 0.000000e+00
    outer loop
      vertex   -1.419057e+02 3.750940e+02 2.261848e+02
      vertex   -1.419057e+02 3.740255e+02 2.223919e+02
      vertex   -1.419057e+02 3.741645e+02 2.223192e+02
    endloop
  endfacet
  facet normal 1.000000e+00 0.000000e+00 0.000000e+00
    outer loop
      vertex   -1.419057e+02 3.750940e+02 2.261848e+02
      vertex   -1.419057e+02 3.741645e+02 2.223192e+02
      vertex   -1.419057e+02 3.742878e+02 2.222403e+02
    endloop
  endfacet
  facet normal 1.000000e+00 -0.000000e+00 0.000000e+00
    outer loop
      vertex   -1.419057e+02 3.742878e+02 2.222403e+02
      vertex   -1.419057e+02 3.743942e+02 2.221562e+02
      vertex   -1.419057e+02 3.750940e+02 2.261848e+02
    endloop
  endfacet
  facet normal 1.000000e+00 0.000000e+00 0.000000e+00
    outer loop
      vertex   -1.419057e+02 3.750940e+02 2.261848e+02
      vertex   -1.419057e+02 3.743942e+02 2.221562e+02
      vertex   -1.419057e+02 3.744827e+02 2.220674e+02
    endloop
  endfacet
  facet normal 1.000000e+00 0.000000e+00 0.000000e+00
    outer loop
      vertex   -1.419057e+02 3.750940e+02 2.261848e+02
      vertex   -1.419057e+02 3.744827e+02 2.220674e+02
      vertex   -1.419057e+02 3.745524e+02 2.219750e+02
    endloop
  endfacet
  facet normal 1.000000e+00 -0.000000e+00 0.000000e+00
    outer loop
      vertex   -1.419057e+02 3.745524e+02 2.219750e+02
      vertex   -1.419057e+02 3.746027e+02 2.218798e+02
      vertex   -1.419057e+02 3.750940e+02 2.261848e+02
    endloop
  endfacet
  facet normal 1.000000e+00 0.000000e+00 0.000000e+00
    outer loop
      vertex   -1.419057e+02 3.750940e+02 2.261848e+02
      vertex   -1.419057e+02 3.746027e+02 2.218798e+02
      vertex   -1.419057e+02 3.746204e+02 2.218315e+02
    endloop
  endfacet
  facet normal 1.000000e+00 3.373680e-13 -3.669978e-14
    outer loop
      vertex   -1.419057e+02 3.750940e+02 2.261848e+02
      vertex   -1.419057e+02 3.746204e+02 2.218315e+02
      vertex   -1.419057e+02 3.750940e+02 2.223126e+02
    endloop
  endfacet
  facet normal 1.000000e+00 2.373641e-13 6.174116e-14
    outer loop
      vertex   -1.419057e+02 3.750940e+02 2.223126e+02
      vertex   -1.419057e+02 3.746204e+02 2.218315e+02
      vertex   -1.419057e+02 3.746331e+02 2.217828e+02
    endloop
  endfacet
  facet normal 1.000000e+00 2.615627e-13 4.068974e-14
    outer loop
      vertex   -1.419057e+02 3.750940e+02 2.223126e+02
      vertex   -1.419057e+02 3.746331e+02 2.217828e+02
      vertex   -1.419057e+02 3.746407e+02 2.217338e+02
    endloop
  endfacet
  facet normal 1.000000e+00 2.940765e-13 1.522473e-14
    outer loop
      vertex   -1.419057e+02 3.746407e+02 2.217338e+02
      vertex   -1.419057e+02 3.746432e+02 2.216848e+02
      vertex   -1.419057e+02 3.750940e+02 2.223126e+02
    endloop
  endfacet
  facet normal 1.000000e+00 3.152824e-13 0.000000e+00
    outer loop
      vertex   -1.419057e+02 3.750940e+02 2.223126e+02
      vertex   -1.419057e+02 3.746432e+02 2.216848e+02
      vertex   -1.419057e+02 3.746432e+02 2.213989e+02
    endloop
  endfacet
  facet normal 1.000000e+00 3.497931e-13 -1.702500e-14
    outer loop
      vertex   -1.419057e+02 3.750940e+02 2.223126e+02
      vertex   -1.419057e+02 3.746432e+02 2.213989e+02
      vertex   -1.419057e+02 3.746410e+02 2.213528e+02
    endloop
  endfacet
  facet normal 1.000000e+00 4.545508e-13 -6.646558e-14
    outer loop
      vertex   -1.419057e+02 3.746410e+02 2.213528e+02
      vertex   -1.419057e+02 3.746342e+02 2.213067e+02
      vertex   -1.419057e+02 3.750940e+02 2.223126e+02
    endloop
  endfacet
  facet normal 1.000000e+00 6.644168e-13 -1.623836e-13
    outer loop
      vertex   -1.419057e+02 3.750940e+02 2.223126e+02
      vertex   -1.419057e+02 3.746342e+02 2.213067e+02
      vertex   -1.419057e+02 3.746230e+02 2.212609e+02
    endloop
  endfacet
  facet normal 1.000000e+00 3.485906e-13 -2.096432e-14
    outer loop
      vertex   -1.419057e+02 3.750940e+02 2.223126e+02
      vertex   -1.419057e+02 3.746230e+02 2.212609e+02
      vertex   -1.419057e+02 3.740940e+02 2.056848e+02
    endloop
  endfacet
  facet normal 1.000000e+00 2.946225e-14 -1.012424e-14
    outer loop
      vertex   -1.419057e+02 3.740940e+02 2.056848e+02
      vertex   -1.419057e+02 3.746230e+02 2.212609e+02
      vertex   -1.419057e+02 3.746074e+02 2.212154e+02
    endloop
  endfacet
  facet normal 1.000000e+00 1.978879e-14 -9.804444e-15
    outer loop
      vertex   -1.419057e+02 3.740940e+02 2.056848e+02
      vertex   -1.419057e+02 3.746074e+02 2.212154e+02
      vertex   -1.419057e+02 3.745629e+02 2.211255e+02
    endloop
  endfacet
  facet normal 1.000000e+00 1.362176e-14 -9.617152e-15
    outer loop
      vertex   -1.419057e+02 3.745629e+02 2.211255e+02
      vertex   -1.419057e+02 3.745011e+02 2.210380e+02
      vertex   -1.419057e+02 3.740940e+02 2.056848e+02
    endloop
  endfacet
  facet normal 1.000000e+00 1.024427e-14 -9.527583e-15
    outer loop
      vertex   -1.419057e+02 3.740940e+02 2.056848e+02
      vertex   -1.419057e+02 3.745011e+02 2.210380e+02
      vertex   -1.419057e+02 3.744226e+02 2.209536e+02
    endloop
  endfacet
  facet normal 1.000000e+00 8.081806e-15 -9.481038e-15
    outer loop
      vertex   -1.419057e+02 3.740940e+02 2.056848e+02
      vertex   -1.419057e+02 3.744226e+02 2.209536e+02
      vertex   -1.419057e+02 3.743280e+02 2.208730e+02
    endloop
  endfacet
  facet normal 1.000000e+00 6.555797e-15 -9.457522e-15
    outer loop
      vertex   -1.419057e+02 3.743280e+02 2.208730e+02
      vertex   -1.419057e+02 3.742181e+02 2.207968e+02
      vertex   -1.419057e+02 3.740940e+02 2.056848e+02
    endloop
  endfacet
  facet normal 1.000000e+00 5.403397e-15 -9.448051e-15
    outer loop
      vertex   -1.419057e+02 3.740940e+02 2.056848e+02
      vertex   -1.419057e+02 3.742181e+02 2.207968e+02
      vertex   -1.419057e+02 3.740940e+02 2.207258e+02
    endloop
  endfacet
  facet normal 1.000000e+00 -0.000000e+00 0.000000e+00
    outer loop
      vertex   -1.419057e+02 3.672676e+02 2.056848e+02
      vertex   -1.419057e+02 3.723234e+02 1.871848e+02
      vertex   -1.419057e+02 3.740940e+02 2.056848e+02
    endloop
  endfacet
  facet normal 1.000000e+00 0.000000e+00 0.000000e+00
    outer loop
      vertex   -1.419057e+02 3.740940e+02 2.056848e+02
      vertex   -1.419057e+02 3.723234e+02 1.871848e+02
      vertex   -1.419057e+02 3.726294e+02 1.871715e+02
    endloop
  endfacet
  facet normal 1.000000e+00 0.000000e+00 0.000000e+00
    outer loop
      vertex   -1.419057e+02 3.740940e+02 2.056848e+02
      vertex   -1.419057e+02 3.726294e+02 1.871715e+02
      vertex   -1.419057e+02 3.729252e+02 1.871321e+02
    endloop
  endfacet
  facet normal 1.000000e+00 -0.000000e+00 0.000000e+00
    outer loop
      vertex   -1.419057e+02 3.670940e+02 2.056848e+02
      vertex   -1.419057e+02 3.672676e+02 1.871848e+02
      vertex   -1.419057e+02 3.672676e+02 2.056848e+02
    endloop
  endfacet
  facet normal 1.000000e+00 0.000000e+00 0.000000e+00
    outer loop
      vertex   -1.419057e+02 3.672676e+02 2.056848e+02
      vertex   -1.419057e+02 3.672676e+02 1.871848e+02
      vertex   -1.419057e+02 3.677370e+02 1.869504e+02
    endloop
  endfacet
  facet normal 1.000000e+00 0.000000e+00 0.000000e+00
    outer loop
      vertex   -1.419057e+02 3.672676e+02 2.056848e+02
      vertex   -1.419057e+02 3.677370e+02 1.869504e+02
      vertex   -1.419057e+02 3.678535e+02 1.870032e+02
    endloop
  endfacet
  facet normal 1.000000e+00 0.000000e+00 0.000000e+00
    outer loop
      vertex   -1.419057e+02 3.670940e+02 2.056848e+02
      vertex   -1.419057e+02 3.670940e+02 1.871848e+02
      vertex   -1.419057e+02 3.672676e+02 1.871848e+02
    endloop
  endfacet
  facet normal 1.000000e+00 0.000000e+00 0.000000e+00
    outer loop
      vertex   -1.419057e+02 3.672676e+02 1.863848e+02
      vertex   -1.419057e+02 3.672695e+02 1.864240e+02
      vertex   -1.419057e+02 3.672676e+02 1.871848e+02
    endloop
  endfacet
  facet normal 1.000000e+00 0.000000e+00 0.000000e+00
    outer loop
      vertex   -1.419057e+02 3.672676e+02 1.871848e+02
      vertex   -1.419057e+02 3.672695e+02 1.864240e+02
      vertex   -1.419057e+02 3.672753e+02 1.864632e+02
    endloop
  endfacet
  facet normal 1.000000e+00 0.000000e+00 0.000000e+00
    outer loop
      vertex   -1.419057e+02 3.672676e+02 1.871848e+02
      vertex   -1.419057e+02 3.672753e+02 1.864632e+02
      vertex   -1.419057e+02 3.672849e+02 1.865021e+02
    endloop
  endfacet
  facet normal 1.000000e+00 0.000000e+00 -0.000000e+00
    outer loop
      vertex   -1.419057e+02 3.672849e+02 1.865021e+02
      vertex   -1.419057e+02 3.672984e+02 1.865408e+02
      vertex   -1.419057e+02 3.672676e+02 1.871848e+02
    endloop
  endfacet
  facet normal 1.000000e+00 0.000000e+00 0.000000e+00
    outer loop
      vertex   -1.419057e+02 3.672676e+02 1.871848e+02
      vertex   -1.419057e+02 3.672984e+02 1.865408e+02
      vertex   -1.419057e+02 3.673366e+02 1.866170e+02
    endloop
  endfacet
  facet normal 1.000000e+00 0.000000e+00 0.000000e+00
    outer loop
      vertex   -1.419057e+02 3.672676e+02 1.871848e+02
      vertex   -1.419057e+02 3.673366e+02 1.866170e+02
      vertex   -1.419057e+02 3.673896e+02 1.866909e+02
    endloop
  endfacet
  facet normal 1.000000e+00 0.000000e+00 -0.000000e+00
    outer loop
      vertex   -1.419057e+02 3.673896e+02 1.866909e+02
      vertex   -1.419057e+02 3.674568e+02 1.867619e+02
      vertex   -1.419057e+02 3.672676e+02 1.871848e+02
    endloop
  endfacet
  facet normal 1.000000e+00 0.000000e+00 0.000000e+00
    outer loop
      vertex   -1.419057e+02 3.672676e+02 1.871848e+02
      vertex   -1.419057e+02 3.674568e+02 1.867619e+02
      vertex   -1.419057e+02 3.675377e+02 1.868292e+02
    endloop
  endfacet
  facet normal 1.000000e+00 0.000000e+00 0.000000e+00
    outer loop
      vertex   -1.419057e+02 3.672676e+02 1.871848e+02
      vertex   -1.419057e+02 3.675377e+02 1.868292e+02
      vertex   -1.419057e+02 3.676314e+02 1.868923e+02
    endloop
  endfacet
  facet normal 1.000000e+00 0.000000e+00 -0.000000e+00
    outer loop
      vertex   -1.419057e+02 3.676314e+02 1.868923e+02
      vertex   -1.419057e+02 3.677370e+02 1.869504e+02
      vertex   -1.419057e+02 3.672676e+02 1.871848e+02
    endloop
  endfacet
  facet normal 1.000000e+00 0.000000e+00 -0.000000e+00
    outer loop
      vertex   -1.419057e+02 3.678535e+02 1.870032e+02
      vertex   -1.419057e+02 3.679799e+02 1.870499e+02
      vertex   -1.419057e+02 3.672676e+02 2.056848e+02
    endloop
  endfacet
  facet normal 1.000000e+00 0.000000e+00 0.000000e+00
    outer loop
      vertex   -1.419057e+02 3.672676e+02 2.056848e+02
      vertex   -1.419057e+02 3.679799e+02 1.870499e+02
      vertex   -1.419057e+02 3.681148e+02 1.870903e+02
    endloop
  endfacet
  facet normal 1.000000e+00 0.000000e+00 0.000000e+00
    outer loop
      vertex   -1.419057e+02 3.672676e+02 2.056848e+02
      vertex   -1.419057e+02 3.681148e+02 1.870903e+02
      vertex   -1.419057e+02 3.682570e+02 1.871239e+02
    endloop
  endfacet
  facet normal 1.000000e+00 0.000000e+00 -0.000000e+00
    outer loop
      vertex   -1.419057e+02 3.682570e+02 1.871239e+02
      vertex   -1.419057e+02 3.684051e+02 1.871503e+02
      vertex   -1.419057e+02 3.672676e+02 2.056848e+02
    endloop
  endfacet
  facet normal 1.000000e+00 0.000000e+00 0.000000e+00
    outer loop
      vertex   -1.419057e+02 3.672676e+02 2.056848e+02
      vertex   -1.419057e+02 3.684051e+02 1.871503e+02
      vertex   -1.419057e+02 3.685577e+02 1.871694e+02
    endloop
  endfacet
  facet normal 1.000000e+00 0.000000e+00 0.000000e+00
    outer loop
      vertex   -1.419057e+02 3.672676e+02 2.056848e+02
      vertex   -1.419057e+02 3.685577e+02 1.871694e+02
      vertex   -1.419057e+02 3.688703e+02 1.871848e+02
    endloop
  endfacet
  facet normal 1.000000e+00 0.000000e+00 -0.000000e+00
    outer loop
      vertex   -1.419057e+02 3.688703e+02 1.871848e+02
      vertex   -1.419057e+02 3.723234e+02 1.871848e+02
      vertex   -1.419057e+02 3.672676e+02 2.056848e+02
    endloop
  endfacet
  facet normal 1.000000e+00 -0.000000e+00 0.000000e+00
    outer loop
      vertex   -1.419057e+02 3.729252e+02 1.871321e+02
      vertex   -1.419057e+02 3.730662e+02 1.871030e+02
      vertex   -1.419057e+02 3.740940e+02 2.056848e+02
    endloop
  endfacet
  facet normal 1.000000e+00 0.000000e+00 0.000000e+00
    outer loop
      vertex   -1.419057e+02 3.740940e+02 2.056848e+02
      vertex   -1.419057e+02 3.730662e+02 1.871030e+02
      vertex   -1.419057e+02 3.732011e+02 1.870680e+02
    endloop
  endfacet
  facet normal 1.000000e+00 0.000000e+00 0.000000e+00
    outer loop
      vertex   -1.419057e+02 3.740940e+02 2.056848e+02
      vertex   -1.419057e+02 3.732011e+02 1.870680e+02
      vertex   -1.419057e+02 3.733286e+02 1.870273e+02
    endloop
  endfacet
  facet normal 1.000000e+00 -0.000000e+00 0.000000e+00
    outer loop
      vertex   -1.419057e+02 3.733286e+02 1.870273e+02
      vertex   -1.419057e+02 3.734478e+02 1.869812e+02
      vertex   -1.419057e+02 3.740940e+02 2.056848e+02
    endloop
  endfacet
  facet normal 1.000000e+00 0.000000e+00 0.000000e+00
    outer loop
      vertex   -1.419057e+02 3.740940e+02 2.056848e+02
      vertex   -1.419057e+02 3.734478e+02 1.869812e+02
      vertex   -1.419057e+02 3.735577e+02 1.869302e+02
    endloop
  endfacet
  facet normal 1.000000e+00 0.000000e+00 0.000000e+00
    outer loop
      vertex   -1.419057e+02 3.740940e+02 2.056848e+02
      vertex   -1.419057e+02 3.735577e+02 1.869302e+02
      vertex   -1.419057e+02 3.740000e+02 1.871848e+02
    endloop
  endfacet
  facet normal 1.000000e+00 0.000000e+00 0.000000e+00
    outer loop
      vertex   -1.419057e+02 3.740000e+02 1.871848e+02
      vertex   -1.419057e+02 3.735577e+02 1.869302e+02
      vertex   -1.419057e+02 3.736573e+02 1.868746e+02
    endloop
  endfacet
  facet normal 1.000000e+00 0.000000e+00 0.000000e+00
    outer loop
      vertex   -1.419057e+02 3.740000e+02 1.871848e+02
      vertex   -1.419057e+02 3.736573e+02 1.868746e+02
      vertex   -1.419057e+02 3.737458e+02 1.868150e+02
    endloop
  endfacet
  facet normal 1.000000e+00 -0.000000e+00 0.000000e+00
    outer loop
      vertex   -1.419057e+02 3.737458e+02 1.868150e+02
      vertex   -1.419057e+02 3.738225e+02 1.867518e+02
      vertex   -1.419057e+02 3.740000e+02 1.871848e+02
    endloop
  endfacet
  facet normal 1.000000e+00 0.000000e+00 0.000000e+00
    outer loop
      vertex   -1.419057e+02 3.740000e+02 1.871848e+02
      vertex   -1.419057e+02 3.738225e+02 1.867518e+02
      vertex   -1.419057e+02 3.738868e+02 1.866855e+02
    endloop
  endfacet
  facet normal 1.000000e+00 0.000000e+00 0.000000e+00
    outer loop
      vertex   -1.419057e+02 3.740000e+02 1.871848e+02
      vertex   -1.419057e+02 3.738868e+02 1.866855e+02
      vertex   -1.419057e+02 3.739380e+02 1.866168e+02
    endloop
  endfacet
  facet normal 1.000000e+00 -0.000000e+00 0.000000e+00
    outer loop
      vertex   -1.419057e+02 3.739380e+02 1.866168e+02
      vertex   -1.419057e+02 3.739759e+02 1.865461e+02
      vertex   -1.419057e+02 3.740000e+02 1.871848e+02
    endloop
  endfacet
  facet normal 1.000000e+00 0.000000e+00 0.000000e+00
    outer loop
      vertex   -1.419057e+02 3.740000e+02 1.871848e+02
      vertex   -1.419057e+02 3.739759e+02 1.865461e+02
      vertex   -1.419057e+02 3.739897e+02 1.865102e+02
    endloop
  endfacet
  facet normal 1.000000e+00 0.000000e+00 0.000000e+00
    outer loop
      vertex   -1.419057e+02 3.740000e+02 1.871848e+02
      vertex   -1.419057e+02 3.739897e+02 1.865102e+02
      vertex   -1.419057e+02 3.740000e+02 1.864741e+02
    endloop
  endfacet
  facet normal 1.000000e+00 0.000000e+00 0.000000e+00
    outer loop
      vertex   -1.419057e+02 3.740000e+02 1.871848e+02
      vertex   -1.419057e+02 3.740940e+02 1.871848e+02
      vertex   -1.419057e+02 3.740940e+02 2.056848e+02
    endloop
  endfacet
  facet normal 1.000000e+00 0.000000e+00 0.000000e+00
    outer loop
      vertex   -1.419057e+02 3.740940e+02 2.056848e+02
      vertex   -1.419057e+02 3.740940e+02 1.871848e+02
      vertex   -1.419057e+02 3.750940e+02 1.771848e+02
    endloop
  endfacet
  facet normal 1.000000e+00 -0.000000e+00 0.000000e+00
    outer loop
      vertex   -1.419057e+02 3.740940e+02 2.056848e+02
      vertex   -1.419057e+02 3.750940e+02 1.771848e+02
      vertex   -1.419057e+02 3.750940e+02 2.223126e+02
    endloop
  endfacet
  facet normal 1.000000e+00 4.209456e-13 4.209456e-14
    outer loop
      vertex   -1.419057e+02 3.740940e+02 1.871848e+02
      vertex   -1.419057e+02 3.740940e+02 1.770569e+02
      vertex   -1.419057e+02 3.750940e+02 1.771848e+02
    endloop
  endfacet
  facet normal 1.000000e+00 4.831691e-13 -4.447515e-13
    outer loop
      vertex   -1.419057e+02 3.750940e+02 1.771848e+02
      vertex   -1.419057e+02 3.740940e+02 1.770569e+02
      vertex   -1.419057e+02 3.750940e+02 1.770569e+02
    endloop
  endfacet
  facet normal 0.000000e+00 -7.071068e-01 7.071068e-01
    outer loop
      vertex   -1.419057e+02 3.720940e+02 2.261848e+02
      vertex   -1.443000e+02 3.720940e+02 2.261848e+02
      vertex   -1.419057e+02 3.685932e+02 2.226840e+02
    endloop
  endfacet
  facet normal -2.518107e-14 -7.071068e-01 7.071068e-01
    outer loop
      vertex   -1.419057e+02 3.685932e+02 2.226840e+02
      vertex   -1.443000e+02 3.720940e+02 2.261848e+02
      vertex   -1.443000e+02 3.670940e+02 2.211848e+02
    endloop
  endfacet
  facet normal 4.029140e-13 -7.071068e-01 7.071068e-01
    outer loop
      vertex   -1.419057e+02 3.685932e+02 2.226840e+02
      vertex   -1.443000e+02 3.670940e+02 2.211848e+02
      vertex   -1.412829e+02 3.677843e+02 2.218751e+02
    endloop
  endfacet
  facet normal 3.790379e-13 -7.071068e-01 7.071068e-01
    outer loop
      vertex   -1.412829e+02 3.677843e+02 2.218751e+02
      vertex   -1.443000e+02 3.670940e+02 2.211848e+02
      vertex   -1.413217e+02 3.676896e+02 2.217804e+02
    endloop
  endfacet
  facet normal 2.468408e-13 -7.071068e-01 7.071068e-01
    outer loop
      vertex   -1.413217e+02 3.676896e+02 2.217804e+02
      vertex   -1.443000e+02 3.670940e+02 2.211848e+02
      vertex   -1.413715e+02 3.675940e+02 2.216848e+02
    endloop
  endfacet
  facet normal -2.166688e-13 -7.071068e-01 7.071068e-01
    outer loop
      vertex   -1.413715e+02 3.675940e+02 2.216848e+02
      vertex   -1.443000e+02 3.670940e+02 2.211848e+02
      vertex   -1.415361e+02 3.673081e+02 2.213989e+02
    endloop
  endfacet
  facet normal 0.000000e+00 -7.071068e-01 7.071068e-01
    outer loop
      vertex   -1.415361e+02 3.673081e+02 2.213989e+02
      vertex   -1.443000e+02 3.670940e+02 2.211848e+02
      vertex   -1.416049e+02 3.672004e+02 2.212912e+02
    endloop
  endfacet
  facet normal 0.000000e+00 -7.071068e-01 7.071068e-01
    outer loop
      vertex   -1.416049e+02 3.672004e+02 2.212912e+02
      vertex   -1.443000e+02 3.670940e+02 2.211848e+02
      vertex   -1.416862e+02 3.670940e+02 2.211848e+02
    endloop
  endfacet
  facet normal 8.038743e-12 -7.071068e-01 7.071068e-01
    outer loop
      vertex   -1.419057e+02 3.685932e+02 2.226840e+02
      vertex   -1.412829e+02 3.677843e+02 2.218751e+02
      vertex   -1.418004e+02 3.685850e+02 2.226758e+02
    endloop
  endfacet
  facet normal 0.000000e+00 -7.071068e-01 7.071068e-01
    outer loop
      vertex   -1.418004e+02 3.685850e+02 2.226758e+02
      vertex   -1.412829e+02 3.677843e+02 2.218751e+02
      vertex   -1.412555e+02 3.678774e+02 2.219682e+02
    endloop
  endfacet
  facet normal 0.000000e+00 -7.071068e-01 7.071068e-01
    outer loop
      vertex   -1.418004e+02 3.685850e+02 2.226758e+02
      vertex   -1.412555e+02 3.678774e+02 2.219682e+02
      vertex   -1.417017e+02 3.685676e+02 2.226585e+02
    endloop
  endfacet
  facet normal -8.129766e-13 -7.071068e-01 7.071068e-01
    outer loop
      vertex   -1.417017e+02 3.685676e+02 2.226585e+02
      vertex   -1.412555e+02 3.678774e+02 2.219682e+02
      vertex   -1.416105e+02 3.685414e+02 2.226322e+02
    endloop
  endfacet
  facet normal 1.205304e-12 -7.071068e-01 7.071068e-01
    outer loop
      vertex   -1.416105e+02 3.685414e+02 2.226322e+02
      vertex   -1.412555e+02 3.678774e+02 2.219682e+02
      vertex   -1.415278e+02 3.685064e+02 2.225973e+02
    endloop
  endfacet
  facet normal -3.411440e-13 -7.071068e-01 7.071068e-01
    outer loop
      vertex   -1.415278e+02 3.685064e+02 2.225973e+02
      vertex   -1.412555e+02 3.678774e+02 2.219682e+02
      vertex   -1.414542e+02 3.684631e+02 2.225540e+02
    endloop
  endfacet
  facet normal -4.332281e-13 -7.071068e-01 7.071068e-01
    outer loop
      vertex   -1.414542e+02 3.684631e+02 2.225540e+02
      vertex   -1.412555e+02 3.678774e+02 2.219682e+02
      vertex   -1.413904e+02 3.684119e+02 2.225027e+02
    endloop
  endfacet
  facet normal 9.854647e-13 -7.071068e-01 7.071068e-01
    outer loop
      vertex   -1.413904e+02 3.684119e+02 2.225027e+02
      vertex   -1.412555e+02 3.678774e+02 2.219682e+02
      vertex   -1.413370e+02 3.683531e+02 2.224439e+02
    endloop
  endfacet
  facet normal -1.198503e-12 -7.071068e-01 7.071068e-01
    outer loop
      vertex   -1.413370e+02 3.683531e+02 2.224439e+02
      vertex   -1.412555e+02 3.678774e+02 2.219682e+02
      vertex   -1.412946e+02 3.682874e+02 2.223782e+02
    endloop
  endfacet
  facet normal -6.431874e-13 -7.071068e-01 7.071068e-01
    outer loop
      vertex   -1.412946e+02 3.682874e+02 2.223782e+02
      vertex   -1.412555e+02 3.678774e+02 2.219682e+02
      vertex   -1.412398e+02 3.679678e+02 2.220586e+02
    endloop
  endfacet
  facet normal 0.000000e+00 -7.071068e-01 7.071068e-01
    outer loop
      vertex   -1.412946e+02 3.682874e+02 2.223782e+02
      vertex   -1.412398e+02 3.679678e+02 2.220586e+02
      vertex   -1.412634e+02 3.682153e+02 2.223061e+02
    endloop
  endfacet
  facet normal 3.288656e-12 -7.071068e-01 7.071068e-01
    outer loop
      vertex   -1.412634e+02 3.682153e+02 2.223061e+02
      vertex   -1.412398e+02 3.679678e+02 2.220586e+02
      vertex   -1.412359e+02 3.680548e+02 2.221456e+02
    endloop
  endfacet
  facet normal 3.288307e-12 -7.071068e-01 7.071068e-01
    outer loop
      vertex   -1.412634e+02 3.682153e+02 2.223061e+02
      vertex   -1.412359e+02 3.680548e+02 2.221456e+02
      vertex   -1.412437e+02 3.681375e+02 2.222283e+02
    endloop
  endfacet
  facet normal -9.849218e-01 -1.660393e-01 4.858060e-02
    outer loop
      vertex   -9.314787e+01 3.704686e+02 2.216848e+02
      vertex   -9.311746e+01 3.702882e+02 2.216848e+02
      vertex   -9.314311e+01 3.704689e+02 2.217823e+02
    endloop
  endfacet
  facet normal -9.787015e-01 -1.859189e-01 8.704890e-02
    outer loop
      vertex   -9.314311e+01 3.704689e+02 2.217823e+02
      vertex   -9.311746e+01 3.702882e+02 2.216848e+02
      vertex   -9.310269e+01 3.702917e+02 2.218584e+02
    endloop
  endfacet
  facet normal -9.763132e-01 -1.603672e-01 1.452405e-01
    outer loop
      vertex   -9.314311e+01 3.704689e+02 2.217823e+02
      vertex   -9.310269e+01 3.702917e+02 2.218584e+02
      vertex   -9.312891e+01 3.704697e+02 2.218787e+02
    endloop
  endfacet
  facet normal -9.560573e-01 -1.681845e-01 2.401425e-01
    outer loop
      vertex   -9.312891e+01 3.704697e+02 2.218787e+02
      vertex   -9.310269e+01 3.702917e+02 2.218584e+02
      vertex   -9.310542e+01 3.704712e+02 2.219732e+02
    endloop
  endfacet
  facet normal -9.491204e-01 -1.798346e-01 2.585150e-01
    outer loop
      vertex   -9.310542e+01 3.704712e+02 2.219732e+02
      vertex   -9.310269e+01 3.702917e+02 2.218584e+02
      vertex   -9.305884e+01 3.703024e+02 2.220268e+02
    endloop
  endfacet
  facet normal -9.305751e-01 -1.508970e-01 3.335568e-01
    outer loop
      vertex   -9.310542e+01 3.704712e+02 2.219732e+02
      vertex   -9.305884e+01 3.703024e+02 2.220268e+02
      vertex   -9.307276e+01 3.704731e+02 2.220652e+02
    endloop
  endfacet
  facet normal -8.908942e-01 -1.676007e-01 4.221581e-01
    outer loop
      vertex   -9.307276e+01 3.704731e+02 2.220652e+02
      vertex   -9.305884e+01 3.703024e+02 2.220268e+02
      vertex   -9.298724e+01 3.703197e+02 2.221848e+02
    endloop
  endfacet
  facet normal -8.907399e-01 -1.671097e-01 4.226780e-01
    outer loop
      vertex   -9.307276e+01 3.704731e+02 2.220652e+02
      vertex   -9.298724e+01 3.703197e+02 2.221848e+02
      vertex   -9.303130e+01 3.704756e+02 2.221536e+02
    endloop
  endfacet
  facet normal -8.492323e-01 -1.379877e-01 5.096704e-01
    outer loop
      vertex   -9.303130e+01 3.704756e+02 2.221536e+02
      vertex   -9.298724e+01 3.703197e+02 2.221848e+02
      vertex   -9.298155e+01 3.704786e+02 2.222373e+02
    endloop
  endfacet
  facet normal -8.034677e-01 -1.606389e-01 5.732668e-01
    outer loop
      vertex   -9.298155e+01 3.704786e+02 2.222373e+02
      vertex   -9.298724e+01 3.703197e+02 2.221848e+02
      vertex   -9.289006e+01 3.703432e+02 2.223275e+02
    endloop
  endfacet
  facet normal -7.944944e-01 -1.433522e-01 5.901092e-01
    outer loop
      vertex   -9.298155e+01 3.704786e+02 2.222373e+02
      vertex   -9.289006e+01 3.703432e+02 2.223275e+02
      vertex   -9.292390e+01 3.704821e+02 2.223157e+02
    endloop
  endfacet
  facet normal -7.354343e-01 -1.224781e-01 6.664349e-01
    outer loop
      vertex   -9.292390e+01 3.704821e+02 2.223157e+02
      vertex   -9.289006e+01 3.703432e+02 2.223275e+02
      vertex   -9.285874e+01 3.704861e+02 2.223884e+02
    endloop
  endfacet
  facet normal -6.912445e-01 -1.494373e-01 7.070004e-01
    outer loop
      vertex   -9.285874e+01 3.704861e+02 2.223884e+02
      vertex   -9.289006e+01 3.703432e+02 2.223275e+02
      vertex   -9.277027e+01 3.703722e+02 2.224508e+02
    endloop
  endfacet
  facet normal -6.673727e-01 -1.151123e-01 7.357736e-01
    outer loop
      vertex   -9.285874e+01 3.704861e+02 2.223884e+02
      vertex   -9.277027e+01 3.703722e+02 2.224508e+02
      vertex   -9.278683e+01 3.704904e+02 2.224543e+02
    endloop
  endfacet
  facet normal -5.930568e-01 -1.065263e-01 7.980826e-01
    outer loop
      vertex   -9.278683e+01 3.704904e+02 2.224543e+02
      vertex   -9.277027e+01 3.703722e+02 2.224508e+02
      vertex   -9.270904e+01 3.704951e+02 2.225127e+02
    endloop
  endfacet
  facet normal -5.574992e-01 -1.348503e-01 8.191520e-01
    outer loop
      vertex   -9.270904e+01 3.704951e+02 2.225127e+02
      vertex   -9.277027e+01 3.703722e+02 2.224508e+02
      vertex   -9.263148e+01 3.704058e+02 2.225508e+02
    endloop
  endfacet
  facet normal -5.144702e-01 -8.285818e-02 8.534957e-01
    outer loop
      vertex   -9.270904e+01 3.704951e+02 2.225127e+02
      vertex   -9.263148e+01 3.704058e+02 2.225508e+02
      vertex   -9.262593e+01 3.705001e+02 2.225633e+02
    endloop
  endfacet
  facet normal -4.276546e-01 -9.400983e-02 8.990404e-01
    outer loop
      vertex   -9.262593e+01 3.705001e+02 2.225633e+02
      vertex   -9.263148e+01 3.704058e+02 2.225508e+02
      vertex   -9.253808e+01 3.705054e+02 2.226056e+02
    endloop
  endfacet
  facet normal -4.061678e-01 -1.180547e-01 9.061406e-01
    outer loop
      vertex   -9.253808e+01 3.705054e+02 2.226056e+02
      vertex   -9.263148e+01 3.704058e+02 2.225508e+02
      vertex   -9.247794e+01 3.704429e+02 2.226245e+02
    endloop
  endfacet
  facet normal -3.415762e-01 -4.610004e-02 9.387228e-01
    outer loop
      vertex   -9.253808e+01 3.705054e+02 2.226056e+02
      vertex   -9.247794e+01 3.704429e+02 2.226245e+02
      vertex   -9.244662e+01 3.705110e+02 2.226392e+02
    endloop
  endfacet
  facet normal -2.425212e-01 -9.743717e-02 9.652406e-01
    outer loop
      vertex   -9.244662e+01 3.705110e+02 2.226392e+02
      vertex   -9.247794e+01 3.704429e+02 2.226245e+02
      vertex   -9.231429e+01 3.704825e+02 2.226696e+02
    endloop
  endfacet
  facet normal -2.440324e-01 -1.058221e-01 9.639761e-01
    outer loop
      vertex   -9.244662e+01 3.705110e+02 2.226392e+02
      vertex   -9.231429e+01 3.704825e+02 2.226696e+02
      vertex   -9.235261e+01 3.705167e+02 2.226636e+02
    endloop
  endfacet
  facet normal -1.561631e-01 -2.982665e-03 9.877268e-01
    outer loop
      vertex   -9.235261e+01 3.705167e+02 2.226636e+02
      vertex   -9.231429e+01 3.704825e+02 2.226696e+02
      vertex   -9.225659e+01 3.705225e+02 2.226788e+02
    endloop
  endfacet
  facet normal -4.340412e-02 -1.654099e-01 9.852693e-01
    outer loop
      vertex   -9.225659e+01 3.705225e+02 2.226788e+02
      vertex   -9.231429e+01 3.704825e+02 2.226696e+02
      vertex   -9.214684e+01 3.705291e+02 2.226848e+02
    endloop
  endfacet
  facet normal 6.033547e-02 -9.981782e-01 1.573564e-07
    outer loop
      vertex   -9.225659e+01 3.705225e+02 2.226788e+02
      vertex   -9.214684e+01 3.705291e+02 2.226848e+02
      vertex   -9.215911e+01 3.705284e+02 2.226847e+02
    endloop
  endfacet
  facet normal -9.493742e-01 -3.018772e-01 8.694132e-02
    outer loop
      vertex   -9.310269e+01 3.702917e+02 2.218584e+02
      vertex   -9.311746e+01 3.702882e+02 2.216848e+02
      vertex   -9.304790e+01 3.701194e+02 2.218584e+02
    endloop
  endfacet
  facet normal -9.493742e-01 -3.018772e-01 8.694132e-02
    outer loop
      vertex   -9.304790e+01 3.701194e+02 2.218584e+02
      vertex   -9.311746e+01 3.702882e+02 2.216848e+02
      vertex   -9.306202e+01 3.701138e+02 2.216848e+02
    endloop
  endfacet
  facet normal -8.975918e-01 -4.321691e-01 8.694132e-02
    outer loop
      vertex   -9.304790e+01 3.701194e+02 2.218584e+02
      vertex   -9.306202e+01 3.701138e+02 2.216848e+02
      vertex   -9.296946e+01 3.699565e+02 2.218584e+02
    endloop
  endfacet
  facet normal -8.975918e-01 -4.321691e-01 8.694132e-02
    outer loop
      vertex   -9.296946e+01 3.699565e+02 2.218584e+02
      vertex   -9.306202e+01 3.701138e+02 2.216848e+02
      vertex   -9.298265e+01 3.699490e+02 2.216848e+02
    endloop
  endfacet
  facet normal -8.704470e-01 -4.190995e-01 2.582203e-01
    outer loop
      vertex   -9.296946e+01 3.699565e+02 2.218584e+02
      vertex   -9.293028e+01 3.699789e+02 2.220268e+02
      vertex   -9.304790e+01 3.701194e+02 2.218584e+02
    endloop
  endfacet
  facet normal -8.704470e-01 -4.190995e-01 2.582203e-01
    outer loop
      vertex   -9.304790e+01 3.701194e+02 2.218584e+02
      vertex   -9.293028e+01 3.699789e+02 2.220268e+02
      vertex   -9.300597e+01 3.701361e+02 2.220268e+02
    endloop
  endfacet
  facet normal -9.206633e-01 -2.927479e-01 2.582203e-01
    outer loop
      vertex   -9.304790e+01 3.701194e+02 2.218584e+02
      vertex   -9.300597e+01 3.701361e+02 2.220268e+02
      vertex   -9.310269e+01 3.702917e+02 2.218584e+02
    endloop
  endfacet
  facet normal -9.206633e-01 -2.927479e-01 2.582203e-01
    outer loop
      vertex   -9.310269e+01 3.702917e+02 2.218584e+02
      vertex   -9.300597e+01 3.701361e+02 2.220268e+02
      vertex   -9.305884e+01 3.703024e+02 2.220268e+02
    endloop
  endfacet
  facet normal -8.169479e-01 -3.933410e-01 4.217572e-01
    outer loop
      vertex   -9.293028e+01 3.699789e+02 2.220268e+02
      vertex   -9.286632e+01 3.700154e+02 2.221848e+02
      vertex   -9.300597e+01 3.701361e+02 2.220268e+02
    endloop
  endfacet
  facet normal -8.169479e-01 -3.933410e-01 4.217572e-01
    outer loop
      vertex   -9.300597e+01 3.701361e+02 2.220268e+02
      vertex   -9.286632e+01 3.700154e+02 2.221848e+02
      vertex   -9.293751e+01 3.701633e+02 2.221848e+02
    endloop
  endfacet
  facet normal -8.640778e-01 -2.747551e-01 4.217572e-01
    outer loop
      vertex   -9.300597e+01 3.701361e+02 2.220268e+02
      vertex   -9.293751e+01 3.701633e+02 2.221848e+02
      vertex   -9.305884e+01 3.703024e+02 2.220268e+02
    endloop
  endfacet
  facet normal -8.640778e-01 -2.747551e-01 4.217572e-01
    outer loop
      vertex   -9.305884e+01 3.703024e+02 2.220268e+02
      vertex   -9.293751e+01 3.701633e+02 2.221848e+02
      vertex   -9.298724e+01 3.703197e+02 2.221848e+02
    endloop
  endfacet
  facet normal -7.386608e-01 -3.556476e-01 5.726212e-01
    outer loop
      vertex   -9.286632e+01 3.700154e+02 2.221848e+02
      vertex   -9.277952e+01 3.700650e+02 2.223275e+02
      vertex   -9.293751e+01 3.701633e+02 2.221848e+02
    endloop
  endfacet
  facet normal -7.386608e-01 -3.556476e-01 5.726212e-01
    outer loop
      vertex   -9.293751e+01 3.701633e+02 2.221848e+02
      vertex   -9.277952e+01 3.700650e+02 2.223275e+02
      vertex   -9.284460e+01 3.702002e+02 2.223275e+02
    endloop
  endfacet
  facet normal -7.812744e-01 -2.484257e-01 5.726212e-01
    outer loop
      vertex   -9.293751e+01 3.701633e+02 2.221848e+02
      vertex   -9.284460e+01 3.702002e+02 2.223275e+02
      vertex   -9.298724e+01 3.703197e+02 2.221848e+02
    endloop
  endfacet
  facet normal -7.812744e-01 -2.484257e-01 5.726212e-01
    outer loop
      vertex   -9.298724e+01 3.703197e+02 2.221848e+02
      vertex   -9.284460e+01 3.702002e+02 2.223275e+02
      vertex   -9.289006e+01 3.703432e+02 2.223275e+02
    endloop
  endfacet
  facet normal -6.378959e-01 -3.071317e-01 7.062287e-01
    outer loop
      vertex   -9.277952e+01 3.700650e+02 2.223275e+02
      vertex   -9.267250e+01 3.701262e+02 2.224508e+02
      vertex   -9.284460e+01 3.702002e+02 2.223275e+02
    endloop
  endfacet
  facet normal -6.378959e-01 -3.071317e-01 7.062287e-01
    outer loop
      vertex   -9.284460e+01 3.702002e+02 2.223275e+02
      vertex   -9.267250e+01 3.701262e+02 2.224508e+02
      vertex   -9.273006e+01 3.702457e+02 2.224508e+02
    endloop
  endfacet
  facet normal -6.746963e-01 -2.145365e-01 7.062287e-01
    outer loop
      vertex   -9.284460e+01 3.702002e+02 2.223275e+02
      vertex   -9.273006e+01 3.702457e+02 2.224508e+02
      vertex   -9.289006e+01 3.703432e+02 2.223275e+02
    endloop
  endfacet
  facet normal -6.746963e-01 -2.145365e-01 7.062287e-01
    outer loop
      vertex   -9.289006e+01 3.703432e+02 2.223275e+02
      vertex   -9.273006e+01 3.702457e+02 2.224508e+02
      vertex   -9.277027e+01 3.703722e+02 2.224508e+02
    endloop
  endfacet
  facet normal -5.176551e-01 -2.492386e-01 8.184823e-01
    outer loop
      vertex   -9.267250e+01 3.701262e+02 2.224508e+02
      vertex   -9.254852e+01 3.701970e+02 2.225508e+02
      vertex   -9.273006e+01 3.702457e+02 2.224508e+02
    endloop
  endfacet
  facet normal -5.176551e-01 -2.492386e-01 8.184823e-01
    outer loop
      vertex   -9.273006e+01 3.702457e+02 2.224508e+02
      vertex   -9.254852e+01 3.701970e+02 2.225508e+02
      vertex   -9.259737e+01 3.702985e+02 2.225508e+02
    endloop
  endfacet
  facet normal -5.475188e-01 -1.740973e-01 8.184823e-01
    outer loop
      vertex   -9.273006e+01 3.702457e+02 2.224508e+02
      vertex   -9.259737e+01 3.702985e+02 2.225508e+02
      vertex   -9.277027e+01 3.703722e+02 2.224508e+02
    endloop
  endfacet
  facet normal -5.475188e-01 -1.740973e-01 8.184823e-01
    outer loop
      vertex   -9.277027e+01 3.703722e+02 2.224508e+02
      vertex   -9.259737e+01 3.702985e+02 2.225508e+02
      vertex   -9.263148e+01 3.704058e+02 2.225508e+02
    endloop
  endfacet
  facet normal -3.815573e-01 -1.837108e-01 9.059053e-01
    outer loop
      vertex   -9.254852e+01 3.701970e+02 2.225508e+02
      vertex   -9.241136e+01 3.702754e+02 2.226245e+02
      vertex   -9.259737e+01 3.702985e+02 2.225508e+02
    endloop
  endfacet
  facet normal -3.815573e-01 -1.837108e-01 9.059053e-01
    outer loop
      vertex   -9.259737e+01 3.702985e+02 2.225508e+02
      vertex   -9.241136e+01 3.702754e+02 2.226245e+02
      vertex   -9.245056e+01 3.703568e+02 2.226245e+02
    endloop
  endfacet
  facet normal -4.035695e-01 -1.283250e-01 9.059053e-01
    outer loop
      vertex   -9.259737e+01 3.702985e+02 2.225508e+02
      vertex   -9.245056e+01 3.703568e+02 2.226245e+02
      vertex   -9.263148e+01 3.704058e+02 2.225508e+02
    endloop
  endfacet
  facet normal -4.035695e-01 -1.283250e-01 9.059053e-01
    outer loop
      vertex   -9.263148e+01 3.704058e+02 2.225508e+02
      vertex   -9.245056e+01 3.703568e+02 2.226245e+02
      vertex   -9.247794e+01 3.704429e+02 2.226245e+02
    endloop
  endfacet
  facet normal -2.337374e-01 -1.125390e-01 9.657649e-01
    outer loop
      vertex   -9.241136e+01 3.702754e+02 2.226245e+02
      vertex   -9.226517e+01 3.703590e+02 2.226696e+02
      vertex   -9.245056e+01 3.703568e+02 2.226245e+02
    endloop
  endfacet
  facet normal -2.337374e-01 -1.125390e-01 9.657649e-01
    outer loop
      vertex   -9.245056e+01 3.703568e+02 2.226245e+02
      vertex   -9.226517e+01 3.703590e+02 2.226696e+02
      vertex   -9.229409e+01 3.704190e+02 2.226696e+02
    endloop
  endfacet
  facet normal -2.472218e-01 -7.861036e-02 9.657649e-01
    outer loop
      vertex   -9.245056e+01 3.703568e+02 2.226245e+02
      vertex   -9.229409e+01 3.704190e+02 2.226696e+02
      vertex   -9.247794e+01 3.704429e+02 2.226245e+02
    endloop
  endfacet
  facet normal -2.472218e-01 -7.861036e-02 9.657649e-01
    outer loop
      vertex   -9.247794e+01 3.704429e+02 2.226245e+02
      vertex   -9.229409e+01 3.704190e+02 2.226696e+02
      vertex   -9.231429e+01 3.704825e+02 2.226696e+02
    endloop
  endfacet
  facet normal -7.784446e-02 -3.943852e-02 9.961851e-01
    outer loop
      vertex   -9.211440e+01 3.704451e+02 2.226848e+02
      vertex   -9.212801e+01 3.704720e+02 2.226848e+02
      vertex   -9.226517e+01 3.703590e+02 2.226696e+02
    endloop
  endfacet
  facet normal -7.899683e-02 -3.803509e-02 9.961490e-01
    outer loop
      vertex   -9.226517e+01 3.703590e+02 2.226696e+02
      vertex   -9.212801e+01 3.704720e+02 2.226848e+02
      vertex   -9.229409e+01 3.704190e+02 2.226696e+02
    endloop
  endfacet
  facet normal -8.113923e-02 -3.133340e-02 9.962101e-01
    outer loop
      vertex   -9.212801e+01 3.704720e+02 2.226848e+02
      vertex   -9.213886e+01 3.705001e+02 2.226848e+02
      vertex   -9.229409e+01 3.704190e+02 2.226696e+02
    endloop
  endfacet
  facet normal -8.361113e-02 -2.658625e-02 9.961437e-01
    outer loop
      vertex   -9.229409e+01 3.704190e+02 2.226696e+02
      vertex   -9.213886e+01 3.705001e+02 2.226848e+02
      vertex   -9.231429e+01 3.704825e+02 2.226696e+02
    endloop
  endfacet
  facet normal -8.396742e-02 -2.306813e-02 9.962015e-01
    outer loop
      vertex   -9.213886e+01 3.705001e+02 2.226848e+02
      vertex   -9.214684e+01 3.705291e+02 2.226848e+02
      vertex   -9.231429e+01 3.704825e+02 2.226696e+02
    endloop
  endfacet
  facet normal -8.671973e-01 -4.955413e-01 4.906767e-02
    outer loop
      vertex   -9.163692e+01 3.675940e+02 2.216848e+02
      vertex   -9.168738e+01 3.676920e+02 2.217828e+02
      vertex   -9.298265e+01 3.699490e+02 2.216848e+02
    endloop
  endfacet
  facet normal -8.656525e-01 -4.930007e-01 8.715565e-02
    outer loop
      vertex   -9.298265e+01 3.699490e+02 2.216848e+02
      vertex   -9.168738e+01 3.676920e+02 2.217828e+02
      vertex   -9.296946e+01 3.699565e+02 2.218584e+02
    endloop
  endfacet
  facet normal -8.586374e-01 -4.910303e-01 1.470752e-01
    outer loop
      vertex   -9.296946e+01 3.699565e+02 2.218584e+02
      vertex   -9.168738e+01 3.676920e+02 2.217828e+02
      vertex   -9.172627e+01 3.677890e+02 2.218798e+02
    endloop
  endfacet
  facet normal -8.425874e-01 -4.808807e-01 2.424875e-01
    outer loop
      vertex   -9.296946e+01 3.699565e+02 2.218584e+02
      vertex   -9.172627e+01 3.677890e+02 2.218798e+02
      vertex   -9.175320e+01 3.678842e+02 2.219750e+02
    endloop
  endfacet
  facet normal -8.393329e-01 -4.780513e-01 2.588188e-01
    outer loop
      vertex   -9.296946e+01 3.699565e+02 2.218584e+02
      vertex   -9.175320e+01 3.678842e+02 2.219750e+02
      vertex   -9.293028e+01 3.699789e+02 2.220268e+02
    endloop
  endfacet
  facet normal -8.171064e-01 -4.675000e-01 3.373142e-01
    outer loop
      vertex   -9.293028e+01 3.699789e+02 2.220268e+02
      vertex   -9.175320e+01 3.678842e+02 2.219750e+02
      vertex   -9.176792e+01 3.679766e+02 2.220674e+02
    endloop
  endfacet
  facet normal -7.875064e-01 -4.485841e-01 4.226179e-01
    outer loop
      vertex   -9.293028e+01 3.699789e+02 2.220268e+02
      vertex   -9.176792e+01 3.679766e+02 2.220674e+02
      vertex   -9.286632e+01 3.700154e+02 2.221848e+02
    endloop
  endfacet
  facet normal -7.856485e-01 -4.478271e-01 4.268575e-01
    outer loop
      vertex   -9.286632e+01 3.700154e+02 2.221848e+02
      vertex   -9.176792e+01 3.679766e+02 2.220674e+02
      vertex   -9.177029e+01 3.680653e+02 2.221562e+02
    endloop
  endfacet
  facet normal -7.443271e-01 -4.258867e-01 5.143905e-01
    outer loop
      vertex   -9.286632e+01 3.700154e+02 2.221848e+02
      vertex   -9.177029e+01 3.680653e+02 2.221562e+02
      vertex   -9.176028e+01 3.681495e+02 2.222403e+02
    endloop
  endfacet
  facet normal -7.120382e-01 -4.049846e-01 5.735757e-01
    outer loop
      vertex   -9.286632e+01 3.700154e+02 2.221848e+02
      vertex   -9.176028e+01 3.681495e+02 2.222403e+02
      vertex   -9.277952e+01 3.700650e+02 2.223275e+02
    endloop
  endfacet
  facet normal -6.976050e-01 -3.983061e-01 5.955666e-01
    outer loop
      vertex   -9.277952e+01 3.700650e+02 2.223275e+02
      vertex   -9.176028e+01 3.681495e+02 2.222403e+02
      vertex   -9.173800e+01 3.682283e+02 2.223192e+02
    endloop
  endfacet
  facet normal -6.431518e-01 -3.677755e-01 6.716375e-01
    outer loop
      vertex   -9.277952e+01 3.700650e+02 2.223275e+02
      vertex   -9.173800e+01 3.682283e+02 2.223192e+02
      vertex   -9.170364e+01 3.683011e+02 2.223919e+02
    endloop
  endfacet
  facet normal -6.148537e-01 -3.492229e-01 7.071056e-01
    outer loop
      vertex   -9.277952e+01 3.700650e+02 2.223275e+02
      vertex   -9.170364e+01 3.683011e+02 2.223919e+02
      vertex   -9.267250e+01 3.701262e+02 2.224508e+02
    endloop
  endfacet
  facet normal -5.829078e-01 -3.333595e-01 7.410061e-01
    outer loop
      vertex   -9.267250e+01 3.701262e+02 2.224508e+02
      vertex   -9.170364e+01 3.683011e+02 2.223919e+02
      vertex   -9.165755e+01 3.683670e+02 2.224578e+02
    endloop
  endfacet
  facet normal -5.174032e-01 -2.953222e-01 8.031679e-01
    outer loop
      vertex   -9.267250e+01 3.701262e+02 2.224508e+02
      vertex   -9.165755e+01 3.683670e+02 2.224578e+02
      vertex   -9.160017e+01 3.684254e+02 2.225162e+02
    endloop
  endfacet
  facet normal -4.988841e-01 -2.830312e-01 8.191508e-01
    outer loop
      vertex   -9.267250e+01 3.701262e+02 2.224508e+02
      vertex   -9.160017e+01 3.684254e+02 2.225162e+02
      vertex   -9.254852e+01 3.701970e+02 2.225508e+02
    endloop
  endfacet
  facet normal -4.460602e-01 -2.555075e-01 8.577565e-01
    outer loop
      vertex   -9.254852e+01 3.701970e+02 2.225508e+02
      vertex   -9.160017e+01 3.684254e+02 2.225162e+02
      vertex   -9.153206e+01 3.684759e+02 2.225667e+02
    endloop
  endfacet
  facet normal -3.717328e-01 -2.111849e-01 9.039998e-01
    outer loop
      vertex   -9.254852e+01 3.701970e+02 2.225508e+02
      vertex   -9.153206e+01 3.684759e+02 2.225667e+02
      vertex   -9.145386e+01 3.685178e+02 2.226086e+02
    endloop
  endfacet
  facet normal -3.676425e-01 -2.084390e-01 9.063069e-01
    outer loop
      vertex   -9.254852e+01 3.701970e+02 2.225508e+02
      vertex   -9.145386e+01 3.685178e+02 2.226086e+02
      vertex   -9.241136e+01 3.702754e+02 2.226245e+02
    endloop
  endfacet
  facet normal -2.922809e-01 -1.677002e-01 9.415139e-01
    outer loop
      vertex   -9.241136e+01 3.702754e+02 2.226245e+02
      vertex   -9.145386e+01 3.685178e+02 2.226086e+02
      vertex   -9.136633e+01 3.685509e+02 2.226417e+02
    endloop
  endfacet
  facet normal -2.255224e-01 -1.270016e-01 9.659246e-01
    outer loop
      vertex   -9.241136e+01 3.702754e+02 2.226245e+02
      vertex   -9.136633e+01 3.685509e+02 2.226417e+02
      vertex   -9.226517e+01 3.703590e+02 2.226696e+02
    endloop
  endfacet
  facet normal -2.111350e-01 -1.199132e-01 9.700736e-01
    outer loop
      vertex   -9.226517e+01 3.703590e+02 2.226696e+02
      vertex   -9.136633e+01 3.685509e+02 2.226417e+02
      vertex   -9.127031e+01 3.685747e+02 2.226655e+02
    endloop
  endfacet
  facet normal -1.273345e-01 -7.323009e-02 9.891528e-01
    outer loop
      vertex   -9.226517e+01 3.703590e+02 2.226696e+02
      vertex   -9.127031e+01 3.685747e+02 2.226655e+02
      vertex   -9.116674e+01 3.685891e+02 2.226799e+02
    endloop
  endfacet
  facet normal -4.260267e-02 -2.434438e-02 9.987955e-01
    outer loop
      vertex   -9.105660e+01 3.685940e+02 2.226848e+02
      vertex   -9.211440e+01 3.704451e+02 2.226848e+02
      vertex   -9.116674e+01 3.685891e+02 2.226799e+02
    endloop
  endfacet
  facet normal -7.656504e-02 -4.167891e-02 9.961931e-01
    outer loop
      vertex   -9.116674e+01 3.685891e+02 2.226799e+02
      vertex   -9.211440e+01 3.704451e+02 2.226848e+02
      vertex   -9.226517e+01 3.703590e+02 2.226696e+02
    endloop
  endfacet
  facet normal -6.076923e-03 1.027464e-03 9.999810e-01
    outer loop
      vertex   -9.214684e+01 3.705291e+02 2.226848e+02
      vertex   -9.213981e+01 3.705707e+02 2.226848e+02
      vertex   -9.215911e+01 3.705284e+02 2.226847e+02
    endloop
  endfacet
  facet normal -8.826021e-02 3.852894e-02 9.953520e-01
    outer loop
      vertex   -9.215911e+01 3.705284e+02 2.226847e+02
      vertex   -9.213981e+01 3.705707e+02 2.226848e+02
      vertex   -9.231895e+01 3.705528e+02 2.226696e+02
    endloop
  endfacet
  facet normal -6.894387e-02 1.585183e-01 9.849460e-01
    outer loop
      vertex   -9.215911e+01 3.705284e+02 2.226847e+02
      vertex   -9.231895e+01 3.705528e+02 2.226696e+02
      vertex   -9.225659e+01 3.705225e+02 2.226788e+02
    endloop
  endfacet
  facet normal -1.552414e-01 -1.818582e-02 9.877092e-01
    outer loop
      vertex   -9.225659e+01 3.705225e+02 2.226788e+02
      vertex   -9.231895e+01 3.705528e+02 2.226696e+02
      vertex   -9.235261e+01 3.705167e+02 2.226636e+02
    endloop
  endfacet
  facet normal -2.516916e-01 7.546703e-02 9.648606e-01
    outer loop
      vertex   -9.235261e+01 3.705167e+02 2.226636e+02
      vertex   -9.231895e+01 3.705528e+02 2.226696e+02
      vertex   -9.248627e+01 3.705715e+02 2.226245e+02
    endloop
  endfacet
  facet normal -2.547059e-01 6.795882e-02 9.646276e-01
    outer loop
      vertex   -9.235261e+01 3.705167e+02 2.226636e+02
      vertex   -9.248627e+01 3.705715e+02 2.226245e+02
      vertex   -9.244662e+01 3.705110e+02 2.226392e+02
    endloop
  endfacet
  facet normal -3.445497e-01 2.843584e-03 9.387638e-01
    outer loop
      vertex   -9.244662e+01 3.705110e+02 2.226392e+02
      vertex   -9.248627e+01 3.705715e+02 2.226245e+02
      vertex   -9.253808e+01 3.705054e+02 2.226056e+02
    endloop
  endfacet
  facet normal -4.173958e-01 6.925111e-02 9.060823e-01
    outer loop
      vertex   -9.253808e+01 3.705054e+02 2.226056e+02
      vertex   -9.248627e+01 3.705715e+02 2.226245e+02
      vertex   -9.264327e+01 3.705891e+02 2.225508e+02
    endloop
  endfacet
  facet normal -4.358534e-01 4.145238e-02 8.990626e-01
    outer loop
      vertex   -9.253808e+01 3.705054e+02 2.226056e+02
      vertex   -9.264327e+01 3.705891e+02 2.225508e+02
      vertex   -9.262593e+01 3.705001e+02 2.225633e+02
    endloop
  endfacet
  facet normal -5.206454e-01 1.853859e-02 8.535717e-01
    outer loop
      vertex   -9.262593e+01 3.705001e+02 2.225633e+02
      vertex   -9.264327e+01 3.705891e+02 2.225508e+02
      vertex   -9.270904e+01 3.704951e+02 2.225127e+02
    endloop
  endfacet
  facet normal -5.696810e-01 6.677602e-02 8.191487e-01
    outer loop
      vertex   -9.270904e+01 3.704951e+02 2.225127e+02
      vertex   -9.264327e+01 3.705891e+02 2.225508e+02
      vertex   -9.278517e+01 3.706051e+02 2.224508e+02
    endloop
  endfacet
  facet normal -6.015440e-01 3.289428e-02 7.981622e-01
    outer loop
      vertex   -9.270904e+01 3.704951e+02 2.225127e+02
      vertex   -9.278517e+01 3.706051e+02 2.224508e+02
      vertex   -9.278683e+01 3.704904e+02 2.224543e+02
    endloop
  endfacet
  facet normal -6.763604e-01 3.209701e-02 7.358712e-01
    outer loop
      vertex   -9.278683e+01 3.704904e+02 2.224543e+02
      vertex   -9.278517e+01 3.706051e+02 2.224508e+02
      vertex   -9.285874e+01 3.704861e+02 2.223884e+02
    endloop
  endfacet
  facet normal -7.042358e-01 6.446564e-02 7.070333e-01
    outer loop
      vertex   -9.285874e+01 3.704861e+02 2.223884e+02
      vertex   -9.278517e+01 3.706051e+02 2.224508e+02
      vertex   -9.290766e+01 3.706188e+02 2.223275e+02
    endloop
  endfacet
  facet normal -7.448261e-01 3.095049e-02 6.665405e-01
    outer loop
      vertex   -9.285874e+01 3.704861e+02 2.223884e+02
      vertex   -9.290766e+01 3.706188e+02 2.223275e+02
      vertex   -9.292390e+01 3.704821e+02 2.223157e+02
    endloop
  endfacet
  facet normal -8.060050e-01 4.482034e-02 5.902094e-01
    outer loop
      vertex   -9.292390e+01 3.704821e+02 2.223157e+02
      vertex   -9.290766e+01 3.706188e+02 2.223275e+02
      vertex   -9.298155e+01 3.704786e+02 2.222373e+02
    endloop
  endfacet
  facet normal -8.170199e-01 6.150686e-02 5.733196e-01
    outer loop
      vertex   -9.298155e+01 3.704786e+02 2.222373e+02
      vertex   -9.290766e+01 3.706188e+02 2.223275e+02
      vertex   -9.300701e+01 3.706299e+02 2.221848e+02
    endloop
  endfacet
  facet normal -8.597017e-01 3.226391e-02 5.097765e-01
    outer loop
      vertex   -9.298155e+01 3.704786e+02 2.222373e+02
      vertex   -9.300701e+01 3.706299e+02 2.221848e+02
      vertex   -9.303130e+01 3.704756e+02 2.221536e+02
    endloop
  endfacet
  facet normal -9.044541e-01 5.689425e-02 4.227597e-01
    outer loop
      vertex   -9.303130e+01 3.704756e+02 2.221536e+02
      vertex   -9.300701e+01 3.706299e+02 2.221848e+02
      vertex   -9.307276e+01 3.704731e+02 2.220652e+02
    endloop
  endfacet
  facet normal -9.046771e-01 5.740435e-02 4.222133e-01
    outer loop
      vertex   -9.307276e+01 3.704731e+02 2.220652e+02
      vertex   -9.300701e+01 3.706299e+02 2.221848e+02
      vertex   -9.308022e+01 3.706381e+02 2.220268e+02
    endloop
  endfacet
  facet normal -9.420478e-01 3.508686e-02 3.336387e-01
    outer loop
      vertex   -9.307276e+01 3.704731e+02 2.220652e+02
      vertex   -9.308022e+01 3.706381e+02 2.220268e+02
      vertex   -9.310542e+01 3.704712e+02 2.219732e+02
    endloop
  endfacet
  facet normal -9.639738e-01 6.248785e-02 2.585531e-01
    outer loop
      vertex   -9.310542e+01 3.704712e+02 2.219732e+02
      vertex   -9.308022e+01 3.706381e+02 2.220268e+02
      vertex   -9.312506e+01 3.706432e+02 2.218584e+02
    endloop
  endfacet
  facet normal -9.694546e-01 4.961427e-02 2.402002e-01
    outer loop
      vertex   -9.310542e+01 3.704712e+02 2.219732e+02
      vertex   -9.312506e+01 3.706432e+02 2.218584e+02
      vertex   -9.312891e+01 3.704697e+02 2.218787e+02
    endloop
  endfacet
  facet normal -9.886236e-01 3.895310e-02 1.452792e-01
    outer loop
      vertex   -9.312891e+01 3.704697e+02 2.218787e+02
      vertex   -9.312506e+01 3.706432e+02 2.218584e+02
      vertex   -9.314311e+01 3.704689e+02 2.217823e+02
    endloop
  endfacet
  facet normal -9.940837e-01 6.494360e-02 8.706253e-02
    outer loop
      vertex   -9.314311e+01 3.704689e+02 2.217823e+02
      vertex   -9.312506e+01 3.706432e+02 2.218584e+02
      vertex   -9.314015e+01 3.706449e+02 2.216848e+02
    endloop
  endfacet
  facet normal -9.978628e-01 4.368720e-02 4.859349e-02
    outer loop
      vertex   -9.314311e+01 3.704689e+02 2.217823e+02
      vertex   -9.314015e+01 3.706449e+02 2.216848e+02
      vertex   -9.314787e+01 3.704686e+02 2.216848e+02
    endloop
  endfacet
  facet normal -8.604093e-02 1.561945e-02 9.961692e-01
    outer loop
      vertex   -9.231895e+01 3.705528e+02 2.226696e+02
      vertex   -9.213981e+01 3.705707e+02 2.226848e+02
      vertex   -9.230747e+01 3.706160e+02 2.226696e+02
    endloop
  endfacet
  facet normal -8.311181e-02 2.645391e-02 9.961890e-01
    outer loop
      vertex   -9.230747e+01 3.706160e+02 2.226696e+02
      vertex   -9.213981e+01 3.705707e+02 2.226848e+02
      vertex   -9.212702e+01 3.706108e+02 2.226848e+02
    endloop
  endfacet
  facet normal -8.309156e-02 2.711267e-02 9.961730e-01
    outer loop
      vertex   -9.230747e+01 3.706160e+02 2.226696e+02
      vertex   -9.212702e+01 3.706108e+02 2.226848e+02
      vertex   -9.228753e+01 3.706771e+02 2.226696e+02
    endloop
  endfacet
  facet normal -7.864709e-02 3.787603e-02 9.961827e-01
    outer loop
      vertex   -9.228753e+01 3.706771e+02 2.226696e+02
      vertex   -9.212702e+01 3.706108e+02 2.226848e+02
      vertex   -9.210872e+01 3.706488e+02 2.226848e+02
    endloop
  endfacet
  facet normal -7.861218e-02 3.809361e-02 9.961772e-01
    outer loop
      vertex   -9.228753e+01 3.706771e+02 2.226696e+02
      vertex   -9.210872e+01 3.706488e+02 2.226848e+02
      vertex   -9.225949e+01 3.707350e+02 2.226696e+02
    endloop
  endfacet
  facet normal -2.334159e-01 1.131078e-01 9.657762e-01
    outer loop
      vertex   -9.225949e+01 3.707350e+02 2.226696e+02
      vertex   -9.240568e+01 3.708185e+02 2.226245e+02
      vertex   -9.228753e+01 3.706771e+02 2.226696e+02
    endloop
  endfacet
  facet normal -2.334159e-01 1.131078e-01 9.657762e-01
    outer loop
      vertex   -9.228753e+01 3.706771e+02 2.226696e+02
      vertex   -9.240568e+01 3.708185e+02 2.226245e+02
      vertex   -9.244368e+01 3.707401e+02 2.226245e+02
    endloop
  endfacet
  facet normal -2.465819e-01 8.045938e-02 9.657762e-01
    outer loop
      vertex   -9.228753e+01 3.706771e+02 2.226696e+02
      vertex   -9.244368e+01 3.707401e+02 2.226245e+02
      vertex   -9.230747e+01 3.706160e+02 2.226696e+02
    endloop
  endfacet
  facet normal -2.465819e-01 8.045938e-02 9.657762e-01
    outer loop
      vertex   -9.230747e+01 3.706160e+02 2.226696e+02
      vertex   -9.244368e+01 3.707401e+02 2.226245e+02
      vertex   -9.247071e+01 3.706573e+02 2.226245e+02
    endloop
  endfacet
  facet normal -2.552058e-01 4.632882e-02 9.657762e-01
    outer loop
      vertex   -9.230747e+01 3.706160e+02 2.226696e+02
      vertex   -9.247071e+01 3.706573e+02 2.226245e+02
      vertex   -9.231895e+01 3.705528e+02 2.226696e+02
    endloop
  endfacet
  facet normal -2.552058e-01 4.632882e-02 9.657762e-01
    outer loop
      vertex   -9.231895e+01 3.705528e+02 2.226696e+02
      vertex   -9.247071e+01 3.706573e+02 2.226245e+02
      vertex   -9.248627e+01 3.705715e+02 2.226245e+02
    endloop
  endfacet
  facet normal -3.810398e-01 1.846429e-01 9.059336e-01
    outer loop
      vertex   -9.240568e+01 3.708185e+02 2.226245e+02
      vertex   -9.254284e+01 3.708969e+02 2.225508e+02
      vertex   -9.244368e+01 3.707401e+02 2.226245e+02
    endloop
  endfacet
  facet normal -3.810398e-01 1.846429e-01 9.059336e-01
    outer loop
      vertex   -9.244368e+01 3.707401e+02 2.226245e+02
      vertex   -9.254284e+01 3.708969e+02 2.225508e+02
      vertex   -9.259019e+01 3.707992e+02 2.225508e+02
    endloop
  endfacet
  facet normal -4.025327e-01 1.313459e-01 9.059336e-01
    outer loop
      vertex   -9.244368e+01 3.707401e+02 2.226245e+02
      vertex   -9.259019e+01 3.707992e+02 2.225508e+02
      vertex   -9.247071e+01 3.706573e+02 2.226245e+02
    endloop
  endfacet
  facet normal -4.025327e-01 1.313459e-01 9.059336e-01
    outer loop
      vertex   -9.247071e+01 3.706573e+02 2.226245e+02
      vertex   -9.259019e+01 3.707992e+02 2.225508e+02
      vertex   -9.262387e+01 3.706960e+02 2.225508e+02
    endloop
  endfacet
  facet normal -4.166108e-01 7.562949e-02 9.059336e-01
    outer loop
      vertex   -9.247071e+01 3.706573e+02 2.226245e+02
      vertex   -9.262387e+01 3.706960e+02 2.225508e+02
      vertex   -9.248627e+01 3.705715e+02 2.226245e+02
    endloop
  endfacet
  facet normal -4.166108e-01 7.562949e-02 9.059336e-01
    outer loop
      vertex   -9.248627e+01 3.705715e+02 2.226245e+02
      vertex   -9.262387e+01 3.706960e+02 2.225508e+02
      vertex   -9.264327e+01 3.705891e+02 2.225508e+02
    endloop
  endfacet
  facet normal -5.169666e-01 2.505098e-01 8.185294e-01
    outer loop
      vertex   -9.254284e+01 3.708969e+02 2.225508e+02
      vertex   -9.266682e+01 3.709677e+02 2.224508e+02
      vertex   -9.259019e+01 3.707992e+02 2.225508e+02
    endloop
  endfacet
  facet normal -5.169666e-01 2.505098e-01 8.185294e-01
    outer loop
      vertex   -9.259019e+01 3.707992e+02 2.225508e+02
      vertex   -9.266682e+01 3.709677e+02 2.224508e+02
      vertex   -9.272262e+01 3.708526e+02 2.224508e+02
    endloop
  endfacet
  facet normal -5.461266e-01 1.782004e-01 8.185294e-01
    outer loop
      vertex   -9.259019e+01 3.707992e+02 2.225508e+02
      vertex   -9.272262e+01 3.708526e+02 2.224508e+02
      vertex   -9.262387e+01 3.706960e+02 2.225508e+02
    endloop
  endfacet
  facet normal -5.461266e-01 1.782004e-01 8.185294e-01
    outer loop
      vertex   -9.262387e+01 3.706960e+02 2.225508e+02
      vertex   -9.272262e+01 3.708526e+02 2.224508e+02
      vertex   -9.276231e+01 3.707310e+02 2.224508e+02
    endloop
  endfacet
  facet normal -5.652267e-01 1.026085e-01 8.185294e-01
    outer loop
      vertex   -9.262387e+01 3.706960e+02 2.225508e+02
      vertex   -9.276231e+01 3.707310e+02 2.224508e+02
      vertex   -9.264327e+01 3.705891e+02 2.225508e+02
    endloop
  endfacet
  facet normal -5.652267e-01 1.026085e-01 8.185294e-01
    outer loop
      vertex   -9.264327e+01 3.705891e+02 2.225508e+02
      vertex   -9.276231e+01 3.707310e+02 2.224508e+02
      vertex   -9.278517e+01 3.706051e+02 2.224508e+02
    endloop
  endfacet
  facet normal -6.370665e-01 3.087074e-01 7.062904e-01
    outer loop
      vertex   -9.266682e+01 3.709677e+02 2.224508e+02
      vertex   -9.277384e+01 3.710289e+02 2.223275e+02
      vertex   -9.272262e+01 3.708526e+02 2.224508e+02
    endloop
  endfacet
  facet normal -6.370665e-01 3.087074e-01 7.062904e-01
    outer loop
      vertex   -9.272262e+01 3.708526e+02 2.224508e+02
      vertex   -9.277384e+01 3.710289e+02 2.223275e+02
      vertex   -9.283693e+01 3.708987e+02 2.223275e+02
    endloop
  endfacet
  facet normal -6.730008e-01 2.195993e-01 7.062904e-01
    outer loop
      vertex   -9.272262e+01 3.708526e+02 2.224508e+02
      vertex   -9.283693e+01 3.708987e+02 2.223275e+02
      vertex   -9.276231e+01 3.707310e+02 2.224508e+02
    endloop
  endfacet
  facet normal -6.730008e-01 2.195993e-01 7.062904e-01
    outer loop
      vertex   -9.276231e+01 3.707310e+02 2.224508e+02
      vertex   -9.283693e+01 3.708987e+02 2.223275e+02
      vertex   -9.288181e+01 3.707611e+02 2.223275e+02
    endloop
  endfacet
  facet normal -6.965381e-01 1.264461e-01 7.062904e-01
    outer loop
      vertex   -9.276231e+01 3.707310e+02 2.224508e+02
      vertex   -9.288181e+01 3.707611e+02 2.223275e+02
      vertex   -9.278517e+01 3.706051e+02 2.224508e+02
    endloop
  endfacet
  facet normal -6.965381e-01 1.264461e-01 7.062904e-01
    outer loop
      vertex   -9.278517e+01 3.706051e+02 2.224508e+02
      vertex   -9.288181e+01 3.707611e+02 2.223275e+02
      vertex   -9.290766e+01 3.706188e+02 2.223275e+02
    endloop
  endfacet
  facet normal -7.377223e-01 3.574828e-01 5.726882e-01
    outer loop
      vertex   -9.277384e+01 3.710289e+02 2.223275e+02
      vertex   -9.286064e+01 3.710785e+02 2.221848e+02
      vertex   -9.283693e+01 3.708987e+02 2.223275e+02
    endloop
  endfacet
  facet normal -7.377223e-01 3.574828e-01 5.726882e-01
    outer loop
      vertex   -9.283693e+01 3.708987e+02 2.223275e+02
      vertex   -9.286064e+01 3.710785e+02 2.221848e+02
      vertex   -9.292966e+01 3.709361e+02 2.221848e+02
    endloop
  endfacet
  facet normal -7.793342e-01 2.542958e-01 5.726882e-01
    outer loop
      vertex   -9.283693e+01 3.708987e+02 2.223275e+02
      vertex   -9.292966e+01 3.709361e+02 2.221848e+02
      vertex   -9.288181e+01 3.707611e+02 2.223275e+02
    endloop
  endfacet
  facet normal -7.793342e-01 2.542958e-01 5.726882e-01
    outer loop
      vertex   -9.288181e+01 3.707611e+02 2.223275e+02
      vertex   -9.292966e+01 3.709361e+02 2.221848e+02
      vertex   -9.297875e+01 3.707856e+02 2.221848e+02
    endloop
  endfacet
  facet normal -8.065904e-01 1.464245e-01 5.726882e-01
    outer loop
      vertex   -9.288181e+01 3.707611e+02 2.223275e+02
      vertex   -9.297875e+01 3.707856e+02 2.221848e+02
      vertex   -9.290766e+01 3.706188e+02 2.223275e+02
    endloop
  endfacet
  facet normal -8.065904e-01 1.464245e-01 5.726882e-01
    outer loop
      vertex   -9.290766e+01 3.706188e+02 2.223275e+02
      vertex   -9.297875e+01 3.707856e+02 2.221848e+02
      vertex   -9.300701e+01 3.706299e+02 2.221848e+02
    endloop
  endfacet
  facet normal -8.159312e-01 3.953810e-01 4.218175e-01
    outer loop
      vertex   -9.286064e+01 3.710785e+02 2.221848e+02
      vertex   -9.292460e+01 3.711151e+02 2.220268e+02
      vertex   -9.292966e+01 3.709361e+02 2.221848e+02
    endloop
  endfacet
  facet normal -8.159312e-01 3.953810e-01 4.218175e-01
    outer loop
      vertex   -9.292966e+01 3.709361e+02 2.221848e+02
      vertex   -9.292460e+01 3.711151e+02 2.220268e+02
      vertex   -9.299798e+01 3.709636e+02 2.220268e+02
    endloop
  endfacet
  facet normal -8.619546e-01 2.812547e-01 4.218175e-01
    outer loop
      vertex   -9.292966e+01 3.709361e+02 2.221848e+02
      vertex   -9.299798e+01 3.709636e+02 2.220268e+02
      vertex   -9.297875e+01 3.707856e+02 2.221848e+02
    endloop
  endfacet
  facet normal -8.619546e-01 2.812547e-01 4.218175e-01
    outer loop
      vertex   -9.297875e+01 3.707856e+02 2.221848e+02
      vertex   -9.299798e+01 3.709636e+02 2.220268e+02
      vertex   -9.305017e+01 3.708037e+02 2.220268e+02
    endloop
  endfacet
  facet normal -8.921003e-01 1.619475e-01 4.218175e-01
    outer loop
      vertex   -9.297875e+01 3.707856e+02 2.221848e+02
      vertex   -9.305017e+01 3.708037e+02 2.220268e+02
      vertex   -9.300701e+01 3.706299e+02 2.221848e+02
    endloop
  endfacet
  facet normal -8.921003e-01 1.619475e-01 4.218175e-01
    outer loop
      vertex   -9.300701e+01 3.706299e+02 2.221848e+02
      vertex   -9.305017e+01 3.708037e+02 2.220268e+02
      vertex   -9.308022e+01 3.706381e+02 2.220268e+02
    endloop
  endfacet
  facet normal -8.693806e-01 4.212813e-01 2.582622e-01
    outer loop
      vertex   -9.292460e+01 3.711151e+02 2.220268e+02
      vertex   -9.296378e+01 3.711374e+02 2.218584e+02
      vertex   -9.299798e+01 3.709636e+02 2.220268e+02
    endloop
  endfacet
  facet normal -8.693806e-01 4.212813e-01 2.582622e-01
    outer loop
      vertex   -9.299798e+01 3.709636e+02 2.220268e+02
      vertex   -9.296378e+01 3.711374e+02 2.218584e+02
      vertex   -9.303982e+01 3.709805e+02 2.218584e+02
    endloop
  endfacet
  facet normal -9.184188e-01 2.996789e-01 2.582622e-01
    outer loop
      vertex   -9.299798e+01 3.709636e+02 2.220268e+02
      vertex   -9.303982e+01 3.709805e+02 2.218584e+02
      vertex   -9.305017e+01 3.708037e+02 2.220268e+02
    endloop
  endfacet
  facet normal -9.184188e-01 2.996789e-01 2.582622e-01
    outer loop
      vertex   -9.305017e+01 3.708037e+02 2.220268e+02
      vertex   -9.303982e+01 3.709805e+02 2.218584e+02
      vertex   -9.309391e+01 3.708147e+02 2.218584e+02
    endloop
  endfacet
  facet normal -9.505393e-01 1.725563e-01 2.582622e-01
    outer loop
      vertex   -9.305017e+01 3.708037e+02 2.220268e+02
      vertex   -9.309391e+01 3.708147e+02 2.218584e+02
      vertex   -9.308022e+01 3.706381e+02 2.220268e+02
    endloop
  endfacet
  facet normal -9.505393e-01 1.725563e-01 2.582622e-01
    outer loop
      vertex   -9.308022e+01 3.706381e+02 2.220268e+02
      vertex   -9.309391e+01 3.708147e+02 2.218584e+02
      vertex   -9.312506e+01 3.706432e+02 2.218584e+02
    endloop
  endfacet
  facet normal -8.965014e-01 4.344235e-01 8.695635e-02
    outer loop
      vertex   -9.296378e+01 3.711374e+02 2.218584e+02
      vertex   -9.297697e+01 3.711450e+02 2.216848e+02
      vertex   -9.303982e+01 3.709805e+02 2.218584e+02
    endloop
  endfacet
  facet normal -8.965014e-01 4.344235e-01 8.695635e-02
    outer loop
      vertex   -9.303982e+01 3.709805e+02 2.218584e+02
      vertex   -9.297697e+01 3.711450e+02 2.216848e+02
      vertex   -9.305391e+01 3.709862e+02 2.216848e+02
    endloop
  endfacet
  facet normal -9.470694e-01 3.090276e-01 8.695635e-02
    outer loop
      vertex   -9.303982e+01 3.709805e+02 2.218584e+02
      vertex   -9.305391e+01 3.709862e+02 2.216848e+02
      vertex   -9.309391e+01 3.708147e+02 2.218584e+02
    endloop
  endfacet
  facet normal -9.470694e-01 3.090276e-01 8.695635e-02
    outer loop
      vertex   -9.309391e+01 3.708147e+02 2.218584e+02
      vertex   -9.305391e+01 3.709862e+02 2.216848e+02
      vertex   -9.310864e+01 3.708185e+02 2.216848e+02
    endloop
  endfacet
  facet normal -9.801919e-01 1.779393e-01 8.695635e-02
    outer loop
      vertex   -9.309391e+01 3.708147e+02 2.218584e+02
      vertex   -9.310864e+01 3.708185e+02 2.216848e+02
      vertex   -9.312506e+01 3.706432e+02 2.218584e+02
    endloop
  endfacet
  facet normal -9.801919e-01 1.779393e-01 8.695635e-02
    outer loop
      vertex   -9.312506e+01 3.706432e+02 2.218584e+02
      vertex   -9.310864e+01 3.708185e+02 2.216848e+02
      vertex   -9.314015e+01 3.706449e+02 2.216848e+02
    endloop
  endfacet
  facet normal -8.682431e-01 4.961389e-01 0.000000e+00
    outer loop
      vertex   -9.100000e+01 3.746047e+02 2.213989e+02
      vertex   -9.297697e+01 3.711450e+02 2.213989e+02
      vertex   -9.100000e+01 3.746047e+02 2.216848e+02
    endloop
  endfacet
  facet normal -8.682431e-01 4.961389e-01 0.000000e+00
    outer loop
      vertex   -9.100000e+01 3.746047e+02 2.216848e+02
      vertex   -9.297697e+01 3.711450e+02 2.213989e+02
      vertex   -9.297697e+01 3.711450e+02 2.216848e+02
    endloop
  endfacet
  facet normal -1.000000e+00 0.000000e+00 0.000000e+00
    outer loop
      vertex   -9.100000e+01 3.750940e+02 1.770569e+02
      vertex   -9.100000e+01 3.746047e+02 2.213989e+02
      vertex   -9.100000e+01 3.750940e+02 2.221848e+02
    endloop
  endfacet
  facet normal -1.000000e+00 0.000000e+00 0.000000e+00
    outer loop
      vertex   -9.100000e+01 3.750940e+02 2.221848e+02
      vertex   -9.100000e+01 3.746047e+02 2.213989e+02
      vertex   -9.100000e+01 3.746047e+02 2.216848e+02
    endloop
  endfacet
  facet normal -1.000000e+00 0.000000e+00 0.000000e+00
    outer loop
      vertex   -9.100000e+01 3.750940e+02 2.221848e+02
      vertex   -9.100000e+01 3.746047e+02 2.216848e+02
      vertex   -9.100000e+01 3.746003e+02 2.217502e+02
    endloop
  endfacet
  facet normal -1.000000e+00 -9.093216e-13 -1.193805e-14
    outer loop
      vertex   -9.100000e+01 3.740000e+02 1.770569e+02
      vertex   -9.100000e+01 3.745157e+02 2.211050e+02
      vertex   -9.100000e+01 3.750940e+02 1.770569e+02
    endloop
  endfacet
  facet normal -1.000000e+00 0.000000e+00 0.000000e+00
    outer loop
      vertex   -9.100000e+01 3.750940e+02 1.770569e+02
      vertex   -9.100000e+01 3.745157e+02 2.211050e+02
      vertex   -9.100000e+01 3.745649e+02 2.212014e+02
    endloop
  endfacet
  facet normal -1.000000e+00 0.000000e+00 0.000000e+00
    outer loop
      vertex   -9.100000e+01 3.750940e+02 1.770569e+02
      vertex   -9.100000e+01 3.745649e+02 2.212014e+02
      vertex   -9.100000e+01 3.745823e+02 2.212503e+02
    endloop
  endfacet
  facet normal -1.000000e+00 1.224863e-14 -2.280105e-14
    outer loop
      vertex   -9.100000e+01 3.740000e+02 2.206848e+02
      vertex   -9.100000e+01 3.741359e+02 2.207578e+02
      vertex   -9.100000e+01 3.740000e+02 1.770569e+02
    endloop
  endfacet
  facet normal -1.000000e+00 1.500253e-14 -2.280961e-14
    outer loop
      vertex   -9.100000e+01 3.740000e+02 1.770569e+02
      vertex   -9.100000e+01 3.741359e+02 2.207578e+02
      vertex   -9.100000e+01 3.742565e+02 2.208371e+02
    endloop
  endfacet
  facet normal -1.000000e+00 1.860699e-14 -2.283073e-14
    outer loop
      vertex   -9.100000e+01 3.740000e+02 1.770569e+02
      vertex   -9.100000e+01 3.742565e+02 2.208371e+02
      vertex   -9.100000e+01 3.743607e+02 2.209220e+02
    endloop
  endfacet
  facet normal -1.000000e+00 2.364777e-14 -2.287219e-14
    outer loop
      vertex   -9.100000e+01 3.743607e+02 2.209220e+02
      vertex   -9.100000e+01 3.744474e+02 2.210116e+02
      vertex   -9.100000e+01 3.740000e+02 1.770569e+02
    endloop
  endfacet
  facet normal -1.000000e+00 3.139053e-14 -2.295099e-14
    outer loop
      vertex   -9.100000e+01 3.740000e+02 1.770569e+02
      vertex   -9.100000e+01 3.744474e+02 2.210116e+02
      vertex   -9.100000e+01 3.745157e+02 2.211050e+02
    endloop
  endfacet
  facet normal -1.000000e+00 0.000000e+00 0.000000e+00
    outer loop
      vertex   -9.100000e+01 3.745823e+02 2.212503e+02
      vertex   -9.100000e+01 3.745947e+02 2.212996e+02
      vertex   -9.100000e+01 3.750940e+02 1.770569e+02
    endloop
  endfacet
  facet normal -1.000000e+00 0.000000e+00 0.000000e+00
    outer loop
      vertex   -9.100000e+01 3.750940e+02 1.770569e+02
      vertex   -9.100000e+01 3.745947e+02 2.212996e+02
      vertex   -9.100000e+01 3.746022e+02 2.213492e+02
    endloop
  endfacet
  facet normal -1.000000e+00 0.000000e+00 0.000000e+00
    outer loop
      vertex   -9.100000e+01 3.750940e+02 1.770569e+02
      vertex   -9.100000e+01 3.746022e+02 2.213492e+02
      vertex   -9.100000e+01 3.746047e+02 2.213989e+02
    endloop
  endfacet
  facet normal -1.000000e+00 0.000000e+00 0.000000e+00
    outer loop
      vertex   -9.100000e+01 3.746003e+02 2.217502e+02
      vertex   -9.100000e+01 3.745874e+02 2.218153e+02
      vertex   -9.100000e+01 3.750940e+02 2.221848e+02
    endloop
  endfacet
  facet normal -1.000000e+00 0.000000e+00 0.000000e+00
    outer loop
      vertex   -9.100000e+01 3.750940e+02 2.221848e+02
      vertex   -9.100000e+01 3.745874e+02 2.218153e+02
      vertex   -9.100000e+01 3.745659e+02 2.218798e+02
    endloop
  endfacet
  facet normal -1.000000e+00 0.000000e+00 0.000000e+00
    outer loop
      vertex   -9.100000e+01 3.750940e+02 2.221848e+02
      vertex   -9.100000e+01 3.745659e+02 2.218798e+02
      vertex   -9.100000e+01 3.745360e+02 2.219436e+02
    endloop
  endfacet
  facet normal -1.000000e+00 0.000000e+00 0.000000e+00
    outer loop
      vertex   -9.100000e+01 3.745360e+02 2.219436e+02
      vertex   -9.100000e+01 3.744977e+02 2.220062e+02
      vertex   -9.100000e+01 3.750940e+02 2.221848e+02
    endloop
  endfacet
  facet normal -1.000000e+00 0.000000e+00 0.000000e+00
    outer loop
      vertex   -9.100000e+01 3.750940e+02 2.221848e+02
      vertex   -9.100000e+01 3.744977e+02 2.220062e+02
      vertex   -9.100000e+01 3.744512e+02 2.220674e+02
    endloop
  endfacet
  facet normal -1.000000e+00 -0.000000e+00 0.000000e+00
    outer loop
      vertex   -9.100000e+01 3.750940e+02 2.221848e+02
      vertex   -9.100000e+01 3.744512e+02 2.220674e+02
      vertex   -9.100000e+01 3.743346e+02 2.221848e+02
    endloop
  endfacet
  facet normal -0.000000e+00 -0.000000e+00 -1.000000e+00
    outer loop
      vertex   -9.100000e+01 3.750940e+02 2.221848e+02
      vertex   -9.100000e+01 3.743346e+02 2.221848e+02
      vertex   -9.100568e+01 3.750940e+02 2.221848e+02
    endloop
  endfacet
  facet normal 0.000000e+00 0.000000e+00 -1.000000e+00
    outer loop
      vertex   -9.100568e+01 3.750940e+02 2.221848e+02
      vertex   -9.100000e+01 3.743346e+02 2.221848e+02
      vertex   -9.100568e+01 3.743247e+02 2.221848e+02
    endloop
  endfacet
  facet normal -8.716383e-15 -7.071068e-01 7.071068e-01
    outer loop
      vertex   -8.870000e+01 3.720940e+02 2.261848e+02
      vertex   -9.100568e+01 3.685940e+02 2.226848e+02
      vertex   -8.870000e+01 3.670940e+02 2.211848e+02
    endloop
  endfacet
  facet normal 5.807440e-15 -7.071068e-01 7.071068e-01
    outer loop
      vertex   -8.870000e+01 3.670940e+02 2.211848e+02
      vertex   -9.100568e+01 3.685940e+02 2.226848e+02
      vertex   -9.175320e+01 3.678842e+02 2.219750e+02
    endloop
  endfacet
  facet normal 0.000000e+00 -7.071068e-01 7.071068e-01
    outer loop
      vertex   -8.870000e+01 3.670940e+02 2.211848e+02
      vertex   -9.175320e+01 3.678842e+02 2.219750e+02
      vertex   -9.172627e+01 3.677890e+02 2.218798e+02
    endloop
  endfacet
  facet normal 0.000000e+00 -7.071068e-01 7.071068e-01
    outer loop
      vertex   -8.870000e+01 3.720940e+02 2.261848e+02
      vertex   -9.100568e+01 3.720940e+02 2.261848e+02
      vertex   -9.100568e+01 3.685940e+02 2.226848e+02
    endloop
  endfacet
  facet normal 0.000000e+00 -7.071068e-01 7.071068e-01
    outer loop
      vertex   -9.100568e+01 3.685940e+02 2.226848e+02
      vertex   -9.105660e+01 3.685940e+02 2.226848e+02
      vertex   -9.175320e+01 3.678842e+02 2.219750e+02
    endloop
  endfacet
  facet normal 1.888807e-13 -7.071068e-01 7.071068e-01
    outer loop
      vertex   -9.175320e+01 3.678842e+02 2.219750e+02
      vertex   -9.105660e+01 3.685940e+02 2.226848e+02
      vertex   -9.116674e+01 3.685891e+02 2.226799e+02
    endloop
  endfacet
  facet normal 0.000000e+00 -7.071068e-01 7.071068e-01
    outer loop
      vertex   -9.175320e+01 3.678842e+02 2.219750e+02
      vertex   -9.116674e+01 3.685891e+02 2.226799e+02
      vertex   -9.127031e+01 3.685747e+02 2.226655e+02
    endloop
  endfacet
  facet normal -2.532818e-13 -7.071068e-01 7.071068e-01
    outer loop
      vertex   -9.127031e+01 3.685747e+02 2.226655e+02
      vertex   -9.136633e+01 3.685509e+02 2.226417e+02
      vertex   -9.175320e+01 3.678842e+02 2.219750e+02
    endloop
  endfacet
  facet normal -3.084292e-13 -7.071068e-01 7.071068e-01
    outer loop
      vertex   -9.175320e+01 3.678842e+02 2.219750e+02
      vertex   -9.136633e+01 3.685509e+02 2.226417e+02
      vertex   -9.145386e+01 3.685178e+02 2.226086e+02
    endloop
  endfacet
  facet normal 1.331874e-12 -7.071068e-01 7.071068e-01
    outer loop
      vertex   -9.175320e+01 3.678842e+02 2.219750e+02
      vertex   -9.145386e+01 3.685178e+02 2.226086e+02
      vertex   -9.153206e+01 3.684759e+02 2.225667e+02
    endloop
  endfacet
  facet normal -7.464148e-13 -7.071068e-01 7.071068e-01
    outer loop
      vertex   -9.153206e+01 3.684759e+02 2.225667e+02
      vertex   -9.160017e+01 3.684254e+02 2.225162e+02
      vertex   -9.175320e+01 3.678842e+02 2.219750e+02
    endloop
  endfacet
  facet normal 9.841126e-13 -7.071068e-01 7.071068e-01
    outer loop
      vertex   -9.175320e+01 3.678842e+02 2.219750e+02
      vertex   -9.160017e+01 3.684254e+02 2.225162e+02
      vertex   -9.176792e+01 3.679766e+02 2.220674e+02
    endloop
  endfacet
  facet normal -1.477092e-13 -7.071068e-01 7.071068e-01
    outer loop
      vertex   -9.176792e+01 3.679766e+02 2.220674e+02
      vertex   -9.160017e+01 3.684254e+02 2.225162e+02
      vertex   -9.165755e+01 3.683670e+02 2.224578e+02
    endloop
  endfacet
  facet normal 4.853560e-13 -7.071068e-01 7.071068e-01
    outer loop
      vertex   -9.176792e+01 3.679766e+02 2.220674e+02
      vertex   -9.165755e+01 3.683670e+02 2.224578e+02
      vertex   -9.170364e+01 3.683011e+02 2.223919e+02
    endloop
  endfacet
  facet normal -1.233273e-12 -7.071068e-01 7.071068e-01
    outer loop
      vertex   -9.170364e+01 3.683011e+02 2.223919e+02
      vertex   -9.173800e+01 3.682283e+02 2.223192e+02
      vertex   -9.176792e+01 3.679766e+02 2.220674e+02
    endloop
  endfacet
  facet normal -4.595429e-13 -7.071068e-01 7.071068e-01
    outer loop
      vertex   -9.176792e+01 3.679766e+02 2.220674e+02
      vertex   -9.173800e+01 3.682283e+02 2.223192e+02
      vertex   -9.177029e+01 3.680653e+02 2.221562e+02
    endloop
  endfacet
  facet normal -4.470109e-12 -7.071068e-01 7.071068e-01
    outer loop
      vertex   -9.177029e+01 3.680653e+02 2.221562e+02
      vertex   -9.173800e+01 3.682283e+02 2.223192e+02
      vertex   -9.176028e+01 3.681495e+02 2.222403e+02
    endloop
  endfacet
  facet normal -5.238736e-14 -7.071068e-01 7.071068e-01
    outer loop
      vertex   -9.172627e+01 3.677890e+02 2.218798e+02
      vertex   -9.168738e+01 3.676920e+02 2.217828e+02
      vertex   -8.870000e+01 3.670940e+02 2.211848e+02
    endloop
  endfacet
  facet normal 3.826045e-14 -7.071068e-01 7.071068e-01
    outer loop
      vertex   -8.870000e+01 3.670940e+02 2.211848e+02
      vertex   -9.168738e+01 3.676920e+02 2.217828e+02
      vertex   -9.163692e+01 3.675940e+02 2.216848e+02
    endloop
  endfacet
  facet normal -4.508082e-13 -7.071068e-01 7.071068e-01
    outer loop
      vertex   -8.870000e+01 3.670940e+02 2.211848e+02
      vertex   -9.163692e+01 3.675940e+02 2.216848e+02
      vertex   -9.147357e+01 3.673081e+02 2.213989e+02
    endloop
  endfacet
  facet normal -2.893377e-13 -7.071068e-01 7.071068e-01
    outer loop
      vertex   -9.147357e+01 3.673081e+02 2.213989e+02
      vertex   -9.140533e+01 3.672004e+02 2.212912e+02
      vertex   -8.870000e+01 3.670940e+02 2.211848e+02
    endloop
  endfacet
  facet normal 0.000000e+00 -7.071068e-01 7.071068e-01
    outer loop
      vertex   -8.870000e+01 3.670940e+02 2.211848e+02
      vertex   -9.140533e+01 3.672004e+02 2.212912e+02
      vertex   -9.132449e+01 3.670940e+02 2.211848e+02
    endloop
  endfacet
  facet normal -5.678582e-02 3.244904e-02 9.978589e-01
    outer loop
      vertex   -9.100568e+01 3.725792e+02 2.226848e+02
      vertex   -9.100568e+01 3.728422e+02 2.226762e+02
      vertex   -9.210872e+01 3.706488e+02 2.226848e+02
    endloop
  endfacet
  facet normal -7.624978e-02 4.223077e-02 9.961940e-01
    outer loop
      vertex   -9.210872e+01 3.706488e+02 2.226848e+02
      vertex   -9.100568e+01 3.728422e+02 2.226762e+02
      vertex   -9.225949e+01 3.707350e+02 2.226696e+02
    endloop
  endfacet
  facet normal -1.679110e-01 9.681669e-02 9.810364e-01
    outer loop
      vertex   -9.225949e+01 3.707350e+02 2.226696e+02
      vertex   -9.100568e+01 3.728422e+02 2.226762e+02
      vertex   -9.100568e+01 3.731008e+02 2.226507e+02
    endloop
  endfacet
  facet normal -2.254231e-01 1.271755e-01 9.659248e-01
    outer loop
      vertex   -9.225949e+01 3.707350e+02 2.226696e+02
      vertex   -9.100568e+01 3.731008e+02 2.226507e+02
      vertex   -9.240568e+01 3.708185e+02 2.226245e+02
    endloop
  endfacet
  facet normal -2.778334e-01 1.595390e-01 9.472887e-01
    outer loop
      vertex   -9.240568e+01 3.708185e+02 2.226245e+02
      vertex   -9.100568e+01 3.731008e+02 2.226507e+02
      vertex   -9.100568e+01 3.733505e+02 2.226086e+02
    endloop
  endfacet
  facet normal -3.674246e-01 2.088209e-01 9.063073e-01
    outer loop
      vertex   -9.240568e+01 3.708185e+02 2.226245e+02
      vertex   -9.100568e+01 3.733505e+02 2.226086e+02
      vertex   -9.254284e+01 3.708969e+02 2.225508e+02
    endloop
  endfacet
  facet normal -3.840141e-01 2.194366e-01 8.968727e-01
    outer loop
      vertex   -9.254284e+01 3.708969e+02 2.225508e+02
      vertex   -9.100568e+01 3.733505e+02 2.226086e+02
      vertex   -9.100568e+01 3.735869e+02 2.225508e+02
    endloop
  endfacet
  facet normal -4.823700e-01 2.756400e-01 8.314696e-01
    outer loop
      vertex   -9.254284e+01 3.708969e+02 2.225508e+02
      vertex   -9.100568e+01 3.735869e+02 2.225508e+02
      vertex   -9.100568e+01 3.738062e+02 2.224781e+02
    endloop
  endfacet
  facet normal -4.984341e-01 2.838201e-01 8.191517e-01
    outer loop
      vertex   -9.254284e+01 3.708969e+02 2.225508e+02
      vertex   -9.100568e+01 3.738062e+02 2.224781e+02
      vertex   -9.266682e+01 3.709677e+02 2.224508e+02
    endloop
  endfacet
  facet normal -5.717015e-01 3.273417e-01 7.523329e-01
    outer loop
      vertex   -9.266682e+01 3.709677e+02 2.224508e+02
      vertex   -9.100568e+01 3.738062e+02 2.224781e+02
      vertex   -9.100568e+01 3.740044e+02 2.223919e+02
    endloop
  endfacet
  facet normal -6.144858e-01 3.498683e-01 7.071064e-01
    outer loop
      vertex   -9.266682e+01 3.709677e+02 2.224508e+02
      vertex   -9.100568e+01 3.740044e+02 2.223919e+02
      vertex   -9.277384e+01 3.710289e+02 2.223275e+02
    endloop
  endfacet
  facet normal -6.521614e-01 3.732791e-01 6.598092e-01
    outer loop
      vertex   -9.277384e+01 3.710289e+02 2.223275e+02
      vertex   -9.100568e+01 3.740044e+02 2.223919e+02
      vertex   -9.100568e+01 3.741782e+02 2.222935e+02
    endloop
  endfacet
  facet normal -7.116149e-01 4.057271e-01 5.735763e-01
    outer loop
      vertex   -9.277384e+01 3.710289e+02 2.223275e+02
      vertex   -9.100568e+01 3.741782e+02 2.222935e+02
      vertex   -9.286064e+01 3.710785e+02 2.221848e+02
    endloop
  endfacet
  facet normal -7.219178e-01 4.125245e-01 5.555702e-01
    outer loop
      vertex   -9.286064e+01 3.710785e+02 2.221848e+02
      vertex   -9.100568e+01 3.741782e+02 2.222935e+02
      vertex   -9.100568e+01 3.743247e+02 2.221848e+02
    endloop
  endfacet
  facet normal -7.787036e-01 4.449735e-01 4.422887e-01
    outer loop
      vertex   -9.286064e+01 3.710785e+02 2.221848e+02
      vertex   -9.100568e+01 3.743247e+02 2.221848e+02
      vertex   -9.100000e+01 3.744512e+02 2.220674e+02
    endloop
  endfacet
  facet normal -7.787036e-01 4.449735e-01 4.422887e-01
    outer loop
      vertex   -9.100000e+01 3.744512e+02 2.220674e+02
      vertex   -9.100568e+01 3.743247e+02 2.221848e+02
      vertex   -9.100000e+01 3.743346e+02 2.221848e+02
    endloop
  endfacet
  facet normal -7.872629e-01 4.490112e-01 4.226181e-01
    outer loop
      vertex   -9.286064e+01 3.710785e+02 2.221848e+02
      vertex   -9.100000e+01 3.744512e+02 2.220674e+02
      vertex   -9.292460e+01 3.711151e+02 2.220268e+02
    endloop
  endfacet
  facet normal -8.125099e-01 4.644327e-01 3.523208e-01
    outer loop
      vertex   -9.292460e+01 3.711151e+02 2.220268e+02
      vertex   -9.100000e+01 3.744512e+02 2.220674e+02
      vertex   -9.100000e+01 3.744977e+02 2.220062e+02
    endloop
  endfacet
  facet normal -8.310099e-01 4.745804e-01 2.901655e-01
    outer loop
      vertex   -9.292460e+01 3.711151e+02 2.220268e+02
      vertex   -9.100000e+01 3.744977e+02 2.220062e+02
      vertex   -9.100000e+01 3.745360e+02 2.219436e+02
    endloop
  endfacet
  facet normal -8.391391e-01 4.783914e-01 2.588189e-01
    outer loop
      vertex   -9.292460e+01 3.711151e+02 2.220268e+02
      vertex   -9.100000e+01 3.745360e+02 2.219436e+02
      vertex   -9.296378e+01 3.711374e+02 2.218584e+02
    endloop
  endfacet
  facet normal -8.457000e-01 4.829804e-01 2.269833e-01
    outer loop
      vertex   -9.296378e+01 3.711374e+02 2.218584e+02
      vertex   -9.100000e+01 3.745360e+02 2.219436e+02
      vertex   -9.100000e+01 3.745659e+02 2.218798e+02
    endloop
  endfacet
  facet normal -8.565818e-01 4.896138e-01 1.629293e-01
    outer loop
      vertex   -9.296378e+01 3.711374e+02 2.218584e+02
      vertex   -9.100000e+01 3.745659e+02 2.218798e+02
      vertex   -9.100000e+01 3.745874e+02 2.218153e+02
    endloop
  endfacet
  facet normal -8.643687e-01 4.932336e-01 9.791465e-02
    outer loop
      vertex   -9.100000e+01 3.745874e+02 2.218153e+02
      vertex   -9.100000e+01 3.746003e+02 2.217502e+02
      vertex   -9.296378e+01 3.711374e+02 2.218584e+02
    endloop
  endfacet
  facet normal -8.653835e-01 4.934727e-01 8.715571e-02
    outer loop
      vertex   -9.296378e+01 3.711374e+02 2.218584e+02
      vertex   -9.100000e+01 3.746003e+02 2.217502e+02
      vertex   -9.297697e+01 3.711450e+02 2.216848e+02
    endloop
  endfacet
  facet normal -8.677783e-01 4.958733e-01 3.271908e-02
    outer loop
      vertex   -9.297697e+01 3.711450e+02 2.216848e+02
      vertex   -9.100000e+01 3.746003e+02 2.217502e+02
      vertex   -9.100000e+01 3.746047e+02 2.216848e+02
    endloop
  endfacet
  facet normal 3.270652e-15 -1.000000e+00 0.000000e+00
    outer loop
      vertex   -1.071460e+02 3.750940e+02 2.261848e+02
      vertex   -1.419057e+02 3.750940e+02 2.261848e+02
      vertex   -1.071460e+02 3.750940e+02 2.241810e+02
    endloop
  endfacet
  facet normal 3.270652e-15 -1.000000e+00 -1.200322e-28
    outer loop
      vertex   -1.071460e+02 3.750940e+02 2.241810e+02
      vertex   -1.419057e+02 3.750940e+02 2.261848e+02
      vertex   -1.419057e+02 3.750940e+02 2.223126e+02
    endloop
  endfacet
  facet normal -1.790144e-14 -1.000000e+00 3.938820e-13
    outer loop
      vertex   -1.071460e+02 3.750940e+02 2.241810e+02
      vertex   -1.419057e+02 3.750940e+02 2.223126e+02
      vertex   -9.110000e+01 3.750940e+02 2.223126e+02
    endloop
  endfacet
  facet normal 9.611860e-12 -1.000000e+00 -2.267297e-14
    outer loop
      vertex   -9.110000e+01 3.750940e+02 1.771848e+02
      vertex   -9.100568e+01 3.750940e+02 2.221848e+02
      vertex   -9.110000e+01 3.750940e+02 2.223126e+02
    endloop
  endfacet
  facet normal 9.642583e-12 -1.000000e+00 0.000000e+00
    outer loop
      vertex   -9.110000e+01 3.750940e+02 2.223126e+02
      vertex   -9.100568e+01 3.750940e+02 2.221848e+02
      vertex   -9.100568e+01 3.750940e+02 2.241810e+02
    endloop
  endfacet
  facet normal -7.043658e-15 -1.000000e+00 4.871288e-13
    outer loop
      vertex   -9.110000e+01 3.750940e+02 2.223126e+02
      vertex   -9.100568e+01 3.750940e+02 2.241810e+02
      vertex   -1.071460e+02 3.750940e+02 2.241810e+02
    endloop
  endfacet
  facet normal 0.000000e+00 -1.000000e+00 8.895030e-13
    outer loop
      vertex   -9.760000e+01 3.750940e+02 1.771848e+02
      vertex   -9.100000e+01 3.750940e+02 1.770569e+02
      vertex   -9.110000e+01 3.750940e+02 1.771848e+02
    endloop
  endfacet
  facet normal -1.136868e-12 -1.000000e+00 0.000000e+00
    outer loop
      vertex   -9.110000e+01 3.750940e+02 1.771848e+02
      vertex   -9.100000e+01 3.750940e+02 1.770569e+02
      vertex   -9.100000e+01 3.750940e+02 2.221848e+02
    endloop
  endfacet
  facet normal 0.000000e+00 -1.000000e+00 -2.526374e-15
    outer loop
      vertex   -9.110000e+01 3.750940e+02 1.771848e+02
      vertex   -9.100000e+01 3.750940e+02 2.221848e+02
      vertex   -9.100568e+01 3.750940e+02 2.221848e+02
    endloop
  endfacet
  facet normal 0.000000e+00 -1.000000e+00 -0.000000e+00
    outer loop
      vertex   -9.975000e+01 3.750940e+02 1.795086e+02
      vertex   -1.019000e+02 3.750940e+02 1.771848e+02
      vertex   -9.760000e+01 3.750940e+02 1.771848e+02
    endloop
  endfacet
  facet normal 0.000000e+00 -1.000000e+00 8.895030e-13
    outer loop
      vertex   -9.760000e+01 3.750940e+02 1.771848e+02
      vertex   -1.019000e+02 3.750940e+02 1.771848e+02
      vertex   -9.100000e+01 3.750940e+02 1.770569e+02
    endloop
  endfacet
  facet normal 2.841767e-15 -1.000000e+00 -1.263880e-27
    outer loop
      vertex   -1.419057e+02 3.750940e+02 1.771848e+02
      vertex   -1.419057e+02 3.750940e+02 1.770569e+02
      vertex   -1.019000e+02 3.750940e+02 1.771848e+02
    endloop
  endfacet
  facet normal 0.000000e+00 -1.000000e+00 8.895030e-13
    outer loop
      vertex   -1.019000e+02 3.750940e+02 1.771848e+02
      vertex   -1.419057e+02 3.750940e+02 1.770569e+02
      vertex   -9.100000e+01 3.750940e+02 1.770569e+02
    endloop
  endfacet
  facet normal -1.000000e+00 -1.891043e-09 6.485315e-10
    outer loop
      vertex   -1.443000e+02 3.880900e+02 2.261848e+02
      vertex   -1.443000e+02 3.870000e+02 2.223126e+02
      vertex   -1.443000e+02 3.720940e+02 2.261848e+02
    endloop
  endfacet
  facet normal -1.000000e+00 -2.059295e-09 8.420490e-13
    outer loop
      vertex   -1.443000e+02 3.720940e+02 2.261848e+02
      vertex   -1.443000e+02 3.870000e+02 2.223126e+02
      vertex   -1.443000e+02 3.870000e+02 1.771848e+02
    endloop
  endfacet
  facet normal -1.000000e+00 -1.573999e-09 1.484717e-10
    outer loop
      vertex   -1.443000e+02 3.720940e+02 2.261848e+02
      vertex   -1.443000e+02 3.870000e+02 1.771848e+02
      vertex   -1.443000e+02 3.670940e+02 1.731848e+02
    endloop
  endfacet
  facet normal -1.000000e+00 -1.480861e-09 -3.150286e-10
    outer loop
      vertex   -1.443000e+02 3.670940e+02 1.731848e+02
      vertex   -1.443000e+02 3.870000e+02 1.771848e+02
      vertex   -1.443000e+02 3.878509e+02 1.731848e+02
    endloop
  endfacet
  facet normal -1.000000e+00 0.000000e+00 0.000000e+00
    outer loop
      vertex   -1.443000e+02 3.878509e+02 1.731848e+02
      vertex   -1.443000e+02 3.870000e+02 1.771848e+02
      vertex   -1.443000e+02 3.878509e+02 1.771848e+02
    endloop
  endfacet
  facet normal -1.000000e+00 0.000000e+00 1.162135e-10
    outer loop
      vertex   -1.443000e+02 3.880900e+02 2.261848e+02
      vertex   -1.443000e+02 3.880900e+02 2.223126e+02
      vertex   -1.443000e+02 3.870000e+02 2.223126e+02
    endloop
  endfacet
  facet normal -1.000000e+00 2.072416e-14 -2.072416e-14
    outer loop
      vertex   -1.443000e+02 3.670940e+02 1.731848e+02
      vertex   -1.443000e+02 3.670940e+02 2.211848e+02
      vertex   -1.443000e+02 3.720940e+02 2.261848e+02
    endloop
  endfacet
  facet normal 0.000000e+00 1.000000e+00 0.000000e+00
    outer loop
      vertex   -1.184318e+02 3.870000e+02 1.771848e+02
      vertex   -1.184318e+02 3.870000e+02 1.731848e+02
      vertex   -1.205392e+02 3.870000e+02 1.771848e+02
    endloop
  endfacet
  facet normal 0.000000e+00 1.000000e+00 0.000000e+00
    outer loop
      vertex   -1.205392e+02 3.870000e+02 1.771848e+02
      vertex   -1.184318e+02 3.870000e+02 1.731848e+02
      vertex   -1.205392e+02 3.870000e+02 1.731848e+02
    endloop
  endfacet
  facet normal 4.442609e-02 9.990127e-01 -0.000000e+00
    outer loop
      vertex   -1.184318e+02 3.870000e+02 1.731848e+02
      vertex   -1.184318e+02 3.870000e+02 1.771848e+02
      vertex   -1.180989e+02 3.869852e+02 1.731848e+02
    endloop
  endfacet
  facet normal 4.442609e-02 9.990127e-01 -0.000000e+00
    outer loop
      vertex   -1.180989e+02 3.869852e+02 1.731848e+02
      vertex   -1.184318e+02 3.870000e+02 1.771848e+02
      vertex   -1.180989e+02 3.869852e+02 1.771848e+02
    endloop
  endfacet
  facet normal 1.329276e-01 9.911258e-01 -0.000000e+00
    outer loop
      vertex   -1.180989e+02 3.869852e+02 1.731848e+02
      vertex   -1.180989e+02 3.869852e+02 1.771848e+02
      vertex   -1.177687e+02 3.869409e+02 1.731848e+02
    endloop
  endfacet
  facet normal 1.329276e-01 9.911258e-01 -0.000000e+00
    outer loop
      vertex   -1.177687e+02 3.869409e+02 1.731848e+02
      vertex   -1.180989e+02 3.869852e+02 1.771848e+02
      vertex   -1.177687e+02 3.869409e+02 1.771848e+02
    endloop
  endfacet
  facet normal 2.203796e-01 9.754142e-01 -0.000000e+00
    outer loop
      vertex   -1.177687e+02 3.869409e+02 1.731848e+02
      vertex   -1.177687e+02 3.869409e+02 1.771848e+02
      vertex   -1.174437e+02 3.868675e+02 1.731848e+02
    endloop
  endfacet
  facet normal 2.203796e-01 9.754142e-01 -0.000000e+00
    outer loop
      vertex   -1.174437e+02 3.868675e+02 1.731848e+02
      vertex   -1.177687e+02 3.869409e+02 1.771848e+02
      vertex   -1.174437e+02 3.868675e+02 1.771848e+02
    endloop
  endfacet
  facet normal 3.060918e-01 9.520020e-01 -0.000000e+00
    outer loop
      vertex   -1.174437e+02 3.868675e+02 1.731848e+02
      vertex   -1.174437e+02 3.868675e+02 1.771848e+02
      vertex   -1.171265e+02 3.867655e+02 1.731848e+02
    endloop
  endfacet
  facet normal 3.060918e-01 9.520020e-01 -0.000000e+00
    outer loop
      vertex   -1.171265e+02 3.867655e+02 1.731848e+02
      vertex   -1.174437e+02 3.868675e+02 1.771848e+02
      vertex   -1.171265e+02 3.867655e+02 1.771848e+02
    endloop
  endfacet
  facet normal 3.893875e-01 9.210740e-01 -0.000000e+00
    outer loop
      vertex   -1.171265e+02 3.867655e+02 1.731848e+02
      vertex   -1.171265e+02 3.867655e+02 1.771848e+02
      vertex   -1.168196e+02 3.866358e+02 1.731848e+02
    endloop
  endfacet
  facet normal 3.893875e-01 9.210740e-01 -0.000000e+00
    outer loop
      vertex   -1.168196e+02 3.866358e+02 1.731848e+02
      vertex   -1.171265e+02 3.867655e+02 1.771848e+02
      vertex   -1.168196e+02 3.866358e+02 1.771848e+02
    endloop
  endfacet
  facet normal 4.696091e-01 8.828745e-01 -0.000000e+00
    outer loop
      vertex   -1.168196e+02 3.866358e+02 1.731848e+02
      vertex   -1.168196e+02 3.866358e+02 1.771848e+02
      vertex   -1.165254e+02 3.864793e+02 1.731848e+02
    endloop
  endfacet
  facet normal 4.696091e-01 8.828745e-01 -0.000000e+00
    outer loop
      vertex   -1.165254e+02 3.864793e+02 1.731848e+02
      vertex   -1.168196e+02 3.866358e+02 1.771848e+02
      vertex   -1.165254e+02 3.864793e+02 1.771848e+02
    endloop
  endfacet
  facet normal 5.461232e-01 8.377049e-01 -0.000000e+00
    outer loop
      vertex   -1.165254e+02 3.864793e+02 1.731848e+02
      vertex   -1.165254e+02 3.864793e+02 1.771848e+02
      vertex   -1.162463e+02 3.862973e+02 1.731848e+02
    endloop
  endfacet
  facet normal 5.461232e-01 8.377049e-01 -0.000000e+00
    outer loop
      vertex   -1.162463e+02 3.862973e+02 1.731848e+02
      vertex   -1.165254e+02 3.864793e+02 1.771848e+02
      vertex   -1.162463e+02 3.862973e+02 1.771848e+02
    endloop
  endfacet
  facet normal 6.183259e-01 7.859218e-01 -0.000000e+00
    outer loop
      vertex   -1.162463e+02 3.862973e+02 1.731848e+02
      vertex   -1.162463e+02 3.862973e+02 1.771848e+02
      vertex   -1.159844e+02 3.860913e+02 1.731848e+02
    endloop
  endfacet
  facet normal 6.183259e-01 7.859218e-01 -0.000000e+00
    outer loop
      vertex   -1.159844e+02 3.860913e+02 1.731848e+02
      vertex   -1.162463e+02 3.862973e+02 1.771848e+02
      vertex   -1.159844e+02 3.860913e+02 1.771848e+02
    endloop
  endfacet
  facet normal 6.856471e-01 7.279341e-01 -0.000000e+00
    outer loop
      vertex   -1.159844e+02 3.860913e+02 1.731848e+02
      vertex   -1.159844e+02 3.860913e+02 1.771848e+02
      vertex   -1.157419e+02 3.858628e+02 1.731848e+02
    endloop
  endfacet
  facet normal 6.856471e-01 7.279341e-01 -0.000000e+00
    outer loop
      vertex   -1.157419e+02 3.858628e+02 1.731848e+02
      vertex   -1.159844e+02 3.860913e+02 1.771848e+02
      vertex   -1.157419e+02 3.858628e+02 1.771848e+02
    endloop
  endfacet
  facet normal 7.475553e-01 6.641996e-01 -0.000000e+00
    outer loop
      vertex   -1.157419e+02 3.858628e+02 1.731848e+02
      vertex   -1.157419e+02 3.858628e+02 1.771848e+02
      vertex   -1.155206e+02 3.856138e+02 1.731848e+02
    endloop
  endfacet
  facet normal 7.475553e-01 6.641996e-01 -0.000000e+00
    outer loop
      vertex   -1.155206e+02 3.856138e+02 1.731848e+02
      vertex   -1.157419e+02 3.858628e+02 1.771848e+02
      vertex   -1.155206e+02 3.856138e+02 1.771848e+02
    endloop
  endfacet
  facet normal 8.035617e-01 5.952214e-01 -0.000000e+00
    outer loop
      vertex   -1.155206e+02 3.856138e+02 1.731848e+02
      vertex   -1.155206e+02 3.856138e+02 1.771848e+02
      vertex   -1.153223e+02 3.853460e+02 1.731848e+02
    endloop
  endfacet
  facet normal 8.035617e-01 5.952214e-01 -0.000000e+00
    outer loop
      vertex   -1.153223e+02 3.853460e+02 1.731848e+02
      vertex   -1.155206e+02 3.856138e+02 1.771848e+02
      vertex   -1.153223e+02 3.853460e+02 1.771848e+02
    endloop
  endfacet
  facet normal 8.532243e-01 5.215442e-01 -0.000000e+00
    outer loop
      vertex   -1.153223e+02 3.853460e+02 1.731848e+02
      vertex   -1.153223e+02 3.853460e+02 1.771848e+02
      vertex   -1.151485e+02 3.850617e+02 1.731848e+02
    endloop
  endfacet
  facet normal 8.532243e-01 5.215442e-01 -0.000000e+00
    outer loop
      vertex   -1.151485e+02 3.850617e+02 1.731848e+02
      vertex   -1.153223e+02 3.853460e+02 1.771848e+02
      vertex   -1.151485e+02 3.850617e+02 1.771848e+02
    endloop
  endfacet
  facet normal 8.961509e-01 4.437495e-01 -0.000000e+00
    outer loop
      vertex   -1.151485e+02 3.850617e+02 1.731848e+02
      vertex   -1.151485e+02 3.850617e+02 1.771848e+02
      vertex   -1.150006e+02 3.847631e+02 1.731848e+02
    endloop
  endfacet
  facet normal 8.961509e-01 4.437495e-01 -0.000000e+00
    outer loop
      vertex   -1.150006e+02 3.847631e+02 1.731848e+02
      vertex   -1.151485e+02 3.850617e+02 1.771848e+02
      vertex   -1.150006e+02 3.847631e+02 1.771848e+02
    endloop
  endfacet
  facet normal 9.320026e-01 3.624515e-01 -0.000000e+00
    outer loop
      vertex   -1.150006e+02 3.847631e+02 1.731848e+02
      vertex   -1.150006e+02 3.847631e+02 1.771848e+02
      vertex   -1.148799e+02 3.844526e+02 1.731848e+02
    endloop
  endfacet
  facet normal 9.320026e-01 3.624515e-01 -0.000000e+00
    outer loop
      vertex   -1.148799e+02 3.844526e+02 1.731848e+02
      vertex   -1.150006e+02 3.847631e+02 1.771848e+02
      vertex   -1.148799e+02 3.844526e+02 1.771848e+02
    endloop
  endfacet
  facet normal -9.254127e-01 3.789609e-01 0.000000e+00
    outer loop
      vertex   -1.110911e+02 3.844526e+02 1.771848e+02
      vertex   -1.110911e+02 3.844526e+02 1.731848e+02
      vertex   -1.111854e+02 3.842224e+02 1.771848e+02
    endloop
  endfacet
  facet normal -9.254127e-01 3.789609e-01 0.000000e+00
    outer loop
      vertex   -1.111854e+02 3.842224e+02 1.771848e+02
      vertex   -1.110911e+02 3.844526e+02 1.731848e+02
      vertex   -1.111854e+02 3.842224e+02 1.731848e+02
    endloop
  endfacet
  facet normal -8.712234e-01 4.908867e-01 0.000000e+00
    outer loop
      vertex   -1.111854e+02 3.842224e+02 1.771848e+02
      vertex   -1.111854e+02 3.842224e+02 1.731848e+02
      vertex   -1.113075e+02 3.840058e+02 1.771848e+02
    endloop
  endfacet
  facet normal -8.712234e-01 4.908867e-01 0.000000e+00
    outer loop
      vertex   -1.113075e+02 3.840058e+02 1.771848e+02
      vertex   -1.111854e+02 3.842224e+02 1.731848e+02
      vertex   -1.113075e+02 3.840058e+02 1.731848e+02
    endloop
  endfacet
  facet normal -8.035617e-01 5.952214e-01 0.000000e+00
    outer loop
      vertex   -1.113075e+02 3.840058e+02 1.771848e+02
      vertex   -1.113075e+02 3.840058e+02 1.731848e+02
      vertex   -1.114555e+02 3.838059e+02 1.771848e+02
    endloop
  endfacet
  facet normal -8.035617e-01 5.952214e-01 0.000000e+00
    outer loop
      vertex   -1.114555e+02 3.838059e+02 1.771848e+02
      vertex   -1.113075e+02 3.840058e+02 1.731848e+02
      vertex   -1.114555e+02 3.838059e+02 1.731848e+02
    endloop
  endfacet
  facet normal -7.234738e-01 6.903518e-01 0.000000e+00
    outer loop
      vertex   -1.114555e+02 3.838059e+02 1.771848e+02
      vertex   -1.114555e+02 3.838059e+02 1.731848e+02
      vertex   -1.116272e+02 3.836260e+02 1.771848e+02
    endloop
  endfacet
  facet normal -7.234738e-01 6.903518e-01 0.000000e+00
    outer loop
      vertex   -1.116272e+02 3.836260e+02 1.771848e+02
      vertex   -1.114555e+02 3.838059e+02 1.731848e+02
      vertex   -1.116272e+02 3.836260e+02 1.731848e+02
    endloop
  endfacet
  facet normal -6.321982e-01 7.748067e-01 0.000000e+00
    outer loop
      vertex   -1.116272e+02 3.836260e+02 1.771848e+02
      vertex   -1.116272e+02 3.836260e+02 1.731848e+02
      vertex   -1.118199e+02 3.834687e+02 1.771848e+02
    endloop
  endfacet
  facet normal -6.321982e-01 7.748067e-01 0.000000e+00
    outer loop
      vertex   -1.118199e+02 3.834687e+02 1.771848e+02
      vertex   -1.116272e+02 3.836260e+02 1.731848e+02
      vertex   -1.118199e+02 3.834687e+02 1.731848e+02
    endloop
  endfacet
  facet normal -5.311464e-01 8.472800e-01 0.000000e+00
    outer loop
      vertex   -1.118199e+02 3.834687e+02 1.771848e+02
      vertex   -1.118199e+02 3.834687e+02 1.731848e+02
      vertex   -1.120306e+02 3.833366e+02 1.771848e+02
    endloop
  endfacet
  facet normal -5.311464e-01 8.472800e-01 -3.774022e-15
    outer loop
      vertex   -1.120306e+02 3.833366e+02 1.771848e+02
      vertex   -1.118199e+02 3.834687e+02 1.731848e+02
      vertex   -1.120306e+02 3.833366e+02 1.731848e+02
    endloop
  endfacet
  facet normal -4.218811e-01 9.066512e-01 -2.997645e-15
    outer loop
      vertex   -1.120306e+02 3.833366e+02 1.771848e+02
      vertex   -1.120306e+02 3.833366e+02 1.731848e+02
      vertex   -1.122561e+02 3.832317e+02 1.771848e+02
    endloop
  endfacet
  facet normal -4.218811e-01 9.066512e-01 0.000000e+00
    outer loop
      vertex   -1.122561e+02 3.832317e+02 1.771848e+02
      vertex   -1.120306e+02 3.833366e+02 1.731848e+02
      vertex   -1.122561e+02 3.832317e+02 1.731848e+02
    endloop
  endfacet
  facet normal -3.060918e-01 9.520020e-01 0.000000e+00
    outer loop
      vertex   -1.122561e+02 3.832317e+02 1.771848e+02
      vertex   -1.122561e+02 3.832317e+02 1.731848e+02
      vertex   -1.124929e+02 3.831556e+02 1.771848e+02
    endloop
  endfacet
  facet normal -3.060918e-01 9.520020e-01 0.000000e+00
    outer loop
      vertex   -1.124929e+02 3.831556e+02 1.771848e+02
      vertex   -1.122561e+02 3.832317e+02 1.731848e+02
      vertex   -1.124929e+02 3.831556e+02 1.731848e+02
    endloop
  endfacet
  facet normal -1.855691e-01 9.826312e-01 0.000000e+00
    outer loop
      vertex   -1.124929e+02 3.831556e+02 1.771848e+02
      vertex   -1.124929e+02 3.831556e+02 1.731848e+02
      vertex   -1.127373e+02 3.831094e+02 1.771848e+02
    endloop
  endfacet
  facet normal -1.855691e-01 9.826312e-01 -6.592740e-16
    outer loop
      vertex   -1.127373e+02 3.831094e+02 1.771848e+02
      vertex   -1.124929e+02 3.831556e+02 1.731848e+02
      vertex   -1.127373e+02 3.831094e+02 1.731848e+02
    endloop
  endfacet
  facet normal -6.217688e-02 9.980651e-01 -2.208966e-16
    outer loop
      vertex   -1.127373e+02 3.831094e+02 1.771848e+02
      vertex   -1.127373e+02 3.831094e+02 1.731848e+02
      vertex   -1.129855e+02 3.830940e+02 1.771848e+02
    endloop
  endfacet
  facet normal -6.217688e-02 9.980651e-01 0.000000e+00
    outer loop
      vertex   -1.129855e+02 3.830940e+02 1.771848e+02
      vertex   -1.127373e+02 3.831094e+02 1.731848e+02
      vertex   -1.129855e+02 3.830940e+02 1.731848e+02
    endloop
  endfacet
  facet normal 6.217688e-02 9.980651e-01 0.000000e+00
    outer loop
      vertex   -1.129855e+02 3.830940e+02 1.771848e+02
      vertex   -1.129855e+02 3.830940e+02 1.731848e+02
      vertex   -1.132337e+02 3.831094e+02 1.771848e+02
    endloop
  endfacet
  facet normal 6.217688e-02 9.980651e-01 0.000000e+00
    outer loop
      vertex   -1.132337e+02 3.831094e+02 1.771848e+02
      vertex   -1.129855e+02 3.830940e+02 1.731848e+02
      vertex   -1.132337e+02 3.831094e+02 1.731848e+02
    endloop
  endfacet
  facet normal 1.855691e-01 9.826312e-01 0.000000e+00
    outer loop
      vertex   -1.132337e+02 3.831094e+02 1.771848e+02
      vertex   -1.132337e+02 3.831094e+02 1.731848e+02
      vertex   -1.134781e+02 3.831556e+02 1.771848e+02
    endloop
  endfacet
  facet normal 1.855691e-01 9.826312e-01 0.000000e+00
    outer loop
      vertex   -1.134781e+02 3.831556e+02 1.771848e+02
      vertex   -1.132337e+02 3.831094e+02 1.731848e+02
      vertex   -1.134781e+02 3.831556e+02 1.731848e+02
    endloop
  endfacet
  facet normal 3.060918e-01 9.520020e-01 0.000000e+00
    outer loop
      vertex   -1.134781e+02 3.831556e+02 1.771848e+02
      vertex   -1.134781e+02 3.831556e+02 1.731848e+02
      vertex   -1.137149e+02 3.832317e+02 1.771848e+02
    endloop
  endfacet
  facet normal 3.060918e-01 9.520020e-01 0.000000e+00
    outer loop
      vertex   -1.137149e+02 3.832317e+02 1.771848e+02
      vertex   -1.134781e+02 3.831556e+02 1.731848e+02
      vertex   -1.137149e+02 3.832317e+02 1.731848e+02
    endloop
  endfacet
  facet normal 4.218811e-01 9.066512e-01 0.000000e+00
    outer loop
      vertex   -1.137149e+02 3.832317e+02 1.771848e+02
      vertex   -1.137149e+02 3.832317e+02 1.731848e+02
      vertex   -1.139404e+02 3.833366e+02 1.771848e+02
    endloop
  endfacet
  facet normal 4.218811e-01 9.066512e-01 0.000000e+00
    outer loop
      vertex   -1.139404e+02 3.833366e+02 1.771848e+02
      vertex   -1.137149e+02 3.832317e+02 1.731848e+02
      vertex   -1.139404e+02 3.833366e+02 1.731848e+02
    endloop
  endfacet
  facet normal 5.311464e-01 8.472800e-01 0.000000e+00
    outer loop
      vertex   -1.139404e+02 3.833366e+02 1.771848e+02
      vertex   -1.139404e+02 3.833366e+02 1.731848e+02
      vertex   -1.141511e+02 3.834687e+02 1.771848e+02
    endloop
  endfacet
  facet normal 5.311464e-01 8.472800e-01 0.000000e+00
    outer loop
      vertex   -1.141511e+02 3.834687e+02 1.771848e+02
      vertex   -1.139404e+02 3.833366e+02 1.731848e+02
      vertex   -1.141511e+02 3.834687e+02 1.731848e+02
    endloop
  endfacet
  facet normal 6.321982e-01 7.748067e-01 0.000000e+00
    outer loop
      vertex   -1.141511e+02 3.834687e+02 1.771848e+02
      vertex   -1.141511e+02 3.834687e+02 1.731848e+02
      vertex   -1.143438e+02 3.836260e+02 1.771848e+02
    endloop
  endfacet
  facet normal 6.321982e-01 7.748067e-01 0.000000e+00
    outer loop
      vertex   -1.143438e+02 3.836260e+02 1.771848e+02
      vertex   -1.141511e+02 3.834687e+02 1.731848e+02
      vertex   -1.143438e+02 3.836260e+02 1.731848e+02
    endloop
  endfacet
  facet normal 7.234738e-01 6.903518e-01 0.000000e+00
    outer loop
      vertex   -1.143438e+02 3.836260e+02 1.771848e+02
      vertex   -1.143438e+02 3.836260e+02 1.731848e+02
      vertex   -1.145155e+02 3.838059e+02 1.771848e+02
    endloop
  endfacet
  facet normal 7.234738e-01 6.903518e-01 0.000000e+00
    outer loop
      vertex   -1.145155e+02 3.838059e+02 1.771848e+02
      vertex   -1.143438e+02 3.836260e+02 1.731848e+02
      vertex   -1.145155e+02 3.838059e+02 1.731848e+02
    endloop
  endfacet
  facet normal 8.035617e-01 5.952214e-01 0.000000e+00
    outer loop
      vertex   -1.145155e+02 3.838059e+02 1.771848e+02
      vertex   -1.145155e+02 3.838059e+02 1.731848e+02
      vertex   -1.146635e+02 3.840058e+02 1.771848e+02
    endloop
  endfacet
  facet normal 8.035617e-01 5.952214e-01 0.000000e+00
    outer loop
      vertex   -1.146635e+02 3.840058e+02 1.771848e+02
      vertex   -1.145155e+02 3.838059e+02 1.731848e+02
      vertex   -1.146635e+02 3.840058e+02 1.731848e+02
    endloop
  endfacet
  facet normal 8.712234e-01 4.908867e-01 0.000000e+00
    outer loop
      vertex   -1.146635e+02 3.840058e+02 1.771848e+02
      vertex   -1.146635e+02 3.840058e+02 1.731848e+02
      vertex   -1.147856e+02 3.842224e+02 1.771848e+02
    endloop
  endfacet
  facet normal 8.712234e-01 4.908867e-01 0.000000e+00
    outer loop
      vertex   -1.147856e+02 3.842224e+02 1.771848e+02
      vertex   -1.146635e+02 3.840058e+02 1.731848e+02
      vertex   -1.147856e+02 3.842224e+02 1.731848e+02
    endloop
  endfacet
  facet normal 9.254127e-01 3.789609e-01 0.000000e+00
    outer loop
      vertex   -1.147856e+02 3.842224e+02 1.771848e+02
      vertex   -1.147856e+02 3.842224e+02 1.731848e+02
      vertex   -1.148799e+02 3.844526e+02 1.771848e+02
    endloop
  endfacet
  facet normal 9.254127e-01 3.789609e-01 0.000000e+00
    outer loop
      vertex   -1.148799e+02 3.844526e+02 1.771848e+02
      vertex   -1.147856e+02 3.842224e+02 1.731848e+02
      vertex   -1.148799e+02 3.844526e+02 1.731848e+02
    endloop
  endfacet
  facet normal -5.802212e-01 8.144589e-01 0.000000e+00
    outer loop
      vertex   -1.095858e+02 3.863923e+02 1.771848e+02
      vertex   -1.095858e+02 3.863923e+02 1.731848e+02
      vertex   -1.098404e+02 3.862109e+02 1.771848e+02
    endloop
  endfacet
  facet normal -5.802212e-01 8.144589e-01 0.000000e+00
    outer loop
      vertex   -1.098404e+02 3.862109e+02 1.771848e+02
      vertex   -1.095858e+02 3.863923e+02 1.731848e+02
      vertex   -1.098404e+02 3.862109e+02 1.731848e+02
    endloop
  endfacet
  facet normal -6.460353e-01 7.633075e-01 0.000000e+00
    outer loop
      vertex   -1.098404e+02 3.862109e+02 1.771848e+02
      vertex   -1.098404e+02 3.862109e+02 1.731848e+02
      vertex   -1.100790e+02 3.860090e+02 1.771848e+02
    endloop
  endfacet
  facet normal -6.460353e-01 7.633075e-01 0.000000e+00
    outer loop
      vertex   -1.100790e+02 3.860090e+02 1.771848e+02
      vertex   -1.098404e+02 3.862109e+02 1.731848e+02
      vertex   -1.100790e+02 3.860090e+02 1.731848e+02
    endloop
  endfacet
  facet normal -7.073609e-01 7.068526e-01 0.000000e+00
    outer loop
      vertex   -1.100790e+02 3.860090e+02 1.771848e+02
      vertex   -1.100790e+02 3.860090e+02 1.731848e+02
      vertex   -1.103000e+02 3.857878e+02 1.771848e+02
    endloop
  endfacet
  facet normal -7.073609e-01 7.068526e-01 0.000000e+00
    outer loop
      vertex   -1.103000e+02 3.857878e+02 1.771848e+02
      vertex   -1.100790e+02 3.860090e+02 1.731848e+02
      vertex   -1.103000e+02 3.857878e+02 1.731848e+02
    endloop
  endfacet
  facet normal -7.637717e-01 6.454865e-01 0.000000e+00
    outer loop
      vertex   -1.103000e+02 3.857878e+02 1.771848e+02
      vertex   -1.103000e+02 3.857878e+02 1.731848e+02
      vertex   -1.105017e+02 3.855491e+02 1.771848e+02
    endloop
  endfacet
  facet normal -7.637717e-01 6.454865e-01 0.000000e+00
    outer loop
      vertex   -1.105017e+02 3.855491e+02 1.771848e+02
      vertex   -1.103000e+02 3.857878e+02 1.731848e+02
      vertex   -1.105017e+02 3.855491e+02 1.731848e+02
    endloop
  endfacet
  facet normal -8.148758e-01 5.796356e-01 0.000000e+00
    outer loop
      vertex   -1.105017e+02 3.855491e+02 1.771848e+02
      vertex   -1.105017e+02 3.855491e+02 1.731848e+02
      vertex   -1.106829e+02 3.852944e+02 1.771848e+02
    endloop
  endfacet
  facet normal -8.148758e-01 5.796356e-01 0.000000e+00
    outer loop
      vertex   -1.106829e+02 3.852944e+02 1.771848e+02
      vertex   -1.105017e+02 3.855491e+02 1.731848e+02
      vertex   -1.106829e+02 3.852944e+02 1.731848e+02
    endloop
  endfacet
  facet normal -8.603182e-01 5.097574e-01 0.000000e+00
    outer loop
      vertex   -1.106829e+02 3.852944e+02 1.771848e+02
      vertex   -1.106829e+02 3.852944e+02 1.731848e+02
      vertex   -1.108422e+02 3.850255e+02 1.771848e+02
    endloop
  endfacet
  facet normal -8.603182e-01 5.097574e-01 0.000000e+00
    outer loop
      vertex   -1.108422e+02 3.850255e+02 1.771848e+02
      vertex   -1.106829e+02 3.852944e+02 1.731848e+02
      vertex   -1.108422e+02 3.850255e+02 1.731848e+02
    endloop
  endfacet
  facet normal -8.997831e-01 4.363374e-01 0.000000e+00
    outer loop
      vertex   -1.108422e+02 3.850255e+02 1.771848e+02
      vertex   -1.108422e+02 3.850255e+02 1.731848e+02
      vertex   -1.109786e+02 3.847442e+02 1.771848e+02
    endloop
  endfacet
  facet normal -8.997831e-01 4.363374e-01 0.000000e+00
    outer loop
      vertex   -1.109786e+02 3.847442e+02 1.771848e+02
      vertex   -1.108422e+02 3.850255e+02 1.731848e+02
      vertex   -1.109786e+02 3.847442e+02 1.731848e+02
    endloop
  endfacet
  facet normal -9.329964e-01 3.598858e-01 0.000000e+00
    outer loop
      vertex   -1.109786e+02 3.847442e+02 1.771848e+02
      vertex   -1.109786e+02 3.847442e+02 1.731848e+02
      vertex   -1.110911e+02 3.844526e+02 1.771848e+02
    endloop
  endfacet
  facet normal -9.329964e-01 3.598858e-01 0.000000e+00
    outer loop
      vertex   -1.110911e+02 3.844526e+02 1.771848e+02
      vertex   -1.109786e+02 3.847442e+02 1.731848e+02
      vertex   -1.110911e+02 3.844526e+02 1.731848e+02
    endloop
  endfacet
  facet normal -6.029107e-01 7.978087e-01 0.000000e+00
    outer loop
      vertex   -1.075392e+02 3.878509e+02 1.771848e+02
      vertex   -1.075392e+02 3.878509e+02 1.731848e+02
      vertex   -1.082077e+02 3.873457e+02 1.771848e+02
    endloop
  endfacet
  facet normal -6.029107e-01 7.978087e-01 0.000000e+00
    outer loop
      vertex   -1.082077e+02 3.873457e+02 1.771848e+02
      vertex   -1.075392e+02 3.878509e+02 1.731848e+02
      vertex   -1.082077e+02 3.873457e+02 1.731848e+02
    endloop
  endfacet
  facet normal -5.803928e-01 8.143366e-01 0.000000e+00
    outer loop
      vertex   -1.082077e+02 3.873457e+02 1.771848e+02
      vertex   -1.082077e+02 3.873457e+02 1.731848e+02
      vertex   -1.088901e+02 3.868594e+02 1.771848e+02
    endloop
  endfacet
  facet normal -5.803928e-01 8.143366e-01 0.000000e+00
    outer loop
      vertex   -1.088901e+02 3.868594e+02 1.771848e+02
      vertex   -1.082077e+02 3.873457e+02 1.731848e+02
      vertex   -1.088901e+02 3.868594e+02 1.731848e+02
    endloop
  endfacet
  facet normal -5.574222e-01 8.302292e-01 0.000000e+00
    outer loop
      vertex   -1.088901e+02 3.868594e+02 1.771848e+02
      vertex   -1.088901e+02 3.868594e+02 1.731848e+02
      vertex   -1.095858e+02 3.863923e+02 1.771848e+02
    endloop
  endfacet
  facet normal -5.574222e-01 8.302292e-01 0.000000e+00
    outer loop
      vertex   -1.095858e+02 3.863923e+02 1.771848e+02
      vertex   -1.088901e+02 3.868594e+02 1.731848e+02
      vertex   -1.095858e+02 3.863923e+02 1.731848e+02
    endloop
  endfacet
  facet normal 0.000000e+00 1.000000e+00 0.000000e+00
    outer loop
      vertex   -8.870000e+01 3.878509e+02 1.771848e+02
      vertex   -8.870000e+01 3.878509e+02 1.731848e+02
      vertex   -9.760000e+01 3.878509e+02 1.771848e+02
    endloop
  endfacet
  facet normal -2.929705e-10 1.000000e+00 -6.518593e-10
    outer loop
      vertex   -9.760000e+01 3.878509e+02 1.771848e+02
      vertex   -8.870000e+01 3.878509e+02 1.731848e+02
      vertex   -1.075392e+02 3.878509e+02 1.731848e+02
    endloop
  endfacet
  facet normal 0.000000e+00 1.000000e+00 -1.379831e-09
    outer loop
      vertex   -9.760000e+01 3.878509e+02 1.771848e+02
      vertex   -1.075392e+02 3.878509e+02 1.731848e+02
      vertex   -1.019000e+02 3.878509e+02 1.771848e+02
    endloop
  endfacet
  facet normal -9.787451e-10 1.000000e+00 0.000000e+00
    outer loop
      vertex   -1.019000e+02 3.878509e+02 1.771848e+02
      vertex   -1.075392e+02 3.878509e+02 1.731848e+02
      vertex   -1.075392e+02 3.878509e+02 1.771848e+02
    endloop
  endfacet
  facet normal 0.000000e+00 1.000000e+00 0.000000e+00
    outer loop
      vertex   -1.019000e+02 3.878509e+02 1.771848e+02
      vertex   -9.975000e+01 3.878509e+02 1.795086e+02
      vertex   -9.760000e+01 3.878509e+02 1.771848e+02
    endloop
  endfacet
  facet normal 4.289256e-10 1.000000e+00 -0.000000e+00
    outer loop
      vertex   -1.314318e+02 3.878509e+02 1.731848e+02
      vertex   -1.443000e+02 3.878509e+02 1.731848e+02
      vertex   -1.314318e+02 3.878509e+02 1.771848e+02
    endloop
  endfacet
  facet normal 4.289256e-10 1.000000e+00 0.000000e+00
    outer loop
      vertex   -1.314318e+02 3.878509e+02 1.771848e+02
      vertex   -1.443000e+02 3.878509e+02 1.731848e+02
      vertex   -1.443000e+02 3.878509e+02 1.771848e+02
    endloop
  endfacet
  facet normal 6.029107e-01 7.978087e-01 -0.000000e+00
    outer loop
      vertex   -1.314318e+02 3.878509e+02 1.731848e+02
      vertex   -1.314318e+02 3.878509e+02 1.771848e+02
      vertex   -1.307633e+02 3.873457e+02 1.731848e+02
    endloop
  endfacet
  facet normal 6.029107e-01 7.978087e-01 -0.000000e+00
    outer loop
      vertex   -1.307633e+02 3.873457e+02 1.731848e+02
      vertex   -1.314318e+02 3.878509e+02 1.771848e+02
      vertex   -1.307633e+02 3.873457e+02 1.771848e+02
    endloop
  endfacet
  facet normal 5.803928e-01 8.143366e-01 -0.000000e+00
    outer loop
      vertex   -1.307633e+02 3.873457e+02 1.731848e+02
      vertex   -1.307633e+02 3.873457e+02 1.771848e+02
      vertex   -1.300809e+02 3.868594e+02 1.731848e+02
    endloop
  endfacet
  facet normal 5.803928e-01 8.143366e-01 -0.000000e+00
    outer loop
      vertex   -1.300809e+02 3.868594e+02 1.731848e+02
      vertex   -1.307633e+02 3.873457e+02 1.771848e+02
      vertex   -1.300809e+02 3.868594e+02 1.771848e+02
    endloop
  endfacet
  facet normal 5.574222e-01 8.302292e-01 -0.000000e+00
    outer loop
      vertex   -1.300809e+02 3.868594e+02 1.731848e+02
      vertex   -1.300809e+02 3.868594e+02 1.771848e+02
      vertex   -1.293852e+02 3.863923e+02 1.731848e+02
    endloop
  endfacet
  facet normal 5.574222e-01 8.302292e-01 -0.000000e+00
    outer loop
      vertex   -1.293852e+02 3.863923e+02 1.731848e+02
      vertex   -1.300809e+02 3.868594e+02 1.771848e+02
      vertex   -1.293852e+02 3.863923e+02 1.771848e+02
    endloop
  endfacet
  facet normal 5.802212e-01 8.144589e-01 -0.000000e+00
    outer loop
      vertex   -1.293852e+02 3.863923e+02 1.731848e+02
      vertex   -1.293852e+02 3.863923e+02 1.771848e+02
      vertex   -1.291306e+02 3.862109e+02 1.731848e+02
    endloop
  endfacet
  facet normal 5.802212e-01 8.144589e-01 -0.000000e+00
    outer loop
      vertex   -1.291306e+02 3.862109e+02 1.731848e+02
      vertex   -1.293852e+02 3.863923e+02 1.771848e+02
      vertex   -1.291306e+02 3.862109e+02 1.771848e+02
    endloop
  endfacet
  facet normal 6.460353e-01 7.633075e-01 -0.000000e+00
    outer loop
      vertex   -1.291306e+02 3.862109e+02 1.731848e+02
      vertex   -1.291306e+02 3.862109e+02 1.771848e+02
      vertex   -1.288920e+02 3.860090e+02 1.731848e+02
    endloop
  endfacet
  facet normal 6.460353e-01 7.633075e-01 -0.000000e+00
    outer loop
      vertex   -1.288920e+02 3.860090e+02 1.731848e+02
      vertex   -1.291306e+02 3.862109e+02 1.771848e+02
      vertex   -1.288920e+02 3.860090e+02 1.771848e+02
    endloop
  endfacet
  facet normal 7.073609e-01 7.068526e-01 -0.000000e+00
    outer loop
      vertex   -1.288920e+02 3.860090e+02 1.731848e+02
      vertex   -1.288920e+02 3.860090e+02 1.771848e+02
      vertex   -1.286710e+02 3.857878e+02 1.731848e+02
    endloop
  endfacet
  facet normal 7.073609e-01 7.068526e-01 -0.000000e+00
    outer loop
      vertex   -1.286710e+02 3.857878e+02 1.731848e+02
      vertex   -1.288920e+02 3.860090e+02 1.771848e+02
      vertex   -1.286710e+02 3.857878e+02 1.771848e+02
    endloop
  endfacet
  facet normal 7.637717e-01 6.454865e-01 -0.000000e+00
    outer loop
      vertex   -1.286710e+02 3.857878e+02 1.731848e+02
      vertex   -1.286710e+02 3.857878e+02 1.771848e+02
      vertex   -1.284693e+02 3.855491e+02 1.731848e+02
    endloop
  endfacet
  facet normal 7.637717e-01 6.454865e-01 -0.000000e+00
    outer loop
      vertex   -1.284693e+02 3.855491e+02 1.731848e+02
      vertex   -1.286710e+02 3.857878e+02 1.771848e+02
      vertex   -1.284693e+02 3.855491e+02 1.771848e+02
    endloop
  endfacet
  facet normal 8.148758e-01 5.796356e-01 -0.000000e+00
    outer loop
      vertex   -1.284693e+02 3.855491e+02 1.731848e+02
      vertex   -1.284693e+02 3.855491e+02 1.771848e+02
      vertex   -1.282881e+02 3.852944e+02 1.731848e+02
    endloop
  endfacet
  facet normal 8.148758e-01 5.796356e-01 -0.000000e+00
    outer loop
      vertex   -1.282881e+02 3.852944e+02 1.731848e+02
      vertex   -1.284693e+02 3.855491e+02 1.771848e+02
      vertex   -1.282881e+02 3.852944e+02 1.771848e+02
    endloop
  endfacet
  facet normal 8.603182e-01 5.097574e-01 -0.000000e+00
    outer loop
      vertex   -1.282881e+02 3.852944e+02 1.731848e+02
      vertex   -1.282881e+02 3.852944e+02 1.771848e+02
      vertex   -1.281288e+02 3.850255e+02 1.731848e+02
    endloop
  endfacet
  facet normal 8.603182e-01 5.097574e-01 -0.000000e+00
    outer loop
      vertex   -1.281288e+02 3.850255e+02 1.731848e+02
      vertex   -1.282881e+02 3.852944e+02 1.771848e+02
      vertex   -1.281288e+02 3.850255e+02 1.771848e+02
    endloop
  endfacet
  facet normal 8.997831e-01 4.363374e-01 -0.000000e+00
    outer loop
      vertex   -1.281288e+02 3.850255e+02 1.731848e+02
      vertex   -1.281288e+02 3.850255e+02 1.771848e+02
      vertex   -1.279924e+02 3.847442e+02 1.731848e+02
    endloop
  endfacet
  facet normal 8.997831e-01 4.363374e-01 -0.000000e+00
    outer loop
      vertex   -1.279924e+02 3.847442e+02 1.731848e+02
      vertex   -1.281288e+02 3.850255e+02 1.771848e+02
      vertex   -1.279924e+02 3.847442e+02 1.771848e+02
    endloop
  endfacet
  facet normal 9.329964e-01 3.598858e-01 -0.000000e+00
    outer loop
      vertex   -1.279924e+02 3.847442e+02 1.731848e+02
      vertex   -1.279924e+02 3.847442e+02 1.771848e+02
      vertex   -1.278799e+02 3.844526e+02 1.731848e+02
    endloop
  endfacet
  facet normal 9.329964e-01 3.598858e-01 -0.000000e+00
    outer loop
      vertex   -1.278799e+02 3.844526e+02 1.731848e+02
      vertex   -1.279924e+02 3.847442e+02 1.771848e+02
      vertex   -1.278799e+02 3.844526e+02 1.771848e+02
    endloop
  endfacet
  facet normal 9.254127e-01 3.789609e-01 -0.000000e+00
    outer loop
      vertex   -1.278799e+02 3.844526e+02 1.731848e+02
      vertex   -1.278799e+02 3.844526e+02 1.771848e+02
      vertex   -1.277856e+02 3.842224e+02 1.731848e+02
    endloop
  endfacet
  facet normal 9.254127e-01 3.789609e-01 -0.000000e+00
    outer loop
      vertex   -1.277856e+02 3.842224e+02 1.731848e+02
      vertex   -1.278799e+02 3.844526e+02 1.771848e+02
      vertex   -1.277856e+02 3.842224e+02 1.771848e+02
    endloop
  endfacet
  facet normal 8.712234e-01 4.908867e-01 -0.000000e+00
    outer loop
      vertex   -1.277856e+02 3.842224e+02 1.731848e+02
      vertex   -1.277856e+02 3.842224e+02 1.771848e+02
      vertex   -1.276635e+02 3.840058e+02 1.731848e+02
    endloop
  endfacet
  facet normal 8.712234e-01 4.908867e-01 -0.000000e+00
    outer loop
      vertex   -1.276635e+02 3.840058e+02 1.731848e+02
      vertex   -1.277856e+02 3.842224e+02 1.771848e+02
      vertex   -1.276635e+02 3.840058e+02 1.771848e+02
    endloop
  endfacet
  facet normal 8.035617e-01 5.952214e-01 -0.000000e+00
    outer loop
      vertex   -1.276635e+02 3.840058e+02 1.731848e+02
      vertex   -1.276635e+02 3.840058e+02 1.771848e+02
      vertex   -1.275155e+02 3.838059e+02 1.731848e+02
    endloop
  endfacet
  facet normal 8.035617e-01 5.952214e-01 -0.000000e+00
    outer loop
      vertex   -1.275155e+02 3.838059e+02 1.731848e+02
      vertex   -1.276635e+02 3.840058e+02 1.771848e+02
      vertex   -1.275155e+02 3.838059e+02 1.771848e+02
    endloop
  endfacet
  facet normal 7.234738e-01 6.903518e-01 -0.000000e+00
    outer loop
      vertex   -1.275155e+02 3.838059e+02 1.731848e+02
      vertex   -1.275155e+02 3.838059e+02 1.771848e+02
      vertex   -1.273438e+02 3.836260e+02 1.731848e+02
    endloop
  endfacet
  facet normal 7.234738e-01 6.903518e-01 -0.000000e+00
    outer loop
      vertex   -1.273438e+02 3.836260e+02 1.731848e+02
      vertex   -1.275155e+02 3.838059e+02 1.771848e+02
      vertex   -1.273438e+02 3.836260e+02 1.771848e+02
    endloop
  endfacet
  facet normal 6.321982e-01 7.748067e-01 -0.000000e+00
    outer loop
      vertex   -1.273438e+02 3.836260e+02 1.731848e+02
      vertex   -1.273438e+02 3.836260e+02 1.771848e+02
      vertex   -1.271511e+02 3.834687e+02 1.731848e+02
    endloop
  endfacet
  facet normal 6.321982e-01 7.748067e-01 -0.000000e+00
    outer loop
      vertex   -1.271511e+02 3.834687e+02 1.731848e+02
      vertex   -1.273438e+02 3.836260e+02 1.771848e+02
      vertex   -1.271511e+02 3.834687e+02 1.771848e+02
    endloop
  endfacet
  facet normal 5.311464e-01 8.472800e-01 -0.000000e+00
    outer loop
      vertex   -1.271511e+02 3.834687e+02 1.731848e+02
      vertex   -1.271511e+02 3.834687e+02 1.771848e+02
      vertex   -1.269404e+02 3.833366e+02 1.731848e+02
    endloop
  endfacet
  facet normal 5.311464e-01 8.472800e-01 -0.000000e+00
    outer loop
      vertex   -1.269404e+02 3.833366e+02 1.731848e+02
      vertex   -1.271511e+02 3.834687e+02 1.771848e+02
      vertex   -1.269404e+02 3.833366e+02 1.771848e+02
    endloop
  endfacet
  facet normal 4.218811e-01 9.066512e-01 -0.000000e+00
    outer loop
      vertex   -1.269404e+02 3.833366e+02 1.731848e+02
      vertex   -1.269404e+02 3.833366e+02 1.771848e+02
      vertex   -1.267149e+02 3.832317e+02 1.731848e+02
    endloop
  endfacet
  facet normal 4.218811e-01 9.066512e-01 -0.000000e+00
    outer loop
      vertex   -1.267149e+02 3.832317e+02 1.731848e+02
      vertex   -1.269404e+02 3.833366e+02 1.771848e+02
      vertex   -1.267149e+02 3.832317e+02 1.771848e+02
    endloop
  endfacet
  facet normal 3.060918e-01 9.520020e-01 -0.000000e+00
    outer loop
      vertex   -1.267149e+02 3.832317e+02 1.731848e+02
      vertex   -1.267149e+02 3.832317e+02 1.771848e+02
      vertex   -1.264781e+02 3.831556e+02 1.731848e+02
    endloop
  endfacet
  facet normal 3.060918e-01 9.520020e-01 -0.000000e+00
    outer loop
      vertex   -1.264781e+02 3.831556e+02 1.731848e+02
      vertex   -1.267149e+02 3.832317e+02 1.771848e+02
      vertex   -1.264781e+02 3.831556e+02 1.771848e+02
    endloop
  endfacet
  facet normal 1.855691e-01 9.826312e-01 -0.000000e+00
    outer loop
      vertex   -1.264781e+02 3.831556e+02 1.731848e+02
      vertex   -1.264781e+02 3.831556e+02 1.771848e+02
      vertex   -1.262337e+02 3.831094e+02 1.731848e+02
    endloop
  endfacet
  facet normal 1.855691e-01 9.826312e-01 -0.000000e+00
    outer loop
      vertex   -1.262337e+02 3.831094e+02 1.731848e+02
      vertex   -1.264781e+02 3.831556e+02 1.771848e+02
      vertex   -1.262337e+02 3.831094e+02 1.771848e+02
    endloop
  endfacet
  facet normal 6.217688e-02 9.980651e-01 -0.000000e+00
    outer loop
      vertex   -1.262337e+02 3.831094e+02 1.731848e+02
      vertex   -1.262337e+02 3.831094e+02 1.771848e+02
      vertex   -1.259855e+02 3.830940e+02 1.731848e+02
    endloop
  endfacet
  facet normal 6.217688e-02 9.980651e-01 -0.000000e+00
    outer loop
      vertex   -1.259855e+02 3.830940e+02 1.731848e+02
      vertex   -1.262337e+02 3.831094e+02 1.771848e+02
      vertex   -1.259855e+02 3.830940e+02 1.771848e+02
    endloop
  endfacet
  facet normal -6.217688e-02 9.980651e-01 0.000000e+00
    outer loop
      vertex   -1.259855e+02 3.830940e+02 1.731848e+02
      vertex   -1.259855e+02 3.830940e+02 1.771848e+02
      vertex   -1.257373e+02 3.831094e+02 1.731848e+02
    endloop
  endfacet
  facet normal -6.217688e-02 9.980651e-01 0.000000e+00
    outer loop
      vertex   -1.257373e+02 3.831094e+02 1.731848e+02
      vertex   -1.259855e+02 3.830940e+02 1.771848e+02
      vertex   -1.257373e+02 3.831094e+02 1.771848e+02
    endloop
  endfacet
  facet normal -1.855691e-01 9.826312e-01 0.000000e+00
    outer loop
      vertex   -1.257373e+02 3.831094e+02 1.731848e+02
      vertex   -1.257373e+02 3.831094e+02 1.771848e+02
      vertex   -1.254929e+02 3.831556e+02 1.731848e+02
    endloop
  endfacet
  facet normal -1.855691e-01 9.826312e-01 0.000000e+00
    outer loop
      vertex   -1.254929e+02 3.831556e+02 1.731848e+02
      vertex   -1.257373e+02 3.831094e+02 1.771848e+02
      vertex   -1.254929e+02 3.831556e+02 1.771848e+02
    endloop
  endfacet
  facet normal -3.060918e-01 9.520020e-01 0.000000e+00
    outer loop
      vertex   -1.254929e+02 3.831556e+02 1.731848e+02
      vertex   -1.254929e+02 3.831556e+02 1.771848e+02
      vertex   -1.252561e+02 3.832317e+02 1.731848e+02
    endloop
  endfacet
  facet normal -3.060918e-01 9.520020e-01 0.000000e+00
    outer loop
      vertex   -1.252561e+02 3.832317e+02 1.731848e+02
      vertex   -1.254929e+02 3.831556e+02 1.771848e+02
      vertex   -1.252561e+02 3.832317e+02 1.771848e+02
    endloop
  endfacet
  facet normal -4.218811e-01 9.066512e-01 0.000000e+00
    outer loop
      vertex   -1.252561e+02 3.832317e+02 1.731848e+02
      vertex   -1.252561e+02 3.832317e+02 1.771848e+02
      vertex   -1.250306e+02 3.833366e+02 1.731848e+02
    endloop
  endfacet
  facet normal -4.218811e-01 9.066512e-01 0.000000e+00
    outer loop
      vertex   -1.250306e+02 3.833366e+02 1.731848e+02
      vertex   -1.252561e+02 3.832317e+02 1.771848e+02
      vertex   -1.250306e+02 3.833366e+02 1.771848e+02
    endloop
  endfacet
  facet normal -5.311464e-01 8.472800e-01 0.000000e+00
    outer loop
      vertex   -1.250306e+02 3.833366e+02 1.731848e+02
      vertex   -1.250306e+02 3.833366e+02 1.771848e+02
      vertex   -1.248199e+02 3.834687e+02 1.731848e+02
    endloop
  endfacet
  facet normal -5.311464e-01 8.472800e-01 0.000000e+00
    outer loop
      vertex   -1.248199e+02 3.834687e+02 1.731848e+02
      vertex   -1.250306e+02 3.833366e+02 1.771848e+02
      vertex   -1.248199e+02 3.834687e+02 1.771848e+02
    endloop
  endfacet
  facet normal -6.321982e-01 7.748067e-01 0.000000e+00
    outer loop
      vertex   -1.248199e+02 3.834687e+02 1.731848e+02
      vertex   -1.248199e+02 3.834687e+02 1.771848e+02
      vertex   -1.246272e+02 3.836260e+02 1.731848e+02
    endloop
  endfacet
  facet normal -6.321982e-01 7.748067e-01 0.000000e+00
    outer loop
      vertex   -1.246272e+02 3.836260e+02 1.731848e+02
      vertex   -1.248199e+02 3.834687e+02 1.771848e+02
      vertex   -1.246272e+02 3.836260e+02 1.771848e+02
    endloop
  endfacet
  facet normal -7.234738e-01 6.903518e-01 0.000000e+00
    outer loop
      vertex   -1.246272e+02 3.836260e+02 1.731848e+02
      vertex   -1.246272e+02 3.836260e+02 1.771848e+02
      vertex   -1.244555e+02 3.838059e+02 1.731848e+02
    endloop
  endfacet
  facet normal -7.234738e-01 6.903518e-01 0.000000e+00
    outer loop
      vertex   -1.244555e+02 3.838059e+02 1.731848e+02
      vertex   -1.246272e+02 3.836260e+02 1.771848e+02
      vertex   -1.244555e+02 3.838059e+02 1.771848e+02
    endloop
  endfacet
  facet normal -8.035617e-01 5.952214e-01 0.000000e+00
    outer loop
      vertex   -1.244555e+02 3.838059e+02 1.731848e+02
      vertex   -1.244555e+02 3.838059e+02 1.771848e+02
      vertex   -1.243075e+02 3.840058e+02 1.731848e+02
    endloop
  endfacet
  facet normal -8.035617e-01 5.952214e-01 0.000000e+00
    outer loop
      vertex   -1.243075e+02 3.840058e+02 1.731848e+02
      vertex   -1.244555e+02 3.838059e+02 1.771848e+02
      vertex   -1.243075e+02 3.840058e+02 1.771848e+02
    endloop
  endfacet
  facet normal -8.712234e-01 4.908867e-01 0.000000e+00
    outer loop
      vertex   -1.243075e+02 3.840058e+02 1.731848e+02
      vertex   -1.243075e+02 3.840058e+02 1.771848e+02
      vertex   -1.241854e+02 3.842224e+02 1.731848e+02
    endloop
  endfacet
  facet normal -8.712234e-01 4.908867e-01 0.000000e+00
    outer loop
      vertex   -1.241854e+02 3.842224e+02 1.731848e+02
      vertex   -1.243075e+02 3.840058e+02 1.771848e+02
      vertex   -1.241854e+02 3.842224e+02 1.771848e+02
    endloop
  endfacet
  facet normal -9.254127e-01 3.789609e-01 0.000000e+00
    outer loop
      vertex   -1.241854e+02 3.842224e+02 1.731848e+02
      vertex   -1.241854e+02 3.842224e+02 1.771848e+02
      vertex   -1.240911e+02 3.844526e+02 1.731848e+02
    endloop
  endfacet
  facet normal -9.254127e-01 3.789609e-01 0.000000e+00
    outer loop
      vertex   -1.240911e+02 3.844526e+02 1.731848e+02
      vertex   -1.241854e+02 3.842224e+02 1.771848e+02
      vertex   -1.240911e+02 3.844526e+02 1.771848e+02
    endloop
  endfacet
  facet normal -4.442609e-02 9.990127e-01 0.000000e+00
    outer loop
      vertex   -1.205392e+02 3.870000e+02 1.771848e+02
      vertex   -1.205392e+02 3.870000e+02 1.731848e+02
      vertex   -1.208721e+02 3.869852e+02 1.771848e+02
    endloop
  endfacet
  facet normal -4.442609e-02 9.990127e-01 0.000000e+00
    outer loop
      vertex   -1.208721e+02 3.869852e+02 1.771848e+02
      vertex   -1.205392e+02 3.870000e+02 1.731848e+02
      vertex   -1.208721e+02 3.869852e+02 1.731848e+02
    endloop
  endfacet
  facet normal -1.329276e-01 9.911258e-01 0.000000e+00
    outer loop
      vertex   -1.208721e+02 3.869852e+02 1.771848e+02
      vertex   -1.208721e+02 3.869852e+02 1.731848e+02
      vertex   -1.212023e+02 3.869409e+02 1.771848e+02
    endloop
  endfacet
  facet normal -1.329276e-01 9.911258e-01 0.000000e+00
    outer loop
      vertex   -1.212023e+02 3.869409e+02 1.771848e+02
      vertex   -1.208721e+02 3.869852e+02 1.731848e+02
      vertex   -1.212023e+02 3.869409e+02 1.731848e+02
    endloop
  endfacet
  facet normal -2.203796e-01 9.754142e-01 0.000000e+00
    outer loop
      vertex   -1.212023e+02 3.869409e+02 1.771848e+02
      vertex   -1.212023e+02 3.869409e+02 1.731848e+02
      vertex   -1.215273e+02 3.868675e+02 1.771848e+02
    endloop
  endfacet
  facet normal -2.203796e-01 9.754142e-01 0.000000e+00
    outer loop
      vertex   -1.215273e+02 3.868675e+02 1.771848e+02
      vertex   -1.212023e+02 3.869409e+02 1.731848e+02
      vertex   -1.215273e+02 3.868675e+02 1.731848e+02
    endloop
  endfacet
  facet normal -3.060918e-01 9.520020e-01 0.000000e+00
    outer loop
      vertex   -1.215273e+02 3.868675e+02 1.771848e+02
      vertex   -1.215273e+02 3.868675e+02 1.731848e+02
      vertex   -1.218445e+02 3.867655e+02 1.771848e+02
    endloop
  endfacet
  facet normal -3.060918e-01 9.520020e-01 0.000000e+00
    outer loop
      vertex   -1.218445e+02 3.867655e+02 1.771848e+02
      vertex   -1.215273e+02 3.868675e+02 1.731848e+02
      vertex   -1.218445e+02 3.867655e+02 1.731848e+02
    endloop
  endfacet
  facet normal -3.893875e-01 9.210740e-01 0.000000e+00
    outer loop
      vertex   -1.218445e+02 3.867655e+02 1.771848e+02
      vertex   -1.218445e+02 3.867655e+02 1.731848e+02
      vertex   -1.221514e+02 3.866358e+02 1.771848e+02
    endloop
  endfacet
  facet normal -3.893875e-01 9.210740e-01 0.000000e+00
    outer loop
      vertex   -1.221514e+02 3.866358e+02 1.771848e+02
      vertex   -1.218445e+02 3.867655e+02 1.731848e+02
      vertex   -1.221514e+02 3.866358e+02 1.731848e+02
    endloop
  endfacet
  facet normal -4.696091e-01 8.828745e-01 0.000000e+00
    outer loop
      vertex   -1.221514e+02 3.866358e+02 1.771848e+02
      vertex   -1.221514e+02 3.866358e+02 1.731848e+02
      vertex   -1.224456e+02 3.864793e+02 1.771848e+02
    endloop
  endfacet
  facet normal -4.696091e-01 8.828745e-01 0.000000e+00
    outer loop
      vertex   -1.224456e+02 3.864793e+02 1.771848e+02
      vertex   -1.221514e+02 3.866358e+02 1.731848e+02
      vertex   -1.224456e+02 3.864793e+02 1.731848e+02
    endloop
  endfacet
  facet normal -5.461232e-01 8.377049e-01 0.000000e+00
    outer loop
      vertex   -1.224456e+02 3.864793e+02 1.771848e+02
      vertex   -1.224456e+02 3.864793e+02 1.731848e+02
      vertex   -1.227247e+02 3.862973e+02 1.771848e+02
    endloop
  endfacet
  facet normal -5.461232e-01 8.377049e-01 0.000000e+00
    outer loop
      vertex   -1.227247e+02 3.862973e+02 1.771848e+02
      vertex   -1.224456e+02 3.864793e+02 1.731848e+02
      vertex   -1.227247e+02 3.862973e+02 1.731848e+02
    endloop
  endfacet
  facet normal -6.183259e-01 7.859218e-01 0.000000e+00
    outer loop
      vertex   -1.227247e+02 3.862973e+02 1.771848e+02
      vertex   -1.227247e+02 3.862973e+02 1.731848e+02
      vertex   -1.229866e+02 3.860913e+02 1.771848e+02
    endloop
  endfacet
  facet normal -6.183259e-01 7.859218e-01 0.000000e+00
    outer loop
      vertex   -1.229866e+02 3.860913e+02 1.771848e+02
      vertex   -1.227247e+02 3.862973e+02 1.731848e+02
      vertex   -1.229866e+02 3.860913e+02 1.731848e+02
    endloop
  endfacet
  facet normal -6.856471e-01 7.279341e-01 0.000000e+00
    outer loop
      vertex   -1.229866e+02 3.860913e+02 1.771848e+02
      vertex   -1.229866e+02 3.860913e+02 1.731848e+02
      vertex   -1.232291e+02 3.858628e+02 1.771848e+02
    endloop
  endfacet
  facet normal -6.856471e-01 7.279341e-01 0.000000e+00
    outer loop
      vertex   -1.232291e+02 3.858628e+02 1.771848e+02
      vertex   -1.229866e+02 3.860913e+02 1.731848e+02
      vertex   -1.232291e+02 3.858628e+02 1.731848e+02
    endloop
  endfacet
  facet normal -7.475553e-01 6.641996e-01 0.000000e+00
    outer loop
      vertex   -1.232291e+02 3.858628e+02 1.771848e+02
      vertex   -1.232291e+02 3.858628e+02 1.731848e+02
      vertex   -1.234504e+02 3.856138e+02 1.771848e+02
    endloop
  endfacet
  facet normal -7.475553e-01 6.641996e-01 0.000000e+00
    outer loop
      vertex   -1.234504e+02 3.856138e+02 1.771848e+02
      vertex   -1.232291e+02 3.858628e+02 1.731848e+02
      vertex   -1.234504e+02 3.856138e+02 1.731848e+02
    endloop
  endfacet
  facet normal -8.035617e-01 5.952214e-01 0.000000e+00
    outer loop
      vertex   -1.234504e+02 3.856138e+02 1.771848e+02
      vertex   -1.234504e+02 3.856138e+02 1.731848e+02
      vertex   -1.236487e+02 3.853460e+02 1.771848e+02
    endloop
  endfacet
  facet normal -8.035617e-01 5.952214e-01 0.000000e+00
    outer loop
      vertex   -1.236487e+02 3.853460e+02 1.771848e+02
      vertex   -1.234504e+02 3.856138e+02 1.731848e+02
      vertex   -1.236487e+02 3.853460e+02 1.731848e+02
    endloop
  endfacet
  facet normal -8.532243e-01 5.215442e-01 0.000000e+00
    outer loop
      vertex   -1.236487e+02 3.853460e+02 1.771848e+02
      vertex   -1.236487e+02 3.853460e+02 1.731848e+02
      vertex   -1.238225e+02 3.850617e+02 1.771848e+02
    endloop
  endfacet
  facet normal -8.532243e-01 5.215442e-01 0.000000e+00
    outer loop
      vertex   -1.238225e+02 3.850617e+02 1.771848e+02
      vertex   -1.236487e+02 3.853460e+02 1.731848e+02
      vertex   -1.238225e+02 3.850617e+02 1.731848e+02
    endloop
  endfacet
  facet normal -8.961509e-01 4.437495e-01 0.000000e+00
    outer loop
      vertex   -1.238225e+02 3.850617e+02 1.771848e+02
      vertex   -1.238225e+02 3.850617e+02 1.731848e+02
      vertex   -1.239704e+02 3.847631e+02 1.771848e+02
    endloop
  endfacet
  facet normal -8.961509e-01 4.437495e-01 0.000000e+00
    outer loop
      vertex   -1.239704e+02 3.847631e+02 1.771848e+02
      vertex   -1.238225e+02 3.850617e+02 1.731848e+02
      vertex   -1.239704e+02 3.847631e+02 1.731848e+02
    endloop
  endfacet
  facet normal -9.320026e-01 3.624515e-01 0.000000e+00
    outer loop
      vertex   -1.239704e+02 3.847631e+02 1.771848e+02
      vertex   -1.239704e+02 3.847631e+02 1.731848e+02
      vertex   -1.240911e+02 3.844526e+02 1.771848e+02
    endloop
  endfacet
  facet normal -9.320026e-01 3.624515e-01 0.000000e+00
    outer loop
      vertex   -1.240911e+02 3.844526e+02 1.771848e+02
      vertex   -1.239704e+02 3.847631e+02 1.731848e+02
      vertex   -1.240911e+02 3.844526e+02 1.731848e+02
    endloop
  endfacet
  facet normal 1.000000e+00 0.000000e+00 0.000000e+00
    outer loop
      vertex   -9.760000e+01 3.820000e+02 1.731848e+02
      vertex   -9.760000e+01 3.840000e+02 1.731848e+02
      vertex   -9.760000e+01 3.820000e+02 1.771848e+02
    endloop
  endfacet
  facet normal 1.000000e+00 -0.000000e+00 0.000000e+00
    outer loop
      vertex   -9.760000e+01 3.820000e+02 1.771848e+02
      vertex   -9.760000e+01 3.840000e+02 1.731848e+02
      vertex   -9.760000e+01 3.840000e+02 1.771848e+02
    endloop
  endfacet
  facet normal -9.976688e-01 6.824241e-02 0.000000e+00
    outer loop
      vertex   -9.440000e+01 3.820000e+02 1.771848e+02
      vertex   -9.440000e+01 3.820000e+02 1.731848e+02
      vertex   -9.441490e+01 3.817821e+02 1.771848e+02
    endloop
  endfacet
  facet normal -9.976688e-01 6.824241e-02 0.000000e+00
    outer loop
      vertex   -9.441490e+01 3.817821e+02 1.771848e+02
      vertex   -9.440000e+01 3.820000e+02 1.731848e+02
      vertex   -9.441490e+01 3.817821e+02 1.731848e+02
    endloop
  endfacet
  facet normal -9.790841e-01 2.034560e-01 0.000000e+00
    outer loop
      vertex   -9.441490e+01 3.817821e+02 1.771848e+02
      vertex   -9.441490e+01 3.817821e+02 1.731848e+02
      vertex   -9.445933e+01 3.815683e+02 1.771848e+02
    endloop
  endfacet
  facet normal -9.790841e-01 2.034560e-01 0.000000e+00
    outer loop
      vertex   -9.445933e+01 3.815683e+02 1.771848e+02
      vertex   -9.441490e+01 3.817821e+02 1.731848e+02
      vertex   -9.445933e+01 3.815683e+02 1.731848e+02
    endloop
  endfacet
  facet normal -9.422609e-01 3.348796e-01 0.000000e+00
    outer loop
      vertex   -9.445933e+01 3.815683e+02 1.771848e+02
      vertex   -9.445933e+01 3.815683e+02 1.731848e+02
      vertex   -9.453246e+01 3.813626e+02 1.771848e+02
    endloop
  endfacet
  facet normal -9.422609e-01 3.348796e-01 0.000000e+00
    outer loop
      vertex   -9.453246e+01 3.813626e+02 1.771848e+02
      vertex   -9.445933e+01 3.815683e+02 1.731848e+02
      vertex   -9.453246e+01 3.813626e+02 1.731848e+02
    endloop
  endfacet
  facet normal -8.878852e-01 4.600650e-01 0.000000e+00
    outer loop
      vertex   -9.453246e+01 3.813626e+02 1.771848e+02
      vertex   -9.453246e+01 3.813626e+02 1.731848e+02
      vertex   -9.463293e+01 3.811687e+02 1.771848e+02
    endloop
  endfacet
  facet normal -8.878852e-01 4.600650e-01 0.000000e+00
    outer loop
      vertex   -9.463293e+01 3.811687e+02 1.771848e+02
      vertex   -9.453246e+01 3.813626e+02 1.731848e+02
      vertex   -9.463293e+01 3.811687e+02 1.731848e+02
    endloop
  endfacet
  facet normal -8.169699e-01 5.766803e-01 0.000000e+00
    outer loop
      vertex   -9.463293e+01 3.811687e+02 1.771848e+02
      vertex   -9.463293e+01 3.811687e+02 1.731848e+02
      vertex   -9.475886e+01 3.809903e+02 1.771848e+02
    endloop
  endfacet
  facet normal -8.169699e-01 5.766803e-01 0.000000e+00
    outer loop
      vertex   -9.475886e+01 3.809903e+02 1.771848e+02
      vertex   -9.463293e+01 3.811687e+02 1.731848e+02
      vertex   -9.475886e+01 3.809903e+02 1.731848e+02
    endloop
  endfacet
  facet normal -7.308360e-01 6.825531e-01 0.000000e+00
    outer loop
      vertex   -9.475886e+01 3.809903e+02 1.771848e+02
      vertex   -9.475886e+01 3.809903e+02 1.731848e+02
      vertex   -9.490792e+01 3.808307e+02 1.771848e+02
    endloop
  endfacet
  facet normal -7.308360e-01 6.825531e-01 0.000000e+00
    outer loop
      vertex   -9.490792e+01 3.808307e+02 1.771848e+02
      vertex   -9.475886e+01 3.809903e+02 1.731848e+02
      vertex   -9.490792e+01 3.808307e+02 1.731848e+02
    endloop
  endfacet
  facet normal -6.310879e-01 7.757113e-01 0.000000e+00
    outer loop
      vertex   -9.490792e+01 3.808307e+02 1.771848e+02
      vertex   -9.490792e+01 3.808307e+02 1.731848e+02
      vertex   -9.507731e+01 3.806929e+02 1.771848e+02
    endloop
  endfacet
  facet normal -6.310879e-01 7.757113e-01 0.000000e+00
    outer loop
      vertex   -9.507731e+01 3.806929e+02 1.771848e+02
      vertex   -9.490792e+01 3.808307e+02 1.731848e+02
      vertex   -9.507731e+01 3.806929e+02 1.731848e+02
    endloop
  endfacet
  facet normal -5.195840e-01 8.544194e-01 0.000000e+00
    outer loop
      vertex   -9.507731e+01 3.806929e+02 1.771848e+02
      vertex   -9.507731e+01 3.806929e+02 1.731848e+02
      vertex   -9.526390e+01 3.805794e+02 1.771848e+02
    endloop
  endfacet
  facet normal -5.195840e-01 8.544194e-01 0.000000e+00
    outer loop
      vertex   -9.526390e+01 3.805794e+02 1.771848e+02
      vertex   -9.507731e+01 3.806929e+02 1.731848e+02
      vertex   -9.526390e+01 3.805794e+02 1.731848e+02
    endloop
  endfacet
  facet normal -3.984011e-01 9.172113e-01 0.000000e+00
    outer loop
      vertex   -9.526390e+01 3.805794e+02 1.771848e+02
      vertex   -9.526390e+01 3.805794e+02 1.731848e+02
      vertex   -9.546419e+01 3.804924e+02 1.771848e+02
    endloop
  endfacet
  facet normal -3.984011e-01 9.172113e-01 0.000000e+00
    outer loop
      vertex   -9.546419e+01 3.804924e+02 1.771848e+02
      vertex   -9.526390e+01 3.805794e+02 1.731848e+02
      vertex   -9.546419e+01 3.804924e+02 1.731848e+02
    endloop
  endfacet
  facet normal -2.697968e-01 9.629173e-01 0.000000e+00
    outer loop
      vertex   -9.546419e+01 3.804924e+02 1.771848e+02
      vertex   -9.546419e+01 3.804924e+02 1.731848e+02
      vertex   -9.567447e+01 3.804335e+02 1.771848e+02
    endloop
  endfacet
  facet normal -2.697968e-01 9.629173e-01 0.000000e+00
    outer loop
      vertex   -9.567447e+01 3.804335e+02 1.771848e+02
      vertex   -9.546419e+01 3.804924e+02 1.731848e+02
      vertex   -9.567447e+01 3.804335e+02 1.731848e+02
    endloop
  endfacet
  facet normal -1.361666e-01 9.906859e-01 0.000000e+00
    outer loop
      vertex   -9.567447e+01 3.804335e+02 1.771848e+02
      vertex   -9.567447e+01 3.804335e+02 1.731848e+02
      vertex   -9.589081e+01 3.804037e+02 1.771848e+02
    endloop
  endfacet
  facet normal -1.361666e-01 9.906859e-01 0.000000e+00
    outer loop
      vertex   -9.589081e+01 3.804037e+02 1.771848e+02
      vertex   -9.567447e+01 3.804335e+02 1.731848e+02
      vertex   -9.589081e+01 3.804037e+02 1.731848e+02
    endloop
  endfacet
  facet normal 0.000000e+00 1.000000e+00 0.000000e+00
    outer loop
      vertex   -9.589081e+01 3.804037e+02 1.771848e+02
      vertex   -9.589081e+01 3.804037e+02 1.731848e+02
      vertex   -9.610919e+01 3.804037e+02 1.771848e+02
    endloop
  endfacet
  facet normal 0.000000e+00 1.000000e+00 0.000000e+00
    outer loop
      vertex   -9.610919e+01 3.804037e+02 1.771848e+02
      vertex   -9.589081e+01 3.804037e+02 1.731848e+02
      vertex   -9.610919e+01 3.804037e+02 1.731848e+02
    endloop
  endfacet
  facet normal 1.361666e-01 9.906859e-01 0.000000e+00
    outer loop
      vertex   -9.610919e+01 3.804037e+02 1.771848e+02
      vertex   -9.610919e+01 3.804037e+02 1.731848e+02
      vertex   -9.632553e+01 3.804335e+02 1.771848e+02
    endloop
  endfacet
  facet normal 1.361666e-01 9.906859e-01 0.000000e+00
    outer loop
      vertex   -9.632553e+01 3.804335e+02 1.771848e+02
      vertex   -9.610919e+01 3.804037e+02 1.731848e+02
      vertex   -9.632553e+01 3.804335e+02 1.731848e+02
    endloop
  endfacet
  facet normal 2.697968e-01 9.629173e-01 0.000000e+00
    outer loop
      vertex   -9.632553e+01 3.804335e+02 1.771848e+02
      vertex   -9.632553e+01 3.804335e+02 1.731848e+02
      vertex   -9.653581e+01 3.804924e+02 1.771848e+02
    endloop
  endfacet
  facet normal 2.697968e-01 9.629173e-01 0.000000e+00
    outer loop
      vertex   -9.653581e+01 3.804924e+02 1.771848e+02
      vertex   -9.632553e+01 3.804335e+02 1.731848e+02
      vertex   -9.653581e+01 3.804924e+02 1.731848e+02
    endloop
  endfacet
  facet normal 3.984011e-01 9.172113e-01 0.000000e+00
    outer loop
      vertex   -9.653581e+01 3.804924e+02 1.771848e+02
      vertex   -9.653581e+01 3.804924e+02 1.731848e+02
      vertex   -9.673611e+01 3.805794e+02 1.771848e+02
    endloop
  endfacet
  facet normal 3.984011e-01 9.172113e-01 0.000000e+00
    outer loop
      vertex   -9.673611e+01 3.805794e+02 1.771848e+02
      vertex   -9.653581e+01 3.804924e+02 1.731848e+02
      vertex   -9.673611e+01 3.805794e+02 1.731848e+02
    endloop
  endfacet
  facet normal 5.195840e-01 8.544194e-01 0.000000e+00
    outer loop
      vertex   -9.673611e+01 3.805794e+02 1.771848e+02
      vertex   -9.673611e+01 3.805794e+02 1.731848e+02
      vertex   -9.692269e+01 3.806929e+02 1.771848e+02
    endloop
  endfacet
  facet normal 5.195840e-01 8.544194e-01 0.000000e+00
    outer loop
      vertex   -9.692269e+01 3.806929e+02 1.771848e+02
      vertex   -9.673611e+01 3.805794e+02 1.731848e+02
      vertex   -9.692269e+01 3.806929e+02 1.731848e+02
    endloop
  endfacet
  facet normal 6.310879e-01 7.757113e-01 0.000000e+00
    outer loop
      vertex   -9.692269e+01 3.806929e+02 1.771848e+02
      vertex   -9.692269e+01 3.806929e+02 1.731848e+02
      vertex   -9.709209e+01 3.808307e+02 1.771848e+02
    endloop
  endfacet
  facet normal 6.310879e-01 7.757113e-01 0.000000e+00
    outer loop
      vertex   -9.709209e+01 3.808307e+02 1.771848e+02
      vertex   -9.692269e+01 3.806929e+02 1.731848e+02
      vertex   -9.709209e+01 3.808307e+02 1.731848e+02
    endloop
  endfacet
  facet normal 7.308360e-01 6.825531e-01 0.000000e+00
    outer loop
      vertex   -9.709209e+01 3.808307e+02 1.771848e+02
      vertex   -9.709209e+01 3.808307e+02 1.731848e+02
      vertex   -9.724114e+01 3.809903e+02 1.771848e+02
    endloop
  endfacet
  facet normal 7.308360e-01 6.825531e-01 0.000000e+00
    outer loop
      vertex   -9.724114e+01 3.809903e+02 1.771848e+02
      vertex   -9.709209e+01 3.808307e+02 1.731848e+02
      vertex   -9.724114e+01 3.809903e+02 1.731848e+02
    endloop
  endfacet
  facet normal 8.169699e-01 5.766803e-01 0.000000e+00
    outer loop
      vertex   -9.724114e+01 3.809903e+02 1.771848e+02
      vertex   -9.724114e+01 3.809903e+02 1.731848e+02
      vertex   -9.736707e+01 3.811687e+02 1.771848e+02
    endloop
  endfacet
  facet normal 8.169699e-01 5.766803e-01 0.000000e+00
    outer loop
      vertex   -9.736707e+01 3.811687e+02 1.771848e+02
      vertex   -9.724114e+01 3.809903e+02 1.731848e+02
      vertex   -9.736707e+01 3.811687e+02 1.731848e+02
    endloop
  endfacet
  facet normal 8.878852e-01 4.600650e-01 0.000000e+00
    outer loop
      vertex   -9.736707e+01 3.811687e+02 1.771848e+02
      vertex   -9.736707e+01 3.811687e+02 1.731848e+02
      vertex   -9.746754e+01 3.813626e+02 1.771848e+02
    endloop
  endfacet
  facet normal 8.878852e-01 4.600650e-01 0.000000e+00
    outer loop
      vertex   -9.746754e+01 3.813626e+02 1.771848e+02
      vertex   -9.736707e+01 3.811687e+02 1.731848e+02
      vertex   -9.746754e+01 3.813626e+02 1.731848e+02
    endloop
  endfacet
  facet normal 9.422609e-01 3.348796e-01 0.000000e+00
    outer loop
      vertex   -9.746754e+01 3.813626e+02 1.771848e+02
      vertex   -9.746754e+01 3.813626e+02 1.731848e+02
      vertex   -9.754067e+01 3.815683e+02 1.771848e+02
    endloop
  endfacet
  facet normal 9.422609e-01 3.348796e-01 0.000000e+00
    outer loop
      vertex   -9.754067e+01 3.815683e+02 1.771848e+02
      vertex   -9.746754e+01 3.813626e+02 1.731848e+02
      vertex   -9.754067e+01 3.815683e+02 1.731848e+02
    endloop
  endfacet
  facet normal 9.790841e-01 2.034560e-01 0.000000e+00
    outer loop
      vertex   -9.754067e+01 3.815683e+02 1.771848e+02
      vertex   -9.754067e+01 3.815683e+02 1.731848e+02
      vertex   -9.758510e+01 3.817821e+02 1.771848e+02
    endloop
  endfacet
  facet normal 9.790841e-01 2.034560e-01 0.000000e+00
    outer loop
      vertex   -9.758510e+01 3.817821e+02 1.771848e+02
      vertex   -9.754067e+01 3.815683e+02 1.731848e+02
      vertex   -9.758510e+01 3.817821e+02 1.731848e+02
    endloop
  endfacet
  facet normal 9.976688e-01 6.824241e-02 0.000000e+00
    outer loop
      vertex   -9.758510e+01 3.817821e+02 1.771848e+02
      vertex   -9.758510e+01 3.817821e+02 1.731848e+02
      vertex   -9.760000e+01 3.820000e+02 1.771848e+02
    endloop
  endfacet
  facet normal 9.976688e-01 6.824241e-02 0.000000e+00
    outer loop
      vertex   -9.760000e+01 3.820000e+02 1.771848e+02
      vertex   -9.758510e+01 3.817821e+02 1.731848e+02
      vertex   -9.760000e+01 3.820000e+02 1.731848e+02
    endloop
  endfacet
  facet normal -1.000000e+00 0.000000e+00 0.000000e+00
    outer loop
      vertex   -9.440000e+01 3.840000e+02 1.731848e+02
      vertex   -9.440000e+01 3.820000e+02 1.731848e+02
      vertex   -9.440000e+01 3.840000e+02 1.771848e+02
    endloop
  endfacet
  facet normal -1.000000e+00 -0.000000e+00 0.000000e+00
    outer loop
      vertex   -9.440000e+01 3.840000e+02 1.771848e+02
      vertex   -9.440000e+01 3.820000e+02 1.731848e+02
      vertex   -9.440000e+01 3.820000e+02 1.771848e+02
    endloop
  endfacet
  facet normal -9.976688e-01 -6.824241e-02 0.000000e+00
    outer loop
      vertex   -9.440000e+01 3.840000e+02 1.731848e+02
      vertex   -9.440000e+01 3.840000e+02 1.771848e+02
      vertex   -9.441490e+01 3.842179e+02 1.731848e+02
    endloop
  endfacet
  facet normal -9.976688e-01 -6.824241e-02 0.000000e+00
    outer loop
      vertex   -9.441490e+01 3.842179e+02 1.731848e+02
      vertex   -9.440000e+01 3.840000e+02 1.771848e+02
      vertex   -9.441490e+01 3.842179e+02 1.771848e+02
    endloop
  endfacet
  facet normal -9.790841e-01 -2.034560e-01 0.000000e+00
    outer loop
      vertex   -9.441490e+01 3.842179e+02 1.731848e+02
      vertex   -9.441490e+01 3.842179e+02 1.771848e+02
      vertex   -9.445933e+01 3.844317e+02 1.731848e+02
    endloop
  endfacet
  facet normal -9.790841e-01 -2.034560e-01 0.000000e+00
    outer loop
      vertex   -9.445933e+01 3.844317e+02 1.731848e+02
      vertex   -9.441490e+01 3.842179e+02 1.771848e+02
      vertex   -9.445933e+01 3.844317e+02 1.771848e+02
    endloop
  endfacet
  facet normal -9.422609e-01 -3.348796e-01 0.000000e+00
    outer loop
      vertex   -9.445933e+01 3.844317e+02 1.731848e+02
      vertex   -9.445933e+01 3.844317e+02 1.771848e+02
      vertex   -9.453246e+01 3.846374e+02 1.731848e+02
    endloop
  endfacet
  facet normal -9.422609e-01 -3.348796e-01 0.000000e+00
    outer loop
      vertex   -9.453246e+01 3.846374e+02 1.731848e+02
      vertex   -9.445933e+01 3.844317e+02 1.771848e+02
      vertex   -9.453246e+01 3.846374e+02 1.771848e+02
    endloop
  endfacet
  facet normal -8.878852e-01 -4.600650e-01 0.000000e+00
    outer loop
      vertex   -9.453246e+01 3.846374e+02 1.731848e+02
      vertex   -9.453246e+01 3.846374e+02 1.771848e+02
      vertex   -9.463293e+01 3.848313e+02 1.731848e+02
    endloop
  endfacet
  facet normal -8.878852e-01 -4.600650e-01 0.000000e+00
    outer loop
      vertex   -9.463293e+01 3.848313e+02 1.731848e+02
      vertex   -9.453246e+01 3.846374e+02 1.771848e+02
      vertex   -9.463293e+01 3.848313e+02 1.771848e+02
    endloop
  endfacet
  facet normal -8.169699e-01 -5.766803e-01 0.000000e+00
    outer loop
      vertex   -9.463293e+01 3.848313e+02 1.731848e+02
      vertex   -9.463293e+01 3.848313e+02 1.771848e+02
      vertex   -9.475886e+01 3.850097e+02 1.731848e+02
    endloop
  endfacet
  facet normal -8.169699e-01 -5.766803e-01 0.000000e+00
    outer loop
      vertex   -9.475886e+01 3.850097e+02 1.731848e+02
      vertex   -9.463293e+01 3.848313e+02 1.771848e+02
      vertex   -9.475886e+01 3.850097e+02 1.771848e+02
    endloop
  endfacet
  facet normal -7.308360e-01 -6.825531e-01 0.000000e+00
    outer loop
      vertex   -9.475886e+01 3.850097e+02 1.731848e+02
      vertex   -9.475886e+01 3.850097e+02 1.771848e+02
      vertex   -9.490792e+01 3.851693e+02 1.731848e+02
    endloop
  endfacet
  facet normal -7.308360e-01 -6.825531e-01 0.000000e+00
    outer loop
      vertex   -9.490792e+01 3.851693e+02 1.731848e+02
      vertex   -9.475886e+01 3.850097e+02 1.771848e+02
      vertex   -9.490792e+01 3.851693e+02 1.771848e+02
    endloop
  endfacet
  facet normal -6.310879e-01 -7.757113e-01 0.000000e+00
    outer loop
      vertex   -9.490792e+01 3.851693e+02 1.731848e+02
      vertex   -9.490792e+01 3.851693e+02 1.771848e+02
      vertex   -9.507731e+01 3.853072e+02 1.731848e+02
    endloop
  endfacet
  facet normal -6.310879e-01 -7.757113e-01 0.000000e+00
    outer loop
      vertex   -9.507731e+01 3.853072e+02 1.731848e+02
      vertex   -9.490792e+01 3.851693e+02 1.771848e+02
      vertex   -9.507731e+01 3.853072e+02 1.771848e+02
    endloop
  endfacet
  facet normal -5.195840e-01 -8.544194e-01 0.000000e+00
    outer loop
      vertex   -9.507731e+01 3.853072e+02 1.731848e+02
      vertex   -9.507731e+01 3.853072e+02 1.771848e+02
      vertex   -9.526390e+01 3.854206e+02 1.731848e+02
    endloop
  endfacet
  facet normal -5.195840e-01 -8.544194e-01 0.000000e+00
    outer loop
      vertex   -9.526390e+01 3.854206e+02 1.731848e+02
      vertex   -9.507731e+01 3.853072e+02 1.771848e+02
      vertex   -9.526390e+01 3.854206e+02 1.771848e+02
    endloop
  endfacet
  facet normal -3.984011e-01 -9.172113e-01 0.000000e+00
    outer loop
      vertex   -9.526390e+01 3.854206e+02 1.731848e+02
      vertex   -9.526390e+01 3.854206e+02 1.771848e+02
      vertex   -9.546419e+01 3.855076e+02 1.731848e+02
    endloop
  endfacet
  facet normal -3.984011e-01 -9.172113e-01 0.000000e+00
    outer loop
      vertex   -9.546419e+01 3.855076e+02 1.731848e+02
      vertex   -9.526390e+01 3.854206e+02 1.771848e+02
      vertex   -9.546419e+01 3.855076e+02 1.771848e+02
    endloop
  endfacet
  facet normal -2.697968e-01 -9.629173e-01 0.000000e+00
    outer loop
      vertex   -9.546419e+01 3.855076e+02 1.731848e+02
      vertex   -9.546419e+01 3.855076e+02 1.771848e+02
      vertex   -9.567447e+01 3.855665e+02 1.731848e+02
    endloop
  endfacet
  facet normal -2.697968e-01 -9.629173e-01 0.000000e+00
    outer loop
      vertex   -9.567447e+01 3.855665e+02 1.731848e+02
      vertex   -9.546419e+01 3.855076e+02 1.771848e+02
      vertex   -9.567447e+01 3.855665e+02 1.771848e+02
    endloop
  endfacet
  facet normal -1.361666e-01 -9.906859e-01 0.000000e+00
    outer loop
      vertex   -9.567447e+01 3.855665e+02 1.731848e+02
      vertex   -9.567447e+01 3.855665e+02 1.771848e+02
      vertex   -9.589081e+01 3.855963e+02 1.731848e+02
    endloop
  endfacet
  facet normal -1.361666e-01 -9.906859e-01 0.000000e+00
    outer loop
      vertex   -9.589081e+01 3.855963e+02 1.731848e+02
      vertex   -9.567447e+01 3.855665e+02 1.771848e+02
      vertex   -9.589081e+01 3.855963e+02 1.771848e+02
    endloop
  endfacet
  facet normal 0.000000e+00 -1.000000e+00 0.000000e+00
    outer loop
      vertex   -9.589081e+01 3.855963e+02 1.731848e+02
      vertex   -9.589081e+01 3.855963e+02 1.771848e+02
      vertex   -9.610919e+01 3.855963e+02 1.731848e+02
    endloop
  endfacet
  facet normal 0.000000e+00 -1.000000e+00 0.000000e+00
    outer loop
      vertex   -9.610919e+01 3.855963e+02 1.731848e+02
      vertex   -9.589081e+01 3.855963e+02 1.771848e+02
      vertex   -9.610919e+01 3.855963e+02 1.771848e+02
    endloop
  endfacet
  facet normal 1.361666e-01 -9.906859e-01 0.000000e+00
    outer loop
      vertex   -9.610919e+01 3.855963e+02 1.731848e+02
      vertex   -9.610919e+01 3.855963e+02 1.771848e+02
      vertex   -9.632553e+01 3.855665e+02 1.731848e+02
    endloop
  endfacet
  facet normal 1.361666e-01 -9.906859e-01 0.000000e+00
    outer loop
      vertex   -9.632553e+01 3.855665e+02 1.731848e+02
      vertex   -9.610919e+01 3.855963e+02 1.771848e+02
      vertex   -9.632553e+01 3.855665e+02 1.771848e+02
    endloop
  endfacet
  facet normal 2.697968e-01 -9.629173e-01 0.000000e+00
    outer loop
      vertex   -9.632553e+01 3.855665e+02 1.731848e+02
      vertex   -9.632553e+01 3.855665e+02 1.771848e+02
      vertex   -9.653581e+01 3.855076e+02 1.731848e+02
    endloop
  endfacet
  facet normal 2.697968e-01 -9.629173e-01 0.000000e+00
    outer loop
      vertex   -9.653581e+01 3.855076e+02 1.731848e+02
      vertex   -9.632553e+01 3.855665e+02 1.771848e+02
      vertex   -9.653581e+01 3.855076e+02 1.771848e+02
    endloop
  endfacet
  facet normal 3.984011e-01 -9.172113e-01 0.000000e+00
    outer loop
      vertex   -9.653581e+01 3.855076e+02 1.731848e+02
      vertex   -9.653581e+01 3.855076e+02 1.771848e+02
      vertex   -9.673611e+01 3.854206e+02 1.731848e+02
    endloop
  endfacet
  facet normal 3.984011e-01 -9.172113e-01 0.000000e+00
    outer loop
      vertex   -9.673611e+01 3.854206e+02 1.731848e+02
      vertex   -9.653581e+01 3.855076e+02 1.771848e+02
      vertex   -9.673611e+01 3.854206e+02 1.771848e+02
    endloop
  endfacet
  facet normal 5.195840e-01 -8.544194e-01 0.000000e+00
    outer loop
      vertex   -9.673611e+01 3.854206e+02 1.731848e+02
      vertex   -9.673611e+01 3.854206e+02 1.771848e+02
      vertex   -9.692269e+01 3.853072e+02 1.731848e+02
    endloop
  endfacet
  facet normal 5.195840e-01 -8.544194e-01 0.000000e+00
    outer loop
      vertex   -9.692269e+01 3.853072e+02 1.731848e+02
      vertex   -9.673611e+01 3.854206e+02 1.771848e+02
      vertex   -9.692269e+01 3.853072e+02 1.771848e+02
    endloop
  endfacet
  facet normal 6.310879e-01 -7.757113e-01 0.000000e+00
    outer loop
      vertex   -9.692269e+01 3.853072e+02 1.731848e+02
      vertex   -9.692269e+01 3.853072e+02 1.771848e+02
      vertex   -9.709209e+01 3.851693e+02 1.731848e+02
    endloop
  endfacet
  facet normal 6.310879e-01 -7.757113e-01 0.000000e+00
    outer loop
      vertex   -9.709209e+01 3.851693e+02 1.731848e+02
      vertex   -9.692269e+01 3.853072e+02 1.771848e+02
      vertex   -9.709209e+01 3.851693e+02 1.771848e+02
    endloop
  endfacet
  facet normal 7.308360e-01 -6.825531e-01 0.000000e+00
    outer loop
      vertex   -9.709209e+01 3.851693e+02 1.731848e+02
      vertex   -9.709209e+01 3.851693e+02 1.771848e+02
      vertex   -9.724114e+01 3.850097e+02 1.731848e+02
    endloop
  endfacet
  facet normal 7.308360e-01 -6.825531e-01 0.000000e+00
    outer loop
      vertex   -9.724114e+01 3.850097e+02 1.731848e+02
      vertex   -9.709209e+01 3.851693e+02 1.771848e+02
      vertex   -9.724114e+01 3.850097e+02 1.771848e+02
    endloop
  endfacet
  facet normal 8.169699e-01 -5.766803e-01 0.000000e+00
    outer loop
      vertex   -9.724114e+01 3.850097e+02 1.731848e+02
      vertex   -9.724114e+01 3.850097e+02 1.771848e+02
      vertex   -9.736707e+01 3.848313e+02 1.731848e+02
    endloop
  endfacet
  facet normal 8.169699e-01 -5.766803e-01 0.000000e+00
    outer loop
      vertex   -9.736707e+01 3.848313e+02 1.731848e+02
      vertex   -9.724114e+01 3.850097e+02 1.771848e+02
      vertex   -9.736707e+01 3.848313e+02 1.771848e+02
    endloop
  endfacet
  facet normal 8.878852e-01 -4.600650e-01 0.000000e+00
    outer loop
      vertex   -9.736707e+01 3.848313e+02 1.731848e+02
      vertex   -9.736707e+01 3.848313e+02 1.771848e+02
      vertex   -9.746754e+01 3.846374e+02 1.731848e+02
    endloop
  endfacet
  facet normal 8.878852e-01 -4.600650e-01 0.000000e+00
    outer loop
      vertex   -9.746754e+01 3.846374e+02 1.731848e+02
      vertex   -9.736707e+01 3.848313e+02 1.771848e+02
      vertex   -9.746754e+01 3.846374e+02 1.771848e+02
    endloop
  endfacet
  facet normal 9.422609e-01 -3.348796e-01 0.000000e+00
    outer loop
      vertex   -9.746754e+01 3.846374e+02 1.731848e+02
      vertex   -9.746754e+01 3.846374e+02 1.771848e+02
      vertex   -9.754067e+01 3.844317e+02 1.731848e+02
    endloop
  endfacet
  facet normal 9.422609e-01 -3.348796e-01 0.000000e+00
    outer loop
      vertex   -9.754067e+01 3.844317e+02 1.731848e+02
      vertex   -9.746754e+01 3.846374e+02 1.771848e+02
      vertex   -9.754067e+01 3.844317e+02 1.771848e+02
    endloop
  endfacet
  facet normal 9.790841e-01 -2.034560e-01 0.000000e+00
    outer loop
      vertex   -9.754067e+01 3.844317e+02 1.731848e+02
      vertex   -9.754067e+01 3.844317e+02 1.771848e+02
      vertex   -9.758510e+01 3.842179e+02 1.731848e+02
    endloop
  endfacet
  facet normal 9.790841e-01 -2.034560e-01 0.000000e+00
    outer loop
      vertex   -9.758510e+01 3.842179e+02 1.731848e+02
      vertex   -9.754067e+01 3.844317e+02 1.771848e+02
      vertex   -9.758510e+01 3.842179e+02 1.771848e+02
    endloop
  endfacet
  facet normal 9.976688e-01 -6.824241e-02 0.000000e+00
    outer loop
      vertex   -9.758510e+01 3.842179e+02 1.731848e+02
      vertex   -9.758510e+01 3.842179e+02 1.771848e+02
      vertex   -9.760000e+01 3.840000e+02 1.731848e+02
    endloop
  endfacet
  facet normal 9.976688e-01 -6.824241e-02 0.000000e+00
    outer loop
      vertex   -9.760000e+01 3.840000e+02 1.731848e+02
      vertex   -9.758510e+01 3.842179e+02 1.771848e+02
      vertex   -9.760000e+01 3.840000e+02 1.771848e+02
    endloop
  endfacet
  facet normal 1.000000e+00 0.000000e+00 0.000000e+00
    outer loop
      vertex   -1.051000e+02 3.820000e+02 1.731848e+02
      vertex   -1.051000e+02 3.840000e+02 1.731848e+02
      vertex   -1.051000e+02 3.820000e+02 1.771848e+02
    endloop
  endfacet
  facet normal 1.000000e+00 -0.000000e+00 0.000000e+00
    outer loop
      vertex   -1.051000e+02 3.820000e+02 1.771848e+02
      vertex   -1.051000e+02 3.840000e+02 1.731848e+02
      vertex   -1.051000e+02 3.840000e+02 1.771848e+02
    endloop
  endfacet
  facet normal -9.976688e-01 6.824241e-02 0.000000e+00
    outer loop
      vertex   -1.019000e+02 3.820000e+02 1.771848e+02
      vertex   -1.019000e+02 3.820000e+02 1.731848e+02
      vertex   -1.019149e+02 3.817821e+02 1.771848e+02
    endloop
  endfacet
  facet normal -9.976688e-01 6.824241e-02 0.000000e+00
    outer loop
      vertex   -1.019149e+02 3.817821e+02 1.771848e+02
      vertex   -1.019000e+02 3.820000e+02 1.731848e+02
      vertex   -1.019149e+02 3.817821e+02 1.731848e+02
    endloop
  endfacet
  facet normal -9.790841e-01 2.034560e-01 0.000000e+00
    outer loop
      vertex   -1.019149e+02 3.817821e+02 1.771848e+02
      vertex   -1.019149e+02 3.817821e+02 1.731848e+02
      vertex   -1.019593e+02 3.815683e+02 1.771848e+02
    endloop
  endfacet
  facet normal -9.790841e-01 2.034560e-01 0.000000e+00
    outer loop
      vertex   -1.019593e+02 3.815683e+02 1.771848e+02
      vertex   -1.019149e+02 3.817821e+02 1.731848e+02
      vertex   -1.019593e+02 3.815683e+02 1.731848e+02
    endloop
  endfacet
  facet normal -9.422609e-01 3.348796e-01 0.000000e+00
    outer loop
      vertex   -1.019593e+02 3.815683e+02 1.771848e+02
      vertex   -1.019593e+02 3.815683e+02 1.731848e+02
      vertex   -1.020325e+02 3.813626e+02 1.771848e+02
    endloop
  endfacet
  facet normal -9.422609e-01 3.348796e-01 0.000000e+00
    outer loop
      vertex   -1.020325e+02 3.813626e+02 1.771848e+02
      vertex   -1.019593e+02 3.815683e+02 1.731848e+02
      vertex   -1.020325e+02 3.813626e+02 1.731848e+02
    endloop
  endfacet
  facet normal -8.878852e-01 4.600650e-01 0.000000e+00
    outer loop
      vertex   -1.020325e+02 3.813626e+02 1.771848e+02
      vertex   -1.020325e+02 3.813626e+02 1.731848e+02
      vertex   -1.021329e+02 3.811687e+02 1.771848e+02
    endloop
  endfacet
  facet normal -8.878852e-01 4.600650e-01 0.000000e+00
    outer loop
      vertex   -1.021329e+02 3.811687e+02 1.771848e+02
      vertex   -1.020325e+02 3.813626e+02 1.731848e+02
      vertex   -1.021329e+02 3.811687e+02 1.731848e+02
    endloop
  endfacet
  facet normal -8.169699e-01 5.766803e-01 0.000000e+00
    outer loop
      vertex   -1.021329e+02 3.811687e+02 1.771848e+02
      vertex   -1.021329e+02 3.811687e+02 1.731848e+02
      vertex   -1.022589e+02 3.809903e+02 1.771848e+02
    endloop
  endfacet
  facet normal -8.169699e-01 5.766803e-01 0.000000e+00
    outer loop
      vertex   -1.022589e+02 3.809903e+02 1.771848e+02
      vertex   -1.021329e+02 3.811687e+02 1.731848e+02
      vertex   -1.022589e+02 3.809903e+02 1.731848e+02
    endloop
  endfacet
  facet normal -7.308360e-01 6.825531e-01 0.000000e+00
    outer loop
      vertex   -1.022589e+02 3.809903e+02 1.771848e+02
      vertex   -1.022589e+02 3.809903e+02 1.731848e+02
      vertex   -1.024079e+02 3.808307e+02 1.771848e+02
    endloop
  endfacet
  facet normal -7.308360e-01 6.825531e-01 0.000000e+00
    outer loop
      vertex   -1.024079e+02 3.808307e+02 1.771848e+02
      vertex   -1.022589e+02 3.809903e+02 1.731848e+02
      vertex   -1.024079e+02 3.808307e+02 1.731848e+02
    endloop
  endfacet
  facet normal -6.310879e-01 7.757113e-01 0.000000e+00
    outer loop
      vertex   -1.024079e+02 3.808307e+02 1.771848e+02
      vertex   -1.024079e+02 3.808307e+02 1.731848e+02
      vertex   -1.025773e+02 3.806929e+02 1.771848e+02
    endloop
  endfacet
  facet normal -6.310879e-01 7.757113e-01 0.000000e+00
    outer loop
      vertex   -1.025773e+02 3.806929e+02 1.771848e+02
      vertex   -1.024079e+02 3.808307e+02 1.731848e+02
      vertex   -1.025773e+02 3.806929e+02 1.731848e+02
    endloop
  endfacet
  facet normal -5.195840e-01 8.544194e-01 0.000000e+00
    outer loop
      vertex   -1.025773e+02 3.806929e+02 1.771848e+02
      vertex   -1.025773e+02 3.806929e+02 1.731848e+02
      vertex   -1.027639e+02 3.805794e+02 1.771848e+02
    endloop
  endfacet
  facet normal -5.195840e-01 8.544194e-01 0.000000e+00
    outer loop
      vertex   -1.027639e+02 3.805794e+02 1.771848e+02
      vertex   -1.025773e+02 3.806929e+02 1.731848e+02
      vertex   -1.027639e+02 3.805794e+02 1.731848e+02
    endloop
  endfacet
  facet normal -3.984011e-01 9.172113e-01 0.000000e+00
    outer loop
      vertex   -1.027639e+02 3.805794e+02 1.771848e+02
      vertex   -1.027639e+02 3.805794e+02 1.731848e+02
      vertex   -1.029642e+02 3.804924e+02 1.771848e+02
    endloop
  endfacet
  facet normal -3.984011e-01 9.172113e-01 0.000000e+00
    outer loop
      vertex   -1.029642e+02 3.804924e+02 1.771848e+02
      vertex   -1.027639e+02 3.805794e+02 1.731848e+02
      vertex   -1.029642e+02 3.804924e+02 1.731848e+02
    endloop
  endfacet
  facet normal -2.697968e-01 9.629173e-01 0.000000e+00
    outer loop
      vertex   -1.029642e+02 3.804924e+02 1.771848e+02
      vertex   -1.029642e+02 3.804924e+02 1.731848e+02
      vertex   -1.031745e+02 3.804335e+02 1.771848e+02
    endloop
  endfacet
  facet normal -2.697968e-01 9.629173e-01 0.000000e+00
    outer loop
      vertex   -1.031745e+02 3.804335e+02 1.771848e+02
      vertex   -1.029642e+02 3.804924e+02 1.731848e+02
      vertex   -1.031745e+02 3.804335e+02 1.731848e+02
    endloop
  endfacet
  facet normal -1.361666e-01 9.906859e-01 0.000000e+00
    outer loop
      vertex   -1.031745e+02 3.804335e+02 1.771848e+02
      vertex   -1.031745e+02 3.804335e+02 1.731848e+02
      vertex   -1.033908e+02 3.804037e+02 1.771848e+02
    endloop
  endfacet
  facet normal -1.361666e-01 9.906859e-01 0.000000e+00
    outer loop
      vertex   -1.033908e+02 3.804037e+02 1.771848e+02
      vertex   -1.031745e+02 3.804335e+02 1.731848e+02
      vertex   -1.033908e+02 3.804037e+02 1.731848e+02
    endloop
  endfacet
  facet normal 0.000000e+00 1.000000e+00 0.000000e+00
    outer loop
      vertex   -1.033908e+02 3.804037e+02 1.771848e+02
      vertex   -1.033908e+02 3.804037e+02 1.731848e+02
      vertex   -1.036092e+02 3.804037e+02 1.771848e+02
    endloop
  endfacet
  facet normal 0.000000e+00 1.000000e+00 0.000000e+00
    outer loop
      vertex   -1.036092e+02 3.804037e+02 1.771848e+02
      vertex   -1.033908e+02 3.804037e+02 1.731848e+02
      vertex   -1.036092e+02 3.804037e+02 1.731848e+02
    endloop
  endfacet
  facet normal 1.361666e-01 9.906859e-01 0.000000e+00
    outer loop
      vertex   -1.036092e+02 3.804037e+02 1.771848e+02
      vertex   -1.036092e+02 3.804037e+02 1.731848e+02
      vertex   -1.038255e+02 3.804335e+02 1.771848e+02
    endloop
  endfacet
  facet normal 1.361666e-01 9.906859e-01 0.000000e+00
    outer loop
      vertex   -1.038255e+02 3.804335e+02 1.771848e+02
      vertex   -1.036092e+02 3.804037e+02 1.731848e+02
      vertex   -1.038255e+02 3.804335e+02 1.731848e+02
    endloop
  endfacet
  facet normal 2.697968e-01 9.629173e-01 0.000000e+00
    outer loop
      vertex   -1.038255e+02 3.804335e+02 1.771848e+02
      vertex   -1.038255e+02 3.804335e+02 1.731848e+02
      vertex   -1.040358e+02 3.804924e+02 1.771848e+02
    endloop
  endfacet
  facet normal 2.697968e-01 9.629173e-01 0.000000e+00
    outer loop
      vertex   -1.040358e+02 3.804924e+02 1.771848e+02
      vertex   -1.038255e+02 3.804335e+02 1.731848e+02
      vertex   -1.040358e+02 3.804924e+02 1.731848e+02
    endloop
  endfacet
  facet normal 3.984011e-01 9.172113e-01 0.000000e+00
    outer loop
      vertex   -1.040358e+02 3.804924e+02 1.771848e+02
      vertex   -1.040358e+02 3.804924e+02 1.731848e+02
      vertex   -1.042361e+02 3.805794e+02 1.771848e+02
    endloop
  endfacet
  facet normal 3.984011e-01 9.172113e-01 0.000000e+00
    outer loop
      vertex   -1.042361e+02 3.805794e+02 1.771848e+02
      vertex   -1.040358e+02 3.804924e+02 1.731848e+02
      vertex   -1.042361e+02 3.805794e+02 1.731848e+02
    endloop
  endfacet
  facet normal 5.195840e-01 8.544194e-01 0.000000e+00
    outer loop
      vertex   -1.042361e+02 3.805794e+02 1.771848e+02
      vertex   -1.042361e+02 3.805794e+02 1.731848e+02
      vertex   -1.044227e+02 3.806929e+02 1.771848e+02
    endloop
  endfacet
  facet normal 5.195840e-01 8.544194e-01 0.000000e+00
    outer loop
      vertex   -1.044227e+02 3.806929e+02 1.771848e+02
      vertex   -1.042361e+02 3.805794e+02 1.731848e+02
      vertex   -1.044227e+02 3.806929e+02 1.731848e+02
    endloop
  endfacet
  facet normal 6.310879e-01 7.757113e-01 0.000000e+00
    outer loop
      vertex   -1.044227e+02 3.806929e+02 1.771848e+02
      vertex   -1.044227e+02 3.806929e+02 1.731848e+02
      vertex   -1.045921e+02 3.808307e+02 1.771848e+02
    endloop
  endfacet
  facet normal 6.310879e-01 7.757113e-01 0.000000e+00
    outer loop
      vertex   -1.045921e+02 3.808307e+02 1.771848e+02
      vertex   -1.044227e+02 3.806929e+02 1.731848e+02
      vertex   -1.045921e+02 3.808307e+02 1.731848e+02
    endloop
  endfacet
  facet normal 7.308360e-01 6.825531e-01 0.000000e+00
    outer loop
      vertex   -1.045921e+02 3.808307e+02 1.771848e+02
      vertex   -1.045921e+02 3.808307e+02 1.731848e+02
      vertex   -1.047411e+02 3.809903e+02 1.771848e+02
    endloop
  endfacet
  facet normal 7.308360e-01 6.825531e-01 0.000000e+00
    outer loop
      vertex   -1.047411e+02 3.809903e+02 1.771848e+02
      vertex   -1.045921e+02 3.808307e+02 1.731848e+02
      vertex   -1.047411e+02 3.809903e+02 1.731848e+02
    endloop
  endfacet
  facet normal 8.169699e-01 5.766803e-01 0.000000e+00
    outer loop
      vertex   -1.047411e+02 3.809903e+02 1.771848e+02
      vertex   -1.047411e+02 3.809903e+02 1.731848e+02
      vertex   -1.048671e+02 3.811687e+02 1.771848e+02
    endloop
  endfacet
  facet normal 8.169699e-01 5.766803e-01 0.000000e+00
    outer loop
      vertex   -1.048671e+02 3.811687e+02 1.771848e+02
      vertex   -1.047411e+02 3.809903e+02 1.731848e+02
      vertex   -1.048671e+02 3.811687e+02 1.731848e+02
    endloop
  endfacet
  facet normal 8.878852e-01 4.600650e-01 0.000000e+00
    outer loop
      vertex   -1.048671e+02 3.811687e+02 1.771848e+02
      vertex   -1.048671e+02 3.811687e+02 1.731848e+02
      vertex   -1.049675e+02 3.813626e+02 1.771848e+02
    endloop
  endfacet
  facet normal 8.878852e-01 4.600650e-01 0.000000e+00
    outer loop
      vertex   -1.049675e+02 3.813626e+02 1.771848e+02
      vertex   -1.048671e+02 3.811687e+02 1.731848e+02
      vertex   -1.049675e+02 3.813626e+02 1.731848e+02
    endloop
  endfacet
  facet normal 9.422609e-01 3.348796e-01 0.000000e+00
    outer loop
      vertex   -1.049675e+02 3.813626e+02 1.771848e+02
      vertex   -1.049675e+02 3.813626e+02 1.731848e+02
      vertex   -1.050407e+02 3.815683e+02 1.771848e+02
    endloop
  endfacet
  facet normal 9.422609e-01 3.348796e-01 0.000000e+00
    outer loop
      vertex   -1.050407e+02 3.815683e+02 1.771848e+02
      vertex   -1.049675e+02 3.813626e+02 1.731848e+02
      vertex   -1.050407e+02 3.815683e+02 1.731848e+02
    endloop
  endfacet
  facet normal 9.790841e-01 2.034560e-01 0.000000e+00
    outer loop
      vertex   -1.050407e+02 3.815683e+02 1.771848e+02
      vertex   -1.050407e+02 3.815683e+02 1.731848e+02
      vertex   -1.050851e+02 3.817821e+02 1.771848e+02
    endloop
  endfacet
  facet normal 9.790841e-01 2.034560e-01 0.000000e+00
    outer loop
      vertex   -1.050851e+02 3.817821e+02 1.771848e+02
      vertex   -1.050407e+02 3.815683e+02 1.731848e+02
      vertex   -1.050851e+02 3.817821e+02 1.731848e+02
    endloop
  endfacet
  facet normal 9.976688e-01 6.824241e-02 0.000000e+00
    outer loop
      vertex   -1.050851e+02 3.817821e+02 1.771848e+02
      vertex   -1.050851e+02 3.817821e+02 1.731848e+02
      vertex   -1.051000e+02 3.820000e+02 1.771848e+02
    endloop
  endfacet
  facet normal 9.976688e-01 6.824241e-02 0.000000e+00
    outer loop
      vertex   -1.051000e+02 3.820000e+02 1.771848e+02
      vertex   -1.050851e+02 3.817821e+02 1.731848e+02
      vertex   -1.051000e+02 3.820000e+02 1.731848e+02
    endloop
  endfacet
  facet normal -1.000000e+00 0.000000e+00 0.000000e+00
    outer loop
      vertex   -1.019000e+02 3.840000e+02 1.731848e+02
      vertex   -1.019000e+02 3.820000e+02 1.731848e+02
      vertex   -1.019000e+02 3.840000e+02 1.771848e+02
    endloop
  endfacet
  facet normal -1.000000e+00 -0.000000e+00 0.000000e+00
    outer loop
      vertex   -1.019000e+02 3.840000e+02 1.771848e+02
      vertex   -1.019000e+02 3.820000e+02 1.731848e+02
      vertex   -1.019000e+02 3.820000e+02 1.771848e+02
    endloop
  endfacet
  facet normal -9.976688e-01 -6.824241e-02 0.000000e+00
    outer loop
      vertex   -1.019000e+02 3.840000e+02 1.731848e+02
      vertex   -1.019000e+02 3.840000e+02 1.771848e+02
      vertex   -1.019149e+02 3.842179e+02 1.731848e+02
    endloop
  endfacet
  facet normal -9.976688e-01 -6.824241e-02 0.000000e+00
    outer loop
      vertex   -1.019149e+02 3.842179e+02 1.731848e+02
      vertex   -1.019000e+02 3.840000e+02 1.771848e+02
      vertex   -1.019149e+02 3.842179e+02 1.771848e+02
    endloop
  endfacet
  facet normal -9.790841e-01 -2.034560e-01 0.000000e+00
    outer loop
      vertex   -1.019149e+02 3.842179e+02 1.731848e+02
      vertex   -1.019149e+02 3.842179e+02 1.771848e+02
      vertex   -1.019593e+02 3.844317e+02 1.731848e+02
    endloop
  endfacet
  facet normal -9.790841e-01 -2.034560e-01 0.000000e+00
    outer loop
      vertex   -1.019593e+02 3.844317e+02 1.731848e+02
      vertex   -1.019149e+02 3.842179e+02 1.771848e+02
      vertex   -1.019593e+02 3.844317e+02 1.771848e+02
    endloop
  endfacet
  facet normal -9.422609e-01 -3.348796e-01 0.000000e+00
    outer loop
      vertex   -1.019593e+02 3.844317e+02 1.731848e+02
      vertex   -1.019593e+02 3.844317e+02 1.771848e+02
      vertex   -1.020325e+02 3.846374e+02 1.731848e+02
    endloop
  endfacet
  facet normal -9.422609e-01 -3.348796e-01 0.000000e+00
    outer loop
      vertex   -1.020325e+02 3.846374e+02 1.731848e+02
      vertex   -1.019593e+02 3.844317e+02 1.771848e+02
      vertex   -1.020325e+02 3.846374e+02 1.771848e+02
    endloop
  endfacet
  facet normal -8.878852e-01 -4.600650e-01 0.000000e+00
    outer loop
      vertex   -1.020325e+02 3.846374e+02 1.731848e+02
      vertex   -1.020325e+02 3.846374e+02 1.771848e+02
      vertex   -1.021329e+02 3.848313e+02 1.731848e+02
    endloop
  endfacet
  facet normal -8.878852e-01 -4.600650e-01 0.000000e+00
    outer loop
      vertex   -1.021329e+02 3.848313e+02 1.731848e+02
      vertex   -1.020325e+02 3.846374e+02 1.771848e+02
      vertex   -1.021329e+02 3.848313e+02 1.771848e+02
    endloop
  endfacet
  facet normal -8.169699e-01 -5.766803e-01 0.000000e+00
    outer loop
      vertex   -1.021329e+02 3.848313e+02 1.731848e+02
      vertex   -1.021329e+02 3.848313e+02 1.771848e+02
      vertex   -1.022589e+02 3.850097e+02 1.731848e+02
    endloop
  endfacet
  facet normal -8.169699e-01 -5.766803e-01 0.000000e+00
    outer loop
      vertex   -1.022589e+02 3.850097e+02 1.731848e+02
      vertex   -1.021329e+02 3.848313e+02 1.771848e+02
      vertex   -1.022589e+02 3.850097e+02 1.771848e+02
    endloop
  endfacet
  facet normal -7.308360e-01 -6.825531e-01 0.000000e+00
    outer loop
      vertex   -1.022589e+02 3.850097e+02 1.731848e+02
      vertex   -1.022589e+02 3.850097e+02 1.771848e+02
      vertex   -1.024079e+02 3.851693e+02 1.731848e+02
    endloop
  endfacet
  facet normal -7.308360e-01 -6.825531e-01 0.000000e+00
    outer loop
      vertex   -1.024079e+02 3.851693e+02 1.731848e+02
      vertex   -1.022589e+02 3.850097e+02 1.771848e+02
      vertex   -1.024079e+02 3.851693e+02 1.771848e+02
    endloop
  endfacet
  facet normal -6.310879e-01 -7.757113e-01 0.000000e+00
    outer loop
      vertex   -1.024079e+02 3.851693e+02 1.731848e+02
      vertex   -1.024079e+02 3.851693e+02 1.771848e+02
      vertex   -1.025773e+02 3.853072e+02 1.731848e+02
    endloop
  endfacet
  facet normal -6.310879e-01 -7.757113e-01 0.000000e+00
    outer loop
      vertex   -1.025773e+02 3.853072e+02 1.731848e+02
      vertex   -1.024079e+02 3.851693e+02 1.771848e+02
      vertex   -1.025773e+02 3.853072e+02 1.771848e+02
    endloop
  endfacet
  facet normal -5.195840e-01 -8.544194e-01 0.000000e+00
    outer loop
      vertex   -1.025773e+02 3.853072e+02 1.731848e+02
      vertex   -1.025773e+02 3.853072e+02 1.771848e+02
      vertex   -1.027639e+02 3.854206e+02 1.731848e+02
    endloop
  endfacet
  facet normal -5.195840e-01 -8.544194e-01 0.000000e+00
    outer loop
      vertex   -1.027639e+02 3.854206e+02 1.731848e+02
      vertex   -1.025773e+02 3.853072e+02 1.771848e+02
      vertex   -1.027639e+02 3.854206e+02 1.771848e+02
    endloop
  endfacet
  facet normal -3.984011e-01 -9.172113e-01 0.000000e+00
    outer loop
      vertex   -1.027639e+02 3.854206e+02 1.731848e+02
      vertex   -1.027639e+02 3.854206e+02 1.771848e+02
      vertex   -1.029642e+02 3.855076e+02 1.731848e+02
    endloop
  endfacet
  facet normal -3.984011e-01 -9.172113e-01 0.000000e+00
    outer loop
      vertex   -1.029642e+02 3.855076e+02 1.731848e+02
      vertex   -1.027639e+02 3.854206e+02 1.771848e+02
      vertex   -1.029642e+02 3.855076e+02 1.771848e+02
    endloop
  endfacet
  facet normal -2.697968e-01 -9.629173e-01 0.000000e+00
    outer loop
      vertex   -1.029642e+02 3.855076e+02 1.731848e+02
      vertex   -1.029642e+02 3.855076e+02 1.771848e+02
      vertex   -1.031745e+02 3.855665e+02 1.731848e+02
    endloop
  endfacet
  facet normal -2.697968e-01 -9.629173e-01 0.000000e+00
    outer loop
      vertex   -1.031745e+02 3.855665e+02 1.731848e+02
      vertex   -1.029642e+02 3.855076e+02 1.771848e+02
      vertex   -1.031745e+02 3.855665e+02 1.771848e+02
    endloop
  endfacet
  facet normal -1.361666e-01 -9.906859e-01 0.000000e+00
    outer loop
      vertex   -1.031745e+02 3.855665e+02 1.731848e+02
      vertex   -1.031745e+02 3.855665e+02 1.771848e+02
      vertex   -1.033908e+02 3.855963e+02 1.731848e+02
    endloop
  endfacet
  facet normal -1.361666e-01 -9.906859e-01 0.000000e+00
    outer loop
      vertex   -1.033908e+02 3.855963e+02 1.731848e+02
      vertex   -1.031745e+02 3.855665e+02 1.771848e+02
      vertex   -1.033908e+02 3.855963e+02 1.771848e+02
    endloop
  endfacet
  facet normal 0.000000e+00 -1.000000e+00 0.000000e+00
    outer loop
      vertex   -1.033908e+02 3.855963e+02 1.731848e+02
      vertex   -1.033908e+02 3.855963e+02 1.771848e+02
      vertex   -1.036092e+02 3.855963e+02 1.731848e+02
    endloop
  endfacet
  facet normal 0.000000e+00 -1.000000e+00 0.000000e+00
    outer loop
      vertex   -1.036092e+02 3.855963e+02 1.731848e+02
      vertex   -1.033908e+02 3.855963e+02 1.771848e+02
      vertex   -1.036092e+02 3.855963e+02 1.771848e+02
    endloop
  endfacet
  facet normal 1.361666e-01 -9.906859e-01 0.000000e+00
    outer loop
      vertex   -1.036092e+02 3.855963e+02 1.731848e+02
      vertex   -1.036092e+02 3.855963e+02 1.771848e+02
      vertex   -1.038255e+02 3.855665e+02 1.731848e+02
    endloop
  endfacet
  facet normal 1.361666e-01 -9.906859e-01 0.000000e+00
    outer loop
      vertex   -1.038255e+02 3.855665e+02 1.731848e+02
      vertex   -1.036092e+02 3.855963e+02 1.771848e+02
      vertex   -1.038255e+02 3.855665e+02 1.771848e+02
    endloop
  endfacet
  facet normal 2.697968e-01 -9.629173e-01 0.000000e+00
    outer loop
      vertex   -1.038255e+02 3.855665e+02 1.731848e+02
      vertex   -1.038255e+02 3.855665e+02 1.771848e+02
      vertex   -1.040358e+02 3.855076e+02 1.731848e+02
    endloop
  endfacet
  facet normal 2.697968e-01 -9.629173e-01 0.000000e+00
    outer loop
      vertex   -1.040358e+02 3.855076e+02 1.731848e+02
      vertex   -1.038255e+02 3.855665e+02 1.771848e+02
      vertex   -1.040358e+02 3.855076e+02 1.771848e+02
    endloop
  endfacet
  facet normal 3.984011e-01 -9.172113e-01 0.000000e+00
    outer loop
      vertex   -1.040358e+02 3.855076e+02 1.731848e+02
      vertex   -1.040358e+02 3.855076e+02 1.771848e+02
      vertex   -1.042361e+02 3.854206e+02 1.731848e+02
    endloop
  endfacet
  facet normal 3.984011e-01 -9.172113e-01 0.000000e+00
    outer loop
      vertex   -1.042361e+02 3.854206e+02 1.731848e+02
      vertex   -1.040358e+02 3.855076e+02 1.771848e+02
      vertex   -1.042361e+02 3.854206e+02 1.771848e+02
    endloop
  endfacet
  facet normal 5.195840e-01 -8.544194e-01 0.000000e+00
    outer loop
      vertex   -1.042361e+02 3.854206e+02 1.731848e+02
      vertex   -1.042361e+02 3.854206e+02 1.771848e+02
      vertex   -1.044227e+02 3.853072e+02 1.731848e+02
    endloop
  endfacet
  facet normal 5.195840e-01 -8.544194e-01 0.000000e+00
    outer loop
      vertex   -1.044227e+02 3.853072e+02 1.731848e+02
      vertex   -1.042361e+02 3.854206e+02 1.771848e+02
      vertex   -1.044227e+02 3.853072e+02 1.771848e+02
    endloop
  endfacet
  facet normal 6.310879e-01 -7.757113e-01 0.000000e+00
    outer loop
      vertex   -1.044227e+02 3.853072e+02 1.731848e+02
      vertex   -1.044227e+02 3.853072e+02 1.771848e+02
      vertex   -1.045921e+02 3.851693e+02 1.731848e+02
    endloop
  endfacet
  facet normal 6.310879e-01 -7.757113e-01 0.000000e+00
    outer loop
      vertex   -1.045921e+02 3.851693e+02 1.731848e+02
      vertex   -1.044227e+02 3.853072e+02 1.771848e+02
      vertex   -1.045921e+02 3.851693e+02 1.771848e+02
    endloop
  endfacet
  facet normal 7.308360e-01 -6.825531e-01 0.000000e+00
    outer loop
      vertex   -1.045921e+02 3.851693e+02 1.731848e+02
      vertex   -1.045921e+02 3.851693e+02 1.771848e+02
      vertex   -1.047411e+02 3.850097e+02 1.731848e+02
    endloop
  endfacet
  facet normal 7.308360e-01 -6.825531e-01 0.000000e+00
    outer loop
      vertex   -1.047411e+02 3.850097e+02 1.731848e+02
      vertex   -1.045921e+02 3.851693e+02 1.771848e+02
      vertex   -1.047411e+02 3.850097e+02 1.771848e+02
    endloop
  endfacet
  facet normal 8.169699e-01 -5.766803e-01 0.000000e+00
    outer loop
      vertex   -1.047411e+02 3.850097e+02 1.731848e+02
      vertex   -1.047411e+02 3.850097e+02 1.771848e+02
      vertex   -1.048671e+02 3.848313e+02 1.731848e+02
    endloop
  endfacet
  facet normal 8.169699e-01 -5.766803e-01 0.000000e+00
    outer loop
      vertex   -1.048671e+02 3.848313e+02 1.731848e+02
      vertex   -1.047411e+02 3.850097e+02 1.771848e+02
      vertex   -1.048671e+02 3.848313e+02 1.771848e+02
    endloop
  endfacet
  facet normal 8.878852e-01 -4.600650e-01 0.000000e+00
    outer loop
      vertex   -1.048671e+02 3.848313e+02 1.731848e+02
      vertex   -1.048671e+02 3.848313e+02 1.771848e+02
      vertex   -1.049675e+02 3.846374e+02 1.731848e+02
    endloop
  endfacet
  facet normal 8.878852e-01 -4.600650e-01 0.000000e+00
    outer loop
      vertex   -1.049675e+02 3.846374e+02 1.731848e+02
      vertex   -1.048671e+02 3.848313e+02 1.771848e+02
      vertex   -1.049675e+02 3.846374e+02 1.771848e+02
    endloop
  endfacet
  facet normal 9.422609e-01 -3.348796e-01 0.000000e+00
    outer loop
      vertex   -1.049675e+02 3.846374e+02 1.731848e+02
      vertex   -1.049675e+02 3.846374e+02 1.771848e+02
      vertex   -1.050407e+02 3.844317e+02 1.731848e+02
    endloop
  endfacet
  facet normal 9.422609e-01 -3.348796e-01 0.000000e+00
    outer loop
      vertex   -1.050407e+02 3.844317e+02 1.731848e+02
      vertex   -1.049675e+02 3.846374e+02 1.771848e+02
      vertex   -1.050407e+02 3.844317e+02 1.771848e+02
    endloop
  endfacet
  facet normal 9.790841e-01 -2.034560e-01 0.000000e+00
    outer loop
      vertex   -1.050407e+02 3.844317e+02 1.731848e+02
      vertex   -1.050407e+02 3.844317e+02 1.771848e+02
      vertex   -1.050851e+02 3.842179e+02 1.731848e+02
    endloop
  endfacet
  facet normal 9.790841e-01 -2.034560e-01 0.000000e+00
    outer loop
      vertex   -1.050851e+02 3.842179e+02 1.731848e+02
      vertex   -1.050407e+02 3.844317e+02 1.771848e+02
      vertex   -1.050851e+02 3.842179e+02 1.771848e+02
    endloop
  endfacet
  facet normal 9.976688e-01 -6.824241e-02 0.000000e+00
    outer loop
      vertex   -1.050851e+02 3.842179e+02 1.731848e+02
      vertex   -1.050851e+02 3.842179e+02 1.771848e+02
      vertex   -1.051000e+02 3.840000e+02 1.731848e+02
    endloop
  endfacet
  facet normal 9.976688e-01 -6.824241e-02 0.000000e+00
    outer loop
      vertex   -1.051000e+02 3.840000e+02 1.731848e+02
      vertex   -1.050851e+02 3.842179e+02 1.771848e+02
      vertex   -1.051000e+02 3.840000e+02 1.771848e+02
    endloop
  endfacet
  facet normal -1.000000e+00 -3.836931e-13 -5.177816e-14
    outer loop
      vertex   -9.110000e+01 3.760940e+02 2.223126e+02
      vertex   -9.110000e+01 3.760940e+02 2.149022e+02
      vertex   -9.110000e+01 3.750940e+02 2.223126e+02
    endloop
  endfacet
  facet normal -1.000000e+00 2.723229e-12 3.674911e-13
    outer loop
      vertex   -9.110000e+01 3.750940e+02 2.223126e+02
      vertex   -9.110000e+01 3.760940e+02 2.149022e+02
      vertex   -9.110000e+01 3.750940e+02 1.771848e+02
    endloop
  endfacet
  facet normal -1.000000e+00 0.000000e+00 4.396918e-13
    outer loop
      vertex   -9.110000e+01 3.750940e+02 1.771848e+02
      vertex   -9.110000e+01 3.760940e+02 2.149022e+02
      vertex   -9.110000e+01 3.870000e+02 1.771848e+02
    endloop
  endfacet
  facet normal -1.000000e+00 8.508749e-12 2.900007e-12
    outer loop
      vertex   -9.110000e+01 3.870000e+02 1.771848e+02
      vertex   -9.110000e+01 3.760940e+02 2.149022e+02
      vertex   -9.110000e+01 3.870000e+02 2.149022e+02
    endloop
  endfacet
  facet normal 0.000000e+00 0.000000e+00 1.000000e+00
    outer loop
      vertex   -9.760000e+01 3.840000e+02 1.771848e+02
      vertex   -9.758510e+01 3.842179e+02 1.771848e+02
      vertex   -9.760000e+01 3.878509e+02 1.771848e+02
    endloop
  endfacet
  facet normal 0.000000e+00 0.000000e+00 1.000000e+00
    outer loop
      vertex   -9.760000e+01 3.878509e+02 1.771848e+02
      vertex   -9.758510e+01 3.842179e+02 1.771848e+02
      vertex   -9.754067e+01 3.844317e+02 1.771848e+02
    endloop
  endfacet
  facet normal 0.000000e+00 0.000000e+00 1.000000e+00
    outer loop
      vertex   -9.760000e+01 3.878509e+02 1.771848e+02
      vertex   -9.754067e+01 3.844317e+02 1.771848e+02
      vertex   -9.746754e+01 3.846374e+02 1.771848e+02
    endloop
  endfacet
  facet normal 0.000000e+00 -0.000000e+00 1.000000e+00
    outer loop
      vertex   -9.746754e+01 3.846374e+02 1.771848e+02
      vertex   -9.736707e+01 3.848313e+02 1.771848e+02
      vertex   -9.760000e+01 3.878509e+02 1.771848e+02
    endloop
  endfacet
  facet normal 0.000000e+00 0.000000e+00 1.000000e+00
    outer loop
      vertex   -9.760000e+01 3.878509e+02 1.771848e+02
      vertex   -9.736707e+01 3.848313e+02 1.771848e+02
      vertex   -9.724114e+01 3.850097e+02 1.771848e+02
    endloop
  endfacet
  facet normal 0.000000e+00 0.000000e+00 1.000000e+00
    outer loop
      vertex   -9.760000e+01 3.878509e+02 1.771848e+02
      vertex   -9.724114e+01 3.850097e+02 1.771848e+02
      vertex   -9.709209e+01 3.851693e+02 1.771848e+02
    endloop
  endfacet
  facet normal 0.000000e+00 -0.000000e+00 1.000000e+00
    outer loop
      vertex   -9.709209e+01 3.851693e+02 1.771848e+02
      vertex   -9.692269e+01 3.853072e+02 1.771848e+02
      vertex   -9.760000e+01 3.878509e+02 1.771848e+02
    endloop
  endfacet
  facet normal 0.000000e+00 0.000000e+00 1.000000e+00
    outer loop
      vertex   -9.760000e+01 3.878509e+02 1.771848e+02
      vertex   -9.692269e+01 3.853072e+02 1.771848e+02
      vertex   -9.673611e+01 3.854206e+02 1.771848e+02
    endloop
  endfacet
  facet normal 0.000000e+00 0.000000e+00 1.000000e+00
    outer loop
      vertex   -9.760000e+01 3.878509e+02 1.771848e+02
      vertex   -9.673611e+01 3.854206e+02 1.771848e+02
      vertex   -9.653581e+01 3.855076e+02 1.771848e+02
    endloop
  endfacet
  facet normal 0.000000e+00 -0.000000e+00 1.000000e+00
    outer loop
      vertex   -9.653581e+01 3.855076e+02 1.771848e+02
      vertex   -9.632553e+01 3.855665e+02 1.771848e+02
      vertex   -9.760000e+01 3.878509e+02 1.771848e+02
    endloop
  endfacet
  facet normal 0.000000e+00 0.000000e+00 1.000000e+00
    outer loop
      vertex   -9.760000e+01 3.878509e+02 1.771848e+02
      vertex   -9.632553e+01 3.855665e+02 1.771848e+02
      vertex   -9.610919e+01 3.855963e+02 1.771848e+02
    endloop
  endfacet
  facet normal 0.000000e+00 0.000000e+00 1.000000e+00
    outer loop
      vertex   -9.760000e+01 3.878509e+02 1.771848e+02
      vertex   -9.610919e+01 3.855963e+02 1.771848e+02
      vertex   -9.589081e+01 3.855963e+02 1.771848e+02
    endloop
  endfacet
  facet normal -0.000000e+00 -0.000000e+00 1.000000e+00
    outer loop
      vertex   -9.589081e+01 3.855963e+02 1.771848e+02
      vertex   -9.567447e+01 3.855665e+02 1.771848e+02
      vertex   -9.760000e+01 3.878509e+02 1.771848e+02
    endloop
  endfacet
  facet normal 0.000000e+00 0.000000e+00 1.000000e+00
    outer loop
      vertex   -9.760000e+01 3.878509e+02 1.771848e+02
      vertex   -9.567447e+01 3.855665e+02 1.771848e+02
      vertex   -9.546419e+01 3.855076e+02 1.771848e+02
    endloop
  endfacet
  facet normal 0.000000e+00 0.000000e+00 1.000000e+00
    outer loop
      vertex   -9.760000e+01 3.878509e+02 1.771848e+02
      vertex   -9.546419e+01 3.855076e+02 1.771848e+02
      vertex   -9.526390e+01 3.854206e+02 1.771848e+02
    endloop
  endfacet
  facet normal 0.000000e+00 0.000000e+00 1.000000e+00
    outer loop
      vertex   -9.760000e+01 3.878509e+02 1.771848e+02
      vertex   -9.526390e+01 3.854206e+02 1.771848e+02
      vertex   -9.110000e+01 3.870000e+02 1.771848e+02
    endloop
  endfacet
  facet normal 0.000000e+00 0.000000e+00 1.000000e+00
    outer loop
      vertex   -9.110000e+01 3.870000e+02 1.771848e+02
      vertex   -9.526390e+01 3.854206e+02 1.771848e+02
      vertex   -9.507731e+01 3.853072e+02 1.771848e+02
    endloop
  endfacet
  facet normal 0.000000e+00 0.000000e+00 1.000000e+00
    outer loop
      vertex   -9.110000e+01 3.870000e+02 1.771848e+02
      vertex   -9.507731e+01 3.853072e+02 1.771848e+02
      vertex   -9.490792e+01 3.851693e+02 1.771848e+02
    endloop
  endfacet
  facet normal -0.000000e+00 0.000000e+00 1.000000e+00
    outer loop
      vertex   -9.490792e+01 3.851693e+02 1.771848e+02
      vertex   -9.475886e+01 3.850097e+02 1.771848e+02
      vertex   -9.110000e+01 3.870000e+02 1.771848e+02
    endloop
  endfacet
  facet normal 0.000000e+00 0.000000e+00 1.000000e+00
    outer loop
      vertex   -9.110000e+01 3.870000e+02 1.771848e+02
      vertex   -9.475886e+01 3.850097e+02 1.771848e+02
      vertex   -9.463293e+01 3.848313e+02 1.771848e+02
    endloop
  endfacet
  facet normal 0.000000e+00 0.000000e+00 1.000000e+00
    outer loop
      vertex   -9.110000e+01 3.870000e+02 1.771848e+02
      vertex   -9.463293e+01 3.848313e+02 1.771848e+02
      vertex   -9.453246e+01 3.846374e+02 1.771848e+02
    endloop
  endfacet
  facet normal -0.000000e+00 0.000000e+00 1.000000e+00
    outer loop
      vertex   -9.453246e+01 3.846374e+02 1.771848e+02
      vertex   -9.445933e+01 3.844317e+02 1.771848e+02
      vertex   -9.110000e+01 3.870000e+02 1.771848e+02
    endloop
  endfacet
  facet normal 0.000000e+00 0.000000e+00 1.000000e+00
    outer loop
      vertex   -9.110000e+01 3.870000e+02 1.771848e+02
      vertex   -9.445933e+01 3.844317e+02 1.771848e+02
      vertex   -9.441490e+01 3.842179e+02 1.771848e+02
    endloop
  endfacet
  facet normal 0.000000e+00 0.000000e+00 1.000000e+00
    outer loop
      vertex   -9.110000e+01 3.870000e+02 1.771848e+02
      vertex   -9.441490e+01 3.842179e+02 1.771848e+02
      vertex   -9.440000e+01 3.840000e+02 1.771848e+02
    endloop
  endfacet
  facet normal -0.000000e+00 0.000000e+00 1.000000e+00
    outer loop
      vertex   -9.440000e+01 3.840000e+02 1.771848e+02
      vertex   -9.440000e+01 3.820000e+02 1.771848e+02
      vertex   -9.110000e+01 3.870000e+02 1.771848e+02
    endloop
  endfacet
  facet normal 0.000000e+00 0.000000e+00 1.000000e+00
    outer loop
      vertex   -9.110000e+01 3.870000e+02 1.771848e+02
      vertex   -9.440000e+01 3.820000e+02 1.771848e+02
      vertex   -9.441490e+01 3.817821e+02 1.771848e+02
    endloop
  endfacet
  facet normal 0.000000e+00 0.000000e+00 1.000000e+00
    outer loop
      vertex   -9.110000e+01 3.870000e+02 1.771848e+02
      vertex   -9.441490e+01 3.817821e+02 1.771848e+02
      vertex   -9.110000e+01 3.750940e+02 1.771848e+02
    endloop
  endfacet
  facet normal 0.000000e+00 0.000000e+00 1.000000e+00
    outer loop
      vertex   -9.110000e+01 3.750940e+02 1.771848e+02
      vertex   -9.441490e+01 3.817821e+02 1.771848e+02
      vertex   -9.445933e+01 3.815683e+02 1.771848e+02
    endloop
  endfacet
  facet normal 0.000000e+00 0.000000e+00 1.000000e+00
    outer loop
      vertex   -9.110000e+01 3.750940e+02 1.771848e+02
      vertex   -9.445933e+01 3.815683e+02 1.771848e+02
      vertex   -9.453246e+01 3.813626e+02 1.771848e+02
    endloop
  endfacet
  facet normal 0.000000e+00 0.000000e+00 1.000000e+00
    outer loop
      vertex   -9.453246e+01 3.813626e+02 1.771848e+02
      vertex   -9.463293e+01 3.811687e+02 1.771848e+02
      vertex   -9.110000e+01 3.750940e+02 1.771848e+02
    endloop
  endfacet
  facet normal 0.000000e+00 0.000000e+00 1.000000e+00
    outer loop
      vertex   -9.110000e+01 3.750940e+02 1.771848e+02
      vertex   -9.463293e+01 3.811687e+02 1.771848e+02
      vertex   -9.475886e+01 3.809903e+02 1.771848e+02
    endloop
  endfacet
  facet normal 0.000000e+00 0.000000e+00 1.000000e+00
    outer loop
      vertex   -9.110000e+01 3.750940e+02 1.771848e+02
      vertex   -9.475886e+01 3.809903e+02 1.771848e+02
      vertex   -9.490792e+01 3.808307e+02 1.771848e+02
    endloop
  endfacet
  facet normal 0.000000e+00 0.000000e+00 1.000000e+00
    outer loop
      vertex   -9.490792e+01 3.808307e+02 1.771848e+02
      vertex   -9.507731e+01 3.806929e+02 1.771848e+02
      vertex   -9.110000e+01 3.750940e+02 1.771848e+02
    endloop
  endfacet
  facet normal 0.000000e+00 0.000000e+00 1.000000e+00
    outer loop
      vertex   -9.110000e+01 3.750940e+02 1.771848e+02
      vertex   -9.507731e+01 3.806929e+02 1.771848e+02
      vertex   -9.526390e+01 3.805794e+02 1.771848e+02
    endloop
  endfacet
  facet normal 0.000000e+00 0.000000e+00 1.000000e+00
    outer loop
      vertex   -9.110000e+01 3.750940e+02 1.771848e+02
      vertex   -9.526390e+01 3.805794e+02 1.771848e+02
      vertex   -9.760000e+01 3.750940e+02 1.771848e+02
    endloop
  endfacet
  facet normal 0.000000e+00 0.000000e+00 1.000000e+00
    outer loop
      vertex   -9.760000e+01 3.750940e+02 1.771848e+02
      vertex   -9.526390e+01 3.805794e+02 1.771848e+02
      vertex   -9.546419e+01 3.804924e+02 1.771848e+02
    endloop
  endfacet
  facet normal 0.000000e+00 0.000000e+00 1.000000e+00
    outer loop
      vertex   -9.760000e+01 3.750940e+02 1.771848e+02
      vertex   -9.546419e+01 3.804924e+02 1.771848e+02
      vertex   -9.567447e+01 3.804335e+02 1.771848e+02
    endloop
  endfacet
  facet normal 0.000000e+00 0.000000e+00 1.000000e+00
    outer loop
      vertex   -9.567447e+01 3.804335e+02 1.771848e+02
      vertex   -9.589081e+01 3.804037e+02 1.771848e+02
      vertex   -9.760000e+01 3.750940e+02 1.771848e+02
    endloop
  endfacet
  facet normal 0.000000e+00 0.000000e+00 1.000000e+00
    outer loop
      vertex   -9.760000e+01 3.750940e+02 1.771848e+02
      vertex   -9.589081e+01 3.804037e+02 1.771848e+02
      vertex   -9.610919e+01 3.804037e+02 1.771848e+02
    endloop
  endfacet
  facet normal 0.000000e+00 0.000000e+00 1.000000e+00
    outer loop
      vertex   -9.760000e+01 3.750940e+02 1.771848e+02
      vertex   -9.610919e+01 3.804037e+02 1.771848e+02
      vertex   -9.632553e+01 3.804335e+02 1.771848e+02
    endloop
  endfacet
  facet normal 0.000000e+00 0.000000e+00 1.000000e+00
    outer loop
      vertex   -9.632553e+01 3.804335e+02 1.771848e+02
      vertex   -9.653581e+01 3.804924e+02 1.771848e+02
      vertex   -9.760000e+01 3.750940e+02 1.771848e+02
    endloop
  endfacet
  facet normal 0.000000e+00 0.000000e+00 1.000000e+00
    outer loop
      vertex   -9.760000e+01 3.750940e+02 1.771848e+02
      vertex   -9.653581e+01 3.804924e+02 1.771848e+02
      vertex   -9.673611e+01 3.805794e+02 1.771848e+02
    endloop
  endfacet
  facet normal 0.000000e+00 0.000000e+00 1.000000e+00
    outer loop
      vertex   -9.760000e+01 3.750940e+02 1.771848e+02
      vertex   -9.673611e+01 3.805794e+02 1.771848e+02
      vertex   -9.692269e+01 3.806929e+02 1.771848e+02
    endloop
  endfacet
  facet normal 0.000000e+00 0.000000e+00 1.000000e+00
    outer loop
      vertex   -9.692269e+01 3.806929e+02 1.771848e+02
      vertex   -9.709209e+01 3.808307e+02 1.771848e+02
      vertex   -9.760000e+01 3.750940e+02 1.771848e+02
    endloop
  endfacet
  facet normal 0.000000e+00 0.000000e+00 1.000000e+00
    outer loop
      vertex   -9.760000e+01 3.750940e+02 1.771848e+02
      vertex   -9.709209e+01 3.808307e+02 1.771848e+02
      vertex   -9.724114e+01 3.809903e+02 1.771848e+02
    endloop
  endfacet
  facet normal 0.000000e+00 0.000000e+00 1.000000e+00
    outer loop
      vertex   -9.760000e+01 3.750940e+02 1.771848e+02
      vertex   -9.724114e+01 3.809903e+02 1.771848e+02
      vertex   -9.736707e+01 3.811687e+02 1.771848e+02
    endloop
  endfacet
  facet normal 0.000000e+00 0.000000e+00 1.000000e+00
    outer loop
      vertex   -9.736707e+01 3.811687e+02 1.771848e+02
      vertex   -9.746754e+01 3.813626e+02 1.771848e+02
      vertex   -9.760000e+01 3.750940e+02 1.771848e+02
    endloop
  endfacet
  facet normal 0.000000e+00 0.000000e+00 1.000000e+00
    outer loop
      vertex   -9.760000e+01 3.750940e+02 1.771848e+02
      vertex   -9.746754e+01 3.813626e+02 1.771848e+02
      vertex   -9.754067e+01 3.815683e+02 1.771848e+02
    endloop
  endfacet
  facet normal 0.000000e+00 0.000000e+00 1.000000e+00
    outer loop
      vertex   -9.760000e+01 3.750940e+02 1.771848e+02
      vertex   -9.754067e+01 3.815683e+02 1.771848e+02
      vertex   -9.758510e+01 3.817821e+02 1.771848e+02
    endloop
  endfacet
  facet normal 0.000000e+00 0.000000e+00 1.000000e+00
    outer loop
      vertex   -9.758510e+01 3.817821e+02 1.771848e+02
      vertex   -9.760000e+01 3.820000e+02 1.771848e+02
      vertex   -9.760000e+01 3.750940e+02 1.771848e+02
    endloop
  endfacet
  facet normal 0.000000e+00 -0.000000e+00 1.000000e+00
    outer loop
      vertex   -8.870000e+01 3.870000e+02 1.771848e+02
      vertex   -8.870000e+01 3.878509e+02 1.771848e+02
      vertex   -9.110000e+01 3.870000e+02 1.771848e+02
    endloop
  endfacet
  facet normal 0.000000e+00 -0.000000e+00 1.000000e+00
    outer loop
      vertex   -9.110000e+01 3.870000e+02 1.771848e+02
      vertex   -8.870000e+01 3.878509e+02 1.771848e+02
      vertex   -9.760000e+01 3.878509e+02 1.771848e+02
    endloop
  endfacet
  facet normal 7.340225e-01 1.208341e-14 6.791251e-01
    outer loop
      vertex   -9.760000e+01 3.750940e+02 1.771848e+02
      vertex   -9.760000e+01 3.820000e+02 1.771848e+02
      vertex   -9.975000e+01 3.750940e+02 1.795086e+02
    endloop
  endfacet
  facet normal 7.340225e-01 -0.000000e+00 6.791251e-01
    outer loop
      vertex   -9.975000e+01 3.750940e+02 1.795086e+02
      vertex   -9.760000e+01 3.820000e+02 1.771848e+02
      vertex   -9.975000e+01 3.878509e+02 1.795086e+02
    endloop
  endfacet
  facet normal 7.340225e-01 0.000000e+00 6.791251e-01
    outer loop
      vertex   -9.975000e+01 3.878509e+02 1.795086e+02
      vertex   -9.760000e+01 3.820000e+02 1.771848e+02
      vertex   -9.760000e+01 3.840000e+02 1.771848e+02
    endloop
  endfacet
  facet normal 7.340225e-01 -2.163725e-14 6.791251e-01
    outer loop
      vertex   -9.975000e+01 3.878509e+02 1.795086e+02
      vertex   -9.760000e+01 3.840000e+02 1.771848e+02
      vertex   -9.760000e+01 3.878509e+02 1.771848e+02
    endloop
  endfacet
  facet normal -7.340225e-01 0.000000e+00 6.791251e-01
    outer loop
      vertex   -1.019000e+02 3.750940e+02 1.771848e+02
      vertex   -9.975000e+01 3.750940e+02 1.795086e+02
      vertex   -1.019000e+02 3.820000e+02 1.771848e+02
    endloop
  endfacet
  facet normal -7.340225e-01 0.000000e+00 6.791251e-01
    outer loop
      vertex   -1.019000e+02 3.820000e+02 1.771848e+02
      vertex   -9.975000e+01 3.750940e+02 1.795086e+02
      vertex   -9.975000e+01 3.878509e+02 1.795086e+02
    endloop
  endfacet
  facet normal -7.340225e-01 0.000000e+00 6.791251e-01
    outer loop
      vertex   -1.019000e+02 3.820000e+02 1.771848e+02
      vertex   -9.975000e+01 3.878509e+02 1.795086e+02
      vertex   -1.019000e+02 3.840000e+02 1.771848e+02
    endloop
  endfacet
  facet normal -7.340225e-01 0.000000e+00 6.791251e-01
    outer loop
      vertex   -1.019000e+02 3.840000e+02 1.771848e+02
      vertex   -9.975000e+01 3.878509e+02 1.795086e+02
      vertex   -1.019000e+02 3.878509e+02 1.771848e+02
    endloop
  endfacet
  facet normal 0.000000e+00 1.000000e+00 2.267297e-14
    outer loop
      vertex   -1.420000e+02 3.870000e+02 2.223126e+02
      vertex   -1.420000e+02 3.870000e+02 1.771848e+02
      vertex   -1.443000e+02 3.870000e+02 2.223126e+02
    endloop
  endfacet
  facet normal 0.000000e+00 1.000000e+00 2.267297e-14
    outer loop
      vertex   -1.443000e+02 3.870000e+02 2.223126e+02
      vertex   -1.420000e+02 3.870000e+02 1.771848e+02
      vertex   -1.443000e+02 3.870000e+02 1.771848e+02
    endloop
  endfacet
  facet normal -1.062962e-14 -2.355912e-14 1.000000e+00
    outer loop
      vertex   -1.071460e+02 3.750940e+02 2.261848e+02
      vertex   -1.259116e+02 3.835608e+02 2.261848e+02
      vertex   -1.419057e+02 3.750940e+02 2.261848e+02
    endloop
  endfacet
  facet normal -1.429592e-15 -4.093815e-14 1.000000e+00
    outer loop
      vertex   -1.419057e+02 3.750940e+02 2.261848e+02
      vertex   -1.259116e+02 3.835608e+02 2.261848e+02
      vertex   -1.261417e+02 3.835688e+02 2.261848e+02
    endloop
  endfacet
  facet normal -5.788766e-15 -3.282973e-14 1.000000e+00
    outer loop
      vertex   -1.419057e+02 3.750940e+02 2.261848e+02
      vertex   -1.261417e+02 3.835688e+02 2.261848e+02
      vertex   -1.263684e+02 3.836088e+02 2.261848e+02
    endloop
  endfacet
  facet normal 0.000000e+00 0.000000e+00 1.000000e+00
    outer loop
      vertex   -1.071460e+02 3.908902e+02 2.261848e+02
      vertex   -1.113831e+02 3.847550e+02 2.261848e+02
      vertex   -1.071460e+02 3.750940e+02 2.261848e+02
    endloop
  endfacet
  facet normal 0.000000e+00 0.000000e+00 1.000000e+00
    outer loop
      vertex   -1.071460e+02 3.750940e+02 2.261848e+02
      vertex   -1.113831e+02 3.847550e+02 2.261848e+02
      vertex   -1.114619e+02 3.845387e+02 2.261848e+02
    endloop
  endfacet
  facet normal 0.000000e+00 0.000000e+00 1.000000e+00
    outer loop
      vertex   -1.071460e+02 3.750940e+02 2.261848e+02
      vertex   -1.114619e+02 3.845387e+02 2.261848e+02
      vertex   -1.115699e+02 3.843354e+02 2.261848e+02
    endloop
  endfacet
  facet normal -0.000000e+00 0.000000e+00 1.000000e+00
    outer loop
      vertex   -1.434423e+02 3.908902e+02 2.261848e+02
      vertex   -1.259116e+02 3.868588e+02 2.261848e+02
      vertex   -1.071460e+02 3.908902e+02 2.261848e+02
    endloop
  endfacet
  facet normal 0.000000e+00 0.000000e+00 1.000000e+00
    outer loop
      vertex   -1.071460e+02 3.908902e+02 2.261848e+02
      vertex   -1.259116e+02 3.868588e+02 2.261848e+02
      vertex   -1.256827e+02 3.868347e+02 2.261848e+02
    endloop
  endfacet
  facet normal 0.000000e+00 0.000000e+00 1.000000e+00
    outer loop
      vertex   -1.071460e+02 3.908902e+02 2.261848e+02
      vertex   -1.256827e+02 3.868347e+02 2.261848e+02
      vertex   -1.254593e+02 3.867790e+02 2.261848e+02
    endloop
  endfacet
  facet normal -0.000000e+00 0.000000e+00 1.000000e+00
    outer loop
      vertex   -1.436388e+02 3.905749e+02 2.261848e+02
      vertex   -1.269851e+02 3.865100e+02 2.261848e+02
      vertex   -1.434423e+02 3.908902e+02 2.261848e+02
    endloop
  endfacet
  facet normal 0.000000e+00 0.000000e+00 1.000000e+00
    outer loop
      vertex   -1.434423e+02 3.908902e+02 2.261848e+02
      vertex   -1.269851e+02 3.865100e+02 2.261848e+02
      vertex   -1.267942e+02 3.866387e+02 2.261848e+02
    endloop
  endfacet
  facet normal 0.000000e+00 0.000000e+00 1.000000e+00
    outer loop
      vertex   -1.434423e+02 3.908902e+02 2.261848e+02
      vertex   -1.267942e+02 3.866387e+02 2.261848e+02
      vertex   -1.265873e+02 3.867397e+02 2.261848e+02
    endloop
  endfacet
  facet normal 0.000000e+00 0.000000e+00 1.000000e+00
    outer loop
      vertex   -1.436388e+02 3.905749e+02 2.261848e+02
      vertex   -1.438113e+02 3.902460e+02 2.261848e+02
      vertex   -1.269851e+02 3.865100e+02 2.261848e+02
    endloop
  endfacet
  facet normal 0.000000e+00 0.000000e+00 1.000000e+00
    outer loop
      vertex   -1.269851e+02 3.865100e+02 2.261848e+02
      vertex   -1.438113e+02 3.902460e+02 2.261848e+02
      vertex   -1.439589e+02 3.899052e+02 2.261848e+02
    endloop
  endfacet
  facet normal 0.000000e+00 0.000000e+00 1.000000e+00
    outer loop
      vertex   -1.269851e+02 3.865100e+02 2.261848e+02
      vertex   -1.439589e+02 3.899052e+02 2.261848e+02
      vertex   -1.440808e+02 3.895543e+02 2.261848e+02
    endloop
  endfacet
  facet normal 0.000000e+00 0.000000e+00 1.000000e+00
    outer loop
      vertex   -1.440808e+02 3.895543e+02 2.261848e+02
      vertex   -1.441763e+02 3.891953e+02 2.261848e+02
      vertex   -1.269851e+02 3.865100e+02 2.261848e+02
    endloop
  endfacet
  facet normal 0.000000e+00 0.000000e+00 1.000000e+00
    outer loop
      vertex   -1.269851e+02 3.865100e+02 2.261848e+02
      vertex   -1.441763e+02 3.891953e+02 2.261848e+02
      vertex   -1.271561e+02 3.863560e+02 2.261848e+02
    endloop
  endfacet
  facet normal 0.000000e+00 0.000000e+00 1.000000e+00
    outer loop
      vertex   -1.271561e+02 3.863560e+02 2.261848e+02
      vertex   -1.441763e+02 3.891953e+02 2.261848e+02
      vertex   -1.442449e+02 3.888303e+02 2.261848e+02
    endloop
  endfacet
  facet normal 0.000000e+00 0.000000e+00 1.000000e+00
    outer loop
      vertex   -1.271561e+02 3.863560e+02 2.261848e+02
      vertex   -1.442449e+02 3.888303e+02 2.261848e+02
      vertex   -1.442862e+02 3.884612e+02 2.261848e+02
    endloop
  endfacet
  facet normal 0.000000e+00 0.000000e+00 1.000000e+00
    outer loop
      vertex   -1.442862e+02 3.884612e+02 2.261848e+02
      vertex   -1.443000e+02 3.880900e+02 2.261848e+02
      vertex   -1.271561e+02 3.863560e+02 2.261848e+02
    endloop
  endfacet
  facet normal 0.000000e+00 0.000000e+00 1.000000e+00
    outer loop
      vertex   -1.271561e+02 3.863560e+02 2.261848e+02
      vertex   -1.443000e+02 3.880900e+02 2.261848e+02
      vertex   -1.273041e+02 3.861796e+02 2.261848e+02
    endloop
  endfacet
  facet normal 0.000000e+00 0.000000e+00 1.000000e+00
    outer loop
      vertex   -1.273041e+02 3.861796e+02 2.261848e+02
      vertex   -1.443000e+02 3.880900e+02 2.261848e+02
      vertex   -1.274261e+02 3.859844e+02 2.261848e+02
    endloop
  endfacet
  facet normal 0.000000e+00 0.000000e+00 1.000000e+00
    outer loop
      vertex   -1.274261e+02 3.859844e+02 2.261848e+02
      vertex   -1.443000e+02 3.880900e+02 2.261848e+02
      vertex   -1.275197e+02 3.857741e+02 2.261848e+02
    endloop
  endfacet
  facet normal 0.000000e+00 0.000000e+00 1.000000e+00
    outer loop
      vertex   -1.275197e+02 3.857741e+02 2.261848e+02
      vertex   -1.443000e+02 3.880900e+02 2.261848e+02
      vertex   -1.275832e+02 3.855529e+02 2.261848e+02
    endloop
  endfacet
  facet normal 0.000000e+00 0.000000e+00 1.000000e+00
    outer loop
      vertex   -1.275832e+02 3.855529e+02 2.261848e+02
      vertex   -1.443000e+02 3.880900e+02 2.261848e+02
      vertex   -1.276152e+02 3.853249e+02 2.261848e+02
    endloop
  endfacet
  facet normal 0.000000e+00 0.000000e+00 1.000000e+00
    outer loop
      vertex   -1.276152e+02 3.853249e+02 2.261848e+02
      vertex   -1.443000e+02 3.880900e+02 2.261848e+02
      vertex   -1.276152e+02 3.850947e+02 2.261848e+02
    endloop
  endfacet
  facet normal 0.000000e+00 0.000000e+00 1.000000e+00
    outer loop
      vertex   -1.276152e+02 3.850947e+02 2.261848e+02
      vertex   -1.443000e+02 3.880900e+02 2.261848e+02
      vertex   -1.275832e+02 3.848667e+02 2.261848e+02
    endloop
  endfacet
  facet normal 0.000000e+00 0.000000e+00 1.000000e+00
    outer loop
      vertex   -1.275832e+02 3.848667e+02 2.261848e+02
      vertex   -1.443000e+02 3.880900e+02 2.261848e+02
      vertex   -1.275197e+02 3.846455e+02 2.261848e+02
    endloop
  endfacet
  facet normal 0.000000e+00 0.000000e+00 1.000000e+00
    outer loop
      vertex   -1.275197e+02 3.846455e+02 2.261848e+02
      vertex   -1.443000e+02 3.880900e+02 2.261848e+02
      vertex   -1.274261e+02 3.844352e+02 2.261848e+02
    endloop
  endfacet
  facet normal 0.000000e+00 0.000000e+00 1.000000e+00
    outer loop
      vertex   -1.274261e+02 3.844352e+02 2.261848e+02
      vertex   -1.443000e+02 3.880900e+02 2.261848e+02
      vertex   -1.273041e+02 3.842400e+02 2.261848e+02
    endloop
  endfacet
  facet normal -6.720763e-15 -2.966853e-14 1.000000e+00
    outer loop
      vertex   -1.273041e+02 3.842400e+02 2.261848e+02
      vertex   -1.443000e+02 3.880900e+02 2.261848e+02
      vertex   -1.419057e+02 3.750940e+02 2.261848e+02
    endloop
  endfacet
  facet normal -1.658657e-14 -1.391778e-14 1.000000e+00
    outer loop
      vertex   -1.273041e+02 3.842400e+02 2.261848e+02
      vertex   -1.419057e+02 3.750940e+02 2.261848e+02
      vertex   -1.271561e+02 3.840636e+02 2.261848e+02
    endloop
  endfacet
  facet normal -1.495191e-14 -1.660578e-14 1.000000e+00
    outer loop
      vertex   -1.271561e+02 3.840636e+02 2.261848e+02
      vertex   -1.419057e+02 3.750940e+02 2.261848e+02
      vertex   -1.269851e+02 3.839096e+02 2.261848e+02
    endloop
  endfacet
  facet normal -1.320035e-14 -1.957033e-14 1.000000e+00
    outer loop
      vertex   -1.269851e+02 3.839096e+02 2.261848e+02
      vertex   -1.419057e+02 3.750940e+02 2.261848e+02
      vertex   -1.267942e+02 3.837809e+02 2.261848e+02
    endloop
  endfacet
  facet normal -1.122287e-14 -2.301030e-14 1.000000e+00
    outer loop
      vertex   -1.267942e+02 3.837809e+02 2.261848e+02
      vertex   -1.419057e+02 3.750940e+02 2.261848e+02
      vertex   -1.265873e+02 3.836799e+02 2.261848e+02
    endloop
  endfacet
  facet normal -8.851288e-15 -2.724146e-14 1.000000e+00
    outer loop
      vertex   -1.265873e+02 3.836799e+02 2.261848e+02
      vertex   -1.419057e+02 3.750940e+02 2.261848e+02
      vertex   -1.263684e+02 3.836088e+02 2.261848e+02
    endloop
  endfacet
  facet normal 2.894141e-14 -2.309833e-14 1.000000e+00
    outer loop
      vertex   -1.443000e+02 3.880900e+02 2.261848e+02
      vertex   -1.443000e+02 3.720940e+02 2.261848e+02
      vertex   -1.419057e+02 3.750940e+02 2.261848e+02
    endloop
  endfacet
  facet normal 0.000000e+00 0.000000e+00 1.000000e+00
    outer loop
      vertex   -1.419057e+02 3.750940e+02 2.261848e+02
      vertex   -1.443000e+02 3.720940e+02 2.261848e+02
      vertex   -1.419057e+02 3.720940e+02 2.261848e+02
    endloop
  endfacet
  facet normal -0.000000e+00 0.000000e+00 1.000000e+00
    outer loop
      vertex   -1.113353e+02 3.854394e+02 2.261848e+02
      vertex   -1.113192e+02 3.852098e+02 2.261848e+02
      vertex   -1.071460e+02 3.908902e+02 2.261848e+02
    endloop
  endfacet
  facet normal 0.000000e+00 0.000000e+00 1.000000e+00
    outer loop
      vertex   -1.071460e+02 3.908902e+02 2.261848e+02
      vertex   -1.113192e+02 3.852098e+02 2.261848e+02
      vertex   -1.113353e+02 3.849802e+02 2.261848e+02
    endloop
  endfacet
  facet normal 0.000000e+00 0.000000e+00 1.000000e+00
    outer loop
      vertex   -1.071460e+02 3.908902e+02 2.261848e+02
      vertex   -1.113353e+02 3.849802e+02 2.261848e+02
      vertex   -1.113831e+02 3.847550e+02 2.261848e+02
    endloop
  endfacet
  facet normal 0.000000e+00 0.000000e+00 1.000000e+00
    outer loop
      vertex   -1.115699e+02 3.843354e+02 2.261848e+02
      vertex   -1.117052e+02 3.841492e+02 2.261848e+02
      vertex   -1.071460e+02 3.750940e+02 2.261848e+02
    endloop
  endfacet
  facet normal 0.000000e+00 0.000000e+00 1.000000e+00
    outer loop
      vertex   -1.071460e+02 3.750940e+02 2.261848e+02
      vertex   -1.117052e+02 3.841492e+02 2.261848e+02
      vertex   -1.118652e+02 3.839836e+02 2.261848e+02
    endloop
  endfacet
  facet normal 0.000000e+00 0.000000e+00 1.000000e+00
    outer loop
      vertex   -1.071460e+02 3.750940e+02 2.261848e+02
      vertex   -1.118652e+02 3.839836e+02 2.261848e+02
      vertex   -1.120466e+02 3.838419e+02 2.261848e+02
    endloop
  endfacet
  facet normal 0.000000e+00 0.000000e+00 1.000000e+00
    outer loop
      vertex   -1.120466e+02 3.838419e+02 2.261848e+02
      vertex   -1.122459e+02 3.837268e+02 2.261848e+02
      vertex   -1.071460e+02 3.750940e+02 2.261848e+02
    endloop
  endfacet
  facet normal 0.000000e+00 0.000000e+00 1.000000e+00
    outer loop
      vertex   -1.071460e+02 3.750940e+02 2.261848e+02
      vertex   -1.122459e+02 3.837268e+02 2.261848e+02
      vertex   -1.124593e+02 3.836406e+02 2.261848e+02
    endloop
  endfacet
  facet normal 0.000000e+00 0.000000e+00 1.000000e+00
    outer loop
      vertex   -1.071460e+02 3.750940e+02 2.261848e+02
      vertex   -1.124593e+02 3.836406e+02 2.261848e+02
      vertex   -1.126827e+02 3.835849e+02 2.261848e+02
    endloop
  endfacet
  facet normal 0.000000e+00 0.000000e+00 1.000000e+00
    outer loop
      vertex   -1.126827e+02 3.835849e+02 2.261848e+02
      vertex   -1.129116e+02 3.835608e+02 2.261848e+02
      vertex   -1.071460e+02 3.750940e+02 2.261848e+02
    endloop
  endfacet
  facet normal 0.000000e+00 0.000000e+00 1.000000e+00
    outer loop
      vertex   -1.071460e+02 3.750940e+02 2.261848e+02
      vertex   -1.129116e+02 3.835608e+02 2.261848e+02
      vertex   -1.131417e+02 3.835688e+02 2.261848e+02
    endloop
  endfacet
  facet normal 0.000000e+00 0.000000e+00 1.000000e+00
    outer loop
      vertex   -1.071460e+02 3.750940e+02 2.261848e+02
      vertex   -1.131417e+02 3.835688e+02 2.261848e+02
      vertex   -1.133684e+02 3.836088e+02 2.261848e+02
    endloop
  endfacet
  facet normal 0.000000e+00 0.000000e+00 1.000000e+00
    outer loop
      vertex   -1.071460e+02 3.750940e+02 2.261848e+02
      vertex   -1.133684e+02 3.836088e+02 2.261848e+02
      vertex   -1.254593e+02 3.836406e+02 2.261848e+02
    endloop
  endfacet
  facet normal -0.000000e+00 0.000000e+00 1.000000e+00
    outer loop
      vertex   -1.254593e+02 3.836406e+02 2.261848e+02
      vertex   -1.133684e+02 3.836088e+02 2.261848e+02
      vertex   -1.135873e+02 3.836799e+02 2.261848e+02
    endloop
  endfacet
  facet normal 0.000000e+00 0.000000e+00 1.000000e+00
    outer loop
      vertex   -1.254593e+02 3.836406e+02 2.261848e+02
      vertex   -1.135873e+02 3.836799e+02 2.261848e+02
      vertex   -1.252459e+02 3.837268e+02 2.261848e+02
    endloop
  endfacet
  facet normal -0.000000e+00 0.000000e+00 1.000000e+00
    outer loop
      vertex   -1.252459e+02 3.837268e+02 2.261848e+02
      vertex   -1.135873e+02 3.836799e+02 2.261848e+02
      vertex   -1.137942e+02 3.837809e+02 2.261848e+02
    endloop
  endfacet
  facet normal 0.000000e+00 0.000000e+00 1.000000e+00
    outer loop
      vertex   -1.252459e+02 3.837268e+02 2.261848e+02
      vertex   -1.137942e+02 3.837809e+02 2.261848e+02
      vertex   -1.250466e+02 3.838419e+02 2.261848e+02
    endloop
  endfacet
  facet normal -0.000000e+00 0.000000e+00 1.000000e+00
    outer loop
      vertex   -1.250466e+02 3.838419e+02 2.261848e+02
      vertex   -1.137942e+02 3.837809e+02 2.261848e+02
      vertex   -1.139851e+02 3.839096e+02 2.261848e+02
    endloop
  endfacet
  facet normal 0.000000e+00 0.000000e+00 1.000000e+00
    outer loop
      vertex   -1.250466e+02 3.838419e+02 2.261848e+02
      vertex   -1.139851e+02 3.839096e+02 2.261848e+02
      vertex   -1.248652e+02 3.839836e+02 2.261848e+02
    endloop
  endfacet
  facet normal -0.000000e+00 0.000000e+00 1.000000e+00
    outer loop
      vertex   -1.248652e+02 3.839836e+02 2.261848e+02
      vertex   -1.139851e+02 3.839096e+02 2.261848e+02
      vertex   -1.141561e+02 3.840636e+02 2.261848e+02
    endloop
  endfacet
  facet normal 0.000000e+00 0.000000e+00 1.000000e+00
    outer loop
      vertex   -1.248652e+02 3.839836e+02 2.261848e+02
      vertex   -1.141561e+02 3.840636e+02 2.261848e+02
      vertex   -1.247052e+02 3.841492e+02 2.261848e+02
    endloop
  endfacet
  facet normal -0.000000e+00 0.000000e+00 1.000000e+00
    outer loop
      vertex   -1.247052e+02 3.841492e+02 2.261848e+02
      vertex   -1.141561e+02 3.840636e+02 2.261848e+02
      vertex   -1.143041e+02 3.842400e+02 2.261848e+02
    endloop
  endfacet
  facet normal 0.000000e+00 0.000000e+00 1.000000e+00
    outer loop
      vertex   -1.247052e+02 3.841492e+02 2.261848e+02
      vertex   -1.143041e+02 3.842400e+02 2.261848e+02
      vertex   -1.245699e+02 3.843354e+02 2.261848e+02
    endloop
  endfacet
  facet normal -0.000000e+00 0.000000e+00 1.000000e+00
    outer loop
      vertex   -1.245699e+02 3.843354e+02 2.261848e+02
      vertex   -1.143041e+02 3.842400e+02 2.261848e+02
      vertex   -1.144261e+02 3.844352e+02 2.261848e+02
    endloop
  endfacet
  facet normal 0.000000e+00 0.000000e+00 1.000000e+00
    outer loop
      vertex   -1.245699e+02 3.843354e+02 2.261848e+02
      vertex   -1.144261e+02 3.844352e+02 2.261848e+02
      vertex   -1.244619e+02 3.845387e+02 2.261848e+02
    endloop
  endfacet
  facet normal -0.000000e+00 0.000000e+00 1.000000e+00
    outer loop
      vertex   -1.244619e+02 3.845387e+02 2.261848e+02
      vertex   -1.144261e+02 3.844352e+02 2.261848e+02
      vertex   -1.145197e+02 3.846455e+02 2.261848e+02
    endloop
  endfacet
  facet normal 0.000000e+00 0.000000e+00 1.000000e+00
    outer loop
      vertex   -1.244619e+02 3.845387e+02 2.261848e+02
      vertex   -1.145197e+02 3.846455e+02 2.261848e+02
      vertex   -1.243831e+02 3.847550e+02 2.261848e+02
    endloop
  endfacet
  facet normal -0.000000e+00 0.000000e+00 1.000000e+00
    outer loop
      vertex   -1.243831e+02 3.847550e+02 2.261848e+02
      vertex   -1.145197e+02 3.846455e+02 2.261848e+02
      vertex   -1.145832e+02 3.848667e+02 2.261848e+02
    endloop
  endfacet
  facet normal 0.000000e+00 0.000000e+00 1.000000e+00
    outer loop
      vertex   -1.243831e+02 3.847550e+02 2.261848e+02
      vertex   -1.145832e+02 3.848667e+02 2.261848e+02
      vertex   -1.243353e+02 3.849802e+02 2.261848e+02
    endloop
  endfacet
  facet normal -0.000000e+00 0.000000e+00 1.000000e+00
    outer loop
      vertex   -1.243353e+02 3.849802e+02 2.261848e+02
      vertex   -1.145832e+02 3.848667e+02 2.261848e+02
      vertex   -1.146152e+02 3.850947e+02 2.261848e+02
    endloop
  endfacet
  facet normal 0.000000e+00 0.000000e+00 1.000000e+00
    outer loop
      vertex   -1.243353e+02 3.849802e+02 2.261848e+02
      vertex   -1.146152e+02 3.850947e+02 2.261848e+02
      vertex   -1.243192e+02 3.852098e+02 2.261848e+02
    endloop
  endfacet
  facet normal -0.000000e+00 0.000000e+00 1.000000e+00
    outer loop
      vertex   -1.243192e+02 3.852098e+02 2.261848e+02
      vertex   -1.146152e+02 3.850947e+02 2.261848e+02
      vertex   -1.146152e+02 3.853249e+02 2.261848e+02
    endloop
  endfacet
  facet normal 0.000000e+00 -0.000000e+00 1.000000e+00
    outer loop
      vertex   -1.243192e+02 3.852098e+02 2.261848e+02
      vertex   -1.146152e+02 3.853249e+02 2.261848e+02
      vertex   -1.243353e+02 3.854394e+02 2.261848e+02
    endloop
  endfacet
  facet normal -0.000000e+00 0.000000e+00 1.000000e+00
    outer loop
      vertex   -1.243353e+02 3.854394e+02 2.261848e+02
      vertex   -1.146152e+02 3.853249e+02 2.261848e+02
      vertex   -1.145832e+02 3.855529e+02 2.261848e+02
    endloop
  endfacet
  facet normal 0.000000e+00 -0.000000e+00 1.000000e+00
    outer loop
      vertex   -1.243353e+02 3.854394e+02 2.261848e+02
      vertex   -1.145832e+02 3.855529e+02 2.261848e+02
      vertex   -1.243831e+02 3.856646e+02 2.261848e+02
    endloop
  endfacet
  facet normal -0.000000e+00 0.000000e+00 1.000000e+00
    outer loop
      vertex   -1.243831e+02 3.856646e+02 2.261848e+02
      vertex   -1.145832e+02 3.855529e+02 2.261848e+02
      vertex   -1.145197e+02 3.857741e+02 2.261848e+02
    endloop
  endfacet
  facet normal 0.000000e+00 -0.000000e+00 1.000000e+00
    outer loop
      vertex   -1.243831e+02 3.856646e+02 2.261848e+02
      vertex   -1.145197e+02 3.857741e+02 2.261848e+02
      vertex   -1.244619e+02 3.858809e+02 2.261848e+02
    endloop
  endfacet
  facet normal -0.000000e+00 0.000000e+00 1.000000e+00
    outer loop
      vertex   -1.244619e+02 3.858809e+02 2.261848e+02
      vertex   -1.145197e+02 3.857741e+02 2.261848e+02
      vertex   -1.144261e+02 3.859844e+02 2.261848e+02
    endloop
  endfacet
  facet normal 0.000000e+00 -0.000000e+00 1.000000e+00
    outer loop
      vertex   -1.244619e+02 3.858809e+02 2.261848e+02
      vertex   -1.144261e+02 3.859844e+02 2.261848e+02
      vertex   -1.245699e+02 3.860842e+02 2.261848e+02
    endloop
  endfacet
  facet normal -0.000000e+00 0.000000e+00 1.000000e+00
    outer loop
      vertex   -1.245699e+02 3.860842e+02 2.261848e+02
      vertex   -1.144261e+02 3.859844e+02 2.261848e+02
      vertex   -1.143041e+02 3.861796e+02 2.261848e+02
    endloop
  endfacet
  facet normal 0.000000e+00 -0.000000e+00 1.000000e+00
    outer loop
      vertex   -1.245699e+02 3.860842e+02 2.261848e+02
      vertex   -1.143041e+02 3.861796e+02 2.261848e+02
      vertex   -1.247052e+02 3.862704e+02 2.261848e+02
    endloop
  endfacet
  facet normal -0.000000e+00 0.000000e+00 1.000000e+00
    outer loop
      vertex   -1.247052e+02 3.862704e+02 2.261848e+02
      vertex   -1.143041e+02 3.861796e+02 2.261848e+02
      vertex   -1.141561e+02 3.863560e+02 2.261848e+02
    endloop
  endfacet
  facet normal 0.000000e+00 -0.000000e+00 1.000000e+00
    outer loop
      vertex   -1.247052e+02 3.862704e+02 2.261848e+02
      vertex   -1.141561e+02 3.863560e+02 2.261848e+02
      vertex   -1.248652e+02 3.864360e+02 2.261848e+02
    endloop
  endfacet
  facet normal -0.000000e+00 0.000000e+00 1.000000e+00
    outer loop
      vertex   -1.248652e+02 3.864360e+02 2.261848e+02
      vertex   -1.141561e+02 3.863560e+02 2.261848e+02
      vertex   -1.139851e+02 3.865100e+02 2.261848e+02
    endloop
  endfacet
  facet normal 0.000000e+00 -0.000000e+00 1.000000e+00
    outer loop
      vertex   -1.248652e+02 3.864360e+02 2.261848e+02
      vertex   -1.139851e+02 3.865100e+02 2.261848e+02
      vertex   -1.250466e+02 3.865777e+02 2.261848e+02
    endloop
  endfacet
  facet normal -0.000000e+00 0.000000e+00 1.000000e+00
    outer loop
      vertex   -1.250466e+02 3.865777e+02 2.261848e+02
      vertex   -1.139851e+02 3.865100e+02 2.261848e+02
      vertex   -1.137942e+02 3.866387e+02 2.261848e+02
    endloop
  endfacet
  facet normal 0.000000e+00 -0.000000e+00 1.000000e+00
    outer loop
      vertex   -1.250466e+02 3.865777e+02 2.261848e+02
      vertex   -1.137942e+02 3.866387e+02 2.261848e+02
      vertex   -1.252459e+02 3.866928e+02 2.261848e+02
    endloop
  endfacet
  facet normal -0.000000e+00 0.000000e+00 1.000000e+00
    outer loop
      vertex   -1.252459e+02 3.866928e+02 2.261848e+02
      vertex   -1.137942e+02 3.866387e+02 2.261848e+02
      vertex   -1.135873e+02 3.867397e+02 2.261848e+02
    endloop
  endfacet
  facet normal 0.000000e+00 -0.000000e+00 1.000000e+00
    outer loop
      vertex   -1.252459e+02 3.866928e+02 2.261848e+02
      vertex   -1.135873e+02 3.867397e+02 2.261848e+02
      vertex   -1.254593e+02 3.867790e+02 2.261848e+02
    endloop
  endfacet
  facet normal -0.000000e+00 0.000000e+00 1.000000e+00
    outer loop
      vertex   -1.254593e+02 3.867790e+02 2.261848e+02
      vertex   -1.135873e+02 3.867397e+02 2.261848e+02
      vertex   -1.133684e+02 3.868108e+02 2.261848e+02
    endloop
  endfacet
  facet normal 0.000000e+00 0.000000e+00 1.000000e+00
    outer loop
      vertex   -1.254593e+02 3.867790e+02 2.261848e+02
      vertex   -1.133684e+02 3.868108e+02 2.261848e+02
      vertex   -1.071460e+02 3.908902e+02 2.261848e+02
    endloop
  endfacet
  facet normal 0.000000e+00 0.000000e+00 1.000000e+00
    outer loop
      vertex   -1.071460e+02 3.908902e+02 2.261848e+02
      vertex   -1.133684e+02 3.868108e+02 2.261848e+02
      vertex   -1.131417e+02 3.868508e+02 2.261848e+02
    endloop
  endfacet
  facet normal 0.000000e+00 0.000000e+00 1.000000e+00
    outer loop
      vertex   -1.071460e+02 3.908902e+02 2.261848e+02
      vertex   -1.131417e+02 3.868508e+02 2.261848e+02
      vertex   -1.129116e+02 3.868588e+02 2.261848e+02
    endloop
  endfacet
  facet normal -0.000000e+00 0.000000e+00 1.000000e+00
    outer loop
      vertex   -1.129116e+02 3.868588e+02 2.261848e+02
      vertex   -1.126827e+02 3.868347e+02 2.261848e+02
      vertex   -1.071460e+02 3.908902e+02 2.261848e+02
    endloop
  endfacet
  facet normal 0.000000e+00 0.000000e+00 1.000000e+00
    outer loop
      vertex   -1.071460e+02 3.908902e+02 2.261848e+02
      vertex   -1.126827e+02 3.868347e+02 2.261848e+02
      vertex   -1.124593e+02 3.867790e+02 2.261848e+02
    endloop
  endfacet
  facet normal 0.000000e+00 0.000000e+00 1.000000e+00
    outer loop
      vertex   -1.071460e+02 3.908902e+02 2.261848e+02
      vertex   -1.124593e+02 3.867790e+02 2.261848e+02
      vertex   -1.122459e+02 3.866928e+02 2.261848e+02
    endloop
  endfacet
  facet normal -0.000000e+00 0.000000e+00 1.000000e+00
    outer loop
      vertex   -1.122459e+02 3.866928e+02 2.261848e+02
      vertex   -1.120466e+02 3.865777e+02 2.261848e+02
      vertex   -1.071460e+02 3.908902e+02 2.261848e+02
    endloop
  endfacet
  facet normal 0.000000e+00 0.000000e+00 1.000000e+00
    outer loop
      vertex   -1.071460e+02 3.908902e+02 2.261848e+02
      vertex   -1.120466e+02 3.865777e+02 2.261848e+02
      vertex   -1.118652e+02 3.864360e+02 2.261848e+02
    endloop
  endfacet
  facet normal 0.000000e+00 0.000000e+00 1.000000e+00
    outer loop
      vertex   -1.071460e+02 3.908902e+02 2.261848e+02
      vertex   -1.118652e+02 3.864360e+02 2.261848e+02
      vertex   -1.117052e+02 3.862704e+02 2.261848e+02
    endloop
  endfacet
  facet normal -0.000000e+00 0.000000e+00 1.000000e+00
    outer loop
      vertex   -1.117052e+02 3.862704e+02 2.261848e+02
      vertex   -1.115699e+02 3.860842e+02 2.261848e+02
      vertex   -1.071460e+02 3.908902e+02 2.261848e+02
    endloop
  endfacet
  facet normal 0.000000e+00 0.000000e+00 1.000000e+00
    outer loop
      vertex   -1.071460e+02 3.908902e+02 2.261848e+02
      vertex   -1.115699e+02 3.860842e+02 2.261848e+02
      vertex   -1.114619e+02 3.858809e+02 2.261848e+02
    endloop
  endfacet
  facet normal 0.000000e+00 0.000000e+00 1.000000e+00
    outer loop
      vertex   -1.071460e+02 3.908902e+02 2.261848e+02
      vertex   -1.114619e+02 3.858809e+02 2.261848e+02
      vertex   -1.113831e+02 3.856646e+02 2.261848e+02
    endloop
  endfacet
  facet normal -0.000000e+00 0.000000e+00 1.000000e+00
    outer loop
      vertex   -1.113831e+02 3.856646e+02 2.261848e+02
      vertex   -1.113353e+02 3.854394e+02 2.261848e+02
      vertex   -1.071460e+02 3.908902e+02 2.261848e+02
    endloop
  endfacet
  facet normal 0.000000e+00 0.000000e+00 1.000000e+00
    outer loop
      vertex   -1.254593e+02 3.836406e+02 2.261848e+02
      vertex   -1.256827e+02 3.835849e+02 2.261848e+02
      vertex   -1.071460e+02 3.750940e+02 2.261848e+02
    endloop
  endfacet
  facet normal 0.000000e+00 0.000000e+00 1.000000e+00
    outer loop
      vertex   -1.071460e+02 3.750940e+02 2.261848e+02
      vertex   -1.256827e+02 3.835849e+02 2.261848e+02
      vertex   -1.259116e+02 3.835608e+02 2.261848e+02
    endloop
  endfacet
  facet normal 0.000000e+00 -0.000000e+00 1.000000e+00
    outer loop
      vertex   -1.265873e+02 3.867397e+02 2.261848e+02
      vertex   -1.263684e+02 3.868108e+02 2.261848e+02
      vertex   -1.434423e+02 3.908902e+02 2.261848e+02
    endloop
  endfacet
  facet normal 0.000000e+00 0.000000e+00 1.000000e+00
    outer loop
      vertex   -1.434423e+02 3.908902e+02 2.261848e+02
      vertex   -1.263684e+02 3.868108e+02 2.261848e+02
      vertex   -1.261417e+02 3.868508e+02 2.261848e+02
    endloop
  endfacet
  facet normal 0.000000e+00 0.000000e+00 1.000000e+00
    outer loop
      vertex   -1.434423e+02 3.908902e+02 2.261848e+02
      vertex   -1.261417e+02 3.868508e+02 2.261848e+02
      vertex   -1.259116e+02 3.868588e+02 2.261848e+02
    endloop
  endfacet
  facet normal -9.993100e-01 3.714314e-02 1.161333e-10
    outer loop
      vertex   -1.443000e+02 3.880900e+02 2.223126e+02
      vertex   -1.443000e+02 3.880900e+02 2.261848e+02
      vertex   -1.442862e+02 3.884612e+02 2.223126e+02
    endloop
  endfacet
  facet normal -9.993100e-01 3.714314e-02 -5.452580e-16
    outer loop
      vertex   -1.442862e+02 3.884612e+02 2.223126e+02
      vertex   -1.443000e+02 3.880900e+02 2.261848e+02
      vertex   -1.442862e+02 3.884612e+02 2.261848e+02
    endloop
  endfacet
  facet normal -9.937953e-01 1.112244e-01 -1.632765e-15
    outer loop
      vertex   -1.442862e+02 3.884612e+02 2.223126e+02
      vertex   -1.442862e+02 3.884612e+02 2.261848e+02
      vertex   -1.442449e+02 3.888303e+02 2.223126e+02
    endloop
  endfacet
  facet normal -9.937953e-01 1.112244e-01 -4.898295e-15
    outer loop
      vertex   -1.442449e+02 3.888303e+02 2.223126e+02
      vertex   -1.442862e+02 3.884612e+02 2.261848e+02
      vertex   -1.442449e+02 3.888303e+02 2.261848e+02
    endloop
  endfacet
  facet normal -9.827965e-01 1.846920e-01 -8.133786e-15
    outer loop
      vertex   -1.442449e+02 3.888303e+02 2.223126e+02
      vertex   -1.442449e+02 3.888303e+02 2.261848e+02
      vertex   -1.441763e+02 3.891953e+02 2.223126e+02
    endloop
  endfacet
  facet normal -9.827965e-01 1.846920e-01 9.004842e-15
    outer loop
      vertex   -1.441763e+02 3.891953e+02 2.223126e+02
      vertex   -1.442449e+02 3.888303e+02 2.261848e+02
      vertex   -1.441763e+02 3.891953e+02 2.261848e+02
    endloop
  endfacet
  facet normal -9.663741e-01 2.571403e-01 6.636694e-15
    outer loop
      vertex   -1.441763e+02 3.891953e+02 2.223126e+02
      vertex   -1.441763e+02 3.891953e+02 2.261848e+02
      vertex   -1.440808e+02 3.895543e+02 2.223126e+02
    endloop
  endfacet
  facet normal -9.663741e-01 2.571403e-01 -1.369350e-15
    outer loop
      vertex   -1.440808e+02 3.895543e+02 2.223126e+02
      vertex   -1.441763e+02 3.891953e+02 2.261848e+02
      vertex   -1.440808e+02 3.895543e+02 2.261848e+02
    endloop
  endfacet
  facet normal -9.446188e-01 3.281696e-01 -8.104620e-15
    outer loop
      vertex   -1.440808e+02 3.895543e+02 2.223126e+02
      vertex   -1.440808e+02 3.895543e+02 2.261848e+02
      vertex   -1.439589e+02 3.899052e+02 2.223126e+02
    endloop
  endfacet
  facet normal -9.446188e-01 3.281696e-01 1.057980e-14
    outer loop
      vertex   -1.439589e+02 3.899052e+02 2.223126e+02
      vertex   -1.440808e+02 3.895543e+02 2.261848e+02
      vertex   -1.439589e+02 3.899052e+02 2.261848e+02
    endloop
  endfacet
  facet normal -9.176507e-01 3.973879e-01 4.509486e-15
    outer loop
      vertex   -1.439589e+02 3.899052e+02 2.223126e+02
      vertex   -1.439589e+02 3.899052e+02 2.261848e+02
      vertex   -1.438113e+02 3.902460e+02 2.223126e+02
    endloop
  endfacet
  facet normal -9.176507e-01 3.973879e-01 1.214690e-14
    outer loop
      vertex   -1.438113e+02 3.902460e+02 2.223126e+02
      vertex   -1.439589e+02 3.899052e+02 2.261848e+02
      vertex   -1.438113e+02 3.902460e+02 2.261848e+02
    endloop
  endfacet
  facet normal -8.856186e-01 4.644132e-01 4.597544e-15
    outer loop
      vertex   -1.438113e+02 3.902460e+02 2.223126e+02
      vertex   -1.438113e+02 3.902460e+02 2.261848e+02
      vertex   -1.436388e+02 3.905749e+02 2.223126e+02
    endloop
  endfacet
  facet normal -8.856186e-01 4.644132e-01 -2.854288e-15
    outer loop
      vertex   -1.436388e+02 3.905749e+02 2.223126e+02
      vertex   -1.438113e+02 3.902460e+02 2.261848e+02
      vertex   -1.436388e+02 3.905749e+02 2.261848e+02
    endloop
  endfacet
  facet normal -8.486993e-01 5.288757e-01 -1.380990e-14
    outer loop
      vertex   -1.436388e+02 3.905749e+02 2.223126e+02
      vertex   -1.436388e+02 3.905749e+02 2.261848e+02
      vertex   -1.434423e+02 3.908902e+02 2.223126e+02
    endloop
  endfacet
  facet normal -8.486993e-01 5.288757e-01 2.118001e-13
    outer loop
      vertex   -1.434423e+02 3.908902e+02 2.223126e+02
      vertex   -1.436388e+02 3.905749e+02 2.261848e+02
      vertex   -1.434423e+02 3.908902e+02 2.261848e+02
    endloop
  endfacet
  facet normal 0.000000e+00 1.000000e+00 0.000000e+00
    outer loop
      vertex   -1.071460e+02 3.870000e+02 2.223126e+02
      vertex   -1.071460e+02 3.870000e+02 2.174022e+02
      vertex   -1.086460e+02 3.870000e+02 2.223126e+02
    endloop
  endfacet
  facet normal 0.000000e+00 1.000000e+00 0.000000e+00
    outer loop
      vertex   -1.086460e+02 3.870000e+02 2.223126e+02
      vertex   -1.071460e+02 3.870000e+02 2.174022e+02
      vertex   -1.086460e+02 3.870000e+02 2.149022e+02
    endloop
  endfacet
  facet normal -5.831426e-14 1.000000e+00 3.498856e-14
    outer loop
      vertex   -1.086460e+02 3.870000e+02 2.149022e+02
      vertex   -1.071460e+02 3.870000e+02 2.174022e+02
      vertex   -9.110000e+01 3.870000e+02 2.149022e+02
    endloop
  endfacet
  facet normal 0.000000e+00 1.000000e+00 4.092726e-13
    outer loop
      vertex   -9.110000e+01 3.870000e+02 2.149022e+02
      vertex   -1.071460e+02 3.870000e+02 2.174022e+02
      vertex   -8.870000e+01 3.870000e+02 2.174022e+02
    endloop
  endfacet
  facet normal 3.998244e-13 1.000000e+00 2.544121e-14
    outer loop
      vertex   -9.110000e+01 3.870000e+02 2.149022e+02
      vertex   -8.870000e+01 3.870000e+02 2.174022e+02
      vertex   -8.870000e+01 3.870000e+02 1.771848e+02
    endloop
  endfacet
  facet normal 0.000000e+00 1.000000e+00 0.000000e+00
    outer loop
      vertex   -8.870000e+01 3.870000e+02 1.771848e+02
      vertex   -9.110000e+01 3.870000e+02 1.771848e+02
      vertex   -9.110000e+01 3.870000e+02 2.149022e+02
    endloop
  endfacet
  facet normal 0.000000e+00 0.000000e+00 1.000000e+00
    outer loop
      vertex   -8.870000e+01 3.870000e+02 2.174022e+02
      vertex   -1.071460e+02 3.870000e+02 2.174022e+02
      vertex   -8.870000e+01 3.770902e+02 2.174022e+02
    endloop
  endfacet
  facet normal 0.000000e+00 0.000000e+00 1.000000e+00
    outer loop
      vertex   -8.870000e+01 3.770902e+02 2.174022e+02
      vertex   -1.071460e+02 3.870000e+02 2.174022e+02
      vertex   -1.071460e+02 3.770902e+02 2.174022e+02
    endloop
  endfacet
  facet normal 0.000000e+00 1.000000e+00 0.000000e+00
    outer loop
      vertex   -8.870000e+01 3.770902e+02 2.221848e+02
      vertex   -8.870000e+01 3.770902e+02 2.174022e+02
      vertex   -1.071460e+02 3.770902e+02 2.221848e+02
    endloop
  endfacet
  facet normal 0.000000e+00 1.000000e+00 0.000000e+00
    outer loop
      vertex   -1.071460e+02 3.770902e+02 2.221848e+02
      vertex   -8.870000e+01 3.770902e+02 2.174022e+02
      vertex   -1.071460e+02 3.770902e+02 2.174022e+02
    endloop
  endfacet
  facet normal -0.000000e+00 1.000000e+00 0.000000e+00
    outer loop
      vertex   -1.434423e+02 3.908902e+02 2.261848e+02
      vertex   -1.071460e+02 3.908902e+02 2.261848e+02
      vertex   -1.434423e+02 3.908902e+02 2.223126e+02
    endloop
  endfacet
  facet normal 0.000000e+00 1.000000e+00 0.000000e+00
    outer loop
      vertex   -1.434423e+02 3.908902e+02 2.223126e+02
      vertex   -1.071460e+02 3.908902e+02 2.261848e+02
      vertex   -1.071460e+02 3.908902e+02 2.223126e+02
    endloop
  endfacet
  facet normal 1.000000e+00 0.000000e+00 0.000000e+00
    outer loop
      vertex   -1.071460e+02 3.908902e+02 2.261848e+02
      vertex   -1.071460e+02 3.750940e+02 2.261848e+02
      vertex   -1.071460e+02 3.870000e+02 2.223126e+02
    endloop
  endfacet
  facet normal 1.000000e+00 0.000000e+00 0.000000e+00
    outer loop
      vertex   -1.071460e+02 3.870000e+02 2.223126e+02
      vertex   -1.071460e+02 3.750940e+02 2.261848e+02
      vertex   -1.071460e+02 3.750940e+02 2.241810e+02
    endloop
  endfacet
  facet normal 1.000000e+00 0.000000e+00 0.000000e+00
    outer loop
      vertex   -1.071460e+02 3.870000e+02 2.223126e+02
      vertex   -1.071460e+02 3.750940e+02 2.241810e+02
      vertex   -1.071460e+02 3.770902e+02 2.221848e+02
    endloop
  endfacet
  facet normal 1.000000e+00 0.000000e+00 0.000000e+00
    outer loop
      vertex   -1.071460e+02 3.770902e+02 2.174022e+02
      vertex   -1.071460e+02 3.870000e+02 2.174022e+02
      vertex   -1.071460e+02 3.770902e+02 2.221848e+02
    endloop
  endfacet
  facet normal 1.000000e+00 -0.000000e+00 0.000000e+00
    outer loop
      vertex   -1.071460e+02 3.770902e+02 2.221848e+02
      vertex   -1.071460e+02 3.870000e+02 2.174022e+02
      vertex   -1.071460e+02 3.870000e+02 2.223126e+02
    endloop
  endfacet
  facet normal 1.000000e+00 0.000000e+00 0.000000e+00
    outer loop
      vertex   -1.071460e+02 3.870000e+02 2.223126e+02
      vertex   -1.071460e+02 3.908902e+02 2.223126e+02
      vertex   -1.071460e+02 3.908902e+02 2.261848e+02
    endloop
  endfacet
  facet normal -1.000000e+00 -9.251473e-14 -0.000000e+00
    outer loop
      vertex   -1.086460e+02 3.870000e+02 2.223126e+02
      vertex   -1.086460e+02 3.870000e+02 2.149022e+02
      vertex   -1.086460e+02 3.760940e+02 2.223126e+02
    endloop
  endfacet
  facet normal -1.000000e+00 -1.275399e-26 1.361574e-13
    outer loop
      vertex   -1.086460e+02 3.760940e+02 2.223126e+02
      vertex   -1.086460e+02 3.870000e+02 2.149022e+02
      vertex   -1.086460e+02 3.760940e+02 2.149022e+02
    endloop
  endfacet
  facet normal -0.000000e+00 -1.000000e+00 -0.000000e+00
    outer loop
      vertex   -9.110000e+01 3.760940e+02 2.223126e+02
      vertex   -1.086460e+02 3.760940e+02 2.223126e+02
      vertex   -9.110000e+01 3.760940e+02 2.149022e+02
    endloop
  endfacet
  facet normal 0.000000e+00 -1.000000e+00 0.000000e+00
    outer loop
      vertex   -9.110000e+01 3.760940e+02 2.149022e+02
      vertex   -1.086460e+02 3.760940e+02 2.223126e+02
      vertex   -1.086460e+02 3.760940e+02 2.149022e+02
    endloop
  endfacet
  facet normal -9.975641e-01 6.975647e-02 0.000000e+00
    outer loop
      vertex   -1.243353e+02 3.849802e+02 2.223126e+02
      vertex   -1.243353e+02 3.849802e+02 2.261848e+02
      vertex   -1.243192e+02 3.852098e+02 2.223126e+02
    endloop
  endfacet
  facet normal -9.975641e-01 6.975647e-02 0.000000e+00
    outer loop
      vertex   -1.243192e+02 3.852098e+02 2.223126e+02
      vertex   -1.243353e+02 3.849802e+02 2.261848e+02
      vertex   -1.243192e+02 3.852098e+02 2.261848e+02
    endloop
  endfacet
  facet normal -9.975641e-01 -6.975647e-02 0.000000e+00
    outer loop
      vertex   -1.243192e+02 3.852098e+02 2.223126e+02
      vertex   -1.243192e+02 3.852098e+02 2.261848e+02
      vertex   -1.243353e+02 3.854394e+02 2.223126e+02
    endloop
  endfacet
  facet normal -9.975641e-01 -6.975647e-02 0.000000e+00
    outer loop
      vertex   -1.243353e+02 3.854394e+02 2.223126e+02
      vertex   -1.243192e+02 3.852098e+02 2.261848e+02
      vertex   -1.243353e+02 3.854394e+02 2.261848e+02
    endloop
  endfacet
  facet normal -9.781476e-01 -2.079117e-01 0.000000e+00
    outer loop
      vertex   -1.243353e+02 3.854394e+02 2.223126e+02
      vertex   -1.243353e+02 3.854394e+02 2.261848e+02
      vertex   -1.243831e+02 3.856646e+02 2.223126e+02
    endloop
  endfacet
  facet normal -9.781476e-01 -2.079117e-01 0.000000e+00
    outer loop
      vertex   -1.243831e+02 3.856646e+02 2.223126e+02
      vertex   -1.243353e+02 3.854394e+02 2.261848e+02
      vertex   -1.243831e+02 3.856646e+02 2.261848e+02
    endloop
  endfacet
  facet normal -9.396926e-01 -3.420201e-01 0.000000e+00
    outer loop
      vertex   -1.243831e+02 3.856646e+02 2.223126e+02
      vertex   -1.243831e+02 3.856646e+02 2.261848e+02
      vertex   -1.244619e+02 3.858809e+02 2.223126e+02
    endloop
  endfacet
  facet normal -9.396926e-01 -3.420201e-01 0.000000e+00
    outer loop
      vertex   -1.244619e+02 3.858809e+02 2.223126e+02
      vertex   -1.243831e+02 3.856646e+02 2.261848e+02
      vertex   -1.244619e+02 3.858809e+02 2.261848e+02
    endloop
  endfacet
  facet normal -8.829476e-01 -4.694716e-01 0.000000e+00
    outer loop
      vertex   -1.244619e+02 3.858809e+02 2.223126e+02
      vertex   -1.244619e+02 3.858809e+02 2.261848e+02
      vertex   -1.245699e+02 3.860842e+02 2.223126e+02
    endloop
  endfacet
  facet normal -8.829476e-01 -4.694716e-01 0.000000e+00
    outer loop
      vertex   -1.245699e+02 3.860842e+02 2.223126e+02
      vertex   -1.244619e+02 3.858809e+02 2.261848e+02
      vertex   -1.245699e+02 3.860842e+02 2.261848e+02
    endloop
  endfacet
  facet normal -8.090170e-01 -5.877853e-01 0.000000e+00
    outer loop
      vertex   -1.245699e+02 3.860842e+02 2.223126e+02
      vertex   -1.245699e+02 3.860842e+02 2.261848e+02
      vertex   -1.247052e+02 3.862704e+02 2.223126e+02
    endloop
  endfacet
  facet normal -8.090170e-01 -5.877853e-01 0.000000e+00
    outer loop
      vertex   -1.247052e+02 3.862704e+02 2.223126e+02
      vertex   -1.245699e+02 3.860842e+02 2.261848e+02
      vertex   -1.247052e+02 3.862704e+02 2.261848e+02
    endloop
  endfacet
  facet normal -7.193398e-01 -6.946584e-01 0.000000e+00
    outer loop
      vertex   -1.247052e+02 3.862704e+02 2.223126e+02
      vertex   -1.247052e+02 3.862704e+02 2.261848e+02
      vertex   -1.248652e+02 3.864360e+02 2.223126e+02
    endloop
  endfacet
  facet normal -7.193398e-01 -6.946584e-01 0.000000e+00
    outer loop
      vertex   -1.248652e+02 3.864360e+02 2.223126e+02
      vertex   -1.247052e+02 3.862704e+02 2.261848e+02
      vertex   -1.248652e+02 3.864360e+02 2.261848e+02
    endloop
  endfacet
  facet normal -6.156615e-01 -7.880108e-01 0.000000e+00
    outer loop
      vertex   -1.248652e+02 3.864360e+02 2.223126e+02
      vertex   -1.248652e+02 3.864360e+02 2.261848e+02
      vertex   -1.250466e+02 3.865777e+02 2.223126e+02
    endloop
  endfacet
  facet normal -6.156615e-01 -7.880108e-01 0.000000e+00
    outer loop
      vertex   -1.250466e+02 3.865777e+02 2.223126e+02
      vertex   -1.248652e+02 3.864360e+02 2.261848e+02
      vertex   -1.250466e+02 3.865777e+02 2.261848e+02
    endloop
  endfacet
  facet normal -5.000000e-01 -8.660254e-01 0.000000e+00
    outer loop
      vertex   -1.250466e+02 3.865777e+02 2.223126e+02
      vertex   -1.250466e+02 3.865777e+02 2.261848e+02
      vertex   -1.252459e+02 3.866928e+02 2.223126e+02
    endloop
  endfacet
  facet normal -5.000000e-01 -8.660254e-01 0.000000e+00
    outer loop
      vertex   -1.252459e+02 3.866928e+02 2.223126e+02
      vertex   -1.250466e+02 3.865777e+02 2.261848e+02
      vertex   -1.252459e+02 3.866928e+02 2.261848e+02
    endloop
  endfacet
  facet normal -3.746066e-01 -9.271839e-01 0.000000e+00
    outer loop
      vertex   -1.252459e+02 3.866928e+02 2.223126e+02
      vertex   -1.252459e+02 3.866928e+02 2.261848e+02
      vertex   -1.254593e+02 3.867790e+02 2.223126e+02
    endloop
  endfacet
  facet normal -3.746066e-01 -9.271839e-01 0.000000e+00
    outer loop
      vertex   -1.254593e+02 3.867790e+02 2.223126e+02
      vertex   -1.252459e+02 3.866928e+02 2.261848e+02
      vertex   -1.254593e+02 3.867790e+02 2.261848e+02
    endloop
  endfacet
  facet normal -2.419219e-01 -9.702957e-01 0.000000e+00
    outer loop
      vertex   -1.254593e+02 3.867790e+02 2.223126e+02
      vertex   -1.254593e+02 3.867790e+02 2.261848e+02
      vertex   -1.256827e+02 3.868347e+02 2.223126e+02
    endloop
  endfacet
  facet normal -2.419219e-01 -9.702957e-01 0.000000e+00
    outer loop
      vertex   -1.256827e+02 3.868347e+02 2.223126e+02
      vertex   -1.254593e+02 3.867790e+02 2.261848e+02
      vertex   -1.256827e+02 3.868347e+02 2.261848e+02
    endloop
  endfacet
  facet normal -1.045285e-01 -9.945219e-01 0.000000e+00
    outer loop
      vertex   -1.256827e+02 3.868347e+02 2.223126e+02
      vertex   -1.256827e+02 3.868347e+02 2.261848e+02
      vertex   -1.259116e+02 3.868588e+02 2.223126e+02
    endloop
  endfacet
  facet normal -1.045285e-01 -9.945219e-01 0.000000e+00
    outer loop
      vertex   -1.259116e+02 3.868588e+02 2.223126e+02
      vertex   -1.256827e+02 3.868347e+02 2.261848e+02
      vertex   -1.259116e+02 3.868588e+02 2.261848e+02
    endloop
  endfacet
  facet normal 3.489950e-02 -9.993908e-01 0.000000e+00
    outer loop
      vertex   -1.259116e+02 3.868588e+02 2.223126e+02
      vertex   -1.259116e+02 3.868588e+02 2.261848e+02
      vertex   -1.261417e+02 3.868508e+02 2.223126e+02
    endloop
  endfacet
  facet normal 3.489950e-02 -9.993908e-01 0.000000e+00
    outer loop
      vertex   -1.261417e+02 3.868508e+02 2.223126e+02
      vertex   -1.259116e+02 3.868588e+02 2.261848e+02
      vertex   -1.261417e+02 3.868508e+02 2.261848e+02
    endloop
  endfacet
  facet normal 1.736482e-01 -9.848078e-01 0.000000e+00
    outer loop
      vertex   -1.261417e+02 3.868508e+02 2.223126e+02
      vertex   -1.261417e+02 3.868508e+02 2.261848e+02
      vertex   -1.263684e+02 3.868108e+02 2.223126e+02
    endloop
  endfacet
  facet normal 1.736482e-01 -9.848078e-01 0.000000e+00
    outer loop
      vertex   -1.263684e+02 3.868108e+02 2.223126e+02
      vertex   -1.261417e+02 3.868508e+02 2.261848e+02
      vertex   -1.263684e+02 3.868108e+02 2.261848e+02
    endloop
  endfacet
  facet normal 3.090170e-01 -9.510565e-01 0.000000e+00
    outer loop
      vertex   -1.263684e+02 3.868108e+02 2.223126e+02
      vertex   -1.263684e+02 3.868108e+02 2.261848e+02
      vertex   -1.265873e+02 3.867397e+02 2.223126e+02
    endloop
  endfacet
  facet normal 3.090170e-01 -9.510565e-01 0.000000e+00
    outer loop
      vertex   -1.265873e+02 3.867397e+02 2.223126e+02
      vertex   -1.263684e+02 3.868108e+02 2.261848e+02
      vertex   -1.265873e+02 3.867397e+02 2.261848e+02
    endloop
  endfacet
  facet normal 4.383711e-01 -8.987940e-01 0.000000e+00
    outer loop
      vertex   -1.265873e+02 3.867397e+02 2.223126e+02
      vertex   -1.265873e+02 3.867397e+02 2.261848e+02
      vertex   -1.267942e+02 3.866387e+02 2.223126e+02
    endloop
  endfacet
  facet normal 4.383711e-01 -8.987940e-01 0.000000e+00
    outer loop
      vertex   -1.267942e+02 3.866387e+02 2.223126e+02
      vertex   -1.265873e+02 3.867397e+02 2.261848e+02
      vertex   -1.267942e+02 3.866387e+02 2.261848e+02
    endloop
  endfacet
  facet normal 5.591929e-01 -8.290376e-01 0.000000e+00
    outer loop
      vertex   -1.267942e+02 3.866387e+02 2.223126e+02
      vertex   -1.267942e+02 3.866387e+02 2.261848e+02
      vertex   -1.269851e+02 3.865100e+02 2.223126e+02
    endloop
  endfacet
  facet normal 5.591929e-01 -8.290376e-01 0.000000e+00
    outer loop
      vertex   -1.269851e+02 3.865100e+02 2.223126e+02
      vertex   -1.267942e+02 3.866387e+02 2.261848e+02
      vertex   -1.269851e+02 3.865100e+02 2.261848e+02
    endloop
  endfacet
  facet normal 6.691306e-01 -7.431448e-01 0.000000e+00
    outer loop
      vertex   -1.269851e+02 3.865100e+02 2.223126e+02
      vertex   -1.269851e+02 3.865100e+02 2.261848e+02
      vertex   -1.271561e+02 3.863560e+02 2.223126e+02
    endloop
  endfacet
  facet normal 6.691306e-01 -7.431448e-01 0.000000e+00
    outer loop
      vertex   -1.271561e+02 3.863560e+02 2.223126e+02
      vertex   -1.269851e+02 3.865100e+02 2.261848e+02
      vertex   -1.271561e+02 3.863560e+02 2.261848e+02
    endloop
  endfacet
  facet normal 7.660444e-01 -6.427876e-01 0.000000e+00
    outer loop
      vertex   -1.271561e+02 3.863560e+02 2.223126e+02
      vertex   -1.271561e+02 3.863560e+02 2.261848e+02
      vertex   -1.273041e+02 3.861796e+02 2.223126e+02
    endloop
  endfacet
  facet normal 7.660444e-01 -6.427876e-01 0.000000e+00
    outer loop
      vertex   -1.273041e+02 3.861796e+02 2.223126e+02
      vertex   -1.271561e+02 3.863560e+02 2.261848e+02
      vertex   -1.273041e+02 3.861796e+02 2.261848e+02
    endloop
  endfacet
  facet normal 8.480481e-01 -5.299193e-01 0.000000e+00
    outer loop
      vertex   -1.273041e+02 3.861796e+02 2.223126e+02
      vertex   -1.273041e+02 3.861796e+02 2.261848e+02
      vertex   -1.274261e+02 3.859844e+02 2.223126e+02
    endloop
  endfacet
  facet normal 8.480481e-01 -5.299193e-01 0.000000e+00
    outer loop
      vertex   -1.274261e+02 3.859844e+02 2.223126e+02
      vertex   -1.273041e+02 3.861796e+02 2.261848e+02
      vertex   -1.274261e+02 3.859844e+02 2.261848e+02
    endloop
  endfacet
  facet normal 9.135455e-01 -4.067366e-01 0.000000e+00
    outer loop
      vertex   -1.274261e+02 3.859844e+02 2.223126e+02
      vertex   -1.274261e+02 3.859844e+02 2.261848e+02
      vertex   -1.275197e+02 3.857741e+02 2.223126e+02
    endloop
  endfacet
  facet normal 9.135455e-01 -4.067366e-01 0.000000e+00
    outer loop
      vertex   -1.275197e+02 3.857741e+02 2.223126e+02
      vertex   -1.274261e+02 3.859844e+02 2.261848e+02
      vertex   -1.275197e+02 3.857741e+02 2.261848e+02
    endloop
  endfacet
  facet normal 9.612617e-01 -2.756374e-01 0.000000e+00
    outer loop
      vertex   -1.275197e+02 3.857741e+02 2.223126e+02
      vertex   -1.275197e+02 3.857741e+02 2.261848e+02
      vertex   -1.275832e+02 3.855529e+02 2.223126e+02
    endloop
  endfacet
  facet normal 9.612617e-01 -2.756374e-01 0.000000e+00
    outer loop
      vertex   -1.275832e+02 3.855529e+02 2.223126e+02
      vertex   -1.275197e+02 3.857741e+02 2.261848e+02
      vertex   -1.275832e+02 3.855529e+02 2.261848e+02
    endloop
  endfacet
  facet normal 9.902681e-01 -1.391731e-01 0.000000e+00
    outer loop
      vertex   -1.275832e+02 3.855529e+02 2.223126e+02
      vertex   -1.275832e+02 3.855529e+02 2.261848e+02
      vertex   -1.276152e+02 3.853249e+02 2.223126e+02
    endloop
  endfacet
  facet normal 9.902681e-01 -1.391731e-01 0.000000e+00
    outer loop
      vertex   -1.276152e+02 3.853249e+02 2.223126e+02
      vertex   -1.275832e+02 3.855529e+02 2.261848e+02
      vertex   -1.276152e+02 3.853249e+02 2.261848e+02
    endloop
  endfacet
  facet normal 1.000000e+00 0.000000e+00 -0.000000e+00
    outer loop
      vertex   -1.276152e+02 3.853249e+02 2.223126e+02
      vertex   -1.276152e+02 3.853249e+02 2.261848e+02
      vertex   -1.276152e+02 3.850947e+02 2.223126e+02
    endloop
  endfacet
  facet normal 1.000000e+00 0.000000e+00 0.000000e+00
    outer loop
      vertex   -1.276152e+02 3.850947e+02 2.223126e+02
      vertex   -1.276152e+02 3.853249e+02 2.261848e+02
      vertex   -1.276152e+02 3.850947e+02 2.261848e+02
    endloop
  endfacet
  facet normal 9.902681e-01 1.391731e-01 -0.000000e+00
    outer loop
      vertex   -1.276152e+02 3.850947e+02 2.223126e+02
      vertex   -1.276152e+02 3.850947e+02 2.261848e+02
      vertex   -1.275832e+02 3.848667e+02 2.223126e+02
    endloop
  endfacet
  facet normal 9.902681e-01 1.391731e-01 -0.000000e+00
    outer loop
      vertex   -1.275832e+02 3.848667e+02 2.223126e+02
      vertex   -1.276152e+02 3.850947e+02 2.261848e+02
      vertex   -1.275832e+02 3.848667e+02 2.261848e+02
    endloop
  endfacet
  facet normal 9.612617e-01 2.756374e-01 -0.000000e+00
    outer loop
      vertex   -1.275832e+02 3.848667e+02 2.223126e+02
      vertex   -1.275832e+02 3.848667e+02 2.261848e+02
      vertex   -1.275197e+02 3.846455e+02 2.223126e+02
    endloop
  endfacet
  facet normal 9.612617e-01 2.756374e-01 -0.000000e+00
    outer loop
      vertex   -1.275197e+02 3.846455e+02 2.223126e+02
      vertex   -1.275832e+02 3.848667e+02 2.261848e+02
      vertex   -1.275197e+02 3.846455e+02 2.261848e+02
    endloop
  endfacet
  facet normal 9.135455e-01 4.067366e-01 -0.000000e+00
    outer loop
      vertex   -1.275197e+02 3.846455e+02 2.223126e+02
      vertex   -1.275197e+02 3.846455e+02 2.261848e+02
      vertex   -1.274261e+02 3.844352e+02 2.223126e+02
    endloop
  endfacet
  facet normal 9.135455e-01 4.067366e-01 -0.000000e+00
    outer loop
      vertex   -1.274261e+02 3.844352e+02 2.223126e+02
      vertex   -1.275197e+02 3.846455e+02 2.261848e+02
      vertex   -1.274261e+02 3.844352e+02 2.261848e+02
    endloop
  endfacet
  facet normal 8.480481e-01 5.299193e-01 -0.000000e+00
    outer loop
      vertex   -1.274261e+02 3.844352e+02 2.223126e+02
      vertex   -1.274261e+02 3.844352e+02 2.261848e+02
      vertex   -1.273041e+02 3.842400e+02 2.223126e+02
    endloop
  endfacet
  facet normal 8.480481e-01 5.299193e-01 -0.000000e+00
    outer loop
      vertex   -1.273041e+02 3.842400e+02 2.223126e+02
      vertex   -1.274261e+02 3.844352e+02 2.261848e+02
      vertex   -1.273041e+02 3.842400e+02 2.261848e+02
    endloop
  endfacet
  facet normal 7.660444e-01 6.427876e-01 -0.000000e+00
    outer loop
      vertex   -1.273041e+02 3.842400e+02 2.223126e+02
      vertex   -1.273041e+02 3.842400e+02 2.261848e+02
      vertex   -1.271561e+02 3.840636e+02 2.223126e+02
    endloop
  endfacet
  facet normal 7.660444e-01 6.427876e-01 -0.000000e+00
    outer loop
      vertex   -1.271561e+02 3.840636e+02 2.223126e+02
      vertex   -1.273041e+02 3.842400e+02 2.261848e+02
      vertex   -1.271561e+02 3.840636e+02 2.261848e+02
    endloop
  endfacet
  facet normal 6.691306e-01 7.431448e-01 -0.000000e+00
    outer loop
      vertex   -1.271561e+02 3.840636e+02 2.223126e+02
      vertex   -1.271561e+02 3.840636e+02 2.261848e+02
      vertex   -1.269851e+02 3.839096e+02 2.223126e+02
    endloop
  endfacet
  facet normal 6.691306e-01 7.431448e-01 -0.000000e+00
    outer loop
      vertex   -1.269851e+02 3.839096e+02 2.223126e+02
      vertex   -1.271561e+02 3.840636e+02 2.261848e+02
      vertex   -1.269851e+02 3.839096e+02 2.261848e+02
    endloop
  endfacet
  facet normal 5.591929e-01 8.290376e-01 -0.000000e+00
    outer loop
      vertex   -1.269851e+02 3.839096e+02 2.223126e+02
      vertex   -1.269851e+02 3.839096e+02 2.261848e+02
      vertex   -1.267942e+02 3.837809e+02 2.223126e+02
    endloop
  endfacet
  facet normal 5.591929e-01 8.290376e-01 -0.000000e+00
    outer loop
      vertex   -1.267942e+02 3.837809e+02 2.223126e+02
      vertex   -1.269851e+02 3.839096e+02 2.261848e+02
      vertex   -1.267942e+02 3.837809e+02 2.261848e+02
    endloop
  endfacet
  facet normal 4.383711e-01 8.987940e-01 -0.000000e+00
    outer loop
      vertex   -1.267942e+02 3.837809e+02 2.223126e+02
      vertex   -1.267942e+02 3.837809e+02 2.261848e+02
      vertex   -1.265873e+02 3.836799e+02 2.223126e+02
    endloop
  endfacet
  facet normal 4.383711e-01 8.987940e-01 -0.000000e+00
    outer loop
      vertex   -1.265873e+02 3.836799e+02 2.223126e+02
      vertex   -1.267942e+02 3.837809e+02 2.261848e+02
      vertex   -1.265873e+02 3.836799e+02 2.261848e+02
    endloop
  endfacet
  facet normal 3.090170e-01 9.510565e-01 -0.000000e+00
    outer loop
      vertex   -1.265873e+02 3.836799e+02 2.223126e+02
      vertex   -1.265873e+02 3.836799e+02 2.261848e+02
      vertex   -1.263684e+02 3.836088e+02 2.223126e+02
    endloop
  endfacet
  facet normal 3.090170e-01 9.510565e-01 -0.000000e+00
    outer loop
      vertex   -1.263684e+02 3.836088e+02 2.223126e+02
      vertex   -1.265873e+02 3.836799e+02 2.261848e+02
      vertex   -1.263684e+02 3.836088e+02 2.261848e+02
    endloop
  endfacet
  facet normal 1.736482e-01 9.848078e-01 -0.000000e+00
    outer loop
      vertex   -1.263684e+02 3.836088e+02 2.223126e+02
      vertex   -1.263684e+02 3.836088e+02 2.261848e+02
      vertex   -1.261417e+02 3.835688e+02 2.223126e+02
    endloop
  endfacet
  facet normal 1.736482e-01 9.848078e-01 -0.000000e+00
    outer loop
      vertex   -1.261417e+02 3.835688e+02 2.223126e+02
      vertex   -1.263684e+02 3.836088e+02 2.261848e+02
      vertex   -1.261417e+02 3.835688e+02 2.261848e+02
    endloop
  endfacet
  facet normal 3.489950e-02 9.993908e-01 -0.000000e+00
    outer loop
      vertex   -1.261417e+02 3.835688e+02 2.223126e+02
      vertex   -1.261417e+02 3.835688e+02 2.261848e+02
      vertex   -1.259116e+02 3.835608e+02 2.223126e+02
    endloop
  endfacet
  facet normal 3.489950e-02 9.993908e-01 -0.000000e+00
    outer loop
      vertex   -1.259116e+02 3.835608e+02 2.223126e+02
      vertex   -1.261417e+02 3.835688e+02 2.261848e+02
      vertex   -1.259116e+02 3.835608e+02 2.261848e+02
    endloop
  endfacet
  facet normal -1.045285e-01 9.945219e-01 0.000000e+00
    outer loop
      vertex   -1.259116e+02 3.835608e+02 2.223126e+02
      vertex   -1.259116e+02 3.835608e+02 2.261848e+02
      vertex   -1.256827e+02 3.835849e+02 2.223126e+02
    endloop
  endfacet
  facet normal -1.045285e-01 9.945219e-01 0.000000e+00
    outer loop
      vertex   -1.256827e+02 3.835849e+02 2.223126e+02
      vertex   -1.259116e+02 3.835608e+02 2.261848e+02
      vertex   -1.256827e+02 3.835849e+02 2.261848e+02
    endloop
  endfacet
  facet normal -2.419219e-01 9.702957e-01 0.000000e+00
    outer loop
      vertex   -1.256827e+02 3.835849e+02 2.223126e+02
      vertex   -1.256827e+02 3.835849e+02 2.261848e+02
      vertex   -1.254593e+02 3.836406e+02 2.223126e+02
    endloop
  endfacet
  facet normal -2.419219e-01 9.702957e-01 0.000000e+00
    outer loop
      vertex   -1.254593e+02 3.836406e+02 2.223126e+02
      vertex   -1.256827e+02 3.835849e+02 2.261848e+02
      vertex   -1.254593e+02 3.836406e+02 2.261848e+02
    endloop
  endfacet
  facet normal -3.746066e-01 9.271839e-01 0.000000e+00
    outer loop
      vertex   -1.254593e+02 3.836406e+02 2.223126e+02
      vertex   -1.254593e+02 3.836406e+02 2.261848e+02
      vertex   -1.252459e+02 3.837268e+02 2.223126e+02
    endloop
  endfacet
  facet normal -3.746066e-01 9.271839e-01 0.000000e+00
    outer loop
      vertex   -1.252459e+02 3.837268e+02 2.223126e+02
      vertex   -1.254593e+02 3.836406e+02 2.261848e+02
      vertex   -1.252459e+02 3.837268e+02 2.261848e+02
    endloop
  endfacet
  facet normal -5.000000e-01 8.660254e-01 0.000000e+00
    outer loop
      vertex   -1.252459e+02 3.837268e+02 2.223126e+02
      vertex   -1.252459e+02 3.837268e+02 2.261848e+02
      vertex   -1.250466e+02 3.838419e+02 2.223126e+02
    endloop
  endfacet
  facet normal -5.000000e-01 8.660254e-01 0.000000e+00
    outer loop
      vertex   -1.250466e+02 3.838419e+02 2.223126e+02
      vertex   -1.252459e+02 3.837268e+02 2.261848e+02
      vertex   -1.250466e+02 3.838419e+02 2.261848e+02
    endloop
  endfacet
  facet normal -6.156615e-01 7.880108e-01 0.000000e+00
    outer loop
      vertex   -1.250466e+02 3.838419e+02 2.223126e+02
      vertex   -1.250466e+02 3.838419e+02 2.261848e+02
      vertex   -1.248652e+02 3.839836e+02 2.223126e+02
    endloop
  endfacet
  facet normal -6.156615e-01 7.880108e-01 0.000000e+00
    outer loop
      vertex   -1.248652e+02 3.839836e+02 2.223126e+02
      vertex   -1.250466e+02 3.838419e+02 2.261848e+02
      vertex   -1.248652e+02 3.839836e+02 2.261848e+02
    endloop
  endfacet
  facet normal -7.193398e-01 6.946584e-01 0.000000e+00
    outer loop
      vertex   -1.248652e+02 3.839836e+02 2.223126e+02
      vertex   -1.248652e+02 3.839836e+02 2.261848e+02
      vertex   -1.247052e+02 3.841492e+02 2.223126e+02
    endloop
  endfacet
  facet normal -7.193398e-01 6.946584e-01 0.000000e+00
    outer loop
      vertex   -1.247052e+02 3.841492e+02 2.223126e+02
      vertex   -1.248652e+02 3.839836e+02 2.261848e+02
      vertex   -1.247052e+02 3.841492e+02 2.261848e+02
    endloop
  endfacet
  facet normal -8.090170e-01 5.877853e-01 0.000000e+00
    outer loop
      vertex   -1.247052e+02 3.841492e+02 2.223126e+02
      vertex   -1.247052e+02 3.841492e+02 2.261848e+02
      vertex   -1.245699e+02 3.843354e+02 2.223126e+02
    endloop
  endfacet
  facet normal -8.090170e-01 5.877853e-01 0.000000e+00
    outer loop
      vertex   -1.245699e+02 3.843354e+02 2.223126e+02
      vertex   -1.247052e+02 3.841492e+02 2.261848e+02
      vertex   -1.245699e+02 3.843354e+02 2.261848e+02
    endloop
  endfacet
  facet normal -8.829476e-01 4.694716e-01 0.000000e+00
    outer loop
      vertex   -1.245699e+02 3.843354e+02 2.223126e+02
      vertex   -1.245699e+02 3.843354e+02 2.261848e+02
      vertex   -1.244619e+02 3.845387e+02 2.223126e+02
    endloop
  endfacet
  facet normal -8.829476e-01 4.694716e-01 0.000000e+00
    outer loop
      vertex   -1.244619e+02 3.845387e+02 2.223126e+02
      vertex   -1.245699e+02 3.843354e+02 2.261848e+02
      vertex   -1.244619e+02 3.845387e+02 2.261848e+02
    endloop
  endfacet
  facet normal -9.396926e-01 3.420201e-01 0.000000e+00
    outer loop
      vertex   -1.244619e+02 3.845387e+02 2.223126e+02
      vertex   -1.244619e+02 3.845387e+02 2.261848e+02
      vertex   -1.243831e+02 3.847550e+02 2.223126e+02
    endloop
  endfacet
  facet normal -9.396926e-01 3.420201e-01 0.000000e+00
    outer loop
      vertex   -1.243831e+02 3.847550e+02 2.223126e+02
      vertex   -1.244619e+02 3.845387e+02 2.261848e+02
      vertex   -1.243831e+02 3.847550e+02 2.261848e+02
    endloop
  endfacet
  facet normal -9.781476e-01 2.079117e-01 0.000000e+00
    outer loop
      vertex   -1.243831e+02 3.847550e+02 2.223126e+02
      vertex   -1.243831e+02 3.847550e+02 2.261848e+02
      vertex   -1.243353e+02 3.849802e+02 2.223126e+02
    endloop
  endfacet
  facet normal -9.781476e-01 2.079117e-01 0.000000e+00
    outer loop
      vertex   -1.243353e+02 3.849802e+02 2.223126e+02
      vertex   -1.243831e+02 3.847550e+02 2.261848e+02
      vertex   -1.243353e+02 3.849802e+02 2.261848e+02
    endloop
  endfacet
  facet normal -9.975641e-01 6.975647e-02 0.000000e+00
    outer loop
      vertex   -1.113353e+02 3.849802e+02 2.223126e+02
      vertex   -1.113353e+02 3.849802e+02 2.261848e+02
      vertex   -1.113192e+02 3.852098e+02 2.223126e+02
    endloop
  endfacet
  facet normal -9.975641e-01 6.975647e-02 0.000000e+00
    outer loop
      vertex   -1.113192e+02 3.852098e+02 2.223126e+02
      vertex   -1.113353e+02 3.849802e+02 2.261848e+02
      vertex   -1.113192e+02 3.852098e+02 2.261848e+02
    endloop
  endfacet
  facet normal -9.975641e-01 -6.975647e-02 0.000000e+00
    outer loop
      vertex   -1.113192e+02 3.852098e+02 2.223126e+02
      vertex   -1.113192e+02 3.852098e+02 2.261848e+02
      vertex   -1.113353e+02 3.854394e+02 2.223126e+02
    endloop
  endfacet
  facet normal -9.975641e-01 -6.975647e-02 0.000000e+00
    outer loop
      vertex   -1.113353e+02 3.854394e+02 2.223126e+02
      vertex   -1.113192e+02 3.852098e+02 2.261848e+02
      vertex   -1.113353e+02 3.854394e+02 2.261848e+02
    endloop
  endfacet
  facet normal -9.781476e-01 -2.079117e-01 0.000000e+00
    outer loop
      vertex   -1.113353e+02 3.854394e+02 2.223126e+02
      vertex   -1.113353e+02 3.854394e+02 2.261848e+02
      vertex   -1.113831e+02 3.856646e+02 2.223126e+02
    endloop
  endfacet
  facet normal -9.781476e-01 -2.079117e-01 0.000000e+00
    outer loop
      vertex   -1.113831e+02 3.856646e+02 2.223126e+02
      vertex   -1.113353e+02 3.854394e+02 2.261848e+02
      vertex   -1.113831e+02 3.856646e+02 2.261848e+02
    endloop
  endfacet
  facet normal -9.396926e-01 -3.420201e-01 0.000000e+00
    outer loop
      vertex   -1.113831e+02 3.856646e+02 2.223126e+02
      vertex   -1.113831e+02 3.856646e+02 2.261848e+02
      vertex   -1.114619e+02 3.858809e+02 2.223126e+02
    endloop
  endfacet
  facet normal -9.396926e-01 -3.420201e-01 0.000000e+00
    outer loop
      vertex   -1.114619e+02 3.858809e+02 2.223126e+02
      vertex   -1.113831e+02 3.856646e+02 2.261848e+02
      vertex   -1.114619e+02 3.858809e+02 2.261848e+02
    endloop
  endfacet
  facet normal -8.829476e-01 -4.694716e-01 0.000000e+00
    outer loop
      vertex   -1.114619e+02 3.858809e+02 2.223126e+02
      vertex   -1.114619e+02 3.858809e+02 2.261848e+02
      vertex   -1.115699e+02 3.860842e+02 2.223126e+02
    endloop
  endfacet
  facet normal -8.829476e-01 -4.694716e-01 0.000000e+00
    outer loop
      vertex   -1.115699e+02 3.860842e+02 2.223126e+02
      vertex   -1.114619e+02 3.858809e+02 2.261848e+02
      vertex   -1.115699e+02 3.860842e+02 2.261848e+02
    endloop
  endfacet
  facet normal -8.090170e-01 -5.877853e-01 0.000000e+00
    outer loop
      vertex   -1.115699e+02 3.860842e+02 2.223126e+02
      vertex   -1.115699e+02 3.860842e+02 2.261848e+02
      vertex   -1.117052e+02 3.862704e+02 2.223126e+02
    endloop
  endfacet
  facet normal -8.090170e-01 -5.877853e-01 0.000000e+00
    outer loop
      vertex   -1.117052e+02 3.862704e+02 2.223126e+02
      vertex   -1.115699e+02 3.860842e+02 2.261848e+02
      vertex   -1.117052e+02 3.862704e+02 2.261848e+02
    endloop
  endfacet
  facet normal -7.193398e-01 -6.946584e-01 0.000000e+00
    outer loop
      vertex   -1.117052e+02 3.862704e+02 2.223126e+02
      vertex   -1.117052e+02 3.862704e+02 2.261848e+02
      vertex   -1.118652e+02 3.864360e+02 2.223126e+02
    endloop
  endfacet
  facet normal -7.193398e-01 -6.946584e-01 0.000000e+00
    outer loop
      vertex   -1.118652e+02 3.864360e+02 2.223126e+02
      vertex   -1.117052e+02 3.862704e+02 2.261848e+02
      vertex   -1.118652e+02 3.864360e+02 2.261848e+02
    endloop
  endfacet
  facet normal -6.156615e-01 -7.880108e-01 0.000000e+00
    outer loop
      vertex   -1.118652e+02 3.864360e+02 2.223126e+02
      vertex   -1.118652e+02 3.864360e+02 2.261848e+02
      vertex   -1.120466e+02 3.865777e+02 2.223126e+02
    endloop
  endfacet
  facet normal -6.156615e-01 -7.880108e-01 0.000000e+00
    outer loop
      vertex   -1.120466e+02 3.865777e+02 2.223126e+02
      vertex   -1.118652e+02 3.864360e+02 2.261848e+02
      vertex   -1.120466e+02 3.865777e+02 2.261848e+02
    endloop
  endfacet
  facet normal -5.000000e-01 -8.660254e-01 0.000000e+00
    outer loop
      vertex   -1.120466e+02 3.865777e+02 2.223126e+02
      vertex   -1.120466e+02 3.865777e+02 2.261848e+02
      vertex   -1.122459e+02 3.866928e+02 2.223126e+02
    endloop
  endfacet
  facet normal -5.000000e-01 -8.660254e-01 0.000000e+00
    outer loop
      vertex   -1.122459e+02 3.866928e+02 2.223126e+02
      vertex   -1.120466e+02 3.865777e+02 2.261848e+02
      vertex   -1.122459e+02 3.866928e+02 2.261848e+02
    endloop
  endfacet
  facet normal -3.746066e-01 -9.271839e-01 0.000000e+00
    outer loop
      vertex   -1.122459e+02 3.866928e+02 2.223126e+02
      vertex   -1.122459e+02 3.866928e+02 2.261848e+02
      vertex   -1.124593e+02 3.867790e+02 2.223126e+02
    endloop
  endfacet
  facet normal -3.746066e-01 -9.271839e-01 0.000000e+00
    outer loop
      vertex   -1.124593e+02 3.867790e+02 2.223126e+02
      vertex   -1.122459e+02 3.866928e+02 2.261848e+02
      vertex   -1.124593e+02 3.867790e+02 2.261848e+02
    endloop
  endfacet
  facet normal -2.419219e-01 -9.702957e-01 0.000000e+00
    outer loop
      vertex   -1.124593e+02 3.867790e+02 2.223126e+02
      vertex   -1.124593e+02 3.867790e+02 2.261848e+02
      vertex   -1.126827e+02 3.868347e+02 2.223126e+02
    endloop
  endfacet
  facet normal -2.419219e-01 -9.702957e-01 0.000000e+00
    outer loop
      vertex   -1.126827e+02 3.868347e+02 2.223126e+02
      vertex   -1.124593e+02 3.867790e+02 2.261848e+02
      vertex   -1.126827e+02 3.868347e+02 2.261848e+02
    endloop
  endfacet
  facet normal -1.045285e-01 -9.945219e-01 0.000000e+00
    outer loop
      vertex   -1.126827e+02 3.868347e+02 2.223126e+02
      vertex   -1.126827e+02 3.868347e+02 2.261848e+02
      vertex   -1.129116e+02 3.868588e+02 2.223126e+02
    endloop
  endfacet
  facet normal -1.045285e-01 -9.945219e-01 0.000000e+00
    outer loop
      vertex   -1.129116e+02 3.868588e+02 2.223126e+02
      vertex   -1.126827e+02 3.868347e+02 2.261848e+02
      vertex   -1.129116e+02 3.868588e+02 2.261848e+02
    endloop
  endfacet
  facet normal 3.489950e-02 -9.993908e-01 0.000000e+00
    outer loop
      vertex   -1.129116e+02 3.868588e+02 2.223126e+02
      vertex   -1.129116e+02 3.868588e+02 2.261848e+02
      vertex   -1.131417e+02 3.868508e+02 2.223126e+02
    endloop
  endfacet
  facet normal 3.489950e-02 -9.993908e-01 0.000000e+00
    outer loop
      vertex   -1.131417e+02 3.868508e+02 2.223126e+02
      vertex   -1.129116e+02 3.868588e+02 2.261848e+02
      vertex   -1.131417e+02 3.868508e+02 2.261848e+02
    endloop
  endfacet
  facet normal 1.736482e-01 -9.848078e-01 0.000000e+00
    outer loop
      vertex   -1.131417e+02 3.868508e+02 2.223126e+02
      vertex   -1.131417e+02 3.868508e+02 2.261848e+02
      vertex   -1.133684e+02 3.868108e+02 2.223126e+02
    endloop
  endfacet
  facet normal 1.736482e-01 -9.848078e-01 0.000000e+00
    outer loop
      vertex   -1.133684e+02 3.868108e+02 2.223126e+02
      vertex   -1.131417e+02 3.868508e+02 2.261848e+02
      vertex   -1.133684e+02 3.868108e+02 2.261848e+02
    endloop
  endfacet
  facet normal 3.090170e-01 -9.510565e-01 0.000000e+00
    outer loop
      vertex   -1.133684e+02 3.868108e+02 2.223126e+02
      vertex   -1.133684e+02 3.868108e+02 2.261848e+02
      vertex   -1.135873e+02 3.867397e+02 2.223126e+02
    endloop
  endfacet
  facet normal 3.090170e-01 -9.510565e-01 0.000000e+00
    outer loop
      vertex   -1.135873e+02 3.867397e+02 2.223126e+02
      vertex   -1.133684e+02 3.868108e+02 2.261848e+02
      vertex   -1.135873e+02 3.867397e+02 2.261848e+02
    endloop
  endfacet
  facet normal 4.383711e-01 -8.987940e-01 0.000000e+00
    outer loop
      vertex   -1.135873e+02 3.867397e+02 2.223126e+02
      vertex   -1.135873e+02 3.867397e+02 2.261848e+02
      vertex   -1.137942e+02 3.866387e+02 2.223126e+02
    endloop
  endfacet
  facet normal 4.383711e-01 -8.987940e-01 0.000000e+00
    outer loop
      vertex   -1.137942e+02 3.866387e+02 2.223126e+02
      vertex   -1.135873e+02 3.867397e+02 2.261848e+02
      vertex   -1.137942e+02 3.866387e+02 2.261848e+02
    endloop
  endfacet
  facet normal 5.591929e-01 -8.290376e-01 0.000000e+00
    outer loop
      vertex   -1.137942e+02 3.866387e+02 2.223126e+02
      vertex   -1.137942e+02 3.866387e+02 2.261848e+02
      vertex   -1.139851e+02 3.865100e+02 2.223126e+02
    endloop
  endfacet
  facet normal 5.591929e-01 -8.290376e-01 0.000000e+00
    outer loop
      vertex   -1.139851e+02 3.865100e+02 2.223126e+02
      vertex   -1.137942e+02 3.866387e+02 2.261848e+02
      vertex   -1.139851e+02 3.865100e+02 2.261848e+02
    endloop
  endfacet
  facet normal 6.691306e-01 -7.431448e-01 0.000000e+00
    outer loop
      vertex   -1.139851e+02 3.865100e+02 2.223126e+02
      vertex   -1.139851e+02 3.865100e+02 2.261848e+02
      vertex   -1.141561e+02 3.863560e+02 2.223126e+02
    endloop
  endfacet
  facet normal 6.691306e-01 -7.431448e-01 0.000000e+00
    outer loop
      vertex   -1.141561e+02 3.863560e+02 2.223126e+02
      vertex   -1.139851e+02 3.865100e+02 2.261848e+02
      vertex   -1.141561e+02 3.863560e+02 2.261848e+02
    endloop
  endfacet
  facet normal 7.660444e-01 -6.427876e-01 0.000000e+00
    outer loop
      vertex   -1.141561e+02 3.863560e+02 2.223126e+02
      vertex   -1.141561e+02 3.863560e+02 2.261848e+02
      vertex   -1.143041e+02 3.861796e+02 2.223126e+02
    endloop
  endfacet
  facet normal 7.660444e-01 -6.427876e-01 0.000000e+00
    outer loop
      vertex   -1.143041e+02 3.861796e+02 2.223126e+02
      vertex   -1.141561e+02 3.863560e+02 2.261848e+02
      vertex   -1.143041e+02 3.861796e+02 2.261848e+02
    endloop
  endfacet
  facet normal 8.480481e-01 -5.299193e-01 0.000000e+00
    outer loop
      vertex   -1.143041e+02 3.861796e+02 2.223126e+02
      vertex   -1.143041e+02 3.861796e+02 2.261848e+02
      vertex   -1.144261e+02 3.859844e+02 2.223126e+02
    endloop
  endfacet
  facet normal 8.480481e-01 -5.299193e-01 0.000000e+00
    outer loop
      vertex   -1.144261e+02 3.859844e+02 2.223126e+02
      vertex   -1.143041e+02 3.861796e+02 2.261848e+02
      vertex   -1.144261e+02 3.859844e+02 2.261848e+02
    endloop
  endfacet
  facet normal 9.135455e-01 -4.067366e-01 0.000000e+00
    outer loop
      vertex   -1.144261e+02 3.859844e+02 2.223126e+02
      vertex   -1.144261e+02 3.859844e+02 2.261848e+02
      vertex   -1.145197e+02 3.857741e+02 2.223126e+02
    endloop
  endfacet
  facet normal 9.135455e-01 -4.067366e-01 0.000000e+00
    outer loop
      vertex   -1.145197e+02 3.857741e+02 2.223126e+02
      vertex   -1.144261e+02 3.859844e+02 2.261848e+02
      vertex   -1.145197e+02 3.857741e+02 2.261848e+02
    endloop
  endfacet
  facet normal 9.612617e-01 -2.756374e-01 0.000000e+00
    outer loop
      vertex   -1.145197e+02 3.857741e+02 2.223126e+02
      vertex   -1.145197e+02 3.857741e+02 2.261848e+02
      vertex   -1.145832e+02 3.855529e+02 2.223126e+02
    endloop
  endfacet
  facet normal 9.612617e-01 -2.756374e-01 0.000000e+00
    outer loop
      vertex   -1.145832e+02 3.855529e+02 2.223126e+02
      vertex   -1.145197e+02 3.857741e+02 2.261848e+02
      vertex   -1.145832e+02 3.855529e+02 2.261848e+02
    endloop
  endfacet
  facet normal 9.902681e-01 -1.391731e-01 0.000000e+00
    outer loop
      vertex   -1.145832e+02 3.855529e+02 2.223126e+02
      vertex   -1.145832e+02 3.855529e+02 2.261848e+02
      vertex   -1.146152e+02 3.853249e+02 2.223126e+02
    endloop
  endfacet
  facet normal 9.902681e-01 -1.391731e-01 0.000000e+00
    outer loop
      vertex   -1.146152e+02 3.853249e+02 2.223126e+02
      vertex   -1.145832e+02 3.855529e+02 2.261848e+02
      vertex   -1.146152e+02 3.853249e+02 2.261848e+02
    endloop
  endfacet
  facet normal 1.000000e+00 0.000000e+00 -0.000000e+00
    outer loop
      vertex   -1.146152e+02 3.853249e+02 2.223126e+02
      vertex   -1.146152e+02 3.853249e+02 2.261848e+02
      vertex   -1.146152e+02 3.850947e+02 2.223126e+02
    endloop
  endfacet
  facet normal 1.000000e+00 0.000000e+00 0.000000e+00
    outer loop
      vertex   -1.146152e+02 3.850947e+02 2.223126e+02
      vertex   -1.146152e+02 3.853249e+02 2.261848e+02
      vertex   -1.146152e+02 3.850947e+02 2.261848e+02
    endloop
  endfacet
  facet normal 9.902681e-01 1.391731e-01 -0.000000e+00
    outer loop
      vertex   -1.146152e+02 3.850947e+02 2.223126e+02
      vertex   -1.146152e+02 3.850947e+02 2.261848e+02
      vertex   -1.145832e+02 3.848667e+02 2.223126e+02
    endloop
  endfacet
  facet normal 9.902681e-01 1.391731e-01 -0.000000e+00
    outer loop
      vertex   -1.145832e+02 3.848667e+02 2.223126e+02
      vertex   -1.146152e+02 3.850947e+02 2.261848e+02
      vertex   -1.145832e+02 3.848667e+02 2.261848e+02
    endloop
  endfacet
  facet normal 9.612617e-01 2.756374e-01 -0.000000e+00
    outer loop
      vertex   -1.145832e+02 3.848667e+02 2.223126e+02
      vertex   -1.145832e+02 3.848667e+02 2.261848e+02
      vertex   -1.145197e+02 3.846455e+02 2.223126e+02
    endloop
  endfacet
  facet normal 9.612617e-01 2.756374e-01 -0.000000e+00
    outer loop
      vertex   -1.145197e+02 3.846455e+02 2.223126e+02
      vertex   -1.145832e+02 3.848667e+02 2.261848e+02
      vertex   -1.145197e+02 3.846455e+02 2.261848e+02
    endloop
  endfacet
  facet normal 9.135455e-01 4.067366e-01 -0.000000e+00
    outer loop
      vertex   -1.145197e+02 3.846455e+02 2.223126e+02
      vertex   -1.145197e+02 3.846455e+02 2.261848e+02
      vertex   -1.144261e+02 3.844352e+02 2.223126e+02
    endloop
  endfacet
  facet normal 9.135455e-01 4.067366e-01 -0.000000e+00
    outer loop
      vertex   -1.144261e+02 3.844352e+02 2.223126e+02
      vertex   -1.145197e+02 3.846455e+02 2.261848e+02
      vertex   -1.144261e+02 3.844352e+02 2.261848e+02
    endloop
  endfacet
  facet normal 8.480481e-01 5.299193e-01 -0.000000e+00
    outer loop
      vertex   -1.144261e+02 3.844352e+02 2.223126e+02
      vertex   -1.144261e+02 3.844352e+02 2.261848e+02
      vertex   -1.143041e+02 3.842400e+02 2.223126e+02
    endloop
  endfacet
  facet normal 8.480481e-01 5.299193e-01 -0.000000e+00
    outer loop
      vertex   -1.143041e+02 3.842400e+02 2.223126e+02
      vertex   -1.144261e+02 3.844352e+02 2.261848e+02
      vertex   -1.143041e+02 3.842400e+02 2.261848e+02
    endloop
  endfacet
  facet normal 7.660444e-01 6.427876e-01 -0.000000e+00
    outer loop
      vertex   -1.143041e+02 3.842400e+02 2.223126e+02
      vertex   -1.143041e+02 3.842400e+02 2.261848e+02
      vertex   -1.141561e+02 3.840636e+02 2.223126e+02
    endloop
  endfacet
  facet normal 7.660444e-01 6.427876e-01 -0.000000e+00
    outer loop
      vertex   -1.141561e+02 3.840636e+02 2.223126e+02
      vertex   -1.143041e+02 3.842400e+02 2.261848e+02
      vertex   -1.141561e+02 3.840636e+02 2.261848e+02
    endloop
  endfacet
  facet normal 6.691306e-01 7.431448e-01 -0.000000e+00
    outer loop
      vertex   -1.141561e+02 3.840636e+02 2.223126e+02
      vertex   -1.141561e+02 3.840636e+02 2.261848e+02
      vertex   -1.139851e+02 3.839096e+02 2.223126e+02
    endloop
  endfacet
  facet normal 6.691306e-01 7.431448e-01 -0.000000e+00
    outer loop
      vertex   -1.139851e+02 3.839096e+02 2.223126e+02
      vertex   -1.141561e+02 3.840636e+02 2.261848e+02
      vertex   -1.139851e+02 3.839096e+02 2.261848e+02
    endloop
  endfacet
  facet normal 5.591929e-01 8.290376e-01 -0.000000e+00
    outer loop
      vertex   -1.139851e+02 3.839096e+02 2.223126e+02
      vertex   -1.139851e+02 3.839096e+02 2.261848e+02
      vertex   -1.137942e+02 3.837809e+02 2.223126e+02
    endloop
  endfacet
  facet normal 5.591929e-01 8.290376e-01 -0.000000e+00
    outer loop
      vertex   -1.137942e+02 3.837809e+02 2.223126e+02
      vertex   -1.139851e+02 3.839096e+02 2.261848e+02
      vertex   -1.137942e+02 3.837809e+02 2.261848e+02
    endloop
  endfacet
  facet normal 4.383711e-01 8.987940e-01 -0.000000e+00
    outer loop
      vertex   -1.137942e+02 3.837809e+02 2.223126e+02
      vertex   -1.137942e+02 3.837809e+02 2.261848e+02
      vertex   -1.135873e+02 3.836799e+02 2.223126e+02
    endloop
  endfacet
  facet normal 4.383711e-01 8.987940e-01 -0.000000e+00
    outer loop
      vertex   -1.135873e+02 3.836799e+02 2.223126e+02
      vertex   -1.137942e+02 3.837809e+02 2.261848e+02
      vertex   -1.135873e+02 3.836799e+02 2.261848e+02
    endloop
  endfacet
  facet normal 3.090170e-01 9.510565e-01 -0.000000e+00
    outer loop
      vertex   -1.135873e+02 3.836799e+02 2.223126e+02
      vertex   -1.135873e+02 3.836799e+02 2.261848e+02
      vertex   -1.133684e+02 3.836088e+02 2.223126e+02
    endloop
  endfacet
  facet normal 3.090170e-01 9.510565e-01 -0.000000e+00
    outer loop
      vertex   -1.133684e+02 3.836088e+02 2.223126e+02
      vertex   -1.135873e+02 3.836799e+02 2.261848e+02
      vertex   -1.133684e+02 3.836088e+02 2.261848e+02
    endloop
  endfacet
  facet normal 1.736482e-01 9.848078e-01 -0.000000e+00
    outer loop
      vertex   -1.133684e+02 3.836088e+02 2.223126e+02
      vertex   -1.133684e+02 3.836088e+02 2.261848e+02
      vertex   -1.131417e+02 3.835688e+02 2.223126e+02
    endloop
  endfacet
  facet normal 1.736482e-01 9.848078e-01 -0.000000e+00
    outer loop
      vertex   -1.131417e+02 3.835688e+02 2.223126e+02
      vertex   -1.133684e+02 3.836088e+02 2.261848e+02
      vertex   -1.131417e+02 3.835688e+02 2.261848e+02
    endloop
  endfacet
  facet normal 3.489950e-02 9.993908e-01 -0.000000e+00
    outer loop
      vertex   -1.131417e+02 3.835688e+02 2.223126e+02
      vertex   -1.131417e+02 3.835688e+02 2.261848e+02
      vertex   -1.129116e+02 3.835608e+02 2.223126e+02
    endloop
  endfacet
  facet normal 3.489950e-02 9.993908e-01 -0.000000e+00
    outer loop
      vertex   -1.129116e+02 3.835608e+02 2.223126e+02
      vertex   -1.131417e+02 3.835688e+02 2.261848e+02
      vertex   -1.129116e+02 3.835608e+02 2.261848e+02
    endloop
  endfacet
  facet normal -1.045285e-01 9.945219e-01 0.000000e+00
    outer loop
      vertex   -1.129116e+02 3.835608e+02 2.223126e+02
      vertex   -1.129116e+02 3.835608e+02 2.261848e+02
      vertex   -1.126827e+02 3.835849e+02 2.223126e+02
    endloop
  endfacet
  facet normal -1.045285e-01 9.945219e-01 0.000000e+00
    outer loop
      vertex   -1.126827e+02 3.835849e+02 2.223126e+02
      vertex   -1.129116e+02 3.835608e+02 2.261848e+02
      vertex   -1.126827e+02 3.835849e+02 2.261848e+02
    endloop
  endfacet
  facet normal -2.419219e-01 9.702957e-01 0.000000e+00
    outer loop
      vertex   -1.126827e+02 3.835849e+02 2.223126e+02
      vertex   -1.126827e+02 3.835849e+02 2.261848e+02
      vertex   -1.124593e+02 3.836406e+02 2.223126e+02
    endloop
  endfacet
  facet normal -2.419219e-01 9.702957e-01 0.000000e+00
    outer loop
      vertex   -1.124593e+02 3.836406e+02 2.223126e+02
      vertex   -1.126827e+02 3.835849e+02 2.261848e+02
      vertex   -1.124593e+02 3.836406e+02 2.261848e+02
    endloop
  endfacet
  facet normal -3.746066e-01 9.271839e-01 0.000000e+00
    outer loop
      vertex   -1.124593e+02 3.836406e+02 2.223126e+02
      vertex   -1.124593e+02 3.836406e+02 2.261848e+02
      vertex   -1.122459e+02 3.837268e+02 2.223126e+02
    endloop
  endfacet
  facet normal -3.746066e-01 9.271839e-01 0.000000e+00
    outer loop
      vertex   -1.122459e+02 3.837268e+02 2.223126e+02
      vertex   -1.124593e+02 3.836406e+02 2.261848e+02
      vertex   -1.122459e+02 3.837268e+02 2.261848e+02
    endloop
  endfacet
  facet normal -5.000000e-01 8.660254e-01 0.000000e+00
    outer loop
      vertex   -1.122459e+02 3.837268e+02 2.223126e+02
      vertex   -1.122459e+02 3.837268e+02 2.261848e+02
      vertex   -1.120466e+02 3.838419e+02 2.223126e+02
    endloop
  endfacet
  facet normal -5.000000e-01 8.660254e-01 0.000000e+00
    outer loop
      vertex   -1.120466e+02 3.838419e+02 2.223126e+02
      vertex   -1.122459e+02 3.837268e+02 2.261848e+02
      vertex   -1.120466e+02 3.838419e+02 2.261848e+02
    endloop
  endfacet
  facet normal -6.156615e-01 7.880108e-01 0.000000e+00
    outer loop
      vertex   -1.120466e+02 3.838419e+02 2.223126e+02
      vertex   -1.120466e+02 3.838419e+02 2.261848e+02
      vertex   -1.118652e+02 3.839836e+02 2.223126e+02
    endloop
  endfacet
  facet normal -6.156615e-01 7.880108e-01 0.000000e+00
    outer loop
      vertex   -1.118652e+02 3.839836e+02 2.223126e+02
      vertex   -1.120466e+02 3.838419e+02 2.261848e+02
      vertex   -1.118652e+02 3.839836e+02 2.261848e+02
    endloop
  endfacet
  facet normal -7.193398e-01 6.946584e-01 0.000000e+00
    outer loop
      vertex   -1.118652e+02 3.839836e+02 2.223126e+02
      vertex   -1.118652e+02 3.839836e+02 2.261848e+02
      vertex   -1.117052e+02 3.841492e+02 2.223126e+02
    endloop
  endfacet
  facet normal -7.193398e-01 6.946584e-01 0.000000e+00
    outer loop
      vertex   -1.117052e+02 3.841492e+02 2.223126e+02
      vertex   -1.118652e+02 3.839836e+02 2.261848e+02
      vertex   -1.117052e+02 3.841492e+02 2.261848e+02
    endloop
  endfacet
  facet normal -8.090170e-01 5.877853e-01 0.000000e+00
    outer loop
      vertex   -1.117052e+02 3.841492e+02 2.223126e+02
      vertex   -1.117052e+02 3.841492e+02 2.261848e+02
      vertex   -1.115699e+02 3.843354e+02 2.223126e+02
    endloop
  endfacet
  facet normal -8.090170e-01 5.877853e-01 0.000000e+00
    outer loop
      vertex   -1.115699e+02 3.843354e+02 2.223126e+02
      vertex   -1.117052e+02 3.841492e+02 2.261848e+02
      vertex   -1.115699e+02 3.843354e+02 2.261848e+02
    endloop
  endfacet
  facet normal -8.829476e-01 4.694716e-01 0.000000e+00
    outer loop
      vertex   -1.115699e+02 3.843354e+02 2.223126e+02
      vertex   -1.115699e+02 3.843354e+02 2.261848e+02
      vertex   -1.114619e+02 3.845387e+02 2.223126e+02
    endloop
  endfacet
  facet normal -8.829476e-01 4.694716e-01 0.000000e+00
    outer loop
      vertex   -1.114619e+02 3.845387e+02 2.223126e+02
      vertex   -1.115699e+02 3.843354e+02 2.261848e+02
      vertex   -1.114619e+02 3.845387e+02 2.261848e+02
    endloop
  endfacet
  facet normal -9.396926e-01 3.420201e-01 0.000000e+00
    outer loop
      vertex   -1.114619e+02 3.845387e+02 2.223126e+02
      vertex   -1.114619e+02 3.845387e+02 2.261848e+02
      vertex   -1.113831e+02 3.847550e+02 2.223126e+02
    endloop
  endfacet
  facet normal -9.396926e-01 3.420201e-01 0.000000e+00
    outer loop
      vertex   -1.113831e+02 3.847550e+02 2.223126e+02
      vertex   -1.114619e+02 3.845387e+02 2.261848e+02
      vertex   -1.113831e+02 3.847550e+02 2.261848e+02
    endloop
  endfacet
  facet normal -9.781476e-01 2.079117e-01 0.000000e+00
    outer loop
      vertex   -1.113831e+02 3.847550e+02 2.223126e+02
      vertex   -1.113831e+02 3.847550e+02 2.261848e+02
      vertex   -1.113353e+02 3.849802e+02 2.223126e+02
    endloop
  endfacet
  facet normal -9.781476e-01 2.079117e-01 0.000000e+00
    outer loop
      vertex   -1.113353e+02 3.849802e+02 2.223126e+02
      vertex   -1.113831e+02 3.847550e+02 2.261848e+02
      vertex   -1.113353e+02 3.849802e+02 2.261848e+02
    endloop
  endfacet
  facet normal -5.470913e-27 9.381775e-14 -1.000000e+00
    outer loop
      vertex   -1.086460e+02 3.870000e+02 2.149022e+02
      vertex   -9.110000e+01 3.870000e+02 2.149022e+02
      vertex   -1.086460e+02 3.760940e+02 2.149022e+02
    endloop
  endfacet
  facet normal 0.000000e+00 9.381775e-14 -1.000000e+00
    outer loop
      vertex   -1.086460e+02 3.760940e+02 2.149022e+02
      vertex   -9.110000e+01 3.870000e+02 2.149022e+02
      vertex   -9.110000e+01 3.760940e+02 2.149022e+02
    endloop
  endfacet
  facet normal 9.980267e-01 6.279052e-02 0.000000e+00
    outer loop
      vertex   -1.376944e+02 3.842921e+02 1.771848e+02
      vertex   -1.376944e+02 3.842921e+02 1.731848e+02
      vertex   -1.377101e+02 3.845427e+02 1.771848e+02
    endloop
  endfacet
  facet normal 9.980267e-01 6.279052e-02 0.000000e+00
    outer loop
      vertex   -1.377101e+02 3.845427e+02 1.771848e+02
      vertex   -1.376944e+02 3.842921e+02 1.731848e+02
      vertex   -1.377101e+02 3.845427e+02 1.731848e+02
    endloop
  endfacet
  facet normal 9.980267e-01 -6.279052e-02 0.000000e+00
    outer loop
      vertex   -1.377101e+02 3.845427e+02 1.771848e+02
      vertex   -1.377101e+02 3.845427e+02 1.731848e+02
      vertex   -1.376944e+02 3.847934e+02 1.771848e+02
    endloop
  endfacet
  facet normal 9.980267e-01 -6.279052e-02 0.000000e+00
    outer loop
      vertex   -1.376944e+02 3.847934e+02 1.771848e+02
      vertex   -1.377101e+02 3.845427e+02 1.731848e+02
      vertex   -1.376944e+02 3.847934e+02 1.731848e+02
    endloop
  endfacet
  facet normal 9.822873e-01 -1.873813e-01 0.000000e+00
    outer loop
      vertex   -1.376944e+02 3.847934e+02 1.771848e+02
      vertex   -1.376944e+02 3.847934e+02 1.731848e+02
      vertex   -1.376473e+02 3.850401e+02 1.771848e+02
    endloop
  endfacet
  facet normal 9.822873e-01 -1.873813e-01 0.000000e+00
    outer loop
      vertex   -1.376473e+02 3.850401e+02 1.771848e+02
      vertex   -1.376944e+02 3.847934e+02 1.731848e+02
      vertex   -1.376473e+02 3.850401e+02 1.731848e+02
    endloop
  endfacet
  facet normal 9.510565e-01 -3.090170e-01 0.000000e+00
    outer loop
      vertex   -1.376473e+02 3.850401e+02 1.771848e+02
      vertex   -1.376473e+02 3.850401e+02 1.731848e+02
      vertex   -1.375697e+02 3.852790e+02 1.771848e+02
    endloop
  endfacet
  facet normal 9.510565e-01 -3.090170e-01 0.000000e+00
    outer loop
      vertex   -1.375697e+02 3.852790e+02 1.771848e+02
      vertex   -1.376473e+02 3.850401e+02 1.731848e+02
      vertex   -1.375697e+02 3.852790e+02 1.731848e+02
    endloop
  endfacet
  facet normal 9.048271e-01 -4.257793e-01 0.000000e+00
    outer loop
      vertex   -1.375697e+02 3.852790e+02 1.771848e+02
      vertex   -1.375697e+02 3.852790e+02 1.731848e+02
      vertex   -1.374628e+02 3.855062e+02 1.771848e+02
    endloop
  endfacet
  facet normal 9.048271e-01 -4.257793e-01 0.000000e+00
    outer loop
      vertex   -1.374628e+02 3.855062e+02 1.771848e+02
      vertex   -1.375697e+02 3.852790e+02 1.731848e+02
      vertex   -1.374628e+02 3.855062e+02 1.731848e+02
    endloop
  endfacet
  facet normal 8.443279e-01 -5.358268e-01 0.000000e+00
    outer loop
      vertex   -1.374628e+02 3.855062e+02 1.771848e+02
      vertex   -1.374628e+02 3.855062e+02 1.731848e+02
      vertex   -1.373282e+02 3.857183e+02 1.771848e+02
    endloop
  endfacet
  facet normal 8.443279e-01 -5.358268e-01 0.000000e+00
    outer loop
      vertex   -1.373282e+02 3.857183e+02 1.771848e+02
      vertex   -1.374628e+02 3.855062e+02 1.731848e+02
      vertex   -1.373282e+02 3.857183e+02 1.731848e+02
    endloop
  endfacet
  facet normal 7.705132e-01 -6.374240e-01 0.000000e+00
    outer loop
      vertex   -1.373282e+02 3.857183e+02 1.771848e+02
      vertex   -1.373282e+02 3.857183e+02 1.731848e+02
      vertex   -1.371681e+02 3.859118e+02 1.771848e+02
    endloop
  endfacet
  facet normal 7.705132e-01 -6.374240e-01 0.000000e+00
    outer loop
      vertex   -1.371681e+02 3.859118e+02 1.771848e+02
      vertex   -1.373282e+02 3.857183e+02 1.731848e+02
      vertex   -1.371681e+02 3.859118e+02 1.731848e+02
    endloop
  endfacet
  facet normal 6.845471e-01 -7.289686e-01 0.000000e+00
    outer loop
      vertex   -1.371681e+02 3.859118e+02 1.771848e+02
      vertex   -1.371681e+02 3.859118e+02 1.731848e+02
      vertex   -1.369850e+02 3.860838e+02 1.771848e+02
    endloop
  endfacet
  facet normal 6.845471e-01 -7.289686e-01 0.000000e+00
    outer loop
      vertex   -1.369850e+02 3.860838e+02 1.771848e+02
      vertex   -1.371681e+02 3.859118e+02 1.731848e+02
      vertex   -1.369850e+02 3.860838e+02 1.731848e+02
    endloop
  endfacet
  facet normal 5.877853e-01 -8.090170e-01 0.000000e+00
    outer loop
      vertex   -1.369850e+02 3.860838e+02 1.771848e+02
      vertex   -1.369850e+02 3.860838e+02 1.731848e+02
      vertex   -1.367818e+02 3.862314e+02 1.771848e+02
    endloop
  endfacet
  facet normal 5.877853e-01 -8.090170e-01 0.000000e+00
    outer loop
      vertex   -1.367818e+02 3.862314e+02 1.771848e+02
      vertex   -1.369850e+02 3.860838e+02 1.731848e+02
      vertex   -1.367818e+02 3.862314e+02 1.731848e+02
    endloop
  endfacet
  facet normal 4.817537e-01 -8.763067e-01 0.000000e+00
    outer loop
      vertex   -1.367818e+02 3.862314e+02 1.771848e+02
      vertex   -1.367818e+02 3.862314e+02 1.731848e+02
      vertex   -1.365617e+02 3.863524e+02 1.771848e+02
    endloop
  endfacet
  facet normal 4.817537e-01 -8.763067e-01 0.000000e+00
    outer loop
      vertex   -1.365617e+02 3.863524e+02 1.771848e+02
      vertex   -1.367818e+02 3.862314e+02 1.731848e+02
      vertex   -1.365617e+02 3.863524e+02 1.731848e+02
    endloop
  endfacet
  facet normal 3.681246e-01 -9.297765e-01 0.000000e+00
    outer loop
      vertex   -1.365617e+02 3.863524e+02 1.771848e+02
      vertex   -1.365617e+02 3.863524e+02 1.731848e+02
      vertex   -1.363282e+02 3.864449e+02 1.771848e+02
    endloop
  endfacet
  facet normal 3.681246e-01 -9.297765e-01 0.000000e+00
    outer loop
      vertex   -1.363282e+02 3.864449e+02 1.771848e+02
      vertex   -1.365617e+02 3.863524e+02 1.731848e+02
      vertex   -1.363282e+02 3.864449e+02 1.731848e+02
    endloop
  endfacet
  facet normal 2.486899e-01 -9.685832e-01 0.000000e+00
    outer loop
      vertex   -1.363282e+02 3.864449e+02 1.771848e+02
      vertex   -1.363282e+02 3.864449e+02 1.731848e+02
      vertex   -1.360849e+02 3.865073e+02 1.771848e+02
    endloop
  endfacet
  facet normal 2.486899e-01 -9.685832e-01 0.000000e+00
    outer loop
      vertex   -1.360849e+02 3.865073e+02 1.771848e+02
      vertex   -1.363282e+02 3.864449e+02 1.731848e+02
      vertex   -1.360849e+02 3.865073e+02 1.731848e+02
    endloop
  endfacet
  facet normal 1.253332e-01 -9.921147e-01 0.000000e+00
    outer loop
      vertex   -1.360849e+02 3.865073e+02 1.771848e+02
      vertex   -1.360849e+02 3.865073e+02 1.731848e+02
      vertex   -1.358357e+02 3.865388e+02 1.771848e+02
    endloop
  endfacet
  facet normal 1.253332e-01 -9.921147e-01 0.000000e+00
    outer loop
      vertex   -1.358357e+02 3.865388e+02 1.771848e+02
      vertex   -1.360849e+02 3.865073e+02 1.731848e+02
      vertex   -1.358357e+02 3.865388e+02 1.731848e+02
    endloop
  endfacet
  facet normal 0.000000e+00 -1.000000e+00 0.000000e+00
    outer loop
      vertex   -1.358357e+02 3.865388e+02 1.771848e+02
      vertex   -1.358357e+02 3.865388e+02 1.731848e+02
      vertex   -1.355846e+02 3.865388e+02 1.771848e+02
    endloop
  endfacet
  facet normal 0.000000e+00 -1.000000e+00 -0.000000e+00
    outer loop
      vertex   -1.355846e+02 3.865388e+02 1.771848e+02
      vertex   -1.358357e+02 3.865388e+02 1.731848e+02
      vertex   -1.355846e+02 3.865388e+02 1.731848e+02
    endloop
  endfacet
  facet normal -1.253332e-01 -9.921147e-01 -0.000000e+00
    outer loop
      vertex   -1.355846e+02 3.865388e+02 1.771848e+02
      vertex   -1.355846e+02 3.865388e+02 1.731848e+02
      vertex   -1.353354e+02 3.865073e+02 1.771848e+02
    endloop
  endfacet
  facet normal -1.253332e-01 -9.921147e-01 -0.000000e+00
    outer loop
      vertex   -1.353354e+02 3.865073e+02 1.771848e+02
      vertex   -1.355846e+02 3.865388e+02 1.731848e+02
      vertex   -1.353354e+02 3.865073e+02 1.731848e+02
    endloop
  endfacet
  facet normal -2.486899e-01 -9.685832e-01 -0.000000e+00
    outer loop
      vertex   -1.353354e+02 3.865073e+02 1.771848e+02
      vertex   -1.353354e+02 3.865073e+02 1.731848e+02
      vertex   -1.350921e+02 3.864449e+02 1.771848e+02
    endloop
  endfacet
  facet normal -2.486899e-01 -9.685832e-01 -0.000000e+00
    outer loop
      vertex   -1.350921e+02 3.864449e+02 1.771848e+02
      vertex   -1.353354e+02 3.865073e+02 1.731848e+02
      vertex   -1.350921e+02 3.864449e+02 1.731848e+02
    endloop
  endfacet
  facet normal -3.681246e-01 -9.297765e-01 -0.000000e+00
    outer loop
      vertex   -1.350921e+02 3.864449e+02 1.771848e+02
      vertex   -1.350921e+02 3.864449e+02 1.731848e+02
      vertex   -1.348586e+02 3.863524e+02 1.771848e+02
    endloop
  endfacet
  facet normal -3.681246e-01 -9.297765e-01 -0.000000e+00
    outer loop
      vertex   -1.348586e+02 3.863524e+02 1.771848e+02
      vertex   -1.350921e+02 3.864449e+02 1.731848e+02
      vertex   -1.348586e+02 3.863524e+02 1.731848e+02
    endloop
  endfacet
  facet normal -4.817537e-01 -8.763067e-01 -0.000000e+00
    outer loop
      vertex   -1.348586e+02 3.863524e+02 1.771848e+02
      vertex   -1.348586e+02 3.863524e+02 1.731848e+02
      vertex   -1.346385e+02 3.862314e+02 1.771848e+02
    endloop
  endfacet
  facet normal -4.817537e-01 -8.763067e-01 -0.000000e+00
    outer loop
      vertex   -1.346385e+02 3.862314e+02 1.771848e+02
      vertex   -1.348586e+02 3.863524e+02 1.731848e+02
      vertex   -1.346385e+02 3.862314e+02 1.731848e+02
    endloop
  endfacet
  facet normal -5.877853e-01 -8.090170e-01 -0.000000e+00
    outer loop
      vertex   -1.346385e+02 3.862314e+02 1.771848e+02
      vertex   -1.346385e+02 3.862314e+02 1.731848e+02
      vertex   -1.344353e+02 3.860838e+02 1.771848e+02
    endloop
  endfacet
  facet normal -5.877853e-01 -8.090170e-01 -0.000000e+00
    outer loop
      vertex   -1.344353e+02 3.860838e+02 1.771848e+02
      vertex   -1.346385e+02 3.862314e+02 1.731848e+02
      vertex   -1.344353e+02 3.860838e+02 1.731848e+02
    endloop
  endfacet
  facet normal -6.845471e-01 -7.289686e-01 -0.000000e+00
    outer loop
      vertex   -1.344353e+02 3.860838e+02 1.771848e+02
      vertex   -1.344353e+02 3.860838e+02 1.731848e+02
      vertex   -1.342522e+02 3.859118e+02 1.771848e+02
    endloop
  endfacet
  facet normal -6.845471e-01 -7.289686e-01 -0.000000e+00
    outer loop
      vertex   -1.342522e+02 3.859118e+02 1.771848e+02
      vertex   -1.344353e+02 3.860838e+02 1.731848e+02
      vertex   -1.342522e+02 3.859118e+02 1.731848e+02
    endloop
  endfacet
  facet normal -7.705132e-01 -6.374240e-01 -0.000000e+00
    outer loop
      vertex   -1.342522e+02 3.859118e+02 1.771848e+02
      vertex   -1.342522e+02 3.859118e+02 1.731848e+02
      vertex   -1.340921e+02 3.857183e+02 1.771848e+02
    endloop
  endfacet
  facet normal -7.705132e-01 -6.374240e-01 -0.000000e+00
    outer loop
      vertex   -1.340921e+02 3.857183e+02 1.771848e+02
      vertex   -1.342522e+02 3.859118e+02 1.731848e+02
      vertex   -1.340921e+02 3.857183e+02 1.731848e+02
    endloop
  endfacet
  facet normal -8.443279e-01 -5.358268e-01 -0.000000e+00
    outer loop
      vertex   -1.340921e+02 3.857183e+02 1.771848e+02
      vertex   -1.340921e+02 3.857183e+02 1.731848e+02
      vertex   -1.339575e+02 3.855062e+02 1.771848e+02
    endloop
  endfacet
  facet normal -8.443279e-01 -5.358268e-01 -0.000000e+00
    outer loop
      vertex   -1.339575e+02 3.855062e+02 1.771848e+02
      vertex   -1.340921e+02 3.857183e+02 1.731848e+02
      vertex   -1.339575e+02 3.855062e+02 1.731848e+02
    endloop
  endfacet
  facet normal -9.048271e-01 -4.257793e-01 -0.000000e+00
    outer loop
      vertex   -1.339575e+02 3.855062e+02 1.771848e+02
      vertex   -1.339575e+02 3.855062e+02 1.731848e+02
      vertex   -1.338506e+02 3.852790e+02 1.771848e+02
    endloop
  endfacet
  facet normal -9.048271e-01 -4.257793e-01 -0.000000e+00
    outer loop
      vertex   -1.338506e+02 3.852790e+02 1.771848e+02
      vertex   -1.339575e+02 3.855062e+02 1.731848e+02
      vertex   -1.338506e+02 3.852790e+02 1.731848e+02
    endloop
  endfacet
  facet normal -9.510565e-01 -3.090170e-01 -0.000000e+00
    outer loop
      vertex   -1.338506e+02 3.852790e+02 1.771848e+02
      vertex   -1.338506e+02 3.852790e+02 1.731848e+02
      vertex   -1.337730e+02 3.850401e+02 1.771848e+02
    endloop
  endfacet
  facet normal -9.510565e-01 -3.090170e-01 -0.000000e+00
    outer loop
      vertex   -1.337730e+02 3.850401e+02 1.771848e+02
      vertex   -1.338506e+02 3.852790e+02 1.731848e+02
      vertex   -1.337730e+02 3.850401e+02 1.731848e+02
    endloop
  endfacet
  facet normal -9.822873e-01 -1.873813e-01 -0.000000e+00
    outer loop
      vertex   -1.337730e+02 3.850401e+02 1.771848e+02
      vertex   -1.337730e+02 3.850401e+02 1.731848e+02
      vertex   -1.337259e+02 3.847934e+02 1.771848e+02
    endloop
  endfacet
  facet normal -9.822873e-01 -1.873813e-01 -0.000000e+00
    outer loop
      vertex   -1.337259e+02 3.847934e+02 1.771848e+02
      vertex   -1.337730e+02 3.850401e+02 1.731848e+02
      vertex   -1.337259e+02 3.847934e+02 1.731848e+02
    endloop
  endfacet
  facet normal -9.980267e-01 -6.279052e-02 -0.000000e+00
    outer loop
      vertex   -1.337259e+02 3.847934e+02 1.771848e+02
      vertex   -1.337259e+02 3.847934e+02 1.731848e+02
      vertex   -1.337101e+02 3.845427e+02 1.771848e+02
    endloop
  endfacet
  facet normal -9.980267e-01 -6.279052e-02 -0.000000e+00
    outer loop
      vertex   -1.337101e+02 3.845427e+02 1.771848e+02
      vertex   -1.337259e+02 3.847934e+02 1.731848e+02
      vertex   -1.337101e+02 3.845427e+02 1.731848e+02
    endloop
  endfacet
  facet normal -9.980267e-01 6.279052e-02 0.000000e+00
    outer loop
      vertex   -1.337101e+02 3.845427e+02 1.771848e+02
      vertex   -1.337101e+02 3.845427e+02 1.731848e+02
      vertex   -1.337259e+02 3.842921e+02 1.771848e+02
    endloop
  endfacet
  facet normal -9.980267e-01 6.279052e-02 0.000000e+00
    outer loop
      vertex   -1.337259e+02 3.842921e+02 1.771848e+02
      vertex   -1.337101e+02 3.845427e+02 1.731848e+02
      vertex   -1.337259e+02 3.842921e+02 1.731848e+02
    endloop
  endfacet
  facet normal -9.822873e-01 1.873813e-01 0.000000e+00
    outer loop
      vertex   -1.337259e+02 3.842921e+02 1.771848e+02
      vertex   -1.337259e+02 3.842921e+02 1.731848e+02
      vertex   -1.337730e+02 3.840454e+02 1.771848e+02
    endloop
  endfacet
  facet normal -9.822873e-01 1.873813e-01 0.000000e+00
    outer loop
      vertex   -1.337730e+02 3.840454e+02 1.771848e+02
      vertex   -1.337259e+02 3.842921e+02 1.731848e+02
      vertex   -1.337730e+02 3.840454e+02 1.731848e+02
    endloop
  endfacet
  facet normal -9.510565e-01 3.090170e-01 0.000000e+00
    outer loop
      vertex   -1.337730e+02 3.840454e+02 1.771848e+02
      vertex   -1.337730e+02 3.840454e+02 1.731848e+02
      vertex   -1.338506e+02 3.838065e+02 1.771848e+02
    endloop
  endfacet
  facet normal -9.510565e-01 3.090170e-01 0.000000e+00
    outer loop
      vertex   -1.338506e+02 3.838065e+02 1.771848e+02
      vertex   -1.337730e+02 3.840454e+02 1.731848e+02
      vertex   -1.338506e+02 3.838065e+02 1.731848e+02
    endloop
  endfacet
  facet normal -9.048271e-01 4.257793e-01 0.000000e+00
    outer loop
      vertex   -1.338506e+02 3.838065e+02 1.771848e+02
      vertex   -1.338506e+02 3.838065e+02 1.731848e+02
      vertex   -1.339575e+02 3.835792e+02 1.771848e+02
    endloop
  endfacet
  facet normal -9.048271e-01 4.257793e-01 0.000000e+00
    outer loop
      vertex   -1.339575e+02 3.835792e+02 1.771848e+02
      vertex   -1.338506e+02 3.838065e+02 1.731848e+02
      vertex   -1.339575e+02 3.835792e+02 1.731848e+02
    endloop
  endfacet
  facet normal -8.443279e-01 5.358268e-01 0.000000e+00
    outer loop
      vertex   -1.339575e+02 3.835792e+02 1.771848e+02
      vertex   -1.339575e+02 3.835792e+02 1.731848e+02
      vertex   -1.340921e+02 3.833672e+02 1.771848e+02
    endloop
  endfacet
  facet normal -8.443279e-01 5.358268e-01 0.000000e+00
    outer loop
      vertex   -1.340921e+02 3.833672e+02 1.771848e+02
      vertex   -1.339575e+02 3.835792e+02 1.731848e+02
      vertex   -1.340921e+02 3.833672e+02 1.731848e+02
    endloop
  endfacet
  facet normal -7.705132e-01 6.374240e-01 0.000000e+00
    outer loop
      vertex   -1.340921e+02 3.833672e+02 1.771848e+02
      vertex   -1.340921e+02 3.833672e+02 1.731848e+02
      vertex   -1.342522e+02 3.831736e+02 1.771848e+02
    endloop
  endfacet
  facet normal -7.705132e-01 6.374240e-01 0.000000e+00
    outer loop
      vertex   -1.342522e+02 3.831736e+02 1.771848e+02
      vertex   -1.340921e+02 3.833672e+02 1.731848e+02
      vertex   -1.342522e+02 3.831736e+02 1.731848e+02
    endloop
  endfacet
  facet normal -6.845471e-01 7.289686e-01 0.000000e+00
    outer loop
      vertex   -1.342522e+02 3.831736e+02 1.771848e+02
      vertex   -1.342522e+02 3.831736e+02 1.731848e+02
      vertex   -1.344353e+02 3.830017e+02 1.771848e+02
    endloop
  endfacet
  facet normal -6.845471e-01 7.289686e-01 0.000000e+00
    outer loop
      vertex   -1.344353e+02 3.830017e+02 1.771848e+02
      vertex   -1.342522e+02 3.831736e+02 1.731848e+02
      vertex   -1.344353e+02 3.830017e+02 1.731848e+02
    endloop
  endfacet
  facet normal -5.877853e-01 8.090170e-01 0.000000e+00
    outer loop
      vertex   -1.344353e+02 3.830017e+02 1.771848e+02
      vertex   -1.344353e+02 3.830017e+02 1.731848e+02
      vertex   -1.346385e+02 3.828541e+02 1.771848e+02
    endloop
  endfacet
  facet normal -5.877853e-01 8.090170e-01 0.000000e+00
    outer loop
      vertex   -1.346385e+02 3.828541e+02 1.771848e+02
      vertex   -1.344353e+02 3.830017e+02 1.731848e+02
      vertex   -1.346385e+02 3.828541e+02 1.731848e+02
    endloop
  endfacet
  facet normal -4.817537e-01 8.763067e-01 0.000000e+00
    outer loop
      vertex   -1.346385e+02 3.828541e+02 1.771848e+02
      vertex   -1.346385e+02 3.828541e+02 1.731848e+02
      vertex   -1.348586e+02 3.827331e+02 1.771848e+02
    endloop
  endfacet
  facet normal -4.817537e-01 8.763067e-01 0.000000e+00
    outer loop
      vertex   -1.348586e+02 3.827331e+02 1.771848e+02
      vertex   -1.346385e+02 3.828541e+02 1.731848e+02
      vertex   -1.348586e+02 3.827331e+02 1.731848e+02
    endloop
  endfacet
  facet normal -3.681246e-01 9.297765e-01 0.000000e+00
    outer loop
      vertex   -1.348586e+02 3.827331e+02 1.771848e+02
      vertex   -1.348586e+02 3.827331e+02 1.731848e+02
      vertex   -1.350921e+02 3.826406e+02 1.771848e+02
    endloop
  endfacet
  facet normal -3.681246e-01 9.297765e-01 0.000000e+00
    outer loop
      vertex   -1.350921e+02 3.826406e+02 1.771848e+02
      vertex   -1.348586e+02 3.827331e+02 1.731848e+02
      vertex   -1.350921e+02 3.826406e+02 1.731848e+02
    endloop
  endfacet
  facet normal -2.486899e-01 9.685832e-01 0.000000e+00
    outer loop
      vertex   -1.350921e+02 3.826406e+02 1.771848e+02
      vertex   -1.350921e+02 3.826406e+02 1.731848e+02
      vertex   -1.353354e+02 3.825782e+02 1.771848e+02
    endloop
  endfacet
  facet normal -2.486899e-01 9.685832e-01 0.000000e+00
    outer loop
      vertex   -1.353354e+02 3.825782e+02 1.771848e+02
      vertex   -1.350921e+02 3.826406e+02 1.731848e+02
      vertex   -1.353354e+02 3.825782e+02 1.731848e+02
    endloop
  endfacet
  facet normal -1.253332e-01 9.921147e-01 0.000000e+00
    outer loop
      vertex   -1.353354e+02 3.825782e+02 1.771848e+02
      vertex   -1.353354e+02 3.825782e+02 1.731848e+02
      vertex   -1.355846e+02 3.825467e+02 1.771848e+02
    endloop
  endfacet
  facet normal -1.253332e-01 9.921147e-01 0.000000e+00
    outer loop
      vertex   -1.355846e+02 3.825467e+02 1.771848e+02
      vertex   -1.353354e+02 3.825782e+02 1.731848e+02
      vertex   -1.355846e+02 3.825467e+02 1.731848e+02
    endloop
  endfacet
  facet normal 0.000000e+00 1.000000e+00 0.000000e+00
    outer loop
      vertex   -1.355846e+02 3.825467e+02 1.771848e+02
      vertex   -1.355846e+02 3.825467e+02 1.731848e+02
      vertex   -1.358357e+02 3.825467e+02 1.771848e+02
    endloop
  endfacet
  facet normal 0.000000e+00 1.000000e+00 0.000000e+00
    outer loop
      vertex   -1.358357e+02 3.825467e+02 1.771848e+02
      vertex   -1.355846e+02 3.825467e+02 1.731848e+02
      vertex   -1.358357e+02 3.825467e+02 1.731848e+02
    endloop
  endfacet
  facet normal 1.253332e-01 9.921147e-01 0.000000e+00
    outer loop
      vertex   -1.358357e+02 3.825467e+02 1.771848e+02
      vertex   -1.358357e+02 3.825467e+02 1.731848e+02
      vertex   -1.360849e+02 3.825782e+02 1.771848e+02
    endloop
  endfacet
  facet normal 1.253332e-01 9.921147e-01 0.000000e+00
    outer loop
      vertex   -1.360849e+02 3.825782e+02 1.771848e+02
      vertex   -1.358357e+02 3.825467e+02 1.731848e+02
      vertex   -1.360849e+02 3.825782e+02 1.731848e+02
    endloop
  endfacet
  facet normal 2.486899e-01 9.685832e-01 0.000000e+00
    outer loop
      vertex   -1.360849e+02 3.825782e+02 1.771848e+02
      vertex   -1.360849e+02 3.825782e+02 1.731848e+02
      vertex   -1.363282e+02 3.826406e+02 1.771848e+02
    endloop
  endfacet
  facet normal 2.486899e-01 9.685832e-01 0.000000e+00
    outer loop
      vertex   -1.363282e+02 3.826406e+02 1.771848e+02
      vertex   -1.360849e+02 3.825782e+02 1.731848e+02
      vertex   -1.363282e+02 3.826406e+02 1.731848e+02
    endloop
  endfacet
  facet normal 3.681246e-01 9.297765e-01 0.000000e+00
    outer loop
      vertex   -1.363282e+02 3.826406e+02 1.771848e+02
      vertex   -1.363282e+02 3.826406e+02 1.731848e+02
      vertex   -1.365617e+02 3.827331e+02 1.771848e+02
    endloop
  endfacet
  facet normal 3.681246e-01 9.297765e-01 0.000000e+00
    outer loop
      vertex   -1.365617e+02 3.827331e+02 1.771848e+02
      vertex   -1.363282e+02 3.826406e+02 1.731848e+02
      vertex   -1.365617e+02 3.827331e+02 1.731848e+02
    endloop
  endfacet
  facet normal 4.817537e-01 8.763067e-01 0.000000e+00
    outer loop
      vertex   -1.365617e+02 3.827331e+02 1.771848e+02
      vertex   -1.365617e+02 3.827331e+02 1.731848e+02
      vertex   -1.367818e+02 3.828541e+02 1.771848e+02
    endloop
  endfacet
  facet normal 4.817537e-01 8.763067e-01 0.000000e+00
    outer loop
      vertex   -1.367818e+02 3.828541e+02 1.771848e+02
      vertex   -1.365617e+02 3.827331e+02 1.731848e+02
      vertex   -1.367818e+02 3.828541e+02 1.731848e+02
    endloop
  endfacet
  facet normal 5.877853e-01 8.090170e-01 0.000000e+00
    outer loop
      vertex   -1.367818e+02 3.828541e+02 1.771848e+02
      vertex   -1.367818e+02 3.828541e+02 1.731848e+02
      vertex   -1.369850e+02 3.830017e+02 1.771848e+02
    endloop
  endfacet
  facet normal 5.877853e-01 8.090170e-01 4.176465e-15
    outer loop
      vertex   -1.369850e+02 3.830017e+02 1.771848e+02
      vertex   -1.367818e+02 3.828541e+02 1.731848e+02
      vertex   -1.369850e+02 3.830017e+02 1.731848e+02
    endloop
  endfacet
  facet normal 6.845471e-01 7.289686e-01 4.864000e-15
    outer loop
      vertex   -1.369850e+02 3.830017e+02 1.771848e+02
      vertex   -1.369850e+02 3.830017e+02 1.731848e+02
      vertex   -1.371681e+02 3.831736e+02 1.771848e+02
    endloop
  endfacet
  facet normal 6.845471e-01 7.289686e-01 0.000000e+00
    outer loop
      vertex   -1.371681e+02 3.831736e+02 1.771848e+02
      vertex   -1.369850e+02 3.830017e+02 1.731848e+02
      vertex   -1.371681e+02 3.831736e+02 1.731848e+02
    endloop
  endfacet
  facet normal 7.705132e-01 6.374240e-01 0.000000e+00
    outer loop
      vertex   -1.371681e+02 3.831736e+02 1.771848e+02
      vertex   -1.371681e+02 3.831736e+02 1.731848e+02
      vertex   -1.373282e+02 3.833672e+02 1.771848e+02
    endloop
  endfacet
  facet normal 7.705132e-01 6.374240e-01 0.000000e+00
    outer loop
      vertex   -1.373282e+02 3.833672e+02 1.771848e+02
      vertex   -1.371681e+02 3.831736e+02 1.731848e+02
      vertex   -1.373282e+02 3.833672e+02 1.731848e+02
    endloop
  endfacet
  facet normal 8.443279e-01 5.358268e-01 0.000000e+00
    outer loop
      vertex   -1.373282e+02 3.833672e+02 1.771848e+02
      vertex   -1.373282e+02 3.833672e+02 1.731848e+02
      vertex   -1.374628e+02 3.835792e+02 1.771848e+02
    endloop
  endfacet
  facet normal 8.443279e-01 5.358268e-01 0.000000e+00
    outer loop
      vertex   -1.374628e+02 3.835792e+02 1.771848e+02
      vertex   -1.373282e+02 3.833672e+02 1.731848e+02
      vertex   -1.374628e+02 3.835792e+02 1.731848e+02
    endloop
  endfacet
  facet normal 9.048271e-01 4.257793e-01 0.000000e+00
    outer loop
      vertex   -1.374628e+02 3.835792e+02 1.771848e+02
      vertex   -1.374628e+02 3.835792e+02 1.731848e+02
      vertex   -1.375697e+02 3.838065e+02 1.771848e+02
    endloop
  endfacet
  facet normal 9.048271e-01 4.257793e-01 0.000000e+00
    outer loop
      vertex   -1.375697e+02 3.838065e+02 1.771848e+02
      vertex   -1.374628e+02 3.835792e+02 1.731848e+02
      vertex   -1.375697e+02 3.838065e+02 1.731848e+02
    endloop
  endfacet
  facet normal 9.510565e-01 3.090170e-01 0.000000e+00
    outer loop
      vertex   -1.375697e+02 3.838065e+02 1.771848e+02
      vertex   -1.375697e+02 3.838065e+02 1.731848e+02
      vertex   -1.376473e+02 3.840454e+02 1.771848e+02
    endloop
  endfacet
  facet normal 9.510565e-01 3.090170e-01 0.000000e+00
    outer loop
      vertex   -1.376473e+02 3.840454e+02 1.771848e+02
      vertex   -1.375697e+02 3.838065e+02 1.731848e+02
      vertex   -1.376473e+02 3.840454e+02 1.731848e+02
    endloop
  endfacet
  facet normal 9.822873e-01 1.873813e-01 0.000000e+00
    outer loop
      vertex   -1.376473e+02 3.840454e+02 1.771848e+02
      vertex   -1.376473e+02 3.840454e+02 1.731848e+02
      vertex   -1.376944e+02 3.842921e+02 1.771848e+02
    endloop
  endfacet
  facet normal 9.822873e-01 1.873813e-01 0.000000e+00
    outer loop
      vertex   -1.376944e+02 3.842921e+02 1.771848e+02
      vertex   -1.376473e+02 3.840454e+02 1.731848e+02
      vertex   -1.376944e+02 3.842921e+02 1.731848e+02
    endloop
  endfacet
  facet normal 0.000000e+00 0.000000e+00 1.000000e+00
    outer loop
      vertex   -1.376944e+02 3.842921e+02 1.771848e+02
      vertex   -1.377101e+02 3.845427e+02 1.771848e+02
      vertex   -1.420000e+02 3.870000e+02 1.771848e+02
    endloop
  endfacet
  facet normal 0.000000e+00 0.000000e+00 1.000000e+00
    outer loop
      vertex   -1.420000e+02 3.870000e+02 1.771848e+02
      vertex   -1.377101e+02 3.845427e+02 1.771848e+02
      vertex   -1.376944e+02 3.847934e+02 1.771848e+02
    endloop
  endfacet
  facet normal 0.000000e+00 0.000000e+00 1.000000e+00
    outer loop
      vertex   -1.420000e+02 3.870000e+02 1.771848e+02
      vertex   -1.376944e+02 3.847934e+02 1.771848e+02
      vertex   -1.376473e+02 3.850401e+02 1.771848e+02
    endloop
  endfacet
  facet normal 0.000000e+00 -0.000000e+00 1.000000e+00
    outer loop
      vertex   -1.376473e+02 3.850401e+02 1.771848e+02
      vertex   -1.375697e+02 3.852790e+02 1.771848e+02
      vertex   -1.420000e+02 3.870000e+02 1.771848e+02
    endloop
  endfacet
  facet normal 0.000000e+00 0.000000e+00 1.000000e+00
    outer loop
      vertex   -1.420000e+02 3.870000e+02 1.771848e+02
      vertex   -1.375697e+02 3.852790e+02 1.771848e+02
      vertex   -1.374628e+02 3.855062e+02 1.771848e+02
    endloop
  endfacet
  facet normal 0.000000e+00 0.000000e+00 1.000000e+00
    outer loop
      vertex   -1.420000e+02 3.870000e+02 1.771848e+02
      vertex   -1.374628e+02 3.855062e+02 1.771848e+02
      vertex   -1.373282e+02 3.857183e+02 1.771848e+02
    endloop
  endfacet
  facet normal 0.000000e+00 -0.000000e+00 1.000000e+00
    outer loop
      vertex   -1.373282e+02 3.857183e+02 1.771848e+02
      vertex   -1.371681e+02 3.859118e+02 1.771848e+02
      vertex   -1.420000e+02 3.870000e+02 1.771848e+02
    endloop
  endfacet
  facet normal 0.000000e+00 0.000000e+00 1.000000e+00
    outer loop
      vertex   -1.420000e+02 3.870000e+02 1.771848e+02
      vertex   -1.371681e+02 3.859118e+02 1.771848e+02
      vertex   -1.369850e+02 3.860838e+02 1.771848e+02
    endloop
  endfacet
  facet normal 0.000000e+00 0.000000e+00 1.000000e+00
    outer loop
      vertex   -1.420000e+02 3.870000e+02 1.771848e+02
      vertex   -1.369850e+02 3.860838e+02 1.771848e+02
      vertex   -1.367818e+02 3.862314e+02 1.771848e+02
    endloop
  endfacet
  facet normal 0.000000e+00 -0.000000e+00 1.000000e+00
    outer loop
      vertex   -1.367818e+02 3.862314e+02 1.771848e+02
      vertex   -1.365617e+02 3.863524e+02 1.771848e+02
      vertex   -1.420000e+02 3.870000e+02 1.771848e+02
    endloop
  endfacet
  facet normal 0.000000e+00 0.000000e+00 1.000000e+00
    outer loop
      vertex   -1.420000e+02 3.870000e+02 1.771848e+02
      vertex   -1.365617e+02 3.863524e+02 1.771848e+02
      vertex   -1.363282e+02 3.864449e+02 1.771848e+02
    endloop
  endfacet
  facet normal 0.000000e+00 0.000000e+00 1.000000e+00
    outer loop
      vertex   -1.420000e+02 3.870000e+02 1.771848e+02
      vertex   -1.363282e+02 3.864449e+02 1.771848e+02
      vertex   -1.360849e+02 3.865073e+02 1.771848e+02
    endloop
  endfacet
  facet normal 0.000000e+00 -0.000000e+00 1.000000e+00
    outer loop
      vertex   -1.360849e+02 3.865073e+02 1.771848e+02
      vertex   -1.358357e+02 3.865388e+02 1.771848e+02
      vertex   -1.420000e+02 3.870000e+02 1.771848e+02
    endloop
  endfacet
  facet normal -0.000000e+00 0.000000e+00 1.000000e+00
    outer loop
      vertex   -1.420000e+02 3.870000e+02 1.771848e+02
      vertex   -1.358357e+02 3.865388e+02 1.771848e+02
      vertex   -1.314318e+02 3.878509e+02 1.771848e+02
    endloop
  endfacet
  facet normal 0.000000e+00 -0.000000e+00 1.000000e+00
    outer loop
      vertex   -1.420000e+02 3.870000e+02 1.771848e+02
      vertex   -1.314318e+02 3.878509e+02 1.771848e+02
      vertex   -1.443000e+02 3.878509e+02 1.771848e+02
    endloop
  endfacet
  facet normal 0.000000e+00 0.000000e+00 1.000000e+00
    outer loop
      vertex   -1.358357e+02 3.865388e+02 1.771848e+02
      vertex   -1.355846e+02 3.865388e+02 1.771848e+02
      vertex   -1.314318e+02 3.878509e+02 1.771848e+02
    endloop
  endfacet
  facet normal 0.000000e+00 0.000000e+00 1.000000e+00
    outer loop
      vertex   -1.314318e+02 3.878509e+02 1.771848e+02
      vertex   -1.355846e+02 3.865388e+02 1.771848e+02
      vertex   -1.353354e+02 3.865073e+02 1.771848e+02
    endloop
  endfacet
  facet normal 0.000000e+00 0.000000e+00 1.000000e+00
    outer loop
      vertex   -1.314318e+02 3.878509e+02 1.771848e+02
      vertex   -1.353354e+02 3.865073e+02 1.771848e+02
      vertex   -1.307633e+02 3.873457e+02 1.771848e+02
    endloop
  endfacet
  facet normal 0.000000e+00 0.000000e+00 1.000000e+00
    outer loop
      vertex   -1.307633e+02 3.873457e+02 1.771848e+02
      vertex   -1.353354e+02 3.865073e+02 1.771848e+02
      vertex   -1.350921e+02 3.864449e+02 1.771848e+02
    endloop
  endfacet
  facet normal 0.000000e+00 0.000000e+00 1.000000e+00
    outer loop
      vertex   -1.307633e+02 3.873457e+02 1.771848e+02
      vertex   -1.350921e+02 3.864449e+02 1.771848e+02
      vertex   -1.348586e+02 3.863524e+02 1.771848e+02
    endloop
  endfacet
  facet normal 0.000000e+00 0.000000e+00 1.000000e+00
    outer loop
      vertex   -1.307633e+02 3.873457e+02 1.771848e+02
      vertex   -1.348586e+02 3.863524e+02 1.771848e+02
      vertex   -1.300809e+02 3.868594e+02 1.771848e+02
    endloop
  endfacet
  facet normal 0.000000e+00 0.000000e+00 1.000000e+00
    outer loop
      vertex   -1.300809e+02 3.868594e+02 1.771848e+02
      vertex   -1.348586e+02 3.863524e+02 1.771848e+02
      vertex   -1.346385e+02 3.862314e+02 1.771848e+02
    endloop
  endfacet
  facet normal 0.000000e+00 0.000000e+00 1.000000e+00
    outer loop
      vertex   -1.300809e+02 3.868594e+02 1.771848e+02
      vertex   -1.346385e+02 3.862314e+02 1.771848e+02
      vertex   -1.344353e+02 3.860838e+02 1.771848e+02
    endloop
  endfacet
  facet normal 0.000000e+00 0.000000e+00 1.000000e+00
    outer loop
      vertex   -1.300809e+02 3.868594e+02 1.771848e+02
      vertex   -1.344353e+02 3.860838e+02 1.771848e+02
      vertex   -1.293852e+02 3.863923e+02 1.771848e+02
    endloop
  endfacet
  facet normal 0.000000e+00 0.000000e+00 1.000000e+00
    outer loop
      vertex   -1.293852e+02 3.863923e+02 1.771848e+02
      vertex   -1.344353e+02 3.860838e+02 1.771848e+02
      vertex   -1.342522e+02 3.859118e+02 1.771848e+02
    endloop
  endfacet
  facet normal 0.000000e+00 0.000000e+00 1.000000e+00
    outer loop
      vertex   -1.293852e+02 3.863923e+02 1.771848e+02
      vertex   -1.342522e+02 3.859118e+02 1.771848e+02
      vertex   -1.340921e+02 3.857183e+02 1.771848e+02
    endloop
  endfacet
  facet normal 0.000000e+00 -0.000000e+00 1.000000e+00
    outer loop
      vertex   -1.339575e+02 3.855062e+02 1.771848e+02
      vertex   -1.288920e+02 3.860090e+02 1.771848e+02
      vertex   -1.340921e+02 3.857183e+02 1.771848e+02
    endloop
  endfacet
  facet normal 0.000000e+00 0.000000e+00 1.000000e+00
    outer loop
      vertex   -1.340921e+02 3.857183e+02 1.771848e+02
      vertex   -1.288920e+02 3.860090e+02 1.771848e+02
      vertex   -1.291306e+02 3.862109e+02 1.771848e+02
    endloop
  endfacet
  facet normal 0.000000e+00 0.000000e+00 1.000000e+00
    outer loop
      vertex   -1.340921e+02 3.857183e+02 1.771848e+02
      vertex   -1.291306e+02 3.862109e+02 1.771848e+02
      vertex   -1.293852e+02 3.863923e+02 1.771848e+02
    endloop
  endfacet
  facet normal 0.000000e+00 0.000000e+00 1.000000e+00
    outer loop
      vertex   -1.288920e+02 3.860090e+02 1.771848e+02
      vertex   -1.339575e+02 3.855062e+02 1.771848e+02
      vertex   -1.286710e+02 3.857878e+02 1.771848e+02
    endloop
  endfacet
  facet normal 0.000000e+00 0.000000e+00 1.000000e+00
    outer loop
      vertex   -1.286710e+02 3.857878e+02 1.771848e+02
      vertex   -1.339575e+02 3.855062e+02 1.771848e+02
      vertex   -1.338506e+02 3.852790e+02 1.771848e+02
    endloop
  endfacet
  facet normal 0.000000e+00 0.000000e+00 1.000000e+00
    outer loop
      vertex   -1.286710e+02 3.857878e+02 1.771848e+02
      vertex   -1.338506e+02 3.852790e+02 1.771848e+02
      vertex   -1.284693e+02 3.855491e+02 1.771848e+02
    endloop
  endfacet
  facet normal 0.000000e+00 0.000000e+00 1.000000e+00
    outer loop
      vertex   -1.284693e+02 3.855491e+02 1.771848e+02
      vertex   -1.338506e+02 3.852790e+02 1.771848e+02
      vertex   -1.282881e+02 3.852944e+02 1.771848e+02
    endloop
  endfacet
  facet normal 0.000000e+00 0.000000e+00 1.000000e+00
    outer loop
      vertex   -1.282881e+02 3.852944e+02 1.771848e+02
      vertex   -1.338506e+02 3.852790e+02 1.771848e+02
      vertex   -1.337730e+02 3.850401e+02 1.771848e+02
    endloop
  endfacet
  facet normal 0.000000e+00 0.000000e+00 1.000000e+00
    outer loop
      vertex   -1.282881e+02 3.852944e+02 1.771848e+02
      vertex   -1.337730e+02 3.850401e+02 1.771848e+02
      vertex   -1.281288e+02 3.850255e+02 1.771848e+02
    endloop
  endfacet
  facet normal 0.000000e+00 0.000000e+00 1.000000e+00
    outer loop
      vertex   -1.281288e+02 3.850255e+02 1.771848e+02
      vertex   -1.337730e+02 3.850401e+02 1.771848e+02
      vertex   -1.337259e+02 3.847934e+02 1.771848e+02
    endloop
  endfacet
  facet normal 0.000000e+00 0.000000e+00 1.000000e+00
    outer loop
      vertex   -1.281288e+02 3.850255e+02 1.771848e+02
      vertex   -1.337259e+02 3.847934e+02 1.771848e+02
      vertex   -1.279924e+02 3.847442e+02 1.771848e+02
    endloop
  endfacet
  facet normal 0.000000e+00 0.000000e+00 1.000000e+00
    outer loop
      vertex   -1.279924e+02 3.847442e+02 1.771848e+02
      vertex   -1.337259e+02 3.847934e+02 1.771848e+02
      vertex   -1.337101e+02 3.845427e+02 1.771848e+02
    endloop
  endfacet
  facet normal 0.000000e+00 0.000000e+00 1.000000e+00
    outer loop
      vertex   -1.279924e+02 3.847442e+02 1.771848e+02
      vertex   -1.337101e+02 3.845427e+02 1.771848e+02
      vertex   -1.278799e+02 3.844526e+02 1.771848e+02
    endloop
  endfacet
  facet normal 0.000000e+00 0.000000e+00 1.000000e+00
    outer loop
      vertex   -1.278799e+02 3.844526e+02 1.771848e+02
      vertex   -1.337101e+02 3.845427e+02 1.771848e+02
      vertex   -1.337259e+02 3.842921e+02 1.771848e+02
    endloop
  endfacet
  facet normal 0.000000e+00 0.000000e+00 1.000000e+00
    outer loop
      vertex   -1.278799e+02 3.844526e+02 1.771848e+02
      vertex   -1.337259e+02 3.842921e+02 1.771848e+02
      vertex   -1.277856e+02 3.842224e+02 1.771848e+02
    endloop
  endfacet
  facet normal 0.000000e+00 0.000000e+00 1.000000e+00
    outer loop
      vertex   -1.277856e+02 3.842224e+02 1.771848e+02
      vertex   -1.337259e+02 3.842921e+02 1.771848e+02
      vertex   -1.337730e+02 3.840454e+02 1.771848e+02
    endloop
  endfacet
  facet normal 0.000000e+00 0.000000e+00 1.000000e+00
    outer loop
      vertex   -1.277856e+02 3.842224e+02 1.771848e+02
      vertex   -1.337730e+02 3.840454e+02 1.771848e+02
      vertex   -1.276635e+02 3.840058e+02 1.771848e+02
    endloop
  endfacet
  facet normal 0.000000e+00 0.000000e+00 1.000000e+00
    outer loop
      vertex   -1.276635e+02 3.840058e+02 1.771848e+02
      vertex   -1.337730e+02 3.840454e+02 1.771848e+02
      vertex   -1.338506e+02 3.838065e+02 1.771848e+02
    endloop
  endfacet
  facet normal 0.000000e+00 0.000000e+00 1.000000e+00
    outer loop
      vertex   -1.276635e+02 3.840058e+02 1.771848e+02
      vertex   -1.338506e+02 3.838065e+02 1.771848e+02
      vertex   -1.275155e+02 3.838059e+02 1.771848e+02
    endloop
  endfacet
  facet normal 0.000000e+00 0.000000e+00 1.000000e+00
    outer loop
      vertex   -1.275155e+02 3.838059e+02 1.771848e+02
      vertex   -1.338506e+02 3.838065e+02 1.771848e+02
      vertex   -1.339575e+02 3.835792e+02 1.771848e+02
    endloop
  endfacet
  facet normal 0.000000e+00 0.000000e+00 1.000000e+00
    outer loop
      vertex   -1.275155e+02 3.838059e+02 1.771848e+02
      vertex   -1.339575e+02 3.835792e+02 1.771848e+02
      vertex   -1.273438e+02 3.836260e+02 1.771848e+02
    endloop
  endfacet
  facet normal 0.000000e+00 0.000000e+00 1.000000e+00
    outer loop
      vertex   -1.273438e+02 3.836260e+02 1.771848e+02
      vertex   -1.339575e+02 3.835792e+02 1.771848e+02
      vertex   -1.340921e+02 3.833672e+02 1.771848e+02
    endloop
  endfacet
  facet normal 0.000000e+00 0.000000e+00 1.000000e+00
    outer loop
      vertex   -1.273438e+02 3.836260e+02 1.771848e+02
      vertex   -1.340921e+02 3.833672e+02 1.771848e+02
      vertex   -1.271511e+02 3.834687e+02 1.771848e+02
    endloop
  endfacet
  facet normal 0.000000e+00 0.000000e+00 1.000000e+00
    outer loop
      vertex   -1.271511e+02 3.834687e+02 1.771848e+02
      vertex   -1.340921e+02 3.833672e+02 1.771848e+02
      vertex   -1.342522e+02 3.831736e+02 1.771848e+02
    endloop
  endfacet
  facet normal 0.000000e+00 0.000000e+00 1.000000e+00
    outer loop
      vertex   -1.271511e+02 3.834687e+02 1.771848e+02
      vertex   -1.342522e+02 3.831736e+02 1.771848e+02
      vertex   -1.269404e+02 3.833366e+02 1.771848e+02
    endloop
  endfacet
  facet normal 0.000000e+00 0.000000e+00 1.000000e+00
    outer loop
      vertex   -1.269404e+02 3.833366e+02 1.771848e+02
      vertex   -1.342522e+02 3.831736e+02 1.771848e+02
      vertex   -1.344353e+02 3.830017e+02 1.771848e+02
    endloop
  endfacet
  facet normal 0.000000e+00 0.000000e+00 1.000000e+00
    outer loop
      vertex   -1.269404e+02 3.833366e+02 1.771848e+02
      vertex   -1.344353e+02 3.830017e+02 1.771848e+02
      vertex   -1.267149e+02 3.832317e+02 1.771848e+02
    endloop
  endfacet
  facet normal 0.000000e+00 0.000000e+00 1.000000e+00
    outer loop
      vertex   -1.267149e+02 3.832317e+02 1.771848e+02
      vertex   -1.344353e+02 3.830017e+02 1.771848e+02
      vertex   -1.346385e+02 3.828541e+02 1.771848e+02
    endloop
  endfacet
  facet normal 0.000000e+00 0.000000e+00 1.000000e+00
    outer loop
      vertex   -1.267149e+02 3.832317e+02 1.771848e+02
      vertex   -1.346385e+02 3.828541e+02 1.771848e+02
      vertex   -1.264781e+02 3.831556e+02 1.771848e+02
    endloop
  endfacet
  facet normal 0.000000e+00 0.000000e+00 1.000000e+00
    outer loop
      vertex   -1.264781e+02 3.831556e+02 1.771848e+02
      vertex   -1.346385e+02 3.828541e+02 1.771848e+02
      vertex   -1.348586e+02 3.827331e+02 1.771848e+02
    endloop
  endfacet
  facet normal 0.000000e+00 0.000000e+00 1.000000e+00
    outer loop
      vertex   -1.264781e+02 3.831556e+02 1.771848e+02
      vertex   -1.348586e+02 3.827331e+02 1.771848e+02
      vertex   -1.350921e+02 3.826406e+02 1.771848e+02
    endloop
  endfacet
  facet normal 0.000000e+00 0.000000e+00 1.000000e+00
    outer loop
      vertex   -1.264781e+02 3.831556e+02 1.771848e+02
      vertex   -1.350921e+02 3.826406e+02 1.771848e+02
      vertex   -1.262337e+02 3.831094e+02 1.771848e+02
    endloop
  endfacet
  facet normal 0.000000e+00 0.000000e+00 1.000000e+00
    outer loop
      vertex   -1.262337e+02 3.831094e+02 1.771848e+02
      vertex   -1.350921e+02 3.826406e+02 1.771848e+02
      vertex   -1.353354e+02 3.825782e+02 1.771848e+02
    endloop
  endfacet
  facet normal 0.000000e+00 0.000000e+00 1.000000e+00
    outer loop
      vertex   -1.262337e+02 3.831094e+02 1.771848e+02
      vertex   -1.353354e+02 3.825782e+02 1.771848e+02
      vertex   -1.259855e+02 3.830940e+02 1.771848e+02
    endloop
  endfacet
  facet normal 0.000000e+00 0.000000e+00 1.000000e+00
    outer loop
      vertex   -1.259855e+02 3.830940e+02 1.771848e+02
      vertex   -1.353354e+02 3.825782e+02 1.771848e+02
      vertex   -1.419057e+02 3.750940e+02 1.771848e+02
    endloop
  endfacet
  facet normal -0.000000e+00 0.000000e+00 1.000000e+00
    outer loop
      vertex   -1.259855e+02 3.830940e+02 1.771848e+02
      vertex   -1.419057e+02 3.750940e+02 1.771848e+02
      vertex   -1.257373e+02 3.831094e+02 1.771848e+02
    endloop
  endfacet
  facet normal 0.000000e+00 0.000000e+00 1.000000e+00
    outer loop
      vertex   -1.257373e+02 3.831094e+02 1.771848e+02
      vertex   -1.419057e+02 3.750940e+02 1.771848e+02
      vertex   -1.042361e+02 3.805794e+02 1.771848e+02
    endloop
  endfacet
  facet normal 0.000000e+00 0.000000e+00 1.000000e+00
    outer loop
      vertex   -1.257373e+02 3.831094e+02 1.771848e+02
      vertex   -1.042361e+02 3.805794e+02 1.771848e+02
      vertex   -1.044227e+02 3.806929e+02 1.771848e+02
    endloop
  endfacet
  facet normal 0.000000e+00 0.000000e+00 1.000000e+00
    outer loop
      vertex   -1.353354e+02 3.825782e+02 1.771848e+02
      vertex   -1.355846e+02 3.825467e+02 1.771848e+02
      vertex   -1.419057e+02 3.750940e+02 1.771848e+02
    endloop
  endfacet
  facet normal 0.000000e+00 0.000000e+00 1.000000e+00
    outer loop
      vertex   -1.419057e+02 3.750940e+02 1.771848e+02
      vertex   -1.355846e+02 3.825467e+02 1.771848e+02
      vertex   -1.358357e+02 3.825467e+02 1.771848e+02
    endloop
  endfacet
  facet normal 0.000000e+00 0.000000e+00 1.000000e+00
    outer loop
      vertex   -1.419057e+02 3.750940e+02 1.771848e+02
      vertex   -1.358357e+02 3.825467e+02 1.771848e+02
      vertex   -1.360849e+02 3.825782e+02 1.771848e+02
    endloop
  endfacet
  facet normal 0.000000e+00 -0.000000e+00 1.000000e+00
    outer loop
      vertex   -1.419057e+02 3.750940e+02 1.771848e+02
      vertex   -1.360849e+02 3.825782e+02 1.771848e+02
      vertex   -1.420000e+02 3.750940e+02 1.771848e+02
    endloop
  endfacet
  facet normal 0.000000e+00 0.000000e+00 1.000000e+00
    outer loop
      vertex   -1.420000e+02 3.750940e+02 1.771848e+02
      vertex   -1.360849e+02 3.825782e+02 1.771848e+02
      vertex   -1.363282e+02 3.826406e+02 1.771848e+02
    endloop
  endfacet
  facet normal 0.000000e+00 0.000000e+00 1.000000e+00
    outer loop
      vertex   -1.420000e+02 3.750940e+02 1.771848e+02
      vertex   -1.363282e+02 3.826406e+02 1.771848e+02
      vertex   -1.365617e+02 3.827331e+02 1.771848e+02
    endloop
  endfacet
  facet normal 0.000000e+00 0.000000e+00 1.000000e+00
    outer loop
      vertex   -1.365617e+02 3.827331e+02 1.771848e+02
      vertex   -1.367818e+02 3.828541e+02 1.771848e+02
      vertex   -1.420000e+02 3.750940e+02 1.771848e+02
    endloop
  endfacet
  facet normal 0.000000e+00 0.000000e+00 1.000000e+00
    outer loop
      vertex   -1.420000e+02 3.750940e+02 1.771848e+02
      vertex   -1.367818e+02 3.828541e+02 1.771848e+02
      vertex   -1.369850e+02 3.830017e+02 1.771848e+02
    endloop
  endfacet
  facet normal 0.000000e+00 0.000000e+00 1.000000e+00
    outer loop
      vertex   -1.420000e+02 3.750940e+02 1.771848e+02
      vertex   -1.369850e+02 3.830017e+02 1.771848e+02
      vertex   -1.371681e+02 3.831736e+02 1.771848e+02
    endloop
  endfacet
  facet normal 0.000000e+00 0.000000e+00 1.000000e+00
    outer loop
      vertex   -1.371681e+02 3.831736e+02 1.771848e+02
      vertex   -1.373282e+02 3.833672e+02 1.771848e+02
      vertex   -1.420000e+02 3.750940e+02 1.771848e+02
    endloop
  endfacet
  facet normal 0.000000e+00 0.000000e+00 1.000000e+00
    outer loop
      vertex   -1.420000e+02 3.750940e+02 1.771848e+02
      vertex   -1.373282e+02 3.833672e+02 1.771848e+02
      vertex   -1.420000e+02 3.870000e+02 1.771848e+02
    endloop
  endfacet
  facet normal 0.000000e+00 0.000000e+00 1.000000e+00
    outer loop
      vertex   -1.420000e+02 3.870000e+02 1.771848e+02
      vertex   -1.373282e+02 3.833672e+02 1.771848e+02
      vertex   -1.374628e+02 3.835792e+02 1.771848e+02
    endloop
  endfacet
  facet normal 0.000000e+00 0.000000e+00 1.000000e+00
    outer loop
      vertex   -1.420000e+02 3.870000e+02 1.771848e+02
      vertex   -1.374628e+02 3.835792e+02 1.771848e+02
      vertex   -1.375697e+02 3.838065e+02 1.771848e+02
    endloop
  endfacet
  facet normal 0.000000e+00 0.000000e+00 1.000000e+00
    outer loop
      vertex   -1.375697e+02 3.838065e+02 1.771848e+02
      vertex   -1.376473e+02 3.840454e+02 1.771848e+02
      vertex   -1.420000e+02 3.870000e+02 1.771848e+02
    endloop
  endfacet
  facet normal 0.000000e+00 0.000000e+00 1.000000e+00
    outer loop
      vertex   -1.420000e+02 3.870000e+02 1.771848e+02
      vertex   -1.376473e+02 3.840454e+02 1.771848e+02
      vertex   -1.376944e+02 3.842921e+02 1.771848e+02
    endloop
  endfacet
  facet normal 0.000000e+00 0.000000e+00 1.000000e+00
    outer loop
      vertex   -1.419057e+02 3.750940e+02 1.771848e+02
      vertex   -1.019000e+02 3.750940e+02 1.771848e+02
      vertex   -1.042361e+02 3.805794e+02 1.771848e+02
    endloop
  endfacet
  facet normal 0.000000e+00 0.000000e+00 1.000000e+00
    outer loop
      vertex   -1.042361e+02 3.805794e+02 1.771848e+02
      vertex   -1.019000e+02 3.750940e+02 1.771848e+02
      vertex   -1.040358e+02 3.804924e+02 1.771848e+02
    endloop
  endfacet
  facet normal 0.000000e+00 0.000000e+00 1.000000e+00
    outer loop
      vertex   -1.040358e+02 3.804924e+02 1.771848e+02
      vertex   -1.019000e+02 3.750940e+02 1.771848e+02
      vertex   -1.038255e+02 3.804335e+02 1.771848e+02
    endloop
  endfacet
  facet normal 0.000000e+00 0.000000e+00 1.000000e+00
    outer loop
      vertex   -1.038255e+02 3.804335e+02 1.771848e+02
      vertex   -1.019000e+02 3.750940e+02 1.771848e+02
      vertex   -1.036092e+02 3.804037e+02 1.771848e+02
    endloop
  endfacet
  facet normal -0.000000e+00 0.000000e+00 1.000000e+00
    outer loop
      vertex   -1.036092e+02 3.804037e+02 1.771848e+02
      vertex   -1.019000e+02 3.750940e+02 1.771848e+02
      vertex   -1.033908e+02 3.804037e+02 1.771848e+02
    endloop
  endfacet
  facet normal -0.000000e+00 0.000000e+00 1.000000e+00
    outer loop
      vertex   -1.033908e+02 3.804037e+02 1.771848e+02
      vertex   -1.019000e+02 3.750940e+02 1.771848e+02
      vertex   -1.031745e+02 3.804335e+02 1.771848e+02
    endloop
  endfacet
  facet normal -0.000000e+00 0.000000e+00 1.000000e+00
    outer loop
      vertex   -1.031745e+02 3.804335e+02 1.771848e+02
      vertex   -1.019000e+02 3.750940e+02 1.771848e+02
      vertex   -1.029642e+02 3.804924e+02 1.771848e+02
    endloop
  endfacet
  facet normal -0.000000e+00 0.000000e+00 1.000000e+00
    outer loop
      vertex   -1.029642e+02 3.804924e+02 1.771848e+02
      vertex   -1.019000e+02 3.750940e+02 1.771848e+02
      vertex   -1.027639e+02 3.805794e+02 1.771848e+02
    endloop
  endfacet
  facet normal -0.000000e+00 0.000000e+00 1.000000e+00
    outer loop
      vertex   -1.027639e+02 3.805794e+02 1.771848e+02
      vertex   -1.019000e+02 3.750940e+02 1.771848e+02
      vertex   -1.025773e+02 3.806929e+02 1.771848e+02
    endloop
  endfacet
  facet normal -0.000000e+00 0.000000e+00 1.000000e+00
    outer loop
      vertex   -1.025773e+02 3.806929e+02 1.771848e+02
      vertex   -1.019000e+02 3.750940e+02 1.771848e+02
      vertex   -1.024079e+02 3.808307e+02 1.771848e+02
    endloop
  endfacet
  facet normal -0.000000e+00 0.000000e+00 1.000000e+00
    outer loop
      vertex   -1.024079e+02 3.808307e+02 1.771848e+02
      vertex   -1.019000e+02 3.750940e+02 1.771848e+02
      vertex   -1.022589e+02 3.809903e+02 1.771848e+02
    endloop
  endfacet
  facet normal -0.000000e+00 0.000000e+00 1.000000e+00
    outer loop
      vertex   -1.022589e+02 3.809903e+02 1.771848e+02
      vertex   -1.019000e+02 3.750940e+02 1.771848e+02
      vertex   -1.021329e+02 3.811687e+02 1.771848e+02
    endloop
  endfacet
  facet normal -0.000000e+00 0.000000e+00 1.000000e+00
    outer loop
      vertex   -1.021329e+02 3.811687e+02 1.771848e+02
      vertex   -1.019000e+02 3.750940e+02 1.771848e+02
      vertex   -1.020325e+02 3.813626e+02 1.771848e+02
    endloop
  endfacet
  facet normal -0.000000e+00 0.000000e+00 1.000000e+00
    outer loop
      vertex   -1.020325e+02 3.813626e+02 1.771848e+02
      vertex   -1.019000e+02 3.750940e+02 1.771848e+02
      vertex   -1.019593e+02 3.815683e+02 1.771848e+02
    endloop
  endfacet
  facet normal -0.000000e+00 0.000000e+00 1.000000e+00
    outer loop
      vertex   -1.019593e+02 3.815683e+02 1.771848e+02
      vertex   -1.019000e+02 3.750940e+02 1.771848e+02
      vertex   -1.019149e+02 3.817821e+02 1.771848e+02
    endloop
  endfacet
  facet normal -0.000000e+00 0.000000e+00 1.000000e+00
    outer loop
      vertex   -1.019149e+02 3.817821e+02 1.771848e+02
      vertex   -1.019000e+02 3.750940e+02 1.771848e+02
      vertex   -1.019000e+02 3.820000e+02 1.771848e+02
    endloop
  endfacet
  facet normal -0.000000e+00 0.000000e+00 1.000000e+00
    outer loop
      vertex   -1.257373e+02 3.831094e+02 1.771848e+02
      vertex   -1.044227e+02 3.806929e+02 1.771848e+02
      vertex   -1.132337e+02 3.831094e+02 1.771848e+02
    endloop
  endfacet
  facet normal 0.000000e+00 0.000000e+00 1.000000e+00
    outer loop
      vertex   -1.132337e+02 3.831094e+02 1.771848e+02
      vertex   -1.044227e+02 3.806929e+02 1.771848e+02
      vertex   -1.045921e+02 3.808307e+02 1.771848e+02
    endloop
  endfacet
  facet normal 0.000000e+00 0.000000e+00 1.000000e+00
    outer loop
      vertex   -1.132337e+02 3.831094e+02 1.771848e+02
      vertex   -1.045921e+02 3.808307e+02 1.771848e+02
      vertex   -1.129855e+02 3.830940e+02 1.771848e+02
    endloop
  endfacet
  facet normal 0.000000e+00 0.000000e+00 1.000000e+00
    outer loop
      vertex   -1.129855e+02 3.830940e+02 1.771848e+02
      vertex   -1.045921e+02 3.808307e+02 1.771848e+02
      vertex   -1.047411e+02 3.809903e+02 1.771848e+02
    endloop
  endfacet
  facet normal 0.000000e+00 0.000000e+00 1.000000e+00
    outer loop
      vertex   -1.129855e+02 3.830940e+02 1.771848e+02
      vertex   -1.047411e+02 3.809903e+02 1.771848e+02
      vertex   -1.048671e+02 3.811687e+02 1.771848e+02
    endloop
  endfacet
  facet normal 0.000000e+00 0.000000e+00 1.000000e+00
    outer loop
      vertex   -1.048671e+02 3.811687e+02 1.771848e+02
      vertex   -1.049675e+02 3.813626e+02 1.771848e+02
      vertex   -1.129855e+02 3.830940e+02 1.771848e+02
    endloop
  endfacet
  facet normal -0.000000e+00 0.000000e+00 1.000000e+00
    outer loop
      vertex   -1.129855e+02 3.830940e+02 1.771848e+02
      vertex   -1.049675e+02 3.813626e+02 1.771848e+02
      vertex   -1.127373e+02 3.831094e+02 1.771848e+02
    endloop
  endfacet
  facet normal 0.000000e+00 0.000000e+00 1.000000e+00
    outer loop
      vertex   -1.127373e+02 3.831094e+02 1.771848e+02
      vertex   -1.049675e+02 3.813626e+02 1.771848e+02
      vertex   -1.050407e+02 3.815683e+02 1.771848e+02
    endloop
  endfacet
  facet normal 0.000000e+00 0.000000e+00 1.000000e+00
    outer loop
      vertex   -1.127373e+02 3.831094e+02 1.771848e+02
      vertex   -1.050407e+02 3.815683e+02 1.771848e+02
      vertex   -1.050851e+02 3.817821e+02 1.771848e+02
    endloop
  endfacet
  facet normal 0.000000e+00 0.000000e+00 1.000000e+00
    outer loop
      vertex   -1.050851e+02 3.817821e+02 1.771848e+02
      vertex   -1.051000e+02 3.820000e+02 1.771848e+02
      vertex   -1.127373e+02 3.831094e+02 1.771848e+02
    endloop
  endfacet
  facet normal -0.000000e+00 0.000000e+00 1.000000e+00
    outer loop
      vertex   -1.127373e+02 3.831094e+02 1.771848e+02
      vertex   -1.051000e+02 3.820000e+02 1.771848e+02
      vertex   -1.124929e+02 3.831556e+02 1.771848e+02
    endloop
  endfacet
  facet normal -0.000000e+00 0.000000e+00 1.000000e+00
    outer loop
      vertex   -1.124929e+02 3.831556e+02 1.771848e+02
      vertex   -1.051000e+02 3.820000e+02 1.771848e+02
      vertex   -1.122561e+02 3.832317e+02 1.771848e+02
    endloop
  endfacet
  facet normal -0.000000e+00 0.000000e+00 1.000000e+00
    outer loop
      vertex   -1.122561e+02 3.832317e+02 1.771848e+02
      vertex   -1.051000e+02 3.820000e+02 1.771848e+02
      vertex   -1.120306e+02 3.833366e+02 1.771848e+02
    endloop
  endfacet
  facet normal -0.000000e+00 0.000000e+00 1.000000e+00
    outer loop
      vertex   -1.120306e+02 3.833366e+02 1.771848e+02
      vertex   -1.051000e+02 3.820000e+02 1.771848e+02
      vertex   -1.118199e+02 3.834687e+02 1.771848e+02
    endloop
  endfacet
  facet normal -0.000000e+00 0.000000e+00 1.000000e+00
    outer loop
      vertex   -1.118199e+02 3.834687e+02 1.771848e+02
      vertex   -1.051000e+02 3.820000e+02 1.771848e+02
      vertex   -1.051000e+02 3.840000e+02 1.771848e+02
    endloop
  endfacet
  facet normal 0.000000e+00 0.000000e+00 1.000000e+00
    outer loop
      vertex   -1.118199e+02 3.834687e+02 1.771848e+02
      vertex   -1.051000e+02 3.840000e+02 1.771848e+02
      vertex   -1.116272e+02 3.836260e+02 1.771848e+02
    endloop
  endfacet
  facet normal 0.000000e+00 0.000000e+00 1.000000e+00
    outer loop
      vertex   -1.116272e+02 3.836260e+02 1.771848e+02
      vertex   -1.051000e+02 3.840000e+02 1.771848e+02
      vertex   -1.114555e+02 3.838059e+02 1.771848e+02
    endloop
  endfacet
  facet normal 0.000000e+00 0.000000e+00 1.000000e+00
    outer loop
      vertex   -1.114555e+02 3.838059e+02 1.771848e+02
      vertex   -1.051000e+02 3.840000e+02 1.771848e+02
      vertex   -1.113075e+02 3.840058e+02 1.771848e+02
    endloop
  endfacet
  facet normal -0.000000e+00 0.000000e+00 1.000000e+00
    outer loop
      vertex   -1.113075e+02 3.840058e+02 1.771848e+02
      vertex   -1.051000e+02 3.840000e+02 1.771848e+02
      vertex   -1.111854e+02 3.842224e+02 1.771848e+02
    endloop
  endfacet
  facet normal 0.000000e+00 0.000000e+00 1.000000e+00
    outer loop
      vertex   -1.111854e+02 3.842224e+02 1.771848e+02
      vertex   -1.051000e+02 3.840000e+02 1.771848e+02
      vertex   -1.050851e+02 3.842179e+02 1.771848e+02
    endloop
  endfacet
  facet normal -0.000000e+00 0.000000e+00 1.000000e+00
    outer loop
      vertex   -1.111854e+02 3.842224e+02 1.771848e+02
      vertex   -1.050851e+02 3.842179e+02 1.771848e+02
      vertex   -1.110911e+02 3.844526e+02 1.771848e+02
    endloop
  endfacet
  facet normal 0.000000e+00 0.000000e+00 1.000000e+00
    outer loop
      vertex   -1.110911e+02 3.844526e+02 1.771848e+02
      vertex   -1.050851e+02 3.842179e+02 1.771848e+02
      vertex   -1.050407e+02 3.844317e+02 1.771848e+02
    endloop
  endfacet
  facet normal -0.000000e+00 0.000000e+00 1.000000e+00
    outer loop
      vertex   -1.110911e+02 3.844526e+02 1.771848e+02
      vertex   -1.050407e+02 3.844317e+02 1.771848e+02
      vertex   -1.109786e+02 3.847442e+02 1.771848e+02
    endloop
  endfacet
  facet normal 0.000000e+00 0.000000e+00 1.000000e+00
    outer loop
      vertex   -1.109786e+02 3.847442e+02 1.771848e+02
      vertex   -1.050407e+02 3.844317e+02 1.771848e+02
      vertex   -1.049675e+02 3.846374e+02 1.771848e+02
    endloop
  endfacet
  facet normal -0.000000e+00 0.000000e+00 1.000000e+00
    outer loop
      vertex   -1.109786e+02 3.847442e+02 1.771848e+02
      vertex   -1.049675e+02 3.846374e+02 1.771848e+02
      vertex   -1.108422e+02 3.850255e+02 1.771848e+02
    endloop
  endfacet
  facet normal 0.000000e+00 0.000000e+00 1.000000e+00
    outer loop
      vertex   -1.108422e+02 3.850255e+02 1.771848e+02
      vertex   -1.049675e+02 3.846374e+02 1.771848e+02
      vertex   -1.048671e+02 3.848313e+02 1.771848e+02
    endloop
  endfacet
  facet normal -0.000000e+00 0.000000e+00 1.000000e+00
    outer loop
      vertex   -1.108422e+02 3.850255e+02 1.771848e+02
      vertex   -1.048671e+02 3.848313e+02 1.771848e+02
      vertex   -1.106829e+02 3.852944e+02 1.771848e+02
    endloop
  endfacet
  facet normal 0.000000e+00 0.000000e+00 1.000000e+00
    outer loop
      vertex   -1.106829e+02 3.852944e+02 1.771848e+02
      vertex   -1.048671e+02 3.848313e+02 1.771848e+02
      vertex   -1.047411e+02 3.850097e+02 1.771848e+02
    endloop
  endfacet
  facet normal -0.000000e+00 0.000000e+00 1.000000e+00
    outer loop
      vertex   -1.106829e+02 3.852944e+02 1.771848e+02
      vertex   -1.047411e+02 3.850097e+02 1.771848e+02
      vertex   -1.105017e+02 3.855491e+02 1.771848e+02
    endloop
  endfacet
  facet normal 0.000000e+00 0.000000e+00 1.000000e+00
    outer loop
      vertex   -1.105017e+02 3.855491e+02 1.771848e+02
      vertex   -1.047411e+02 3.850097e+02 1.771848e+02
      vertex   -1.045921e+02 3.851693e+02 1.771848e+02
    endloop
  endfacet
  facet normal -0.000000e+00 0.000000e+00 1.000000e+00
    outer loop
      vertex   -1.105017e+02 3.855491e+02 1.771848e+02
      vertex   -1.045921e+02 3.851693e+02 1.771848e+02
      vertex   -1.103000e+02 3.857878e+02 1.771848e+02
    endloop
  endfacet
  facet normal 0.000000e+00 0.000000e+00 1.000000e+00
    outer loop
      vertex   -1.103000e+02 3.857878e+02 1.771848e+02
      vertex   -1.045921e+02 3.851693e+02 1.771848e+02
      vertex   -1.044227e+02 3.853072e+02 1.771848e+02
    endloop
  endfacet
  facet normal -0.000000e+00 0.000000e+00 1.000000e+00
    outer loop
      vertex   -1.103000e+02 3.857878e+02 1.771848e+02
      vertex   -1.044227e+02 3.853072e+02 1.771848e+02
      vertex   -1.100790e+02 3.860090e+02 1.771848e+02
    endloop
  endfacet
  facet normal 0.000000e+00 0.000000e+00 1.000000e+00
    outer loop
      vertex   -1.100790e+02 3.860090e+02 1.771848e+02
      vertex   -1.044227e+02 3.853072e+02 1.771848e+02
      vertex   -1.042361e+02 3.854206e+02 1.771848e+02
    endloop
  endfacet
  facet normal -0.000000e+00 0.000000e+00 1.000000e+00
    outer loop
      vertex   -1.100790e+02 3.860090e+02 1.771848e+02
      vertex   -1.042361e+02 3.854206e+02 1.771848e+02
      vertex   -1.098404e+02 3.862109e+02 1.771848e+02
    endloop
  endfacet
  facet normal -0.000000e+00 0.000000e+00 1.000000e+00
    outer loop
      vertex   -1.098404e+02 3.862109e+02 1.771848e+02
      vertex   -1.042361e+02 3.854206e+02 1.771848e+02
      vertex   -1.095858e+02 3.863923e+02 1.771848e+02
    endloop
  endfacet
  facet normal 0.000000e+00 0.000000e+00 1.000000e+00
    outer loop
      vertex   -1.095858e+02 3.863923e+02 1.771848e+02
      vertex   -1.042361e+02 3.854206e+02 1.771848e+02
      vertex   -1.040358e+02 3.855076e+02 1.771848e+02
    endloop
  endfacet
  facet normal -0.000000e+00 0.000000e+00 1.000000e+00
    outer loop
      vertex   -1.095858e+02 3.863923e+02 1.771848e+02
      vertex   -1.040358e+02 3.855076e+02 1.771848e+02
      vertex   -1.088901e+02 3.868594e+02 1.771848e+02
    endloop
  endfacet
  facet normal 0.000000e+00 0.000000e+00 1.000000e+00
    outer loop
      vertex   -1.088901e+02 3.868594e+02 1.771848e+02
      vertex   -1.040358e+02 3.855076e+02 1.771848e+02
      vertex   -1.038255e+02 3.855665e+02 1.771848e+02
    endloop
  endfacet
  facet normal 0.000000e+00 0.000000e+00 1.000000e+00
    outer loop
      vertex   -1.088901e+02 3.868594e+02 1.771848e+02
      vertex   -1.038255e+02 3.855665e+02 1.771848e+02
      vertex   -1.036092e+02 3.855963e+02 1.771848e+02
    endloop
  endfacet
  facet normal 0.000000e+00 -0.000000e+00 1.000000e+00
    outer loop
      vertex   -1.033908e+02 3.855963e+02 1.771848e+02
      vertex   -1.019000e+02 3.878509e+02 1.771848e+02
      vertex   -1.036092e+02 3.855963e+02 1.771848e+02
    endloop
  endfacet
  facet normal 0.000000e+00 -0.000000e+00 1.000000e+00
    outer loop
      vertex   -1.036092e+02 3.855963e+02 1.771848e+02
      vertex   -1.019000e+02 3.878509e+02 1.771848e+02
      vertex   -1.082077e+02 3.873457e+02 1.771848e+02
    endloop
  endfacet
  facet normal 0.000000e+00 0.000000e+00 1.000000e+00
    outer loop
      vertex   -1.036092e+02 3.855963e+02 1.771848e+02
      vertex   -1.082077e+02 3.873457e+02 1.771848e+02
      vertex   -1.088901e+02 3.868594e+02 1.771848e+02
    endloop
  endfacet
  facet normal -0.000000e+00 0.000000e+00 1.000000e+00
    outer loop
      vertex   -1.033908e+02 3.855963e+02 1.771848e+02
      vertex   -1.031745e+02 3.855665e+02 1.771848e+02
      vertex   -1.019000e+02 3.878509e+02 1.771848e+02
    endloop
  endfacet
  facet normal 0.000000e+00 0.000000e+00 1.000000e+00
    outer loop
      vertex   -1.019000e+02 3.878509e+02 1.771848e+02
      vertex   -1.031745e+02 3.855665e+02 1.771848e+02
      vertex   -1.029642e+02 3.855076e+02 1.771848e+02
    endloop
  endfacet
  facet normal 0.000000e+00 0.000000e+00 1.000000e+00
    outer loop
      vertex   -1.019000e+02 3.878509e+02 1.771848e+02
      vertex   -1.029642e+02 3.855076e+02 1.771848e+02
      vertex   -1.027639e+02 3.854206e+02 1.771848e+02
    endloop
  endfacet
  facet normal -0.000000e+00 0.000000e+00 1.000000e+00
    outer loop
      vertex   -1.027639e+02 3.854206e+02 1.771848e+02
      vertex   -1.025773e+02 3.853072e+02 1.771848e+02
      vertex   -1.019000e+02 3.878509e+02 1.771848e+02
    endloop
  endfacet
  facet normal 0.000000e+00 0.000000e+00 1.000000e+00
    outer loop
      vertex   -1.019000e+02 3.878509e+02 1.771848e+02
      vertex   -1.025773e+02 3.853072e+02 1.771848e+02
      vertex   -1.024079e+02 3.851693e+02 1.771848e+02
    endloop
  endfacet
  facet normal 0.000000e+00 0.000000e+00 1.000000e+00
    outer loop
      vertex   -1.019000e+02 3.878509e+02 1.771848e+02
      vertex   -1.024079e+02 3.851693e+02 1.771848e+02
      vertex   -1.022589e+02 3.850097e+02 1.771848e+02
    endloop
  endfacet
  facet normal -0.000000e+00 0.000000e+00 1.000000e+00
    outer loop
      vertex   -1.022589e+02 3.850097e+02 1.771848e+02
      vertex   -1.021329e+02 3.848313e+02 1.771848e+02
      vertex   -1.019000e+02 3.878509e+02 1.771848e+02
    endloop
  endfacet
  facet normal 0.000000e+00 0.000000e+00 1.000000e+00
    outer loop
      vertex   -1.019000e+02 3.878509e+02 1.771848e+02
      vertex   -1.021329e+02 3.848313e+02 1.771848e+02
      vertex   -1.020325e+02 3.846374e+02 1.771848e+02
    endloop
  endfacet
  facet normal 0.000000e+00 0.000000e+00 1.000000e+00
    outer loop
      vertex   -1.019000e+02 3.878509e+02 1.771848e+02
      vertex   -1.020325e+02 3.846374e+02 1.771848e+02
      vertex   -1.019593e+02 3.844317e+02 1.771848e+02
    endloop
  endfacet
  facet normal -0.000000e+00 0.000000e+00 1.000000e+00
    outer loop
      vertex   -1.019593e+02 3.844317e+02 1.771848e+02
      vertex   -1.019149e+02 3.842179e+02 1.771848e+02
      vertex   -1.019000e+02 3.878509e+02 1.771848e+02
    endloop
  endfacet
  facet normal 0.000000e+00 0.000000e+00 1.000000e+00
    outer loop
      vertex   -1.019000e+02 3.878509e+02 1.771848e+02
      vertex   -1.019149e+02 3.842179e+02 1.771848e+02
      vertex   -1.019000e+02 3.840000e+02 1.771848e+02
    endloop
  endfacet
  facet normal 0.000000e+00 0.000000e+00 1.000000e+00
    outer loop
      vertex   -1.019000e+02 3.878509e+02 1.771848e+02
      vertex   -1.075392e+02 3.878509e+02 1.771848e+02
      vertex   -1.082077e+02 3.873457e+02 1.771848e+02
    endloop
  endfacet
  facet normal 0.000000e+00 0.000000e+00 1.000000e+00
    outer loop
      vertex   -1.257373e+02 3.831094e+02 1.771848e+02
      vertex   -1.132337e+02 3.831094e+02 1.771848e+02
      vertex   -1.254929e+02 3.831556e+02 1.771848e+02
    endloop
  endfacet
  facet normal -0.000000e+00 0.000000e+00 1.000000e+00
    outer loop
      vertex   -1.254929e+02 3.831556e+02 1.771848e+02
      vertex   -1.132337e+02 3.831094e+02 1.771848e+02
      vertex   -1.134781e+02 3.831556e+02 1.771848e+02
    endloop
  endfacet
  facet normal 0.000000e+00 0.000000e+00 1.000000e+00
    outer loop
      vertex   -1.254929e+02 3.831556e+02 1.771848e+02
      vertex   -1.134781e+02 3.831556e+02 1.771848e+02
      vertex   -1.252561e+02 3.832317e+02 1.771848e+02
    endloop
  endfacet
  facet normal 0.000000e+00 0.000000e+00 1.000000e+00
    outer loop
      vertex   -1.252561e+02 3.832317e+02 1.771848e+02
      vertex   -1.134781e+02 3.831556e+02 1.771848e+02
      vertex   -1.137149e+02 3.832317e+02 1.771848e+02
    endloop
  endfacet
  facet normal -0.000000e+00 0.000000e+00 1.000000e+00
    outer loop
      vertex   -1.252561e+02 3.832317e+02 1.771848e+02
      vertex   -1.137149e+02 3.832317e+02 1.771848e+02
      vertex   -1.250306e+02 3.833366e+02 1.771848e+02
    endloop
  endfacet
  facet normal 0.000000e+00 0.000000e+00 1.000000e+00
    outer loop
      vertex   -1.250306e+02 3.833366e+02 1.771848e+02
      vertex   -1.137149e+02 3.832317e+02 1.771848e+02
      vertex   -1.139404e+02 3.833366e+02 1.771848e+02
    endloop
  endfacet
  facet normal -0.000000e+00 0.000000e+00 1.000000e+00
    outer loop
      vertex   -1.250306e+02 3.833366e+02 1.771848e+02
      vertex   -1.139404e+02 3.833366e+02 1.771848e+02
      vertex   -1.248199e+02 3.834687e+02 1.771848e+02
    endloop
  endfacet
  facet normal 0.000000e+00 0.000000e+00 1.000000e+00
    outer loop
      vertex   -1.248199e+02 3.834687e+02 1.771848e+02
      vertex   -1.139404e+02 3.833366e+02 1.771848e+02
      vertex   -1.141511e+02 3.834687e+02 1.771848e+02
    endloop
  endfacet
  facet normal -0.000000e+00 0.000000e+00 1.000000e+00
    outer loop
      vertex   -1.248199e+02 3.834687e+02 1.771848e+02
      vertex   -1.141511e+02 3.834687e+02 1.771848e+02
      vertex   -1.246272e+02 3.836260e+02 1.771848e+02
    endloop
  endfacet
  facet normal 0.000000e+00 0.000000e+00 1.000000e+00
    outer loop
      vertex   -1.246272e+02 3.836260e+02 1.771848e+02
      vertex   -1.141511e+02 3.834687e+02 1.771848e+02
      vertex   -1.143438e+02 3.836260e+02 1.771848e+02
    endloop
  endfacet
  facet normal -0.000000e+00 0.000000e+00 1.000000e+00
    outer loop
      vertex   -1.246272e+02 3.836260e+02 1.771848e+02
      vertex   -1.143438e+02 3.836260e+02 1.771848e+02
      vertex   -1.244555e+02 3.838059e+02 1.771848e+02
    endloop
  endfacet
  facet normal 0.000000e+00 0.000000e+00 1.000000e+00
    outer loop
      vertex   -1.244555e+02 3.838059e+02 1.771848e+02
      vertex   -1.143438e+02 3.836260e+02 1.771848e+02
      vertex   -1.145155e+02 3.838059e+02 1.771848e+02
    endloop
  endfacet
  facet normal -0.000000e+00 0.000000e+00 1.000000e+00
    outer loop
      vertex   -1.244555e+02 3.838059e+02 1.771848e+02
      vertex   -1.145155e+02 3.838059e+02 1.771848e+02
      vertex   -1.243075e+02 3.840058e+02 1.771848e+02
    endloop
  endfacet
  facet normal 0.000000e+00 0.000000e+00 1.000000e+00
    outer loop
      vertex   -1.243075e+02 3.840058e+02 1.771848e+02
      vertex   -1.145155e+02 3.838059e+02 1.771848e+02
      vertex   -1.146635e+02 3.840058e+02 1.771848e+02
    endloop
  endfacet
  facet normal -0.000000e+00 0.000000e+00 1.000000e+00
    outer loop
      vertex   -1.243075e+02 3.840058e+02 1.771848e+02
      vertex   -1.146635e+02 3.840058e+02 1.771848e+02
      vertex   -1.241854e+02 3.842224e+02 1.771848e+02
    endloop
  endfacet
  facet normal 0.000000e+00 0.000000e+00 1.000000e+00
    outer loop
      vertex   -1.241854e+02 3.842224e+02 1.771848e+02
      vertex   -1.146635e+02 3.840058e+02 1.771848e+02
      vertex   -1.147856e+02 3.842224e+02 1.771848e+02
    endloop
  endfacet
  facet normal -0.000000e+00 0.000000e+00 1.000000e+00
    outer loop
      vertex   -1.241854e+02 3.842224e+02 1.771848e+02
      vertex   -1.147856e+02 3.842224e+02 1.771848e+02
      vertex   -1.240911e+02 3.844526e+02 1.771848e+02
    endloop
  endfacet
  facet normal -0.000000e+00 0.000000e+00 1.000000e+00
    outer loop
      vertex   -1.240911e+02 3.844526e+02 1.771848e+02
      vertex   -1.147856e+02 3.842224e+02 1.771848e+02
      vertex   -1.148799e+02 3.844526e+02 1.771848e+02
    endloop
  endfacet
  facet normal 0.000000e+00 0.000000e+00 1.000000e+00
    outer loop
      vertex   -1.240911e+02 3.844526e+02 1.771848e+02
      vertex   -1.148799e+02 3.844526e+02 1.771848e+02
      vertex   -1.239704e+02 3.847631e+02 1.771848e+02
    endloop
  endfacet
  facet normal -0.000000e+00 0.000000e+00 1.000000e+00
    outer loop
      vertex   -1.239704e+02 3.847631e+02 1.771848e+02
      vertex   -1.148799e+02 3.844526e+02 1.771848e+02
      vertex   -1.150006e+02 3.847631e+02 1.771848e+02
    endloop
  endfacet
  facet normal 0.000000e+00 0.000000e+00 1.000000e+00
    outer loop
      vertex   -1.239704e+02 3.847631e+02 1.771848e+02
      vertex   -1.150006e+02 3.847631e+02 1.771848e+02
      vertex   -1.238225e+02 3.850617e+02 1.771848e+02
    endloop
  endfacet
  facet normal -0.000000e+00 0.000000e+00 1.000000e+00
    outer loop
      vertex   -1.238225e+02 3.850617e+02 1.771848e+02
      vertex   -1.150006e+02 3.847631e+02 1.771848e+02
      vertex   -1.151485e+02 3.850617e+02 1.771848e+02
    endloop
  endfacet
  facet normal 0.000000e+00 0.000000e+00 1.000000e+00
    outer loop
      vertex   -1.238225e+02 3.850617e+02 1.771848e+02
      vertex   -1.151485e+02 3.850617e+02 1.771848e+02
      vertex   -1.236487e+02 3.853460e+02 1.771848e+02
    endloop
  endfacet
  facet normal -0.000000e+00 0.000000e+00 1.000000e+00
    outer loop
      vertex   -1.236487e+02 3.853460e+02 1.771848e+02
      vertex   -1.151485e+02 3.850617e+02 1.771848e+02
      vertex   -1.153223e+02 3.853460e+02 1.771848e+02
    endloop
  endfacet
  facet normal 0.000000e+00 0.000000e+00 1.000000e+00
    outer loop
      vertex   -1.236487e+02 3.853460e+02 1.771848e+02
      vertex   -1.153223e+02 3.853460e+02 1.771848e+02
      vertex   -1.234504e+02 3.856138e+02 1.771848e+02
    endloop
  endfacet
  facet normal -0.000000e+00 0.000000e+00 1.000000e+00
    outer loop
      vertex   -1.234504e+02 3.856138e+02 1.771848e+02
      vertex   -1.153223e+02 3.853460e+02 1.771848e+02
      vertex   -1.155206e+02 3.856138e+02 1.771848e+02
    endloop
  endfacet
  facet normal 0.000000e+00 0.000000e+00 1.000000e+00
    outer loop
      vertex   -1.234504e+02 3.856138e+02 1.771848e+02
      vertex   -1.155206e+02 3.856138e+02 1.771848e+02
      vertex   -1.232291e+02 3.858628e+02 1.771848e+02
    endloop
  endfacet
  facet normal -0.000000e+00 0.000000e+00 1.000000e+00
    outer loop
      vertex   -1.232291e+02 3.858628e+02 1.771848e+02
      vertex   -1.155206e+02 3.856138e+02 1.771848e+02
      vertex   -1.157419e+02 3.858628e+02 1.771848e+02
    endloop
  endfacet
  facet normal 0.000000e+00 0.000000e+00 1.000000e+00
    outer loop
      vertex   -1.232291e+02 3.858628e+02 1.771848e+02
      vertex   -1.157419e+02 3.858628e+02 1.771848e+02
      vertex   -1.229866e+02 3.860913e+02 1.771848e+02
    endloop
  endfacet
  facet normal -0.000000e+00 0.000000e+00 1.000000e+00
    outer loop
      vertex   -1.229866e+02 3.860913e+02 1.771848e+02
      vertex   -1.157419e+02 3.858628e+02 1.771848e+02
      vertex   -1.159844e+02 3.860913e+02 1.771848e+02
    endloop
  endfacet
  facet normal 0.000000e+00 0.000000e+00 1.000000e+00
    outer loop
      vertex   -1.229866e+02 3.860913e+02 1.771848e+02
      vertex   -1.159844e+02 3.860913e+02 1.771848e+02
      vertex   -1.227247e+02 3.862973e+02 1.771848e+02
    endloop
  endfacet
  facet normal -0.000000e+00 0.000000e+00 1.000000e+00
    outer loop
      vertex   -1.227247e+02 3.862973e+02 1.771848e+02
      vertex   -1.159844e+02 3.860913e+02 1.771848e+02
      vertex   -1.162463e+02 3.862973e+02 1.771848e+02
    endloop
  endfacet
  facet normal 0.000000e+00 0.000000e+00 1.000000e+00
    outer loop
      vertex   -1.227247e+02 3.862973e+02 1.771848e+02
      vertex   -1.162463e+02 3.862973e+02 1.771848e+02
      vertex   -1.224456e+02 3.864793e+02 1.771848e+02
    endloop
  endfacet
  facet normal -0.000000e+00 0.000000e+00 1.000000e+00
    outer loop
      vertex   -1.224456e+02 3.864793e+02 1.771848e+02
      vertex   -1.162463e+02 3.862973e+02 1.771848e+02
      vertex   -1.165254e+02 3.864793e+02 1.771848e+02
    endloop
  endfacet
  facet normal 0.000000e+00 0.000000e+00 1.000000e+00
    outer loop
      vertex   -1.224456e+02 3.864793e+02 1.771848e+02
      vertex   -1.165254e+02 3.864793e+02 1.771848e+02
      vertex   -1.221514e+02 3.866358e+02 1.771848e+02
    endloop
  endfacet
  facet normal -0.000000e+00 0.000000e+00 1.000000e+00
    outer loop
      vertex   -1.221514e+02 3.866358e+02 1.771848e+02
      vertex   -1.165254e+02 3.864793e+02 1.771848e+02
      vertex   -1.168196e+02 3.866358e+02 1.771848e+02
    endloop
  endfacet
  facet normal 0.000000e+00 0.000000e+00 1.000000e+00
    outer loop
      vertex   -1.221514e+02 3.866358e+02 1.771848e+02
      vertex   -1.168196e+02 3.866358e+02 1.771848e+02
      vertex   -1.205392e+02 3.870000e+02 1.771848e+02
    endloop
  endfacet
  facet normal -0.000000e+00 0.000000e+00 1.000000e+00
    outer loop
      vertex   -1.205392e+02 3.870000e+02 1.771848e+02
      vertex   -1.168196e+02 3.866358e+02 1.771848e+02
      vertex   -1.184318e+02 3.870000e+02 1.771848e+02
    endloop
  endfacet
  facet normal 0.000000e+00 0.000000e+00 1.000000e+00
    outer loop
      vertex   -1.184318e+02 3.870000e+02 1.771848e+02
      vertex   -1.168196e+02 3.866358e+02 1.771848e+02
      vertex   -1.171265e+02 3.867655e+02 1.771848e+02
    endloop
  endfacet
  facet normal 0.000000e+00 0.000000e+00 1.000000e+00
    outer loop
      vertex   -1.184318e+02 3.870000e+02 1.771848e+02
      vertex   -1.171265e+02 3.867655e+02 1.771848e+02
      vertex   -1.174437e+02 3.868675e+02 1.771848e+02
    endloop
  endfacet
  facet normal 0.000000e+00 0.000000e+00 1.000000e+00
    outer loop
      vertex   -1.174437e+02 3.868675e+02 1.771848e+02
      vertex   -1.177687e+02 3.869409e+02 1.771848e+02
      vertex   -1.184318e+02 3.870000e+02 1.771848e+02
    endloop
  endfacet
  facet normal 0.000000e+00 0.000000e+00 1.000000e+00
    outer loop
      vertex   -1.184318e+02 3.870000e+02 1.771848e+02
      vertex   -1.177687e+02 3.869409e+02 1.771848e+02
      vertex   -1.180989e+02 3.869852e+02 1.771848e+02
    endloop
  endfacet
  facet normal -0.000000e+00 0.000000e+00 1.000000e+00
    outer loop
      vertex   -1.208721e+02 3.869852e+02 1.771848e+02
      vertex   -1.212023e+02 3.869409e+02 1.771848e+02
      vertex   -1.205392e+02 3.870000e+02 1.771848e+02
    endloop
  endfacet
  facet normal 0.000000e+00 0.000000e+00 1.000000e+00
    outer loop
      vertex   -1.205392e+02 3.870000e+02 1.771848e+02
      vertex   -1.212023e+02 3.869409e+02 1.771848e+02
      vertex   -1.215273e+02 3.868675e+02 1.771848e+02
    endloop
  endfacet
  facet normal 0.000000e+00 0.000000e+00 1.000000e+00
    outer loop
      vertex   -1.205392e+02 3.870000e+02 1.771848e+02
      vertex   -1.215273e+02 3.868675e+02 1.771848e+02
      vertex   -1.218445e+02 3.867655e+02 1.771848e+02
    endloop
  endfacet
  facet normal -0.000000e+00 0.000000e+00 1.000000e+00
    outer loop
      vertex   -1.218445e+02 3.867655e+02 1.771848e+02
      vertex   -1.221514e+02 3.866358e+02 1.771848e+02
      vertex   -1.205392e+02 3.870000e+02 1.771848e+02
    endloop
  endfacet
  facet normal 0.000000e+00 0.000000e+00 1.000000e+00
    outer loop
      vertex   -1.443000e+02 3.878509e+02 1.771848e+02
      vertex   -1.443000e+02 3.870000e+02 1.771848e+02
      vertex   -1.420000e+02 3.870000e+02 1.771848e+02
    endloop
  endfacet
  facet normal 1.000000e+00 1.694887e-13 0.000000e+00
    outer loop
      vertex   -1.420000e+02 3.750940e+02 2.223126e+02
      vertex   -1.420000e+02 3.750940e+02 1.771848e+02
      vertex   -1.420000e+02 3.870000e+02 2.223126e+02
    endloop
  endfacet
  facet normal 1.000000e+00 0.000000e+00 4.471614e-14
    outer loop
      vertex   -1.420000e+02 3.870000e+02 2.223126e+02
      vertex   -1.420000e+02 3.750940e+02 1.771848e+02
      vertex   -1.420000e+02 3.870000e+02 1.771848e+02
    endloop
  endfacet
  facet normal 0.000000e+00 0.000000e+00 -1.000000e+00
    outer loop
      vertex   -1.051000e+02 3.820000e+02 1.731848e+02
      vertex   -1.116272e+02 3.836260e+02 1.731848e+02
      vertex   -1.051000e+02 3.840000e+02 1.731848e+02
    endloop
  endfacet
  facet normal 0.000000e+00 0.000000e+00 -1.000000e+00
    outer loop
      vertex   -1.051000e+02 3.840000e+02 1.731848e+02
      vertex   -1.116272e+02 3.836260e+02 1.731848e+02
      vertex   -1.114555e+02 3.838059e+02 1.731848e+02
    endloop
  endfacet
  facet normal -0.000000e+00 0.000000e+00 -1.000000e+00
    outer loop
      vertex   -1.051000e+02 3.840000e+02 1.731848e+02
      vertex   -1.114555e+02 3.838059e+02 1.731848e+02
      vertex   -1.113075e+02 3.840058e+02 1.731848e+02
    endloop
  endfacet
  facet normal 0.000000e+00 0.000000e+00 -1.000000e+00
    outer loop
      vertex   -1.050851e+02 3.817821e+02 1.731848e+02
      vertex   -1.124929e+02 3.831556e+02 1.731848e+02
      vertex   -1.051000e+02 3.820000e+02 1.731848e+02
    endloop
  endfacet
  facet normal 0.000000e+00 0.000000e+00 -1.000000e+00
    outer loop
      vertex   -1.051000e+02 3.820000e+02 1.731848e+02
      vertex   -1.124929e+02 3.831556e+02 1.731848e+02
      vertex   -1.122561e+02 3.832317e+02 1.731848e+02
    endloop
  endfacet
  facet normal 0.000000e+00 0.000000e+00 -1.000000e+00
    outer loop
      vertex   -1.051000e+02 3.820000e+02 1.731848e+02
      vertex   -1.122561e+02 3.832317e+02 1.731848e+02
      vertex   -1.120306e+02 3.833366e+02 1.731848e+02
    endloop
  endfacet
  facet normal -0.000000e+00 -0.000000e+00 -1.000000e+00
    outer loop
      vertex   -1.050851e+02 3.817821e+02 1.731848e+02
      vertex   -1.050407e+02 3.815683e+02 1.731848e+02
      vertex   -1.124929e+02 3.831556e+02 1.731848e+02
    endloop
  endfacet
  facet normal 0.000000e+00 -0.000000e+00 -1.000000e+00
    outer loop
      vertex   -1.124929e+02 3.831556e+02 1.731848e+02
      vertex   -1.050407e+02 3.815683e+02 1.731848e+02
      vertex   -1.127373e+02 3.831094e+02 1.731848e+02
    endloop
  endfacet
  facet normal 0.000000e+00 0.000000e+00 -1.000000e+00
    outer loop
      vertex   -1.127373e+02 3.831094e+02 1.731848e+02
      vertex   -1.050407e+02 3.815683e+02 1.731848e+02
      vertex   -1.049675e+02 3.813626e+02 1.731848e+02
    endloop
  endfacet
  facet normal 0.000000e+00 0.000000e+00 -1.000000e+00
    outer loop
      vertex   -1.127373e+02 3.831094e+02 1.731848e+02
      vertex   -1.049675e+02 3.813626e+02 1.731848e+02
      vertex   -1.048671e+02 3.811687e+02 1.731848e+02
    endloop
  endfacet
  facet normal 0.000000e+00 -0.000000e+00 -1.000000e+00
    outer loop
      vertex   -1.127373e+02 3.831094e+02 1.731848e+02
      vertex   -1.048671e+02 3.811687e+02 1.731848e+02
      vertex   -1.129855e+02 3.830940e+02 1.731848e+02
    endloop
  endfacet
  facet normal 0.000000e+00 0.000000e+00 -1.000000e+00
    outer loop
      vertex   -1.129855e+02 3.830940e+02 1.731848e+02
      vertex   -1.048671e+02 3.811687e+02 1.731848e+02
      vertex   -1.047411e+02 3.809903e+02 1.731848e+02
    endloop
  endfacet
  facet normal 0.000000e+00 0.000000e+00 -1.000000e+00
    outer loop
      vertex   -1.129855e+02 3.830940e+02 1.731848e+02
      vertex   -1.047411e+02 3.809903e+02 1.731848e+02
      vertex   -1.045921e+02 3.808307e+02 1.731848e+02
    endloop
  endfacet
  facet normal -0.000000e+00 -0.000000e+00 -1.000000e+00
    outer loop
      vertex   -1.045921e+02 3.808307e+02 1.731848e+02
      vertex   -1.044227e+02 3.806929e+02 1.731848e+02
      vertex   -1.129855e+02 3.830940e+02 1.731848e+02
    endloop
  endfacet
  facet normal -0.000000e+00 -0.000000e+00 -1.000000e+00
    outer loop
      vertex   -1.129855e+02 3.830940e+02 1.731848e+02
      vertex   -1.044227e+02 3.806929e+02 1.731848e+02
      vertex   -1.132337e+02 3.831094e+02 1.731848e+02
    endloop
  endfacet
  facet normal 0.000000e+00 0.000000e+00 -1.000000e+00
    outer loop
      vertex   -1.132337e+02 3.831094e+02 1.731848e+02
      vertex   -1.044227e+02 3.806929e+02 1.731848e+02
      vertex   -1.042361e+02 3.805794e+02 1.731848e+02
    endloop
  endfacet
  facet normal -0.000000e+00 -0.000000e+00 -1.000000e+00
    outer loop
      vertex   -1.132337e+02 3.831094e+02 1.731848e+02
      vertex   -1.042361e+02 3.805794e+02 1.731848e+02
      vertex   -1.257373e+02 3.831094e+02 1.731848e+02
    endloop
  endfacet
  facet normal 0.000000e+00 0.000000e+00 -1.000000e+00
    outer loop
      vertex   -1.257373e+02 3.831094e+02 1.731848e+02
      vertex   -1.042361e+02 3.805794e+02 1.731848e+02
      vertex   -1.040358e+02 3.804924e+02 1.731848e+02
    endloop
  endfacet
  facet normal 0.000000e+00 -0.000000e+00 -1.000000e+00
    outer loop
      vertex   -1.257373e+02 3.831094e+02 1.731848e+02
      vertex   -1.040358e+02 3.804924e+02 1.731848e+02
      vertex   -1.259855e+02 3.830940e+02 1.731848e+02
    endloop
  endfacet
  facet normal 2.410068e-15 2.033392e-14 -1.000000e+00
    outer loop
      vertex   -1.259855e+02 3.830940e+02 1.731848e+02
      vertex   -1.040358e+02 3.804924e+02 1.731848e+02
      vertex   -1.443000e+02 3.670940e+02 1.731848e+02
    endloop
  endfacet
  facet normal -1.359807e-15 2.464913e-14 -1.000000e+00
    outer loop
      vertex   -1.259855e+02 3.830940e+02 1.731848e+02
      vertex   -1.443000e+02 3.670940e+02 1.731848e+02
      vertex   -1.353354e+02 3.825782e+02 1.731848e+02
    endloop
  endfacet
  facet normal -3.252326e-15 2.574481e-14 -1.000000e+00
    outer loop
      vertex   -1.353354e+02 3.825782e+02 1.731848e+02
      vertex   -1.443000e+02 3.670940e+02 1.731848e+02
      vertex   -1.355846e+02 3.825467e+02 1.731848e+02
    endloop
  endfacet
  facet normal 0.000000e+00 2.391048e-14 -1.000000e+00
    outer loop
      vertex   -1.355846e+02 3.825467e+02 1.731848e+02
      vertex   -1.443000e+02 3.670940e+02 1.731848e+02
      vertex   -1.358357e+02 3.825467e+02 1.731848e+02
    endloop
  endfacet
  facet normal 2.825106e-15 2.236302e-14 -1.000000e+00
    outer loop
      vertex   -1.358357e+02 3.825467e+02 1.731848e+02
      vertex   -1.443000e+02 3.670940e+02 1.731848e+02
      vertex   -1.360849e+02 3.825782e+02 1.731848e+02
    endloop
  endfacet
  facet normal 5.392160e-15 2.100108e-14 -1.000000e+00
    outer loop
      vertex   -1.360849e+02 3.825782e+02 1.731848e+02
      vertex   -1.443000e+02 3.670940e+02 1.731848e+02
      vertex   -1.363282e+02 3.826406e+02 1.731848e+02
    endloop
  endfacet
  facet normal 7.821676e-15 1.975530e-14 -1.000000e+00
    outer loop
      vertex   -1.363282e+02 3.826406e+02 1.731848e+02
      vertex   -1.443000e+02 3.670940e+02 1.731848e+02
      vertex   -1.365617e+02 3.827331e+02 1.731848e+02
    endloop
  endfacet
  facet normal 1.021070e-14 1.857320e-14 -1.000000e+00
    outer loop
      vertex   -1.365617e+02 3.827331e+02 1.731848e+02
      vertex   -1.443000e+02 3.670940e+02 1.731848e+02
      vertex   -1.367818e+02 3.828541e+02 1.731848e+02
    endloop
  endfacet
  facet normal 1.264910e-14 1.740999e-14 -1.000000e+00
    outer loop
      vertex   -1.367818e+02 3.828541e+02 1.731848e+02
      vertex   -1.443000e+02 3.670940e+02 1.731848e+02
      vertex   -1.369850e+02 3.830017e+02 1.731848e+02
    endloop
  endfacet
  facet normal 1.523320e-14 1.622172e-14 -1.000000e+00
    outer loop
      vertex   -1.369850e+02 3.830017e+02 1.731848e+02
      vertex   -1.443000e+02 3.670940e+02 1.731848e+02
      vertex   -1.371681e+02 3.831736e+02 1.731848e+02
    endloop
  endfacet
  facet normal 1.167394e-14 1.780038e-14 -1.000000e+00
    outer loop
      vertex   -1.371681e+02 3.831736e+02 1.731848e+02
      vertex   -1.443000e+02 3.670940e+02 1.731848e+02
      vertex   -1.443000e+02 3.878509e+02 1.731848e+02
    endloop
  endfacet
  facet normal 0.000000e+00 0.000000e+00 -1.000000e+00
    outer loop
      vertex   -1.371681e+02 3.831736e+02 1.731848e+02
      vertex   -1.443000e+02 3.878509e+02 1.731848e+02
      vertex   -1.373282e+02 3.833672e+02 1.731848e+02
    endloop
  endfacet
  facet normal 0.000000e+00 0.000000e+00 -1.000000e+00
    outer loop
      vertex   -1.373282e+02 3.833672e+02 1.731848e+02
      vertex   -1.443000e+02 3.878509e+02 1.731848e+02
      vertex   -1.374628e+02 3.835792e+02 1.731848e+02
    endloop
  endfacet
  facet normal 0.000000e+00 0.000000e+00 -1.000000e+00
    outer loop
      vertex   -1.374628e+02 3.835792e+02 1.731848e+02
      vertex   -1.443000e+02 3.878509e+02 1.731848e+02
      vertex   -1.375697e+02 3.838065e+02 1.731848e+02
    endloop
  endfacet
  facet normal 0.000000e+00 0.000000e+00 -1.000000e+00
    outer loop
      vertex   -1.375697e+02 3.838065e+02 1.731848e+02
      vertex   -1.443000e+02 3.878509e+02 1.731848e+02
      vertex   -1.376473e+02 3.840454e+02 1.731848e+02
    endloop
  endfacet
  facet normal 0.000000e+00 0.000000e+00 -1.000000e+00
    outer loop
      vertex   -1.376473e+02 3.840454e+02 1.731848e+02
      vertex   -1.443000e+02 3.878509e+02 1.731848e+02
      vertex   -1.376944e+02 3.842921e+02 1.731848e+02
    endloop
  endfacet
  facet normal -2.213073e-12 -4.107695e-12 -1.000000e+00
    outer loop
      vertex   -1.376944e+02 3.842921e+02 1.731848e+02
      vertex   -1.443000e+02 3.878509e+02 1.731848e+02
      vertex   -1.377101e+02 3.845427e+02 1.731848e+02
    endloop
  endfacet
  facet normal 1.784895e-12 3.856164e-12 -1.000000e+00
    outer loop
      vertex   -1.377101e+02 3.845427e+02 1.731848e+02
      vertex   -1.443000e+02 3.878509e+02 1.731848e+02
      vertex   -1.376944e+02 3.847934e+02 1.731848e+02
    endloop
  endfacet
  facet normal 0.000000e+00 0.000000e+00 -1.000000e+00
    outer loop
      vertex   -1.376944e+02 3.847934e+02 1.731848e+02
      vertex   -1.443000e+02 3.878509e+02 1.731848e+02
      vertex   -1.376473e+02 3.850401e+02 1.731848e+02
    endloop
  endfacet
  facet normal 0.000000e+00 0.000000e+00 -1.000000e+00
    outer loop
      vertex   -1.376473e+02 3.850401e+02 1.731848e+02
      vertex   -1.443000e+02 3.878509e+02 1.731848e+02
      vertex   -1.375697e+02 3.852790e+02 1.731848e+02
    endloop
  endfacet
  facet normal 0.000000e+00 0.000000e+00 -1.000000e+00
    outer loop
      vertex   -1.375697e+02 3.852790e+02 1.731848e+02
      vertex   -1.443000e+02 3.878509e+02 1.731848e+02
      vertex   -1.374628e+02 3.855062e+02 1.731848e+02
    endloop
  endfacet
  facet normal 0.000000e+00 0.000000e+00 -1.000000e+00
    outer loop
      vertex   -1.374628e+02 3.855062e+02 1.731848e+02
      vertex   -1.443000e+02 3.878509e+02 1.731848e+02
      vertex   -1.373282e+02 3.857183e+02 1.731848e+02
    endloop
  endfacet
  facet normal 0.000000e+00 0.000000e+00 -1.000000e+00
    outer loop
      vertex   -1.373282e+02 3.857183e+02 1.731848e+02
      vertex   -1.443000e+02 3.878509e+02 1.731848e+02
      vertex   -1.371681e+02 3.859118e+02 1.731848e+02
    endloop
  endfacet
  facet normal 0.000000e+00 0.000000e+00 -1.000000e+00
    outer loop
      vertex   -1.371681e+02 3.859118e+02 1.731848e+02
      vertex   -1.443000e+02 3.878509e+02 1.731848e+02
      vertex   -1.369850e+02 3.860838e+02 1.731848e+02
    endloop
  endfacet
  facet normal 0.000000e+00 0.000000e+00 -1.000000e+00
    outer loop
      vertex   -1.369850e+02 3.860838e+02 1.731848e+02
      vertex   -1.443000e+02 3.878509e+02 1.731848e+02
      vertex   -1.367818e+02 3.862314e+02 1.731848e+02
    endloop
  endfacet
  facet normal 0.000000e+00 0.000000e+00 -1.000000e+00
    outer loop
      vertex   -1.367818e+02 3.862314e+02 1.731848e+02
      vertex   -1.443000e+02 3.878509e+02 1.731848e+02
      vertex   -1.365617e+02 3.863524e+02 1.731848e+02
    endloop
  endfacet
  facet normal 0.000000e+00 0.000000e+00 -1.000000e+00
    outer loop
      vertex   -1.365617e+02 3.863524e+02 1.731848e+02
      vertex   -1.443000e+02 3.878509e+02 1.731848e+02
      vertex   -1.363282e+02 3.864449e+02 1.731848e+02
    endloop
  endfacet
  facet normal 0.000000e+00 0.000000e+00 -1.000000e+00
    outer loop
      vertex   -1.363282e+02 3.864449e+02 1.731848e+02
      vertex   -1.443000e+02 3.878509e+02 1.731848e+02
      vertex   -1.360849e+02 3.865073e+02 1.731848e+02
    endloop
  endfacet
  facet normal 0.000000e+00 0.000000e+00 -1.000000e+00
    outer loop
      vertex   -1.360849e+02 3.865073e+02 1.731848e+02
      vertex   -1.443000e+02 3.878509e+02 1.731848e+02
      vertex   -1.358357e+02 3.865388e+02 1.731848e+02
    endloop
  endfacet
  facet normal 0.000000e+00 0.000000e+00 -1.000000e+00
    outer loop
      vertex   -1.358357e+02 3.865388e+02 1.731848e+02
      vertex   -1.443000e+02 3.878509e+02 1.731848e+02
      vertex   -1.314318e+02 3.878509e+02 1.731848e+02
    endloop
  endfacet
  facet normal 0.000000e+00 0.000000e+00 -1.000000e+00
    outer loop
      vertex   -1.358357e+02 3.865388e+02 1.731848e+02
      vertex   -1.314318e+02 3.878509e+02 1.731848e+02
      vertex   -1.355846e+02 3.865388e+02 1.731848e+02
    endloop
  endfacet
  facet normal 0.000000e+00 0.000000e+00 -1.000000e+00
    outer loop
      vertex   -1.355846e+02 3.865388e+02 1.731848e+02
      vertex   -1.314318e+02 3.878509e+02 1.731848e+02
      vertex   -1.353354e+02 3.865073e+02 1.731848e+02
    endloop
  endfacet
  facet normal 0.000000e+00 0.000000e+00 -1.000000e+00
    outer loop
      vertex   -1.353354e+02 3.865073e+02 1.731848e+02
      vertex   -1.314318e+02 3.878509e+02 1.731848e+02
      vertex   -1.350921e+02 3.864449e+02 1.731848e+02
    endloop
  endfacet
  facet normal 0.000000e+00 0.000000e+00 -1.000000e+00
    outer loop
      vertex   -1.350921e+02 3.864449e+02 1.731848e+02
      vertex   -1.314318e+02 3.878509e+02 1.731848e+02
      vertex   -1.307633e+02 3.873457e+02 1.731848e+02
    endloop
  endfacet
  facet normal 0.000000e+00 0.000000e+00 -1.000000e+00
    outer loop
      vertex   -1.350921e+02 3.864449e+02 1.731848e+02
      vertex   -1.307633e+02 3.873457e+02 1.731848e+02
      vertex   -1.348586e+02 3.863524e+02 1.731848e+02
    endloop
  endfacet
  facet normal 0.000000e+00 0.000000e+00 -1.000000e+00
    outer loop
      vertex   -1.348586e+02 3.863524e+02 1.731848e+02
      vertex   -1.307633e+02 3.873457e+02 1.731848e+02
      vertex   -1.346385e+02 3.862314e+02 1.731848e+02
    endloop
  endfacet
  facet normal 0.000000e+00 0.000000e+00 -1.000000e+00
    outer loop
      vertex   -1.346385e+02 3.862314e+02 1.731848e+02
      vertex   -1.307633e+02 3.873457e+02 1.731848e+02
      vertex   -1.300809e+02 3.868594e+02 1.731848e+02
    endloop
  endfacet
  facet normal 0.000000e+00 0.000000e+00 -1.000000e+00
    outer loop
      vertex   -1.346385e+02 3.862314e+02 1.731848e+02
      vertex   -1.300809e+02 3.868594e+02 1.731848e+02
      vertex   -1.344353e+02 3.860838e+02 1.731848e+02
    endloop
  endfacet
  facet normal 0.000000e+00 0.000000e+00 -1.000000e+00
    outer loop
      vertex   -1.344353e+02 3.860838e+02 1.731848e+02
      vertex   -1.300809e+02 3.868594e+02 1.731848e+02
      vertex   -1.342522e+02 3.859118e+02 1.731848e+02
    endloop
  endfacet
  facet normal 0.000000e+00 0.000000e+00 -1.000000e+00
    outer loop
      vertex   -1.342522e+02 3.859118e+02 1.731848e+02
      vertex   -1.300809e+02 3.868594e+02 1.731848e+02
      vertex   -1.293852e+02 3.863923e+02 1.731848e+02
    endloop
  endfacet
  facet normal 0.000000e+00 0.000000e+00 -1.000000e+00
    outer loop
      vertex   -1.342522e+02 3.859118e+02 1.731848e+02
      vertex   -1.293852e+02 3.863923e+02 1.731848e+02
      vertex   -1.340921e+02 3.857183e+02 1.731848e+02
    endloop
  endfacet
  facet normal 0.000000e+00 0.000000e+00 -1.000000e+00
    outer loop
      vertex   -1.340921e+02 3.857183e+02 1.731848e+02
      vertex   -1.293852e+02 3.863923e+02 1.731848e+02
      vertex   -1.291306e+02 3.862109e+02 1.731848e+02
    endloop
  endfacet
  facet normal 0.000000e+00 0.000000e+00 -1.000000e+00
    outer loop
      vertex   -1.340921e+02 3.857183e+02 1.731848e+02
      vertex   -1.291306e+02 3.862109e+02 1.731848e+02
      vertex   -1.339575e+02 3.855062e+02 1.731848e+02
    endloop
  endfacet
  facet normal 0.000000e+00 0.000000e+00 -1.000000e+00
    outer loop
      vertex   -1.339575e+02 3.855062e+02 1.731848e+02
      vertex   -1.291306e+02 3.862109e+02 1.731848e+02
      vertex   -1.288920e+02 3.860090e+02 1.731848e+02
    endloop
  endfacet
  facet normal 0.000000e+00 0.000000e+00 -1.000000e+00
    outer loop
      vertex   -1.339575e+02 3.855062e+02 1.731848e+02
      vertex   -1.288920e+02 3.860090e+02 1.731848e+02
      vertex   -1.338506e+02 3.852790e+02 1.731848e+02
    endloop
  endfacet
  facet normal 0.000000e+00 0.000000e+00 -1.000000e+00
    outer loop
      vertex   -1.338506e+02 3.852790e+02 1.731848e+02
      vertex   -1.288920e+02 3.860090e+02 1.731848e+02
      vertex   -1.286710e+02 3.857878e+02 1.731848e+02
    endloop
  endfacet
  facet normal 0.000000e+00 0.000000e+00 -1.000000e+00
    outer loop
      vertex   -1.338506e+02 3.852790e+02 1.731848e+02
      vertex   -1.286710e+02 3.857878e+02 1.731848e+02
      vertex   -1.284693e+02 3.855491e+02 1.731848e+02
    endloop
  endfacet
  facet normal 4.194665e-15 1.497096e-14 -1.000000e+00
    outer loop
      vertex   -1.040358e+02 3.804924e+02 1.731848e+02
      vertex   -1.038255e+02 3.804335e+02 1.731848e+02
      vertex   -1.443000e+02 3.670940e+02 1.731848e+02
    endloop
  endfacet
  facet normal 0.000000e+00 2.769831e-14 -1.000000e+00
    outer loop
      vertex   -1.443000e+02 3.670940e+02 1.731848e+02
      vertex   -1.038255e+02 3.804335e+02 1.731848e+02
      vertex   -8.870000e+01 3.670940e+02 1.731848e+02
    endloop
  endfacet
  facet normal 4.509913e-15 3.281205e-14 -1.000000e+00
    outer loop
      vertex   -8.870000e+01 3.670940e+02 1.731848e+02
      vertex   -1.038255e+02 3.804335e+02 1.731848e+02
      vertex   -1.036092e+02 3.804037e+02 1.731848e+02
    endloop
  endfacet
  facet normal 0.000000e+00 2.776020e-14 -1.000000e+00
    outer loop
      vertex   -8.870000e+01 3.670940e+02 1.731848e+02
      vertex   -1.036092e+02 3.804037e+02 1.731848e+02
      vertex   -1.033908e+02 3.804037e+02 1.731848e+02
    endloop
  endfacet
  facet normal 0.000000e+00 -0.000000e+00 -1.000000e+00
    outer loop
      vertex   -1.031745e+02 3.804335e+02 1.731848e+02
      vertex   -9.632553e+01 3.804335e+02 1.731848e+02
      vertex   -1.033908e+02 3.804037e+02 1.731848e+02
    endloop
  endfacet
  facet normal 0.000000e+00 0.000000e+00 -1.000000e+00
    outer loop
      vertex   -1.033908e+02 3.804037e+02 1.731848e+02
      vertex   -9.632553e+01 3.804335e+02 1.731848e+02
      vertex   -9.610919e+01 3.804037e+02 1.731848e+02
    endloop
  endfacet
  facet normal -2.167078e-28 2.776020e-14 -1.000000e+00
    outer loop
      vertex   -1.033908e+02 3.804037e+02 1.731848e+02
      vertex   -9.610919e+01 3.804037e+02 1.731848e+02
      vertex   -8.870000e+01 3.670940e+02 1.731848e+02
    endloop
  endfacet
  facet normal 0.000000e+00 2.776020e-14 -1.000000e+00
    outer loop
      vertex   -8.870000e+01 3.670940e+02 1.731848e+02
      vertex   -9.610919e+01 3.804037e+02 1.731848e+02
      vertex   -9.589081e+01 3.804037e+02 1.731848e+02
    endloop
  endfacet
  facet normal -3.551802e-15 2.584128e-14 -1.000000e+00
    outer loop
      vertex   -8.870000e+01 3.670940e+02 1.731848e+02
      vertex   -9.589081e+01 3.804037e+02 1.731848e+02
      vertex   -9.567447e+01 3.804335e+02 1.731848e+02
    endloop
  endfacet
  facet normal -0.000000e+00 0.000000e+00 -1.000000e+00
    outer loop
      vertex   -9.632553e+01 3.804335e+02 1.731848e+02
      vertex   -1.031745e+02 3.804335e+02 1.731848e+02
      vertex   -9.653581e+01 3.804924e+02 1.731848e+02
    endloop
  endfacet
  facet normal -0.000000e+00 0.000000e+00 -1.000000e+00
    outer loop
      vertex   -9.653581e+01 3.804924e+02 1.731848e+02
      vertex   -1.031745e+02 3.804335e+02 1.731848e+02
      vertex   -1.029642e+02 3.804924e+02 1.731848e+02
    endloop
  endfacet
  facet normal 0.000000e+00 0.000000e+00 -1.000000e+00
    outer loop
      vertex   -9.653581e+01 3.804924e+02 1.731848e+02
      vertex   -1.029642e+02 3.804924e+02 1.731848e+02
      vertex   -9.673611e+01 3.805794e+02 1.731848e+02
    endloop
  endfacet
  facet normal -0.000000e+00 0.000000e+00 -1.000000e+00
    outer loop
      vertex   -9.673611e+01 3.805794e+02 1.731848e+02
      vertex   -1.029642e+02 3.804924e+02 1.731848e+02
      vertex   -1.027639e+02 3.805794e+02 1.731848e+02
    endloop
  endfacet
  facet normal 0.000000e+00 0.000000e+00 -1.000000e+00
    outer loop
      vertex   -9.673611e+01 3.805794e+02 1.731848e+02
      vertex   -1.027639e+02 3.805794e+02 1.731848e+02
      vertex   -9.692269e+01 3.806929e+02 1.731848e+02
    endloop
  endfacet
  facet normal -0.000000e+00 0.000000e+00 -1.000000e+00
    outer loop
      vertex   -9.692269e+01 3.806929e+02 1.731848e+02
      vertex   -1.027639e+02 3.805794e+02 1.731848e+02
      vertex   -1.025773e+02 3.806929e+02 1.731848e+02
    endloop
  endfacet
  facet normal 0.000000e+00 0.000000e+00 -1.000000e+00
    outer loop
      vertex   -9.692269e+01 3.806929e+02 1.731848e+02
      vertex   -1.025773e+02 3.806929e+02 1.731848e+02
      vertex   -9.709209e+01 3.808307e+02 1.731848e+02
    endloop
  endfacet
  facet normal -0.000000e+00 0.000000e+00 -1.000000e+00
    outer loop
      vertex   -9.709209e+01 3.808307e+02 1.731848e+02
      vertex   -1.025773e+02 3.806929e+02 1.731848e+02
      vertex   -1.024079e+02 3.808307e+02 1.731848e+02
    endloop
  endfacet
  facet normal 0.000000e+00 0.000000e+00 -1.000000e+00
    outer loop
      vertex   -9.709209e+01 3.808307e+02 1.731848e+02
      vertex   -1.024079e+02 3.808307e+02 1.731848e+02
      vertex   -9.724114e+01 3.809903e+02 1.731848e+02
    endloop
  endfacet
  facet normal -0.000000e+00 0.000000e+00 -1.000000e+00
    outer loop
      vertex   -9.724114e+01 3.809903e+02 1.731848e+02
      vertex   -1.024079e+02 3.808307e+02 1.731848e+02
      vertex   -1.022589e+02 3.809903e+02 1.731848e+02
    endloop
  endfacet
  facet normal 0.000000e+00 0.000000e+00 -1.000000e+00
    outer loop
      vertex   -9.724114e+01 3.809903e+02 1.731848e+02
      vertex   -1.022589e+02 3.809903e+02 1.731848e+02
      vertex   -9.736707e+01 3.811687e+02 1.731848e+02
    endloop
  endfacet
  facet normal -0.000000e+00 0.000000e+00 -1.000000e+00
    outer loop
      vertex   -9.736707e+01 3.811687e+02 1.731848e+02
      vertex   -1.022589e+02 3.809903e+02 1.731848e+02
      vertex   -1.021329e+02 3.811687e+02 1.731848e+02
    endloop
  endfacet
  facet normal 0.000000e+00 0.000000e+00 -1.000000e+00
    outer loop
      vertex   -9.736707e+01 3.811687e+02 1.731848e+02
      vertex   -1.021329e+02 3.811687e+02 1.731848e+02
      vertex   -9.746754e+01 3.813626e+02 1.731848e+02
    endloop
  endfacet
  facet normal -0.000000e+00 0.000000e+00 -1.000000e+00
    outer loop
      vertex   -9.746754e+01 3.813626e+02 1.731848e+02
      vertex   -1.021329e+02 3.811687e+02 1.731848e+02
      vertex   -1.020325e+02 3.813626e+02 1.731848e+02
    endloop
  endfacet
  facet normal 0.000000e+00 0.000000e+00 -1.000000e+00
    outer loop
      vertex   -9.746754e+01 3.813626e+02 1.731848e+02
      vertex   -1.020325e+02 3.813626e+02 1.731848e+02
      vertex   -9.754067e+01 3.815683e+02 1.731848e+02
    endloop
  endfacet
  facet normal -0.000000e+00 0.000000e+00 -1.000000e+00
    outer loop
      vertex   -9.754067e+01 3.815683e+02 1.731848e+02
      vertex   -1.020325e+02 3.813626e+02 1.731848e+02
      vertex   -1.019593e+02 3.815683e+02 1.731848e+02
    endloop
  endfacet
  facet normal 0.000000e+00 0.000000e+00 -1.000000e+00
    outer loop
      vertex   -9.754067e+01 3.815683e+02 1.731848e+02
      vertex   -1.019593e+02 3.815683e+02 1.731848e+02
      vertex   -9.758510e+01 3.817821e+02 1.731848e+02
    endloop
  endfacet
  facet normal -0.000000e+00 0.000000e+00 -1.000000e+00
    outer loop
      vertex   -9.758510e+01 3.817821e+02 1.731848e+02
      vertex   -1.019593e+02 3.815683e+02 1.731848e+02
      vertex   -1.019149e+02 3.817821e+02 1.731848e+02
    endloop
  endfacet
  facet normal 0.000000e+00 0.000000e+00 -1.000000e+00
    outer loop
      vertex   -9.758510e+01 3.817821e+02 1.731848e+02
      vertex   -1.019149e+02 3.817821e+02 1.731848e+02
      vertex   -9.760000e+01 3.820000e+02 1.731848e+02
    endloop
  endfacet
  facet normal -0.000000e+00 0.000000e+00 -1.000000e+00
    outer loop
      vertex   -9.760000e+01 3.820000e+02 1.731848e+02
      vertex   -1.019149e+02 3.817821e+02 1.731848e+02
      vertex   -1.019000e+02 3.820000e+02 1.731848e+02
    endloop
  endfacet
  facet normal 0.000000e+00 0.000000e+00 -1.000000e+00
    outer loop
      vertex   -9.760000e+01 3.820000e+02 1.731848e+02
      vertex   -1.019000e+02 3.820000e+02 1.731848e+02
      vertex   -9.760000e+01 3.840000e+02 1.731848e+02
    endloop
  endfacet
  facet normal -0.000000e+00 0.000000e+00 -1.000000e+00
    outer loop
      vertex   -9.760000e+01 3.840000e+02 1.731848e+02
      vertex   -1.019000e+02 3.820000e+02 1.731848e+02
      vertex   -1.019000e+02 3.840000e+02 1.731848e+02
    endloop
  endfacet
  facet normal 0.000000e+00 0.000000e+00 -1.000000e+00
    outer loop
      vertex   -9.760000e+01 3.840000e+02 1.731848e+02
      vertex   -1.019000e+02 3.840000e+02 1.731848e+02
      vertex   -9.758510e+01 3.842179e+02 1.731848e+02
    endloop
  endfacet
  facet normal -0.000000e+00 0.000000e+00 -1.000000e+00
    outer loop
      vertex   -9.758510e+01 3.842179e+02 1.731848e+02
      vertex   -1.019000e+02 3.840000e+02 1.731848e+02
      vertex   -1.019149e+02 3.842179e+02 1.731848e+02
    endloop
  endfacet
  facet normal 0.000000e+00 0.000000e+00 -1.000000e+00
    outer loop
      vertex   -9.758510e+01 3.842179e+02 1.731848e+02
      vertex   -1.019149e+02 3.842179e+02 1.731848e+02
      vertex   -9.754067e+01 3.844317e+02 1.731848e+02
    endloop
  endfacet
  facet normal -0.000000e+00 0.000000e+00 -1.000000e+00
    outer loop
      vertex   -9.754067e+01 3.844317e+02 1.731848e+02
      vertex   -1.019149e+02 3.842179e+02 1.731848e+02
      vertex   -1.019593e+02 3.844317e+02 1.731848e+02
    endloop
  endfacet
  facet normal 0.000000e+00 0.000000e+00 -1.000000e+00
    outer loop
      vertex   -9.754067e+01 3.844317e+02 1.731848e+02
      vertex   -1.019593e+02 3.844317e+02 1.731848e+02
      vertex   -9.746754e+01 3.846374e+02 1.731848e+02
    endloop
  endfacet
  facet normal -0.000000e+00 0.000000e+00 -1.000000e+00
    outer loop
      vertex   -9.746754e+01 3.846374e+02 1.731848e+02
      vertex   -1.019593e+02 3.844317e+02 1.731848e+02
      vertex   -1.020325e+02 3.846374e+02 1.731848e+02
    endloop
  endfacet
  facet normal 0.000000e+00 0.000000e+00 -1.000000e+00
    outer loop
      vertex   -9.746754e+01 3.846374e+02 1.731848e+02
      vertex   -1.020325e+02 3.846374e+02 1.731848e+02
      vertex   -9.736707e+01 3.848313e+02 1.731848e+02
    endloop
  endfacet
  facet normal -0.000000e+00 0.000000e+00 -1.000000e+00
    outer loop
      vertex   -9.736707e+01 3.848313e+02 1.731848e+02
      vertex   -1.020325e+02 3.846374e+02 1.731848e+02
      vertex   -1.021329e+02 3.848313e+02 1.731848e+02
    endloop
  endfacet
  facet normal 0.000000e+00 0.000000e+00 -1.000000e+00
    outer loop
      vertex   -9.736707e+01 3.848313e+02 1.731848e+02
      vertex   -1.021329e+02 3.848313e+02 1.731848e+02
      vertex   -9.724114e+01 3.850097e+02 1.731848e+02
    endloop
  endfacet
  facet normal -0.000000e+00 0.000000e+00 -1.000000e+00
    outer loop
      vertex   -9.724114e+01 3.850097e+02 1.731848e+02
      vertex   -1.021329e+02 3.848313e+02 1.731848e+02
      vertex   -1.022589e+02 3.850097e+02 1.731848e+02
    endloop
  endfacet
  facet normal 0.000000e+00 0.000000e+00 -1.000000e+00
    outer loop
      vertex   -9.724114e+01 3.850097e+02 1.731848e+02
      vertex   -1.022589e+02 3.850097e+02 1.731848e+02
      vertex   -9.709209e+01 3.851693e+02 1.731848e+02
    endloop
  endfacet
  facet normal -0.000000e+00 0.000000e+00 -1.000000e+00
    outer loop
      vertex   -9.709209e+01 3.851693e+02 1.731848e+02
      vertex   -1.022589e+02 3.850097e+02 1.731848e+02
      vertex   -1.024079e+02 3.851693e+02 1.731848e+02
    endloop
  endfacet
  facet normal 0.000000e+00 0.000000e+00 -1.000000e+00
    outer loop
      vertex   -9.709209e+01 3.851693e+02 1.731848e+02
      vertex   -1.024079e+02 3.851693e+02 1.731848e+02
      vertex   -9.692269e+01 3.853072e+02 1.731848e+02
    endloop
  endfacet
  facet normal -0.000000e+00 0.000000e+00 -1.000000e+00
    outer loop
      vertex   -9.692269e+01 3.853072e+02 1.731848e+02
      vertex   -1.024079e+02 3.851693e+02 1.731848e+02
      vertex   -1.025773e+02 3.853072e+02 1.731848e+02
    endloop
  endfacet
  facet normal 0.000000e+00 0.000000e+00 -1.000000e+00
    outer loop
      vertex   -9.692269e+01 3.853072e+02 1.731848e+02
      vertex   -1.025773e+02 3.853072e+02 1.731848e+02
      vertex   -9.673611e+01 3.854206e+02 1.731848e+02
    endloop
  endfacet
  facet normal -0.000000e+00 0.000000e+00 -1.000000e+00
    outer loop
      vertex   -9.673611e+01 3.854206e+02 1.731848e+02
      vertex   -1.025773e+02 3.853072e+02 1.731848e+02
      vertex   -1.027639e+02 3.854206e+02 1.731848e+02
    endloop
  endfacet
  facet normal 0.000000e+00 0.000000e+00 -1.000000e+00
    outer loop
      vertex   -9.673611e+01 3.854206e+02 1.731848e+02
      vertex   -1.027639e+02 3.854206e+02 1.731848e+02
      vertex   -9.653581e+01 3.855076e+02 1.731848e+02
    endloop
  endfacet
  facet normal -0.000000e+00 0.000000e+00 -1.000000e+00
    outer loop
      vertex   -9.653581e+01 3.855076e+02 1.731848e+02
      vertex   -1.027639e+02 3.854206e+02 1.731848e+02
      vertex   -1.029642e+02 3.855076e+02 1.731848e+02
    endloop
  endfacet
  facet normal 0.000000e+00 0.000000e+00 -1.000000e+00
    outer loop
      vertex   -9.653581e+01 3.855076e+02 1.731848e+02
      vertex   -1.029642e+02 3.855076e+02 1.731848e+02
      vertex   -9.632553e+01 3.855665e+02 1.731848e+02
    endloop
  endfacet
  facet normal -0.000000e+00 0.000000e+00 -1.000000e+00
    outer loop
      vertex   -9.632553e+01 3.855665e+02 1.731848e+02
      vertex   -1.029642e+02 3.855076e+02 1.731848e+02
      vertex   -1.031745e+02 3.855665e+02 1.731848e+02
    endloop
  endfacet
  facet normal 0.000000e+00 0.000000e+00 -1.000000e+00
    outer loop
      vertex   -9.632553e+01 3.855665e+02 1.731848e+02
      vertex   -1.031745e+02 3.855665e+02 1.731848e+02
      vertex   -1.075392e+02 3.878509e+02 1.731848e+02
    endloop
  endfacet
  facet normal 0.000000e+00 0.000000e+00 -1.000000e+00
    outer loop
      vertex   -1.075392e+02 3.878509e+02 1.731848e+02
      vertex   -1.031745e+02 3.855665e+02 1.731848e+02
      vertex   -1.033908e+02 3.855963e+02 1.731848e+02
    endloop
  endfacet
  facet normal 0.000000e+00 0.000000e+00 -1.000000e+00
    outer loop
      vertex   -1.075392e+02 3.878509e+02 1.731848e+02
      vertex   -1.033908e+02 3.855963e+02 1.731848e+02
      vertex   -1.036092e+02 3.855963e+02 1.731848e+02
    endloop
  endfacet
  facet normal 0.000000e+00 -0.000000e+00 -1.000000e+00
    outer loop
      vertex   -1.075392e+02 3.878509e+02 1.731848e+02
      vertex   -1.036092e+02 3.855963e+02 1.731848e+02
      vertex   -1.082077e+02 3.873457e+02 1.731848e+02
    endloop
  endfacet
  facet normal 0.000000e+00 0.000000e+00 -1.000000e+00
    outer loop
      vertex   -1.082077e+02 3.873457e+02 1.731848e+02
      vertex   -1.036092e+02 3.855963e+02 1.731848e+02
      vertex   -1.038255e+02 3.855665e+02 1.731848e+02
    endloop
  endfacet
  facet normal 0.000000e+00 -0.000000e+00 -1.000000e+00
    outer loop
      vertex   -1.082077e+02 3.873457e+02 1.731848e+02
      vertex   -1.038255e+02 3.855665e+02 1.731848e+02
      vertex   -1.088901e+02 3.868594e+02 1.731848e+02
    endloop
  endfacet
  facet normal 0.000000e+00 0.000000e+00 -1.000000e+00
    outer loop
      vertex   -1.088901e+02 3.868594e+02 1.731848e+02
      vertex   -1.038255e+02 3.855665e+02 1.731848e+02
      vertex   -1.040358e+02 3.855076e+02 1.731848e+02
    endloop
  endfacet
  facet normal 0.000000e+00 0.000000e+00 -1.000000e+00
    outer loop
      vertex   -1.088901e+02 3.868594e+02 1.731848e+02
      vertex   -1.040358e+02 3.855076e+02 1.731848e+02
      vertex   -1.042361e+02 3.854206e+02 1.731848e+02
    endloop
  endfacet
  facet normal 0.000000e+00 -0.000000e+00 -1.000000e+00
    outer loop
      vertex   -1.088901e+02 3.868594e+02 1.731848e+02
      vertex   -1.042361e+02 3.854206e+02 1.731848e+02
      vertex   -1.095858e+02 3.863923e+02 1.731848e+02
    endloop
  endfacet
  facet normal 0.000000e+00 0.000000e+00 -1.000000e+00
    outer loop
      vertex   -1.095858e+02 3.863923e+02 1.731848e+02
      vertex   -1.042361e+02 3.854206e+02 1.731848e+02
      vertex   -1.044227e+02 3.853072e+02 1.731848e+02
    endloop
  endfacet
  facet normal 0.000000e+00 -0.000000e+00 -1.000000e+00
    outer loop
      vertex   -1.095858e+02 3.863923e+02 1.731848e+02
      vertex   -1.044227e+02 3.853072e+02 1.731848e+02
      vertex   -1.098404e+02 3.862109e+02 1.731848e+02
    endloop
  endfacet
  facet normal 0.000000e+00 0.000000e+00 -1.000000e+00
    outer loop
      vertex   -1.098404e+02 3.862109e+02 1.731848e+02
      vertex   -1.044227e+02 3.853072e+02 1.731848e+02
      vertex   -1.045921e+02 3.851693e+02 1.731848e+02
    endloop
  endfacet
  facet normal 0.000000e+00 -0.000000e+00 -1.000000e+00
    outer loop
      vertex   -1.098404e+02 3.862109e+02 1.731848e+02
      vertex   -1.045921e+02 3.851693e+02 1.731848e+02
      vertex   -1.100790e+02 3.860090e+02 1.731848e+02
    endloop
  endfacet
  facet normal 0.000000e+00 -0.000000e+00 -1.000000e+00
    outer loop
      vertex   -1.100790e+02 3.860090e+02 1.731848e+02
      vertex   -1.045921e+02 3.851693e+02 1.731848e+02
      vertex   -1.103000e+02 3.857878e+02 1.731848e+02
    endloop
  endfacet
  facet normal 0.000000e+00 0.000000e+00 -1.000000e+00
    outer loop
      vertex   -1.103000e+02 3.857878e+02 1.731848e+02
      vertex   -1.045921e+02 3.851693e+02 1.731848e+02
      vertex   -1.047411e+02 3.850097e+02 1.731848e+02
    endloop
  endfacet
  facet normal 0.000000e+00 -0.000000e+00 -1.000000e+00
    outer loop
      vertex   -1.103000e+02 3.857878e+02 1.731848e+02
      vertex   -1.047411e+02 3.850097e+02 1.731848e+02
      vertex   -1.105017e+02 3.855491e+02 1.731848e+02
    endloop
  endfacet
  facet normal 0.000000e+00 0.000000e+00 -1.000000e+00
    outer loop
      vertex   -1.105017e+02 3.855491e+02 1.731848e+02
      vertex   -1.047411e+02 3.850097e+02 1.731848e+02
      vertex   -1.048671e+02 3.848313e+02 1.731848e+02
    endloop
  endfacet
  facet normal 0.000000e+00 -0.000000e+00 -1.000000e+00
    outer loop
      vertex   -1.105017e+02 3.855491e+02 1.731848e+02
      vertex   -1.048671e+02 3.848313e+02 1.731848e+02
      vertex   -1.106829e+02 3.852944e+02 1.731848e+02
    endloop
  endfacet
  facet normal 0.000000e+00 0.000000e+00 -1.000000e+00
    outer loop
      vertex   -1.106829e+02 3.852944e+02 1.731848e+02
      vertex   -1.048671e+02 3.848313e+02 1.731848e+02
      vertex   -1.049675e+02 3.846374e+02 1.731848e+02
    endloop
  endfacet
  facet normal 0.000000e+00 -0.000000e+00 -1.000000e+00
    outer loop
      vertex   -1.106829e+02 3.852944e+02 1.731848e+02
      vertex   -1.049675e+02 3.846374e+02 1.731848e+02
      vertex   -1.108422e+02 3.850255e+02 1.731848e+02
    endloop
  endfacet
  facet normal 0.000000e+00 -0.000000e+00 -1.000000e+00
    outer loop
      vertex   -1.108422e+02 3.850255e+02 1.731848e+02
      vertex   -1.049675e+02 3.846374e+02 1.731848e+02
      vertex   -1.109786e+02 3.847442e+02 1.731848e+02
    endloop
  endfacet
  facet normal 0.000000e+00 0.000000e+00 -1.000000e+00
    outer loop
      vertex   -1.109786e+02 3.847442e+02 1.731848e+02
      vertex   -1.049675e+02 3.846374e+02 1.731848e+02
      vertex   -1.050407e+02 3.844317e+02 1.731848e+02
    endloop
  endfacet
  facet normal 0.000000e+00 -0.000000e+00 -1.000000e+00
    outer loop
      vertex   -1.109786e+02 3.847442e+02 1.731848e+02
      vertex   -1.050407e+02 3.844317e+02 1.731848e+02
      vertex   -1.110911e+02 3.844526e+02 1.731848e+02
    endloop
  endfacet
  facet normal 0.000000e+00 0.000000e+00 -1.000000e+00
    outer loop
      vertex   -1.110911e+02 3.844526e+02 1.731848e+02
      vertex   -1.050407e+02 3.844317e+02 1.731848e+02
      vertex   -1.050851e+02 3.842179e+02 1.731848e+02
    endloop
  endfacet
  facet normal 0.000000e+00 -0.000000e+00 -1.000000e+00
    outer loop
      vertex   -1.110911e+02 3.844526e+02 1.731848e+02
      vertex   -1.050851e+02 3.842179e+02 1.731848e+02
      vertex   -1.111854e+02 3.842224e+02 1.731848e+02
    endloop
  endfacet
  facet normal 0.000000e+00 0.000000e+00 -1.000000e+00
    outer loop
      vertex   -1.111854e+02 3.842224e+02 1.731848e+02
      vertex   -1.050851e+02 3.842179e+02 1.731848e+02
      vertex   -1.051000e+02 3.840000e+02 1.731848e+02
    endloop
  endfacet
  facet normal 0.000000e+00 -0.000000e+00 -1.000000e+00
    outer loop
      vertex   -1.111854e+02 3.842224e+02 1.731848e+02
      vertex   -1.051000e+02 3.840000e+02 1.731848e+02
      vertex   -1.113075e+02 3.840058e+02 1.731848e+02
    endloop
  endfacet
  facet normal -6.769077e-15 2.415915e-14 -1.000000e+00
    outer loop
      vertex   -9.567447e+01 3.804335e+02 1.731848e+02
      vertex   -9.546419e+01 3.804924e+02 1.731848e+02
      vertex   -8.870000e+01 3.670940e+02 1.731848e+02
    endloop
  endfacet
  facet normal -9.823915e-15 2.261692e-14 -1.000000e+00
    outer loop
      vertex   -8.870000e+01 3.670940e+02 1.731848e+02
      vertex   -9.546419e+01 3.804924e+02 1.731848e+02
      vertex   -9.526390e+01 3.805794e+02 1.731848e+02
    endloop
  endfacet
  facet normal -1.285614e-14 2.114102e-14 -1.000000e+00
    outer loop
      vertex   -8.870000e+01 3.670940e+02 1.731848e+02
      vertex   -9.526390e+01 3.805794e+02 1.731848e+02
      vertex   -9.507731e+01 3.806929e+02 1.731848e+02
    endloop
  endfacet
  facet normal -1.600002e-14 1.966667e-14 -1.000000e+00
    outer loop
      vertex   -9.507731e+01 3.806929e+02 1.731848e+02
      vertex   -9.490792e+01 3.808307e+02 1.731848e+02
      vertex   -8.870000e+01 3.670940e+02 1.731848e+02
    endloop
  endfacet
  facet normal -1.940852e-14 1.812629e-14 -1.000000e+00
    outer loop
      vertex   -8.870000e+01 3.670940e+02 1.731848e+02
      vertex   -9.490792e+01 3.808307e+02 1.731848e+02
      vertex   -9.475886e+01 3.809903e+02 1.731848e+02
    endloop
  endfacet
  facet normal -2.328481e-14 1.643621e-14 -1.000000e+00
    outer loop
      vertex   -8.870000e+01 3.670940e+02 1.731848e+02
      vertex   -9.475886e+01 3.809903e+02 1.731848e+02
      vertex   -9.463293e+01 3.811687e+02 1.731848e+02
    endloop
  endfacet
  facet normal -2.793635e-14 1.447545e-14 -1.000000e+00
    outer loop
      vertex   -9.463293e+01 3.811687e+02 1.731848e+02
      vertex   -9.453246e+01 3.813626e+02 1.731848e+02
      vertex   -8.870000e+01 3.670940e+02 1.731848e+02
    endloop
  endfacet
  facet normal -1.980219e-14 1.780038e-14 -1.000000e+00
    outer loop
      vertex   -8.870000e+01 3.670940e+02 1.731848e+02
      vertex   -9.453246e+01 3.813626e+02 1.731848e+02
      vertex   -8.870000e+01 3.878509e+02 1.731848e+02
    endloop
  endfacet
  facet normal 0.000000e+00 0.000000e+00 -1.000000e+00
    outer loop
      vertex   -8.870000e+01 3.878509e+02 1.731848e+02
      vertex   -9.453246e+01 3.813626e+02 1.731848e+02
      vertex   -9.445933e+01 3.815683e+02 1.731848e+02
    endloop
  endfacet
  facet normal 0.000000e+00 0.000000e+00 -1.000000e+00
    outer loop
      vertex   -8.870000e+01 3.878509e+02 1.731848e+02
      vertex   -9.445933e+01 3.815683e+02 1.731848e+02
      vertex   -9.441490e+01 3.817821e+02 1.731848e+02
    endloop
  endfacet
  facet normal 0.000000e+00 0.000000e+00 -1.000000e+00
    outer loop
      vertex   -9.441490e+01 3.817821e+02 1.731848e+02
      vertex   -9.440000e+01 3.820000e+02 1.731848e+02
      vertex   -8.870000e+01 3.878509e+02 1.731848e+02
    endloop
  endfacet
  facet normal 0.000000e+00 0.000000e+00 -1.000000e+00
    outer loop
      vertex   -8.870000e+01 3.878509e+02 1.731848e+02
      vertex   -9.440000e+01 3.820000e+02 1.731848e+02
      vertex   -9.440000e+01 3.840000e+02 1.731848e+02
    endloop
  endfacet
  facet normal 0.000000e+00 0.000000e+00 -1.000000e+00
    outer loop
      vertex   -8.870000e+01 3.878509e+02 1.731848e+02
      vertex   -9.440000e+01 3.840000e+02 1.731848e+02
      vertex   -9.441490e+01 3.842179e+02 1.731848e+02
    endloop
  endfacet
  facet normal 0.000000e+00 0.000000e+00 -1.000000e+00
    outer loop
      vertex   -9.441490e+01 3.842179e+02 1.731848e+02
      vertex   -9.445933e+01 3.844317e+02 1.731848e+02
      vertex   -8.870000e+01 3.878509e+02 1.731848e+02
    endloop
  endfacet
  facet normal 0.000000e+00 0.000000e+00 -1.000000e+00
    outer loop
      vertex   -8.870000e+01 3.878509e+02 1.731848e+02
      vertex   -9.445933e+01 3.844317e+02 1.731848e+02
      vertex   -9.453246e+01 3.846374e+02 1.731848e+02
    endloop
  endfacet
  facet normal 0.000000e+00 0.000000e+00 -1.000000e+00
    outer loop
      vertex   -8.870000e+01 3.878509e+02 1.731848e+02
      vertex   -9.453246e+01 3.846374e+02 1.731848e+02
      vertex   -9.463293e+01 3.848313e+02 1.731848e+02
    endloop
  endfacet
  facet normal 0.000000e+00 0.000000e+00 -1.000000e+00
    outer loop
      vertex   -9.463293e+01 3.848313e+02 1.731848e+02
      vertex   -9.475886e+01 3.850097e+02 1.731848e+02
      vertex   -8.870000e+01 3.878509e+02 1.731848e+02
    endloop
  endfacet
  facet normal 0.000000e+00 0.000000e+00 -1.000000e+00
    outer loop
      vertex   -8.870000e+01 3.878509e+02 1.731848e+02
      vertex   -9.475886e+01 3.850097e+02 1.731848e+02
      vertex   -9.490792e+01 3.851693e+02 1.731848e+02
    endloop
  endfacet
  facet normal 0.000000e+00 0.000000e+00 -1.000000e+00
    outer loop
      vertex   -8.870000e+01 3.878509e+02 1.731848e+02
      vertex   -9.490792e+01 3.851693e+02 1.731848e+02
      vertex   -9.507731e+01 3.853072e+02 1.731848e+02
    endloop
  endfacet
  facet normal 0.000000e+00 0.000000e+00 -1.000000e+00
    outer loop
      vertex   -9.507731e+01 3.853072e+02 1.731848e+02
      vertex   -9.526390e+01 3.854206e+02 1.731848e+02
      vertex   -8.870000e+01 3.878509e+02 1.731848e+02
    endloop
  endfacet
  facet normal 0.000000e+00 0.000000e+00 -1.000000e+00
    outer loop
      vertex   -8.870000e+01 3.878509e+02 1.731848e+02
      vertex   -9.526390e+01 3.854206e+02 1.731848e+02
      vertex   -9.546419e+01 3.855076e+02 1.731848e+02
    endloop
  endfacet
  facet normal 0.000000e+00 0.000000e+00 -1.000000e+00
    outer loop
      vertex   -8.870000e+01 3.878509e+02 1.731848e+02
      vertex   -9.546419e+01 3.855076e+02 1.731848e+02
      vertex   -9.567447e+01 3.855665e+02 1.731848e+02
    endloop
  endfacet
  facet normal 0.000000e+00 0.000000e+00 -1.000000e+00
    outer loop
      vertex   -9.567447e+01 3.855665e+02 1.731848e+02
      vertex   -9.589081e+01 3.855963e+02 1.731848e+02
      vertex   -8.870000e+01 3.878509e+02 1.731848e+02
    endloop
  endfacet
  facet normal 0.000000e+00 0.000000e+00 -1.000000e+00
    outer loop
      vertex   -8.870000e+01 3.878509e+02 1.731848e+02
      vertex   -9.589081e+01 3.855963e+02 1.731848e+02
      vertex   -9.610919e+01 3.855963e+02 1.731848e+02
    endloop
  endfacet
  facet normal 0.000000e+00 0.000000e+00 -1.000000e+00
    outer loop
      vertex   -8.870000e+01 3.878509e+02 1.731848e+02
      vertex   -9.610919e+01 3.855963e+02 1.731848e+02
      vertex   -1.075392e+02 3.878509e+02 1.731848e+02
    endloop
  endfacet
  facet normal 0.000000e+00 0.000000e+00 -1.000000e+00
    outer loop
      vertex   -1.075392e+02 3.878509e+02 1.731848e+02
      vertex   -9.610919e+01 3.855963e+02 1.731848e+02
      vertex   -9.632553e+01 3.855665e+02 1.731848e+02
    endloop
  endfacet
  facet normal -0.000000e+00 0.000000e+00 -1.000000e+00
    outer loop
      vertex   -1.259855e+02 3.830940e+02 1.731848e+02
      vertex   -1.353354e+02 3.825782e+02 1.731848e+02
      vertex   -1.262337e+02 3.831094e+02 1.731848e+02
    endloop
  endfacet
  facet normal 0.000000e+00 0.000000e+00 -1.000000e+00
    outer loop
      vertex   -1.262337e+02 3.831094e+02 1.731848e+02
      vertex   -1.353354e+02 3.825782e+02 1.731848e+02
      vertex   -1.350921e+02 3.826406e+02 1.731848e+02
    endloop
  endfacet
  facet normal -0.000000e+00 0.000000e+00 -1.000000e+00
    outer loop
      vertex   -1.262337e+02 3.831094e+02 1.731848e+02
      vertex   -1.350921e+02 3.826406e+02 1.731848e+02
      vertex   -1.264781e+02 3.831556e+02 1.731848e+02
    endloop
  endfacet
  facet normal 0.000000e+00 0.000000e+00 -1.000000e+00
    outer loop
      vertex   -1.264781e+02 3.831556e+02 1.731848e+02
      vertex   -1.350921e+02 3.826406e+02 1.731848e+02
      vertex   -1.348586e+02 3.827331e+02 1.731848e+02
    endloop
  endfacet
  facet normal -0.000000e+00 0.000000e+00 -1.000000e+00
    outer loop
      vertex   -1.264781e+02 3.831556e+02 1.731848e+02
      vertex   -1.348586e+02 3.827331e+02 1.731848e+02
      vertex   -1.267149e+02 3.832317e+02 1.731848e+02
    endloop
  endfacet
  facet normal 0.000000e+00 0.000000e+00 -1.000000e+00
    outer loop
      vertex   -1.267149e+02 3.832317e+02 1.731848e+02
      vertex   -1.348586e+02 3.827331e+02 1.731848e+02
      vertex   -1.346385e+02 3.828541e+02 1.731848e+02
    endloop
  endfacet
  facet normal 0.000000e+00 0.000000e+00 -1.000000e+00
    outer loop
      vertex   -1.267149e+02 3.832317e+02 1.731848e+02
      vertex   -1.346385e+02 3.828541e+02 1.731848e+02
      vertex   -1.344353e+02 3.830017e+02 1.731848e+02
    endloop
  endfacet
  facet normal -0.000000e+00 0.000000e+00 -1.000000e+00
    outer loop
      vertex   -1.267149e+02 3.832317e+02 1.731848e+02
      vertex   -1.344353e+02 3.830017e+02 1.731848e+02
      vertex   -1.269404e+02 3.833366e+02 1.731848e+02
    endloop
  endfacet
  facet normal 0.000000e+00 0.000000e+00 -1.000000e+00
    outer loop
      vertex   -1.269404e+02 3.833366e+02 1.731848e+02
      vertex   -1.344353e+02 3.830017e+02 1.731848e+02
      vertex   -1.342522e+02 3.831736e+02 1.731848e+02
    endloop
  endfacet
  facet normal -0.000000e+00 0.000000e+00 -1.000000e+00
    outer loop
      vertex   -1.269404e+02 3.833366e+02 1.731848e+02
      vertex   -1.342522e+02 3.831736e+02 1.731848e+02
      vertex   -1.271511e+02 3.834687e+02 1.731848e+02
    endloop
  endfacet
  facet normal 0.000000e+00 0.000000e+00 -1.000000e+00
    outer loop
      vertex   -1.271511e+02 3.834687e+02 1.731848e+02
      vertex   -1.342522e+02 3.831736e+02 1.731848e+02
      vertex   -1.340921e+02 3.833672e+02 1.731848e+02
    endloop
  endfacet
  facet normal -0.000000e+00 0.000000e+00 -1.000000e+00
    outer loop
      vertex   -1.271511e+02 3.834687e+02 1.731848e+02
      vertex   -1.340921e+02 3.833672e+02 1.731848e+02
      vertex   -1.273438e+02 3.836260e+02 1.731848e+02
    endloop
  endfacet
  facet normal 0.000000e+00 0.000000e+00 -1.000000e+00
    outer loop
      vertex   -1.273438e+02 3.836260e+02 1.731848e+02
      vertex   -1.340921e+02 3.833672e+02 1.731848e+02
      vertex   -1.339575e+02 3.835792e+02 1.731848e+02
    endloop
  endfacet
  facet normal -0.000000e+00 0.000000e+00 -1.000000e+00
    outer loop
      vertex   -1.273438e+02 3.836260e+02 1.731848e+02
      vertex   -1.339575e+02 3.835792e+02 1.731848e+02
      vertex   -1.275155e+02 3.838059e+02 1.731848e+02
    endloop
  endfacet
  facet normal -0.000000e+00 0.000000e+00 -1.000000e+00
    outer loop
      vertex   -1.275155e+02 3.838059e+02 1.731848e+02
      vertex   -1.339575e+02 3.835792e+02 1.731848e+02
      vertex   -1.338506e+02 3.838065e+02 1.731848e+02
    endloop
  endfacet
  facet normal 0.000000e+00 0.000000e+00 -1.000000e+00
    outer loop
      vertex   -1.275155e+02 3.838059e+02 1.731848e+02
      vertex   -1.338506e+02 3.838065e+02 1.731848e+02
      vertex   -1.276635e+02 3.840058e+02 1.731848e+02
    endloop
  endfacet
  facet normal -0.000000e+00 0.000000e+00 -1.000000e+00
    outer loop
      vertex   -1.276635e+02 3.840058e+02 1.731848e+02
      vertex   -1.338506e+02 3.838065e+02 1.731848e+02
      vertex   -1.337730e+02 3.840454e+02 1.731848e+02
    endloop
  endfacet
  facet normal 0.000000e+00 0.000000e+00 -1.000000e+00
    outer loop
      vertex   -1.276635e+02 3.840058e+02 1.731848e+02
      vertex   -1.337730e+02 3.840454e+02 1.731848e+02
      vertex   -1.277856e+02 3.842224e+02 1.731848e+02
    endloop
  endfacet
  facet normal -0.000000e+00 0.000000e+00 -1.000000e+00
    outer loop
      vertex   -1.277856e+02 3.842224e+02 1.731848e+02
      vertex   -1.337730e+02 3.840454e+02 1.731848e+02
      vertex   -1.337259e+02 3.842921e+02 1.731848e+02
    endloop
  endfacet
  facet normal 0.000000e+00 0.000000e+00 -1.000000e+00
    outer loop
      vertex   -1.277856e+02 3.842224e+02 1.731848e+02
      vertex   -1.337259e+02 3.842921e+02 1.731848e+02
      vertex   -1.278799e+02 3.844526e+02 1.731848e+02
    endloop
  endfacet
  facet normal -0.000000e+00 0.000000e+00 -1.000000e+00
    outer loop
      vertex   -1.278799e+02 3.844526e+02 1.731848e+02
      vertex   -1.337259e+02 3.842921e+02 1.731848e+02
      vertex   -1.337101e+02 3.845427e+02 1.731848e+02
    endloop
  endfacet
  facet normal 0.000000e+00 0.000000e+00 -1.000000e+00
    outer loop
      vertex   -1.278799e+02 3.844526e+02 1.731848e+02
      vertex   -1.337101e+02 3.845427e+02 1.731848e+02
      vertex   -1.279924e+02 3.847442e+02 1.731848e+02
    endloop
  endfacet
  facet normal -0.000000e+00 0.000000e+00 -1.000000e+00
    outer loop
      vertex   -1.279924e+02 3.847442e+02 1.731848e+02
      vertex   -1.337101e+02 3.845427e+02 1.731848e+02
      vertex   -1.337259e+02 3.847934e+02 1.731848e+02
    endloop
  endfacet
  facet normal 0.000000e+00 0.000000e+00 -1.000000e+00
    outer loop
      vertex   -1.279924e+02 3.847442e+02 1.731848e+02
      vertex   -1.337259e+02 3.847934e+02 1.731848e+02
      vertex   -1.281288e+02 3.850255e+02 1.731848e+02
    endloop
  endfacet
  facet normal -0.000000e+00 0.000000e+00 -1.000000e+00
    outer loop
      vertex   -1.281288e+02 3.850255e+02 1.731848e+02
      vertex   -1.337259e+02 3.847934e+02 1.731848e+02
      vertex   -1.282881e+02 3.852944e+02 1.731848e+02
    endloop
  endfacet
  facet normal 0.000000e+00 0.000000e+00 -1.000000e+00
    outer loop
      vertex   -1.282881e+02 3.852944e+02 1.731848e+02
      vertex   -1.337259e+02 3.847934e+02 1.731848e+02
      vertex   -1.337730e+02 3.850401e+02 1.731848e+02
    endloop
  endfacet
  facet normal -0.000000e+00 0.000000e+00 -1.000000e+00
    outer loop
      vertex   -1.282881e+02 3.852944e+02 1.731848e+02
      vertex   -1.337730e+02 3.850401e+02 1.731848e+02
      vertex   -1.284693e+02 3.855491e+02 1.731848e+02
    endloop
  endfacet
  facet normal 0.000000e+00 0.000000e+00 -1.000000e+00
    outer loop
      vertex   -1.284693e+02 3.855491e+02 1.731848e+02
      vertex   -1.337730e+02 3.850401e+02 1.731848e+02
      vertex   -1.338506e+02 3.852790e+02 1.731848e+02
    endloop
  endfacet
  facet normal 0.000000e+00 0.000000e+00 -1.000000e+00
    outer loop
      vertex   -1.132337e+02 3.831094e+02 1.731848e+02
      vertex   -1.257373e+02 3.831094e+02 1.731848e+02
      vertex   -1.134781e+02 3.831556e+02 1.731848e+02
    endloop
  endfacet
  facet normal -0.000000e+00 0.000000e+00 -1.000000e+00
    outer loop
      vertex   -1.134781e+02 3.831556e+02 1.731848e+02
      vertex   -1.257373e+02 3.831094e+02 1.731848e+02
      vertex   -1.254929e+02 3.831556e+02 1.731848e+02
    endloop
  endfacet
  facet normal 0.000000e+00 0.000000e+00 -1.000000e+00
    outer loop
      vertex   -1.134781e+02 3.831556e+02 1.731848e+02
      vertex   -1.254929e+02 3.831556e+02 1.731848e+02
      vertex   -1.137149e+02 3.832317e+02 1.731848e+02
    endloop
  endfacet
  facet normal -0.000000e+00 0.000000e+00 -1.000000e+00
    outer loop
      vertex   -1.137149e+02 3.832317e+02 1.731848e+02
      vertex   -1.254929e+02 3.831556e+02 1.731848e+02
      vertex   -1.252561e+02 3.832317e+02 1.731848e+02
    endloop
  endfacet
  facet normal 0.000000e+00 0.000000e+00 -1.000000e+00
    outer loop
      vertex   -1.137149e+02 3.832317e+02 1.731848e+02
      vertex   -1.252561e+02 3.832317e+02 1.731848e+02
      vertex   -1.139404e+02 3.833366e+02 1.731848e+02
    endloop
  endfacet
  facet normal -0.000000e+00 0.000000e+00 -1.000000e+00
    outer loop
      vertex   -1.139404e+02 3.833366e+02 1.731848e+02
      vertex   -1.252561e+02 3.832317e+02 1.731848e+02
      vertex   -1.250306e+02 3.833366e+02 1.731848e+02
    endloop
  endfacet
  facet normal 0.000000e+00 0.000000e+00 -1.000000e+00
    outer loop
      vertex   -1.139404e+02 3.833366e+02 1.731848e+02
      vertex   -1.250306e+02 3.833366e+02 1.731848e+02
      vertex   -1.141511e+02 3.834687e+02 1.731848e+02
    endloop
  endfacet
  facet normal -0.000000e+00 0.000000e+00 -1.000000e+00
    outer loop
      vertex   -1.141511e+02 3.834687e+02 1.731848e+02
      vertex   -1.250306e+02 3.833366e+02 1.731848e+02
      vertex   -1.248199e+02 3.834687e+02 1.731848e+02
    endloop
  endfacet
  facet normal 0.000000e+00 0.000000e+00 -1.000000e+00
    outer loop
      vertex   -1.141511e+02 3.834687e+02 1.731848e+02
      vertex   -1.248199e+02 3.834687e+02 1.731848e+02
      vertex   -1.143438e+02 3.836260e+02 1.731848e+02
    endloop
  endfacet
  facet normal -0.000000e+00 0.000000e+00 -1.000000e+00
    outer loop
      vertex   -1.143438e+02 3.836260e+02 1.731848e+02
      vertex   -1.248199e+02 3.834687e+02 1.731848e+02
      vertex   -1.246272e+02 3.836260e+02 1.731848e+02
    endloop
  endfacet
  facet normal 0.000000e+00 0.000000e+00 -1.000000e+00
    outer loop
      vertex   -1.143438e+02 3.836260e+02 1.731848e+02
      vertex   -1.246272e+02 3.836260e+02 1.731848e+02
      vertex   -1.145155e+02 3.838059e+02 1.731848e+02
    endloop
  endfacet
  facet normal -0.000000e+00 0.000000e+00 -1.000000e+00
    outer loop
      vertex   -1.145155e+02 3.838059e+02 1.731848e+02
      vertex   -1.246272e+02 3.836260e+02 1.731848e+02
      vertex   -1.244555e+02 3.838059e+02 1.731848e+02
    endloop
  endfacet
  facet normal 0.000000e+00 0.000000e+00 -1.000000e+00
    outer loop
      vertex   -1.145155e+02 3.838059e+02 1.731848e+02
      vertex   -1.244555e+02 3.838059e+02 1.731848e+02
      vertex   -1.146635e+02 3.840058e+02 1.731848e+02
    endloop
  endfacet
  facet normal -0.000000e+00 0.000000e+00 -1.000000e+00
    outer loop
      vertex   -1.146635e+02 3.840058e+02 1.731848e+02
      vertex   -1.244555e+02 3.838059e+02 1.731848e+02
      vertex   -1.243075e+02 3.840058e+02 1.731848e+02
    endloop
  endfacet
  facet normal 0.000000e+00 0.000000e+00 -1.000000e+00
    outer loop
      vertex   -1.146635e+02 3.840058e+02 1.731848e+02
      vertex   -1.243075e+02 3.840058e+02 1.731848e+02
      vertex   -1.147856e+02 3.842224e+02 1.731848e+02
    endloop
  endfacet
  facet normal -0.000000e+00 0.000000e+00 -1.000000e+00
    outer loop
      vertex   -1.147856e+02 3.842224e+02 1.731848e+02
      vertex   -1.243075e+02 3.840058e+02 1.731848e+02
      vertex   -1.241854e+02 3.842224e+02 1.731848e+02
    endloop
  endfacet
  facet normal 0.000000e+00 0.000000e+00 -1.000000e+00
    outer loop
      vertex   -1.147856e+02 3.842224e+02 1.731848e+02
      vertex   -1.241854e+02 3.842224e+02 1.731848e+02
      vertex   -1.148799e+02 3.844526e+02 1.731848e+02
    endloop
  endfacet
  facet normal -0.000000e+00 0.000000e+00 -1.000000e+00
    outer loop
      vertex   -1.148799e+02 3.844526e+02 1.731848e+02
      vertex   -1.241854e+02 3.842224e+02 1.731848e+02
      vertex   -1.240911e+02 3.844526e+02 1.731848e+02
    endloop
  endfacet
  facet normal 0.000000e+00 0.000000e+00 -1.000000e+00
    outer loop
      vertex   -1.148799e+02 3.844526e+02 1.731848e+02
      vertex   -1.240911e+02 3.844526e+02 1.731848e+02
      vertex   -1.150006e+02 3.847631e+02 1.731848e+02
    endloop
  endfacet
  facet normal -0.000000e+00 0.000000e+00 -1.000000e+00
    outer loop
      vertex   -1.150006e+02 3.847631e+02 1.731848e+02
      vertex   -1.240911e+02 3.844526e+02 1.731848e+02
      vertex   -1.239704e+02 3.847631e+02 1.731848e+02
    endloop
  endfacet
  facet normal 0.000000e+00 0.000000e+00 -1.000000e+00
    outer loop
      vertex   -1.150006e+02 3.847631e+02 1.731848e+02
      vertex   -1.239704e+02 3.847631e+02 1.731848e+02
      vertex   -1.151485e+02 3.850617e+02 1.731848e+02
    endloop
  endfacet
  facet normal -0.000000e+00 0.000000e+00 -1.000000e+00
    outer loop
      vertex   -1.151485e+02 3.850617e+02 1.731848e+02
      vertex   -1.239704e+02 3.847631e+02 1.731848e+02
      vertex   -1.238225e+02 3.850617e+02 1.731848e+02
    endloop
  endfacet
  facet normal 0.000000e+00 0.000000e+00 -1.000000e+00
    outer loop
      vertex   -1.151485e+02 3.850617e+02 1.731848e+02
      vertex   -1.238225e+02 3.850617e+02 1.731848e+02
      vertex   -1.153223e+02 3.853460e+02 1.731848e+02
    endloop
  endfacet
  facet normal -0.000000e+00 0.000000e+00 -1.000000e+00
    outer loop
      vertex   -1.153223e+02 3.853460e+02 1.731848e+02
      vertex   -1.238225e+02 3.850617e+02 1.731848e+02
      vertex   -1.236487e+02 3.853460e+02 1.731848e+02
    endloop
  endfacet
  facet normal 0.000000e+00 0.000000e+00 -1.000000e+00
    outer loop
      vertex   -1.153223e+02 3.853460e+02 1.731848e+02
      vertex   -1.236487e+02 3.853460e+02 1.731848e+02
      vertex   -1.155206e+02 3.856138e+02 1.731848e+02
    endloop
  endfacet
  facet normal -0.000000e+00 0.000000e+00 -1.000000e+00
    outer loop
      vertex   -1.155206e+02 3.856138e+02 1.731848e+02
      vertex   -1.236487e+02 3.853460e+02 1.731848e+02
      vertex   -1.234504e+02 3.856138e+02 1.731848e+02
    endloop
  endfacet
  facet normal 0.000000e+00 0.000000e+00 -1.000000e+00
    outer loop
      vertex   -1.155206e+02 3.856138e+02 1.731848e+02
      vertex   -1.234504e+02 3.856138e+02 1.731848e+02
      vertex   -1.157419e+02 3.858628e+02 1.731848e+02
    endloop
  endfacet
  facet normal -0.000000e+00 0.000000e+00 -1.000000e+00
    outer loop
      vertex   -1.157419e+02 3.858628e+02 1.731848e+02
      vertex   -1.234504e+02 3.856138e+02 1.731848e+02
      vertex   -1.232291e+02 3.858628e+02 1.731848e+02
    endloop
  endfacet
  facet normal 0.000000e+00 0.000000e+00 -1.000000e+00
    outer loop
      vertex   -1.157419e+02 3.858628e+02 1.731848e+02
      vertex   -1.232291e+02 3.858628e+02 1.731848e+02
      vertex   -1.159844e+02 3.860913e+02 1.731848e+02
    endloop
  endfacet
  facet normal -0.000000e+00 0.000000e+00 -1.000000e+00
    outer loop
      vertex   -1.159844e+02 3.860913e+02 1.731848e+02
      vertex   -1.232291e+02 3.858628e+02 1.731848e+02
      vertex   -1.229866e+02 3.860913e+02 1.731848e+02
    endloop
  endfacet
  facet normal 0.000000e+00 0.000000e+00 -1.000000e+00
    outer loop
      vertex   -1.159844e+02 3.860913e+02 1.731848e+02
      vertex   -1.229866e+02 3.860913e+02 1.731848e+02
      vertex   -1.162463e+02 3.862973e+02 1.731848e+02
    endloop
  endfacet
  facet normal -0.000000e+00 0.000000e+00 -1.000000e+00
    outer loop
      vertex   -1.162463e+02 3.862973e+02 1.731848e+02
      vertex   -1.229866e+02 3.860913e+02 1.731848e+02
      vertex   -1.227247e+02 3.862973e+02 1.731848e+02
    endloop
  endfacet
  facet normal 0.000000e+00 0.000000e+00 -1.000000e+00
    outer loop
      vertex   -1.162463e+02 3.862973e+02 1.731848e+02
      vertex   -1.227247e+02 3.862973e+02 1.731848e+02
      vertex   -1.165254e+02 3.864793e+02 1.731848e+02
    endloop
  endfacet
  facet normal -0.000000e+00 0.000000e+00 -1.000000e+00
    outer loop
      vertex   -1.165254e+02 3.864793e+02 1.731848e+02
      vertex   -1.227247e+02 3.862973e+02 1.731848e+02
      vertex   -1.224456e+02 3.864793e+02 1.731848e+02
    endloop
  endfacet
  facet normal 0.000000e+00 0.000000e+00 -1.000000e+00
    outer loop
      vertex   -1.165254e+02 3.864793e+02 1.731848e+02
      vertex   -1.224456e+02 3.864793e+02 1.731848e+02
      vertex   -1.184318e+02 3.870000e+02 1.731848e+02
    endloop
  endfacet
  facet normal -0.000000e+00 0.000000e+00 -1.000000e+00
    outer loop
      vertex   -1.184318e+02 3.870000e+02 1.731848e+02
      vertex   -1.224456e+02 3.864793e+02 1.731848e+02
      vertex   -1.205392e+02 3.870000e+02 1.731848e+02
    endloop
  endfacet
  facet normal 0.000000e+00 0.000000e+00 -1.000000e+00
    outer loop
      vertex   -1.205392e+02 3.870000e+02 1.731848e+02
      vertex   -1.224456e+02 3.864793e+02 1.731848e+02
      vertex   -1.221514e+02 3.866358e+02 1.731848e+02
    endloop
  endfacet
  facet normal 0.000000e+00 0.000000e+00 -1.000000e+00
    outer loop
      vertex   -1.205392e+02 3.870000e+02 1.731848e+02
      vertex   -1.221514e+02 3.866358e+02 1.731848e+02
      vertex   -1.218445e+02 3.867655e+02 1.731848e+02
    endloop
  endfacet
  facet normal 0.000000e+00 0.000000e+00 -1.000000e+00
    outer loop
      vertex   -1.218445e+02 3.867655e+02 1.731848e+02
      vertex   -1.215273e+02 3.868675e+02 1.731848e+02
      vertex   -1.205392e+02 3.870000e+02 1.731848e+02
    endloop
  endfacet
  facet normal 0.000000e+00 0.000000e+00 -1.000000e+00
    outer loop
      vertex   -1.205392e+02 3.870000e+02 1.731848e+02
      vertex   -1.215273e+02 3.868675e+02 1.731848e+02
      vertex   -1.212023e+02 3.869409e+02 1.731848e+02
    endloop
  endfacet
  facet normal 0.000000e+00 0.000000e+00 -1.000000e+00
    outer loop
      vertex   -1.205392e+02 3.870000e+02 1.731848e+02
      vertex   -1.212023e+02 3.869409e+02 1.731848e+02
      vertex   -1.208721e+02 3.869852e+02 1.731848e+02
    endloop
  endfacet
  facet normal -0.000000e+00 -0.000000e+00 -1.000000e+00
    outer loop
      vertex   -1.180989e+02 3.869852e+02 1.731848e+02
      vertex   -1.177687e+02 3.869409e+02 1.731848e+02
      vertex   -1.184318e+02 3.870000e+02 1.731848e+02
    endloop
  endfacet
  facet normal 0.000000e+00 0.000000e+00 -1.000000e+00
    outer loop
      vertex   -1.184318e+02 3.870000e+02 1.731848e+02
      vertex   -1.177687e+02 3.869409e+02 1.731848e+02
      vertex   -1.174437e+02 3.868675e+02 1.731848e+02
    endloop
  endfacet
  facet normal 0.000000e+00 0.000000e+00 -1.000000e+00
    outer loop
      vertex   -1.184318e+02 3.870000e+02 1.731848e+02
      vertex   -1.174437e+02 3.868675e+02 1.731848e+02
      vertex   -1.171265e+02 3.867655e+02 1.731848e+02
    endloop
  endfacet
  facet normal -0.000000e+00 -0.000000e+00 -1.000000e+00
    outer loop
      vertex   -1.171265e+02 3.867655e+02 1.731848e+02
      vertex   -1.168196e+02 3.866358e+02 1.731848e+02
      vertex   -1.184318e+02 3.870000e+02 1.731848e+02
    endloop
  endfacet
  facet normal 0.000000e+00 0.000000e+00 -1.000000e+00
    outer loop
      vertex   -1.184318e+02 3.870000e+02 1.731848e+02
      vertex   -1.168196e+02 3.866358e+02 1.731848e+02
      vertex   -1.165254e+02 3.864793e+02 1.731848e+02
    endloop
  endfacet
  facet normal 0.000000e+00 0.000000e+00 -1.000000e+00
    outer loop
      vertex   -1.120306e+02 3.833366e+02 1.731848e+02
      vertex   -1.118199e+02 3.834687e+02 1.731848e+02
      vertex   -1.051000e+02 3.820000e+02 1.731848e+02
    endloop
  endfacet
  facet normal 0.000000e+00 0.000000e+00 -1.000000e+00
    outer loop
      vertex   -1.051000e+02 3.820000e+02 1.731848e+02
      vertex   -1.118199e+02 3.834687e+02 1.731848e+02
      vertex   -1.116272e+02 3.836260e+02 1.731848e+02
    endloop
  endfacet
  facet normal 0.000000e+00 0.000000e+00 -1.000000e+00
    outer loop
      vertex   -1.113353e+02 3.849802e+02 2.223126e+02
      vertex   -1.113192e+02 3.852098e+02 2.223126e+02
      vertex   -1.086460e+02 3.870000e+02 2.223126e+02
    endloop
  endfacet
  facet normal 0.000000e+00 0.000000e+00 -1.000000e+00
    outer loop
      vertex   -1.086460e+02 3.870000e+02 2.223126e+02
      vertex   -1.113192e+02 3.852098e+02 2.223126e+02
      vertex   -1.113353e+02 3.854394e+02 2.223126e+02
    endloop
  endfacet
  facet normal 0.000000e+00 0.000000e+00 -1.000000e+00
    outer loop
      vertex   -1.086460e+02 3.870000e+02 2.223126e+02
      vertex   -1.113353e+02 3.854394e+02 2.223126e+02
      vertex   -1.113831e+02 3.856646e+02 2.223126e+02
    endloop
  endfacet
  facet normal 0.000000e+00 0.000000e+00 -1.000000e+00
    outer loop
      vertex   -1.113831e+02 3.856646e+02 2.223126e+02
      vertex   -1.114619e+02 3.858809e+02 2.223126e+02
      vertex   -1.086460e+02 3.870000e+02 2.223126e+02
    endloop
  endfacet
  facet normal 0.000000e+00 0.000000e+00 -1.000000e+00
    outer loop
      vertex   -1.086460e+02 3.870000e+02 2.223126e+02
      vertex   -1.114619e+02 3.858809e+02 2.223126e+02
      vertex   -1.115699e+02 3.860842e+02 2.223126e+02
    endloop
  endfacet
  facet normal 0.000000e+00 0.000000e+00 -1.000000e+00
    outer loop
      vertex   -1.086460e+02 3.870000e+02 2.223126e+02
      vertex   -1.115699e+02 3.860842e+02 2.223126e+02
      vertex   -1.117052e+02 3.862704e+02 2.223126e+02
    endloop
  endfacet
  facet normal 0.000000e+00 0.000000e+00 -1.000000e+00
    outer loop
      vertex   -1.117052e+02 3.862704e+02 2.223126e+02
      vertex   -1.118652e+02 3.864360e+02 2.223126e+02
      vertex   -1.086460e+02 3.870000e+02 2.223126e+02
    endloop
  endfacet
  facet normal 0.000000e+00 0.000000e+00 -1.000000e+00
    outer loop
      vertex   -1.086460e+02 3.870000e+02 2.223126e+02
      vertex   -1.118652e+02 3.864360e+02 2.223126e+02
      vertex   -1.120466e+02 3.865777e+02 2.223126e+02
    endloop
  endfacet
  facet normal 0.000000e+00 0.000000e+00 -1.000000e+00
    outer loop
      vertex   -1.086460e+02 3.870000e+02 2.223126e+02
      vertex   -1.120466e+02 3.865777e+02 2.223126e+02
      vertex   -1.122459e+02 3.866928e+02 2.223126e+02
    endloop
  endfacet
  facet normal 0.000000e+00 0.000000e+00 -1.000000e+00
    outer loop
      vertex   -1.122459e+02 3.866928e+02 2.223126e+02
      vertex   -1.124593e+02 3.867790e+02 2.223126e+02
      vertex   -1.086460e+02 3.870000e+02 2.223126e+02
    endloop
  endfacet
  facet normal 0.000000e+00 0.000000e+00 -1.000000e+00
    outer loop
      vertex   -1.086460e+02 3.870000e+02 2.223126e+02
      vertex   -1.124593e+02 3.867790e+02 2.223126e+02
      vertex   -1.126827e+02 3.868347e+02 2.223126e+02
    endloop
  endfacet
  facet normal 0.000000e+00 0.000000e+00 -1.000000e+00
    outer loop
      vertex   -1.086460e+02 3.870000e+02 2.223126e+02
      vertex   -1.126827e+02 3.868347e+02 2.223126e+02
      vertex   -1.129116e+02 3.868588e+02 2.223126e+02
    endloop
  endfacet
  facet normal -0.000000e+00 0.000000e+00 -1.000000e+00
    outer loop
      vertex   -1.086460e+02 3.870000e+02 2.223126e+02
      vertex   -1.129116e+02 3.868588e+02 2.223126e+02
      vertex   -1.071460e+02 3.908902e+02 2.223126e+02
    endloop
  endfacet
  facet normal 0.000000e+00 0.000000e+00 -1.000000e+00
    outer loop
      vertex   -1.071460e+02 3.908902e+02 2.223126e+02
      vertex   -1.129116e+02 3.868588e+02 2.223126e+02
      vertex   -1.131417e+02 3.868508e+02 2.223126e+02
    endloop
  endfacet
  facet normal 0.000000e+00 0.000000e+00 -1.000000e+00
    outer loop
      vertex   -1.071460e+02 3.908902e+02 2.223126e+02
      vertex   -1.131417e+02 3.868508e+02 2.223126e+02
      vertex   -1.256827e+02 3.868347e+02 2.223126e+02
    endloop
  endfacet
  facet normal 0.000000e+00 0.000000e+00 -1.000000e+00
    outer loop
      vertex   -1.256827e+02 3.868347e+02 2.223126e+02
      vertex   -1.131417e+02 3.868508e+02 2.223126e+02
      vertex   -1.133684e+02 3.868108e+02 2.223126e+02
    endloop
  endfacet
  facet normal 0.000000e+00 0.000000e+00 -1.000000e+00
    outer loop
      vertex   -1.256827e+02 3.868347e+02 2.223126e+02
      vertex   -1.133684e+02 3.868108e+02 2.223126e+02
      vertex   -1.254593e+02 3.867790e+02 2.223126e+02
    endloop
  endfacet
  facet normal 0.000000e+00 0.000000e+00 -1.000000e+00
    outer loop
      vertex   -1.254593e+02 3.867790e+02 2.223126e+02
      vertex   -1.133684e+02 3.868108e+02 2.223126e+02
      vertex   -1.135873e+02 3.867397e+02 2.223126e+02
    endloop
  endfacet
  facet normal 0.000000e+00 0.000000e+00 -1.000000e+00
    outer loop
      vertex   -1.254593e+02 3.867790e+02 2.223126e+02
      vertex   -1.135873e+02 3.867397e+02 2.223126e+02
      vertex   -1.252459e+02 3.866928e+02 2.223126e+02
    endloop
  endfacet
  facet normal 0.000000e+00 0.000000e+00 -1.000000e+00
    outer loop
      vertex   -1.252459e+02 3.866928e+02 2.223126e+02
      vertex   -1.135873e+02 3.867397e+02 2.223126e+02
      vertex   -1.137942e+02 3.866387e+02 2.223126e+02
    endloop
  endfacet
  facet normal 0.000000e+00 0.000000e+00 -1.000000e+00
    outer loop
      vertex   -1.252459e+02 3.866928e+02 2.223126e+02
      vertex   -1.137942e+02 3.866387e+02 2.223126e+02
      vertex   -1.250466e+02 3.865777e+02 2.223126e+02
    endloop
  endfacet
  facet normal 0.000000e+00 0.000000e+00 -1.000000e+00
    outer loop
      vertex   -1.250466e+02 3.865777e+02 2.223126e+02
      vertex   -1.137942e+02 3.866387e+02 2.223126e+02
      vertex   -1.139851e+02 3.865100e+02 2.223126e+02
    endloop
  endfacet
  facet normal 0.000000e+00 0.000000e+00 -1.000000e+00
    outer loop
      vertex   -1.250466e+02 3.865777e+02 2.223126e+02
      vertex   -1.139851e+02 3.865100e+02 2.223126e+02
      vertex   -1.248652e+02 3.864360e+02 2.223126e+02
    endloop
  endfacet
  facet normal 0.000000e+00 0.000000e+00 -1.000000e+00
    outer loop
      vertex   -1.248652e+02 3.864360e+02 2.223126e+02
      vertex   -1.139851e+02 3.865100e+02 2.223126e+02
      vertex   -1.141561e+02 3.863560e+02 2.223126e+02
    endloop
  endfacet
  facet normal 0.000000e+00 0.000000e+00 -1.000000e+00
    outer loop
      vertex   -1.248652e+02 3.864360e+02 2.223126e+02
      vertex   -1.141561e+02 3.863560e+02 2.223126e+02
      vertex   -1.247052e+02 3.862704e+02 2.223126e+02
    endloop
  endfacet
  facet normal 0.000000e+00 0.000000e+00 -1.000000e+00
    outer loop
      vertex   -1.247052e+02 3.862704e+02 2.223126e+02
      vertex   -1.141561e+02 3.863560e+02 2.223126e+02
      vertex   -1.143041e+02 3.861796e+02 2.223126e+02
    endloop
  endfacet
  facet normal 0.000000e+00 0.000000e+00 -1.000000e+00
    outer loop
      vertex   -1.247052e+02 3.862704e+02 2.223126e+02
      vertex   -1.143041e+02 3.861796e+02 2.223126e+02
      vertex   -1.245699e+02 3.860842e+02 2.223126e+02
    endloop
  endfacet
  facet normal 0.000000e+00 0.000000e+00 -1.000000e+00
    outer loop
      vertex   -1.245699e+02 3.860842e+02 2.223126e+02
      vertex   -1.143041e+02 3.861796e+02 2.223126e+02
      vertex   -1.144261e+02 3.859844e+02 2.223126e+02
    endloop
  endfacet
  facet normal 0.000000e+00 0.000000e+00 -1.000000e+00
    outer loop
      vertex   -1.245699e+02 3.860842e+02 2.223126e+02
      vertex   -1.144261e+02 3.859844e+02 2.223126e+02
      vertex   -1.244619e+02 3.858809e+02 2.223126e+02
    endloop
  endfacet
  facet normal 0.000000e+00 0.000000e+00 -1.000000e+00
    outer loop
      vertex   -1.244619e+02 3.858809e+02 2.223126e+02
      vertex   -1.144261e+02 3.859844e+02 2.223126e+02
      vertex   -1.145197e+02 3.857741e+02 2.223126e+02
    endloop
  endfacet
  facet normal 0.000000e+00 0.000000e+00 -1.000000e+00
    outer loop
      vertex   -1.244619e+02 3.858809e+02 2.223126e+02
      vertex   -1.145197e+02 3.857741e+02 2.223126e+02
      vertex   -1.243831e+02 3.856646e+02 2.223126e+02
    endloop
  endfacet
  facet normal 0.000000e+00 0.000000e+00 -1.000000e+00
    outer loop
      vertex   -1.243831e+02 3.856646e+02 2.223126e+02
      vertex   -1.145197e+02 3.857741e+02 2.223126e+02
      vertex   -1.145832e+02 3.855529e+02 2.223126e+02
    endloop
  endfacet
  facet normal 0.000000e+00 0.000000e+00 -1.000000e+00
    outer loop
      vertex   -1.243831e+02 3.856646e+02 2.223126e+02
      vertex   -1.145832e+02 3.855529e+02 2.223126e+02
      vertex   -1.243353e+02 3.854394e+02 2.223126e+02
    endloop
  endfacet
  facet normal 0.000000e+00 0.000000e+00 -1.000000e+00
    outer loop
      vertex   -1.243353e+02 3.854394e+02 2.223126e+02
      vertex   -1.145832e+02 3.855529e+02 2.223126e+02
      vertex   -1.146152e+02 3.853249e+02 2.223126e+02
    endloop
  endfacet
  facet normal 0.000000e+00 0.000000e+00 -1.000000e+00
    outer loop
      vertex   -1.243353e+02 3.854394e+02 2.223126e+02
      vertex   -1.146152e+02 3.853249e+02 2.223126e+02
      vertex   -1.243192e+02 3.852098e+02 2.223126e+02
    endloop
  endfacet
  facet normal 0.000000e+00 0.000000e+00 -1.000000e+00
    outer loop
      vertex   -1.243192e+02 3.852098e+02 2.223126e+02
      vertex   -1.146152e+02 3.853249e+02 2.223126e+02
      vertex   -1.146152e+02 3.850947e+02 2.223126e+02
    endloop
  endfacet
  facet normal 0.000000e+00 -0.000000e+00 -1.000000e+00
    outer loop
      vertex   -1.243192e+02 3.852098e+02 2.223126e+02
      vertex   -1.146152e+02 3.850947e+02 2.223126e+02
      vertex   -1.243353e+02 3.849802e+02 2.223126e+02
    endloop
  endfacet
  facet normal 0.000000e+00 0.000000e+00 -1.000000e+00
    outer loop
      vertex   -1.243353e+02 3.849802e+02 2.223126e+02
      vertex   -1.146152e+02 3.850947e+02 2.223126e+02
      vertex   -1.145832e+02 3.848667e+02 2.223126e+02
    endloop
  endfacet
  facet normal 0.000000e+00 -0.000000e+00 -1.000000e+00
    outer loop
      vertex   -1.243353e+02 3.849802e+02 2.223126e+02
      vertex   -1.145832e+02 3.848667e+02 2.223126e+02
      vertex   -1.243831e+02 3.847550e+02 2.223126e+02
    endloop
  endfacet
  facet normal 0.000000e+00 0.000000e+00 -1.000000e+00
    outer loop
      vertex   -1.243831e+02 3.847550e+02 2.223126e+02
      vertex   -1.145832e+02 3.848667e+02 2.223126e+02
      vertex   -1.145197e+02 3.846455e+02 2.223126e+02
    endloop
  endfacet
  facet normal 0.000000e+00 -0.000000e+00 -1.000000e+00
    outer loop
      vertex   -1.243831e+02 3.847550e+02 2.223126e+02
      vertex   -1.145197e+02 3.846455e+02 2.223126e+02
      vertex   -1.244619e+02 3.845387e+02 2.223126e+02
    endloop
  endfacet
  facet normal 0.000000e+00 0.000000e+00 -1.000000e+00
    outer loop
      vertex   -1.244619e+02 3.845387e+02 2.223126e+02
      vertex   -1.145197e+02 3.846455e+02 2.223126e+02
      vertex   -1.144261e+02 3.844352e+02 2.223126e+02
    endloop
  endfacet
  facet normal 0.000000e+00 -0.000000e+00 -1.000000e+00
    outer loop
      vertex   -1.244619e+02 3.845387e+02 2.223126e+02
      vertex   -1.144261e+02 3.844352e+02 2.223126e+02
      vertex   -1.245699e+02 3.843354e+02 2.223126e+02
    endloop
  endfacet
  facet normal 0.000000e+00 0.000000e+00 -1.000000e+00
    outer loop
      vertex   -1.245699e+02 3.843354e+02 2.223126e+02
      vertex   -1.144261e+02 3.844352e+02 2.223126e+02
      vertex   -1.143041e+02 3.842400e+02 2.223126e+02
    endloop
  endfacet
  facet normal 0.000000e+00 -0.000000e+00 -1.000000e+00
    outer loop
      vertex   -1.245699e+02 3.843354e+02 2.223126e+02
      vertex   -1.143041e+02 3.842400e+02 2.223126e+02
      vertex   -1.247052e+02 3.841492e+02 2.223126e+02
    endloop
  endfacet
  facet normal 0.000000e+00 0.000000e+00 -1.000000e+00
    outer loop
      vertex   -1.247052e+02 3.841492e+02 2.223126e+02
      vertex   -1.143041e+02 3.842400e+02 2.223126e+02
      vertex   -1.141561e+02 3.840636e+02 2.223126e+02
    endloop
  endfacet
  facet normal 0.000000e+00 -0.000000e+00 -1.000000e+00
    outer loop
      vertex   -1.247052e+02 3.841492e+02 2.223126e+02
      vertex   -1.141561e+02 3.840636e+02 2.223126e+02
      vertex   -1.248652e+02 3.839836e+02 2.223126e+02
    endloop
  endfacet
  facet normal 0.000000e+00 0.000000e+00 -1.000000e+00
    outer loop
      vertex   -1.248652e+02 3.839836e+02 2.223126e+02
      vertex   -1.141561e+02 3.840636e+02 2.223126e+02
      vertex   -1.139851e+02 3.839096e+02 2.223126e+02
    endloop
  endfacet
  facet normal 0.000000e+00 -0.000000e+00 -1.000000e+00
    outer loop
      vertex   -1.248652e+02 3.839836e+02 2.223126e+02
      vertex   -1.139851e+02 3.839096e+02 2.223126e+02
      vertex   -1.250466e+02 3.838419e+02 2.223126e+02
    endloop
  endfacet
  facet normal 0.000000e+00 0.000000e+00 -1.000000e+00
    outer loop
      vertex   -1.250466e+02 3.838419e+02 2.223126e+02
      vertex   -1.139851e+02 3.839096e+02 2.223126e+02
      vertex   -1.137942e+02 3.837809e+02 2.223126e+02
    endloop
  endfacet
  facet normal 0.000000e+00 -0.000000e+00 -1.000000e+00
    outer loop
      vertex   -1.250466e+02 3.838419e+02 2.223126e+02
      vertex   -1.137942e+02 3.837809e+02 2.223126e+02
      vertex   -1.252459e+02 3.837268e+02 2.223126e+02
    endloop
  endfacet
  facet normal 0.000000e+00 0.000000e+00 -1.000000e+00
    outer loop
      vertex   -1.252459e+02 3.837268e+02 2.223126e+02
      vertex   -1.137942e+02 3.837809e+02 2.223126e+02
      vertex   -1.135873e+02 3.836799e+02 2.223126e+02
    endloop
  endfacet
  facet normal 0.000000e+00 -0.000000e+00 -1.000000e+00
    outer loop
      vertex   -1.252459e+02 3.837268e+02 2.223126e+02
      vertex   -1.135873e+02 3.836799e+02 2.223126e+02
      vertex   -1.254593e+02 3.836406e+02 2.223126e+02
    endloop
  endfacet
  facet normal 0.000000e+00 0.000000e+00 -1.000000e+00
    outer loop
      vertex   -1.254593e+02 3.836406e+02 2.223126e+02
      vertex   -1.135873e+02 3.836799e+02 2.223126e+02
      vertex   -1.133684e+02 3.836088e+02 2.223126e+02
    endloop
  endfacet
  facet normal 0.000000e+00 -0.000000e+00 -1.000000e+00
    outer loop
      vertex   -1.254593e+02 3.836406e+02 2.223126e+02
      vertex   -1.133684e+02 3.836088e+02 2.223126e+02
      vertex   -1.256827e+02 3.835849e+02 2.223126e+02
    endloop
  endfacet
  facet normal 0.000000e+00 0.000000e+00 -1.000000e+00
    outer loop
      vertex   -1.256827e+02 3.835849e+02 2.223126e+02
      vertex   -1.133684e+02 3.836088e+02 2.223126e+02
      vertex   -1.131417e+02 3.835688e+02 2.223126e+02
    endloop
  endfacet
  facet normal 0.000000e+00 0.000000e+00 -1.000000e+00
    outer loop
      vertex   -1.256827e+02 3.835849e+02 2.223126e+02
      vertex   -1.131417e+02 3.835688e+02 2.223126e+02
      vertex   -1.086460e+02 3.760940e+02 2.223126e+02
    endloop
  endfacet
  facet normal 0.000000e+00 0.000000e+00 -1.000000e+00
    outer loop
      vertex   -1.086460e+02 3.760940e+02 2.223126e+02
      vertex   -1.131417e+02 3.835688e+02 2.223126e+02
      vertex   -1.129116e+02 3.835608e+02 2.223126e+02
    endloop
  endfacet
  facet normal 0.000000e+00 0.000000e+00 -1.000000e+00
    outer loop
      vertex   -1.086460e+02 3.760940e+02 2.223126e+02
      vertex   -1.129116e+02 3.835608e+02 2.223126e+02
      vertex   -1.126827e+02 3.835849e+02 2.223126e+02
    endloop
  endfacet
  facet normal 0.000000e+00 0.000000e+00 -1.000000e+00
    outer loop
      vertex   -1.126827e+02 3.835849e+02 2.223126e+02
      vertex   -1.124593e+02 3.836406e+02 2.223126e+02
      vertex   -1.086460e+02 3.760940e+02 2.223126e+02
    endloop
  endfacet
  facet normal 0.000000e+00 0.000000e+00 -1.000000e+00
    outer loop
      vertex   -1.086460e+02 3.760940e+02 2.223126e+02
      vertex   -1.124593e+02 3.836406e+02 2.223126e+02
      vertex   -1.122459e+02 3.837268e+02 2.223126e+02
    endloop
  endfacet
  facet normal 0.000000e+00 0.000000e+00 -1.000000e+00
    outer loop
      vertex   -1.086460e+02 3.760940e+02 2.223126e+02
      vertex   -1.122459e+02 3.837268e+02 2.223126e+02
      vertex   -1.120466e+02 3.838419e+02 2.223126e+02
    endloop
  endfacet
  facet normal 0.000000e+00 0.000000e+00 -1.000000e+00
    outer loop
      vertex   -1.120466e+02 3.838419e+02 2.223126e+02
      vertex   -1.118652e+02 3.839836e+02 2.223126e+02
      vertex   -1.086460e+02 3.760940e+02 2.223126e+02
    endloop
  endfacet
  facet normal 0.000000e+00 0.000000e+00 -1.000000e+00
    outer loop
      vertex   -1.086460e+02 3.760940e+02 2.223126e+02
      vertex   -1.118652e+02 3.839836e+02 2.223126e+02
      vertex   -1.117052e+02 3.841492e+02 2.223126e+02
    endloop
  endfacet
  facet normal 0.000000e+00 0.000000e+00 -1.000000e+00
    outer loop
      vertex   -1.086460e+02 3.760940e+02 2.223126e+02
      vertex   -1.117052e+02 3.841492e+02 2.223126e+02
      vertex   -1.115699e+02 3.843354e+02 2.223126e+02
    endloop
  endfacet
  facet normal 0.000000e+00 0.000000e+00 -1.000000e+00
    outer loop
      vertex   -1.086460e+02 3.760940e+02 2.223126e+02
      vertex   -1.115699e+02 3.843354e+02 2.223126e+02
      vertex   -1.086460e+02 3.870000e+02 2.223126e+02
    endloop
  endfacet
  facet normal 0.000000e+00 0.000000e+00 -1.000000e+00
    outer loop
      vertex   -1.086460e+02 3.870000e+02 2.223126e+02
      vertex   -1.115699e+02 3.843354e+02 2.223126e+02
      vertex   -1.114619e+02 3.845387e+02 2.223126e+02
    endloop
  endfacet
  facet normal 0.000000e+00 0.000000e+00 -1.000000e+00
    outer loop
      vertex   -1.086460e+02 3.870000e+02 2.223126e+02
      vertex   -1.114619e+02 3.845387e+02 2.223126e+02
      vertex   -1.113831e+02 3.847550e+02 2.223126e+02
    endloop
  endfacet
  facet normal 0.000000e+00 0.000000e+00 -1.000000e+00
    outer loop
      vertex   -1.113831e+02 3.847550e+02 2.223126e+02
      vertex   -1.113353e+02 3.849802e+02 2.223126e+02
      vertex   -1.086460e+02 3.870000e+02 2.223126e+02
    endloop
  endfacet
  facet normal 0.000000e+00 0.000000e+00 -1.000000e+00
    outer loop
      vertex   -1.256827e+02 3.868347e+02 2.223126e+02
      vertex   -1.259116e+02 3.868588e+02 2.223126e+02
      vertex   -1.071460e+02 3.908902e+02 2.223126e+02
    endloop
  endfacet
  facet normal -0.000000e+00 0.000000e+00 -1.000000e+00
    outer loop
      vertex   -1.071460e+02 3.908902e+02 2.223126e+02
      vertex   -1.259116e+02 3.868588e+02 2.223126e+02
      vertex   -1.434423e+02 3.908902e+02 2.223126e+02
    endloop
  endfacet
  facet normal 0.000000e+00 0.000000e+00 -1.000000e+00
    outer loop
      vertex   -1.434423e+02 3.908902e+02 2.223126e+02
      vertex   -1.259116e+02 3.868588e+02 2.223126e+02
      vertex   -1.261417e+02 3.868508e+02 2.223126e+02
    endloop
  endfacet
  facet normal 0.000000e+00 -0.000000e+00 -1.000000e+00
    outer loop
      vertex   -1.434423e+02 3.908902e+02 2.223126e+02
      vertex   -1.261417e+02 3.868508e+02 2.223126e+02
      vertex   -1.436388e+02 3.905749e+02 2.223126e+02
    endloop
  endfacet
  facet normal 0.000000e+00 -0.000000e+00 -1.000000e+00
    outer loop
      vertex   -1.436388e+02 3.905749e+02 2.223126e+02
      vertex   -1.261417e+02 3.868508e+02 2.223126e+02
      vertex   -1.438113e+02 3.902460e+02 2.223126e+02
    endloop
  endfacet
  facet normal 0.000000e+00 0.000000e+00 -1.000000e+00
    outer loop
      vertex   -1.438113e+02 3.902460e+02 2.223126e+02
      vertex   -1.261417e+02 3.868508e+02 2.223126e+02
      vertex   -1.263684e+02 3.868108e+02 2.223126e+02
    endloop
  endfacet
  facet normal 0.000000e+00 -0.000000e+00 -1.000000e+00
    outer loop
      vertex   -1.438113e+02 3.902460e+02 2.223126e+02
      vertex   -1.263684e+02 3.868108e+02 2.223126e+02
      vertex   -1.439589e+02 3.899052e+02 2.223126e+02
    endloop
  endfacet
  facet normal 0.000000e+00 -0.000000e+00 -1.000000e+00
    outer loop
      vertex   -1.439589e+02 3.899052e+02 2.223126e+02
      vertex   -1.263684e+02 3.868108e+02 2.223126e+02
      vertex   -1.440808e+02 3.895543e+02 2.223126e+02
    endloop
  endfacet
  facet normal 0.000000e+00 -0.000000e+00 -1.000000e+00
    outer loop
      vertex   -1.440808e+02 3.895543e+02 2.223126e+02
      vertex   -1.263684e+02 3.868108e+02 2.223126e+02
      vertex   -1.441763e+02 3.891953e+02 2.223126e+02
    endloop
  endfacet
  facet normal 0.000000e+00 0.000000e+00 -1.000000e+00
    outer loop
      vertex   -1.441763e+02 3.891953e+02 2.223126e+02
      vertex   -1.263684e+02 3.868108e+02 2.223126e+02
      vertex   -1.420000e+02 3.870000e+02 2.223126e+02
    endloop
  endfacet
  facet normal 0.000000e+00 -0.000000e+00 -1.000000e+00
    outer loop
      vertex   -1.441763e+02 3.891953e+02 2.223126e+02
      vertex   -1.420000e+02 3.870000e+02 2.223126e+02
      vertex   -1.442449e+02 3.888303e+02 2.223126e+02
    endloop
  endfacet
  facet normal 0.000000e+00 -0.000000e+00 -1.000000e+00
    outer loop
      vertex   -1.442449e+02 3.888303e+02 2.223126e+02
      vertex   -1.420000e+02 3.870000e+02 2.223126e+02
      vertex   -1.442862e+02 3.884612e+02 2.223126e+02
    endloop
  endfacet
  facet normal 0.000000e+00 -0.000000e+00 -1.000000e+00
    outer loop
      vertex   -1.442862e+02 3.884612e+02 2.223126e+02
      vertex   -1.420000e+02 3.870000e+02 2.223126e+02
      vertex   -1.443000e+02 3.880900e+02 2.223126e+02
    endloop
  endfacet
  facet normal 0.000000e+00 0.000000e+00 -1.000000e+00
    outer loop
      vertex   -1.443000e+02 3.880900e+02 2.223126e+02
      vertex   -1.420000e+02 3.870000e+02 2.223126e+02
      vertex   -1.443000e+02 3.870000e+02 2.223126e+02
    endloop
  endfacet
  facet normal -0.000000e+00 0.000000e+00 -1.000000e+00
    outer loop
      vertex   -1.263684e+02 3.868108e+02 2.223126e+02
      vertex   -1.265873e+02 3.867397e+02 2.223126e+02
      vertex   -1.420000e+02 3.870000e+02 2.223126e+02
    endloop
  endfacet
  facet normal 0.000000e+00 0.000000e+00 -1.000000e+00
    outer loop
      vertex   -1.420000e+02 3.870000e+02 2.223126e+02
      vertex   -1.265873e+02 3.867397e+02 2.223126e+02
      vertex   -1.267942e+02 3.866387e+02 2.223126e+02
    endloop
  endfacet
  facet normal 0.000000e+00 0.000000e+00 -1.000000e+00
    outer loop
      vertex   -1.420000e+02 3.870000e+02 2.223126e+02
      vertex   -1.267942e+02 3.866387e+02 2.223126e+02
      vertex   -1.269851e+02 3.865100e+02 2.223126e+02
    endloop
  endfacet
  facet normal -0.000000e+00 0.000000e+00 -1.000000e+00
    outer loop
      vertex   -1.269851e+02 3.865100e+02 2.223126e+02
      vertex   -1.271561e+02 3.863560e+02 2.223126e+02
      vertex   -1.420000e+02 3.870000e+02 2.223126e+02
    endloop
  endfacet
  facet normal 0.000000e+00 0.000000e+00 -1.000000e+00
    outer loop
      vertex   -1.420000e+02 3.870000e+02 2.223126e+02
      vertex   -1.271561e+02 3.863560e+02 2.223126e+02
      vertex   -1.273041e+02 3.861796e+02 2.223126e+02
    endloop
  endfacet
  facet normal 0.000000e+00 0.000000e+00 -1.000000e+00
    outer loop
      vertex   -1.420000e+02 3.870000e+02 2.223126e+02
      vertex   -1.273041e+02 3.861796e+02 2.223126e+02
      vertex   -1.274261e+02 3.859844e+02 2.223126e+02
    endloop
  endfacet
  facet normal -0.000000e+00 0.000000e+00 -1.000000e+00
    outer loop
      vertex   -1.274261e+02 3.859844e+02 2.223126e+02
      vertex   -1.275197e+02 3.857741e+02 2.223126e+02
      vertex   -1.420000e+02 3.870000e+02 2.223126e+02
    endloop
  endfacet
  facet normal 0.000000e+00 0.000000e+00 -1.000000e+00
    outer loop
      vertex   -1.420000e+02 3.870000e+02 2.223126e+02
      vertex   -1.275197e+02 3.857741e+02 2.223126e+02
      vertex   -1.275832e+02 3.855529e+02 2.223126e+02
    endloop
  endfacet
  facet normal 0.000000e+00 0.000000e+00 -1.000000e+00
    outer loop
      vertex   -1.420000e+02 3.870000e+02 2.223126e+02
      vertex   -1.275832e+02 3.855529e+02 2.223126e+02
      vertex   -1.276152e+02 3.853249e+02 2.223126e+02
    endloop
  endfacet
  facet normal -0.000000e+00 -0.000000e+00 -1.000000e+00
    outer loop
      vertex   -1.276152e+02 3.853249e+02 2.223126e+02
      vertex   -1.276152e+02 3.850947e+02 2.223126e+02
      vertex   -1.420000e+02 3.870000e+02 2.223126e+02
    endloop
  endfacet
  facet normal 0.000000e+00 0.000000e+00 -1.000000e+00
    outer loop
      vertex   -1.420000e+02 3.870000e+02 2.223126e+02
      vertex   -1.276152e+02 3.850947e+02 2.223126e+02
      vertex   -1.275832e+02 3.848667e+02 2.223126e+02
    endloop
  endfacet
  facet normal 0.000000e+00 0.000000e+00 -1.000000e+00
    outer loop
      vertex   -1.420000e+02 3.870000e+02 2.223126e+02
      vertex   -1.275832e+02 3.848667e+02 2.223126e+02
      vertex   -1.275197e+02 3.846455e+02 2.223126e+02
    endloop
  endfacet
  facet normal -0.000000e+00 -0.000000e+00 -1.000000e+00
    outer loop
      vertex   -1.275197e+02 3.846455e+02 2.223126e+02
      vertex   -1.274261e+02 3.844352e+02 2.223126e+02
      vertex   -1.420000e+02 3.870000e+02 2.223126e+02
    endloop
  endfacet
  facet normal 0.000000e+00 0.000000e+00 -1.000000e+00
    outer loop
      vertex   -1.420000e+02 3.870000e+02 2.223126e+02
      vertex   -1.274261e+02 3.844352e+02 2.223126e+02
      vertex   -1.273041e+02 3.842400e+02 2.223126e+02
    endloop
  endfacet
  facet normal 0.000000e+00 0.000000e+00 -1.000000e+00
    outer loop
      vertex   -1.420000e+02 3.870000e+02 2.223126e+02
      vertex   -1.273041e+02 3.842400e+02 2.223126e+02
      vertex   -1.271561e+02 3.840636e+02 2.223126e+02
    endloop
  endfacet
  facet normal -0.000000e+00 -0.000000e+00 -1.000000e+00
    outer loop
      vertex   -1.271561e+02 3.840636e+02 2.223126e+02
      vertex   -1.269851e+02 3.839096e+02 2.223126e+02
      vertex   -1.420000e+02 3.870000e+02 2.223126e+02
    endloop
  endfacet
  facet normal 0.000000e+00 0.000000e+00 -1.000000e+00
    outer loop
      vertex   -1.420000e+02 3.870000e+02 2.223126e+02
      vertex   -1.269851e+02 3.839096e+02 2.223126e+02
      vertex   -1.267942e+02 3.837809e+02 2.223126e+02
    endloop
  endfacet
  facet normal 0.000000e+00 0.000000e+00 -1.000000e+00
    outer loop
      vertex   -1.420000e+02 3.870000e+02 2.223126e+02
      vertex   -1.267942e+02 3.837809e+02 2.223126e+02
      vertex   -1.420000e+02 3.750940e+02 2.223126e+02
    endloop
  endfacet
  facet normal 0.000000e+00 0.000000e+00 -1.000000e+00
    outer loop
      vertex   -1.420000e+02 3.750940e+02 2.223126e+02
      vertex   -1.267942e+02 3.837809e+02 2.223126e+02
      vertex   -1.265873e+02 3.836799e+02 2.223126e+02
    endloop
  endfacet
  facet normal 0.000000e+00 0.000000e+00 -1.000000e+00
    outer loop
      vertex   -1.420000e+02 3.750940e+02 2.223126e+02
      vertex   -1.265873e+02 3.836799e+02 2.223126e+02
      vertex   -1.419057e+02 3.750940e+02 2.223126e+02
    endloop
  endfacet
  facet normal 0.000000e+00 0.000000e+00 -1.000000e+00
    outer loop
      vertex   -1.419057e+02 3.750940e+02 2.223126e+02
      vertex   -1.265873e+02 3.836799e+02 2.223126e+02
      vertex   -1.263684e+02 3.836088e+02 2.223126e+02
    endloop
  endfacet
  facet normal 0.000000e+00 0.000000e+00 -1.000000e+00
    outer loop
      vertex   -1.419057e+02 3.750940e+02 2.223126e+02
      vertex   -1.263684e+02 3.836088e+02 2.223126e+02
      vertex   -1.261417e+02 3.835688e+02 2.223126e+02
    endloop
  endfacet
  facet normal 0.000000e+00 -0.000000e+00 -1.000000e+00
    outer loop
      vertex   -1.261417e+02 3.835688e+02 2.223126e+02
      vertex   -1.259116e+02 3.835608e+02 2.223126e+02
      vertex   -1.419057e+02 3.750940e+02 2.223126e+02
    endloop
  endfacet
  facet normal 0.000000e+00 0.000000e+00 -1.000000e+00
    outer loop
      vertex   -1.419057e+02 3.750940e+02 2.223126e+02
      vertex   -1.259116e+02 3.835608e+02 2.223126e+02
      vertex   -1.086460e+02 3.760940e+02 2.223126e+02
    endloop
  endfacet
  facet normal 0.000000e+00 0.000000e+00 -1.000000e+00
    outer loop
      vertex   -1.419057e+02 3.750940e+02 2.223126e+02
      vertex   -1.086460e+02 3.760940e+02 2.223126e+02
      vertex   -9.110000e+01 3.750940e+02 2.223126e+02
    endloop
  endfacet
  facet normal 0.000000e+00 0.000000e+00 -1.000000e+00
    outer loop
      vertex   -9.110000e+01 3.750940e+02 2.223126e+02
      vertex   -1.086460e+02 3.760940e+02 2.223126e+02
      vertex   -9.110000e+01 3.760940e+02 2.223126e+02
    endloop
  endfacet
  facet normal 0.000000e+00 0.000000e+00 -1.000000e+00
    outer loop
      vertex   -1.259116e+02 3.835608e+02 2.223126e+02
      vertex   -1.256827e+02 3.835849e+02 2.223126e+02
      vertex   -1.086460e+02 3.760940e+02 2.223126e+02
    endloop
  endfacet
  facet normal 0.000000e+00 -0.000000e+00 -1.000000e+00
    outer loop
      vertex   -1.071460e+02 3.908902e+02 2.223126e+02
      vertex   -1.071460e+02 3.870000e+02 2.223126e+02
      vertex   -1.086460e+02 3.870000e+02 2.223126e+02
    endloop
  endfacet
  facet normal 1.000000e+00 1.478952e-09 3.146224e-10
    outer loop
      vertex   -8.870000e+01 3.878509e+02 1.731848e+02
      vertex   -8.870000e+01 3.870000e+02 1.771848e+02
      vertex   -8.870000e+01 3.670940e+02 1.731848e+02
    endloop
  endfacet
  facet normal 1.000000e+00 1.471557e-09 3.514237e-10
    outer loop
      vertex   -8.870000e+01 3.670940e+02 1.731848e+02
      vertex   -8.870000e+01 3.870000e+02 1.771848e+02
      vertex   -8.870000e+01 3.770902e+02 2.174022e+02
    endloop
  endfacet
  facet normal 1.000000e+00 3.025967e-09 1.894781e-14
    outer loop
      vertex   -8.870000e+01 3.670940e+02 1.731848e+02
      vertex   -8.870000e+01 3.770902e+02 2.174022e+02
      vertex   -8.870000e+01 3.670940e+02 2.211848e+02
    endloop
  endfacet
  facet normal 1.000000e+00 2.195278e-09 -2.195278e-09
    outer loop
      vertex   -8.870000e+01 3.670940e+02 2.211848e+02
      vertex   -8.870000e+01 3.770902e+02 2.174022e+02
      vertex   -8.870000e+01 3.720940e+02 2.261848e+02
    endloop
  endfacet
  facet normal 1.000000e+00 1.255151e-08 3.696209e-09
    outer loop
      vertex   -8.870000e+01 3.720940e+02 2.261848e+02
      vertex   -8.870000e+01 3.770902e+02 2.174022e+02
      vertex   -8.870000e+01 3.750940e+02 2.241810e+02
    endloop
  endfacet
  facet normal 1.000000e+00 0.000000e+00 -1.509559e-08
    outer loop
      vertex   -8.870000e+01 3.720940e+02 2.261848e+02
      vertex   -8.870000e+01 3.750940e+02 2.241810e+02
      vertex   -8.870000e+01 3.750940e+02 2.261848e+02
    endloop
  endfacet
  facet normal 1.000000e+00 0.000000e+00 -0.000000e+00
    outer loop
      vertex   -8.870000e+01 3.878509e+02 1.731848e+02
      vertex   -8.870000e+01 3.878509e+02 1.771848e+02
      vertex   -8.870000e+01 3.870000e+02 1.771848e+02
    endloop
  endfacet
  facet normal 1.000000e+00 0.000000e+00 -1.117682e-11
    outer loop
      vertex   -8.870000e+01 3.870000e+02 1.771848e+02
      vertex   -8.870000e+01 3.870000e+02 2.174022e+02
      vertex   -8.870000e+01 3.770902e+02 2.174022e+02
    endloop
  endfacet
  facet normal 1.000000e+00 0.000000e+00 -0.000000e+00
    outer loop
      vertex   -8.870000e+01 3.770902e+02 2.174022e+02
      vertex   -8.870000e+01 3.770902e+02 2.221848e+02
      vertex   -8.870000e+01 3.750940e+02 2.241810e+02
    endloop
  endfacet
  facet normal -8.716383e-15 7.071068e-01 7.071068e-01
    outer loop
      vertex   -8.870000e+01 3.750940e+02 2.241810e+02
      vertex   -8.870000e+01 3.770902e+02 2.221848e+02
      vertex   -9.100568e+01 3.750940e+02 2.241810e+02
    endloop
  endfacet
  facet normal 0.000000e+00 7.071068e-01 7.071068e-01
    outer loop
      vertex   -9.100568e+01 3.750940e+02 2.241810e+02
      vertex   -8.870000e+01 3.770902e+02 2.221848e+02
      vertex   -1.071460e+02 3.770902e+02 2.221848e+02
    endloop
  endfacet
  facet normal 2.490309e-15 7.071068e-01 7.071068e-01
    outer loop
      vertex   -9.100568e+01 3.750940e+02 2.241810e+02
      vertex   -1.071460e+02 3.770902e+02 2.221848e+02
      vertex   -1.071460e+02 3.750940e+02 2.241810e+02
    endloop
  endfacet
endsolid
