solid ASCII
  facet normal -9.927013e-01 -1.205993e-01 -0.000000e+00
    outer loop
      vertex   -1.016946e+02 3.932443e+02 2.046848e+02
      vertex   -1.016946e+02 3.932443e+02 1.961848e+02
      vertex   -1.016840e+02 3.931569e+02 2.046848e+02
    endloop
  endfacet
  facet normal -9.927013e-01 -1.205993e-01 -0.000000e+00
    outer loop
      vertex   -1.016840e+02 3.931569e+02 2.046848e+02
      vertex   -1.016946e+02 3.932443e+02 1.961848e+02
      vertex   -1.016840e+02 3.931569e+02 1.961848e+02
    endloop
  endfacet
  facet normal -1.080181e-13 -1.312269e-14 1.000000e+00
    outer loop
      vertex   -1.016946e+02 3.932443e+02 2.046848e+02
      vertex   -1.016840e+02 3.931569e+02 2.046848e+02
      vertex   -9.211969e+01 3.923999e+02 2.046848e+02
    endloop
  endfacet
  facet normal -1.092688e-13 -2.892505e-14 1.000000e+00
    outer loop
      vertex   -9.211969e+01 3.923999e+02 2.046848e+02
      vertex   -1.016840e+02 3.931569e+02 2.046848e+02
      vertex   -9.121969e+01 3.890000e+02 2.046848e+02
    endloop
  endfacet
  facet normal -0.000000e+00 0.000000e+00 1.000000e+00
    outer loop
      vertex   -9.211969e+01 3.923999e+02 2.046848e+02
      vertex   -9.121969e+01 3.890000e+02 2.046848e+02
      vertex   -9.121969e+01 3.923999e+02 2.046848e+02
    endloop
  endfacet
  facet normal -6.284774e-14 8.793281e-14 1.000000e+00
    outer loop
      vertex   -9.121969e+01 3.890000e+02 2.046848e+02
      vertex   -1.016840e+02 3.931569e+02 2.046848e+02
      vertex   -1.075000e+02 3.890000e+02 2.046848e+02
    endloop
  endfacet
  facet normal 1.528315e-13 -2.138327e-13 1.000000e+00
    outer loop
      vertex   -1.075000e+02 3.890000e+02 2.046848e+02
      vertex   -1.016840e+02 3.931569e+02 2.046848e+02
      vertex   -1.097498e+02 3.921770e+02 2.046848e+02
    endloop
  endfacet
  facet normal 4.322615e-13 -1.595366e-14 1.000000e+00
    outer loop
      vertex   -1.075000e+02 3.890000e+02 2.046848e+02
      vertex   -1.097498e+02 3.921770e+02 2.046848e+02
      vertex   -1.097973e+02 3.908902e+02 2.046848e+02
    endloop
  endfacet
  facet normal 0.000000e+00 0.000000e+00 1.000000e+00
    outer loop
      vertex   -1.097973e+02 3.908902e+02 2.046848e+02
      vertex   -1.097498e+02 3.921770e+02 2.046848e+02
      vertex   -1.097860e+02 3.924748e+02 2.046848e+02
    endloop
  endfacet
  facet normal 9.044121e-11 -9.587484e-23 1.000000e+00
    outer loop
      vertex   -1.097973e+02 3.890000e+02 2.046848e+02
      vertex   -1.097860e+02 3.890000e+02 2.046848e+02
      vertex   -1.097973e+02 3.908902e+02 2.046848e+02
    endloop
  endfacet
  facet normal 0.000000e+00 -5.413170e-13 1.000000e+00
    outer loop
      vertex   -1.097973e+02 3.908902e+02 2.046848e+02
      vertex   -1.097860e+02 3.890000e+02 2.046848e+02
      vertex   -1.075000e+02 3.890000e+02 2.046848e+02
    endloop
  endfacet
  facet normal -0.000000e+00 0.000000e+00 1.000000e+00
    outer loop
      vertex   -1.097860e+02 3.890000e+02 2.046848e+02
      vertex   -1.097860e+02 3.761480e+02 2.046848e+02
      vertex   -1.075000e+02 3.890000e+02 2.046848e+02
    endloop
  endfacet
  facet normal 0.000000e+00 0.000000e+00 1.000000e+00
    outer loop
      vertex   -1.075000e+02 3.890000e+02 2.046848e+02
      vertex   -1.097860e+02 3.761480e+02 2.046848e+02
      vertex   -1.075000e+02 3.761317e+02 2.046848e+02
    endloop
  endfacet
  facet normal 0.000000e+00 1.000000e+00 0.000000e+00
    outer loop
      vertex   -9.261969e+01 3.908902e+02 1.924848e+02
      vertex   -9.261969e+01 3.908902e+02 1.840848e+02
      vertex   -1.087973e+02 3.908902e+02 1.924848e+02
    endloop
  endfacet
  facet normal 0.000000e+00 1.000000e+00 0.000000e+00
    outer loop
      vertex   -1.087973e+02 3.908902e+02 1.924848e+02
      vertex   -9.261969e+01 3.908902e+02 1.840848e+02
      vertex   -1.087973e+02 3.908902e+02 1.840848e+02
    endloop
  endfacet
  facet normal 9.927013e-01 1.205993e-01 5.608011e-09
    outer loop
      vertex   -1.097860e+02 3.924748e+02 1.961848e+02
      vertex   -1.097860e+02 3.924748e+02 1.961851e+02
      vertex   -1.097498e+02 3.921770e+02 1.961848e+02
    endloop
  endfacet
  facet normal 9.927013e-01 1.205993e-01 0.000000e+00
    outer loop
      vertex   -1.097498e+02 3.921770e+02 1.961848e+02
      vertex   -1.097860e+02 3.924748e+02 1.961851e+02
      vertex   -1.097860e+02 3.924748e+02 2.014535e+02
    endloop
  endfacet
  facet normal 9.927013e-01 1.205993e-01 1.290405e-14
    outer loop
      vertex   -1.097498e+02 3.921770e+02 1.961848e+02
      vertex   -1.097860e+02 3.924748e+02 2.014535e+02
      vertex   -1.097498e+02 3.921770e+02 2.046848e+02
    endloop
  endfacet
  facet normal 9.927013e-01 1.205993e-01 -6.112102e-13
    outer loop
      vertex   -1.097498e+02 3.921770e+02 2.046848e+02
      vertex   -1.097860e+02 3.924748e+02 2.014535e+02
      vertex   -1.097860e+02 3.924748e+02 2.046848e+02
    endloop
  endfacet
  facet normal -1.205993e-01 9.927013e-01 0.000000e+00
    outer loop
      vertex   -1.016840e+02 3.931569e+02 2.046848e+02
      vertex   -1.016840e+02 3.931569e+02 1.961848e+02
      vertex   -1.097498e+02 3.921770e+02 2.046848e+02
    endloop
  endfacet
  facet normal -1.205993e-01 9.927013e-01 1.062184e-13
    outer loop
      vertex   -1.097498e+02 3.921770e+02 2.046848e+02
      vertex   -1.016840e+02 3.931569e+02 1.961848e+02
      vertex   -1.097498e+02 3.921770e+02 1.961848e+02
    endloop
  endfacet
  facet normal -0.000000e+00 -1.000000e+00 -0.000000e+00
    outer loop
      vertex   -1.097860e+02 3.890000e+02 2.046848e+02
      vertex   -1.097973e+02 3.890000e+02 2.046848e+02
      vertex   -1.097860e+02 3.890000e+02 2.014535e+02
    endloop
  endfacet
  facet normal 0.000000e+00 -1.000000e+00 0.000000e+00
    outer loop
      vertex   -1.097860e+02 3.890000e+02 2.014535e+02
      vertex   -1.097973e+02 3.890000e+02 2.046848e+02
      vertex   -1.097973e+02 3.890000e+02 2.014535e+02
    endloop
  endfacet
  facet normal 0.000000e+00 -1.000000e+00 0.000000e+00
    outer loop
      vertex   -1.075000e+02 3.890000e+02 1.921848e+02
      vertex   -9.121969e+01 3.890000e+02 1.921848e+02
      vertex   -1.075000e+02 3.890000e+02 2.046848e+02
    endloop
  endfacet
  facet normal 0.000000e+00 -1.000000e+00 0.000000e+00
    outer loop
      vertex   -1.075000e+02 3.890000e+02 2.046848e+02
      vertex   -9.121969e+01 3.890000e+02 1.921848e+02
      vertex   -9.121969e+01 3.890000e+02 2.046848e+02
    endloop
  endfacet
  facet normal 0.000000e+00 -1.000000e+00 0.000000e+00
    outer loop
      vertex   -9.762079e+01 3.761306e+02 1.802848e+02
      vertex   -9.121969e+01 3.761306e+02 1.802848e+02
      vertex   -9.977196e+01 3.761306e+02 1.826098e+02
    endloop
  endfacet
  facet normal 0.000000e+00 -1.000000e+00 0.000000e+00
    outer loop
      vertex   -9.977196e+01 3.761306e+02 1.826098e+02
      vertex   -9.121969e+01 3.761306e+02 1.802848e+02
      vertex   -9.121969e+01 3.761306e+02 1.921848e+02
    endloop
  endfacet
  facet normal -5.994505e-14 -1.000000e+00 5.354250e-14
    outer loop
      vertex   -9.977196e+01 3.761306e+02 1.826098e+02
      vertex   -9.121969e+01 3.761306e+02 1.921848e+02
      vertex   -1.073401e+02 3.761306e+02 1.921848e+02
    endloop
  endfacet
  facet normal -1.276852e-13 -1.000000e+00 -0.000000e+00
    outer loop
      vertex   -1.073401e+02 3.761306e+02 1.921848e+02
      vertex   -1.073401e+02 3.761306e+02 1.802848e+02
      vertex   -9.977196e+01 3.761306e+02 1.826098e+02
    endloop
  endfacet
  facet normal -1.783912e-13 -1.000000e+00 1.650494e-13
    outer loop
      vertex   -9.977196e+01 3.761306e+02 1.826098e+02
      vertex   -1.073401e+02 3.761306e+02 1.802848e+02
      vertex   -1.019231e+02 3.761306e+02 1.802848e+02
    endloop
  endfacet
  facet normal 0.000000e+00 0.000000e+00 1.000000e+00
    outer loop
      vertex   -9.121969e+01 3.761306e+02 1.921848e+02
      vertex   -9.648194e+01 3.805589e+02 1.921848e+02
      vertex   -1.073401e+02 3.761306e+02 1.921848e+02
    endloop
  endfacet
  facet normal 0.000000e+00 0.000000e+00 1.000000e+00
    outer loop
      vertex   -1.073401e+02 3.761306e+02 1.921848e+02
      vertex   -9.648194e+01 3.805589e+02 1.921848e+02
      vertex   -9.665160e+01 3.806091e+02 1.921848e+02
    endloop
  endfacet
  facet normal 0.000000e+00 0.000000e+00 1.000000e+00
    outer loop
      vertex   -1.073401e+02 3.761306e+02 1.921848e+02
      vertex   -9.665160e+01 3.806091e+02 1.921848e+02
      vertex   -1.027654e+02 3.806398e+02 1.921848e+02
    endloop
  endfacet
  facet normal -0.000000e+00 0.000000e+00 1.000000e+00
    outer loop
      vertex   -1.027654e+02 3.806398e+02 1.921848e+02
      vertex   -9.665160e+01 3.806091e+02 1.921848e+02
      vertex   -9.681617e+01 3.806741e+02 1.921848e+02
    endloop
  endfacet
  facet normal 0.000000e+00 0.000000e+00 1.000000e+00
    outer loop
      vertex   -1.027654e+02 3.806398e+02 1.921848e+02
      vertex   -9.681617e+01 3.806741e+02 1.921848e+02
      vertex   -1.026039e+02 3.807120e+02 1.921848e+02
    endloop
  endfacet
  facet normal -0.000000e+00 0.000000e+00 1.000000e+00
    outer loop
      vertex   -1.026039e+02 3.807120e+02 1.921848e+02
      vertex   -9.681617e+01 3.806741e+02 1.921848e+02
      vertex   -9.697435e+01 3.807534e+02 1.921848e+02
    endloop
  endfacet
  facet normal 0.000000e+00 0.000000e+00 1.000000e+00
    outer loop
      vertex   -1.026039e+02 3.807120e+02 1.921848e+02
      vertex   -9.697435e+01 3.807534e+02 1.921848e+02
      vertex   -1.024494e+02 3.807982e+02 1.921848e+02
    endloop
  endfacet
  facet normal -0.000000e+00 0.000000e+00 1.000000e+00
    outer loop
      vertex   -1.024494e+02 3.807982e+02 1.921848e+02
      vertex   -9.697435e+01 3.807534e+02 1.921848e+02
      vertex   -9.712490e+01 3.808463e+02 1.921848e+02
    endloop
  endfacet
  facet normal 0.000000e+00 0.000000e+00 1.000000e+00
    outer loop
      vertex   -1.024494e+02 3.807982e+02 1.921848e+02
      vertex   -9.712490e+01 3.808463e+02 1.921848e+02
      vertex   -1.023031e+02 3.808977e+02 1.921848e+02
    endloop
  endfacet
  facet normal -0.000000e+00 0.000000e+00 1.000000e+00
    outer loop
      vertex   -1.023031e+02 3.808977e+02 1.921848e+02
      vertex   -9.712490e+01 3.808463e+02 1.921848e+02
      vertex   -9.726665e+01 3.809522e+02 1.921848e+02
    endloop
  endfacet
  facet normal 0.000000e+00 0.000000e+00 1.000000e+00
    outer loop
      vertex   -1.023031e+02 3.808977e+02 1.921848e+02
      vertex   -9.726665e+01 3.809522e+02 1.921848e+02
      vertex   -1.021661e+02 3.810098e+02 1.921848e+02
    endloop
  endfacet
  facet normal -0.000000e+00 0.000000e+00 1.000000e+00
    outer loop
      vertex   -1.021661e+02 3.810098e+02 1.921848e+02
      vertex   -9.726665e+01 3.809522e+02 1.921848e+02
      vertex   -9.739848e+01 3.810702e+02 1.921848e+02
    endloop
  endfacet
  facet normal 0.000000e+00 0.000000e+00 1.000000e+00
    outer loop
      vertex   -1.021661e+02 3.810098e+02 1.921848e+02
      vertex   -9.739848e+01 3.810702e+02 1.921848e+02
      vertex   -1.020396e+02 3.811335e+02 1.921848e+02
    endloop
  endfacet
  facet normal -0.000000e+00 0.000000e+00 1.000000e+00
    outer loop
      vertex   -1.020396e+02 3.811335e+02 1.921848e+02
      vertex   -9.739848e+01 3.810702e+02 1.921848e+02
      vertex   -9.751938e+01 3.811994e+02 1.921848e+02
    endloop
  endfacet
  facet normal 0.000000e+00 0.000000e+00 1.000000e+00
    outer loop
      vertex   -1.020396e+02 3.811335e+02 1.921848e+02
      vertex   -9.751938e+01 3.811994e+02 1.921848e+02
      vertex   -1.019246e+02 3.812679e+02 1.921848e+02
    endloop
  endfacet
  facet normal -0.000000e+00 0.000000e+00 1.000000e+00
    outer loop
      vertex   -1.019246e+02 3.812679e+02 1.921848e+02
      vertex   -9.751938e+01 3.811994e+02 1.921848e+02
      vertex   -9.762838e+01 3.813388e+02 1.921848e+02
    endloop
  endfacet
  facet normal 0.000000e+00 0.000000e+00 1.000000e+00
    outer loop
      vertex   -1.019246e+02 3.812679e+02 1.921848e+02
      vertex   -9.762838e+01 3.813388e+02 1.921848e+02
      vertex   -1.018219e+02 3.814120e+02 1.921848e+02
    endloop
  endfacet
  facet normal -0.000000e+00 0.000000e+00 1.000000e+00
    outer loop
      vertex   -1.018219e+02 3.814120e+02 1.921848e+02
      vertex   -9.762838e+01 3.813388e+02 1.921848e+02
      vertex   -9.772463e+01 3.814873e+02 1.921848e+02
    endloop
  endfacet
  facet normal 0.000000e+00 0.000000e+00 1.000000e+00
    outer loop
      vertex   -1.018219e+02 3.814120e+02 1.921848e+02
      vertex   -9.772463e+01 3.814873e+02 1.921848e+02
      vertex   -1.017323e+02 3.815645e+02 1.921848e+02
    endloop
  endfacet
  facet normal -0.000000e+00 0.000000e+00 1.000000e+00
    outer loop
      vertex   -1.017323e+02 3.815645e+02 1.921848e+02
      vertex   -9.772463e+01 3.814873e+02 1.921848e+02
      vertex   -9.780739e+01 3.816436e+02 1.921848e+02
    endloop
  endfacet
  facet normal 0.000000e+00 0.000000e+00 1.000000e+00
    outer loop
      vertex   -1.017323e+02 3.815645e+02 1.921848e+02
      vertex   -9.780739e+01 3.816436e+02 1.921848e+02
      vertex   -1.016565e+02 3.817244e+02 1.921848e+02
    endloop
  endfacet
  facet normal -0.000000e+00 0.000000e+00 1.000000e+00
    outer loop
      vertex   -1.016565e+02 3.817244e+02 1.921848e+02
      vertex   -9.780739e+01 3.816436e+02 1.921848e+02
      vertex   -9.787600e+01 3.818067e+02 1.921848e+02
    endloop
  endfacet
  facet normal 0.000000e+00 0.000000e+00 1.000000e+00
    outer loop
      vertex   -1.016565e+02 3.817244e+02 1.921848e+02
      vertex   -9.787600e+01 3.818067e+02 1.921848e+02
      vertex   -1.015952e+02 3.818904e+02 1.921848e+02
    endloop
  endfacet
  facet normal -0.000000e+00 0.000000e+00 1.000000e+00
    outer loop
      vertex   -1.015952e+02 3.818904e+02 1.921848e+02
      vertex   -9.787600e+01 3.818067e+02 1.921848e+02
      vertex   -9.792993e+01 3.819752e+02 1.921848e+02
    endloop
  endfacet
  facet normal 0.000000e+00 0.000000e+00 1.000000e+00
    outer loop
      vertex   -1.015952e+02 3.818904e+02 1.921848e+02
      vertex   -9.792993e+01 3.819752e+02 1.921848e+02
      vertex   -1.015487e+02 3.820611e+02 1.921848e+02
    endloop
  endfacet
  facet normal -0.000000e+00 0.000000e+00 1.000000e+00
    outer loop
      vertex   -1.015487e+02 3.820611e+02 1.921848e+02
      vertex   -9.792993e+01 3.819752e+02 1.921848e+02
      vertex   -9.796876e+01 3.821479e+02 1.921848e+02
    endloop
  endfacet
  facet normal 0.000000e+00 0.000000e+00 1.000000e+00
    outer loop
      vertex   -1.015487e+02 3.820611e+02 1.921848e+02
      vertex   -9.796876e+01 3.821479e+02 1.921848e+02
      vertex   -1.015176e+02 3.822353e+02 1.921848e+02
    endloop
  endfacet
  facet normal -0.000000e+00 0.000000e+00 1.000000e+00
    outer loop
      vertex   -1.015176e+02 3.822353e+02 1.921848e+02
      vertex   -9.796876e+01 3.821479e+02 1.921848e+02
      vertex   -9.799218e+01 3.823232e+02 1.921848e+02
    endloop
  endfacet
  facet normal 0.000000e+00 0.000000e+00 1.000000e+00
    outer loop
      vertex   -1.015176e+02 3.822353e+02 1.921848e+02
      vertex   -9.799218e+01 3.823232e+02 1.921848e+02
      vertex   -1.015020e+02 3.824115e+02 1.921848e+02
    endloop
  endfacet
  facet normal -0.000000e+00 0.000000e+00 1.000000e+00
    outer loop
      vertex   -1.015020e+02 3.824115e+02 1.921848e+02
      vertex   -9.799218e+01 3.823232e+02 1.921848e+02
      vertex   -9.800000e+01 3.825000e+02 1.921848e+02
    endloop
  endfacet
  facet normal 0.000000e+00 0.000000e+00 1.000000e+00
    outer loop
      vertex   -1.015020e+02 3.824115e+02 1.921848e+02
      vertex   -9.800000e+01 3.825000e+02 1.921848e+02
      vertex   -1.015020e+02 3.825885e+02 1.921848e+02
    endloop
  endfacet
  facet normal -0.000000e+00 0.000000e+00 1.000000e+00
    outer loop
      vertex   -1.015020e+02 3.825885e+02 1.921848e+02
      vertex   -9.800000e+01 3.825000e+02 1.921848e+02
      vertex   -9.799218e+01 3.826768e+02 1.921848e+02
    endloop
  endfacet
  facet normal 0.000000e+00 -0.000000e+00 1.000000e+00
    outer loop
      vertex   -1.015020e+02 3.825885e+02 1.921848e+02
      vertex   -9.799218e+01 3.826768e+02 1.921848e+02
      vertex   -1.015176e+02 3.827647e+02 1.921848e+02
    endloop
  endfacet
  facet normal -0.000000e+00 0.000000e+00 1.000000e+00
    outer loop
      vertex   -1.015176e+02 3.827647e+02 1.921848e+02
      vertex   -9.799218e+01 3.826768e+02 1.921848e+02
      vertex   -9.796876e+01 3.828521e+02 1.921848e+02
    endloop
  endfacet
  facet normal 0.000000e+00 -0.000000e+00 1.000000e+00
    outer loop
      vertex   -1.015176e+02 3.827647e+02 1.921848e+02
      vertex   -9.796876e+01 3.828521e+02 1.921848e+02
      vertex   -1.015487e+02 3.829389e+02 1.921848e+02
    endloop
  endfacet
  facet normal -0.000000e+00 0.000000e+00 1.000000e+00
    outer loop
      vertex   -1.015487e+02 3.829389e+02 1.921848e+02
      vertex   -9.796876e+01 3.828521e+02 1.921848e+02
      vertex   -9.792993e+01 3.830248e+02 1.921848e+02
    endloop
  endfacet
  facet normal 0.000000e+00 -0.000000e+00 1.000000e+00
    outer loop
      vertex   -1.015487e+02 3.829389e+02 1.921848e+02
      vertex   -9.792993e+01 3.830248e+02 1.921848e+02
      vertex   -1.015952e+02 3.831096e+02 1.921848e+02
    endloop
  endfacet
  facet normal -0.000000e+00 0.000000e+00 1.000000e+00
    outer loop
      vertex   -1.015952e+02 3.831096e+02 1.921848e+02
      vertex   -9.792993e+01 3.830248e+02 1.921848e+02
      vertex   -9.787600e+01 3.831933e+02 1.921848e+02
    endloop
  endfacet
  facet normal 0.000000e+00 -0.000000e+00 1.000000e+00
    outer loop
      vertex   -1.015952e+02 3.831096e+02 1.921848e+02
      vertex   -9.787600e+01 3.831933e+02 1.921848e+02
      vertex   -1.016565e+02 3.832756e+02 1.921848e+02
    endloop
  endfacet
  facet normal -0.000000e+00 0.000000e+00 1.000000e+00
    outer loop
      vertex   -1.016565e+02 3.832756e+02 1.921848e+02
      vertex   -9.787600e+01 3.831933e+02 1.921848e+02
      vertex   -9.780739e+01 3.833564e+02 1.921848e+02
    endloop
  endfacet
  facet normal 0.000000e+00 -0.000000e+00 1.000000e+00
    outer loop
      vertex   -1.016565e+02 3.832756e+02 1.921848e+02
      vertex   -9.780739e+01 3.833564e+02 1.921848e+02
      vertex   -1.017323e+02 3.834355e+02 1.921848e+02
    endloop
  endfacet
  facet normal -0.000000e+00 0.000000e+00 1.000000e+00
    outer loop
      vertex   -1.017323e+02 3.834355e+02 1.921848e+02
      vertex   -9.780739e+01 3.833564e+02 1.921848e+02
      vertex   -9.772463e+01 3.835128e+02 1.921848e+02
    endloop
  endfacet
  facet normal 0.000000e+00 -0.000000e+00 1.000000e+00
    outer loop
      vertex   -1.017323e+02 3.834355e+02 1.921848e+02
      vertex   -9.772463e+01 3.835128e+02 1.921848e+02
      vertex   -1.018219e+02 3.835880e+02 1.921848e+02
    endloop
  endfacet
  facet normal -0.000000e+00 0.000000e+00 1.000000e+00
    outer loop
      vertex   -1.018219e+02 3.835880e+02 1.921848e+02
      vertex   -9.772463e+01 3.835128e+02 1.921848e+02
      vertex   -9.762838e+01 3.836612e+02 1.921848e+02
    endloop
  endfacet
  facet normal 0.000000e+00 -0.000000e+00 1.000000e+00
    outer loop
      vertex   -1.018219e+02 3.835880e+02 1.921848e+02
      vertex   -9.762838e+01 3.836612e+02 1.921848e+02
      vertex   -1.019246e+02 3.837321e+02 1.921848e+02
    endloop
  endfacet
  facet normal -0.000000e+00 0.000000e+00 1.000000e+00
    outer loop
      vertex   -1.019246e+02 3.837321e+02 1.921848e+02
      vertex   -9.762838e+01 3.836612e+02 1.921848e+02
      vertex   -9.751938e+01 3.838006e+02 1.921848e+02
    endloop
  endfacet
  facet normal 0.000000e+00 -0.000000e+00 1.000000e+00
    outer loop
      vertex   -1.019246e+02 3.837321e+02 1.921848e+02
      vertex   -9.751938e+01 3.838006e+02 1.921848e+02
      vertex   -1.020396e+02 3.838665e+02 1.921848e+02
    endloop
  endfacet
  facet normal -0.000000e+00 0.000000e+00 1.000000e+00
    outer loop
      vertex   -1.020396e+02 3.838665e+02 1.921848e+02
      vertex   -9.751938e+01 3.838006e+02 1.921848e+02
      vertex   -9.739848e+01 3.839298e+02 1.921848e+02
    endloop
  endfacet
  facet normal 0.000000e+00 -0.000000e+00 1.000000e+00
    outer loop
      vertex   -1.020396e+02 3.838665e+02 1.921848e+02
      vertex   -9.739848e+01 3.839298e+02 1.921848e+02
      vertex   -1.021661e+02 3.839902e+02 1.921848e+02
    endloop
  endfacet
  facet normal -0.000000e+00 0.000000e+00 1.000000e+00
    outer loop
      vertex   -1.021661e+02 3.839902e+02 1.921848e+02
      vertex   -9.739848e+01 3.839298e+02 1.921848e+02
      vertex   -9.726665e+01 3.840478e+02 1.921848e+02
    endloop
  endfacet
  facet normal 0.000000e+00 -0.000000e+00 1.000000e+00
    outer loop
      vertex   -1.021661e+02 3.839902e+02 1.921848e+02
      vertex   -9.726665e+01 3.840478e+02 1.921848e+02
      vertex   -1.023031e+02 3.841023e+02 1.921848e+02
    endloop
  endfacet
  facet normal -0.000000e+00 0.000000e+00 1.000000e+00
    outer loop
      vertex   -1.023031e+02 3.841023e+02 1.921848e+02
      vertex   -9.726665e+01 3.840478e+02 1.921848e+02
      vertex   -9.712490e+01 3.841537e+02 1.921848e+02
    endloop
  endfacet
  facet normal 0.000000e+00 -0.000000e+00 1.000000e+00
    outer loop
      vertex   -1.023031e+02 3.841023e+02 1.921848e+02
      vertex   -9.712490e+01 3.841537e+02 1.921848e+02
      vertex   -1.024494e+02 3.842018e+02 1.921848e+02
    endloop
  endfacet
  facet normal -0.000000e+00 0.000000e+00 1.000000e+00
    outer loop
      vertex   -1.024494e+02 3.842018e+02 1.921848e+02
      vertex   -9.712490e+01 3.841537e+02 1.921848e+02
      vertex   -9.697435e+01 3.842466e+02 1.921848e+02
    endloop
  endfacet
  facet normal 0.000000e+00 -0.000000e+00 1.000000e+00
    outer loop
      vertex   -1.024494e+02 3.842018e+02 1.921848e+02
      vertex   -9.697435e+01 3.842466e+02 1.921848e+02
      vertex   -1.026039e+02 3.842880e+02 1.921848e+02
    endloop
  endfacet
  facet normal -0.000000e+00 0.000000e+00 1.000000e+00
    outer loop
      vertex   -1.026039e+02 3.842880e+02 1.921848e+02
      vertex   -9.697435e+01 3.842466e+02 1.921848e+02
      vertex   -9.681617e+01 3.843259e+02 1.921848e+02
    endloop
  endfacet
  facet normal 0.000000e+00 -0.000000e+00 1.000000e+00
    outer loop
      vertex   -1.026039e+02 3.842880e+02 1.921848e+02
      vertex   -9.681617e+01 3.843259e+02 1.921848e+02
      vertex   -1.027654e+02 3.843602e+02 1.921848e+02
    endloop
  endfacet
  facet normal -0.000000e+00 0.000000e+00 1.000000e+00
    outer loop
      vertex   -1.027654e+02 3.843602e+02 1.921848e+02
      vertex   -9.681617e+01 3.843259e+02 1.921848e+02
      vertex   -9.665160e+01 3.843909e+02 1.921848e+02
    endloop
  endfacet
  facet normal 0.000000e+00 -0.000000e+00 1.000000e+00
    outer loop
      vertex   -1.027654e+02 3.843602e+02 1.921848e+02
      vertex   -9.665160e+01 3.843909e+02 1.921848e+02
      vertex   -1.029327e+02 3.844179e+02 1.921848e+02
    endloop
  endfacet
  facet normal -0.000000e+00 -0.000000e+00 1.000000e+00
    outer loop
      vertex   -1.029327e+02 3.844179e+02 1.921848e+02
      vertex   -9.665160e+01 3.843909e+02 1.921848e+02
      vertex   -1.075000e+02 3.890000e+02 1.921848e+02
    endloop
  endfacet
  facet normal 0.000000e+00 0.000000e+00 1.000000e+00
    outer loop
      vertex   -1.029327e+02 3.844179e+02 1.921848e+02
      vertex   -1.075000e+02 3.890000e+02 1.921848e+02
      vertex   -1.031044e+02 3.844605e+02 1.921848e+02
    endloop
  endfacet
  facet normal 0.000000e+00 0.000000e+00 1.000000e+00
    outer loop
      vertex   -1.031044e+02 3.844605e+02 1.921848e+02
      vertex   -1.075000e+02 3.890000e+02 1.921848e+02
      vertex   -1.032792e+02 3.844878e+02 1.921848e+02
    endloop
  endfacet
  facet normal 0.000000e+00 0.000000e+00 1.000000e+00
    outer loop
      vertex   -1.032792e+02 3.844878e+02 1.921848e+02
      vertex   -1.075000e+02 3.890000e+02 1.921848e+02
      vertex   -1.034558e+02 3.844995e+02 1.921848e+02
    endloop
  endfacet
  facet normal 0.000000e+00 0.000000e+00 1.000000e+00
    outer loop
      vertex   -1.034558e+02 3.844995e+02 1.921848e+02
      vertex   -1.075000e+02 3.890000e+02 1.921848e+02
      vertex   -1.036326e+02 3.844956e+02 1.921848e+02
    endloop
  endfacet
  facet normal 0.000000e+00 0.000000e+00 1.000000e+00
    outer loop
      vertex   -1.036326e+02 3.844956e+02 1.921848e+02
      vertex   -1.075000e+02 3.890000e+02 1.921848e+02
      vertex   -1.038085e+02 3.844761e+02 1.921848e+02
    endloop
  endfacet
  facet normal 0.000000e+00 0.000000e+00 1.000000e+00
    outer loop
      vertex   -1.038085e+02 3.844761e+02 1.921848e+02
      vertex   -1.075000e+02 3.890000e+02 1.921848e+02
      vertex   -1.039819e+02 3.844411e+02 1.921848e+02
    endloop
  endfacet
  facet normal 0.000000e+00 0.000000e+00 1.000000e+00
    outer loop
      vertex   -1.039819e+02 3.844411e+02 1.921848e+02
      vertex   -1.075000e+02 3.890000e+02 1.921848e+02
      vertex   -1.041516e+02 3.843909e+02 1.921848e+02
    endloop
  endfacet
  facet normal 0.000000e+00 0.000000e+00 1.000000e+00
    outer loop
      vertex   -1.041516e+02 3.843909e+02 1.921848e+02
      vertex   -1.075000e+02 3.890000e+02 1.921848e+02
      vertex   -1.043162e+02 3.843259e+02 1.921848e+02
    endloop
  endfacet
  facet normal 0.000000e+00 0.000000e+00 1.000000e+00
    outer loop
      vertex   -1.043162e+02 3.843259e+02 1.921848e+02
      vertex   -1.075000e+02 3.890000e+02 1.921848e+02
      vertex   -1.044743e+02 3.842466e+02 1.921848e+02
    endloop
  endfacet
  facet normal 0.000000e+00 0.000000e+00 1.000000e+00
    outer loop
      vertex   -1.044743e+02 3.842466e+02 1.921848e+02
      vertex   -1.075000e+02 3.890000e+02 1.921848e+02
      vertex   -1.046249e+02 3.841537e+02 1.921848e+02
    endloop
  endfacet
  facet normal 0.000000e+00 0.000000e+00 1.000000e+00
    outer loop
      vertex   -1.046249e+02 3.841537e+02 1.921848e+02
      vertex   -1.075000e+02 3.890000e+02 1.921848e+02
      vertex   -1.047666e+02 3.840478e+02 1.921848e+02
    endloop
  endfacet
  facet normal 0.000000e+00 0.000000e+00 1.000000e+00
    outer loop
      vertex   -1.047666e+02 3.840478e+02 1.921848e+02
      vertex   -1.075000e+02 3.890000e+02 1.921848e+02
      vertex   -1.048985e+02 3.839298e+02 1.921848e+02
    endloop
  endfacet
  facet normal 0.000000e+00 0.000000e+00 1.000000e+00
    outer loop
      vertex   -1.048985e+02 3.839298e+02 1.921848e+02
      vertex   -1.075000e+02 3.890000e+02 1.921848e+02
      vertex   -1.050194e+02 3.838006e+02 1.921848e+02
    endloop
  endfacet
  facet normal 0.000000e+00 0.000000e+00 1.000000e+00
    outer loop
      vertex   -1.050194e+02 3.838006e+02 1.921848e+02
      vertex   -1.075000e+02 3.890000e+02 1.921848e+02
      vertex   -1.051284e+02 3.836612e+02 1.921848e+02
    endloop
  endfacet
  facet normal 0.000000e+00 0.000000e+00 1.000000e+00
    outer loop
      vertex   -1.051284e+02 3.836612e+02 1.921848e+02
      vertex   -1.075000e+02 3.890000e+02 1.921848e+02
      vertex   -1.052246e+02 3.835128e+02 1.921848e+02
    endloop
  endfacet
  facet normal 0.000000e+00 0.000000e+00 1.000000e+00
    outer loop
      vertex   -1.052246e+02 3.835128e+02 1.921848e+02
      vertex   -1.075000e+02 3.890000e+02 1.921848e+02
      vertex   -1.053074e+02 3.833564e+02 1.921848e+02
    endloop
  endfacet
  facet normal 0.000000e+00 0.000000e+00 1.000000e+00
    outer loop
      vertex   -1.053074e+02 3.833564e+02 1.921848e+02
      vertex   -1.075000e+02 3.890000e+02 1.921848e+02
      vertex   -1.053760e+02 3.831933e+02 1.921848e+02
    endloop
  endfacet
  facet normal 0.000000e+00 0.000000e+00 1.000000e+00
    outer loop
      vertex   -1.053760e+02 3.831933e+02 1.921848e+02
      vertex   -1.075000e+02 3.890000e+02 1.921848e+02
      vertex   -1.054299e+02 3.830248e+02 1.921848e+02
    endloop
  endfacet
  facet normal 0.000000e+00 0.000000e+00 1.000000e+00
    outer loop
      vertex   -1.054299e+02 3.830248e+02 1.921848e+02
      vertex   -1.075000e+02 3.890000e+02 1.921848e+02
      vertex   -1.054688e+02 3.828521e+02 1.921848e+02
    endloop
  endfacet
  facet normal 0.000000e+00 0.000000e+00 1.000000e+00
    outer loop
      vertex   -1.054688e+02 3.828521e+02 1.921848e+02
      vertex   -1.075000e+02 3.890000e+02 1.921848e+02
      vertex   -1.054922e+02 3.826768e+02 1.921848e+02
    endloop
  endfacet
  facet normal 0.000000e+00 0.000000e+00 1.000000e+00
    outer loop
      vertex   -1.054922e+02 3.826768e+02 1.921848e+02
      vertex   -1.075000e+02 3.890000e+02 1.921848e+02
      vertex   -1.055000e+02 3.825000e+02 1.921848e+02
    endloop
  endfacet
  facet normal 0.000000e+00 0.000000e+00 1.000000e+00
    outer loop
      vertex   -1.055000e+02 3.825000e+02 1.921848e+02
      vertex   -1.075000e+02 3.890000e+02 1.921848e+02
      vertex   -1.075000e+02 3.761317e+02 1.921848e+02
    endloop
  endfacet
  facet normal 0.000000e+00 0.000000e+00 1.000000e+00
    outer loop
      vertex   -1.055000e+02 3.825000e+02 1.921848e+02
      vertex   -1.075000e+02 3.761317e+02 1.921848e+02
      vertex   -1.054922e+02 3.823232e+02 1.921848e+02
    endloop
  endfacet
  facet normal 0.000000e+00 0.000000e+00 1.000000e+00
    outer loop
      vertex   -1.054922e+02 3.823232e+02 1.921848e+02
      vertex   -1.075000e+02 3.761317e+02 1.921848e+02
      vertex   -1.054688e+02 3.821479e+02 1.921848e+02
    endloop
  endfacet
  facet normal 0.000000e+00 0.000000e+00 1.000000e+00
    outer loop
      vertex   -1.054688e+02 3.821479e+02 1.921848e+02
      vertex   -1.075000e+02 3.761317e+02 1.921848e+02
      vertex   -1.054299e+02 3.819752e+02 1.921848e+02
    endloop
  endfacet
  facet normal 0.000000e+00 0.000000e+00 1.000000e+00
    outer loop
      vertex   -1.054299e+02 3.819752e+02 1.921848e+02
      vertex   -1.075000e+02 3.761317e+02 1.921848e+02
      vertex   -1.053760e+02 3.818067e+02 1.921848e+02
    endloop
  endfacet
  facet normal 0.000000e+00 0.000000e+00 1.000000e+00
    outer loop
      vertex   -1.053760e+02 3.818067e+02 1.921848e+02
      vertex   -1.075000e+02 3.761317e+02 1.921848e+02
      vertex   -1.053074e+02 3.816436e+02 1.921848e+02
    endloop
  endfacet
  facet normal 0.000000e+00 0.000000e+00 1.000000e+00
    outer loop
      vertex   -1.053074e+02 3.816436e+02 1.921848e+02
      vertex   -1.075000e+02 3.761317e+02 1.921848e+02
      vertex   -1.052246e+02 3.814873e+02 1.921848e+02
    endloop
  endfacet
  facet normal 0.000000e+00 0.000000e+00 1.000000e+00
    outer loop
      vertex   -1.052246e+02 3.814873e+02 1.921848e+02
      vertex   -1.075000e+02 3.761317e+02 1.921848e+02
      vertex   -1.051284e+02 3.813388e+02 1.921848e+02
    endloop
  endfacet
  facet normal 0.000000e+00 0.000000e+00 1.000000e+00
    outer loop
      vertex   -1.051284e+02 3.813388e+02 1.921848e+02
      vertex   -1.075000e+02 3.761317e+02 1.921848e+02
      vertex   -1.050194e+02 3.811994e+02 1.921848e+02
    endloop
  endfacet
  facet normal 0.000000e+00 0.000000e+00 1.000000e+00
    outer loop
      vertex   -1.050194e+02 3.811994e+02 1.921848e+02
      vertex   -1.075000e+02 3.761317e+02 1.921848e+02
      vertex   -1.048985e+02 3.810702e+02 1.921848e+02
    endloop
  endfacet
  facet normal 0.000000e+00 0.000000e+00 1.000000e+00
    outer loop
      vertex   -1.048985e+02 3.810702e+02 1.921848e+02
      vertex   -1.075000e+02 3.761317e+02 1.921848e+02
      vertex   -1.047666e+02 3.809522e+02 1.921848e+02
    endloop
  endfacet
  facet normal 0.000000e+00 0.000000e+00 1.000000e+00
    outer loop
      vertex   -1.047666e+02 3.809522e+02 1.921848e+02
      vertex   -1.075000e+02 3.761317e+02 1.921848e+02
      vertex   -1.073401e+02 3.761306e+02 1.921848e+02
    endloop
  endfacet
  facet normal 0.000000e+00 0.000000e+00 1.000000e+00
    outer loop
      vertex   -1.047666e+02 3.809522e+02 1.921848e+02
      vertex   -1.073401e+02 3.761306e+02 1.921848e+02
      vertex   -1.046249e+02 3.808463e+02 1.921848e+02
    endloop
  endfacet
  facet normal 0.000000e+00 0.000000e+00 1.000000e+00
    outer loop
      vertex   -1.046249e+02 3.808463e+02 1.921848e+02
      vertex   -1.073401e+02 3.761306e+02 1.921848e+02
      vertex   -1.044743e+02 3.807534e+02 1.921848e+02
    endloop
  endfacet
  facet normal 0.000000e+00 0.000000e+00 1.000000e+00
    outer loop
      vertex   -1.044743e+02 3.807534e+02 1.921848e+02
      vertex   -1.073401e+02 3.761306e+02 1.921848e+02
      vertex   -1.043162e+02 3.806741e+02 1.921848e+02
    endloop
  endfacet
  facet normal 0.000000e+00 0.000000e+00 1.000000e+00
    outer loop
      vertex   -1.043162e+02 3.806741e+02 1.921848e+02
      vertex   -1.073401e+02 3.761306e+02 1.921848e+02
      vertex   -1.041516e+02 3.806091e+02 1.921848e+02
    endloop
  endfacet
  facet normal 0.000000e+00 0.000000e+00 1.000000e+00
    outer loop
      vertex   -1.041516e+02 3.806091e+02 1.921848e+02
      vertex   -1.073401e+02 3.761306e+02 1.921848e+02
      vertex   -1.039819e+02 3.805589e+02 1.921848e+02
    endloop
  endfacet
  facet normal 0.000000e+00 0.000000e+00 1.000000e+00
    outer loop
      vertex   -1.039819e+02 3.805589e+02 1.921848e+02
      vertex   -1.073401e+02 3.761306e+02 1.921848e+02
      vertex   -1.038085e+02 3.805239e+02 1.921848e+02
    endloop
  endfacet
  facet normal 0.000000e+00 0.000000e+00 1.000000e+00
    outer loop
      vertex   -1.038085e+02 3.805239e+02 1.921848e+02
      vertex   -1.073401e+02 3.761306e+02 1.921848e+02
      vertex   -1.036326e+02 3.805044e+02 1.921848e+02
    endloop
  endfacet
  facet normal 0.000000e+00 0.000000e+00 1.000000e+00
    outer loop
      vertex   -1.036326e+02 3.805044e+02 1.921848e+02
      vertex   -1.073401e+02 3.761306e+02 1.921848e+02
      vertex   -1.034558e+02 3.805005e+02 1.921848e+02
    endloop
  endfacet
  facet normal -0.000000e+00 0.000000e+00 1.000000e+00
    outer loop
      vertex   -1.034558e+02 3.805005e+02 1.921848e+02
      vertex   -1.073401e+02 3.761306e+02 1.921848e+02
      vertex   -1.032792e+02 3.805122e+02 1.921848e+02
    endloop
  endfacet
  facet normal -0.000000e+00 0.000000e+00 1.000000e+00
    outer loop
      vertex   -1.032792e+02 3.805122e+02 1.921848e+02
      vertex   -1.073401e+02 3.761306e+02 1.921848e+02
      vertex   -1.031044e+02 3.805395e+02 1.921848e+02
    endloop
  endfacet
  facet normal -0.000000e+00 0.000000e+00 1.000000e+00
    outer loop
      vertex   -1.031044e+02 3.805395e+02 1.921848e+02
      vertex   -1.073401e+02 3.761306e+02 1.921848e+02
      vertex   -1.029327e+02 3.805822e+02 1.921848e+02
    endloop
  endfacet
  facet normal -0.000000e+00 0.000000e+00 1.000000e+00
    outer loop
      vertex   -1.029327e+02 3.805822e+02 1.921848e+02
      vertex   -1.073401e+02 3.761306e+02 1.921848e+02
      vertex   -1.027654e+02 3.806398e+02 1.921848e+02
    endloop
  endfacet
  facet normal 0.000000e+00 0.000000e+00 1.000000e+00
    outer loop
      vertex   -9.121969e+01 3.890000e+02 1.921848e+02
      vertex   -9.400196e+01 3.825885e+02 1.921848e+02
      vertex   -9.121969e+01 3.761306e+02 1.921848e+02
    endloop
  endfacet
  facet normal 0.000000e+00 0.000000e+00 1.000000e+00
    outer loop
      vertex   -9.121969e+01 3.761306e+02 1.921848e+02
      vertex   -9.400196e+01 3.825885e+02 1.921848e+02
      vertex   -9.400196e+01 3.824115e+02 1.921848e+02
    endloop
  endfacet
  facet normal 0.000000e+00 0.000000e+00 1.000000e+00
    outer loop
      vertex   -9.121969e+01 3.761306e+02 1.921848e+02
      vertex   -9.400196e+01 3.824115e+02 1.921848e+02
      vertex   -9.401760e+01 3.822353e+02 1.921848e+02
    endloop
  endfacet
  facet normal -0.000000e+00 0.000000e+00 1.000000e+00
    outer loop
      vertex   -1.075000e+02 3.890000e+02 1.921848e+02
      vertex   -9.648194e+01 3.844411e+02 1.921848e+02
      vertex   -9.121969e+01 3.890000e+02 1.921848e+02
    endloop
  endfacet
  facet normal 0.000000e+00 0.000000e+00 1.000000e+00
    outer loop
      vertex   -9.121969e+01 3.890000e+02 1.921848e+02
      vertex   -9.648194e+01 3.844411e+02 1.921848e+02
      vertex   -9.630850e+01 3.844761e+02 1.921848e+02
    endloop
  endfacet
  facet normal 0.000000e+00 0.000000e+00 1.000000e+00
    outer loop
      vertex   -9.121969e+01 3.890000e+02 1.921848e+02
      vertex   -9.630850e+01 3.844761e+02 1.921848e+02
      vertex   -9.613265e+01 3.844956e+02 1.921848e+02
    endloop
  endfacet
  facet normal 0.000000e+00 -0.000000e+00 1.000000e+00
    outer loop
      vertex   -9.665160e+01 3.843909e+02 1.921848e+02
      vertex   -9.648194e+01 3.844411e+02 1.921848e+02
      vertex   -1.075000e+02 3.890000e+02 1.921848e+02
    endloop
  endfacet
  facet normal 0.000000e+00 0.000000e+00 1.000000e+00
    outer loop
      vertex   -9.613265e+01 3.844956e+02 1.921848e+02
      vertex   -9.595576e+01 3.844995e+02 1.921848e+02
      vertex   -9.121969e+01 3.890000e+02 1.921848e+02
    endloop
  endfacet
  facet normal 0.000000e+00 0.000000e+00 1.000000e+00
    outer loop
      vertex   -9.121969e+01 3.890000e+02 1.921848e+02
      vertex   -9.595576e+01 3.844995e+02 1.921848e+02
      vertex   -9.577921e+01 3.844878e+02 1.921848e+02
    endloop
  endfacet
  facet normal 0.000000e+00 0.000000e+00 1.000000e+00
    outer loop
      vertex   -9.121969e+01 3.890000e+02 1.921848e+02
      vertex   -9.577921e+01 3.844878e+02 1.921848e+02
      vertex   -9.560440e+01 3.844605e+02 1.921848e+02
    endloop
  endfacet
  facet normal -0.000000e+00 0.000000e+00 1.000000e+00
    outer loop
      vertex   -9.560440e+01 3.844605e+02 1.921848e+02
      vertex   -9.543268e+01 3.844179e+02 1.921848e+02
      vertex   -9.121969e+01 3.890000e+02 1.921848e+02
    endloop
  endfacet
  facet normal 0.000000e+00 0.000000e+00 1.000000e+00
    outer loop
      vertex   -9.121969e+01 3.890000e+02 1.921848e+02
      vertex   -9.543268e+01 3.844179e+02 1.921848e+02
      vertex   -9.526540e+01 3.843602e+02 1.921848e+02
    endloop
  endfacet
  facet normal 0.000000e+00 0.000000e+00 1.000000e+00
    outer loop
      vertex   -9.121969e+01 3.890000e+02 1.921848e+02
      vertex   -9.526540e+01 3.843602e+02 1.921848e+02
      vertex   -9.510387e+01 3.842880e+02 1.921848e+02
    endloop
  endfacet
  facet normal -0.000000e+00 0.000000e+00 1.000000e+00
    outer loop
      vertex   -9.510387e+01 3.842880e+02 1.921848e+02
      vertex   -9.494935e+01 3.842018e+02 1.921848e+02
      vertex   -9.121969e+01 3.890000e+02 1.921848e+02
    endloop
  endfacet
  facet normal 0.000000e+00 0.000000e+00 1.000000e+00
    outer loop
      vertex   -9.121969e+01 3.890000e+02 1.921848e+02
      vertex   -9.494935e+01 3.842018e+02 1.921848e+02
      vertex   -9.480306e+01 3.841023e+02 1.921848e+02
    endloop
  endfacet
  facet normal 0.000000e+00 0.000000e+00 1.000000e+00
    outer loop
      vertex   -9.121969e+01 3.890000e+02 1.921848e+02
      vertex   -9.480306e+01 3.841023e+02 1.921848e+02
      vertex   -9.466613e+01 3.839902e+02 1.921848e+02
    endloop
  endfacet
  facet normal -0.000000e+00 0.000000e+00 1.000000e+00
    outer loop
      vertex   -9.466613e+01 3.839902e+02 1.921848e+02
      vertex   -9.453964e+01 3.838665e+02 1.921848e+02
      vertex   -9.121969e+01 3.890000e+02 1.921848e+02
    endloop
  endfacet
  facet normal 0.000000e+00 0.000000e+00 1.000000e+00
    outer loop
      vertex   -9.121969e+01 3.890000e+02 1.921848e+02
      vertex   -9.453964e+01 3.838665e+02 1.921848e+02
      vertex   -9.442459e+01 3.837321e+02 1.921848e+02
    endloop
  endfacet
  facet normal 0.000000e+00 0.000000e+00 1.000000e+00
    outer loop
      vertex   -9.121969e+01 3.890000e+02 1.921848e+02
      vertex   -9.442459e+01 3.837321e+02 1.921848e+02
      vertex   -9.432186e+01 3.835880e+02 1.921848e+02
    endloop
  endfacet
  facet normal -0.000000e+00 0.000000e+00 1.000000e+00
    outer loop
      vertex   -9.432186e+01 3.835880e+02 1.921848e+02
      vertex   -9.423226e+01 3.834355e+02 1.921848e+02
      vertex   -9.121969e+01 3.890000e+02 1.921848e+02
    endloop
  endfacet
  facet normal 0.000000e+00 0.000000e+00 1.000000e+00
    outer loop
      vertex   -9.121969e+01 3.890000e+02 1.921848e+02
      vertex   -9.423226e+01 3.834355e+02 1.921848e+02
      vertex   -9.415650e+01 3.832756e+02 1.921848e+02
    endloop
  endfacet
  facet normal 0.000000e+00 0.000000e+00 1.000000e+00
    outer loop
      vertex   -9.121969e+01 3.890000e+02 1.921848e+02
      vertex   -9.415650e+01 3.832756e+02 1.921848e+02
      vertex   -9.409517e+01 3.831096e+02 1.921848e+02
    endloop
  endfacet
  facet normal -0.000000e+00 0.000000e+00 1.000000e+00
    outer loop
      vertex   -9.409517e+01 3.831096e+02 1.921848e+02
      vertex   -9.404875e+01 3.829389e+02 1.921848e+02
      vertex   -9.121969e+01 3.890000e+02 1.921848e+02
    endloop
  endfacet
  facet normal 0.000000e+00 0.000000e+00 1.000000e+00
    outer loop
      vertex   -9.121969e+01 3.890000e+02 1.921848e+02
      vertex   -9.404875e+01 3.829389e+02 1.921848e+02
      vertex   -9.401760e+01 3.827647e+02 1.921848e+02
    endloop
  endfacet
  facet normal 0.000000e+00 0.000000e+00 1.000000e+00
    outer loop
      vertex   -9.121969e+01 3.890000e+02 1.921848e+02
      vertex   -9.401760e+01 3.827647e+02 1.921848e+02
      vertex   -9.400196e+01 3.825885e+02 1.921848e+02
    endloop
  endfacet
  facet normal 0.000000e+00 0.000000e+00 1.000000e+00
    outer loop
      vertex   -9.401760e+01 3.822353e+02 1.921848e+02
      vertex   -9.404875e+01 3.820611e+02 1.921848e+02
      vertex   -9.121969e+01 3.761306e+02 1.921848e+02
    endloop
  endfacet
  facet normal 0.000000e+00 0.000000e+00 1.000000e+00
    outer loop
      vertex   -9.121969e+01 3.761306e+02 1.921848e+02
      vertex   -9.404875e+01 3.820611e+02 1.921848e+02
      vertex   -9.409517e+01 3.818904e+02 1.921848e+02
    endloop
  endfacet
  facet normal 0.000000e+00 0.000000e+00 1.000000e+00
    outer loop
      vertex   -9.121969e+01 3.761306e+02 1.921848e+02
      vertex   -9.409517e+01 3.818904e+02 1.921848e+02
      vertex   -9.415650e+01 3.817244e+02 1.921848e+02
    endloop
  endfacet
  facet normal 0.000000e+00 0.000000e+00 1.000000e+00
    outer loop
      vertex   -9.415650e+01 3.817244e+02 1.921848e+02
      vertex   -9.423226e+01 3.815645e+02 1.921848e+02
      vertex   -9.121969e+01 3.761306e+02 1.921848e+02
    endloop
  endfacet
  facet normal 0.000000e+00 0.000000e+00 1.000000e+00
    outer loop
      vertex   -9.121969e+01 3.761306e+02 1.921848e+02
      vertex   -9.423226e+01 3.815645e+02 1.921848e+02
      vertex   -9.432186e+01 3.814120e+02 1.921848e+02
    endloop
  endfacet
  facet normal 0.000000e+00 0.000000e+00 1.000000e+00
    outer loop
      vertex   -9.121969e+01 3.761306e+02 1.921848e+02
      vertex   -9.432186e+01 3.814120e+02 1.921848e+02
      vertex   -9.442459e+01 3.812679e+02 1.921848e+02
    endloop
  endfacet
  facet normal 0.000000e+00 0.000000e+00 1.000000e+00
    outer loop
      vertex   -9.442459e+01 3.812679e+02 1.921848e+02
      vertex   -9.453964e+01 3.811335e+02 1.921848e+02
      vertex   -9.121969e+01 3.761306e+02 1.921848e+02
    endloop
  endfacet
  facet normal 0.000000e+00 0.000000e+00 1.000000e+00
    outer loop
      vertex   -9.121969e+01 3.761306e+02 1.921848e+02
      vertex   -9.453964e+01 3.811335e+02 1.921848e+02
      vertex   -9.466613e+01 3.810098e+02 1.921848e+02
    endloop
  endfacet
  facet normal 0.000000e+00 0.000000e+00 1.000000e+00
    outer loop
      vertex   -9.121969e+01 3.761306e+02 1.921848e+02
      vertex   -9.466613e+01 3.810098e+02 1.921848e+02
      vertex   -9.480306e+01 3.808977e+02 1.921848e+02
    endloop
  endfacet
  facet normal 0.000000e+00 0.000000e+00 1.000000e+00
    outer loop
      vertex   -9.480306e+01 3.808977e+02 1.921848e+02
      vertex   -9.494935e+01 3.807982e+02 1.921848e+02
      vertex   -9.121969e+01 3.761306e+02 1.921848e+02
    endloop
  endfacet
  facet normal 0.000000e+00 0.000000e+00 1.000000e+00
    outer loop
      vertex   -9.121969e+01 3.761306e+02 1.921848e+02
      vertex   -9.494935e+01 3.807982e+02 1.921848e+02
      vertex   -9.510387e+01 3.807120e+02 1.921848e+02
    endloop
  endfacet
  facet normal 0.000000e+00 0.000000e+00 1.000000e+00
    outer loop
      vertex   -9.121969e+01 3.761306e+02 1.921848e+02
      vertex   -9.510387e+01 3.807120e+02 1.921848e+02
      vertex   -9.526540e+01 3.806398e+02 1.921848e+02
    endloop
  endfacet
  facet normal 0.000000e+00 0.000000e+00 1.000000e+00
    outer loop
      vertex   -9.526540e+01 3.806398e+02 1.921848e+02
      vertex   -9.543268e+01 3.805822e+02 1.921848e+02
      vertex   -9.121969e+01 3.761306e+02 1.921848e+02
    endloop
  endfacet
  facet normal 0.000000e+00 0.000000e+00 1.000000e+00
    outer loop
      vertex   -9.121969e+01 3.761306e+02 1.921848e+02
      vertex   -9.543268e+01 3.805822e+02 1.921848e+02
      vertex   -9.560440e+01 3.805395e+02 1.921848e+02
    endloop
  endfacet
  facet normal 0.000000e+00 0.000000e+00 1.000000e+00
    outer loop
      vertex   -9.121969e+01 3.761306e+02 1.921848e+02
      vertex   -9.560440e+01 3.805395e+02 1.921848e+02
      vertex   -9.577921e+01 3.805122e+02 1.921848e+02
    endloop
  endfacet
  facet normal 0.000000e+00 0.000000e+00 1.000000e+00
    outer loop
      vertex   -9.577921e+01 3.805122e+02 1.921848e+02
      vertex   -9.595576e+01 3.805005e+02 1.921848e+02
      vertex   -9.121969e+01 3.761306e+02 1.921848e+02
    endloop
  endfacet
  facet normal 0.000000e+00 0.000000e+00 1.000000e+00
    outer loop
      vertex   -9.121969e+01 3.761306e+02 1.921848e+02
      vertex   -9.595576e+01 3.805005e+02 1.921848e+02
      vertex   -9.613265e+01 3.805044e+02 1.921848e+02
    endloop
  endfacet
  facet normal 0.000000e+00 0.000000e+00 1.000000e+00
    outer loop
      vertex   -9.121969e+01 3.761306e+02 1.921848e+02
      vertex   -9.613265e+01 3.805044e+02 1.921848e+02
      vertex   -9.630850e+01 3.805239e+02 1.921848e+02
    endloop
  endfacet
  facet normal 0.000000e+00 0.000000e+00 1.000000e+00
    outer loop
      vertex   -9.630850e+01 3.805239e+02 1.921848e+02
      vertex   -9.648194e+01 3.805589e+02 1.921848e+02
      vertex   -9.121969e+01 3.761306e+02 1.921848e+02
    endloop
  endfacet
  facet normal 1.000000e+00 -0.000000e+00 0.000000e+00
    outer loop
      vertex   -9.121969e+01 3.761306e+02 1.921848e+02
      vertex   -9.121969e+01 3.761306e+02 1.802848e+02
      vertex   -9.121969e+01 3.890000e+02 1.921848e+02
    endloop
  endfacet
  facet normal 1.000000e+00 7.213808e-15 -7.801488e-15
    outer loop
      vertex   -9.121969e+01 3.890000e+02 1.921848e+02
      vertex   -9.121969e+01 3.761306e+02 1.802848e+02
      vertex   -9.121969e+01 3.918902e+02 1.802848e+02
    endloop
  endfacet
  facet normal 1.000000e+00 9.895770e-15 -7.150116e-15
    outer loop
      vertex   -9.121969e+01 3.890000e+02 1.921848e+02
      vertex   -9.121969e+01 3.918902e+02 1.802848e+02
      vertex   -9.121969e+01 3.918902e+02 1.961848e+02
    endloop
  endfacet
  facet normal 1.000000e+00 0.000000e+00 -0.000000e+00
    outer loop
      vertex   -9.121969e+01 3.923999e+02 1.961848e+02
      vertex   -9.121969e+01 3.923999e+02 2.046848e+02
      vertex   -9.121969e+01 3.918902e+02 1.961848e+02
    endloop
  endfacet
  facet normal 1.000000e+00 0.000000e+00 -0.000000e+00
    outer loop
      vertex   -9.121969e+01 3.918902e+02 1.961848e+02
      vertex   -9.121969e+01 3.923999e+02 2.046848e+02
      vertex   -9.121969e+01 3.890000e+02 2.046848e+02
    endloop
  endfacet
  facet normal 1.000000e+00 0.000000e+00 0.000000e+00
    outer loop
      vertex   -9.121969e+01 3.918902e+02 1.961848e+02
      vertex   -9.121969e+01 3.890000e+02 2.046848e+02
      vertex   -9.121969e+01 3.890000e+02 1.921848e+02
    endloop
  endfacet
  facet normal 0.000000e+00 -0.000000e+00 -1.000000e+00
    outer loop
      vertex   -1.097860e+02 3.924748e+02 2.014535e+02
      vertex   -1.097860e+02 3.890000e+02 2.014535e+02
      vertex   -1.097973e+02 3.908902e+02 2.014535e+02
    endloop
  endfacet
  facet normal 0.000000e+00 -0.000000e+00 -1.000000e+00
    outer loop
      vertex   -1.097973e+02 3.908902e+02 2.014535e+02
      vertex   -1.097860e+02 3.890000e+02 2.014535e+02
      vertex   -1.097973e+02 3.890000e+02 2.014535e+02
    endloop
  endfacet
  facet normal -1.000000e+00 -0.000000e+00 -0.000000e+00
    outer loop
      vertex   -1.097860e+02 3.924748e+02 2.014535e+02
      vertex   -1.097860e+02 3.924748e+02 1.961851e+02
      vertex   -1.097860e+02 3.890000e+02 2.014535e+02
    endloop
  endfacet
  facet normal -1.000000e+00 0.000000e+00 -0.000000e+00
    outer loop
      vertex   -1.097860e+02 3.890000e+02 2.014535e+02
      vertex   -1.097860e+02 3.924748e+02 1.961851e+02
      vertex   -1.097860e+02 3.761480e+02 1.961851e+02
    endloop
  endfacet
  facet normal -1.000000e+00 -0.000000e+00 0.000000e+00
    outer loop
      vertex   -1.097860e+02 3.890000e+02 2.014535e+02
      vertex   -1.097860e+02 3.761480e+02 1.961851e+02
      vertex   -1.097860e+02 3.761480e+02 2.046848e+02
    endloop
  endfacet
  facet normal -1.000000e+00 0.000000e+00 0.000000e+00
    outer loop
      vertex   -1.097860e+02 3.761480e+02 2.046848e+02
      vertex   -1.097860e+02 3.890000e+02 2.046848e+02
      vertex   -1.097860e+02 3.890000e+02 2.014535e+02
    endloop
  endfacet
  facet normal 0.000000e+00 -0.000000e+00 1.000000e+00
    outer loop
      vertex   -1.097860e+02 3.761480e+02 1.961851e+02
      vertex   -1.097860e+02 3.924748e+02 1.961851e+02
      vertex   -1.097973e+02 3.838809e+02 1.961851e+02
    endloop
  endfacet
  facet normal 0.000000e+00 0.000000e+00 1.000000e+00
    outer loop
      vertex   -1.097973e+02 3.838809e+02 1.961851e+02
      vertex   -1.097860e+02 3.924748e+02 1.961851e+02
      vertex   -1.097902e+02 3.918902e+02 1.961851e+02
    endloop
  endfacet
  facet normal 0.000000e+00 0.000000e+00 1.000000e+00
    outer loop
      vertex   -1.097973e+02 3.838809e+02 1.961851e+02
      vertex   -1.097902e+02 3.918902e+02 1.961851e+02
      vertex   -1.097973e+02 3.918902e+02 1.961851e+02
    endloop
  endfacet
  facet normal 0.000000e+00 0.000000e+00 1.000000e+00
    outer loop
      vertex   -1.097860e+02 3.761480e+02 1.961851e+02
      vertex   -1.097973e+02 3.838809e+02 1.961851e+02
      vertex   -1.097973e+02 3.761481e+02 1.961851e+02
    endloop
  endfacet
  facet normal 0.000000e+00 -0.000000e+00 1.000000e+00
    outer loop
      vertex   -1.097973e+02 3.761481e+02 1.961851e+02
      vertex   -1.097973e+02 3.838809e+02 1.961851e+02
      vertex   -1.125976e+02 3.838809e+02 1.961851e+02
    endloop
  endfacet
  facet normal 0.000000e+00 0.000000e+00 1.000000e+00
    outer loop
      vertex   -1.097973e+02 3.761481e+02 1.961851e+02
      vertex   -1.125976e+02 3.838809e+02 1.961851e+02
      vertex   -1.139056e+02 3.806812e+02 1.961851e+02
    endloop
  endfacet
  facet normal 0.000000e+00 0.000000e+00 1.000000e+00
    outer loop
      vertex   -1.139056e+02 3.806812e+02 1.961851e+02
      vertex   -1.125976e+02 3.838809e+02 1.961851e+02
      vertex   -1.139056e+02 3.825730e+02 1.961851e+02
    endloop
  endfacet
  facet normal 0.000000e+00 0.000000e+00 1.000000e+00
    outer loop
      vertex   -1.097973e+02 3.761481e+02 1.961851e+02
      vertex   -1.139056e+02 3.806812e+02 1.961851e+02
      vertex   -1.174185e+02 3.761481e+02 1.961851e+02
    endloop
  endfacet
  facet normal 0.000000e+00 0.000000e+00 1.000000e+00
    outer loop
      vertex   -1.174185e+02 3.761481e+02 1.961851e+02
      vertex   -1.139056e+02 3.806812e+02 1.961851e+02
      vertex   -1.168862e+02 3.806812e+02 1.961851e+02
    endloop
  endfacet
  facet normal 0.000000e+00 0.000000e+00 1.000000e+00
    outer loop
      vertex   -1.174185e+02 3.761481e+02 1.961851e+02
      vertex   -1.168862e+02 3.806812e+02 1.961851e+02
      vertex   -1.173897e+02 3.801812e+02 1.961851e+02
    endloop
  endfacet
  facet normal -9.999745e-01 7.139189e-03 -5.649099e-09
    outer loop
      vertex   -1.097860e+02 3.924748e+02 1.961851e+02
      vertex   -1.097860e+02 3.924748e+02 1.961848e+02
      vertex   -1.097902e+02 3.918902e+02 1.961851e+02
    endloop
  endfacet
  facet normal -9.999745e-01 7.139189e-03 0.000000e+00
    outer loop
      vertex   -1.097902e+02 3.918902e+02 1.961851e+02
      vertex   -1.097860e+02 3.924748e+02 1.961848e+02
      vertex   -1.097902e+02 3.918902e+02 1.961848e+02
    endloop
  endfacet
  facet normal -9.999745e-01 7.139189e-03 0.000000e+00
    outer loop
      vertex   -1.097973e+02 3.908902e+02 2.014535e+02
      vertex   -1.097973e+02 3.908902e+02 2.046848e+02
      vertex   -1.097860e+02 3.924748e+02 2.014535e+02
    endloop
  endfacet
  facet normal -9.999745e-01 7.139189e-03 6.156880e-13
    outer loop
      vertex   -1.097860e+02 3.924748e+02 2.014535e+02
      vertex   -1.097973e+02 3.908902e+02 2.046848e+02
      vertex   -1.097860e+02 3.924748e+02 2.046848e+02
    endloop
  endfacet
  facet normal -1.000000e+00 0.000000e+00 0.000000e+00
    outer loop
      vertex   -1.097973e+02 3.838809e+02 1.961851e+02
      vertex   -1.097973e+02 3.918902e+02 1.961851e+02
      vertex   -1.097973e+02 3.866812e+02 1.933848e+02
    endloop
  endfacet
  facet normal -1.000000e+00 0.000000e+00 0.000000e+00
    outer loop
      vertex   -1.097973e+02 3.866812e+02 1.933848e+02
      vertex   -1.097973e+02 3.918902e+02 1.961851e+02
      vertex   -1.097973e+02 3.918902e+02 1.802848e+02
    endloop
  endfacet
  facet normal -1.000000e+00 0.000000e+00 0.000000e+00
    outer loop
      vertex   -1.097973e+02 3.866812e+02 1.933848e+02
      vertex   -1.097973e+02 3.918902e+02 1.802848e+02
      vertex   -1.097973e+02 3.866812e+02 1.802848e+02
    endloop
  endfacet
  facet normal -1.000000e+00 1.060079e-12 0.000000e+00
    outer loop
      vertex   -1.097973e+02 3.890000e+02 2.014535e+02
      vertex   -1.097973e+02 3.890000e+02 2.046848e+02
      vertex   -1.097973e+02 3.908902e+02 2.014535e+02
    endloop
  endfacet
  facet normal -1.000000e+00 1.060079e-12 0.000000e+00
    outer loop
      vertex   -1.097973e+02 3.908902e+02 2.014535e+02
      vertex   -1.097973e+02 3.890000e+02 2.046848e+02
      vertex   -1.097973e+02 3.908902e+02 2.046848e+02
    endloop
  endfacet
  facet normal -7.139189e-03 -9.999745e-01 -0.000000e+00
    outer loop
      vertex   -1.097860e+02 3.761480e+02 2.046848e+02
      vertex   -1.097860e+02 3.761480e+02 1.961851e+02
      vertex   -1.075000e+02 3.761317e+02 2.046848e+02
    endloop
  endfacet
  facet normal -7.139189e-03 -9.999745e-01 -0.000000e+00
    outer loop
      vertex   -1.075000e+02 3.761317e+02 2.046848e+02
      vertex   -1.097860e+02 3.761480e+02 1.961851e+02
      vertex   -1.075000e+02 3.761317e+02 1.921848e+02
    endloop
  endfacet
  facet normal -7.139189e-03 -9.999745e-01 2.746872e-14
    outer loop
      vertex   -1.075000e+02 3.761317e+02 1.921848e+02
      vertex   -1.097860e+02 3.761480e+02 1.961851e+02
      vertex   -1.097973e+02 3.761481e+02 1.802848e+02
    endloop
  endfacet
  facet normal -7.139189e-03 -9.999745e-01 2.885686e-14
    outer loop
      vertex   -1.075000e+02 3.761317e+02 1.921848e+02
      vertex   -1.097973e+02 3.761481e+02 1.802848e+02
      vertex   -1.073401e+02 3.761306e+02 1.802848e+02
    endloop
  endfacet
  facet normal -7.139189e-03 -9.999745e-01 0.000000e+00
    outer loop
      vertex   -1.097860e+02 3.761480e+02 1.961851e+02
      vertex   -1.097973e+02 3.761481e+02 1.961851e+02
      vertex   -1.097973e+02 3.761481e+02 1.802848e+02
    endloop
  endfacet
  facet normal -7.139189e-03 -9.999745e-01 0.000000e+00
    outer loop
      vertex   -1.073401e+02 3.761306e+02 1.802848e+02
      vertex   -1.073401e+02 3.761306e+02 1.921848e+02
      vertex   -1.075000e+02 3.761317e+02 1.921848e+02
    endloop
  endfacet
  facet normal 1.342539e-13 -1.000000e+00 0.000000e+00
    outer loop
      vertex   -1.097973e+02 3.761481e+02 1.961851e+02
      vertex   -1.174185e+02 3.761481e+02 1.961851e+02
      vertex   -1.097973e+02 3.761481e+02 1.802848e+02
    endloop
  endfacet
  facet normal 1.342539e-13 -1.000000e+00 0.000000e+00
    outer loop
      vertex   -1.097973e+02 3.761481e+02 1.802848e+02
      vertex   -1.174185e+02 3.761481e+02 1.961851e+02
      vertex   -1.174185e+02 3.761481e+02 1.802848e+02
    endloop
  endfacet
  facet normal -9.999745e-01 7.139189e-03 0.000000e+00
    outer loop
      vertex   -1.173897e+02 3.801812e+02 1.961851e+02
      vertex   -1.173897e+02 3.801812e+02 1.802848e+02
      vertex   -1.174185e+02 3.761481e+02 1.961851e+02
    endloop
  endfacet
  facet normal -9.999745e-01 7.139189e-03 0.000000e+00
    outer loop
      vertex   -1.174185e+02 3.761481e+02 1.961851e+02
      vertex   -1.173897e+02 3.801812e+02 1.802848e+02
      vertex   -1.174185e+02 3.761481e+02 1.802848e+02
    endloop
  endfacet
  facet normal 0.000000e+00 0.000000e+00 -1.000000e+00
    outer loop
      vertex   -1.160973e+02 3.806812e+02 1.948848e+02
      vertex   -1.139056e+02 3.806812e+02 1.948848e+02
      vertex   -1.160973e+02 3.797406e+02 1.948848e+02
    endloop
  endfacet
  facet normal 0.000000e+00 0.000000e+00 -1.000000e+00
    outer loop
      vertex   -1.160973e+02 3.797406e+02 1.948848e+02
      vertex   -1.139056e+02 3.806812e+02 1.948848e+02
      vertex   -1.139056e+02 3.796092e+02 1.948848e+02
    endloop
  endfacet
  facet normal 0.000000e+00 0.000000e+00 -1.000000e+00
    outer loop
      vertex   -1.160973e+02 3.797406e+02 1.948848e+02
      vertex   -1.139056e+02 3.796092e+02 1.948848e+02
      vertex   -1.154730e+02 3.791163e+02 1.948848e+02
    endloop
  endfacet
  facet normal 0.000000e+00 0.000000e+00 -1.000000e+00
    outer loop
      vertex   -1.154730e+02 3.791163e+02 1.948848e+02
      vertex   -1.139056e+02 3.796092e+02 1.948848e+02
      vertex   -1.095973e+02 3.772092e+02 1.948848e+02
    endloop
  endfacet
  facet normal 0.000000e+00 -0.000000e+00 -1.000000e+00
    outer loop
      vertex   -1.154730e+02 3.791163e+02 1.948848e+02
      vertex   -1.095973e+02 3.772092e+02 1.948848e+02
      vertex   -1.160973e+02 3.784921e+02 1.948848e+02
    endloop
  endfacet
  facet normal 0.000000e+00 0.000000e+00 -1.000000e+00
    outer loop
      vertex   -1.160973e+02 3.784921e+02 1.948848e+02
      vertex   -1.095973e+02 3.772092e+02 1.948848e+02
      vertex   -1.160973e+02 3.772092e+02 1.948848e+02
    endloop
  endfacet
  facet normal 0.000000e+00 0.000000e+00 -1.000000e+00
    outer loop
      vertex   -1.139056e+02 3.796092e+02 1.948848e+02
      vertex   -1.095973e+02 3.796092e+02 1.948848e+02
      vertex   -1.095973e+02 3.772092e+02 1.948848e+02
    endloop
  endfacet
  facet normal 7.071068e-01 7.071068e-01 0.000000e+00
    outer loop
      vertex   -1.160973e+02 3.797406e+02 1.948848e+02
      vertex   -1.154730e+02 3.791163e+02 1.948848e+02
      vertex   -1.160973e+02 3.797406e+02 1.802848e+02
    endloop
  endfacet
  facet normal 7.071068e-01 7.071068e-01 0.000000e+00
    outer loop
      vertex   -1.160973e+02 3.797406e+02 1.802848e+02
      vertex   -1.154730e+02 3.791163e+02 1.948848e+02
      vertex   -1.154730e+02 3.791163e+02 1.802848e+02
    endloop
  endfacet
  facet normal 7.071068e-01 -7.071068e-01 0.000000e+00
    outer loop
      vertex   -1.154730e+02 3.791163e+02 1.948848e+02
      vertex   -1.160973e+02 3.784921e+02 1.948848e+02
      vertex   -1.154730e+02 3.791163e+02 1.802848e+02
    endloop
  endfacet
  facet normal 7.071068e-01 -7.071068e-01 0.000000e+00
    outer loop
      vertex   -1.154730e+02 3.791163e+02 1.802848e+02
      vertex   -1.160973e+02 3.784921e+02 1.948848e+02
      vertex   -1.160973e+02 3.784921e+02 1.802848e+02
    endloop
  endfacet
  facet normal 1.000000e+00 0.000000e+00 0.000000e+00
    outer loop
      vertex   -1.160973e+02 3.784921e+02 1.948848e+02
      vertex   -1.160973e+02 3.772092e+02 1.948848e+02
      vertex   -1.160973e+02 3.784921e+02 1.802848e+02
    endloop
  endfacet
  facet normal 1.000000e+00 0.000000e+00 0.000000e+00
    outer loop
      vertex   -1.160973e+02 3.784921e+02 1.802848e+02
      vertex   -1.160973e+02 3.772092e+02 1.948848e+02
      vertex   -1.160973e+02 3.772092e+02 1.802848e+02
    endloop
  endfacet
  facet normal -1.486674e-13 1.000000e+00 0.000000e+00
    outer loop
      vertex   -1.160973e+02 3.772092e+02 1.948848e+02
      vertex   -1.095973e+02 3.772092e+02 1.948848e+02
      vertex   -1.160973e+02 3.772092e+02 1.802848e+02
    endloop
  endfacet
  facet normal 0.000000e+00 1.000000e+00 -6.618754e-14
    outer loop
      vertex   -1.160973e+02 3.772092e+02 1.802848e+02
      vertex   -1.095973e+02 3.772092e+02 1.948848e+02
      vertex   -1.095973e+02 3.772092e+02 1.802848e+02
    endloop
  endfacet
  facet normal -1.000000e+00 -0.000000e+00 -0.000000e+00
    outer loop
      vertex   -1.095973e+02 3.796092e+02 1.948848e+02
      vertex   -1.095973e+02 3.796092e+02 1.802848e+02
      vertex   -1.095973e+02 3.772092e+02 1.948848e+02
    endloop
  endfacet
  facet normal -1.000000e+00 0.000000e+00 -0.000000e+00
    outer loop
      vertex   -1.095973e+02 3.772092e+02 1.948848e+02
      vertex   -1.095973e+02 3.796092e+02 1.802848e+02
      vertex   -1.095973e+02 3.772092e+02 1.802848e+02
    endloop
  endfacet
  facet normal -7.340225e-01 0.000000e+00 -6.791251e-01
    outer loop
      vertex   -9.762079e+01 3.836718e+02 1.802848e+02
      vertex   -9.766539e+01 3.836075e+02 1.803330e+02
      vertex   -9.762079e+01 3.896411e+02 1.802848e+02
    endloop
  endfacet
  facet normal -7.340225e-01 -1.415020e-14 -6.791251e-01
    outer loop
      vertex   -9.762079e+01 3.896411e+02 1.802848e+02
      vertex   -9.766539e+01 3.836075e+02 1.803330e+02
      vertex   -9.770743e+01 3.835415e+02 1.803784e+02
    endloop
  endfacet
  facet normal -7.340225e-01 -2.281384e-14 -6.791251e-01
    outer loop
      vertex   -9.762079e+01 3.896411e+02 1.802848e+02
      vertex   -9.770743e+01 3.835415e+02 1.803784e+02
      vertex   -9.774686e+01 3.834739e+02 1.804210e+02
    endloop
  endfacet
  facet normal -7.340225e-01 -8.466527e-15 -6.791251e-01
    outer loop
      vertex   -9.774686e+01 3.834739e+02 1.804210e+02
      vertex   -9.778361e+01 3.834048e+02 1.804607e+02
      vertex   -9.762079e+01 3.896411e+02 1.802848e+02
    endloop
  endfacet
  facet normal -7.340225e-01 -2.812508e-14 -6.791251e-01
    outer loop
      vertex   -9.762079e+01 3.896411e+02 1.802848e+02
      vertex   -9.778361e+01 3.834048e+02 1.804607e+02
      vertex   -9.781764e+01 3.833344e+02 1.804975e+02
    endloop
  endfacet
  facet normal -7.340225e-01 -2.959876e-14 -6.791251e-01
    outer loop
      vertex   -9.762079e+01 3.896411e+02 1.802848e+02
      vertex   -9.781764e+01 3.833344e+02 1.804975e+02
      vertex   -9.784888e+01 3.832627e+02 1.805313e+02
    endloop
  endfacet
  facet normal -7.340225e-01 -9.450307e-15 -6.791251e-01
    outer loop
      vertex   -9.784888e+01 3.832627e+02 1.805313e+02
      vertex   -9.787730e+01 3.831898e+02 1.805620e+02
      vertex   -9.762079e+01 3.896411e+02 1.802848e+02
    endloop
  endfacet
  facet normal -7.340225e-01 -3.309419e-14 -6.791251e-01
    outer loop
      vertex   -9.762079e+01 3.896411e+02 1.802848e+02
      vertex   -9.787730e+01 3.831898e+02 1.805620e+02
      vertex   -9.790284e+01 3.831158e+02 1.805896e+02
    endloop
  endfacet
  facet normal -7.340225e-01 -2.048181e-14 -6.791251e-01
    outer loop
      vertex   -9.762079e+01 3.896411e+02 1.802848e+02
      vertex   -9.790284e+01 3.831158e+02 1.805896e+02
      vertex   -9.792547e+01 3.830409e+02 1.806141e+02
    endloop
  endfacet
  facet normal -7.340225e-01 -6.644126e-14 -6.791251e-01
    outer loop
      vertex   -9.792547e+01 3.830409e+02 1.806141e+02
      vertex   -9.794515e+01 3.829652e+02 1.806353e+02
      vertex   -9.762079e+01 3.896411e+02 1.802848e+02
    endloop
  endfacet
  facet normal -7.340225e-01 1.064872e-14 -6.791251e-01
    outer loop
      vertex   -9.762079e+01 3.896411e+02 1.802848e+02
      vertex   -9.794515e+01 3.829652e+02 1.806353e+02
      vertex   -9.796186e+01 3.828887e+02 1.806534e+02
    endloop
  endfacet
  facet normal -7.340225e-01 -1.501676e-14 -6.791251e-01
    outer loop
      vertex   -9.762079e+01 3.896411e+02 1.802848e+02
      vertex   -9.796186e+01 3.828887e+02 1.806534e+02
      vertex   -9.977196e+01 3.896411e+02 1.826098e+02
    endloop
  endfacet
  facet normal -7.340225e-01 -2.431283e-13 -6.791251e-01
    outer loop
      vertex   -9.977196e+01 3.896411e+02 1.826098e+02
      vertex   -9.796186e+01 3.828887e+02 1.806534e+02
      vertex   -9.797556e+01 3.828117e+02 1.806682e+02
    endloop
  endfacet
  facet normal -7.340225e-01 1.862069e-13 -6.791251e-01
    outer loop
      vertex   -9.977196e+01 3.896411e+02 1.826098e+02
      vertex   -9.797556e+01 3.828117e+02 1.806682e+02
      vertex   -9.798624e+01 3.827342e+02 1.806797e+02
    endloop
  endfacet
  facet normal -7.340225e-01 4.428751e-14 -6.791251e-01
    outer loop
      vertex   -9.798624e+01 3.827342e+02 1.806797e+02
      vertex   -9.799388e+01 3.826563e+02 1.806880e+02
      vertex   -9.977196e+01 3.896411e+02 1.826098e+02
    endloop
  endfacet
  facet normal -7.340225e-01 -1.446809e-13 -6.791251e-01
    outer loop
      vertex   -9.977196e+01 3.896411e+02 1.826098e+02
      vertex   -9.799388e+01 3.826563e+02 1.806880e+02
      vertex   -9.799847e+01 3.825782e+02 1.806930e+02
    endloop
  endfacet
  facet normal -7.340225e-01 -3.428508e-14 -6.791251e-01
    outer loop
      vertex   -9.977196e+01 3.896411e+02 1.826098e+02
      vertex   -9.799847e+01 3.825782e+02 1.806930e+02
      vertex   -9.800000e+01 3.825000e+02 1.806946e+02
    endloop
  endfacet
  facet normal -7.340225e-01 -6.176542e-15 -6.791251e-01
    outer loop
      vertex   -9.977196e+01 3.896411e+02 1.826098e+02
      vertex   -9.800000e+01 3.825000e+02 1.806946e+02
      vertex   -9.977196e+01 3.761306e+02 1.826098e+02
    endloop
  endfacet
  facet normal -7.340225e-01 1.422976e-14 -6.791251e-01
    outer loop
      vertex   -9.977196e+01 3.761306e+02 1.826098e+02
      vertex   -9.800000e+01 3.825000e+02 1.806946e+02
      vertex   -9.799847e+01 3.824218e+02 1.806930e+02
    endloop
  endfacet
  facet normal -7.340225e-01 3.315180e-13 -6.791251e-01
    outer loop
      vertex   -9.977196e+01 3.761306e+02 1.826098e+02
      vertex   -9.799847e+01 3.824218e+02 1.806930e+02
      vertex   -9.799388e+01 3.823437e+02 1.806880e+02
    endloop
  endfacet
  facet normal -7.340225e-01 -2.642226e-13 -6.791251e-01
    outer loop
      vertex   -9.799388e+01 3.823437e+02 1.806880e+02
      vertex   -9.798624e+01 3.822658e+02 1.806797e+02
      vertex   -9.977196e+01 3.761306e+02 1.826098e+02
    endloop
  endfacet
  facet normal -7.340225e-01 1.271830e-13 -6.791251e-01
    outer loop
      vertex   -9.977196e+01 3.761306e+02 1.826098e+02
      vertex   -9.798624e+01 3.822658e+02 1.806797e+02
      vertex   -9.797556e+01 3.821883e+02 1.806682e+02
    endloop
  endfacet
  facet normal -7.340225e-01 2.916125e-15 -6.791251e-01
    outer loop
      vertex   -9.977196e+01 3.761306e+02 1.826098e+02
      vertex   -9.797556e+01 3.821883e+02 1.806682e+02
      vertex   -9.762079e+01 3.761306e+02 1.802848e+02
    endloop
  endfacet
  facet normal -7.340225e-01 9.816708e-15 -6.791251e-01
    outer loop
      vertex   -9.762079e+01 3.761306e+02 1.802848e+02
      vertex   -9.797556e+01 3.821883e+02 1.806682e+02
      vertex   -9.796186e+01 3.821113e+02 1.806534e+02
    endloop
  endfacet
  facet normal -7.340225e-01 -3.126954e-14 -6.791251e-01
    outer loop
      vertex   -9.762079e+01 3.761306e+02 1.802848e+02
      vertex   -9.796186e+01 3.821113e+02 1.806534e+02
      vertex   -9.794515e+01 3.820348e+02 1.806353e+02
    endloop
  endfacet
  facet normal -7.340225e-01 7.067835e-14 -6.791251e-01
    outer loop
      vertex   -9.794515e+01 3.820348e+02 1.806353e+02
      vertex   -9.792547e+01 3.819591e+02 1.806141e+02
      vertex   -9.762079e+01 3.761306e+02 1.802848e+02
    endloop
  endfacet
  facet normal -7.340225e-01 3.637577e-14 -6.791251e-01
    outer loop
      vertex   -9.762079e+01 3.761306e+02 1.802848e+02
      vertex   -9.792547e+01 3.819591e+02 1.806141e+02
      vertex   -9.790284e+01 3.818842e+02 1.805896e+02
    endloop
  endfacet
  facet normal -7.340225e-01 2.772869e-14 -6.791251e-01
    outer loop
      vertex   -9.762079e+01 3.761306e+02 1.802848e+02
      vertex   -9.790284e+01 3.818842e+02 1.805896e+02
      vertex   -9.787730e+01 3.818103e+02 1.805620e+02
    endloop
  endfacet
  facet normal -7.340225e-01 -3.451176e-14 -6.791251e-01
    outer loop
      vertex   -9.787730e+01 3.818103e+02 1.805620e+02
      vertex   -9.784888e+01 3.817374e+02 1.805313e+02
      vertex   -9.762079e+01 3.761306e+02 1.802848e+02
    endloop
  endfacet
  facet normal -7.340225e-01 6.765049e-15 -6.791251e-01
    outer loop
      vertex   -9.762079e+01 3.761306e+02 1.802848e+02
      vertex   -9.784888e+01 3.817374e+02 1.805313e+02
      vertex   -9.781764e+01 3.816656e+02 1.804975e+02
    endloop
  endfacet
  facet normal -7.340225e-01 1.598991e-14 -6.791251e-01
    outer loop
      vertex   -9.762079e+01 3.761306e+02 1.802848e+02
      vertex   -9.781764e+01 3.816656e+02 1.804975e+02
      vertex   -9.778361e+01 3.815952e+02 1.804607e+02
    endloop
  endfacet
  facet normal -7.340225e-01 2.326862e-15 -6.791251e-01
    outer loop
      vertex   -9.778361e+01 3.815952e+02 1.804607e+02
      vertex   -9.774686e+01 3.815261e+02 1.804210e+02
      vertex   -9.762079e+01 3.761306e+02 1.802848e+02
    endloop
  endfacet
  facet normal -7.340225e-01 -5.768684e-17 -6.791251e-01
    outer loop
      vertex   -9.762079e+01 3.761306e+02 1.802848e+02
      vertex   -9.774686e+01 3.815261e+02 1.804210e+02
      vertex   -9.770743e+01 3.814585e+02 1.803784e+02
    endloop
  endfacet
  facet normal -7.340225e-01 5.213601e-15 -6.791251e-01
    outer loop
      vertex   -9.762079e+01 3.761306e+02 1.802848e+02
      vertex   -9.770743e+01 3.814585e+02 1.803784e+02
      vertex   -9.766539e+01 3.813925e+02 1.803330e+02
    endloop
  endfacet
  facet normal -7.340225e-01 -1.605478e-14 -6.791251e-01
    outer loop
      vertex   -9.766539e+01 3.813925e+02 1.803330e+02
      vertex   -9.762079e+01 3.813282e+02 1.802848e+02
      vertex   -9.762079e+01 3.761306e+02 1.802848e+02
    endloop
  endfacet
  facet normal 9.990212e-01 -4.423335e-02 0.000000e+00
    outer loop
      vertex   -1.054922e+02 3.826768e+02 1.921848e+02
      vertex   -1.055000e+02 3.825000e+02 1.921848e+02
      vertex   -1.055000e+02 3.825000e+02 1.892098e+02
    endloop
  endfacet
  facet normal 9.990212e-01 4.423335e-02 -0.000000e+00
    outer loop
      vertex   -1.055000e+02 3.825000e+02 1.892098e+02
      vertex   -1.055000e+02 3.825000e+02 1.921848e+02
      vertex   -1.054922e+02 3.823232e+02 1.921848e+02
    endloop
  endfacet
  facet normal 9.990210e-01 4.423863e-02 3.145309e-07
    outer loop
      vertex   -1.055000e+02 3.825000e+02 1.892098e+02
      vertex   -1.054922e+02 3.823232e+02 1.921848e+02
      vertex   -1.054922e+02 3.823232e+02 1.892098e+02
    endloop
  endfacet
  facet normal 9.912025e-01 1.323539e-01 -3.144933e-07
    outer loop
      vertex   -1.054922e+02 3.823232e+02 1.892098e+02
      vertex   -1.054922e+02 3.823232e+02 1.921848e+02
      vertex   -1.054688e+02 3.821479e+02 1.921848e+02
    endloop
  endfacet
  facet normal 9.912004e-01 1.323696e-01 6.289866e-07
    outer loop
      vertex   -1.054922e+02 3.823232e+02 1.892098e+02
      vertex   -1.054688e+02 3.821479e+02 1.921848e+02
      vertex   -1.054687e+02 3.821478e+02 1.892098e+02
    endloop
  endfacet
  facet normal 9.756263e-01 2.194385e-01 -6.289115e-07
    outer loop
      vertex   -1.054687e+02 3.821478e+02 1.892098e+02
      vertex   -1.054688e+02 3.821479e+02 1.921848e+02
      vertex   -1.054299e+02 3.819752e+02 1.921848e+02
    endloop
  endfacet
  facet normal 9.756205e-01 2.194643e-01 9.433672e-07
    outer loop
      vertex   -1.054687e+02 3.821478e+02 1.892098e+02
      vertex   -1.054299e+02 3.819752e+02 1.921848e+02
      vertex   -1.054299e+02 3.819752e+02 1.892098e+02
    endloop
  endfacet
  facet normal 9.524145e-01 3.048058e-01 -9.432545e-07
    outer loop
      vertex   -1.054299e+02 3.819752e+02 1.892098e+02
      vertex   -1.054299e+02 3.819752e+02 1.921848e+02
      vertex   -1.053760e+02 3.818067e+02 1.921848e+02
    endloop
  endfacet
  facet normal 9.524032e-01 3.048410e-01 1.257673e-06
    outer loop
      vertex   -1.054299e+02 3.819752e+02 1.892098e+02
      vertex   -1.053760e+02 3.818067e+02 1.921848e+02
      vertex   -1.053760e+02 3.818067e+02 1.892098e+02
    endloop
  endfacet
  facet normal 9.217488e-01 3.877875e-01 -1.257522e-06
    outer loop
      vertex   -1.053760e+02 3.818067e+02 1.892098e+02
      vertex   -1.053760e+02 3.818067e+02 1.921848e+02
      vertex   -1.053074e+02 3.816436e+02 1.921848e+02
    endloop
  endfacet
  facet normal 9.217303e-01 3.878314e-01 1.571903e-06
    outer loop
      vertex   -1.053760e+02 3.818067e+02 1.892098e+02
      vertex   -1.053074e+02 3.816436e+02 1.921848e+02
      vertex   -1.053073e+02 3.816436e+02 1.892098e+02
    endloop
  endfacet
  facet normal 8.838691e-01 4.677343e-01 -1.571715e-06
    outer loop
      vertex   -1.053073e+02 3.816436e+02 1.892098e+02
      vertex   -1.053074e+02 3.816436e+02 1.921848e+02
      vertex   -1.052246e+02 3.814873e+02 1.921848e+02
    endloop
  endfacet
  facet normal 8.838419e-01 4.677857e-01 1.886058e-06
    outer loop
      vertex   -1.053073e+02 3.816436e+02 1.892098e+02
      vertex   -1.052246e+02 3.814873e+02 1.921848e+02
      vertex   -1.052246e+02 3.814872e+02 1.892098e+02
    endloop
  endfacet
  facet normal 8.390720e-01 5.440204e-01 -1.885833e-06
    outer loop
      vertex   -1.052246e+02 3.814872e+02 1.892098e+02
      vertex   -1.052246e+02 3.814873e+02 1.921848e+02
      vertex   -1.051284e+02 3.813388e+02 1.921848e+02
    endloop
  endfacet
  facet normal 8.390346e-01 5.440781e-01 2.200138e-06
    outer loop
      vertex   -1.052246e+02 3.814872e+02 1.892098e+02
      vertex   -1.051284e+02 3.813388e+02 1.921848e+02
      vertex   -1.051283e+02 3.813387e+02 1.892098e+02
    endloop
  endfacet
  facet normal 7.877080e-01 6.160488e-01 -2.199875e-06
    outer loop
      vertex   -1.051283e+02 3.813387e+02 1.892098e+02
      vertex   -1.051284e+02 3.813388e+02 1.921848e+02
      vertex   -1.050194e+02 3.811994e+02 1.921848e+02
    endloop
  endfacet
  facet normal 7.876591e-01 6.161113e-01 2.514143e-06
    outer loop
      vertex   -1.051283e+02 3.813387e+02 1.892098e+02
      vertex   -1.050194e+02 3.811994e+02 1.921848e+02
      vertex   -1.050193e+02 3.811993e+02 1.892098e+02
    endloop
  endfacet
  facet normal 7.301791e-01 6.832558e-01 -2.513843e-06
    outer loop
      vertex   -1.050193e+02 3.811993e+02 1.892098e+02
      vertex   -1.050194e+02 3.811994e+02 1.921848e+02
      vertex   -1.048985e+02 3.810702e+02 1.921848e+02
    endloop
  endfacet
  facet normal 7.301176e-01 6.833215e-01 2.828073e-06
    outer loop
      vertex   -1.050193e+02 3.811993e+02 1.892098e+02
      vertex   -1.048985e+02 3.810702e+02 1.921848e+02
      vertex   -1.048983e+02 3.810701e+02 1.892098e+02
    endloop
  endfacet
  facet normal 6.669355e-01 7.451154e-01 -2.827735e-06
    outer loop
      vertex   -1.048983e+02 3.810701e+02 1.892098e+02
      vertex   -1.048985e+02 3.810702e+02 1.921848e+02
      vertex   -1.047666e+02 3.809522e+02 1.921848e+02
    endloop
  endfacet
  facet normal 6.668607e-01 7.451824e-01 3.141928e-06
    outer loop
      vertex   -1.048983e+02 3.810701e+02 1.892098e+02
      vertex   -1.047666e+02 3.809522e+02 1.921848e+02
      vertex   -1.047665e+02 3.809521e+02 1.892098e+02
    endloop
  endfacet
  facet normal 5.984723e-01 8.011435e-01 -3.141552e-06
    outer loop
      vertex   -1.047665e+02 3.809521e+02 1.892098e+02
      vertex   -1.047666e+02 3.809522e+02 1.921848e+02
      vertex   -1.046249e+02 3.808463e+02 1.921848e+02
    endloop
  endfacet
  facet normal 5.983833e-01 8.012100e-01 3.455707e-06
    outer loop
      vertex   -1.047665e+02 3.809521e+02 1.892098e+02
      vertex   -1.046249e+02 3.808463e+02 1.921848e+02
      vertex   -1.046247e+02 3.808462e+02 1.892098e+02
    endloop
  endfacet
  facet normal 5.253252e-01 8.509015e-01 -3.455294e-06
    outer loop
      vertex   -1.046247e+02 3.808462e+02 1.892098e+02
      vertex   -1.046249e+02 3.808463e+02 1.921848e+02
      vertex   -1.044743e+02 3.807534e+02 1.921848e+02
    endloop
  endfacet
  facet normal 5.252217e-01 8.509654e-01 3.769411e-06
    outer loop
      vertex   -1.046247e+02 3.808462e+02 1.892098e+02
      vertex   -1.044743e+02 3.807534e+02 1.921848e+02
      vertex   -1.044741e+02 3.807533e+02 1.892098e+02
    endloop
  endfacet
  facet normal 4.480668e-01 8.940001e-01 -3.768961e-06
    outer loop
      vertex   -1.044741e+02 3.807533e+02 1.892098e+02
      vertex   -1.044743e+02 3.807534e+02 1.921848e+02
      vertex   -1.043162e+02 3.806741e+02 1.921848e+02
    endloop
  endfacet
  facet normal 4.479486e-01 8.940593e-01 4.083041e-06
    outer loop
      vertex   -1.044741e+02 3.807533e+02 1.892098e+02
      vertex   -1.043162e+02 3.806741e+02 1.921848e+02
      vertex   -1.043159e+02 3.806740e+02 1.892098e+02
    endloop
  endfacet
  facet normal 3.673016e-01 9.301019e-01 -4.082552e-06
    outer loop
      vertex   -1.043159e+02 3.806740e+02 1.892098e+02
      vertex   -1.043162e+02 3.806741e+02 1.921848e+02
      vertex   -1.041516e+02 3.806091e+02 1.921848e+02
    endloop
  endfacet
  facet normal 3.671688e-01 9.301543e-01 4.396595e-06
    outer loop
      vertex   -1.043159e+02 3.806740e+02 1.892098e+02
      vertex   -1.041516e+02 3.806091e+02 1.921848e+02
      vertex   -1.041513e+02 3.806090e+02 1.892098e+02
    endloop
  endfacet
  facet normal 2.836618e-01 9.589244e-01 -4.396069e-06
    outer loop
      vertex   -1.041513e+02 3.806090e+02 1.892098e+02
      vertex   -1.041516e+02 3.806091e+02 1.921848e+02
      vertex   -1.039819e+02 3.805589e+02 1.921848e+02
    endloop
  endfacet
  facet normal 2.835147e-01 9.589679e-01 4.710074e-06
    outer loop
      vertex   -1.041513e+02 3.806090e+02 1.892098e+02
      vertex   -1.039819e+02 3.805589e+02 1.921848e+02
      vertex   -1.039816e+02 3.805589e+02 1.892098e+02
    endloop
  endfacet
  facet normal 1.978019e-01 9.802420e-01 -4.709510e-06
    outer loop
      vertex   -1.039816e+02 3.805589e+02 1.892098e+02
      vertex   -1.039819e+02 3.805589e+02 1.921848e+02
      vertex   -1.038085e+02 3.805239e+02 1.921848e+02
    endloop
  endfacet
  facet normal 1.976412e-01 9.802744e-01 5.023477e-06
    outer loop
      vertex   -1.039816e+02 3.805589e+02 1.892098e+02
      vertex   -1.038085e+02 3.805239e+02 1.921848e+02
      vertex   -1.038082e+02 3.805239e+02 1.892098e+02
    endloop
  endfacet
  facet normal 1.103940e-01 9.938879e-01 -5.022876e-06
    outer loop
      vertex   -1.038082e+02 3.805239e+02 1.892098e+02
      vertex   -1.038085e+02 3.805239e+02 1.921848e+02
      vertex   -1.036326e+02 3.805044e+02 1.921848e+02
    endloop
  endfacet
  facet normal 1.102205e-01 9.939072e-01 5.336806e-06
    outer loop
      vertex   -1.038082e+02 3.805239e+02 1.892098e+02
      vertex   -1.036326e+02 3.805044e+02 1.921848e+02
      vertex   -1.036323e+02 3.805044e+02 1.892098e+02
    endloop
  endfacet
  facet normal 2.212209e-02 9.997553e-01 -5.336167e-06
    outer loop
      vertex   -1.036323e+02 3.805044e+02 1.892098e+02
      vertex   -1.036326e+02 3.805044e+02 1.921848e+02
      vertex   -1.034558e+02 3.805005e+02 1.921848e+02
    endloop
  endfacet
  facet normal 2.193703e-02 9.997594e-01 5.650060e-06
    outer loop
      vertex   -1.036323e+02 3.805044e+02 1.892098e+02
      vertex   -1.034558e+02 3.805005e+02 1.921848e+02
      vertex   -1.034554e+02 3.805005e+02 1.892098e+02
    endloop
  endfacet
  facet normal -6.632296e-02 9.977982e-01 -5.649383e-06
    outer loop
      vertex   -1.034554e+02 3.805005e+02 1.892098e+02
      vertex   -1.034558e+02 3.805005e+02 1.921848e+02
      vertex   -1.032792e+02 3.805122e+02 1.921848e+02
    endloop
  endfacet
  facet normal -6.651820e-02 9.977852e-01 5.963238e-06
    outer loop
      vertex   -1.034554e+02 3.805005e+02 1.892098e+02
      vertex   -1.032792e+02 3.805122e+02 1.921848e+02
      vertex   -1.032788e+02 3.805123e+02 1.892098e+02
    endloop
  endfacet
  facet normal -1.542489e-01 9.880320e-01 -5.962524e-06
    outer loop
      vertex   -1.032788e+02 3.805123e+02 1.892098e+02
      vertex   -1.032792e+02 3.805122e+02 1.921848e+02
      vertex   -1.031044e+02 3.805395e+02 1.921848e+02
    endloop
  endfacet
  facet normal -1.544527e-01 9.880002e-01 6.276341e-06
    outer loop
      vertex   -1.032788e+02 3.805123e+02 1.892098e+02
      vertex   -1.031044e+02 3.805395e+02 1.921848e+02
      vertex   -1.031040e+02 3.805396e+02 1.892098e+02
    endloop
  endfacet
  facet normal -2.409677e-01 9.705331e-01 -6.275590e-06
    outer loop
      vertex   -1.031040e+02 3.805396e+02 1.892098e+02
      vertex   -1.031044e+02 3.805395e+02 1.921848e+02
      vertex   -1.029327e+02 3.805822e+02 1.921848e+02
    endloop
  endfacet
  facet normal -2.410704e-01 9.705076e-01 0.000000e+00
    outer loop
      vertex   -1.031040e+02 3.805396e+02 1.892098e+02
      vertex   -1.029327e+02 3.805822e+02 1.921848e+02
      vertex   -1.029327e+02 3.805822e+02 1.892098e+02
    endloop
  endfacet
  facet normal -3.258006e-01 9.454385e-01 0.000000e+00
    outer loop
      vertex   -1.029327e+02 3.805822e+02 1.892098e+02
      vertex   -1.029327e+02 3.805822e+02 1.921848e+02
      vertex   -1.027654e+02 3.806398e+02 1.892098e+02
    endloop
  endfacet
  facet normal -3.258006e-01 9.454385e-01 0.000000e+00
    outer loop
      vertex   -1.029327e+02 3.805822e+02 1.892098e+02
      vertex   -1.027654e+02 3.806398e+02 1.892098e+02
      vertex   -1.027654e+02 3.806398e+02 1.862348e+02
    endloop
  endfacet
  facet normal -4.080836e-01 9.129446e-01 0.000000e+00
    outer loop
      vertex   -1.027654e+02 3.806398e+02 1.862348e+02
      vertex   -1.027654e+02 3.806398e+02 1.892098e+02
      vertex   -1.026039e+02 3.807120e+02 1.862348e+02
    endloop
  endfacet
  facet normal -4.080836e-01 9.129446e-01 0.000000e+00
    outer loop
      vertex   -1.027654e+02 3.806398e+02 1.862348e+02
      vertex   -1.026039e+02 3.807120e+02 1.862348e+02
      vertex   -1.026039e+02 3.807120e+02 1.832598e+02
    endloop
  endfacet
  facet normal -4.871728e-01 8.733056e-01 0.000000e+00
    outer loop
      vertex   -1.026039e+02 3.807120e+02 1.832598e+02
      vertex   -1.026039e+02 3.807120e+02 1.862348e+02
      vertex   -1.024494e+02 3.807982e+02 1.832598e+02
    endloop
  endfacet
  facet normal -4.871728e-01 8.733056e-01 -2.861885e-05
    outer loop
      vertex   -1.026039e+02 3.807120e+02 1.832598e+02
      vertex   -1.024494e+02 3.807982e+02 1.832598e+02
      vertex   -1.026021e+02 3.807129e+02 1.802848e+02
    endloop
  endfacet
  facet normal -4.880409e-01 8.728208e-01 2.986315e-05
    outer loop
      vertex   -1.026021e+02 3.807129e+02 1.802848e+02
      vertex   -1.024494e+02 3.807982e+02 1.832598e+02
      vertex   -1.024476e+02 3.807993e+02 1.802848e+02
    endloop
  endfacet
  facet normal -5.624493e-01 8.268318e-01 -2.984872e-05
    outer loop
      vertex   -1.024476e+02 3.807993e+02 1.802848e+02
      vertex   -1.024494e+02 3.807982e+02 1.832598e+02
      vertex   -1.023031e+02 3.808977e+02 1.832598e+02
    endloop
  endfacet
  facet normal -5.633060e-01 8.262483e-01 3.109242e-05
    outer loop
      vertex   -1.024476e+02 3.807993e+02 1.802848e+02
      vertex   -1.023031e+02 3.808977e+02 1.832598e+02
      vertex   -1.023014e+02 3.808990e+02 1.802848e+02
    endloop
  endfacet
  facet normal -6.333238e-01 7.738869e-01 -3.107739e-05
    outer loop
      vertex   -1.023014e+02 3.808990e+02 1.802848e+02
      vertex   -1.023031e+02 3.808977e+02 1.832598e+02
      vertex   -1.021661e+02 3.810098e+02 1.832598e+02
    endloop
  endfacet
  facet normal -6.341584e-01 7.732032e-01 3.232049e-05
    outer loop
      vertex   -1.023014e+02 3.808990e+02 1.802848e+02
      vertex   -1.021661e+02 3.810098e+02 1.832598e+02
      vertex   -1.021645e+02 3.810112e+02 1.802848e+02
    endloop
  endfacet
  facet normal -6.992417e-01 7.148853e-01 -3.230486e-05
    outer loop
      vertex   -1.021645e+02 3.810112e+02 1.802848e+02
      vertex   -1.021661e+02 3.810098e+02 1.832598e+02
      vertex   -1.020396e+02 3.811335e+02 1.832598e+02
    endloop
  endfacet
  facet normal -7.000428e-01 7.141009e-01 3.354735e-05
    outer loop
      vertex   -1.021645e+02 3.810112e+02 1.802848e+02
      vertex   -1.020396e+02 3.811335e+02 1.832598e+02
      vertex   -1.020381e+02 3.811352e+02 1.802848e+02
    endloop
  endfacet
  facet normal -7.596871e-01 6.502888e-01 -3.353112e-05
    outer loop
      vertex   -1.020381e+02 3.811352e+02 1.802848e+02
      vertex   -1.020396e+02 3.811335e+02 1.832598e+02
      vertex   -1.019246e+02 3.812679e+02 1.832598e+02
    endloop
  endfacet
  facet normal -7.604432e-01 6.494045e-01 3.477302e-05
    outer loop
      vertex   -1.020381e+02 3.811352e+02 1.802848e+02
      vertex   -1.019246e+02 3.812679e+02 1.832598e+02
      vertex   -1.019231e+02 3.812698e+02 1.802848e+02
    endloop
  endfacet
  facet normal -8.009962e-01 5.986694e-01 -1.695049e-05
    outer loop
      vertex   -1.019231e+02 3.812698e+02 1.802848e+02
      vertex   -1.019246e+02 3.812679e+02 1.832598e+02
      vertex   -1.018736e+02 3.813361e+02 1.803383e+02
    endloop
  endfacet
  facet normal -8.141867e-01 5.806028e-01 -6.691300e-04
    outer loop
      vertex   -1.018736e+02 3.813361e+02 1.803383e+02
      vertex   -1.019246e+02 3.812679e+02 1.832598e+02
      vertex   -1.018219e+02 3.814120e+02 1.832598e+02
    endloop
  endfacet
  facet normal -8.250737e-01 5.650251e-01 -7.199340e-05
    outer loop
      vertex   -1.018736e+02 3.813361e+02 1.803383e+02
      vertex   -1.018219e+02 3.814120e+02 1.832598e+02
      vertex   -1.018268e+02 3.814044e+02 1.803889e+02
    endloop
  endfacet
  facet normal -8.477974e-01 5.303203e-01 5.789041e-05
    outer loop
      vertex   -1.018268e+02 3.814044e+02 1.803889e+02
      vertex   -1.018219e+02 3.814120e+02 1.832598e+02
      vertex   -1.017828e+02 3.814746e+02 1.804364e+02
    endloop
  endfacet
  facet normal -8.623144e-01 5.063728e-01 -6.742842e-04
    outer loop
      vertex   -1.017828e+02 3.814746e+02 1.804364e+02
      vertex   -1.018219e+02 3.814120e+02 1.832598e+02
      vertex   -1.017323e+02 3.815645e+02 1.832598e+02
    endloop
  endfacet
  facet normal -8.689574e-01 4.948868e-01 -1.895461e-04
    outer loop
      vertex   -1.017828e+02 3.814746e+02 1.804364e+02
      vertex   -1.017323e+02 3.815645e+02 1.832598e+02
      vertex   -1.017419e+02 3.815466e+02 1.804807e+02
    endloop
  endfacet
  facet normal -8.887716e-01 4.583503e-01 1.147527e-04
    outer loop
      vertex   -1.017419e+02 3.815466e+02 1.804807e+02
      vertex   -1.017323e+02 3.815645e+02 1.832598e+02
      vertex   -1.017039e+02 3.816202e+02 1.805217e+02
    endloop
  endfacet
  facet normal -9.036933e-01 4.281799e-01 -6.530933e-04
    outer loop
      vertex   -1.017039e+02 3.816202e+02 1.805217e+02
      vertex   -1.017323e+02 3.815645e+02 1.832598e+02
      vertex   -1.016565e+02 3.817244e+02 1.832598e+02
    endloop
  endfacet
  facet normal -9.068950e-01 4.213565e-01 -3.379061e-04
    outer loop
      vertex   -1.017039e+02 3.816202e+02 1.805217e+02
      vertex   -1.016565e+02 3.817244e+02 1.832598e+02
      vertex   -1.016690e+02 3.816953e+02 1.805594e+02
    endloop
  endfacet
  facet normal -9.236433e-01 3.832533e-01 1.507529e-04
    outer loop
      vertex   -1.016690e+02 3.816953e+02 1.805594e+02
      vertex   -1.016565e+02 3.817244e+02 1.832598e+02
      vertex   -1.016373e+02 3.817718e+02 1.805937e+02
    endloop
  endfacet
  facet normal -9.379996e-01 3.466359e-01 -6.032001e-04
    outer loop
      vertex   -1.016373e+02 3.817718e+02 1.805937e+02
      vertex   -1.016565e+02 3.817244e+02 1.832598e+02
      vertex   -1.015952e+02 3.818904e+02 1.832598e+02
    endloop
  endfacet
  facet normal -9.386287e-01 3.449288e-01 -5.173197e-04
    outer loop
      vertex   -1.016373e+02 3.817718e+02 1.805937e+02
      vertex   -1.015952e+02 3.818904e+02 1.832598e+02
      vertex   -1.016087e+02 3.818495e+02 1.806246e+02
    endloop
  endfacet
  facet normal -9.521785e-01 3.055424e-01 1.632831e-04
    outer loop
      vertex   -1.016087e+02 3.818495e+02 1.806246e+02
      vertex   -1.015952e+02 3.818904e+02 1.832598e+02
      vertex   -1.015834e+02 3.819284e+02 1.806519e+02
    endloop
  endfacet
  facet normal -9.639606e-01 2.660445e-01 -4.649894e-04
    outer loop
      vertex   -1.015834e+02 3.819284e+02 1.806519e+02
      vertex   -1.015952e+02 3.818904e+02 1.832598e+02
      vertex   -1.015614e+02 3.820082e+02 1.806757e+02
    endloop
  endfacet
  facet normal -9.649647e-01 2.623789e-01 -6.452243e-04
    outer loop
      vertex   -1.015614e+02 3.820082e+02 1.806757e+02
      vertex   -1.015952e+02 3.818904e+02 1.832598e+02
      vertex   -1.015487e+02 3.820611e+02 1.832598e+02
    endloop
  endfacet
  facet normal -9.741862e-01 2.257460e-01 1.502709e-04
    outer loop
      vertex   -1.015614e+02 3.820082e+02 1.806757e+02
      vertex   -1.015487e+02 3.820611e+02 1.832598e+02
      vertex   -1.015427e+02 3.820889e+02 1.806959e+02
    endloop
  endfacet
  facet normal -9.826780e-01 1.853211e-01 -3.072028e-04
    outer loop
      vertex   -1.015427e+02 3.820889e+02 1.806959e+02
      vertex   -1.015487e+02 3.820611e+02 1.832598e+02
      vertex   -1.015274e+02 3.821703e+02 1.807125e+02
    endloop
  endfacet
  facet normal -9.843777e-01 1.760685e-01 -7.178477e-04
    outer loop
      vertex   -1.015274e+02 3.821703e+02 1.807125e+02
      vertex   -1.015487e+02 3.820611e+02 1.832598e+02
      vertex   -1.015176e+02 3.822353e+02 1.832598e+02
    endloop
  endfacet
  facet normal -9.895187e-01 1.444050e-01 1.104301e-04
    outer loop
      vertex   -1.015274e+02 3.821703e+02 1.807125e+02
      vertex   -1.015176e+02 3.822353e+02 1.832598e+02
      vertex   -1.015154e+02 3.822522e+02 1.807254e+02
    endloop
  endfacet
  facet normal -9.946446e-01 1.033545e-01 -1.676741e-04
    outer loop
      vertex   -1.015154e+02 3.822522e+02 1.807254e+02
      vertex   -1.015176e+02 3.822353e+02 1.832598e+02
      vertex   -1.015069e+02 3.823346e+02 1.807347e+02
    endloop
  endfacet
  facet normal -9.960865e-01 8.838008e-02 -7.624690e-04
    outer loop
      vertex   -1.015069e+02 3.823346e+02 1.807347e+02
      vertex   -1.015176e+02 3.822353e+02 1.832598e+02
      vertex   -1.015020e+02 3.824115e+02 1.832598e+02
    endloop
  endfacet
  facet normal -9.980718e-01 6.206955e-02 4.345804e-05
    outer loop
      vertex   -1.015069e+02 3.823346e+02 1.807347e+02
      vertex   -1.015020e+02 3.824115e+02 1.832598e+02
      vertex   -1.015017e+02 3.824172e+02 1.807402e+02
    endloop
  endfacet
  facet normal -9.997857e-01 2.070376e-02 -4.986107e-05
    outer loop
      vertex   -1.015017e+02 3.824172e+02 1.807402e+02
      vertex   -1.015020e+02 3.824115e+02 1.832598e+02
      vertex   -1.015000e+02 3.825000e+02 1.807421e+02
    endloop
  endfacet
  facet normal -9.999997e-01 0.000000e+00 -7.775227e-04
    outer loop
      vertex   -1.015000e+02 3.825000e+02 1.807421e+02
      vertex   -1.015020e+02 3.824115e+02 1.832598e+02
      vertex   -1.015020e+02 3.825885e+02 1.832598e+02
    endloop
  endfacet
  facet normal -9.997857e-01 -2.070376e-02 -4.986107e-05
    outer loop
      vertex   -1.015000e+02 3.825000e+02 1.807421e+02
      vertex   -1.015020e+02 3.825885e+02 1.832598e+02
      vertex   -1.015017e+02 3.825828e+02 1.807402e+02
    endloop
  endfacet
  facet normal -9.980718e-01 -6.206955e-02 4.345804e-05
    outer loop
      vertex   -1.015017e+02 3.825828e+02 1.807402e+02
      vertex   -1.015020e+02 3.825885e+02 1.832598e+02
      vertex   -1.015069e+02 3.826654e+02 1.807347e+02
    endloop
  endfacet
  facet normal -9.960865e-01 -8.838008e-02 -7.624690e-04
    outer loop
      vertex   -1.015069e+02 3.826654e+02 1.807347e+02
      vertex   -1.015020e+02 3.825885e+02 1.832598e+02
      vertex   -1.015176e+02 3.827647e+02 1.832598e+02
    endloop
  endfacet
  facet normal -9.946446e-01 -1.033545e-01 -1.676741e-04
    outer loop
      vertex   -1.015069e+02 3.826654e+02 1.807347e+02
      vertex   -1.015176e+02 3.827647e+02 1.832598e+02
      vertex   -1.015154e+02 3.827478e+02 1.807254e+02
    endloop
  endfacet
  facet normal -9.895187e-01 -1.444050e-01 1.104301e-04
    outer loop
      vertex   -1.015154e+02 3.827478e+02 1.807254e+02
      vertex   -1.015176e+02 3.827647e+02 1.832598e+02
      vertex   -1.015274e+02 3.828298e+02 1.807125e+02
    endloop
  endfacet
  facet normal -9.843777e-01 -1.760685e-01 -7.178477e-04
    outer loop
      vertex   -1.015274e+02 3.828298e+02 1.807125e+02
      vertex   -1.015176e+02 3.827647e+02 1.832598e+02
      vertex   -1.015487e+02 3.829389e+02 1.832598e+02
    endloop
  endfacet
  facet normal -9.826780e-01 -1.853211e-01 -3.072028e-04
    outer loop
      vertex   -1.015274e+02 3.828298e+02 1.807125e+02
      vertex   -1.015487e+02 3.829389e+02 1.832598e+02
      vertex   -1.015427e+02 3.829111e+02 1.806959e+02
    endloop
  endfacet
  facet normal -9.741862e-01 -2.257460e-01 1.502709e-04
    outer loop
      vertex   -1.015427e+02 3.829111e+02 1.806959e+02
      vertex   -1.015487e+02 3.829389e+02 1.832598e+02
      vertex   -1.015614e+02 3.829918e+02 1.806757e+02
    endloop
  endfacet
  facet normal -9.649647e-01 -2.623789e-01 -6.452243e-04
    outer loop
      vertex   -1.015614e+02 3.829918e+02 1.806757e+02
      vertex   -1.015487e+02 3.829389e+02 1.832598e+02
      vertex   -1.015952e+02 3.831096e+02 1.832598e+02
    endloop
  endfacet
  facet normal -9.639606e-01 -2.660445e-01 -4.649894e-04
    outer loop
      vertex   -1.015614e+02 3.829918e+02 1.806757e+02
      vertex   -1.015952e+02 3.831096e+02 1.832598e+02
      vertex   -1.015834e+02 3.830716e+02 1.806519e+02
    endloop
  endfacet
  facet normal -9.521785e-01 -3.055424e-01 1.632831e-04
    outer loop
      vertex   -1.015834e+02 3.830716e+02 1.806519e+02
      vertex   -1.015952e+02 3.831096e+02 1.832598e+02
      vertex   -1.016087e+02 3.831505e+02 1.806246e+02
    endloop
  endfacet
  facet normal -9.386287e-01 -3.449288e-01 -5.173197e-04
    outer loop
      vertex   -1.016087e+02 3.831505e+02 1.806246e+02
      vertex   -1.015952e+02 3.831096e+02 1.832598e+02
      vertex   -1.016373e+02 3.832282e+02 1.805937e+02
    endloop
  endfacet
  facet normal -9.379996e-01 -3.466359e-01 -6.032001e-04
    outer loop
      vertex   -1.016373e+02 3.832282e+02 1.805937e+02
      vertex   -1.015952e+02 3.831096e+02 1.832598e+02
      vertex   -1.016565e+02 3.832756e+02 1.832598e+02
    endloop
  endfacet
  facet normal -9.236433e-01 -3.832533e-01 1.507529e-04
    outer loop
      vertex   -1.016373e+02 3.832282e+02 1.805937e+02
      vertex   -1.016565e+02 3.832756e+02 1.832598e+02
      vertex   -1.016690e+02 3.833047e+02 1.805594e+02
    endloop
  endfacet
  facet normal -9.068950e-01 -4.213565e-01 -3.379061e-04
    outer loop
      vertex   -1.016690e+02 3.833047e+02 1.805594e+02
      vertex   -1.016565e+02 3.832756e+02 1.832598e+02
      vertex   -1.017039e+02 3.833798e+02 1.805217e+02
    endloop
  endfacet
  facet normal -9.036933e-01 -4.281799e-01 -6.530933e-04
    outer loop
      vertex   -1.017039e+02 3.833798e+02 1.805217e+02
      vertex   -1.016565e+02 3.832756e+02 1.832598e+02
      vertex   -1.017323e+02 3.834355e+02 1.832598e+02
    endloop
  endfacet
  facet normal -8.887716e-01 -4.583503e-01 1.147527e-04
    outer loop
      vertex   -1.017039e+02 3.833798e+02 1.805217e+02
      vertex   -1.017323e+02 3.834355e+02 1.832598e+02
      vertex   -1.017419e+02 3.834534e+02 1.804807e+02
    endloop
  endfacet
  facet normal -8.689574e-01 -4.948868e-01 -1.895461e-04
    outer loop
      vertex   -1.017419e+02 3.834534e+02 1.804807e+02
      vertex   -1.017323e+02 3.834355e+02 1.832598e+02
      vertex   -1.017828e+02 3.835254e+02 1.804364e+02
    endloop
  endfacet
  facet normal -8.623144e-01 -5.063728e-01 -6.742842e-04
    outer loop
      vertex   -1.017828e+02 3.835254e+02 1.804364e+02
      vertex   -1.017323e+02 3.834355e+02 1.832598e+02
      vertex   -1.018219e+02 3.835880e+02 1.832598e+02
    endloop
  endfacet
  facet normal -8.477974e-01 -5.303203e-01 5.789041e-05
    outer loop
      vertex   -1.017828e+02 3.835254e+02 1.804364e+02
      vertex   -1.018219e+02 3.835880e+02 1.832598e+02
      vertex   -1.018268e+02 3.835956e+02 1.803889e+02
    endloop
  endfacet
  facet normal -8.250737e-01 -5.650251e-01 -7.199340e-05
    outer loop
      vertex   -1.018268e+02 3.835956e+02 1.803889e+02
      vertex   -1.018219e+02 3.835880e+02 1.832598e+02
      vertex   -1.018736e+02 3.836639e+02 1.803383e+02
    endloop
  endfacet
  facet normal -8.141867e-01 -5.806028e-01 -6.691300e-04
    outer loop
      vertex   -1.018736e+02 3.836639e+02 1.803383e+02
      vertex   -1.018219e+02 3.835880e+02 1.832598e+02
      vertex   -1.019246e+02 3.837321e+02 1.832598e+02
    endloop
  endfacet
  facet normal -8.009962e-01 -5.986694e-01 -1.695049e-05
    outer loop
      vertex   -1.018736e+02 3.836639e+02 1.803383e+02
      vertex   -1.019246e+02 3.837321e+02 1.832598e+02
      vertex   -1.019231e+02 3.837302e+02 1.802848e+02
    endloop
  endfacet
  facet normal -7.604432e-01 -6.494045e-01 3.477302e-05
    outer loop
      vertex   -1.019231e+02 3.837302e+02 1.802848e+02
      vertex   -1.019246e+02 3.837321e+02 1.832598e+02
      vertex   -1.020381e+02 3.838648e+02 1.802848e+02
    endloop
  endfacet
  facet normal -7.596871e-01 -6.502888e-01 -3.353112e-05
    outer loop
      vertex   -1.020381e+02 3.838648e+02 1.802848e+02
      vertex   -1.019246e+02 3.837321e+02 1.832598e+02
      vertex   -1.020396e+02 3.838665e+02 1.832598e+02
    endloop
  endfacet
  facet normal -7.000428e-01 -7.141009e-01 3.354735e-05
    outer loop
      vertex   -1.020381e+02 3.838648e+02 1.802848e+02
      vertex   -1.020396e+02 3.838665e+02 1.832598e+02
      vertex   -1.021645e+02 3.839888e+02 1.802848e+02
    endloop
  endfacet
  facet normal -6.992417e-01 -7.148853e-01 -3.230486e-05
    outer loop
      vertex   -1.021645e+02 3.839888e+02 1.802848e+02
      vertex   -1.020396e+02 3.838665e+02 1.832598e+02
      vertex   -1.021661e+02 3.839902e+02 1.832598e+02
    endloop
  endfacet
  facet normal -6.341584e-01 -7.732032e-01 3.232049e-05
    outer loop
      vertex   -1.021645e+02 3.839888e+02 1.802848e+02
      vertex   -1.021661e+02 3.839902e+02 1.832598e+02
      vertex   -1.023014e+02 3.841010e+02 1.802848e+02
    endloop
  endfacet
  facet normal -6.333238e-01 -7.738869e-01 -3.107739e-05
    outer loop
      vertex   -1.023014e+02 3.841010e+02 1.802848e+02
      vertex   -1.021661e+02 3.839902e+02 1.832598e+02
      vertex   -1.023031e+02 3.841023e+02 1.832598e+02
    endloop
  endfacet
  facet normal -5.633060e-01 -8.262483e-01 3.109242e-05
    outer loop
      vertex   -1.023014e+02 3.841010e+02 1.802848e+02
      vertex   -1.023031e+02 3.841023e+02 1.832598e+02
      vertex   -1.024476e+02 3.842007e+02 1.802848e+02
    endloop
  endfacet
  facet normal -5.624493e-01 -8.268318e-01 -2.984872e-05
    outer loop
      vertex   -1.024476e+02 3.842007e+02 1.802848e+02
      vertex   -1.023031e+02 3.841023e+02 1.832598e+02
      vertex   -1.024494e+02 3.842018e+02 1.832598e+02
    endloop
  endfacet
  facet normal -4.880409e-01 -8.728208e-01 2.986315e-05
    outer loop
      vertex   -1.024476e+02 3.842007e+02 1.802848e+02
      vertex   -1.024494e+02 3.842018e+02 1.832598e+02
      vertex   -1.026021e+02 3.842871e+02 1.802848e+02
    endloop
  endfacet
  facet normal -4.871728e-01 -8.733056e-01 -2.861885e-05
    outer loop
      vertex   -1.026021e+02 3.842871e+02 1.802848e+02
      vertex   -1.024494e+02 3.842018e+02 1.832598e+02
      vertex   -1.026039e+02 3.842880e+02 1.832598e+02
    endloop
  endfacet
  facet normal -4.089525e-01 -9.125557e-01 2.863268e-05
    outer loop
      vertex   -1.026021e+02 3.842871e+02 1.802848e+02
      vertex   -1.026039e+02 3.842880e+02 1.832598e+02
      vertex   -1.027637e+02 3.843595e+02 1.802848e+02
    endloop
  endfacet
  facet normal -4.080836e-01 -9.129446e-01 -2.738778e-05
    outer loop
      vertex   -1.027637e+02 3.843595e+02 1.802848e+02
      vertex   -1.026039e+02 3.842880e+02 1.832598e+02
      vertex   -1.027654e+02 3.843602e+02 1.832598e+02
    endloop
  endfacet
  facet normal -3.266604e-01 -9.451418e-01 2.740100e-05
    outer loop
      vertex   -1.027637e+02 3.843595e+02 1.802848e+02
      vertex   -1.027654e+02 3.843602e+02 1.832598e+02
      vertex   -1.029310e+02 3.844173e+02 1.802848e+02
    endloop
  endfacet
  facet normal -3.258006e-01 -9.454385e-01 -2.615550e-05
    outer loop
      vertex   -1.029310e+02 3.844173e+02 1.802848e+02
      vertex   -1.027654e+02 3.843602e+02 1.832598e+02
      vertex   -1.029327e+02 3.844179e+02 1.832598e+02
    endloop
  endfacet
  facet normal -2.418094e-01 -9.703238e-01 2.616813e-05
    outer loop
      vertex   -1.029310e+02 3.844173e+02 1.802848e+02
      vertex   -1.029327e+02 3.844179e+02 1.832598e+02
      vertex   -1.031027e+02 3.844602e+02 1.802848e+02
    endloop
  endfacet
  facet normal -2.412757e-01 -9.704566e-01 -6.230507e-06
    outer loop
      vertex   -1.031027e+02 3.844602e+02 1.802848e+02
      vertex   -1.029327e+02 3.844179e+02 1.832598e+02
      vertex   -1.031032e+02 3.844602e+02 1.832598e+02
    endloop
  endfacet
  facet normal -1.550640e-01 -9.879044e-01 6.278595e-06
    outer loop
      vertex   -1.031027e+02 3.844602e+02 1.802848e+02
      vertex   -1.031032e+02 3.844602e+02 1.832598e+02
      vertex   -1.032776e+02 3.844876e+02 1.802848e+02
    endloop
  endfacet
  facet normal -1.548603e-01 -9.879364e-01 -5.964666e-06
    outer loop
      vertex   -1.032776e+02 3.844876e+02 1.802848e+02
      vertex   -1.031032e+02 3.844602e+02 1.832598e+02
      vertex   -1.032780e+02 3.844876e+02 1.832598e+02
    endloop
  endfacet
  facet normal -6.710392e-02 -9.977460e-01 5.965379e-06
    outer loop
      vertex   -1.032776e+02 3.844876e+02 1.802848e+02
      vertex   -1.032780e+02 3.844876e+02 1.832598e+02
      vertex   -1.034542e+02 3.844995e+02 1.802848e+02
    endloop
  endfacet
  facet normal -6.690869e-02 -9.977591e-01 -5.651412e-06
    outer loop
      vertex   -1.034542e+02 3.844995e+02 1.802848e+02
      vertex   -1.032780e+02 3.844876e+02 1.832598e+02
      vertex   -1.034546e+02 3.844995e+02 1.832598e+02
    endloop
  endfacet
  facet normal 2.138186e-02 -9.997714e-01 5.652088e-06
    outer loop
      vertex   -1.034542e+02 3.844995e+02 1.802848e+02
      vertex   -1.034546e+02 3.844995e+02 1.832598e+02
      vertex   -1.036312e+02 3.844957e+02 1.802848e+02
    endloop
  endfacet
  facet normal 2.156692e-02 -9.997674e-01 -5.338083e-06
    outer loop
      vertex   -1.036312e+02 3.844957e+02 1.802848e+02
      vertex   -1.034546e+02 3.844995e+02 1.832598e+02
      vertex   -1.036316e+02 3.844957e+02 1.832598e+02
    endloop
  endfacet
  facet normal 1.097001e-01 -9.939647e-01 5.338722e-06
    outer loop
      vertex   -1.036312e+02 3.844957e+02 1.802848e+02
      vertex   -1.036316e+02 3.844957e+02 1.832598e+02
      vertex   -1.038072e+02 3.844763e+02 1.802848e+02
    endloop
  endfacet
  facet normal 1.098736e-01 -9.939456e-01 -5.024680e-06
    outer loop
      vertex   -1.038072e+02 3.844763e+02 1.802848e+02
      vertex   -1.036316e+02 3.844957e+02 1.832598e+02
      vertex   -1.038075e+02 3.844762e+02 1.832598e+02
    endloop
  endfacet
  facet normal 1.971590e-01 -9.803715e-01 5.025281e-06
    outer loop
      vertex   -1.038072e+02 3.844763e+02 1.802848e+02
      vertex   -1.038075e+02 3.844762e+02 1.832598e+02
      vertex   -1.039807e+02 3.844414e+02 1.802848e+02
    endloop
  endfacet
  facet normal 1.973198e-01 -9.803392e-01 -4.711201e-06
    outer loop
      vertex   -1.039807e+02 3.844414e+02 1.802848e+02
      vertex   -1.038075e+02 3.844762e+02 1.832598e+02
      vertex   -1.039810e+02 3.844413e+02 1.832598e+02
    endloop
  endfacet
  facet normal 2.830734e-01 -9.590982e-01 4.711764e-06
    outer loop
      vertex   -1.039807e+02 3.844414e+02 1.802848e+02
      vertex   -1.039810e+02 3.844413e+02 1.832598e+02
      vertex   -1.041505e+02 3.843913e+02 1.802848e+02
    endloop
  endfacet
  facet normal 2.832205e-01 -9.590548e-01 -4.397647e-06
    outer loop
      vertex   -1.041505e+02 3.843913e+02 1.802848e+02
      vertex   -1.039810e+02 3.844413e+02 1.832598e+02
      vertex   -1.041508e+02 3.843912e+02 1.832598e+02
    endloop
  endfacet
  facet normal 3.667703e-01 -9.303115e-01 4.398173e-06
    outer loop
      vertex   -1.041505e+02 3.843913e+02 1.802848e+02
      vertex   -1.041508e+02 3.843912e+02 1.832598e+02
      vertex   -1.043152e+02 3.843263e+02 1.802848e+02
    endloop
  endfacet
  facet normal 3.669031e-01 -9.302592e-01 -4.084017e-06
    outer loop
      vertex   -1.043152e+02 3.843263e+02 1.802848e+02
      vertex   -1.041508e+02 3.843912e+02 1.832598e+02
      vertex   -1.043154e+02 3.843262e+02 1.832598e+02
    endloop
  endfacet
  facet normal 4.475939e-01 -8.942369e-01 4.084506e-06
    outer loop
      vertex   -1.043152e+02 3.843263e+02 1.802848e+02
      vertex   -1.043154e+02 3.843262e+02 1.832598e+02
      vertex   -1.044735e+02 3.842471e+02 1.802848e+02
    endloop
  endfacet
  facet normal 4.477121e-01 -8.941777e-01 -3.770313e-06
    outer loop
      vertex   -1.044735e+02 3.842471e+02 1.802848e+02
      vertex   -1.043154e+02 3.843262e+02 1.832598e+02
      vertex   -1.044737e+02 3.842470e+02 1.832598e+02
    endloop
  endfacet
  facet normal 5.249112e-01 -8.511570e-01 3.770764e-06
    outer loop
      vertex   -1.044735e+02 3.842471e+02 1.802848e+02
      vertex   -1.044737e+02 3.842470e+02 1.832598e+02
      vertex   -1.046241e+02 3.841542e+02 1.802848e+02
    endloop
  endfacet
  facet normal 5.250147e-01 -8.510932e-01 -3.456534e-06
    outer loop
      vertex   -1.046241e+02 3.841542e+02 1.802848e+02
      vertex   -1.044737e+02 3.842470e+02 1.832598e+02
      vertex   -1.046243e+02 3.841541e+02 1.832598e+02
    endloop
  endfacet
  facet normal 5.981164e-01 -8.014093e-01 3.456947e-06
    outer loop
      vertex   -1.046241e+02 3.841542e+02 1.802848e+02
      vertex   -1.046243e+02 3.841541e+02 1.832598e+02
      vertex   -1.047660e+02 3.840483e+02 1.802848e+02
    endloop
  endfacet
  facet normal 5.982054e-01 -8.013428e-01 -3.142679e-06
    outer loop
      vertex   -1.047660e+02 3.840483e+02 1.802848e+02
      vertex   -1.046243e+02 3.841541e+02 1.832598e+02
      vertex   -1.047662e+02 3.840482e+02 1.832598e+02
    endloop
  endfacet
  facet normal 6.666360e-01 -7.453834e-01 3.143055e-06
    outer loop
      vertex   -1.047660e+02 3.840483e+02 1.802848e+02
      vertex   -1.047662e+02 3.840482e+02 1.832598e+02
      vertex   -1.048979e+02 3.839303e+02 1.802848e+02
    endloop
  endfacet
  facet normal 6.667109e-01 -7.453164e-01 -2.828749e-06
    outer loop
      vertex   -1.048979e+02 3.839303e+02 1.802848e+02
      vertex   -1.047662e+02 3.840482e+02 1.832598e+02
      vertex   -1.048981e+02 3.839302e+02 1.832598e+02
    endloop
  endfacet
  facet normal 7.299333e-01 -6.835184e-01 2.829087e-06
    outer loop
      vertex   -1.048979e+02 3.839303e+02 1.802848e+02
      vertex   -1.048981e+02 3.839302e+02 1.832598e+02
      vertex   -1.050189e+02 3.838011e+02 1.802848e+02
    endloop
  endfacet
  facet normal 7.299948e-01 -6.834527e-01 -2.514744e-06
    outer loop
      vertex   -1.050189e+02 3.838011e+02 1.802848e+02
      vertex   -1.048981e+02 3.839302e+02 1.832598e+02
      vertex   -1.050190e+02 3.838010e+02 1.832598e+02
    endloop
  endfacet
  facet normal 7.875125e-01 -6.162987e-01 2.515045e-06
    outer loop
      vertex   -1.050189e+02 3.838011e+02 1.802848e+02
      vertex   -1.050190e+02 3.838010e+02 1.832598e+02
      vertex   -1.051280e+02 3.836617e+02 1.802848e+02
    endloop
  endfacet
  facet normal 7.875613e-01 -6.162363e-01 -2.200664e-06
    outer loop
      vertex   -1.051280e+02 3.836617e+02 1.802848e+02
      vertex   -1.050190e+02 3.838010e+02 1.832598e+02
      vertex   -1.051281e+02 3.836616e+02 1.832598e+02
    endloop
  endfacet
  facet normal 8.389223e-01 -5.442511e-01 2.200927e-06
    outer loop
      vertex   -1.051280e+02 3.836617e+02 1.802848e+02
      vertex   -1.051281e+02 3.836616e+02 1.832598e+02
      vertex   -1.052244e+02 3.835132e+02 1.802848e+02
    endloop
  endfacet
  facet normal 8.389598e-01 -5.441934e-01 -1.886509e-06
    outer loop
      vertex   -1.052244e+02 3.835132e+02 1.802848e+02
      vertex   -1.051281e+02 3.836616e+02 1.832598e+02
      vertex   -1.052244e+02 3.835131e+02 1.832598e+02
    endloop
  endfacet
  facet normal 8.837603e-01 -4.679399e-01 1.886734e-06
    outer loop
      vertex   -1.052244e+02 3.835132e+02 1.802848e+02
      vertex   -1.052244e+02 3.835131e+02 1.832598e+02
      vertex   -1.053072e+02 3.833567e+02 1.802848e+02
    endloop
  endfacet
  facet normal 8.837875e-01 -4.678885e-01 -1.572279e-06
    outer loop
      vertex   -1.053072e+02 3.833567e+02 1.802848e+02
      vertex   -1.052244e+02 3.835131e+02 1.832598e+02
      vertex   -1.053073e+02 3.833567e+02 1.832598e+02
    endloop
  endfacet
  facet normal 9.216750e-01 -3.879630e-01 1.572467e-06
    outer loop
      vertex   -1.053072e+02 3.833567e+02 1.802848e+02
      vertex   -1.053073e+02 3.833567e+02 1.832598e+02
      vertex   -1.053759e+02 3.831936e+02 1.802848e+02
    endloop
  endfacet
  facet normal 9.216934e-01 -3.879191e-01 -1.257973e-06
    outer loop
      vertex   -1.053759e+02 3.831936e+02 1.802848e+02
      vertex   -1.053073e+02 3.833567e+02 1.832598e+02
      vertex   -1.053759e+02 3.831935e+02 1.832598e+02
    endloop
  endfacet
  facet normal 9.523694e-01 -3.049468e-01 1.258123e-06
    outer loop
      vertex   -1.053759e+02 3.831936e+02 1.802848e+02
      vertex   -1.053759e+02 3.831935e+02 1.832598e+02
      vertex   -1.054299e+02 3.830250e+02 1.802848e+02
    endloop
  endfacet
  facet normal 9.523807e-01 -3.049115e-01 -9.435926e-07
    outer loop
      vertex   -1.054299e+02 3.830250e+02 1.802848e+02
      vertex   -1.053759e+02 3.831935e+02 1.832598e+02
      vertex   -1.054299e+02 3.830249e+02 1.832598e+02
    endloop
  endfacet
  facet normal 9.756031e-01 -2.195417e-01 9.437053e-07
    outer loop
      vertex   -1.054299e+02 3.830250e+02 1.802848e+02
      vertex   -1.054299e+02 3.830249e+02 1.832598e+02
      vertex   -1.054687e+02 3.828523e+02 1.802848e+02
    endloop
  endfacet
  facet normal 9.756089e-01 -2.195159e-01 -6.291369e-07
    outer loop
      vertex   -1.054687e+02 3.828523e+02 1.802848e+02
      vertex   -1.054299e+02 3.830249e+02 1.832598e+02
      vertex   -1.054687e+02 3.828523e+02 1.832598e+02
    endloop
  endfacet
  facet normal 9.911941e-01 -1.324168e-01 6.292120e-07
    outer loop
      vertex   -1.054687e+02 3.828523e+02 1.802848e+02
      vertex   -1.054687e+02 3.828523e+02 1.832598e+02
      vertex   -1.054922e+02 3.826769e+02 1.802848e+02
    endloop
  endfacet
  facet normal 9.911962e-01 -1.324010e-01 -3.146060e-07
    outer loop
      vertex   -1.054922e+02 3.826769e+02 1.802848e+02
      vertex   -1.054687e+02 3.828523e+02 1.832598e+02
      vertex   -1.054922e+02 3.826768e+02 1.832598e+02
    endloop
  endfacet
  facet normal 9.990203e-01 -4.425448e-02 3.146436e-07
    outer loop
      vertex   -1.054922e+02 3.826769e+02 1.802848e+02
      vertex   -1.054922e+02 3.826768e+02 1.832598e+02
      vertex   -1.055000e+02 3.825000e+02 1.802848e+02
    endloop
  endfacet
  facet normal 9.990205e-01 -4.424920e-02 -5.918296e-15
    outer loop
      vertex   -1.055000e+02 3.825000e+02 1.802848e+02
      vertex   -1.054922e+02 3.826768e+02 1.832598e+02
      vertex   -1.055000e+02 3.825000e+02 1.832598e+02
    endloop
  endfacet
  facet normal 9.990205e-01 4.424920e-02 5.918296e-15
    outer loop
      vertex   -1.055000e+02 3.825000e+02 1.802848e+02
      vertex   -1.055000e+02 3.825000e+02 1.832598e+02
      vertex   -1.054922e+02 3.823232e+02 1.832598e+02
    endloop
  endfacet
  facet normal 9.990205e-01 4.424920e-02 3.146060e-07
    outer loop
      vertex   -1.054922e+02 3.823232e+02 1.832598e+02
      vertex   -1.055000e+02 3.825000e+02 1.832598e+02
      vertex   -1.054922e+02 3.823232e+02 1.862348e+02
    endloop
  endfacet
  facet normal 9.911983e-01 1.323853e-01 -3.145684e-07
    outer loop
      vertex   -1.054922e+02 3.823232e+02 1.832598e+02
      vertex   -1.054922e+02 3.823232e+02 1.862348e+02
      vertex   -1.054687e+02 3.821478e+02 1.862348e+02
    endloop
  endfacet
  facet normal 9.911983e-01 1.323853e-01 6.290617e-07
    outer loop
      vertex   -1.054687e+02 3.821478e+02 1.862348e+02
      vertex   -1.054922e+02 3.823232e+02 1.862348e+02
      vertex   -1.054687e+02 3.821478e+02 1.892098e+02
    endloop
  endfacet
  facet normal 9.756205e-01 2.194643e-01 -6.289866e-07
    outer loop
      vertex   -1.054687e+02 3.821478e+02 1.862348e+02
      vertex   -1.054687e+02 3.821478e+02 1.892098e+02
      vertex   -1.054299e+02 3.819752e+02 1.892098e+02
    endloop
  endfacet
  facet normal -3.258006e-01 9.454385e-01 0.000000e+00
    outer loop
      vertex   -1.029327e+02 3.805822e+02 1.921848e+02
      vertex   -1.027654e+02 3.806398e+02 1.921848e+02
      vertex   -1.027654e+02 3.806398e+02 1.892098e+02
    endloop
  endfacet
  facet normal -4.080836e-01 9.129446e-01 0.000000e+00
    outer loop
      vertex   -1.027654e+02 3.806398e+02 1.892098e+02
      vertex   -1.027654e+02 3.806398e+02 1.921848e+02
      vertex   -1.026039e+02 3.807120e+02 1.892098e+02
    endloop
  endfacet
  facet normal -4.080836e-01 9.129446e-01 0.000000e+00
    outer loop
      vertex   -1.027654e+02 3.806398e+02 1.892098e+02
      vertex   -1.026039e+02 3.807120e+02 1.892098e+02
      vertex   -1.026039e+02 3.807120e+02 1.862348e+02
    endloop
  endfacet
  facet normal -4.871728e-01 8.733056e-01 0.000000e+00
    outer loop
      vertex   -1.026039e+02 3.807120e+02 1.862348e+02
      vertex   -1.026039e+02 3.807120e+02 1.892098e+02
      vertex   -1.024494e+02 3.807982e+02 1.862348e+02
    endloop
  endfacet
  facet normal -4.871728e-01 8.733056e-01 0.000000e+00
    outer loop
      vertex   -1.026039e+02 3.807120e+02 1.862348e+02
      vertex   -1.024494e+02 3.807982e+02 1.862348e+02
      vertex   -1.024494e+02 3.807982e+02 1.832598e+02
    endloop
  endfacet
  facet normal -5.624493e-01 8.268318e-01 0.000000e+00
    outer loop
      vertex   -1.024494e+02 3.807982e+02 1.832598e+02
      vertex   -1.024494e+02 3.807982e+02 1.862348e+02
      vertex   -1.023031e+02 3.808977e+02 1.832598e+02
    endloop
  endfacet
  facet normal -4.080836e-01 9.129446e-01 0.000000e+00
    outer loop
      vertex   -1.027654e+02 3.806398e+02 1.921848e+02
      vertex   -1.026039e+02 3.807120e+02 1.921848e+02
      vertex   -1.026039e+02 3.807120e+02 1.892098e+02
    endloop
  endfacet
  facet normal -4.871728e-01 8.733056e-01 0.000000e+00
    outer loop
      vertex   -1.026039e+02 3.807120e+02 1.892098e+02
      vertex   -1.026039e+02 3.807120e+02 1.921848e+02
      vertex   -1.024494e+02 3.807982e+02 1.892098e+02
    endloop
  endfacet
  facet normal -4.871728e-01 8.733056e-01 0.000000e+00
    outer loop
      vertex   -1.026039e+02 3.807120e+02 1.892098e+02
      vertex   -1.024494e+02 3.807982e+02 1.892098e+02
      vertex   -1.024494e+02 3.807982e+02 1.862348e+02
    endloop
  endfacet
  facet normal -5.624493e-01 8.268318e-01 0.000000e+00
    outer loop
      vertex   -1.024494e+02 3.807982e+02 1.862348e+02
      vertex   -1.024494e+02 3.807982e+02 1.892098e+02
      vertex   -1.023031e+02 3.808977e+02 1.862348e+02
    endloop
  endfacet
  facet normal -5.624493e-01 8.268318e-01 0.000000e+00
    outer loop
      vertex   -1.024494e+02 3.807982e+02 1.862348e+02
      vertex   -1.023031e+02 3.808977e+02 1.862348e+02
      vertex   -1.023031e+02 3.808977e+02 1.832598e+02
    endloop
  endfacet
  facet normal -6.333238e-01 7.738869e-01 0.000000e+00
    outer loop
      vertex   -1.023031e+02 3.808977e+02 1.832598e+02
      vertex   -1.023031e+02 3.808977e+02 1.862348e+02
      vertex   -1.021661e+02 3.810098e+02 1.832598e+02
    endloop
  endfacet
  facet normal -4.871728e-01 8.733056e-01 2.326688e-15
    outer loop
      vertex   -1.026039e+02 3.807120e+02 1.921848e+02
      vertex   -1.024494e+02 3.807982e+02 1.921848e+02
      vertex   -1.024494e+02 3.807982e+02 1.892098e+02
    endloop
  endfacet
  facet normal -5.624493e-01 8.268318e-01 2.686684e-15
    outer loop
      vertex   -1.024494e+02 3.807982e+02 1.892098e+02
      vertex   -1.024494e+02 3.807982e+02 1.921848e+02
      vertex   -1.023031e+02 3.808977e+02 1.892098e+02
    endloop
  endfacet
  facet normal -5.624493e-01 8.268318e-01 0.000000e+00
    outer loop
      vertex   -1.024494e+02 3.807982e+02 1.892098e+02
      vertex   -1.023031e+02 3.808977e+02 1.892098e+02
      vertex   -1.023031e+02 3.808977e+02 1.862348e+02
    endloop
  endfacet
  facet normal -6.333238e-01 7.738869e-01 0.000000e+00
    outer loop
      vertex   -1.023031e+02 3.808977e+02 1.862348e+02
      vertex   -1.023031e+02 3.808977e+02 1.892098e+02
      vertex   -1.021661e+02 3.810098e+02 1.862348e+02
    endloop
  endfacet
  facet normal -6.333238e-01 7.738869e-01 0.000000e+00
    outer loop
      vertex   -1.023031e+02 3.808977e+02 1.862348e+02
      vertex   -1.021661e+02 3.810098e+02 1.862348e+02
      vertex   -1.021661e+02 3.810098e+02 1.832598e+02
    endloop
  endfacet
  facet normal -6.992417e-01 7.148853e-01 0.000000e+00
    outer loop
      vertex   -1.021661e+02 3.810098e+02 1.832598e+02
      vertex   -1.021661e+02 3.810098e+02 1.862348e+02
      vertex   -1.020396e+02 3.811335e+02 1.832598e+02
    endloop
  endfacet
  facet normal -5.624493e-01 8.268318e-01 0.000000e+00
    outer loop
      vertex   -1.024494e+02 3.807982e+02 1.921848e+02
      vertex   -1.023031e+02 3.808977e+02 1.921848e+02
      vertex   -1.023031e+02 3.808977e+02 1.892098e+02
    endloop
  endfacet
  facet normal -6.333238e-01 7.738869e-01 0.000000e+00
    outer loop
      vertex   -1.023031e+02 3.808977e+02 1.892098e+02
      vertex   -1.023031e+02 3.808977e+02 1.921848e+02
      vertex   -1.021661e+02 3.810098e+02 1.892098e+02
    endloop
  endfacet
  facet normal -6.333238e-01 7.738869e-01 -3.025354e-15
    outer loop
      vertex   -1.023031e+02 3.808977e+02 1.892098e+02
      vertex   -1.021661e+02 3.810098e+02 1.892098e+02
      vertex   -1.021661e+02 3.810098e+02 1.862348e+02
    endloop
  endfacet
  facet normal -6.992417e-01 7.148853e-01 -3.340108e-15
    outer loop
      vertex   -1.021661e+02 3.810098e+02 1.862348e+02
      vertex   -1.021661e+02 3.810098e+02 1.892098e+02
      vertex   -1.020396e+02 3.811335e+02 1.862348e+02
    endloop
  endfacet
  facet normal -6.992417e-01 7.148853e-01 -6.676870e-15
    outer loop
      vertex   -1.021661e+02 3.810098e+02 1.862348e+02
      vertex   -1.020396e+02 3.811335e+02 1.862348e+02
      vertex   -1.020396e+02 3.811335e+02 1.832598e+02
    endloop
  endfacet
  facet normal -7.596871e-01 6.502888e-01 -7.257683e-15
    outer loop
      vertex   -1.020396e+02 3.811335e+02 1.832598e+02
      vertex   -1.020396e+02 3.811335e+02 1.862348e+02
      vertex   -1.019246e+02 3.812679e+02 1.832598e+02
    endloop
  endfacet
  facet normal -6.333238e-01 7.738869e-01 3.025354e-15
    outer loop
      vertex   -1.023031e+02 3.808977e+02 1.921848e+02
      vertex   -1.021661e+02 3.810098e+02 1.921848e+02
      vertex   -1.021661e+02 3.810098e+02 1.892098e+02
    endloop
  endfacet
  facet normal -6.992417e-01 7.148853e-01 3.340108e-15
    outer loop
      vertex   -1.021661e+02 3.810098e+02 1.892098e+02
      vertex   -1.021661e+02 3.810098e+02 1.921848e+02
      vertex   -1.020396e+02 3.811335e+02 1.892098e+02
    endloop
  endfacet
  facet normal -6.992417e-01 7.148853e-01 0.000000e+00
    outer loop
      vertex   -1.021661e+02 3.810098e+02 1.892098e+02
      vertex   -1.020396e+02 3.811335e+02 1.892098e+02
      vertex   -1.020396e+02 3.811335e+02 1.862348e+02
    endloop
  endfacet
  facet normal -7.596871e-01 6.502888e-01 0.000000e+00
    outer loop
      vertex   -1.020396e+02 3.811335e+02 1.862348e+02
      vertex   -1.020396e+02 3.811335e+02 1.892098e+02
      vertex   -1.019246e+02 3.812679e+02 1.862348e+02
    endloop
  endfacet
  facet normal -7.596871e-01 6.502888e-01 -7.256895e-15
    outer loop
      vertex   -1.020396e+02 3.811335e+02 1.862348e+02
      vertex   -1.019246e+02 3.812679e+02 1.862348e+02
      vertex   -1.019246e+02 3.812679e+02 1.832598e+02
    endloop
  endfacet
  facet normal -8.141869e-01 5.806029e-01 -7.778347e-15
    outer loop
      vertex   -1.019246e+02 3.812679e+02 1.832598e+02
      vertex   -1.019246e+02 3.812679e+02 1.862348e+02
      vertex   -1.018219e+02 3.814120e+02 1.832598e+02
    endloop
  endfacet
  facet normal -6.992417e-01 7.148853e-01 6.676870e-15
    outer loop
      vertex   -1.021661e+02 3.810098e+02 1.921848e+02
      vertex   -1.020396e+02 3.811335e+02 1.921848e+02
      vertex   -1.020396e+02 3.811335e+02 1.892098e+02
    endloop
  endfacet
  facet normal -7.596871e-01 6.502888e-01 7.257683e-15
    outer loop
      vertex   -1.020396e+02 3.811335e+02 1.892098e+02
      vertex   -1.020396e+02 3.811335e+02 1.921848e+02
      vertex   -1.019246e+02 3.812679e+02 1.892098e+02
    endloop
  endfacet
  facet normal -7.596871e-01 6.502888e-01 0.000000e+00
    outer loop
      vertex   -1.020396e+02 3.811335e+02 1.892098e+02
      vertex   -1.019246e+02 3.812679e+02 1.892098e+02
      vertex   -1.019246e+02 3.812679e+02 1.862348e+02
    endloop
  endfacet
  facet normal -8.141869e-01 5.806029e-01 0.000000e+00
    outer loop
      vertex   -1.019246e+02 3.812679e+02 1.862348e+02
      vertex   -1.019246e+02 3.812679e+02 1.892098e+02
      vertex   -1.018219e+02 3.814120e+02 1.862348e+02
    endloop
  endfacet
  facet normal -8.141869e-01 5.806029e-01 0.000000e+00
    outer loop
      vertex   -1.019246e+02 3.812679e+02 1.862348e+02
      vertex   -1.018219e+02 3.814120e+02 1.862348e+02
      vertex   -1.018219e+02 3.814120e+02 1.832598e+02
    endloop
  endfacet
  facet normal -8.623146e-01 5.063730e-01 0.000000e+00
    outer loop
      vertex   -1.018219e+02 3.814120e+02 1.832598e+02
      vertex   -1.018219e+02 3.814120e+02 1.862348e+02
      vertex   -1.017323e+02 3.815645e+02 1.832598e+02
    endloop
  endfacet
  facet normal -7.596871e-01 6.502888e-01 7.256895e-15
    outer loop
      vertex   -1.020396e+02 3.811335e+02 1.921848e+02
      vertex   -1.019246e+02 3.812679e+02 1.921848e+02
      vertex   -1.019246e+02 3.812679e+02 1.892098e+02
    endloop
  endfacet
  facet normal -8.141869e-01 5.806029e-01 7.778347e-15
    outer loop
      vertex   -1.019246e+02 3.812679e+02 1.892098e+02
      vertex   -1.019246e+02 3.812679e+02 1.921848e+02
      vertex   -1.018219e+02 3.814120e+02 1.892098e+02
    endloop
  endfacet
  facet normal -8.141869e-01 5.806029e-01 0.000000e+00
    outer loop
      vertex   -1.019246e+02 3.812679e+02 1.892098e+02
      vertex   -1.018219e+02 3.814120e+02 1.892098e+02
      vertex   -1.018219e+02 3.814120e+02 1.862348e+02
    endloop
  endfacet
  facet normal -8.623146e-01 5.063730e-01 0.000000e+00
    outer loop
      vertex   -1.018219e+02 3.814120e+02 1.862348e+02
      vertex   -1.018219e+02 3.814120e+02 1.892098e+02
      vertex   -1.017323e+02 3.815645e+02 1.862348e+02
    endloop
  endfacet
  facet normal -8.623146e-01 5.063730e-01 0.000000e+00
    outer loop
      vertex   -1.018219e+02 3.814120e+02 1.862348e+02
      vertex   -1.017323e+02 3.815645e+02 1.862348e+02
      vertex   -1.017323e+02 3.815645e+02 1.832598e+02
    endloop
  endfacet
  facet normal -9.036935e-01 4.281800e-01 0.000000e+00
    outer loop
      vertex   -1.017323e+02 3.815645e+02 1.832598e+02
      vertex   -1.017323e+02 3.815645e+02 1.862348e+02
      vertex   -1.016565e+02 3.817244e+02 1.832598e+02
    endloop
  endfacet
  facet normal -8.141869e-01 5.806029e-01 0.000000e+00
    outer loop
      vertex   -1.019246e+02 3.812679e+02 1.921848e+02
      vertex   -1.018219e+02 3.814120e+02 1.921848e+02
      vertex   -1.018219e+02 3.814120e+02 1.892098e+02
    endloop
  endfacet
  facet normal -8.623146e-01 5.063730e-01 0.000000e+00
    outer loop
      vertex   -1.018219e+02 3.814120e+02 1.892098e+02
      vertex   -1.018219e+02 3.814120e+02 1.921848e+02
      vertex   -1.017323e+02 3.815645e+02 1.892098e+02
    endloop
  endfacet
  facet normal -8.623146e-01 5.063730e-01 0.000000e+00
    outer loop
      vertex   -1.018219e+02 3.814120e+02 1.892098e+02
      vertex   -1.017323e+02 3.815645e+02 1.892098e+02
      vertex   -1.017323e+02 3.815645e+02 1.862348e+02
    endloop
  endfacet
  facet normal -9.036935e-01 4.281800e-01 0.000000e+00
    outer loop
      vertex   -1.017323e+02 3.815645e+02 1.862348e+02
      vertex   -1.017323e+02 3.815645e+02 1.892098e+02
      vertex   -1.016565e+02 3.817244e+02 1.862348e+02
    endloop
  endfacet
  facet normal -9.036935e-01 4.281800e-01 0.000000e+00
    outer loop
      vertex   -1.017323e+02 3.815645e+02 1.862348e+02
      vertex   -1.016565e+02 3.817244e+02 1.862348e+02
      vertex   -1.016565e+02 3.817244e+02 1.832598e+02
    endloop
  endfacet
  facet normal -9.379998e-01 3.466359e-01 0.000000e+00
    outer loop
      vertex   -1.016565e+02 3.817244e+02 1.832598e+02
      vertex   -1.016565e+02 3.817244e+02 1.862348e+02
      vertex   -1.015952e+02 3.818904e+02 1.832598e+02
    endloop
  endfacet
  facet normal -8.623146e-01 5.063730e-01 0.000000e+00
    outer loop
      vertex   -1.018219e+02 3.814120e+02 1.921848e+02
      vertex   -1.017323e+02 3.815645e+02 1.921848e+02
      vertex   -1.017323e+02 3.815645e+02 1.892098e+02
    endloop
  endfacet
  facet normal -9.036935e-01 4.281800e-01 0.000000e+00
    outer loop
      vertex   -1.017323e+02 3.815645e+02 1.892098e+02
      vertex   -1.017323e+02 3.815645e+02 1.921848e+02
      vertex   -1.016565e+02 3.817244e+02 1.892098e+02
    endloop
  endfacet
  facet normal -9.036935e-01 4.281800e-01 0.000000e+00
    outer loop
      vertex   -1.017323e+02 3.815645e+02 1.892098e+02
      vertex   -1.016565e+02 3.817244e+02 1.892098e+02
      vertex   -1.016565e+02 3.817244e+02 1.862348e+02
    endloop
  endfacet
  facet normal -9.379998e-01 3.466359e-01 0.000000e+00
    outer loop
      vertex   -1.016565e+02 3.817244e+02 1.862348e+02
      vertex   -1.016565e+02 3.817244e+02 1.892098e+02
      vertex   -1.015952e+02 3.818904e+02 1.862348e+02
    endloop
  endfacet
  facet normal -9.379998e-01 3.466359e-01 0.000000e+00
    outer loop
      vertex   -1.016565e+02 3.817244e+02 1.862348e+02
      vertex   -1.015952e+02 3.818904e+02 1.862348e+02
      vertex   -1.015952e+02 3.818904e+02 1.832598e+02
    endloop
  endfacet
  facet normal -9.649649e-01 2.623790e-01 0.000000e+00
    outer loop
      vertex   -1.015952e+02 3.818904e+02 1.832598e+02
      vertex   -1.015952e+02 3.818904e+02 1.862348e+02
      vertex   -1.015487e+02 3.820611e+02 1.832598e+02
    endloop
  endfacet
  facet normal -9.036935e-01 4.281800e-01 0.000000e+00
    outer loop
      vertex   -1.017323e+02 3.815645e+02 1.921848e+02
      vertex   -1.016565e+02 3.817244e+02 1.921848e+02
      vertex   -1.016565e+02 3.817244e+02 1.892098e+02
    endloop
  endfacet
  facet normal -9.379998e-01 3.466359e-01 0.000000e+00
    outer loop
      vertex   -1.016565e+02 3.817244e+02 1.892098e+02
      vertex   -1.016565e+02 3.817244e+02 1.921848e+02
      vertex   -1.015952e+02 3.818904e+02 1.892098e+02
    endloop
  endfacet
  facet normal -9.379998e-01 3.466359e-01 0.000000e+00
    outer loop
      vertex   -1.016565e+02 3.817244e+02 1.892098e+02
      vertex   -1.015952e+02 3.818904e+02 1.892098e+02
      vertex   -1.015952e+02 3.818904e+02 1.862348e+02
    endloop
  endfacet
  facet normal -9.649649e-01 2.623790e-01 0.000000e+00
    outer loop
      vertex   -1.015952e+02 3.818904e+02 1.862348e+02
      vertex   -1.015952e+02 3.818904e+02 1.892098e+02
      vertex   -1.015487e+02 3.820611e+02 1.862348e+02
    endloop
  endfacet
  facet normal -9.649649e-01 2.623790e-01 0.000000e+00
    outer loop
      vertex   -1.015952e+02 3.818904e+02 1.862348e+02
      vertex   -1.015487e+02 3.820611e+02 1.862348e+02
      vertex   -1.015487e+02 3.820611e+02 1.832598e+02
    endloop
  endfacet
  facet normal -9.843779e-01 1.760685e-01 0.000000e+00
    outer loop
      vertex   -1.015487e+02 3.820611e+02 1.832598e+02
      vertex   -1.015487e+02 3.820611e+02 1.862348e+02
      vertex   -1.015176e+02 3.822353e+02 1.832598e+02
    endloop
  endfacet
  facet normal -9.379998e-01 3.466359e-01 0.000000e+00
    outer loop
      vertex   -1.016565e+02 3.817244e+02 1.921848e+02
      vertex   -1.015952e+02 3.818904e+02 1.921848e+02
      vertex   -1.015952e+02 3.818904e+02 1.892098e+02
    endloop
  endfacet
  facet normal -9.649649e-01 2.623790e-01 0.000000e+00
    outer loop
      vertex   -1.015952e+02 3.818904e+02 1.892098e+02
      vertex   -1.015952e+02 3.818904e+02 1.921848e+02
      vertex   -1.015487e+02 3.820611e+02 1.892098e+02
    endloop
  endfacet
  facet normal -9.649649e-01 2.623790e-01 0.000000e+00
    outer loop
      vertex   -1.015952e+02 3.818904e+02 1.892098e+02
      vertex   -1.015487e+02 3.820611e+02 1.892098e+02
      vertex   -1.015487e+02 3.820611e+02 1.862348e+02
    endloop
  endfacet
  facet normal -9.843779e-01 1.760685e-01 0.000000e+00
    outer loop
      vertex   -1.015487e+02 3.820611e+02 1.862348e+02
      vertex   -1.015487e+02 3.820611e+02 1.892098e+02
      vertex   -1.015176e+02 3.822353e+02 1.862348e+02
    endloop
  endfacet
  facet normal -9.843779e-01 1.760685e-01 0.000000e+00
    outer loop
      vertex   -1.015487e+02 3.820611e+02 1.862348e+02
      vertex   -1.015176e+02 3.822353e+02 1.862348e+02
      vertex   -1.015176e+02 3.822353e+02 1.832598e+02
    endloop
  endfacet
  facet normal -9.960868e-01 8.838010e-02 0.000000e+00
    outer loop
      vertex   -1.015176e+02 3.822353e+02 1.832598e+02
      vertex   -1.015176e+02 3.822353e+02 1.862348e+02
      vertex   -1.015020e+02 3.824115e+02 1.832598e+02
    endloop
  endfacet
  facet normal -9.649649e-01 2.623790e-01 0.000000e+00
    outer loop
      vertex   -1.015952e+02 3.818904e+02 1.921848e+02
      vertex   -1.015487e+02 3.820611e+02 1.921848e+02
      vertex   -1.015487e+02 3.820611e+02 1.892098e+02
    endloop
  endfacet
  facet normal -9.843779e-01 1.760685e-01 0.000000e+00
    outer loop
      vertex   -1.015487e+02 3.820611e+02 1.892098e+02
      vertex   -1.015487e+02 3.820611e+02 1.921848e+02
      vertex   -1.015176e+02 3.822353e+02 1.892098e+02
    endloop
  endfacet
  facet normal -9.843779e-01 1.760685e-01 0.000000e+00
    outer loop
      vertex   -1.015487e+02 3.820611e+02 1.892098e+02
      vertex   -1.015176e+02 3.822353e+02 1.892098e+02
      vertex   -1.015176e+02 3.822353e+02 1.862348e+02
    endloop
  endfacet
  facet normal -9.960868e-01 8.838010e-02 0.000000e+00
    outer loop
      vertex   -1.015176e+02 3.822353e+02 1.862348e+02
      vertex   -1.015176e+02 3.822353e+02 1.892098e+02
      vertex   -1.015020e+02 3.824115e+02 1.862348e+02
    endloop
  endfacet
  facet normal -9.960868e-01 8.838010e-02 0.000000e+00
    outer loop
      vertex   -1.015176e+02 3.822353e+02 1.862348e+02
      vertex   -1.015020e+02 3.824115e+02 1.862348e+02
      vertex   -1.015020e+02 3.824115e+02 1.832598e+02
    endloop
  endfacet
  facet normal -1.000000e+00 0.000000e+00 0.000000e+00
    outer loop
      vertex   -1.015020e+02 3.824115e+02 1.832598e+02
      vertex   -1.015020e+02 3.824115e+02 1.862348e+02
      vertex   -1.015020e+02 3.825885e+02 1.832598e+02
    endloop
  endfacet
  facet normal -9.843779e-01 1.760685e-01 0.000000e+00
    outer loop
      vertex   -1.015487e+02 3.820611e+02 1.921848e+02
      vertex   -1.015176e+02 3.822353e+02 1.921848e+02
      vertex   -1.015176e+02 3.822353e+02 1.892098e+02
    endloop
  endfacet
  facet normal -9.960868e-01 8.838010e-02 0.000000e+00
    outer loop
      vertex   -1.015176e+02 3.822353e+02 1.892098e+02
      vertex   -1.015176e+02 3.822353e+02 1.921848e+02
      vertex   -1.015020e+02 3.824115e+02 1.892098e+02
    endloop
  endfacet
  facet normal -9.960868e-01 8.838010e-02 0.000000e+00
    outer loop
      vertex   -1.015176e+02 3.822353e+02 1.892098e+02
      vertex   -1.015020e+02 3.824115e+02 1.892098e+02
      vertex   -1.015020e+02 3.824115e+02 1.862348e+02
    endloop
  endfacet
  facet normal -1.000000e+00 0.000000e+00 0.000000e+00
    outer loop
      vertex   -1.015020e+02 3.824115e+02 1.862348e+02
      vertex   -1.015020e+02 3.824115e+02 1.892098e+02
      vertex   -1.015020e+02 3.825885e+02 1.862348e+02
    endloop
  endfacet
  facet normal -1.000000e+00 0.000000e+00 0.000000e+00
    outer loop
      vertex   -1.015020e+02 3.824115e+02 1.862348e+02
      vertex   -1.015020e+02 3.825885e+02 1.862348e+02
      vertex   -1.015020e+02 3.825885e+02 1.832598e+02
    endloop
  endfacet
  facet normal -9.960868e-01 -8.838010e-02 0.000000e+00
    outer loop
      vertex   -1.015020e+02 3.825885e+02 1.832598e+02
      vertex   -1.015020e+02 3.825885e+02 1.862348e+02
      vertex   -1.015176e+02 3.827647e+02 1.832598e+02
    endloop
  endfacet
  facet normal -9.960868e-01 8.838010e-02 0.000000e+00
    outer loop
      vertex   -1.015176e+02 3.822353e+02 1.921848e+02
      vertex   -1.015020e+02 3.824115e+02 1.921848e+02
      vertex   -1.015020e+02 3.824115e+02 1.892098e+02
    endloop
  endfacet
  facet normal -1.000000e+00 0.000000e+00 0.000000e+00
    outer loop
      vertex   -1.015020e+02 3.824115e+02 1.892098e+02
      vertex   -1.015020e+02 3.824115e+02 1.921848e+02
      vertex   -1.015020e+02 3.825885e+02 1.892098e+02
    endloop
  endfacet
  facet normal -1.000000e+00 0.000000e+00 0.000000e+00
    outer loop
      vertex   -1.015020e+02 3.824115e+02 1.892098e+02
      vertex   -1.015020e+02 3.825885e+02 1.892098e+02
      vertex   -1.015020e+02 3.825885e+02 1.862348e+02
    endloop
  endfacet
  facet normal -9.960868e-01 -8.838010e-02 0.000000e+00
    outer loop
      vertex   -1.015020e+02 3.825885e+02 1.862348e+02
      vertex   -1.015020e+02 3.825885e+02 1.892098e+02
      vertex   -1.015176e+02 3.827647e+02 1.862348e+02
    endloop
  endfacet
  facet normal -9.960868e-01 -8.838010e-02 0.000000e+00
    outer loop
      vertex   -1.015020e+02 3.825885e+02 1.862348e+02
      vertex   -1.015176e+02 3.827647e+02 1.862348e+02
      vertex   -1.015176e+02 3.827647e+02 1.832598e+02
    endloop
  endfacet
  facet normal -9.843779e-01 -1.760685e-01 0.000000e+00
    outer loop
      vertex   -1.015176e+02 3.827647e+02 1.832598e+02
      vertex   -1.015176e+02 3.827647e+02 1.862348e+02
      vertex   -1.015487e+02 3.829389e+02 1.832598e+02
    endloop
  endfacet
  facet normal -1.000000e+00 0.000000e+00 0.000000e+00
    outer loop
      vertex   -1.015020e+02 3.824115e+02 1.921848e+02
      vertex   -1.015020e+02 3.825885e+02 1.921848e+02
      vertex   -1.015020e+02 3.825885e+02 1.892098e+02
    endloop
  endfacet
  facet normal -9.960868e-01 -8.838010e-02 0.000000e+00
    outer loop
      vertex   -1.015020e+02 3.825885e+02 1.892098e+02
      vertex   -1.015020e+02 3.825885e+02 1.921848e+02
      vertex   -1.015176e+02 3.827647e+02 1.892098e+02
    endloop
  endfacet
  facet normal -9.960868e-01 -8.838010e-02 0.000000e+00
    outer loop
      vertex   -1.015020e+02 3.825885e+02 1.892098e+02
      vertex   -1.015176e+02 3.827647e+02 1.892098e+02
      vertex   -1.015176e+02 3.827647e+02 1.862348e+02
    endloop
  endfacet
  facet normal -9.843779e-01 -1.760685e-01 0.000000e+00
    outer loop
      vertex   -1.015176e+02 3.827647e+02 1.862348e+02
      vertex   -1.015176e+02 3.827647e+02 1.892098e+02
      vertex   -1.015487e+02 3.829389e+02 1.862348e+02
    endloop
  endfacet
  facet normal -9.843779e-01 -1.760685e-01 0.000000e+00
    outer loop
      vertex   -1.015176e+02 3.827647e+02 1.862348e+02
      vertex   -1.015487e+02 3.829389e+02 1.862348e+02
      vertex   -1.015487e+02 3.829389e+02 1.832598e+02
    endloop
  endfacet
  facet normal -9.649649e-01 -2.623790e-01 0.000000e+00
    outer loop
      vertex   -1.015487e+02 3.829389e+02 1.832598e+02
      vertex   -1.015487e+02 3.829389e+02 1.862348e+02
      vertex   -1.015952e+02 3.831096e+02 1.832598e+02
    endloop
  endfacet
  facet normal -9.960868e-01 -8.838010e-02 0.000000e+00
    outer loop
      vertex   -1.015020e+02 3.825885e+02 1.921848e+02
      vertex   -1.015176e+02 3.827647e+02 1.921848e+02
      vertex   -1.015176e+02 3.827647e+02 1.892098e+02
    endloop
  endfacet
  facet normal -9.843779e-01 -1.760685e-01 0.000000e+00
    outer loop
      vertex   -1.015176e+02 3.827647e+02 1.892098e+02
      vertex   -1.015176e+02 3.827647e+02 1.921848e+02
      vertex   -1.015487e+02 3.829389e+02 1.892098e+02
    endloop
  endfacet
  facet normal -9.843779e-01 -1.760685e-01 0.000000e+00
    outer loop
      vertex   -1.015176e+02 3.827647e+02 1.892098e+02
      vertex   -1.015487e+02 3.829389e+02 1.892098e+02
      vertex   -1.015487e+02 3.829389e+02 1.862348e+02
    endloop
  endfacet
  facet normal -9.649649e-01 -2.623790e-01 0.000000e+00
    outer loop
      vertex   -1.015487e+02 3.829389e+02 1.862348e+02
      vertex   -1.015487e+02 3.829389e+02 1.892098e+02
      vertex   -1.015952e+02 3.831096e+02 1.862348e+02
    endloop
  endfacet
  facet normal -9.649649e-01 -2.623790e-01 0.000000e+00
    outer loop
      vertex   -1.015487e+02 3.829389e+02 1.862348e+02
      vertex   -1.015952e+02 3.831096e+02 1.862348e+02
      vertex   -1.015952e+02 3.831096e+02 1.832598e+02
    endloop
  endfacet
  facet normal -9.379998e-01 -3.466359e-01 0.000000e+00
    outer loop
      vertex   -1.015952e+02 3.831096e+02 1.832598e+02
      vertex   -1.015952e+02 3.831096e+02 1.862348e+02
      vertex   -1.016565e+02 3.832756e+02 1.832598e+02
    endloop
  endfacet
  facet normal -9.843779e-01 -1.760685e-01 0.000000e+00
    outer loop
      vertex   -1.015176e+02 3.827647e+02 1.921848e+02
      vertex   -1.015487e+02 3.829389e+02 1.921848e+02
      vertex   -1.015487e+02 3.829389e+02 1.892098e+02
    endloop
  endfacet
  facet normal -9.649649e-01 -2.623790e-01 0.000000e+00
    outer loop
      vertex   -1.015487e+02 3.829389e+02 1.892098e+02
      vertex   -1.015487e+02 3.829389e+02 1.921848e+02
      vertex   -1.015952e+02 3.831096e+02 1.892098e+02
    endloop
  endfacet
  facet normal -9.649649e-01 -2.623790e-01 0.000000e+00
    outer loop
      vertex   -1.015487e+02 3.829389e+02 1.892098e+02
      vertex   -1.015952e+02 3.831096e+02 1.892098e+02
      vertex   -1.015952e+02 3.831096e+02 1.862348e+02
    endloop
  endfacet
  facet normal -9.379998e-01 -3.466359e-01 0.000000e+00
    outer loop
      vertex   -1.015952e+02 3.831096e+02 1.862348e+02
      vertex   -1.015952e+02 3.831096e+02 1.892098e+02
      vertex   -1.016565e+02 3.832756e+02 1.862348e+02
    endloop
  endfacet
  facet normal -9.379998e-01 -3.466359e-01 0.000000e+00
    outer loop
      vertex   -1.015952e+02 3.831096e+02 1.862348e+02
      vertex   -1.016565e+02 3.832756e+02 1.862348e+02
      vertex   -1.016565e+02 3.832756e+02 1.832598e+02
    endloop
  endfacet
  facet normal -9.036935e-01 -4.281800e-01 0.000000e+00
    outer loop
      vertex   -1.016565e+02 3.832756e+02 1.832598e+02
      vertex   -1.016565e+02 3.832756e+02 1.862348e+02
      vertex   -1.017323e+02 3.834355e+02 1.832598e+02
    endloop
  endfacet
  facet normal -9.649649e-01 -2.623790e-01 0.000000e+00
    outer loop
      vertex   -1.015487e+02 3.829389e+02 1.921848e+02
      vertex   -1.015952e+02 3.831096e+02 1.921848e+02
      vertex   -1.015952e+02 3.831096e+02 1.892098e+02
    endloop
  endfacet
  facet normal -9.379998e-01 -3.466359e-01 0.000000e+00
    outer loop
      vertex   -1.015952e+02 3.831096e+02 1.892098e+02
      vertex   -1.015952e+02 3.831096e+02 1.921848e+02
      vertex   -1.016565e+02 3.832756e+02 1.892098e+02
    endloop
  endfacet
  facet normal -9.379998e-01 -3.466359e-01 0.000000e+00
    outer loop
      vertex   -1.015952e+02 3.831096e+02 1.892098e+02
      vertex   -1.016565e+02 3.832756e+02 1.892098e+02
      vertex   -1.016565e+02 3.832756e+02 1.862348e+02
    endloop
  endfacet
  facet normal -9.036935e-01 -4.281800e-01 0.000000e+00
    outer loop
      vertex   -1.016565e+02 3.832756e+02 1.862348e+02
      vertex   -1.016565e+02 3.832756e+02 1.892098e+02
      vertex   -1.017323e+02 3.834355e+02 1.862348e+02
    endloop
  endfacet
  facet normal -9.036935e-01 -4.281800e-01 0.000000e+00
    outer loop
      vertex   -1.016565e+02 3.832756e+02 1.862348e+02
      vertex   -1.017323e+02 3.834355e+02 1.862348e+02
      vertex   -1.017323e+02 3.834355e+02 1.832598e+02
    endloop
  endfacet
  facet normal -8.623146e-01 -5.063730e-01 0.000000e+00
    outer loop
      vertex   -1.017323e+02 3.834355e+02 1.832598e+02
      vertex   -1.017323e+02 3.834355e+02 1.862348e+02
      vertex   -1.018219e+02 3.835880e+02 1.832598e+02
    endloop
  endfacet
  facet normal -9.379998e-01 -3.466359e-01 0.000000e+00
    outer loop
      vertex   -1.015952e+02 3.831096e+02 1.921848e+02
      vertex   -1.016565e+02 3.832756e+02 1.921848e+02
      vertex   -1.016565e+02 3.832756e+02 1.892098e+02
    endloop
  endfacet
  facet normal -9.036935e-01 -4.281800e-01 0.000000e+00
    outer loop
      vertex   -1.016565e+02 3.832756e+02 1.892098e+02
      vertex   -1.016565e+02 3.832756e+02 1.921848e+02
      vertex   -1.017323e+02 3.834355e+02 1.892098e+02
    endloop
  endfacet
  facet normal -9.036935e-01 -4.281800e-01 0.000000e+00
    outer loop
      vertex   -1.016565e+02 3.832756e+02 1.892098e+02
      vertex   -1.017323e+02 3.834355e+02 1.892098e+02
      vertex   -1.017323e+02 3.834355e+02 1.862348e+02
    endloop
  endfacet
  facet normal -8.623146e-01 -5.063730e-01 0.000000e+00
    outer loop
      vertex   -1.017323e+02 3.834355e+02 1.862348e+02
      vertex   -1.017323e+02 3.834355e+02 1.892098e+02
      vertex   -1.018219e+02 3.835880e+02 1.862348e+02
    endloop
  endfacet
  facet normal -8.623146e-01 -5.063730e-01 0.000000e+00
    outer loop
      vertex   -1.017323e+02 3.834355e+02 1.862348e+02
      vertex   -1.018219e+02 3.835880e+02 1.862348e+02
      vertex   -1.018219e+02 3.835880e+02 1.832598e+02
    endloop
  endfacet
  facet normal -8.141869e-01 -5.806029e-01 0.000000e+00
    outer loop
      vertex   -1.018219e+02 3.835880e+02 1.832598e+02
      vertex   -1.018219e+02 3.835880e+02 1.862348e+02
      vertex   -1.019246e+02 3.837321e+02 1.832598e+02
    endloop
  endfacet
  facet normal -9.036935e-01 -4.281800e-01 0.000000e+00
    outer loop
      vertex   -1.016565e+02 3.832756e+02 1.921848e+02
      vertex   -1.017323e+02 3.834355e+02 1.921848e+02
      vertex   -1.017323e+02 3.834355e+02 1.892098e+02
    endloop
  endfacet
  facet normal -8.623146e-01 -5.063730e-01 0.000000e+00
    outer loop
      vertex   -1.017323e+02 3.834355e+02 1.892098e+02
      vertex   -1.017323e+02 3.834355e+02 1.921848e+02
      vertex   -1.018219e+02 3.835880e+02 1.892098e+02
    endloop
  endfacet
  facet normal -8.623146e-01 -5.063730e-01 0.000000e+00
    outer loop
      vertex   -1.017323e+02 3.834355e+02 1.892098e+02
      vertex   -1.018219e+02 3.835880e+02 1.892098e+02
      vertex   -1.018219e+02 3.835880e+02 1.862348e+02
    endloop
  endfacet
  facet normal -8.141869e-01 -5.806029e-01 0.000000e+00
    outer loop
      vertex   -1.018219e+02 3.835880e+02 1.862348e+02
      vertex   -1.018219e+02 3.835880e+02 1.892098e+02
      vertex   -1.019246e+02 3.837321e+02 1.862348e+02
    endloop
  endfacet
  facet normal -8.141869e-01 -5.806029e-01 -7.777598e-15
    outer loop
      vertex   -1.018219e+02 3.835880e+02 1.862348e+02
      vertex   -1.019246e+02 3.837321e+02 1.862348e+02
      vertex   -1.019246e+02 3.837321e+02 1.832598e+02
    endloop
  endfacet
  facet normal -7.596871e-01 -6.502888e-01 -7.257683e-15
    outer loop
      vertex   -1.019246e+02 3.837321e+02 1.832598e+02
      vertex   -1.019246e+02 3.837321e+02 1.862348e+02
      vertex   -1.020396e+02 3.838665e+02 1.832598e+02
    endloop
  endfacet
  facet normal -8.623146e-01 -5.063730e-01 0.000000e+00
    outer loop
      vertex   -1.017323e+02 3.834355e+02 1.921848e+02
      vertex   -1.018219e+02 3.835880e+02 1.921848e+02
      vertex   -1.018219e+02 3.835880e+02 1.892098e+02
    endloop
  endfacet
  facet normal -8.141869e-01 -5.806029e-01 0.000000e+00
    outer loop
      vertex   -1.018219e+02 3.835880e+02 1.892098e+02
      vertex   -1.018219e+02 3.835880e+02 1.921848e+02
      vertex   -1.019246e+02 3.837321e+02 1.892098e+02
    endloop
  endfacet
  facet normal -8.141869e-01 -5.806029e-01 0.000000e+00
    outer loop
      vertex   -1.018219e+02 3.835880e+02 1.892098e+02
      vertex   -1.019246e+02 3.837321e+02 1.892098e+02
      vertex   -1.019246e+02 3.837321e+02 1.862348e+02
    endloop
  endfacet
  facet normal -7.596871e-01 -6.502888e-01 0.000000e+00
    outer loop
      vertex   -1.019246e+02 3.837321e+02 1.862348e+02
      vertex   -1.019246e+02 3.837321e+02 1.892098e+02
      vertex   -1.020396e+02 3.838665e+02 1.862348e+02
    endloop
  endfacet
  facet normal -7.596871e-01 -6.502888e-01 -7.260190e-15
    outer loop
      vertex   -1.019246e+02 3.837321e+02 1.862348e+02
      vertex   -1.020396e+02 3.838665e+02 1.862348e+02
      vertex   -1.020396e+02 3.838665e+02 1.832598e+02
    endloop
  endfacet
  facet normal -6.992417e-01 -7.148853e-01 -6.680217e-15
    outer loop
      vertex   -1.020396e+02 3.838665e+02 1.832598e+02
      vertex   -1.020396e+02 3.838665e+02 1.862348e+02
      vertex   -1.021661e+02 3.839902e+02 1.832598e+02
    endloop
  endfacet
  facet normal -8.141869e-01 -5.806029e-01 7.777598e-15
    outer loop
      vertex   -1.018219e+02 3.835880e+02 1.921848e+02
      vertex   -1.019246e+02 3.837321e+02 1.921848e+02
      vertex   -1.019246e+02 3.837321e+02 1.892098e+02
    endloop
  endfacet
  facet normal -7.596871e-01 -6.502888e-01 7.257683e-15
    outer loop
      vertex   -1.019246e+02 3.837321e+02 1.892098e+02
      vertex   -1.019246e+02 3.837321e+02 1.921848e+02
      vertex   -1.020396e+02 3.838665e+02 1.892098e+02
    endloop
  endfacet
  facet normal -7.596871e-01 -6.502888e-01 0.000000e+00
    outer loop
      vertex   -1.019246e+02 3.837321e+02 1.892098e+02
      vertex   -1.020396e+02 3.838665e+02 1.892098e+02
      vertex   -1.020396e+02 3.838665e+02 1.862348e+02
    endloop
  endfacet
  facet normal -6.992417e-01 -7.148853e-01 0.000000e+00
    outer loop
      vertex   -1.020396e+02 3.838665e+02 1.862348e+02
      vertex   -1.020396e+02 3.838665e+02 1.892098e+02
      vertex   -1.021661e+02 3.839902e+02 1.862348e+02
    endloop
  endfacet
  facet normal -6.992417e-01 -7.148853e-01 0.000000e+00
    outer loop
      vertex   -1.020396e+02 3.838665e+02 1.862348e+02
      vertex   -1.021661e+02 3.839902e+02 1.862348e+02
      vertex   -1.021661e+02 3.839902e+02 1.832598e+02
    endloop
  endfacet
  facet normal -6.333238e-01 -7.738869e-01 0.000000e+00
    outer loop
      vertex   -1.021661e+02 3.839902e+02 1.832598e+02
      vertex   -1.021661e+02 3.839902e+02 1.862348e+02
      vertex   -1.023031e+02 3.841023e+02 1.832598e+02
    endloop
  endfacet
  facet normal -7.596871e-01 -6.502888e-01 7.256895e-15
    outer loop
      vertex   -1.019246e+02 3.837321e+02 1.921848e+02
      vertex   -1.020396e+02 3.838665e+02 1.921848e+02
      vertex   -1.020396e+02 3.838665e+02 1.892098e+02
    endloop
  endfacet
  facet normal -6.992417e-01 -7.148853e-01 6.680217e-15
    outer loop
      vertex   -1.020396e+02 3.838665e+02 1.892098e+02
      vertex   -1.020396e+02 3.838665e+02 1.921848e+02
      vertex   -1.021661e+02 3.839902e+02 1.892098e+02
    endloop
  endfacet
  facet normal -6.992417e-01 -7.148853e-01 -3.341731e-15
    outer loop
      vertex   -1.020396e+02 3.838665e+02 1.892098e+02
      vertex   -1.021661e+02 3.839902e+02 1.892098e+02
      vertex   -1.021661e+02 3.839902e+02 1.862348e+02
    endloop
  endfacet
  facet normal -6.333238e-01 -7.738869e-01 -3.025234e-15
    outer loop
      vertex   -1.021661e+02 3.839902e+02 1.862348e+02
      vertex   -1.021661e+02 3.839902e+02 1.892098e+02
      vertex   -1.023031e+02 3.841023e+02 1.862348e+02
    endloop
  endfacet
  facet normal -6.333238e-01 -7.738869e-01 0.000000e+00
    outer loop
      vertex   -1.021661e+02 3.839902e+02 1.862348e+02
      vertex   -1.023031e+02 3.841023e+02 1.862348e+02
      vertex   -1.023031e+02 3.841023e+02 1.832598e+02
    endloop
  endfacet
  facet normal -5.624493e-01 -8.268318e-01 0.000000e+00
    outer loop
      vertex   -1.023031e+02 3.841023e+02 1.832598e+02
      vertex   -1.023031e+02 3.841023e+02 1.862348e+02
      vertex   -1.024494e+02 3.842018e+02 1.832598e+02
    endloop
  endfacet
  facet normal -6.992417e-01 -7.148853e-01 3.335140e-15
    outer loop
      vertex   -1.020396e+02 3.838665e+02 1.921848e+02
      vertex   -1.021661e+02 3.839902e+02 1.921848e+02
      vertex   -1.021661e+02 3.839902e+02 1.892098e+02
    endloop
  endfacet
  facet normal -6.333238e-01 -7.738869e-01 3.025234e-15
    outer loop
      vertex   -1.021661e+02 3.839902e+02 1.892098e+02
      vertex   -1.021661e+02 3.839902e+02 1.921848e+02
      vertex   -1.023031e+02 3.841023e+02 1.892098e+02
    endloop
  endfacet
  facet normal -6.333238e-01 -7.738869e-01 0.000000e+00
    outer loop
      vertex   -1.021661e+02 3.839902e+02 1.892098e+02
      vertex   -1.023031e+02 3.841023e+02 1.892098e+02
      vertex   -1.023031e+02 3.841023e+02 1.862348e+02
    endloop
  endfacet
  facet normal -5.624493e-01 -8.268318e-01 0.000000e+00
    outer loop
      vertex   -1.023031e+02 3.841023e+02 1.862348e+02
      vertex   -1.023031e+02 3.841023e+02 1.892098e+02
      vertex   -1.024494e+02 3.842018e+02 1.862348e+02
    endloop
  endfacet
  facet normal -5.624493e-01 -8.268318e-01 0.000000e+00
    outer loop
      vertex   -1.023031e+02 3.841023e+02 1.862348e+02
      vertex   -1.024494e+02 3.842018e+02 1.862348e+02
      vertex   -1.024494e+02 3.842018e+02 1.832598e+02
    endloop
  endfacet
  facet normal -4.871728e-01 -8.733056e-01 0.000000e+00
    outer loop
      vertex   -1.024494e+02 3.842018e+02 1.832598e+02
      vertex   -1.024494e+02 3.842018e+02 1.862348e+02
      vertex   -1.026039e+02 3.842880e+02 1.832598e+02
    endloop
  endfacet
  facet normal -6.333238e-01 -7.738869e-01 0.000000e+00
    outer loop
      vertex   -1.021661e+02 3.839902e+02 1.921848e+02
      vertex   -1.023031e+02 3.841023e+02 1.921848e+02
      vertex   -1.023031e+02 3.841023e+02 1.892098e+02
    endloop
  endfacet
  facet normal -5.624493e-01 -8.268318e-01 0.000000e+00
    outer loop
      vertex   -1.023031e+02 3.841023e+02 1.892098e+02
      vertex   -1.023031e+02 3.841023e+02 1.921848e+02
      vertex   -1.024494e+02 3.842018e+02 1.892098e+02
    endloop
  endfacet
  facet normal -5.624493e-01 -8.268318e-01 0.000000e+00
    outer loop
      vertex   -1.023031e+02 3.841023e+02 1.892098e+02
      vertex   -1.024494e+02 3.842018e+02 1.892098e+02
      vertex   -1.024494e+02 3.842018e+02 1.862348e+02
    endloop
  endfacet
  facet normal -4.871728e-01 -8.733056e-01 0.000000e+00
    outer loop
      vertex   -1.024494e+02 3.842018e+02 1.862348e+02
      vertex   -1.024494e+02 3.842018e+02 1.892098e+02
      vertex   -1.026039e+02 3.842880e+02 1.862348e+02
    endloop
  endfacet
  facet normal -4.871728e-01 -8.733056e-01 0.000000e+00
    outer loop
      vertex   -1.024494e+02 3.842018e+02 1.862348e+02
      vertex   -1.026039e+02 3.842880e+02 1.862348e+02
      vertex   -1.026039e+02 3.842880e+02 1.832598e+02
    endloop
  endfacet
  facet normal -4.080836e-01 -9.129446e-01 0.000000e+00
    outer loop
      vertex   -1.026039e+02 3.842880e+02 1.832598e+02
      vertex   -1.026039e+02 3.842880e+02 1.862348e+02
      vertex   -1.027654e+02 3.843602e+02 1.832598e+02
    endloop
  endfacet
  facet normal -5.624493e-01 -8.268318e-01 2.685908e-15
    outer loop
      vertex   -1.023031e+02 3.841023e+02 1.921848e+02
      vertex   -1.024494e+02 3.842018e+02 1.921848e+02
      vertex   -1.024494e+02 3.842018e+02 1.892098e+02
    endloop
  endfacet
  facet normal -4.871728e-01 -8.733056e-01 2.327107e-15
    outer loop
      vertex   -1.024494e+02 3.842018e+02 1.892098e+02
      vertex   -1.024494e+02 3.842018e+02 1.921848e+02
      vertex   -1.026039e+02 3.842880e+02 1.892098e+02
    endloop
  endfacet
  facet normal -4.871728e-01 -8.733056e-01 0.000000e+00
    outer loop
      vertex   -1.024494e+02 3.842018e+02 1.892098e+02
      vertex   -1.026039e+02 3.842880e+02 1.892098e+02
      vertex   -1.026039e+02 3.842880e+02 1.862348e+02
    endloop
  endfacet
  facet normal -4.080836e-01 -9.129446e-01 0.000000e+00
    outer loop
      vertex   -1.026039e+02 3.842880e+02 1.862348e+02
      vertex   -1.026039e+02 3.842880e+02 1.892098e+02
      vertex   -1.027654e+02 3.843602e+02 1.862348e+02
    endloop
  endfacet
  facet normal -4.080836e-01 -9.129446e-01 0.000000e+00
    outer loop
      vertex   -1.026039e+02 3.842880e+02 1.862348e+02
      vertex   -1.027654e+02 3.843602e+02 1.862348e+02
      vertex   -1.027654e+02 3.843602e+02 1.832598e+02
    endloop
  endfacet
  facet normal -3.258006e-01 -9.454385e-01 0.000000e+00
    outer loop
      vertex   -1.027654e+02 3.843602e+02 1.832598e+02
      vertex   -1.027654e+02 3.843602e+02 1.862348e+02
      vertex   -1.029327e+02 3.844179e+02 1.832598e+02
    endloop
  endfacet
  facet normal -4.871728e-01 -8.733056e-01 0.000000e+00
    outer loop
      vertex   -1.024494e+02 3.842018e+02 1.921848e+02
      vertex   -1.026039e+02 3.842880e+02 1.921848e+02
      vertex   -1.026039e+02 3.842880e+02 1.892098e+02
    endloop
  endfacet
  facet normal -4.080836e-01 -9.129446e-01 0.000000e+00
    outer loop
      vertex   -1.026039e+02 3.842880e+02 1.892098e+02
      vertex   -1.026039e+02 3.842880e+02 1.921848e+02
      vertex   -1.027654e+02 3.843602e+02 1.892098e+02
    endloop
  endfacet
  facet normal -4.080836e-01 -9.129446e-01 0.000000e+00
    outer loop
      vertex   -1.026039e+02 3.842880e+02 1.892098e+02
      vertex   -1.027654e+02 3.843602e+02 1.892098e+02
      vertex   -1.027654e+02 3.843602e+02 1.862348e+02
    endloop
  endfacet
  facet normal -3.258006e-01 -9.454385e-01 0.000000e+00
    outer loop
      vertex   -1.027654e+02 3.843602e+02 1.862348e+02
      vertex   -1.027654e+02 3.843602e+02 1.892098e+02
      vertex   -1.029327e+02 3.844179e+02 1.862348e+02
    endloop
  endfacet
  facet normal -3.258006e-01 -9.454385e-01 0.000000e+00
    outer loop
      vertex   -1.027654e+02 3.843602e+02 1.862348e+02
      vertex   -1.029327e+02 3.844179e+02 1.862348e+02
      vertex   -1.029327e+02 3.844179e+02 1.832598e+02
    endloop
  endfacet
  facet normal -2.412757e-01 -9.704566e-01 0.000000e+00
    outer loop
      vertex   -1.029327e+02 3.844179e+02 1.832598e+02
      vertex   -1.029327e+02 3.844179e+02 1.862348e+02
      vertex   -1.031032e+02 3.844602e+02 1.832598e+02
    endloop
  endfacet
  facet normal -4.080836e-01 -9.129446e-01 0.000000e+00
    outer loop
      vertex   -1.026039e+02 3.842880e+02 1.921848e+02
      vertex   -1.027654e+02 3.843602e+02 1.921848e+02
      vertex   -1.027654e+02 3.843602e+02 1.892098e+02
    endloop
  endfacet
  facet normal -3.258006e-01 -9.454385e-01 0.000000e+00
    outer loop
      vertex   -1.027654e+02 3.843602e+02 1.892098e+02
      vertex   -1.027654e+02 3.843602e+02 1.921848e+02
      vertex   -1.029327e+02 3.844179e+02 1.892098e+02
    endloop
  endfacet
  facet normal -3.258006e-01 -9.454385e-01 0.000000e+00
    outer loop
      vertex   -1.027654e+02 3.843602e+02 1.892098e+02
      vertex   -1.029327e+02 3.844179e+02 1.892098e+02
      vertex   -1.029327e+02 3.844179e+02 1.862348e+02
    endloop
  endfacet
  facet normal -2.411730e-01 -9.704821e-01 0.000000e+00
    outer loop
      vertex   -1.029327e+02 3.844179e+02 1.862348e+02
      vertex   -1.029327e+02 3.844179e+02 1.892098e+02
      vertex   -1.031036e+02 3.844603e+02 1.862348e+02
    endloop
  endfacet
  facet normal -2.411730e-01 -9.704821e-01 -6.245534e-06
    outer loop
      vertex   -1.029327e+02 3.844179e+02 1.862348e+02
      vertex   -1.031036e+02 3.844603e+02 1.862348e+02
      vertex   -1.031032e+02 3.844602e+02 1.832598e+02
    endloop
  endfacet
  facet normal -1.548603e-01 -9.879364e-01 6.277844e-06
    outer loop
      vertex   -1.031032e+02 3.844602e+02 1.832598e+02
      vertex   -1.031036e+02 3.844603e+02 1.862348e+02
      vertex   -1.032780e+02 3.844876e+02 1.832598e+02
    endloop
  endfacet
  facet normal -3.258006e-01 -9.454385e-01 0.000000e+00
    outer loop
      vertex   -1.027654e+02 3.843602e+02 1.921848e+02
      vertex   -1.029327e+02 3.844179e+02 1.921848e+02
      vertex   -1.029327e+02 3.844179e+02 1.892098e+02
    endloop
  endfacet
  facet normal -2.410704e-01 -9.705076e-01 0.000000e+00
    outer loop
      vertex   -1.029327e+02 3.844179e+02 1.892098e+02
      vertex   -1.029327e+02 3.844179e+02 1.921848e+02
      vertex   -1.031040e+02 3.844604e+02 1.892098e+02
    endloop
  endfacet
  facet normal -2.410704e-01 -9.705076e-01 -6.260562e-06
    outer loop
      vertex   -1.029327e+02 3.844179e+02 1.892098e+02
      vertex   -1.031040e+02 3.844604e+02 1.892098e+02
      vertex   -1.031036e+02 3.844603e+02 1.862348e+02
    endloop
  endfacet
  facet normal -1.546565e-01 -9.879683e-01 6.277093e-06
    outer loop
      vertex   -1.031036e+02 3.844603e+02 1.862348e+02
      vertex   -1.031040e+02 3.844604e+02 1.892098e+02
      vertex   -1.032784e+02 3.844877e+02 1.862348e+02
    endloop
  endfacet
  facet normal -1.546565e-01 -9.879683e-01 -5.963952e-06
    outer loop
      vertex   -1.031036e+02 3.844603e+02 1.862348e+02
      vertex   -1.032784e+02 3.844877e+02 1.862348e+02
      vertex   -1.032780e+02 3.844876e+02 1.832598e+02
    endloop
  endfacet
  facet normal -6.690869e-02 -9.977591e-01 5.964666e-06
    outer loop
      vertex   -1.032780e+02 3.844876e+02 1.832598e+02
      vertex   -1.032784e+02 3.844877e+02 1.862348e+02
      vertex   -1.034546e+02 3.844995e+02 1.832598e+02
    endloop
  endfacet
  facet normal -2.409677e-01 -9.705331e-01 -6.275590e-06
    outer loop
      vertex   -1.029327e+02 3.844179e+02 1.921848e+02
      vertex   -1.031044e+02 3.844605e+02 1.921848e+02
      vertex   -1.031040e+02 3.844604e+02 1.892098e+02
    endloop
  endfacet
  facet normal -1.544527e-01 -9.880002e-01 6.276341e-06
    outer loop
      vertex   -1.031040e+02 3.844604e+02 1.892098e+02
      vertex   -1.031044e+02 3.844605e+02 1.921848e+02
      vertex   -1.032788e+02 3.844877e+02 1.892098e+02
    endloop
  endfacet
  facet normal -1.544527e-01 -9.880002e-01 -5.963238e-06
    outer loop
      vertex   -1.031040e+02 3.844604e+02 1.892098e+02
      vertex   -1.032788e+02 3.844877e+02 1.892098e+02
      vertex   -1.032784e+02 3.844877e+02 1.862348e+02
    endloop
  endfacet
  facet normal -6.671345e-02 -9.977722e-01 5.963952e-06
    outer loop
      vertex   -1.032784e+02 3.844877e+02 1.862348e+02
      vertex   -1.032788e+02 3.844877e+02 1.892098e+02
      vertex   -1.034550e+02 3.844995e+02 1.862348e+02
    endloop
  endfacet
  facet normal -6.671345e-02 -9.977722e-01 -5.650736e-06
    outer loop
      vertex   -1.032784e+02 3.844877e+02 1.862348e+02
      vertex   -1.034550e+02 3.844995e+02 1.862348e+02
      vertex   -1.034546e+02 3.844995e+02 1.832598e+02
    endloop
  endfacet
  facet normal 2.156692e-02 -9.997674e-01 5.651412e-06
    outer loop
      vertex   -1.034546e+02 3.844995e+02 1.832598e+02
      vertex   -1.034550e+02 3.844995e+02 1.862348e+02
      vertex   -1.036316e+02 3.844957e+02 1.832598e+02
    endloop
  endfacet
  facet normal -1.542489e-01 -9.880320e-01 -5.962524e-06
    outer loop
      vertex   -1.031044e+02 3.844605e+02 1.921848e+02
      vertex   -1.032792e+02 3.844878e+02 1.921848e+02
      vertex   -1.032788e+02 3.844877e+02 1.892098e+02
    endloop
  endfacet
  facet normal -6.651820e-02 -9.977852e-01 5.963238e-06
    outer loop
      vertex   -1.032788e+02 3.844877e+02 1.892098e+02
      vertex   -1.032792e+02 3.844878e+02 1.921848e+02
      vertex   -1.034554e+02 3.844995e+02 1.892098e+02
    endloop
  endfacet
  facet normal -6.651820e-02 -9.977852e-01 -5.650060e-06
    outer loop
      vertex   -1.032788e+02 3.844877e+02 1.892098e+02
      vertex   -1.034554e+02 3.844995e+02 1.892098e+02
      vertex   -1.034550e+02 3.844995e+02 1.862348e+02
    endloop
  endfacet
  facet normal 2.175197e-02 -9.997634e-01 5.650736e-06
    outer loop
      vertex   -1.034550e+02 3.844995e+02 1.862348e+02
      vertex   -1.034554e+02 3.844995e+02 1.892098e+02
      vertex   -1.036319e+02 3.844956e+02 1.862348e+02
    endloop
  endfacet
  facet normal 2.175197e-02 -9.997634e-01 -5.337445e-06
    outer loop
      vertex   -1.034550e+02 3.844995e+02 1.862348e+02
      vertex   -1.036319e+02 3.844956e+02 1.862348e+02
      vertex   -1.036316e+02 3.844957e+02 1.832598e+02
    endloop
  endfacet
  facet normal 1.098736e-01 -9.939456e-01 5.338083e-06
    outer loop
      vertex   -1.036316e+02 3.844957e+02 1.832598e+02
      vertex   -1.036319e+02 3.844956e+02 1.862348e+02
      vertex   -1.038075e+02 3.844762e+02 1.832598e+02
    endloop
  endfacet
  facet normal -6.632296e-02 -9.977982e-01 -5.649383e-06
    outer loop
      vertex   -1.032792e+02 3.844878e+02 1.921848e+02
      vertex   -1.034558e+02 3.844995e+02 1.921848e+02
      vertex   -1.034554e+02 3.844995e+02 1.892098e+02
    endloop
  endfacet
  facet normal 2.193703e-02 -9.997594e-01 5.650060e-06
    outer loop
      vertex   -1.034554e+02 3.844995e+02 1.892098e+02
      vertex   -1.034558e+02 3.844995e+02 1.921848e+02
      vertex   -1.036323e+02 3.844956e+02 1.892098e+02
    endloop
  endfacet
  facet normal 2.193703e-02 -9.997594e-01 -5.336806e-06
    outer loop
      vertex   -1.034554e+02 3.844995e+02 1.892098e+02
      vertex   -1.036323e+02 3.844956e+02 1.892098e+02
      vertex   -1.036319e+02 3.844956e+02 1.862348e+02
    endloop
  endfacet
  facet normal 1.100471e-01 -9.939264e-01 5.337445e-06
    outer loop
      vertex   -1.036319e+02 3.844956e+02 1.862348e+02
      vertex   -1.036323e+02 3.844956e+02 1.892098e+02
      vertex   -1.038078e+02 3.844762e+02 1.862348e+02
    endloop
  endfacet
  facet normal 1.100471e-01 -9.939264e-01 -5.024078e-06
    outer loop
      vertex   -1.036319e+02 3.844956e+02 1.862348e+02
      vertex   -1.038078e+02 3.844762e+02 1.862348e+02
      vertex   -1.038075e+02 3.844762e+02 1.832598e+02
    endloop
  endfacet
  facet normal 1.973198e-01 -9.803392e-01 5.024680e-06
    outer loop
      vertex   -1.038075e+02 3.844762e+02 1.832598e+02
      vertex   -1.038078e+02 3.844762e+02 1.862348e+02
      vertex   -1.039810e+02 3.844413e+02 1.832598e+02
    endloop
  endfacet
  facet normal 2.212209e-02 -9.997553e-01 -5.336167e-06
    outer loop
      vertex   -1.034558e+02 3.844995e+02 1.921848e+02
      vertex   -1.036326e+02 3.844956e+02 1.921848e+02
      vertex   -1.036323e+02 3.844956e+02 1.892098e+02
    endloop
  endfacet
  facet normal 1.102205e-01 -9.939072e-01 5.336806e-06
    outer loop
      vertex   -1.036323e+02 3.844956e+02 1.892098e+02
      vertex   -1.036326e+02 3.844956e+02 1.921848e+02
      vertex   -1.038082e+02 3.844761e+02 1.892098e+02
    endloop
  endfacet
  facet normal 1.102205e-01 -9.939072e-01 -5.023477e-06
    outer loop
      vertex   -1.036323e+02 3.844956e+02 1.892098e+02
      vertex   -1.038082e+02 3.844761e+02 1.892098e+02
      vertex   -1.038078e+02 3.844762e+02 1.862348e+02
    endloop
  endfacet
  facet normal 1.974805e-01 -9.803068e-01 5.024078e-06
    outer loop
      vertex   -1.038078e+02 3.844762e+02 1.862348e+02
      vertex   -1.038082e+02 3.844761e+02 1.892098e+02
      vertex   -1.039813e+02 3.844412e+02 1.862348e+02
    endloop
  endfacet
  facet normal 1.974805e-01 -9.803068e-01 -4.710637e-06
    outer loop
      vertex   -1.038078e+02 3.844762e+02 1.862348e+02
      vertex   -1.039813e+02 3.844412e+02 1.862348e+02
      vertex   -1.039810e+02 3.844413e+02 1.832598e+02
    endloop
  endfacet
  facet normal 2.832205e-01 -9.590548e-01 4.711201e-06
    outer loop
      vertex   -1.039810e+02 3.844413e+02 1.832598e+02
      vertex   -1.039813e+02 3.844412e+02 1.862348e+02
      vertex   -1.041508e+02 3.843912e+02 1.832598e+02
    endloop
  endfacet
  facet normal 1.103940e-01 -9.938879e-01 -5.022876e-06
    outer loop
      vertex   -1.036326e+02 3.844956e+02 1.921848e+02
      vertex   -1.038085e+02 3.844761e+02 1.921848e+02
      vertex   -1.038082e+02 3.844761e+02 1.892098e+02
    endloop
  endfacet
  facet normal 1.976412e-01 -9.802744e-01 5.023477e-06
    outer loop
      vertex   -1.038082e+02 3.844761e+02 1.892098e+02
      vertex   -1.038085e+02 3.844761e+02 1.921848e+02
      vertex   -1.039816e+02 3.844411e+02 1.892098e+02
    endloop
  endfacet
  facet normal 1.976412e-01 -9.802744e-01 -4.710074e-06
    outer loop
      vertex   -1.038082e+02 3.844761e+02 1.892098e+02
      vertex   -1.039816e+02 3.844411e+02 1.892098e+02
      vertex   -1.039813e+02 3.844412e+02 1.862348e+02
    endloop
  endfacet
  facet normal 2.833676e-01 -9.590114e-01 4.710637e-06
    outer loop
      vertex   -1.039813e+02 3.844412e+02 1.862348e+02
      vertex   -1.039816e+02 3.844411e+02 1.892098e+02
      vertex   -1.041510e+02 3.843911e+02 1.862348e+02
    endloop
  endfacet
  facet normal 2.833676e-01 -9.590114e-01 -4.397121e-06
    outer loop
      vertex   -1.039813e+02 3.844412e+02 1.862348e+02
      vertex   -1.041510e+02 3.843911e+02 1.862348e+02
      vertex   -1.041508e+02 3.843912e+02 1.832598e+02
    endloop
  endfacet
  facet normal 3.669031e-01 -9.302592e-01 4.397647e-06
    outer loop
      vertex   -1.041508e+02 3.843912e+02 1.832598e+02
      vertex   -1.041510e+02 3.843911e+02 1.862348e+02
      vertex   -1.043154e+02 3.843262e+02 1.832598e+02
    endloop
  endfacet
  facet normal 1.978019e-01 -9.802420e-01 -4.709510e-06
    outer loop
      vertex   -1.038085e+02 3.844761e+02 1.921848e+02
      vertex   -1.039819e+02 3.844411e+02 1.921848e+02
      vertex   -1.039816e+02 3.844411e+02 1.892098e+02
    endloop
  endfacet
  facet normal 2.835147e-01 -9.589679e-01 4.710074e-06
    outer loop
      vertex   -1.039816e+02 3.844411e+02 1.892098e+02
      vertex   -1.039819e+02 3.844411e+02 1.921848e+02
      vertex   -1.041513e+02 3.843910e+02 1.892098e+02
    endloop
  endfacet
  facet normal 2.835147e-01 -9.589679e-01 -4.396595e-06
    outer loop
      vertex   -1.039816e+02 3.844411e+02 1.892098e+02
      vertex   -1.041513e+02 3.843910e+02 1.892098e+02
      vertex   -1.041510e+02 3.843911e+02 1.862348e+02
    endloop
  endfacet
  facet normal 3.670360e-01 -9.302068e-01 4.397121e-06
    outer loop
      vertex   -1.041510e+02 3.843911e+02 1.862348e+02
      vertex   -1.041513e+02 3.843910e+02 1.892098e+02
      vertex   -1.043157e+02 3.843261e+02 1.862348e+02
    endloop
  endfacet
  facet normal 3.670360e-01 -9.302068e-01 -4.083529e-06
    outer loop
      vertex   -1.041510e+02 3.843911e+02 1.862348e+02
      vertex   -1.043157e+02 3.843261e+02 1.862348e+02
      vertex   -1.043154e+02 3.843262e+02 1.832598e+02
    endloop
  endfacet
  facet normal 4.477121e-01 -8.941777e-01 4.084017e-06
    outer loop
      vertex   -1.043154e+02 3.843262e+02 1.832598e+02
      vertex   -1.043157e+02 3.843261e+02 1.862348e+02
      vertex   -1.044737e+02 3.842470e+02 1.832598e+02
    endloop
  endfacet
  facet normal 2.836618e-01 -9.589244e-01 -4.396069e-06
    outer loop
      vertex   -1.039819e+02 3.844411e+02 1.921848e+02
      vertex   -1.041516e+02 3.843909e+02 1.921848e+02
      vertex   -1.041513e+02 3.843910e+02 1.892098e+02
    endloop
  endfacet
  facet normal 3.671688e-01 -9.301543e-01 4.396595e-06
    outer loop
      vertex   -1.041513e+02 3.843910e+02 1.892098e+02
      vertex   -1.041516e+02 3.843909e+02 1.921848e+02
      vertex   -1.043159e+02 3.843260e+02 1.892098e+02
    endloop
  endfacet
  facet normal 3.671688e-01 -9.301543e-01 -4.083041e-06
    outer loop
      vertex   -1.041513e+02 3.843910e+02 1.892098e+02
      vertex   -1.043159e+02 3.843260e+02 1.892098e+02
      vertex   -1.043157e+02 3.843261e+02 1.862348e+02
    endloop
  endfacet
  facet normal 4.478304e-01 -8.941185e-01 4.083529e-06
    outer loop
      vertex   -1.043157e+02 3.843261e+02 1.862348e+02
      vertex   -1.043159e+02 3.843260e+02 1.892098e+02
      vertex   -1.044739e+02 3.842469e+02 1.862348e+02
    endloop
  endfacet
  facet normal 4.478304e-01 -8.941185e-01 -3.769862e-06
    outer loop
      vertex   -1.043157e+02 3.843261e+02 1.862348e+02
      vertex   -1.044739e+02 3.842469e+02 1.862348e+02
      vertex   -1.044737e+02 3.842470e+02 1.832598e+02
    endloop
  endfacet
  facet normal 5.250147e-01 -8.510932e-01 3.770313e-06
    outer loop
      vertex   -1.044737e+02 3.842470e+02 1.832598e+02
      vertex   -1.044739e+02 3.842469e+02 1.862348e+02
      vertex   -1.046243e+02 3.841541e+02 1.832598e+02
    endloop
  endfacet
  facet normal 3.673016e-01 -9.301019e-01 -4.082552e-06
    outer loop
      vertex   -1.041516e+02 3.843909e+02 1.921848e+02
      vertex   -1.043162e+02 3.843259e+02 1.921848e+02
      vertex   -1.043159e+02 3.843260e+02 1.892098e+02
    endloop
  endfacet
  facet normal 4.479486e-01 -8.940593e-01 4.083041e-06
    outer loop
      vertex   -1.043159e+02 3.843260e+02 1.892098e+02
      vertex   -1.043162e+02 3.843259e+02 1.921848e+02
      vertex   -1.044741e+02 3.842467e+02 1.892098e+02
    endloop
  endfacet
  facet normal 4.479486e-01 -8.940593e-01 -3.769411e-06
    outer loop
      vertex   -1.043159e+02 3.843260e+02 1.892098e+02
      vertex   -1.044741e+02 3.842467e+02 1.892098e+02
      vertex   -1.044739e+02 3.842469e+02 1.862348e+02
    endloop
  endfacet
  facet normal 5.251182e-01 -8.510293e-01 3.769862e-06
    outer loop
      vertex   -1.044739e+02 3.842469e+02 1.862348e+02
      vertex   -1.044741e+02 3.842467e+02 1.892098e+02
      vertex   -1.046245e+02 3.841539e+02 1.862348e+02
    endloop
  endfacet
  facet normal 5.251182e-01 -8.510293e-01 -3.456120e-06
    outer loop
      vertex   -1.044739e+02 3.842469e+02 1.862348e+02
      vertex   -1.046245e+02 3.841539e+02 1.862348e+02
      vertex   -1.046243e+02 3.841541e+02 1.832598e+02
    endloop
  endfacet
  facet normal 5.982054e-01 -8.013428e-01 3.456534e-06
    outer loop
      vertex   -1.046243e+02 3.841541e+02 1.832598e+02
      vertex   -1.046245e+02 3.841539e+02 1.862348e+02
      vertex   -1.047662e+02 3.840482e+02 1.832598e+02
    endloop
  endfacet
  facet normal 4.480668e-01 -8.940001e-01 -3.768961e-06
    outer loop
      vertex   -1.043162e+02 3.843259e+02 1.921848e+02
      vertex   -1.044743e+02 3.842466e+02 1.921848e+02
      vertex   -1.044741e+02 3.842467e+02 1.892098e+02
    endloop
  endfacet
  facet normal 5.252217e-01 -8.509654e-01 3.769411e-06
    outer loop
      vertex   -1.044741e+02 3.842467e+02 1.892098e+02
      vertex   -1.044743e+02 3.842466e+02 1.921848e+02
      vertex   -1.046247e+02 3.841538e+02 1.892098e+02
    endloop
  endfacet
  facet normal 5.252217e-01 -8.509654e-01 -3.455707e-06
    outer loop
      vertex   -1.044741e+02 3.842467e+02 1.892098e+02
      vertex   -1.046247e+02 3.841538e+02 1.892098e+02
      vertex   -1.046245e+02 3.841539e+02 1.862348e+02
    endloop
  endfacet
  facet normal 5.982943e-01 -8.012764e-01 3.456120e-06
    outer loop
      vertex   -1.046245e+02 3.841539e+02 1.862348e+02
      vertex   -1.046247e+02 3.841538e+02 1.892098e+02
      vertex   -1.047663e+02 3.840480e+02 1.862348e+02
    endloop
  endfacet
  facet normal 5.982943e-01 -8.012764e-01 -3.142303e-06
    outer loop
      vertex   -1.046245e+02 3.841539e+02 1.862348e+02
      vertex   -1.047663e+02 3.840480e+02 1.862348e+02
      vertex   -1.047662e+02 3.840482e+02 1.832598e+02
    endloop
  endfacet
  facet normal 6.667109e-01 -7.453164e-01 3.142679e-06
    outer loop
      vertex   -1.047662e+02 3.840482e+02 1.832598e+02
      vertex   -1.047663e+02 3.840480e+02 1.862348e+02
      vertex   -1.048981e+02 3.839302e+02 1.832598e+02
    endloop
  endfacet
  facet normal 5.253252e-01 -8.509015e-01 -3.455294e-06
    outer loop
      vertex   -1.044743e+02 3.842466e+02 1.921848e+02
      vertex   -1.046249e+02 3.841537e+02 1.921848e+02
      vertex   -1.046247e+02 3.841538e+02 1.892098e+02
    endloop
  endfacet
  facet normal 5.983833e-01 -8.012100e-01 3.455707e-06
    outer loop
      vertex   -1.046247e+02 3.841538e+02 1.892098e+02
      vertex   -1.046249e+02 3.841537e+02 1.921848e+02
      vertex   -1.047665e+02 3.840479e+02 1.892098e+02
    endloop
  endfacet
  facet normal 5.983833e-01 -8.012100e-01 -3.141928e-06
    outer loop
      vertex   -1.046247e+02 3.841538e+02 1.892098e+02
      vertex   -1.047665e+02 3.840479e+02 1.892098e+02
      vertex   -1.047663e+02 3.840480e+02 1.862348e+02
    endloop
  endfacet
  facet normal 6.667858e-01 -7.452494e-01 3.142303e-06
    outer loop
      vertex   -1.047663e+02 3.840480e+02 1.862348e+02
      vertex   -1.047665e+02 3.840479e+02 1.892098e+02
      vertex   -1.048982e+02 3.839300e+02 1.862348e+02
    endloop
  endfacet
  facet normal 6.667858e-01 -7.452494e-01 -2.828411e-06
    outer loop
      vertex   -1.047663e+02 3.840480e+02 1.862348e+02
      vertex   -1.048982e+02 3.839300e+02 1.862348e+02
      vertex   -1.048981e+02 3.839302e+02 1.832598e+02
    endloop
  endfacet
  facet normal 7.299948e-01 -6.834527e-01 2.828749e-06
    outer loop
      vertex   -1.048981e+02 3.839302e+02 1.832598e+02
      vertex   -1.048982e+02 3.839300e+02 1.862348e+02
      vertex   -1.050190e+02 3.838010e+02 1.832598e+02
    endloop
  endfacet
  facet normal 5.984723e-01 -8.011435e-01 -3.141552e-06
    outer loop
      vertex   -1.046249e+02 3.841537e+02 1.921848e+02
      vertex   -1.047666e+02 3.840478e+02 1.921848e+02
      vertex   -1.047665e+02 3.840479e+02 1.892098e+02
    endloop
  endfacet
  facet normal 6.668607e-01 -7.451824e-01 3.141928e-06
    outer loop
      vertex   -1.047665e+02 3.840479e+02 1.892098e+02
      vertex   -1.047666e+02 3.840478e+02 1.921848e+02
      vertex   -1.048983e+02 3.839299e+02 1.892098e+02
    endloop
  endfacet
  facet normal 6.668607e-01 -7.451824e-01 -2.828073e-06
    outer loop
      vertex   -1.047665e+02 3.840479e+02 1.892098e+02
      vertex   -1.048983e+02 3.839299e+02 1.892098e+02
      vertex   -1.048982e+02 3.839300e+02 1.862348e+02
    endloop
  endfacet
  facet normal 7.300562e-01 -6.833871e-01 2.828411e-06
    outer loop
      vertex   -1.048982e+02 3.839300e+02 1.862348e+02
      vertex   -1.048983e+02 3.839299e+02 1.892098e+02
      vertex   -1.050192e+02 3.838008e+02 1.862348e+02
    endloop
  endfacet
  facet normal 7.300562e-01 -6.833871e-01 -2.514444e-06
    outer loop
      vertex   -1.048982e+02 3.839300e+02 1.862348e+02
      vertex   -1.050192e+02 3.838008e+02 1.862348e+02
      vertex   -1.050190e+02 3.838010e+02 1.832598e+02
    endloop
  endfacet
  facet normal 7.875613e-01 -6.162363e-01 2.514744e-06
    outer loop
      vertex   -1.050190e+02 3.838010e+02 1.832598e+02
      vertex   -1.050192e+02 3.838008e+02 1.862348e+02
      vertex   -1.051281e+02 3.836616e+02 1.832598e+02
    endloop
  endfacet
  facet normal 6.669355e-01 -7.451154e-01 -2.827735e-06
    outer loop
      vertex   -1.047666e+02 3.840478e+02 1.921848e+02
      vertex   -1.048985e+02 3.839298e+02 1.921848e+02
      vertex   -1.048983e+02 3.839299e+02 1.892098e+02
    endloop
  endfacet
  facet normal 7.301176e-01 -6.833215e-01 2.828073e-06
    outer loop
      vertex   -1.048983e+02 3.839299e+02 1.892098e+02
      vertex   -1.048985e+02 3.839298e+02 1.921848e+02
      vertex   -1.050193e+02 3.838007e+02 1.892098e+02
    endloop
  endfacet
  facet normal 7.301176e-01 -6.833215e-01 -2.514143e-06
    outer loop
      vertex   -1.048983e+02 3.839299e+02 1.892098e+02
      vertex   -1.050193e+02 3.838007e+02 1.892098e+02
      vertex   -1.050192e+02 3.838008e+02 1.862348e+02
    endloop
  endfacet
  facet normal 7.876102e-01 -6.161738e-01 2.514444e-06
    outer loop
      vertex   -1.050192e+02 3.838008e+02 1.862348e+02
      vertex   -1.050193e+02 3.838007e+02 1.892098e+02
      vertex   -1.051282e+02 3.836615e+02 1.862348e+02
    endloop
  endfacet
  facet normal 7.876102e-01 -6.161738e-01 -2.200401e-06
    outer loop
      vertex   -1.050192e+02 3.838008e+02 1.862348e+02
      vertex   -1.051282e+02 3.836615e+02 1.862348e+02
      vertex   -1.051281e+02 3.836616e+02 1.832598e+02
    endloop
  endfacet
  facet normal 8.389598e-01 -5.441934e-01 2.200664e-06
    outer loop
      vertex   -1.051281e+02 3.836616e+02 1.832598e+02
      vertex   -1.051282e+02 3.836615e+02 1.862348e+02
      vertex   -1.052244e+02 3.835131e+02 1.832598e+02
    endloop
  endfacet
  facet normal 7.301791e-01 -6.832558e-01 -2.513843e-06
    outer loop
      vertex   -1.048985e+02 3.839298e+02 1.921848e+02
      vertex   -1.050194e+02 3.838006e+02 1.921848e+02
      vertex   -1.050193e+02 3.838007e+02 1.892098e+02
    endloop
  endfacet
  facet normal 7.876591e-01 -6.161113e-01 2.514143e-06
    outer loop
      vertex   -1.050193e+02 3.838007e+02 1.892098e+02
      vertex   -1.050194e+02 3.838006e+02 1.921848e+02
      vertex   -1.051283e+02 3.836613e+02 1.892098e+02
    endloop
  endfacet
  facet normal 7.876591e-01 -6.161113e-01 -2.200138e-06
    outer loop
      vertex   -1.050193e+02 3.838007e+02 1.892098e+02
      vertex   -1.051283e+02 3.836613e+02 1.892098e+02
      vertex   -1.051282e+02 3.836615e+02 1.862348e+02
    endloop
  endfacet
  facet normal 8.389972e-01 -5.441358e-01 2.200401e-06
    outer loop
      vertex   -1.051282e+02 3.836615e+02 1.862348e+02
      vertex   -1.051283e+02 3.836613e+02 1.892098e+02
      vertex   -1.052245e+02 3.835130e+02 1.862348e+02
    endloop
  endfacet
  facet normal 8.389972e-01 -5.441358e-01 -1.886284e-06
    outer loop
      vertex   -1.051282e+02 3.836615e+02 1.862348e+02
      vertex   -1.052245e+02 3.835130e+02 1.862348e+02
      vertex   -1.052244e+02 3.835131e+02 1.832598e+02
    endloop
  endfacet
  facet normal 8.837875e-01 -4.678885e-01 1.886509e-06
    outer loop
      vertex   -1.052244e+02 3.835131e+02 1.832598e+02
      vertex   -1.052245e+02 3.835130e+02 1.862348e+02
      vertex   -1.053073e+02 3.833567e+02 1.832598e+02
    endloop
  endfacet
  facet normal 7.877080e-01 -6.160488e-01 -2.199875e-06
    outer loop
      vertex   -1.050194e+02 3.838006e+02 1.921848e+02
      vertex   -1.051284e+02 3.836612e+02 1.921848e+02
      vertex   -1.051283e+02 3.836613e+02 1.892098e+02
    endloop
  endfacet
  facet normal 8.390346e-01 -5.440781e-01 2.200138e-06
    outer loop
      vertex   -1.051283e+02 3.836613e+02 1.892098e+02
      vertex   -1.051284e+02 3.836612e+02 1.921848e+02
      vertex   -1.052246e+02 3.835129e+02 1.892098e+02
    endloop
  endfacet
  facet normal 8.390346e-01 -5.440781e-01 -1.886058e-06
    outer loop
      vertex   -1.051283e+02 3.836613e+02 1.892098e+02
      vertex   -1.052246e+02 3.835129e+02 1.892098e+02
      vertex   -1.052245e+02 3.835130e+02 1.862348e+02
    endloop
  endfacet
  facet normal 8.838147e-01 -4.678371e-01 1.886284e-06
    outer loop
      vertex   -1.052245e+02 3.835130e+02 1.862348e+02
      vertex   -1.052246e+02 3.835129e+02 1.892098e+02
      vertex   -1.053073e+02 3.833566e+02 1.862348e+02
    endloop
  endfacet
  facet normal 8.838147e-01 -4.678371e-01 -1.572091e-06
    outer loop
      vertex   -1.052245e+02 3.835130e+02 1.862348e+02
      vertex   -1.053073e+02 3.833566e+02 1.862348e+02
      vertex   -1.053073e+02 3.833567e+02 1.832598e+02
    endloop
  endfacet
  facet normal 9.216934e-01 -3.879191e-01 1.572279e-06
    outer loop
      vertex   -1.053073e+02 3.833567e+02 1.832598e+02
      vertex   -1.053073e+02 3.833566e+02 1.862348e+02
      vertex   -1.053759e+02 3.831935e+02 1.832598e+02
    endloop
  endfacet
  facet normal 8.390720e-01 -5.440204e-01 -1.885833e-06
    outer loop
      vertex   -1.051284e+02 3.836612e+02 1.921848e+02
      vertex   -1.052246e+02 3.835128e+02 1.921848e+02
      vertex   -1.052246e+02 3.835129e+02 1.892098e+02
    endloop
  endfacet
  facet normal 8.838419e-01 -4.677857e-01 1.886058e-06
    outer loop
      vertex   -1.052246e+02 3.835129e+02 1.892098e+02
      vertex   -1.052246e+02 3.835128e+02 1.921848e+02
      vertex   -1.053073e+02 3.833565e+02 1.892098e+02
    endloop
  endfacet
  facet normal 8.838419e-01 -4.677857e-01 -1.571903e-06
    outer loop
      vertex   -1.052246e+02 3.835129e+02 1.892098e+02
      vertex   -1.053073e+02 3.833565e+02 1.892098e+02
      vertex   -1.053073e+02 3.833566e+02 1.862348e+02
    endloop
  endfacet
  facet normal 9.217119e-01 -3.878752e-01 1.572091e-06
    outer loop
      vertex   -1.053073e+02 3.833566e+02 1.862348e+02
      vertex   -1.053073e+02 3.833565e+02 1.892098e+02
      vertex   -1.053759e+02 3.831934e+02 1.862348e+02
    endloop
  endfacet
  facet normal 9.217119e-01 -3.878752e-01 -1.257823e-06
    outer loop
      vertex   -1.053073e+02 3.833566e+02 1.862348e+02
      vertex   -1.053759e+02 3.831934e+02 1.862348e+02
      vertex   -1.053759e+02 3.831935e+02 1.832598e+02
    endloop
  endfacet
  facet normal 9.523807e-01 -3.049115e-01 1.257973e-06
    outer loop
      vertex   -1.053759e+02 3.831935e+02 1.832598e+02
      vertex   -1.053759e+02 3.831934e+02 1.862348e+02
      vertex   -1.054299e+02 3.830249e+02 1.832598e+02
    endloop
  endfacet
  facet normal 8.838691e-01 -4.677343e-01 -1.571715e-06
    outer loop
      vertex   -1.052246e+02 3.835128e+02 1.921848e+02
      vertex   -1.053074e+02 3.833564e+02 1.921848e+02
      vertex   -1.053073e+02 3.833565e+02 1.892098e+02
    endloop
  endfacet
  facet normal 9.217303e-01 -3.878314e-01 1.571903e-06
    outer loop
      vertex   -1.053073e+02 3.833565e+02 1.892098e+02
      vertex   -1.053074e+02 3.833564e+02 1.921848e+02
      vertex   -1.053760e+02 3.831934e+02 1.892098e+02
    endloop
  endfacet
  facet normal 9.217303e-01 -3.878314e-01 -1.257673e-06
    outer loop
      vertex   -1.053073e+02 3.833565e+02 1.892098e+02
      vertex   -1.053760e+02 3.831934e+02 1.892098e+02
      vertex   -1.053759e+02 3.831934e+02 1.862348e+02
    endloop
  endfacet
  facet normal 9.523920e-01 -3.048763e-01 1.257823e-06
    outer loop
      vertex   -1.053759e+02 3.831934e+02 1.862348e+02
      vertex   -1.053760e+02 3.831934e+02 1.892098e+02
      vertex   -1.054299e+02 3.830249e+02 1.862348e+02
    endloop
  endfacet
  facet normal 9.523920e-01 -3.048763e-01 -9.434799e-07
    outer loop
      vertex   -1.053759e+02 3.831934e+02 1.862348e+02
      vertex   -1.054299e+02 3.830249e+02 1.862348e+02
      vertex   -1.054299e+02 3.830249e+02 1.832598e+02
    endloop
  endfacet
  facet normal 9.756089e-01 -2.195159e-01 9.435926e-07
    outer loop
      vertex   -1.054299e+02 3.830249e+02 1.832598e+02
      vertex   -1.054299e+02 3.830249e+02 1.862348e+02
      vertex   -1.054687e+02 3.828523e+02 1.832598e+02
    endloop
  endfacet
  facet normal 9.217488e-01 -3.877875e-01 -1.257522e-06
    outer loop
      vertex   -1.053074e+02 3.833564e+02 1.921848e+02
      vertex   -1.053760e+02 3.831933e+02 1.921848e+02
      vertex   -1.053760e+02 3.831934e+02 1.892098e+02
    endloop
  endfacet
  facet normal 9.524032e-01 -3.048410e-01 1.257673e-06
    outer loop
      vertex   -1.053760e+02 3.831934e+02 1.892098e+02
      vertex   -1.053760e+02 3.831933e+02 1.921848e+02
      vertex   -1.054299e+02 3.830248e+02 1.892098e+02
    endloop
  endfacet
  facet normal 9.524032e-01 -3.048410e-01 -9.433672e-07
    outer loop
      vertex   -1.053760e+02 3.831934e+02 1.892098e+02
      vertex   -1.054299e+02 3.830248e+02 1.892098e+02
      vertex   -1.054299e+02 3.830249e+02 1.862348e+02
    endloop
  endfacet
  facet normal 9.756147e-01 -2.194901e-01 9.434799e-07
    outer loop
      vertex   -1.054299e+02 3.830249e+02 1.862348e+02
      vertex   -1.054299e+02 3.830248e+02 1.892098e+02
      vertex   -1.054687e+02 3.828522e+02 1.862348e+02
    endloop
  endfacet
  facet normal 9.756147e-01 -2.194901e-01 -6.290617e-07
    outer loop
      vertex   -1.054299e+02 3.830249e+02 1.862348e+02
      vertex   -1.054687e+02 3.828522e+02 1.862348e+02
      vertex   -1.054687e+02 3.828523e+02 1.832598e+02
    endloop
  endfacet
  facet normal 9.911962e-01 -1.324010e-01 6.291369e-07
    outer loop
      vertex   -1.054687e+02 3.828523e+02 1.832598e+02
      vertex   -1.054687e+02 3.828522e+02 1.862348e+02
      vertex   -1.054922e+02 3.826768e+02 1.832598e+02
    endloop
  endfacet
  facet normal 9.524145e-01 -3.048058e-01 -9.432545e-07
    outer loop
      vertex   -1.053760e+02 3.831933e+02 1.921848e+02
      vertex   -1.054299e+02 3.830248e+02 1.921848e+02
      vertex   -1.054299e+02 3.830248e+02 1.892098e+02
    endloop
  endfacet
  facet normal 9.756205e-01 -2.194643e-01 9.433672e-07
    outer loop
      vertex   -1.054299e+02 3.830248e+02 1.892098e+02
      vertex   -1.054299e+02 3.830248e+02 1.921848e+02
      vertex   -1.054687e+02 3.828522e+02 1.892098e+02
    endloop
  endfacet
  facet normal 9.756205e-01 -2.194643e-01 -6.289866e-07
    outer loop
      vertex   -1.054299e+02 3.830248e+02 1.892098e+02
      vertex   -1.054687e+02 3.828522e+02 1.892098e+02
      vertex   -1.054687e+02 3.828522e+02 1.862348e+02
    endloop
  endfacet
  facet normal 9.911983e-01 -1.323853e-01 6.290617e-07
    outer loop
      vertex   -1.054687e+02 3.828522e+02 1.862348e+02
      vertex   -1.054687e+02 3.828522e+02 1.892098e+02
      vertex   -1.054922e+02 3.826768e+02 1.862348e+02
    endloop
  endfacet
  facet normal 9.911983e-01 -1.323853e-01 -3.145684e-07
    outer loop
      vertex   -1.054687e+02 3.828522e+02 1.862348e+02
      vertex   -1.054922e+02 3.826768e+02 1.862348e+02
      vertex   -1.054922e+02 3.826768e+02 1.832598e+02
    endloop
  endfacet
  facet normal 9.990205e-01 -4.424920e-02 3.146060e-07
    outer loop
      vertex   -1.054922e+02 3.826768e+02 1.832598e+02
      vertex   -1.054922e+02 3.826768e+02 1.862348e+02
      vertex   -1.055000e+02 3.825000e+02 1.832598e+02
    endloop
  endfacet
  facet normal 9.756263e-01 -2.194385e-01 -6.289115e-07
    outer loop
      vertex   -1.054299e+02 3.830248e+02 1.921848e+02
      vertex   -1.054688e+02 3.828521e+02 1.921848e+02
      vertex   -1.054687e+02 3.828522e+02 1.892098e+02
    endloop
  endfacet
  facet normal 9.912004e-01 -1.323696e-01 6.289866e-07
    outer loop
      vertex   -1.054687e+02 3.828522e+02 1.892098e+02
      vertex   -1.054688e+02 3.828521e+02 1.921848e+02
      vertex   -1.054922e+02 3.826768e+02 1.892098e+02
    endloop
  endfacet
  facet normal 9.912004e-01 -1.323696e-01 -3.145309e-07
    outer loop
      vertex   -1.054687e+02 3.828522e+02 1.892098e+02
      vertex   -1.054922e+02 3.826768e+02 1.892098e+02
      vertex   -1.054922e+02 3.826768e+02 1.862348e+02
    endloop
  endfacet
  facet normal 9.990208e-01 -4.424391e-02 3.145684e-07
    outer loop
      vertex   -1.054922e+02 3.826768e+02 1.862348e+02
      vertex   -1.054922e+02 3.826768e+02 1.892098e+02
      vertex   -1.055000e+02 3.825000e+02 1.862348e+02
    endloop
  endfacet
  facet normal 9.990208e-01 -4.424391e-02 0.000000e+00
    outer loop
      vertex   -1.054922e+02 3.826768e+02 1.862348e+02
      vertex   -1.055000e+02 3.825000e+02 1.862348e+02
      vertex   -1.055000e+02 3.825000e+02 1.832598e+02
    endloop
  endfacet
  facet normal 9.990208e-01 4.424391e-02 -0.000000e+00
    outer loop
      vertex   -1.055000e+02 3.825000e+02 1.832598e+02
      vertex   -1.055000e+02 3.825000e+02 1.862348e+02
      vertex   -1.054922e+02 3.823232e+02 1.862348e+02
    endloop
  endfacet
  facet normal 9.912025e-01 -1.323539e-01 -3.144933e-07
    outer loop
      vertex   -1.054688e+02 3.828521e+02 1.921848e+02
      vertex   -1.054922e+02 3.826768e+02 1.921848e+02
      vertex   -1.054922e+02 3.826768e+02 1.892098e+02
    endloop
  endfacet
  facet normal 9.990210e-01 -4.423863e-02 3.145309e-07
    outer loop
      vertex   -1.054922e+02 3.826768e+02 1.892098e+02
      vertex   -1.054922e+02 3.826768e+02 1.921848e+02
      vertex   -1.055000e+02 3.825000e+02 1.892098e+02
    endloop
  endfacet
  facet normal 9.990210e-01 -4.423863e-02 0.000000e+00
    outer loop
      vertex   -1.054922e+02 3.826768e+02 1.892098e+02
      vertex   -1.055000e+02 3.825000e+02 1.892098e+02
      vertex   -1.055000e+02 3.825000e+02 1.862348e+02
    endloop
  endfacet
  facet normal 9.990210e-01 4.423863e-02 -0.000000e+00
    outer loop
      vertex   -1.055000e+02 3.825000e+02 1.862348e+02
      vertex   -1.055000e+02 3.825000e+02 1.892098e+02
      vertex   -1.054922e+02 3.823232e+02 1.892098e+02
    endloop
  endfacet
  facet normal 9.990208e-01 4.424391e-02 3.145684e-07
    outer loop
      vertex   -1.055000e+02 3.825000e+02 1.862348e+02
      vertex   -1.054922e+02 3.823232e+02 1.892098e+02
      vertex   -1.054922e+02 3.823232e+02 1.862348e+02
    endloop
  endfacet
  facet normal 9.912004e-01 1.323696e-01 -3.145309e-07
    outer loop
      vertex   -1.054922e+02 3.823232e+02 1.862348e+02
      vertex   -1.054922e+02 3.823232e+02 1.892098e+02
      vertex   -1.054687e+02 3.821478e+02 1.892098e+02
    endloop
  endfacet
  facet normal -4.089525e-01 9.125557e-01 2.863268e-05
    outer loop
      vertex   -1.026021e+02 3.807129e+02 1.802848e+02
      vertex   -1.027637e+02 3.806405e+02 1.802848e+02
      vertex   -1.026039e+02 3.807120e+02 1.832598e+02
    endloop
  endfacet
  facet normal -4.080836e-01 9.129446e-01 -2.738778e-05
    outer loop
      vertex   -1.026039e+02 3.807120e+02 1.832598e+02
      vertex   -1.027637e+02 3.806405e+02 1.802848e+02
      vertex   -1.027654e+02 3.806398e+02 1.832598e+02
    endloop
  endfacet
  facet normal -4.080836e-01 9.129446e-01 0.000000e+00
    outer loop
      vertex   -1.026039e+02 3.807120e+02 1.832598e+02
      vertex   -1.027654e+02 3.806398e+02 1.832598e+02
      vertex   -1.027654e+02 3.806398e+02 1.862348e+02
    endloop
  endfacet
  facet normal -3.258006e-01 9.454385e-01 0.000000e+00
    outer loop
      vertex   -1.027654e+02 3.806398e+02 1.862348e+02
      vertex   -1.027654e+02 3.806398e+02 1.832598e+02
      vertex   -1.029327e+02 3.805822e+02 1.862348e+02
    endloop
  endfacet
  facet normal -3.258006e-01 9.454385e-01 0.000000e+00
    outer loop
      vertex   -1.027654e+02 3.806398e+02 1.862348e+02
      vertex   -1.029327e+02 3.805822e+02 1.862348e+02
      vertex   -1.029327e+02 3.805822e+02 1.892098e+02
    endloop
  endfacet
  facet normal -2.411730e-01 9.704821e-01 0.000000e+00
    outer loop
      vertex   -1.029327e+02 3.805822e+02 1.892098e+02
      vertex   -1.029327e+02 3.805822e+02 1.862348e+02
      vertex   -1.031036e+02 3.805397e+02 1.862348e+02
    endloop
  endfacet
  facet normal -2.410704e-01 9.705076e-01 -6.260562e-06
    outer loop
      vertex   -1.029327e+02 3.805822e+02 1.892098e+02
      vertex   -1.031036e+02 3.805397e+02 1.862348e+02
      vertex   -1.031040e+02 3.805396e+02 1.892098e+02
    endloop
  endfacet
  facet normal -1.546565e-01 9.879683e-01 6.277093e-06
    outer loop
      vertex   -1.031040e+02 3.805396e+02 1.892098e+02
      vertex   -1.031036e+02 3.805397e+02 1.862348e+02
      vertex   -1.032784e+02 3.805123e+02 1.862348e+02
    endloop
  endfacet
  facet normal -1.544527e-01 9.880002e-01 -5.963238e-06
    outer loop
      vertex   -1.031040e+02 3.805396e+02 1.892098e+02
      vertex   -1.032784e+02 3.805123e+02 1.862348e+02
      vertex   -1.032788e+02 3.805123e+02 1.892098e+02
    endloop
  endfacet
  facet normal -6.671345e-02 9.977722e-01 5.963952e-06
    outer loop
      vertex   -1.032788e+02 3.805123e+02 1.892098e+02
      vertex   -1.032784e+02 3.805123e+02 1.862348e+02
      vertex   -1.034550e+02 3.805005e+02 1.862348e+02
    endloop
  endfacet
  facet normal -6.651820e-02 9.977852e-01 -5.650060e-06
    outer loop
      vertex   -1.032788e+02 3.805123e+02 1.892098e+02
      vertex   -1.034550e+02 3.805005e+02 1.862348e+02
      vertex   -1.034554e+02 3.805005e+02 1.892098e+02
    endloop
  endfacet
  facet normal 2.175197e-02 9.997634e-01 5.650736e-06
    outer loop
      vertex   -1.034554e+02 3.805005e+02 1.892098e+02
      vertex   -1.034550e+02 3.805005e+02 1.862348e+02
      vertex   -1.036319e+02 3.805044e+02 1.862348e+02
    endloop
  endfacet
  facet normal 2.193703e-02 9.997594e-01 -5.336806e-06
    outer loop
      vertex   -1.034554e+02 3.805005e+02 1.892098e+02
      vertex   -1.036319e+02 3.805044e+02 1.862348e+02
      vertex   -1.036323e+02 3.805044e+02 1.892098e+02
    endloop
  endfacet
  facet normal 1.100471e-01 9.939264e-01 5.337445e-06
    outer loop
      vertex   -1.036323e+02 3.805044e+02 1.892098e+02
      vertex   -1.036319e+02 3.805044e+02 1.862348e+02
      vertex   -1.038078e+02 3.805238e+02 1.862348e+02
    endloop
  endfacet
  facet normal 1.102205e-01 9.939072e-01 -5.023477e-06
    outer loop
      vertex   -1.036323e+02 3.805044e+02 1.892098e+02
      vertex   -1.038078e+02 3.805238e+02 1.862348e+02
      vertex   -1.038082e+02 3.805239e+02 1.892098e+02
    endloop
  endfacet
  facet normal 1.974805e-01 9.803068e-01 5.024078e-06
    outer loop
      vertex   -1.038082e+02 3.805239e+02 1.892098e+02
      vertex   -1.038078e+02 3.805238e+02 1.862348e+02
      vertex   -1.039813e+02 3.805588e+02 1.862348e+02
    endloop
  endfacet
  facet normal 1.976412e-01 9.802744e-01 -4.710074e-06
    outer loop
      vertex   -1.038082e+02 3.805239e+02 1.892098e+02
      vertex   -1.039813e+02 3.805588e+02 1.862348e+02
      vertex   -1.039816e+02 3.805589e+02 1.892098e+02
    endloop
  endfacet
  facet normal 2.833676e-01 9.590114e-01 4.710637e-06
    outer loop
      vertex   -1.039816e+02 3.805589e+02 1.892098e+02
      vertex   -1.039813e+02 3.805588e+02 1.862348e+02
      vertex   -1.041510e+02 3.806089e+02 1.862348e+02
    endloop
  endfacet
  facet normal 2.835147e-01 9.589679e-01 -4.396595e-06
    outer loop
      vertex   -1.039816e+02 3.805589e+02 1.892098e+02
      vertex   -1.041510e+02 3.806089e+02 1.862348e+02
      vertex   -1.041513e+02 3.806090e+02 1.892098e+02
    endloop
  endfacet
  facet normal 3.670360e-01 9.302068e-01 4.397121e-06
    outer loop
      vertex   -1.041513e+02 3.806090e+02 1.892098e+02
      vertex   -1.041510e+02 3.806089e+02 1.862348e+02
      vertex   -1.043157e+02 3.806739e+02 1.862348e+02
    endloop
  endfacet
  facet normal 3.671688e-01 9.301543e-01 -4.083041e-06
    outer loop
      vertex   -1.041513e+02 3.806090e+02 1.892098e+02
      vertex   -1.043157e+02 3.806739e+02 1.862348e+02
      vertex   -1.043159e+02 3.806740e+02 1.892098e+02
    endloop
  endfacet
  facet normal 4.478304e-01 8.941185e-01 4.083529e-06
    outer loop
      vertex   -1.043159e+02 3.806740e+02 1.892098e+02
      vertex   -1.043157e+02 3.806739e+02 1.862348e+02
      vertex   -1.044739e+02 3.807531e+02 1.862348e+02
    endloop
  endfacet
  facet normal 4.479486e-01 8.940593e-01 -3.769411e-06
    outer loop
      vertex   -1.043159e+02 3.806740e+02 1.892098e+02
      vertex   -1.044739e+02 3.807531e+02 1.862348e+02
      vertex   -1.044741e+02 3.807533e+02 1.892098e+02
    endloop
  endfacet
  facet normal 5.251182e-01 8.510293e-01 3.769862e-06
    outer loop
      vertex   -1.044741e+02 3.807533e+02 1.892098e+02
      vertex   -1.044739e+02 3.807531e+02 1.862348e+02
      vertex   -1.046245e+02 3.808461e+02 1.862348e+02
    endloop
  endfacet
  facet normal 5.252217e-01 8.509654e-01 -3.455707e-06
    outer loop
      vertex   -1.044741e+02 3.807533e+02 1.892098e+02
      vertex   -1.046245e+02 3.808461e+02 1.862348e+02
      vertex   -1.046247e+02 3.808462e+02 1.892098e+02
    endloop
  endfacet
  facet normal 5.982943e-01 8.012764e-01 3.456120e-06
    outer loop
      vertex   -1.046247e+02 3.808462e+02 1.892098e+02
      vertex   -1.046245e+02 3.808461e+02 1.862348e+02
      vertex   -1.047663e+02 3.809520e+02 1.862348e+02
    endloop
  endfacet
  facet normal 5.983833e-01 8.012100e-01 -3.141928e-06
    outer loop
      vertex   -1.046247e+02 3.808462e+02 1.892098e+02
      vertex   -1.047663e+02 3.809520e+02 1.862348e+02
      vertex   -1.047665e+02 3.809521e+02 1.892098e+02
    endloop
  endfacet
  facet normal 6.667858e-01 7.452494e-01 3.142303e-06
    outer loop
      vertex   -1.047665e+02 3.809521e+02 1.892098e+02
      vertex   -1.047663e+02 3.809520e+02 1.862348e+02
      vertex   -1.048982e+02 3.810700e+02 1.862348e+02
    endloop
  endfacet
  facet normal 6.668607e-01 7.451824e-01 -2.828073e-06
    outer loop
      vertex   -1.047665e+02 3.809521e+02 1.892098e+02
      vertex   -1.048982e+02 3.810700e+02 1.862348e+02
      vertex   -1.048983e+02 3.810701e+02 1.892098e+02
    endloop
  endfacet
  facet normal 7.300562e-01 6.833871e-01 2.828411e-06
    outer loop
      vertex   -1.048983e+02 3.810701e+02 1.892098e+02
      vertex   -1.048982e+02 3.810700e+02 1.862348e+02
      vertex   -1.050192e+02 3.811992e+02 1.862348e+02
    endloop
  endfacet
  facet normal 7.301176e-01 6.833215e-01 -2.514143e-06
    outer loop
      vertex   -1.048983e+02 3.810701e+02 1.892098e+02
      vertex   -1.050192e+02 3.811992e+02 1.862348e+02
      vertex   -1.050193e+02 3.811993e+02 1.892098e+02
    endloop
  endfacet
  facet normal 7.876102e-01 6.161738e-01 2.514444e-06
    outer loop
      vertex   -1.050193e+02 3.811993e+02 1.892098e+02
      vertex   -1.050192e+02 3.811992e+02 1.862348e+02
      vertex   -1.051282e+02 3.813386e+02 1.862348e+02
    endloop
  endfacet
  facet normal 7.876591e-01 6.161113e-01 -2.200138e-06
    outer loop
      vertex   -1.050193e+02 3.811993e+02 1.892098e+02
      vertex   -1.051282e+02 3.813386e+02 1.862348e+02
      vertex   -1.051283e+02 3.813387e+02 1.892098e+02
    endloop
  endfacet
  facet normal 8.389972e-01 5.441358e-01 2.200401e-06
    outer loop
      vertex   -1.051283e+02 3.813387e+02 1.892098e+02
      vertex   -1.051282e+02 3.813386e+02 1.862348e+02
      vertex   -1.052245e+02 3.814870e+02 1.862348e+02
    endloop
  endfacet
  facet normal 8.390346e-01 5.440781e-01 -1.886058e-06
    outer loop
      vertex   -1.051283e+02 3.813387e+02 1.892098e+02
      vertex   -1.052245e+02 3.814870e+02 1.862348e+02
      vertex   -1.052246e+02 3.814872e+02 1.892098e+02
    endloop
  endfacet
  facet normal 8.838147e-01 4.678371e-01 1.886284e-06
    outer loop
      vertex   -1.052246e+02 3.814872e+02 1.892098e+02
      vertex   -1.052245e+02 3.814870e+02 1.862348e+02
      vertex   -1.053073e+02 3.816435e+02 1.862348e+02
    endloop
  endfacet
  facet normal 8.838419e-01 4.677857e-01 -1.571903e-06
    outer loop
      vertex   -1.052246e+02 3.814872e+02 1.892098e+02
      vertex   -1.053073e+02 3.816435e+02 1.862348e+02
      vertex   -1.053073e+02 3.816436e+02 1.892098e+02
    endloop
  endfacet
  facet normal 9.217119e-01 3.878752e-01 1.572091e-06
    outer loop
      vertex   -1.053073e+02 3.816436e+02 1.892098e+02
      vertex   -1.053073e+02 3.816435e+02 1.862348e+02
      vertex   -1.053759e+02 3.818066e+02 1.862348e+02
    endloop
  endfacet
  facet normal 9.217303e-01 3.878314e-01 -1.257673e-06
    outer loop
      vertex   -1.053073e+02 3.816436e+02 1.892098e+02
      vertex   -1.053759e+02 3.818066e+02 1.862348e+02
      vertex   -1.053760e+02 3.818067e+02 1.892098e+02
    endloop
  endfacet
  facet normal 9.523920e-01 3.048763e-01 1.257823e-06
    outer loop
      vertex   -1.053760e+02 3.818067e+02 1.892098e+02
      vertex   -1.053759e+02 3.818066e+02 1.862348e+02
      vertex   -1.054299e+02 3.819751e+02 1.862348e+02
    endloop
  endfacet
  facet normal 9.524032e-01 3.048410e-01 -9.433672e-07
    outer loop
      vertex   -1.053760e+02 3.818067e+02 1.892098e+02
      vertex   -1.054299e+02 3.819751e+02 1.862348e+02
      vertex   -1.054299e+02 3.819752e+02 1.892098e+02
    endloop
  endfacet
  facet normal 9.756147e-01 2.194901e-01 9.434799e-07
    outer loop
      vertex   -1.054299e+02 3.819752e+02 1.892098e+02
      vertex   -1.054299e+02 3.819751e+02 1.862348e+02
      vertex   -1.054687e+02 3.821478e+02 1.862348e+02
    endloop
  endfacet
  facet normal -3.266604e-01 9.451418e-01 2.740100e-05
    outer loop
      vertex   -1.027637e+02 3.806405e+02 1.802848e+02
      vertex   -1.029310e+02 3.805827e+02 1.802848e+02
      vertex   -1.027654e+02 3.806398e+02 1.832598e+02
    endloop
  endfacet
  facet normal -3.258006e-01 9.454385e-01 -2.615550e-05
    outer loop
      vertex   -1.027654e+02 3.806398e+02 1.832598e+02
      vertex   -1.029310e+02 3.805827e+02 1.802848e+02
      vertex   -1.029327e+02 3.805822e+02 1.832598e+02
    endloop
  endfacet
  facet normal -3.258006e-01 9.454385e-01 0.000000e+00
    outer loop
      vertex   -1.027654e+02 3.806398e+02 1.832598e+02
      vertex   -1.029327e+02 3.805822e+02 1.832598e+02
      vertex   -1.029327e+02 3.805822e+02 1.862348e+02
    endloop
  endfacet
  facet normal -2.412757e-01 9.704566e-01 0.000000e+00
    outer loop
      vertex   -1.029327e+02 3.805822e+02 1.862348e+02
      vertex   -1.029327e+02 3.805822e+02 1.832598e+02
      vertex   -1.031032e+02 3.805398e+02 1.832598e+02
    endloop
  endfacet
  facet normal -2.411730e-01 9.704821e-01 -6.245534e-06
    outer loop
      vertex   -1.029327e+02 3.805822e+02 1.862348e+02
      vertex   -1.031032e+02 3.805398e+02 1.832598e+02
      vertex   -1.031036e+02 3.805397e+02 1.862348e+02
    endloop
  endfacet
  facet normal -1.548603e-01 9.879364e-01 6.277844e-06
    outer loop
      vertex   -1.031036e+02 3.805397e+02 1.862348e+02
      vertex   -1.031032e+02 3.805398e+02 1.832598e+02
      vertex   -1.032780e+02 3.805124e+02 1.832598e+02
    endloop
  endfacet
  facet normal -1.546565e-01 9.879683e-01 -5.963952e-06
    outer loop
      vertex   -1.031036e+02 3.805397e+02 1.862348e+02
      vertex   -1.032780e+02 3.805124e+02 1.832598e+02
      vertex   -1.032784e+02 3.805123e+02 1.862348e+02
    endloop
  endfacet
  facet normal -6.690869e-02 9.977591e-01 5.964666e-06
    outer loop
      vertex   -1.032784e+02 3.805123e+02 1.862348e+02
      vertex   -1.032780e+02 3.805124e+02 1.832598e+02
      vertex   -1.034546e+02 3.805005e+02 1.832598e+02
    endloop
  endfacet
  facet normal -6.671345e-02 9.977722e-01 -5.650736e-06
    outer loop
      vertex   -1.032784e+02 3.805123e+02 1.862348e+02
      vertex   -1.034546e+02 3.805005e+02 1.832598e+02
      vertex   -1.034550e+02 3.805005e+02 1.862348e+02
    endloop
  endfacet
  facet normal 2.156692e-02 9.997674e-01 5.651412e-06
    outer loop
      vertex   -1.034550e+02 3.805005e+02 1.862348e+02
      vertex   -1.034546e+02 3.805005e+02 1.832598e+02
      vertex   -1.036316e+02 3.805043e+02 1.832598e+02
    endloop
  endfacet
  facet normal 2.175197e-02 9.997634e-01 -5.337445e-06
    outer loop
      vertex   -1.034550e+02 3.805005e+02 1.862348e+02
      vertex   -1.036316e+02 3.805043e+02 1.832598e+02
      vertex   -1.036319e+02 3.805044e+02 1.862348e+02
    endloop
  endfacet
  facet normal 1.098736e-01 9.939456e-01 5.338083e-06
    outer loop
      vertex   -1.036319e+02 3.805044e+02 1.862348e+02
      vertex   -1.036316e+02 3.805043e+02 1.832598e+02
      vertex   -1.038075e+02 3.805238e+02 1.832598e+02
    endloop
  endfacet
  facet normal 1.100471e-01 9.939264e-01 -5.024078e-06
    outer loop
      vertex   -1.036319e+02 3.805044e+02 1.862348e+02
      vertex   -1.038075e+02 3.805238e+02 1.832598e+02
      vertex   -1.038078e+02 3.805238e+02 1.862348e+02
    endloop
  endfacet
  facet normal 1.973198e-01 9.803392e-01 5.024680e-06
    outer loop
      vertex   -1.038078e+02 3.805238e+02 1.862348e+02
      vertex   -1.038075e+02 3.805238e+02 1.832598e+02
      vertex   -1.039810e+02 3.805587e+02 1.832598e+02
    endloop
  endfacet
  facet normal 1.974805e-01 9.803068e-01 -4.710637e-06
    outer loop
      vertex   -1.038078e+02 3.805238e+02 1.862348e+02
      vertex   -1.039810e+02 3.805587e+02 1.832598e+02
      vertex   -1.039813e+02 3.805588e+02 1.862348e+02
    endloop
  endfacet
  facet normal 2.832205e-01 9.590548e-01 4.711201e-06
    outer loop
      vertex   -1.039813e+02 3.805588e+02 1.862348e+02
      vertex   -1.039810e+02 3.805587e+02 1.832598e+02
      vertex   -1.041508e+02 3.806088e+02 1.832598e+02
    endloop
  endfacet
  facet normal 2.833676e-01 9.590114e-01 -4.397121e-06
    outer loop
      vertex   -1.039813e+02 3.805588e+02 1.862348e+02
      vertex   -1.041508e+02 3.806088e+02 1.832598e+02
      vertex   -1.041510e+02 3.806089e+02 1.862348e+02
    endloop
  endfacet
  facet normal 3.669031e-01 9.302592e-01 4.397647e-06
    outer loop
      vertex   -1.041510e+02 3.806089e+02 1.862348e+02
      vertex   -1.041508e+02 3.806088e+02 1.832598e+02
      vertex   -1.043154e+02 3.806738e+02 1.832598e+02
    endloop
  endfacet
  facet normal 3.670360e-01 9.302068e-01 -4.083529e-06
    outer loop
      vertex   -1.041510e+02 3.806089e+02 1.862348e+02
      vertex   -1.043154e+02 3.806738e+02 1.832598e+02
      vertex   -1.043157e+02 3.806739e+02 1.862348e+02
    endloop
  endfacet
  facet normal 4.477121e-01 8.941777e-01 4.084017e-06
    outer loop
      vertex   -1.043157e+02 3.806739e+02 1.862348e+02
      vertex   -1.043154e+02 3.806738e+02 1.832598e+02
      vertex   -1.044737e+02 3.807530e+02 1.832598e+02
    endloop
  endfacet
  facet normal 4.478304e-01 8.941185e-01 -3.769862e-06
    outer loop
      vertex   -1.043157e+02 3.806739e+02 1.862348e+02
      vertex   -1.044737e+02 3.807530e+02 1.832598e+02
      vertex   -1.044739e+02 3.807531e+02 1.862348e+02
    endloop
  endfacet
  facet normal 5.250147e-01 8.510932e-01 3.770313e-06
    outer loop
      vertex   -1.044739e+02 3.807531e+02 1.862348e+02
      vertex   -1.044737e+02 3.807530e+02 1.832598e+02
      vertex   -1.046243e+02 3.808459e+02 1.832598e+02
    endloop
  endfacet
  facet normal 5.251182e-01 8.510293e-01 -3.456120e-06
    outer loop
      vertex   -1.044739e+02 3.807531e+02 1.862348e+02
      vertex   -1.046243e+02 3.808459e+02 1.832598e+02
      vertex   -1.046245e+02 3.808461e+02 1.862348e+02
    endloop
  endfacet
  facet normal 5.982054e-01 8.013428e-01 3.456533e-06
    outer loop
      vertex   -1.046245e+02 3.808461e+02 1.862348e+02
      vertex   -1.046243e+02 3.808459e+02 1.832598e+02
      vertex   -1.047662e+02 3.809518e+02 1.832598e+02
    endloop
  endfacet
  facet normal 5.982943e-01 8.012764e-01 -3.142303e-06
    outer loop
      vertex   -1.046245e+02 3.808461e+02 1.862348e+02
      vertex   -1.047662e+02 3.809518e+02 1.832598e+02
      vertex   -1.047663e+02 3.809520e+02 1.862348e+02
    endloop
  endfacet
  facet normal 6.667109e-01 7.453164e-01 3.142679e-06
    outer loop
      vertex   -1.047663e+02 3.809520e+02 1.862348e+02
      vertex   -1.047662e+02 3.809518e+02 1.832598e+02
      vertex   -1.048981e+02 3.810698e+02 1.832598e+02
    endloop
  endfacet
  facet normal 6.667858e-01 7.452494e-01 -2.828411e-06
    outer loop
      vertex   -1.047663e+02 3.809520e+02 1.862348e+02
      vertex   -1.048981e+02 3.810698e+02 1.832598e+02
      vertex   -1.048982e+02 3.810700e+02 1.862348e+02
    endloop
  endfacet
  facet normal 7.299948e-01 6.834527e-01 2.828749e-06
    outer loop
      vertex   -1.048982e+02 3.810700e+02 1.862348e+02
      vertex   -1.048981e+02 3.810698e+02 1.832598e+02
      vertex   -1.050190e+02 3.811990e+02 1.832598e+02
    endloop
  endfacet
  facet normal 7.300562e-01 6.833871e-01 -2.514444e-06
    outer loop
      vertex   -1.048982e+02 3.810700e+02 1.862348e+02
      vertex   -1.050190e+02 3.811990e+02 1.832598e+02
      vertex   -1.050192e+02 3.811992e+02 1.862348e+02
    endloop
  endfacet
  facet normal 7.875613e-01 6.162363e-01 2.514744e-06
    outer loop
      vertex   -1.050192e+02 3.811992e+02 1.862348e+02
      vertex   -1.050190e+02 3.811990e+02 1.832598e+02
      vertex   -1.051281e+02 3.813384e+02 1.832598e+02
    endloop
  endfacet
  facet normal 7.876102e-01 6.161738e-01 -2.200401e-06
    outer loop
      vertex   -1.050192e+02 3.811992e+02 1.862348e+02
      vertex   -1.051281e+02 3.813384e+02 1.832598e+02
      vertex   -1.051282e+02 3.813386e+02 1.862348e+02
    endloop
  endfacet
  facet normal 8.389598e-01 5.441934e-01 2.200664e-06
    outer loop
      vertex   -1.051282e+02 3.813386e+02 1.862348e+02
      vertex   -1.051281e+02 3.813384e+02 1.832598e+02
      vertex   -1.052244e+02 3.814869e+02 1.832598e+02
    endloop
  endfacet
  facet normal 8.389972e-01 5.441358e-01 -1.886284e-06
    outer loop
      vertex   -1.051282e+02 3.813386e+02 1.862348e+02
      vertex   -1.052244e+02 3.814869e+02 1.832598e+02
      vertex   -1.052245e+02 3.814870e+02 1.862348e+02
    endloop
  endfacet
  facet normal 8.837875e-01 4.678885e-01 1.886509e-06
    outer loop
      vertex   -1.052245e+02 3.814870e+02 1.862348e+02
      vertex   -1.052244e+02 3.814869e+02 1.832598e+02
      vertex   -1.053073e+02 3.816434e+02 1.832598e+02
    endloop
  endfacet
  facet normal 8.838147e-01 4.678371e-01 -1.572091e-06
    outer loop
      vertex   -1.052245e+02 3.814870e+02 1.862348e+02
      vertex   -1.053073e+02 3.816434e+02 1.832598e+02
      vertex   -1.053073e+02 3.816435e+02 1.862348e+02
    endloop
  endfacet
  facet normal 9.216934e-01 3.879191e-01 1.572279e-06
    outer loop
      vertex   -1.053073e+02 3.816435e+02 1.862348e+02
      vertex   -1.053073e+02 3.816434e+02 1.832598e+02
      vertex   -1.053759e+02 3.818065e+02 1.832598e+02
    endloop
  endfacet
  facet normal 9.217119e-01 3.878752e-01 -1.257823e-06
    outer loop
      vertex   -1.053073e+02 3.816435e+02 1.862348e+02
      vertex   -1.053759e+02 3.818065e+02 1.832598e+02
      vertex   -1.053759e+02 3.818066e+02 1.862348e+02
    endloop
  endfacet
  facet normal 9.523807e-01 3.049115e-01 1.257973e-06
    outer loop
      vertex   -1.053759e+02 3.818066e+02 1.862348e+02
      vertex   -1.053759e+02 3.818065e+02 1.832598e+02
      vertex   -1.054299e+02 3.819751e+02 1.832598e+02
    endloop
  endfacet
  facet normal 9.523920e-01 3.048763e-01 -9.434799e-07
    outer loop
      vertex   -1.053759e+02 3.818066e+02 1.862348e+02
      vertex   -1.054299e+02 3.819751e+02 1.832598e+02
      vertex   -1.054299e+02 3.819751e+02 1.862348e+02
    endloop
  endfacet
  facet normal 9.756089e-01 2.195159e-01 9.435926e-07
    outer loop
      vertex   -1.054299e+02 3.819751e+02 1.862348e+02
      vertex   -1.054299e+02 3.819751e+02 1.832598e+02
      vertex   -1.054687e+02 3.821477e+02 1.832598e+02
    endloop
  endfacet
  facet normal 9.756147e-01 2.194901e-01 -6.290617e-07
    outer loop
      vertex   -1.054299e+02 3.819751e+02 1.862348e+02
      vertex   -1.054687e+02 3.821477e+02 1.832598e+02
      vertex   -1.054687e+02 3.821478e+02 1.862348e+02
    endloop
  endfacet
  facet normal 9.911962e-01 1.324010e-01 6.291369e-07
    outer loop
      vertex   -1.054687e+02 3.821478e+02 1.862348e+02
      vertex   -1.054687e+02 3.821477e+02 1.832598e+02
      vertex   -1.054922e+02 3.823232e+02 1.832598e+02
    endloop
  endfacet
  facet normal -2.418094e-01 9.703238e-01 2.616813e-05
    outer loop
      vertex   -1.029310e+02 3.805827e+02 1.802848e+02
      vertex   -1.031027e+02 3.805399e+02 1.802848e+02
      vertex   -1.029327e+02 3.805822e+02 1.832598e+02
    endloop
  endfacet
  facet normal -2.412757e-01 9.704566e-01 -6.230507e-06
    outer loop
      vertex   -1.029327e+02 3.805822e+02 1.832598e+02
      vertex   -1.031027e+02 3.805399e+02 1.802848e+02
      vertex   -1.031032e+02 3.805398e+02 1.832598e+02
    endloop
  endfacet
  facet normal -1.550640e-01 9.879044e-01 6.278595e-06
    outer loop
      vertex   -1.031027e+02 3.805399e+02 1.802848e+02
      vertex   -1.032776e+02 3.805124e+02 1.802848e+02
      vertex   -1.031032e+02 3.805398e+02 1.832598e+02
    endloop
  endfacet
  facet normal -1.548603e-01 9.879364e-01 -5.964666e-06
    outer loop
      vertex   -1.031032e+02 3.805398e+02 1.832598e+02
      vertex   -1.032776e+02 3.805124e+02 1.802848e+02
      vertex   -1.032780e+02 3.805124e+02 1.832598e+02
    endloop
  endfacet
  facet normal -6.710392e-02 9.977460e-01 5.965379e-06
    outer loop
      vertex   -1.032776e+02 3.805124e+02 1.802848e+02
      vertex   -1.034542e+02 3.805005e+02 1.802848e+02
      vertex   -1.032780e+02 3.805124e+02 1.832598e+02
    endloop
  endfacet
  facet normal -6.690869e-02 9.977591e-01 -5.651412e-06
    outer loop
      vertex   -1.032780e+02 3.805124e+02 1.832598e+02
      vertex   -1.034542e+02 3.805005e+02 1.802848e+02
      vertex   -1.034546e+02 3.805005e+02 1.832598e+02
    endloop
  endfacet
  facet normal 2.138186e-02 9.997714e-01 5.652088e-06
    outer loop
      vertex   -1.034542e+02 3.805005e+02 1.802848e+02
      vertex   -1.036312e+02 3.805043e+02 1.802848e+02
      vertex   -1.034546e+02 3.805005e+02 1.832598e+02
    endloop
  endfacet
  facet normal 2.156692e-02 9.997674e-01 -5.338083e-06
    outer loop
      vertex   -1.034546e+02 3.805005e+02 1.832598e+02
      vertex   -1.036312e+02 3.805043e+02 1.802848e+02
      vertex   -1.036316e+02 3.805043e+02 1.832598e+02
    endloop
  endfacet
  facet normal 1.097001e-01 9.939647e-01 5.338722e-06
    outer loop
      vertex   -1.036312e+02 3.805043e+02 1.802848e+02
      vertex   -1.038072e+02 3.805237e+02 1.802848e+02
      vertex   -1.036316e+02 3.805043e+02 1.832598e+02
    endloop
  endfacet
  facet normal 1.098736e-01 9.939456e-01 -5.024680e-06
    outer loop
      vertex   -1.036316e+02 3.805043e+02 1.832598e+02
      vertex   -1.038072e+02 3.805237e+02 1.802848e+02
      vertex   -1.038075e+02 3.805238e+02 1.832598e+02
    endloop
  endfacet
  facet normal 1.971590e-01 9.803715e-01 5.025281e-06
    outer loop
      vertex   -1.038072e+02 3.805237e+02 1.802848e+02
      vertex   -1.039807e+02 3.805586e+02 1.802848e+02
      vertex   -1.038075e+02 3.805238e+02 1.832598e+02
    endloop
  endfacet
  facet normal 1.973198e-01 9.803392e-01 -4.711201e-06
    outer loop
      vertex   -1.038075e+02 3.805238e+02 1.832598e+02
      vertex   -1.039807e+02 3.805586e+02 1.802848e+02
      vertex   -1.039810e+02 3.805587e+02 1.832598e+02
    endloop
  endfacet
  facet normal 2.830734e-01 9.590982e-01 4.711764e-06
    outer loop
      vertex   -1.039807e+02 3.805586e+02 1.802848e+02
      vertex   -1.041505e+02 3.806087e+02 1.802848e+02
      vertex   -1.039810e+02 3.805587e+02 1.832598e+02
    endloop
  endfacet
  facet normal 2.832205e-01 9.590548e-01 -4.397647e-06
    outer loop
      vertex   -1.039810e+02 3.805587e+02 1.832598e+02
      vertex   -1.041505e+02 3.806087e+02 1.802848e+02
      vertex   -1.041508e+02 3.806088e+02 1.832598e+02
    endloop
  endfacet
  facet normal 3.667703e-01 9.303115e-01 4.398173e-06
    outer loop
      vertex   -1.041505e+02 3.806087e+02 1.802848e+02
      vertex   -1.043152e+02 3.806737e+02 1.802848e+02
      vertex   -1.041508e+02 3.806088e+02 1.832598e+02
    endloop
  endfacet
  facet normal 3.669031e-01 9.302592e-01 -4.084017e-06
    outer loop
      vertex   -1.041508e+02 3.806088e+02 1.832598e+02
      vertex   -1.043152e+02 3.806737e+02 1.802848e+02
      vertex   -1.043154e+02 3.806738e+02 1.832598e+02
    endloop
  endfacet
  facet normal 4.475939e-01 8.942369e-01 4.084506e-06
    outer loop
      vertex   -1.043152e+02 3.806737e+02 1.802848e+02
      vertex   -1.044735e+02 3.807529e+02 1.802848e+02
      vertex   -1.043154e+02 3.806738e+02 1.832598e+02
    endloop
  endfacet
  facet normal 4.477121e-01 8.941777e-01 -3.770313e-06
    outer loop
      vertex   -1.043154e+02 3.806738e+02 1.832598e+02
      vertex   -1.044735e+02 3.807529e+02 1.802848e+02
      vertex   -1.044737e+02 3.807530e+02 1.832598e+02
    endloop
  endfacet
  facet normal 5.249112e-01 8.511570e-01 3.770764e-06
    outer loop
      vertex   -1.044735e+02 3.807529e+02 1.802848e+02
      vertex   -1.046241e+02 3.808458e+02 1.802848e+02
      vertex   -1.044737e+02 3.807530e+02 1.832598e+02
    endloop
  endfacet
  facet normal 5.250147e-01 8.510932e-01 -3.456534e-06
    outer loop
      vertex   -1.044737e+02 3.807530e+02 1.832598e+02
      vertex   -1.046241e+02 3.808458e+02 1.802848e+02
      vertex   -1.046243e+02 3.808459e+02 1.832598e+02
    endloop
  endfacet
  facet normal 5.981164e-01 8.014093e-01 3.456947e-06
    outer loop
      vertex   -1.046241e+02 3.808458e+02 1.802848e+02
      vertex   -1.047660e+02 3.809517e+02 1.802848e+02
      vertex   -1.046243e+02 3.808459e+02 1.832598e+02
    endloop
  endfacet
  facet normal 5.982054e-01 8.013428e-01 -3.142679e-06
    outer loop
      vertex   -1.046243e+02 3.808459e+02 1.832598e+02
      vertex   -1.047660e+02 3.809517e+02 1.802848e+02
      vertex   -1.047662e+02 3.809518e+02 1.832598e+02
    endloop
  endfacet
  facet normal 6.666360e-01 7.453834e-01 3.143055e-06
    outer loop
      vertex   -1.047660e+02 3.809517e+02 1.802848e+02
      vertex   -1.048979e+02 3.810697e+02 1.802848e+02
      vertex   -1.047662e+02 3.809518e+02 1.832598e+02
    endloop
  endfacet
  facet normal 6.667109e-01 7.453164e-01 -2.828749e-06
    outer loop
      vertex   -1.047662e+02 3.809518e+02 1.832598e+02
      vertex   -1.048979e+02 3.810697e+02 1.802848e+02
      vertex   -1.048981e+02 3.810698e+02 1.832598e+02
    endloop
  endfacet
  facet normal 7.299333e-01 6.835184e-01 2.829087e-06
    outer loop
      vertex   -1.048979e+02 3.810697e+02 1.802848e+02
      vertex   -1.050189e+02 3.811989e+02 1.802848e+02
      vertex   -1.048981e+02 3.810698e+02 1.832598e+02
    endloop
  endfacet
  facet normal 7.299948e-01 6.834527e-01 -2.514744e-06
    outer loop
      vertex   -1.048981e+02 3.810698e+02 1.832598e+02
      vertex   -1.050189e+02 3.811989e+02 1.802848e+02
      vertex   -1.050190e+02 3.811990e+02 1.832598e+02
    endloop
  endfacet
  facet normal 7.875125e-01 6.162987e-01 2.515045e-06
    outer loop
      vertex   -1.050189e+02 3.811989e+02 1.802848e+02
      vertex   -1.051280e+02 3.813383e+02 1.802848e+02
      vertex   -1.050190e+02 3.811990e+02 1.832598e+02
    endloop
  endfacet
  facet normal 7.875613e-01 6.162363e-01 -2.200664e-06
    outer loop
      vertex   -1.050190e+02 3.811990e+02 1.832598e+02
      vertex   -1.051280e+02 3.813383e+02 1.802848e+02
      vertex   -1.051281e+02 3.813384e+02 1.832598e+02
    endloop
  endfacet
  facet normal 8.389223e-01 5.442511e-01 2.200927e-06
    outer loop
      vertex   -1.051280e+02 3.813383e+02 1.802848e+02
      vertex   -1.052244e+02 3.814868e+02 1.802848e+02
      vertex   -1.051281e+02 3.813384e+02 1.832598e+02
    endloop
  endfacet
  facet normal 8.389598e-01 5.441934e-01 -1.886509e-06
    outer loop
      vertex   -1.051281e+02 3.813384e+02 1.832598e+02
      vertex   -1.052244e+02 3.814868e+02 1.802848e+02
      vertex   -1.052244e+02 3.814869e+02 1.832598e+02
    endloop
  endfacet
  facet normal 8.837603e-01 4.679399e-01 1.886734e-06
    outer loop
      vertex   -1.052244e+02 3.814868e+02 1.802848e+02
      vertex   -1.053072e+02 3.816433e+02 1.802848e+02
      vertex   -1.052244e+02 3.814869e+02 1.832598e+02
    endloop
  endfacet
  facet normal 8.837875e-01 4.678885e-01 -1.572279e-06
    outer loop
      vertex   -1.052244e+02 3.814869e+02 1.832598e+02
      vertex   -1.053072e+02 3.816433e+02 1.802848e+02
      vertex   -1.053073e+02 3.816434e+02 1.832598e+02
    endloop
  endfacet
  facet normal 9.216750e-01 3.879630e-01 1.572467e-06
    outer loop
      vertex   -1.053072e+02 3.816433e+02 1.802848e+02
      vertex   -1.053759e+02 3.818064e+02 1.802848e+02
      vertex   -1.053073e+02 3.816434e+02 1.832598e+02
    endloop
  endfacet
  facet normal 9.216934e-01 3.879191e-01 -1.257973e-06
    outer loop
      vertex   -1.053073e+02 3.816434e+02 1.832598e+02
      vertex   -1.053759e+02 3.818064e+02 1.802848e+02
      vertex   -1.053759e+02 3.818065e+02 1.832598e+02
    endloop
  endfacet
  facet normal 9.523694e-01 3.049468e-01 1.258123e-06
    outer loop
      vertex   -1.053759e+02 3.818064e+02 1.802848e+02
      vertex   -1.054299e+02 3.819750e+02 1.802848e+02
      vertex   -1.053759e+02 3.818065e+02 1.832598e+02
    endloop
  endfacet
  facet normal 9.523807e-01 3.049115e-01 -9.435926e-07
    outer loop
      vertex   -1.053759e+02 3.818065e+02 1.832598e+02
      vertex   -1.054299e+02 3.819750e+02 1.802848e+02
      vertex   -1.054299e+02 3.819751e+02 1.832598e+02
    endloop
  endfacet
  facet normal 9.756031e-01 2.195417e-01 9.437053e-07
    outer loop
      vertex   -1.054299e+02 3.819750e+02 1.802848e+02
      vertex   -1.054687e+02 3.821477e+02 1.802848e+02
      vertex   -1.054299e+02 3.819751e+02 1.832598e+02
    endloop
  endfacet
  facet normal 9.756089e-01 2.195159e-01 -6.291369e-07
    outer loop
      vertex   -1.054299e+02 3.819751e+02 1.832598e+02
      vertex   -1.054687e+02 3.821477e+02 1.802848e+02
      vertex   -1.054687e+02 3.821477e+02 1.832598e+02
    endloop
  endfacet
  facet normal 9.911941e-01 1.324168e-01 6.292120e-07
    outer loop
      vertex   -1.054687e+02 3.821477e+02 1.802848e+02
      vertex   -1.054922e+02 3.823232e+02 1.802848e+02
      vertex   -1.054687e+02 3.821477e+02 1.832598e+02
    endloop
  endfacet
  facet normal 9.911962e-01 1.324010e-01 -3.146060e-07
    outer loop
      vertex   -1.054687e+02 3.821477e+02 1.832598e+02
      vertex   -1.054922e+02 3.823232e+02 1.802848e+02
      vertex   -1.054922e+02 3.823232e+02 1.832598e+02
    endloop
  endfacet
  facet normal 9.990203e-01 4.425448e-02 3.146436e-07
    outer loop
      vertex   -1.054922e+02 3.823232e+02 1.802848e+02
      vertex   -1.055000e+02 3.825000e+02 1.802848e+02
      vertex   -1.054922e+02 3.823232e+02 1.832598e+02
    endloop
  endfacet
  facet normal 0.000000e+00 -1.000000e+00 0.000000e+00
    outer loop
      vertex   -1.019231e+02 3.896411e+02 1.802848e+02
      vertex   -9.762079e+01 3.896411e+02 1.802848e+02
      vertex   -9.977196e+01 3.896411e+02 1.826098e+02
    endloop
  endfacet
  facet normal 7.340225e-01 0.000000e+00 -6.791251e-01
    outer loop
      vertex   -1.019231e+02 3.812698e+02 1.802848e+02
      vertex   -1.018736e+02 3.813361e+02 1.803383e+02
      vertex   -1.019231e+02 3.761306e+02 1.802848e+02
    endloop
  endfacet
  facet normal 7.340225e-01 1.024116e-13 -6.791251e-01
    outer loop
      vertex   -1.019231e+02 3.761306e+02 1.802848e+02
      vertex   -1.018736e+02 3.813361e+02 1.803383e+02
      vertex   -1.018268e+02 3.814044e+02 1.803889e+02
    endloop
  endfacet
  facet normal 7.340225e-01 1.035347e-13 -6.791251e-01
    outer loop
      vertex   -1.019231e+02 3.761306e+02 1.802848e+02
      vertex   -1.018268e+02 3.814044e+02 1.803889e+02
      vertex   -1.017828e+02 3.814746e+02 1.804364e+02
    endloop
  endfacet
  facet normal 7.340225e-01 1.040411e-13 -6.791251e-01
    outer loop
      vertex   -1.017828e+02 3.814746e+02 1.804364e+02
      vertex   -1.017419e+02 3.815466e+02 1.804807e+02
      vertex   -1.019231e+02 3.761306e+02 1.802848e+02
    endloop
  endfacet
  facet normal 7.340225e-01 1.097604e-13 -6.791251e-01
    outer loop
      vertex   -1.019231e+02 3.761306e+02 1.802848e+02
      vertex   -1.017419e+02 3.815466e+02 1.804807e+02
      vertex   -1.017039e+02 3.816202e+02 1.805217e+02
    endloop
  endfacet
  facet normal 7.340225e-01 8.502804e-14 -6.791251e-01
    outer loop
      vertex   -1.019231e+02 3.761306e+02 1.802848e+02
      vertex   -1.017039e+02 3.816202e+02 1.805217e+02
      vertex   -1.016690e+02 3.816953e+02 1.805594e+02
    endloop
  endfacet
  facet normal 7.340225e-01 1.055546e-13 -6.791251e-01
    outer loop
      vertex   -1.016690e+02 3.816953e+02 1.805594e+02
      vertex   -1.016373e+02 3.817718e+02 1.805937e+02
      vertex   -1.019231e+02 3.761306e+02 1.802848e+02
    endloop
  endfacet
  facet normal 7.340225e-01 1.411363e-13 -6.791251e-01
    outer loop
      vertex   -1.019231e+02 3.761306e+02 1.802848e+02
      vertex   -1.016373e+02 3.817718e+02 1.805937e+02
      vertex   -1.016087e+02 3.818495e+02 1.806246e+02
    endloop
  endfacet
  facet normal 7.340225e-01 1.146493e-13 -6.791251e-01
    outer loop
      vertex   -1.019231e+02 3.761306e+02 1.802848e+02
      vertex   -1.016087e+02 3.818495e+02 1.806246e+02
      vertex   -1.015834e+02 3.819284e+02 1.806519e+02
    endloop
  endfacet
  facet normal 7.340225e-01 1.220225e-13 -6.791251e-01
    outer loop
      vertex   -1.015834e+02 3.819284e+02 1.806519e+02
      vertex   -1.015614e+02 3.820082e+02 1.806757e+02
      vertex   -1.019231e+02 3.761306e+02 1.802848e+02
    endloop
  endfacet
  facet normal 7.340225e-01 1.704790e-14 -6.791251e-01
    outer loop
      vertex   -1.019231e+02 3.761306e+02 1.802848e+02
      vertex   -1.015614e+02 3.820082e+02 1.806757e+02
      vertex   -1.015427e+02 3.820889e+02 1.806959e+02
    endloop
  endfacet
  facet normal 7.340225e-01 8.244336e-14 -6.791251e-01
    outer loop
      vertex   -1.019231e+02 3.761306e+02 1.802848e+02
      vertex   -1.015427e+02 3.820889e+02 1.806959e+02
      vertex   -9.977196e+01 3.761306e+02 1.826098e+02
    endloop
  endfacet
  facet normal 7.340225e-01 1.229375e-13 -6.791251e-01
    outer loop
      vertex   -9.977196e+01 3.761306e+02 1.826098e+02
      vertex   -1.015427e+02 3.820889e+02 1.806959e+02
      vertex   -1.015274e+02 3.821703e+02 1.807125e+02
    endloop
  endfacet
  facet normal 7.340225e-01 9.072517e-14 -6.791251e-01
    outer loop
      vertex   -9.977196e+01 3.761306e+02 1.826098e+02
      vertex   -1.015274e+02 3.821703e+02 1.807125e+02
      vertex   -1.015154e+02 3.822522e+02 1.807254e+02
    endloop
  endfacet
  facet normal 7.340225e-01 -1.572010e-13 -6.791251e-01
    outer loop
      vertex   -1.015154e+02 3.822522e+02 1.807254e+02
      vertex   -1.015069e+02 3.823346e+02 1.807347e+02
      vertex   -9.977196e+01 3.761306e+02 1.826098e+02
    endloop
  endfacet
  facet normal 7.340225e-01 -1.548560e-14 -6.791251e-01
    outer loop
      vertex   -9.977196e+01 3.761306e+02 1.826098e+02
      vertex   -1.015069e+02 3.823346e+02 1.807347e+02
      vertex   -1.015017e+02 3.824172e+02 1.807402e+02
    endloop
  endfacet
  facet normal 7.340225e-01 -5.288026e-14 -6.791251e-01
    outer loop
      vertex   -9.977196e+01 3.761306e+02 1.826098e+02
      vertex   -1.015017e+02 3.824172e+02 1.807402e+02
      vertex   -1.015000e+02 3.825000e+02 1.807421e+02
    endloop
  endfacet
  facet normal 7.340225e-01 6.176542e-15 -6.791251e-01
    outer loop
      vertex   -9.977196e+01 3.761306e+02 1.826098e+02
      vertex   -1.015000e+02 3.825000e+02 1.807421e+02
      vertex   -9.977196e+01 3.896411e+02 1.826098e+02
    endloop
  endfacet
  facet normal 7.340225e-01 1.339873e-13 -6.791251e-01
    outer loop
      vertex   -9.977196e+01 3.896411e+02 1.826098e+02
      vertex   -1.015000e+02 3.825000e+02 1.807421e+02
      vertex   -1.015017e+02 3.825828e+02 1.807402e+02
    endloop
  endfacet
  facet normal 7.340225e-01 -1.833974e-13 -6.791251e-01
    outer loop
      vertex   -9.977196e+01 3.896411e+02 1.826098e+02
      vertex   -1.015017e+02 3.825828e+02 1.807402e+02
      vertex   -1.015069e+02 3.826654e+02 1.807347e+02
    endloop
  endfacet
  facet normal 7.340225e-01 5.347579e-14 -6.791251e-01
    outer loop
      vertex   -1.015069e+02 3.826654e+02 1.807347e+02
      vertex   -1.015154e+02 3.827478e+02 1.807254e+02
      vertex   -9.977196e+01 3.896411e+02 1.826098e+02
    endloop
  endfacet
  facet normal 7.340225e-01 5.755965e-14 -6.791251e-01
    outer loop
      vertex   -9.977196e+01 3.896411e+02 1.826098e+02
      vertex   -1.015154e+02 3.827478e+02 1.807254e+02
      vertex   -1.015274e+02 3.828298e+02 1.807125e+02
    endloop
  endfacet
  facet normal 7.340225e-01 -1.341235e-13 -6.791251e-01
    outer loop
      vertex   -9.977196e+01 3.896411e+02 1.826098e+02
      vertex   -1.015274e+02 3.828298e+02 1.807125e+02
      vertex   -1.015427e+02 3.829111e+02 1.806959e+02
    endloop
  endfacet
  facet normal 7.340225e-01 -6.920379e-14 -6.791251e-01
    outer loop
      vertex   -9.977196e+01 3.896411e+02 1.826098e+02
      vertex   -1.015427e+02 3.829111e+02 1.806959e+02
      vertex   -1.019231e+02 3.896411e+02 1.802848e+02
    endloop
  endfacet
  facet normal 7.340225e-01 -1.252102e-13 -6.791251e-01
    outer loop
      vertex   -1.019231e+02 3.896411e+02 1.802848e+02
      vertex   -1.015427e+02 3.829111e+02 1.806959e+02
      vertex   -1.015614e+02 3.829918e+02 1.806757e+02
    endloop
  endfacet
  facet normal 7.340225e-01 -1.027887e-13 -6.791251e-01
    outer loop
      vertex   -1.019231e+02 3.896411e+02 1.802848e+02
      vertex   -1.015614e+02 3.829918e+02 1.806757e+02
      vertex   -1.015834e+02 3.830716e+02 1.806519e+02
    endloop
  endfacet
  facet normal 7.340225e-01 -1.192404e-13 -6.791251e-01
    outer loop
      vertex   -1.015834e+02 3.830716e+02 1.806519e+02
      vertex   -1.016087e+02 3.831505e+02 1.806246e+02
      vertex   -1.019231e+02 3.896411e+02 1.802848e+02
    endloop
  endfacet
  facet normal 7.340225e-01 -6.479959e-14 -6.791251e-01
    outer loop
      vertex   -1.019231e+02 3.896411e+02 1.802848e+02
      vertex   -1.016087e+02 3.831505e+02 1.806246e+02
      vertex   -1.016373e+02 3.832282e+02 1.805937e+02
    endloop
  endfacet
  facet normal 7.340225e-01 -1.177978e-13 -6.791251e-01
    outer loop
      vertex   -1.019231e+02 3.896411e+02 1.802848e+02
      vertex   -1.016373e+02 3.832282e+02 1.805937e+02
      vertex   -1.016690e+02 3.833047e+02 1.805594e+02
    endloop
  endfacet
  facet normal 7.340225e-01 -7.337907e-14 -6.791251e-01
    outer loop
      vertex   -1.016690e+02 3.833047e+02 1.805594e+02
      vertex   -1.017039e+02 3.833798e+02 1.805217e+02
      vertex   -1.019231e+02 3.896411e+02 1.802848e+02
    endloop
  endfacet
  facet normal 7.340225e-01 -8.474011e-14 -6.791251e-01
    outer loop
      vertex   -1.019231e+02 3.896411e+02 1.802848e+02
      vertex   -1.017039e+02 3.833798e+02 1.805217e+02
      vertex   -1.017419e+02 3.834534e+02 1.804807e+02
    endloop
  endfacet
  facet normal 7.340225e-01 -9.635542e-14 -6.791251e-01
    outer loop
      vertex   -1.019231e+02 3.896411e+02 1.802848e+02
      vertex   -1.017419e+02 3.834534e+02 1.804807e+02
      vertex   -1.017828e+02 3.835254e+02 1.804364e+02
    endloop
  endfacet
  facet normal 7.340225e-01 -8.343281e-14 -6.791251e-01
    outer loop
      vertex   -1.017828e+02 3.835254e+02 1.804364e+02
      vertex   -1.018268e+02 3.835956e+02 1.803889e+02
      vertex   -1.019231e+02 3.896411e+02 1.802848e+02
    endloop
  endfacet
  facet normal 7.340225e-01 -8.753931e-14 -6.791251e-01
    outer loop
      vertex   -1.019231e+02 3.896411e+02 1.802848e+02
      vertex   -1.018268e+02 3.835956e+02 1.803889e+02
      vertex   -1.018736e+02 3.836639e+02 1.803383e+02
    endloop
  endfacet
  facet normal 7.340225e-01 0.000000e+00 -6.791251e-01
    outer loop
      vertex   -1.019231e+02 3.896411e+02 1.802848e+02
      vertex   -1.018736e+02 3.836639e+02 1.803383e+02
      vertex   -1.019231e+02 3.837302e+02 1.802848e+02
    endloop
  endfacet
  facet normal 0.000000e+00 0.000000e+00 -1.000000e+00
    outer loop
      vertex   -9.762079e+01 3.761306e+02 1.802848e+02
      vertex   -9.559747e+01 3.805409e+02 1.802848e+02
      vertex   -9.121969e+01 3.761306e+02 1.802848e+02
    endloop
  endfacet
  facet normal 0.000000e+00 0.000000e+00 -1.000000e+00
    outer loop
      vertex   -9.121969e+01 3.761306e+02 1.802848e+02
      vertex   -9.559747e+01 3.805409e+02 1.802848e+02
      vertex   -9.542634e+01 3.805840e+02 1.802848e+02
    endloop
  endfacet
  facet normal 0.000000e+00 0.000000e+00 -1.000000e+00
    outer loop
      vertex   -9.121969e+01 3.761306e+02 1.802848e+02
      vertex   -9.542634e+01 3.805840e+02 1.802848e+02
      vertex   -9.525968e+01 3.806421e+02 1.802848e+02
    endloop
  endfacet
  facet normal 0.000000e+00 0.000000e+00 -1.000000e+00
    outer loop
      vertex   -9.762079e+01 3.813282e+02 1.802848e+02
      vertex   -9.751119e+01 3.811899e+02 1.802848e+02
      vertex   -9.762079e+01 3.761306e+02 1.802848e+02
    endloop
  endfacet
  facet normal 0.000000e+00 0.000000e+00 -1.000000e+00
    outer loop
      vertex   -9.762079e+01 3.761306e+02 1.802848e+02
      vertex   -9.751119e+01 3.811899e+02 1.802848e+02
      vertex   -9.738982e+01 3.810618e+02 1.802848e+02
    endloop
  endfacet
  facet normal 0.000000e+00 0.000000e+00 -1.000000e+00
    outer loop
      vertex   -9.762079e+01 3.761306e+02 1.802848e+02
      vertex   -9.738982e+01 3.810618e+02 1.802848e+02
      vertex   -9.725763e+01 3.809449e+02 1.802848e+02
    endloop
  endfacet
  facet normal 0.000000e+00 -0.000000e+00 -1.000000e+00
    outer loop
      vertex   -9.725763e+01 3.809449e+02 1.802848e+02
      vertex   -9.711564e+01 3.808401e+02 1.802848e+02
      vertex   -9.762079e+01 3.761306e+02 1.802848e+02
    endloop
  endfacet
  facet normal 0.000000e+00 0.000000e+00 -1.000000e+00
    outer loop
      vertex   -9.762079e+01 3.761306e+02 1.802848e+02
      vertex   -9.711564e+01 3.808401e+02 1.802848e+02
      vertex   -9.696497e+01 3.807482e+02 1.802848e+02
    endloop
  endfacet
  facet normal 0.000000e+00 0.000000e+00 -1.000000e+00
    outer loop
      vertex   -9.762079e+01 3.761306e+02 1.802848e+02
      vertex   -9.696497e+01 3.807482e+02 1.802848e+02
      vertex   -9.680679e+01 3.806700e+02 1.802848e+02
    endloop
  endfacet
  facet normal 0.000000e+00 -0.000000e+00 -1.000000e+00
    outer loop
      vertex   -9.680679e+01 3.806700e+02 1.802848e+02
      vertex   -9.664232e+01 3.806060e+02 1.802848e+02
      vertex   -9.762079e+01 3.761306e+02 1.802848e+02
    endloop
  endfacet
  facet normal 0.000000e+00 0.000000e+00 -1.000000e+00
    outer loop
      vertex   -9.762079e+01 3.761306e+02 1.802848e+02
      vertex   -9.664232e+01 3.806060e+02 1.802848e+02
      vertex   -9.647286e+01 3.805567e+02 1.802848e+02
    endloop
  endfacet
  facet normal 0.000000e+00 0.000000e+00 -1.000000e+00
    outer loop
      vertex   -9.762079e+01 3.761306e+02 1.802848e+02
      vertex   -9.647286e+01 3.805567e+02 1.802848e+02
      vertex   -9.629971e+01 3.805226e+02 1.802848e+02
    endloop
  endfacet
  facet normal 0.000000e+00 -0.000000e+00 -1.000000e+00
    outer loop
      vertex   -9.629971e+01 3.805226e+02 1.802848e+02
      vertex   -9.612423e+01 3.805039e+02 1.802848e+02
      vertex   -9.762079e+01 3.761306e+02 1.802848e+02
    endloop
  endfacet
  facet normal 0.000000e+00 0.000000e+00 -1.000000e+00
    outer loop
      vertex   -9.762079e+01 3.761306e+02 1.802848e+02
      vertex   -9.612423e+01 3.805039e+02 1.802848e+02
      vertex   -9.594778e+01 3.805007e+02 1.802848e+02
    endloop
  endfacet
  facet normal 0.000000e+00 0.000000e+00 -1.000000e+00
    outer loop
      vertex   -9.762079e+01 3.761306e+02 1.802848e+02
      vertex   -9.594778e+01 3.805007e+02 1.802848e+02
      vertex   -9.577174e+01 3.805131e+02 1.802848e+02
    endloop
  endfacet
  facet normal 0.000000e+00 -0.000000e+00 -1.000000e+00
    outer loop
      vertex   -9.577174e+01 3.805131e+02 1.802848e+02
      vertex   -9.559747e+01 3.805409e+02 1.802848e+02
      vertex   -9.762079e+01 3.761306e+02 1.802848e+02
    endloop
  endfacet
  facet normal 0.000000e+00 0.000000e+00 -1.000000e+00
    outer loop
      vertex   -9.525968e+01 3.806421e+02 1.802848e+02
      vertex   -9.509878e+01 3.807146e+02 1.802848e+02
      vertex   -9.121969e+01 3.761306e+02 1.802848e+02
    endloop
  endfacet
  facet normal 0.000000e+00 0.000000e+00 -1.000000e+00
    outer loop
      vertex   -9.121969e+01 3.761306e+02 1.802848e+02
      vertex   -9.509878e+01 3.807146e+02 1.802848e+02
      vertex   -9.494489e+01 3.808010e+02 1.802848e+02
    endloop
  endfacet
  facet normal 0.000000e+00 0.000000e+00 -1.000000e+00
    outer loop
      vertex   -9.121969e+01 3.761306e+02 1.802848e+02
      vertex   -9.494489e+01 3.808010e+02 1.802848e+02
      vertex   -9.479922e+01 3.809006e+02 1.802848e+02
    endloop
  endfacet
  facet normal 0.000000e+00 0.000000e+00 -1.000000e+00
    outer loop
      vertex   -9.479922e+01 3.809006e+02 1.802848e+02
      vertex   -9.466291e+01 3.810127e+02 1.802848e+02
      vertex   -9.121969e+01 3.761306e+02 1.802848e+02
    endloop
  endfacet
  facet normal 0.000000e+00 0.000000e+00 -1.000000e+00
    outer loop
      vertex   -9.121969e+01 3.761306e+02 1.802848e+02
      vertex   -9.466291e+01 3.810127e+02 1.802848e+02
      vertex   -9.453700e+01 3.811363e+02 1.802848e+02
    endloop
  endfacet
  facet normal 0.000000e+00 0.000000e+00 -1.000000e+00
    outer loop
      vertex   -9.121969e+01 3.761306e+02 1.802848e+02
      vertex   -9.453700e+01 3.811363e+02 1.802848e+02
      vertex   -9.442248e+01 3.812706e+02 1.802848e+02
    endloop
  endfacet
  facet normal 0.000000e+00 0.000000e+00 -1.000000e+00
    outer loop
      vertex   -9.442248e+01 3.812706e+02 1.802848e+02
      vertex   -9.432025e+01 3.814145e+02 1.802848e+02
      vertex   -9.121969e+01 3.761306e+02 1.802848e+02
    endloop
  endfacet
  facet normal 0.000000e+00 0.000000e+00 -1.000000e+00
    outer loop
      vertex   -9.121969e+01 3.761306e+02 1.802848e+02
      vertex   -9.432025e+01 3.814145e+02 1.802848e+02
      vertex   -9.423109e+01 3.815668e+02 1.802848e+02
    endloop
  endfacet
  facet normal 0.000000e+00 0.000000e+00 -1.000000e+00
    outer loop
      vertex   -9.121969e+01 3.761306e+02 1.802848e+02
      vertex   -9.423109e+01 3.815668e+02 1.802848e+02
      vertex   -9.415571e+01 3.817263e+02 1.802848e+02
    endloop
  endfacet
  facet normal 0.000000e+00 0.000000e+00 -1.000000e+00
    outer loop
      vertex   -9.415571e+01 3.817263e+02 1.802848e+02
      vertex   -9.409469e+01 3.818919e+02 1.802848e+02
      vertex   -9.121969e+01 3.761306e+02 1.802848e+02
    endloop
  endfacet
  facet normal 0.000000e+00 0.000000e+00 -1.000000e+00
    outer loop
      vertex   -9.121969e+01 3.761306e+02 1.802848e+02
      vertex   -9.409469e+01 3.818919e+02 1.802848e+02
      vertex   -9.404850e+01 3.820622e+02 1.802848e+02
    endloop
  endfacet
  facet normal 0.000000e+00 0.000000e+00 -1.000000e+00
    outer loop
      vertex   -9.121969e+01 3.761306e+02 1.802848e+02
      vertex   -9.404850e+01 3.820622e+02 1.802848e+02
      vertex   -9.401751e+01 3.822360e+02 1.802848e+02
    endloop
  endfacet
  facet normal 0.000000e+00 0.000000e+00 -1.000000e+00
    outer loop
      vertex   -9.401751e+01 3.822360e+02 1.802848e+02
      vertex   -9.400195e+01 3.824118e+02 1.802848e+02
      vertex   -9.121969e+01 3.761306e+02 1.802848e+02
    endloop
  endfacet
  facet normal 0.000000e+00 0.000000e+00 -1.000000e+00
    outer loop
      vertex   -9.121969e+01 3.761306e+02 1.802848e+02
      vertex   -9.400195e+01 3.824118e+02 1.802848e+02
      vertex   -9.400195e+01 3.825882e+02 1.802848e+02
    endloop
  endfacet
  facet normal 0.000000e+00 0.000000e+00 -1.000000e+00
    outer loop
      vertex   -9.121969e+01 3.761306e+02 1.802848e+02
      vertex   -9.400195e+01 3.825882e+02 1.802848e+02
      vertex   -9.401751e+01 3.827640e+02 1.802848e+02
    endloop
  endfacet
  facet normal 0.000000e+00 0.000000e+00 -1.000000e+00
    outer loop
      vertex   -9.121969e+01 3.761306e+02 1.802848e+02
      vertex   -9.401751e+01 3.827640e+02 1.802848e+02
      vertex   -9.121969e+01 3.918902e+02 1.802848e+02
    endloop
  endfacet
  facet normal 0.000000e+00 0.000000e+00 -1.000000e+00
    outer loop
      vertex   -9.121969e+01 3.918902e+02 1.802848e+02
      vertex   -9.401751e+01 3.827640e+02 1.802848e+02
      vertex   -9.404850e+01 3.829378e+02 1.802848e+02
    endloop
  endfacet
  facet normal 0.000000e+00 0.000000e+00 -1.000000e+00
    outer loop
      vertex   -9.121969e+01 3.918902e+02 1.802848e+02
      vertex   -9.404850e+01 3.829378e+02 1.802848e+02
      vertex   -9.409469e+01 3.831081e+02 1.802848e+02
    endloop
  endfacet
  facet normal 0.000000e+00 0.000000e+00 -1.000000e+00
    outer loop
      vertex   -9.409469e+01 3.831081e+02 1.802848e+02
      vertex   -9.415571e+01 3.832737e+02 1.802848e+02
      vertex   -9.121969e+01 3.918902e+02 1.802848e+02
    endloop
  endfacet
  facet normal 0.000000e+00 0.000000e+00 -1.000000e+00
    outer loop
      vertex   -9.121969e+01 3.918902e+02 1.802848e+02
      vertex   -9.415571e+01 3.832737e+02 1.802848e+02
      vertex   -9.423109e+01 3.834333e+02 1.802848e+02
    endloop
  endfacet
  facet normal 0.000000e+00 0.000000e+00 -1.000000e+00
    outer loop
      vertex   -9.121969e+01 3.918902e+02 1.802848e+02
      vertex   -9.423109e+01 3.834333e+02 1.802848e+02
      vertex   -9.432025e+01 3.835856e+02 1.802848e+02
    endloop
  endfacet
  facet normal 0.000000e+00 0.000000e+00 -1.000000e+00
    outer loop
      vertex   -9.432025e+01 3.835856e+02 1.802848e+02
      vertex   -9.442248e+01 3.837294e+02 1.802848e+02
      vertex   -9.121969e+01 3.918902e+02 1.802848e+02
    endloop
  endfacet
  facet normal 0.000000e+00 0.000000e+00 -1.000000e+00
    outer loop
      vertex   -9.121969e+01 3.918902e+02 1.802848e+02
      vertex   -9.442248e+01 3.837294e+02 1.802848e+02
      vertex   -9.453700e+01 3.838637e+02 1.802848e+02
    endloop
  endfacet
  facet normal 0.000000e+00 0.000000e+00 -1.000000e+00
    outer loop
      vertex   -9.121969e+01 3.918902e+02 1.802848e+02
      vertex   -9.453700e+01 3.838637e+02 1.802848e+02
      vertex   -9.466291e+01 3.839873e+02 1.802848e+02
    endloop
  endfacet
  facet normal 0.000000e+00 0.000000e+00 -1.000000e+00
    outer loop
      vertex   -9.466291e+01 3.839873e+02 1.802848e+02
      vertex   -9.479922e+01 3.840994e+02 1.802848e+02
      vertex   -9.121969e+01 3.918902e+02 1.802848e+02
    endloop
  endfacet
  facet normal 0.000000e+00 0.000000e+00 -1.000000e+00
    outer loop
      vertex   -9.121969e+01 3.918902e+02 1.802848e+02
      vertex   -9.479922e+01 3.840994e+02 1.802848e+02
      vertex   -9.494489e+01 3.841990e+02 1.802848e+02
    endloop
  endfacet
  facet normal 0.000000e+00 0.000000e+00 -1.000000e+00
    outer loop
      vertex   -9.121969e+01 3.918902e+02 1.802848e+02
      vertex   -9.494489e+01 3.841990e+02 1.802848e+02
      vertex   -9.509878e+01 3.842854e+02 1.802848e+02
    endloop
  endfacet
  facet normal 0.000000e+00 0.000000e+00 -1.000000e+00
    outer loop
      vertex   -9.509878e+01 3.842854e+02 1.802848e+02
      vertex   -9.525968e+01 3.843579e+02 1.802848e+02
      vertex   -9.121969e+01 3.918902e+02 1.802848e+02
    endloop
  endfacet
  facet normal 0.000000e+00 0.000000e+00 -1.000000e+00
    outer loop
      vertex   -9.121969e+01 3.918902e+02 1.802848e+02
      vertex   -9.525968e+01 3.843579e+02 1.802848e+02
      vertex   -9.762079e+01 3.896411e+02 1.802848e+02
    endloop
  endfacet
  facet normal 0.000000e+00 0.000000e+00 -1.000000e+00
    outer loop
      vertex   -9.121969e+01 3.918902e+02 1.802848e+02
      vertex   -9.762079e+01 3.896411e+02 1.802848e+02
      vertex   -1.019231e+02 3.896411e+02 1.802848e+02
    endloop
  endfacet
  facet normal 0.000000e+00 0.000000e+00 -1.000000e+00
    outer loop
      vertex   -9.525968e+01 3.843579e+02 1.802848e+02
      vertex   -9.542634e+01 3.844160e+02 1.802848e+02
      vertex   -9.762079e+01 3.896411e+02 1.802848e+02
    endloop
  endfacet
  facet normal 0.000000e+00 0.000000e+00 -1.000000e+00
    outer loop
      vertex   -9.762079e+01 3.896411e+02 1.802848e+02
      vertex   -9.542634e+01 3.844160e+02 1.802848e+02
      vertex   -9.559747e+01 3.844591e+02 1.802848e+02
    endloop
  endfacet
  facet normal 0.000000e+00 0.000000e+00 -1.000000e+00
    outer loop
      vertex   -9.762079e+01 3.896411e+02 1.802848e+02
      vertex   -9.559747e+01 3.844591e+02 1.802848e+02
      vertex   -9.577174e+01 3.844869e+02 1.802848e+02
    endloop
  endfacet
  facet normal 0.000000e+00 0.000000e+00 -1.000000e+00
    outer loop
      vertex   -9.577174e+01 3.844869e+02 1.802848e+02
      vertex   -9.594778e+01 3.844993e+02 1.802848e+02
      vertex   -9.762079e+01 3.896411e+02 1.802848e+02
    endloop
  endfacet
  facet normal 0.000000e+00 0.000000e+00 -1.000000e+00
    outer loop
      vertex   -9.762079e+01 3.896411e+02 1.802848e+02
      vertex   -9.594778e+01 3.844993e+02 1.802848e+02
      vertex   -9.612423e+01 3.844961e+02 1.802848e+02
    endloop
  endfacet
  facet normal 0.000000e+00 0.000000e+00 -1.000000e+00
    outer loop
      vertex   -9.762079e+01 3.896411e+02 1.802848e+02
      vertex   -9.612423e+01 3.844961e+02 1.802848e+02
      vertex   -9.629971e+01 3.844774e+02 1.802848e+02
    endloop
  endfacet
  facet normal -0.000000e+00 0.000000e+00 -1.000000e+00
    outer loop
      vertex   -9.629971e+01 3.844774e+02 1.802848e+02
      vertex   -9.647286e+01 3.844433e+02 1.802848e+02
      vertex   -9.762079e+01 3.896411e+02 1.802848e+02
    endloop
  endfacet
  facet normal 0.000000e+00 0.000000e+00 -1.000000e+00
    outer loop
      vertex   -9.762079e+01 3.896411e+02 1.802848e+02
      vertex   -9.647286e+01 3.844433e+02 1.802848e+02
      vertex   -9.664232e+01 3.843941e+02 1.802848e+02
    endloop
  endfacet
  facet normal 0.000000e+00 0.000000e+00 -1.000000e+00
    outer loop
      vertex   -9.762079e+01 3.896411e+02 1.802848e+02
      vertex   -9.664232e+01 3.843941e+02 1.802848e+02
      vertex   -9.680679e+01 3.843301e+02 1.802848e+02
    endloop
  endfacet
  facet normal -0.000000e+00 0.000000e+00 -1.000000e+00
    outer loop
      vertex   -9.680679e+01 3.843301e+02 1.802848e+02
      vertex   -9.696497e+01 3.842518e+02 1.802848e+02
      vertex   -9.762079e+01 3.896411e+02 1.802848e+02
    endloop
  endfacet
  facet normal 0.000000e+00 0.000000e+00 -1.000000e+00
    outer loop
      vertex   -9.762079e+01 3.896411e+02 1.802848e+02
      vertex   -9.696497e+01 3.842518e+02 1.802848e+02
      vertex   -9.711564e+01 3.841599e+02 1.802848e+02
    endloop
  endfacet
  facet normal 0.000000e+00 0.000000e+00 -1.000000e+00
    outer loop
      vertex   -9.762079e+01 3.896411e+02 1.802848e+02
      vertex   -9.711564e+01 3.841599e+02 1.802848e+02
      vertex   -9.725763e+01 3.840551e+02 1.802848e+02
    endloop
  endfacet
  facet normal -0.000000e+00 0.000000e+00 -1.000000e+00
    outer loop
      vertex   -9.725763e+01 3.840551e+02 1.802848e+02
      vertex   -9.738982e+01 3.839382e+02 1.802848e+02
      vertex   -9.762079e+01 3.896411e+02 1.802848e+02
    endloop
  endfacet
  facet normal 0.000000e+00 0.000000e+00 -1.000000e+00
    outer loop
      vertex   -9.762079e+01 3.896411e+02 1.802848e+02
      vertex   -9.738982e+01 3.839382e+02 1.802848e+02
      vertex   -9.751119e+01 3.838101e+02 1.802848e+02
    endloop
  endfacet
  facet normal 0.000000e+00 0.000000e+00 -1.000000e+00
    outer loop
      vertex   -9.762079e+01 3.896411e+02 1.802848e+02
      vertex   -9.751119e+01 3.838101e+02 1.802848e+02
      vertex   -9.762079e+01 3.836718e+02 1.802848e+02
    endloop
  endfacet
  facet normal 0.000000e+00 0.000000e+00 -1.000000e+00
    outer loop
      vertex   -1.019231e+02 3.837302e+02 1.802848e+02
      vertex   -1.020381e+02 3.838648e+02 1.802848e+02
      vertex   -1.019231e+02 3.896411e+02 1.802848e+02
    endloop
  endfacet
  facet normal 0.000000e+00 0.000000e+00 -1.000000e+00
    outer loop
      vertex   -1.019231e+02 3.896411e+02 1.802848e+02
      vertex   -1.020381e+02 3.838648e+02 1.802848e+02
      vertex   -1.021645e+02 3.839888e+02 1.802848e+02
    endloop
  endfacet
  facet normal 0.000000e+00 0.000000e+00 -1.000000e+00
    outer loop
      vertex   -1.019231e+02 3.896411e+02 1.802848e+02
      vertex   -1.021645e+02 3.839888e+02 1.802848e+02
      vertex   -1.023014e+02 3.841010e+02 1.802848e+02
    endloop
  endfacet
  facet normal 0.000000e+00 0.000000e+00 -1.000000e+00
    outer loop
      vertex   -1.023014e+02 3.841010e+02 1.802848e+02
      vertex   -1.024476e+02 3.842007e+02 1.802848e+02
      vertex   -1.019231e+02 3.896411e+02 1.802848e+02
    endloop
  endfacet
  facet normal 0.000000e+00 0.000000e+00 -1.000000e+00
    outer loop
      vertex   -1.019231e+02 3.896411e+02 1.802848e+02
      vertex   -1.024476e+02 3.842007e+02 1.802848e+02
      vertex   -1.026021e+02 3.842871e+02 1.802848e+02
    endloop
  endfacet
  facet normal 0.000000e+00 0.000000e+00 -1.000000e+00
    outer loop
      vertex   -1.019231e+02 3.896411e+02 1.802848e+02
      vertex   -1.026021e+02 3.842871e+02 1.802848e+02
      vertex   -1.027637e+02 3.843595e+02 1.802848e+02
    endloop
  endfacet
  facet normal 0.000000e+00 0.000000e+00 -1.000000e+00
    outer loop
      vertex   -1.027637e+02 3.843595e+02 1.802848e+02
      vertex   -1.029310e+02 3.844173e+02 1.802848e+02
      vertex   -1.019231e+02 3.896411e+02 1.802848e+02
    endloop
  endfacet
  facet normal 0.000000e+00 0.000000e+00 -1.000000e+00
    outer loop
      vertex   -1.019231e+02 3.896411e+02 1.802848e+02
      vertex   -1.029310e+02 3.844173e+02 1.802848e+02
      vertex   -1.031027e+02 3.844602e+02 1.802848e+02
    endloop
  endfacet
  facet normal 0.000000e+00 0.000000e+00 -1.000000e+00
    outer loop
      vertex   -1.019231e+02 3.896411e+02 1.802848e+02
      vertex   -1.031027e+02 3.844602e+02 1.802848e+02
      vertex   -1.032776e+02 3.844876e+02 1.802848e+02
    endloop
  endfacet
  facet normal 0.000000e+00 0.000000e+00 -1.000000e+00
    outer loop
      vertex   -1.032776e+02 3.844876e+02 1.802848e+02
      vertex   -1.034542e+02 3.844995e+02 1.802848e+02
      vertex   -1.019231e+02 3.896411e+02 1.802848e+02
    endloop
  endfacet
  facet normal 0.000000e+00 0.000000e+00 -1.000000e+00
    outer loop
      vertex   -1.019231e+02 3.896411e+02 1.802848e+02
      vertex   -1.034542e+02 3.844995e+02 1.802848e+02
      vertex   -1.036312e+02 3.844957e+02 1.802848e+02
    endloop
  endfacet
  facet normal 0.000000e+00 0.000000e+00 -1.000000e+00
    outer loop
      vertex   -1.019231e+02 3.896411e+02 1.802848e+02
      vertex   -1.036312e+02 3.844957e+02 1.802848e+02
      vertex   -1.038072e+02 3.844763e+02 1.802848e+02
    endloop
  endfacet
  facet normal 0.000000e+00 0.000000e+00 -1.000000e+00
    outer loop
      vertex   -1.019231e+02 3.896411e+02 1.802848e+02
      vertex   -1.038072e+02 3.844763e+02 1.802848e+02
      vertex   -1.097973e+02 3.866812e+02 1.802848e+02
    endloop
  endfacet
  facet normal 0.000000e+00 0.000000e+00 -1.000000e+00
    outer loop
      vertex   -1.097973e+02 3.866812e+02 1.802848e+02
      vertex   -1.038072e+02 3.844763e+02 1.802848e+02
      vertex   -1.039807e+02 3.844414e+02 1.802848e+02
    endloop
  endfacet
  facet normal 0.000000e+00 0.000000e+00 -1.000000e+00
    outer loop
      vertex   -1.097973e+02 3.866812e+02 1.802848e+02
      vertex   -1.039807e+02 3.844414e+02 1.802848e+02
      vertex   -1.041505e+02 3.843913e+02 1.802848e+02
    endloop
  endfacet
  facet normal -0.000000e+00 0.000000e+00 -1.000000e+00
    outer loop
      vertex   -1.041505e+02 3.843913e+02 1.802848e+02
      vertex   -1.043152e+02 3.843263e+02 1.802848e+02
      vertex   -1.097973e+02 3.866812e+02 1.802848e+02
    endloop
  endfacet
  facet normal 0.000000e+00 0.000000e+00 -1.000000e+00
    outer loop
      vertex   -1.097973e+02 3.866812e+02 1.802848e+02
      vertex   -1.043152e+02 3.843263e+02 1.802848e+02
      vertex   -1.044735e+02 3.842471e+02 1.802848e+02
    endloop
  endfacet
  facet normal 0.000000e+00 0.000000e+00 -1.000000e+00
    outer loop
      vertex   -1.097973e+02 3.866812e+02 1.802848e+02
      vertex   -1.044735e+02 3.842471e+02 1.802848e+02
      vertex   -1.046241e+02 3.841542e+02 1.802848e+02
    endloop
  endfacet
  facet normal -0.000000e+00 0.000000e+00 -1.000000e+00
    outer loop
      vertex   -1.046241e+02 3.841542e+02 1.802848e+02
      vertex   -1.047660e+02 3.840483e+02 1.802848e+02
      vertex   -1.097973e+02 3.866812e+02 1.802848e+02
    endloop
  endfacet
  facet normal 0.000000e+00 0.000000e+00 -1.000000e+00
    outer loop
      vertex   -1.097973e+02 3.866812e+02 1.802848e+02
      vertex   -1.047660e+02 3.840483e+02 1.802848e+02
      vertex   -1.048979e+02 3.839303e+02 1.802848e+02
    endloop
  endfacet
  facet normal 0.000000e+00 0.000000e+00 -1.000000e+00
    outer loop
      vertex   -1.097973e+02 3.866812e+02 1.802848e+02
      vertex   -1.048979e+02 3.839303e+02 1.802848e+02
      vertex   -1.050189e+02 3.838011e+02 1.802848e+02
    endloop
  endfacet
  facet normal -0.000000e+00 0.000000e+00 -1.000000e+00
    outer loop
      vertex   -1.050189e+02 3.838011e+02 1.802848e+02
      vertex   -1.051280e+02 3.836617e+02 1.802848e+02
      vertex   -1.097973e+02 3.866812e+02 1.802848e+02
    endloop
  endfacet
  facet normal 0.000000e+00 0.000000e+00 -1.000000e+00
    outer loop
      vertex   -1.097973e+02 3.866812e+02 1.802848e+02
      vertex   -1.051280e+02 3.836617e+02 1.802848e+02
      vertex   -1.052244e+02 3.835132e+02 1.802848e+02
    endloop
  endfacet
  facet normal 0.000000e+00 0.000000e+00 -1.000000e+00
    outer loop
      vertex   -1.097973e+02 3.866812e+02 1.802848e+02
      vertex   -1.052244e+02 3.835132e+02 1.802848e+02
      vertex   -1.053072e+02 3.833567e+02 1.802848e+02
    endloop
  endfacet
  facet normal -0.000000e+00 0.000000e+00 -1.000000e+00
    outer loop
      vertex   -1.053072e+02 3.833567e+02 1.802848e+02
      vertex   -1.053759e+02 3.831936e+02 1.802848e+02
      vertex   -1.097973e+02 3.866812e+02 1.802848e+02
    endloop
  endfacet
  facet normal 0.000000e+00 -0.000000e+00 -1.000000e+00
    outer loop
      vertex   -1.097973e+02 3.866812e+02 1.802848e+02
      vertex   -1.053759e+02 3.831936e+02 1.802848e+02
      vertex   -1.139056e+02 3.825730e+02 1.802848e+02
    endloop
  endfacet
  facet normal 0.000000e+00 0.000000e+00 -1.000000e+00
    outer loop
      vertex   -1.139056e+02 3.825730e+02 1.802848e+02
      vertex   -1.053759e+02 3.831936e+02 1.802848e+02
      vertex   -1.054299e+02 3.830250e+02 1.802848e+02
    endloop
  endfacet
  facet normal 0.000000e+00 0.000000e+00 -1.000000e+00
    outer loop
      vertex   -1.139056e+02 3.825730e+02 1.802848e+02
      vertex   -1.054299e+02 3.830250e+02 1.802848e+02
      vertex   -1.054687e+02 3.828523e+02 1.802848e+02
    endloop
  endfacet
  facet normal 0.000000e+00 0.000000e+00 -1.000000e+00
    outer loop
      vertex   -1.054687e+02 3.828523e+02 1.802848e+02
      vertex   -1.054922e+02 3.826769e+02 1.802848e+02
      vertex   -1.139056e+02 3.825730e+02 1.802848e+02
    endloop
  endfacet
  facet normal 0.000000e+00 0.000000e+00 -1.000000e+00
    outer loop
      vertex   -1.139056e+02 3.825730e+02 1.802848e+02
      vertex   -1.054922e+02 3.826769e+02 1.802848e+02
      vertex   -1.055000e+02 3.825000e+02 1.802848e+02
    endloop
  endfacet
  facet normal 0.000000e+00 0.000000e+00 -1.000000e+00
    outer loop
      vertex   -1.139056e+02 3.825730e+02 1.802848e+02
      vertex   -1.055000e+02 3.825000e+02 1.802848e+02
      vertex   -1.054922e+02 3.823232e+02 1.802848e+02
    endloop
  endfacet
  facet normal 0.000000e+00 0.000000e+00 -1.000000e+00
    outer loop
      vertex   -1.139056e+02 3.825730e+02 1.802848e+02
      vertex   -1.054922e+02 3.823232e+02 1.802848e+02
      vertex   -1.095973e+02 3.796092e+02 1.802848e+02
    endloop
  endfacet
  facet normal 0.000000e+00 0.000000e+00 -1.000000e+00
    outer loop
      vertex   -1.095973e+02 3.796092e+02 1.802848e+02
      vertex   -1.054922e+02 3.823232e+02 1.802848e+02
      vertex   -1.054687e+02 3.821477e+02 1.802848e+02
    endloop
  endfacet
  facet normal 0.000000e+00 0.000000e+00 -1.000000e+00
    outer loop
      vertex   -1.095973e+02 3.796092e+02 1.802848e+02
      vertex   -1.054687e+02 3.821477e+02 1.802848e+02
      vertex   -1.054299e+02 3.819750e+02 1.802848e+02
    endloop
  endfacet
  facet normal 0.000000e+00 -0.000000e+00 -1.000000e+00
    outer loop
      vertex   -1.054299e+02 3.819750e+02 1.802848e+02
      vertex   -1.053759e+02 3.818064e+02 1.802848e+02
      vertex   -1.095973e+02 3.796092e+02 1.802848e+02
    endloop
  endfacet
  facet normal 0.000000e+00 0.000000e+00 -1.000000e+00
    outer loop
      vertex   -1.095973e+02 3.796092e+02 1.802848e+02
      vertex   -1.053759e+02 3.818064e+02 1.802848e+02
      vertex   -1.053072e+02 3.816433e+02 1.802848e+02
    endloop
  endfacet
  facet normal 0.000000e+00 0.000000e+00 -1.000000e+00
    outer loop
      vertex   -1.095973e+02 3.796092e+02 1.802848e+02
      vertex   -1.053072e+02 3.816433e+02 1.802848e+02
      vertex   -1.052244e+02 3.814868e+02 1.802848e+02
    endloop
  endfacet
  facet normal 0.000000e+00 -0.000000e+00 -1.000000e+00
    outer loop
      vertex   -1.052244e+02 3.814868e+02 1.802848e+02
      vertex   -1.051280e+02 3.813383e+02 1.802848e+02
      vertex   -1.095973e+02 3.796092e+02 1.802848e+02
    endloop
  endfacet
  facet normal 0.000000e+00 0.000000e+00 -1.000000e+00
    outer loop
      vertex   -1.095973e+02 3.796092e+02 1.802848e+02
      vertex   -1.051280e+02 3.813383e+02 1.802848e+02
      vertex   -1.050189e+02 3.811989e+02 1.802848e+02
    endloop
  endfacet
  facet normal 0.000000e+00 0.000000e+00 -1.000000e+00
    outer loop
      vertex   -1.095973e+02 3.796092e+02 1.802848e+02
      vertex   -1.050189e+02 3.811989e+02 1.802848e+02
      vertex   -1.048979e+02 3.810697e+02 1.802848e+02
    endloop
  endfacet
  facet normal 0.000000e+00 -0.000000e+00 -1.000000e+00
    outer loop
      vertex   -1.048979e+02 3.810697e+02 1.802848e+02
      vertex   -1.047660e+02 3.809517e+02 1.802848e+02
      vertex   -1.095973e+02 3.796092e+02 1.802848e+02
    endloop
  endfacet
  facet normal 0.000000e+00 0.000000e+00 -1.000000e+00
    outer loop
      vertex   -1.095973e+02 3.796092e+02 1.802848e+02
      vertex   -1.047660e+02 3.809517e+02 1.802848e+02
      vertex   -1.046241e+02 3.808458e+02 1.802848e+02
    endloop
  endfacet
  facet normal 0.000000e+00 0.000000e+00 -1.000000e+00
    outer loop
      vertex   -1.095973e+02 3.796092e+02 1.802848e+02
      vertex   -1.046241e+02 3.808458e+02 1.802848e+02
      vertex   -1.044735e+02 3.807529e+02 1.802848e+02
    endloop
  endfacet
  facet normal 0.000000e+00 -0.000000e+00 -1.000000e+00
    outer loop
      vertex   -1.044735e+02 3.807529e+02 1.802848e+02
      vertex   -1.043152e+02 3.806737e+02 1.802848e+02
      vertex   -1.095973e+02 3.796092e+02 1.802848e+02
    endloop
  endfacet
  facet normal 0.000000e+00 0.000000e+00 -1.000000e+00
    outer loop
      vertex   -1.095973e+02 3.796092e+02 1.802848e+02
      vertex   -1.043152e+02 3.806737e+02 1.802848e+02
      vertex   -1.041505e+02 3.806087e+02 1.802848e+02
    endloop
  endfacet
  facet normal 0.000000e+00 0.000000e+00 -1.000000e+00
    outer loop
      vertex   -1.095973e+02 3.796092e+02 1.802848e+02
      vertex   -1.041505e+02 3.806087e+02 1.802848e+02
      vertex   -1.095973e+02 3.772092e+02 1.802848e+02
    endloop
  endfacet
  facet normal 0.000000e+00 0.000000e+00 -1.000000e+00
    outer loop
      vertex   -1.095973e+02 3.772092e+02 1.802848e+02
      vertex   -1.041505e+02 3.806087e+02 1.802848e+02
      vertex   -1.073401e+02 3.761306e+02 1.802848e+02
    endloop
  endfacet
  facet normal 0.000000e+00 -0.000000e+00 -1.000000e+00
    outer loop
      vertex   -1.095973e+02 3.772092e+02 1.802848e+02
      vertex   -1.073401e+02 3.761306e+02 1.802848e+02
      vertex   -1.097973e+02 3.761481e+02 1.802848e+02
    endloop
  endfacet
  facet normal 0.000000e+00 -0.000000e+00 -1.000000e+00
    outer loop
      vertex   -1.041505e+02 3.806087e+02 1.802848e+02
      vertex   -1.039807e+02 3.805586e+02 1.802848e+02
      vertex   -1.073401e+02 3.761306e+02 1.802848e+02
    endloop
  endfacet
  facet normal 0.000000e+00 0.000000e+00 -1.000000e+00
    outer loop
      vertex   -1.073401e+02 3.761306e+02 1.802848e+02
      vertex   -1.039807e+02 3.805586e+02 1.802848e+02
      vertex   -1.038072e+02 3.805237e+02 1.802848e+02
    endloop
  endfacet
  facet normal 0.000000e+00 0.000000e+00 -1.000000e+00
    outer loop
      vertex   -1.073401e+02 3.761306e+02 1.802848e+02
      vertex   -1.038072e+02 3.805237e+02 1.802848e+02
      vertex   -1.019231e+02 3.761306e+02 1.802848e+02
    endloop
  endfacet
  facet normal 0.000000e+00 0.000000e+00 -1.000000e+00
    outer loop
      vertex   -1.019231e+02 3.761306e+02 1.802848e+02
      vertex   -1.038072e+02 3.805237e+02 1.802848e+02
      vertex   -1.036312e+02 3.805043e+02 1.802848e+02
    endloop
  endfacet
  facet normal 0.000000e+00 0.000000e+00 -1.000000e+00
    outer loop
      vertex   -1.019231e+02 3.761306e+02 1.802848e+02
      vertex   -1.036312e+02 3.805043e+02 1.802848e+02
      vertex   -1.034542e+02 3.805005e+02 1.802848e+02
    endloop
  endfacet
  facet normal 0.000000e+00 0.000000e+00 -1.000000e+00
    outer loop
      vertex   -1.034542e+02 3.805005e+02 1.802848e+02
      vertex   -1.032776e+02 3.805124e+02 1.802848e+02
      vertex   -1.019231e+02 3.761306e+02 1.802848e+02
    endloop
  endfacet
  facet normal 0.000000e+00 0.000000e+00 -1.000000e+00
    outer loop
      vertex   -1.019231e+02 3.761306e+02 1.802848e+02
      vertex   -1.032776e+02 3.805124e+02 1.802848e+02
      vertex   -1.031027e+02 3.805399e+02 1.802848e+02
    endloop
  endfacet
  facet normal 0.000000e+00 0.000000e+00 -1.000000e+00
    outer loop
      vertex   -1.019231e+02 3.761306e+02 1.802848e+02
      vertex   -1.031027e+02 3.805399e+02 1.802848e+02
      vertex   -1.029310e+02 3.805827e+02 1.802848e+02
    endloop
  endfacet
  facet normal 0.000000e+00 0.000000e+00 -1.000000e+00
    outer loop
      vertex   -1.029310e+02 3.805827e+02 1.802848e+02
      vertex   -1.027637e+02 3.806405e+02 1.802848e+02
      vertex   -1.019231e+02 3.761306e+02 1.802848e+02
    endloop
  endfacet
  facet normal 0.000000e+00 0.000000e+00 -1.000000e+00
    outer loop
      vertex   -1.019231e+02 3.761306e+02 1.802848e+02
      vertex   -1.027637e+02 3.806405e+02 1.802848e+02
      vertex   -1.026021e+02 3.807129e+02 1.802848e+02
    endloop
  endfacet
  facet normal 0.000000e+00 0.000000e+00 -1.000000e+00
    outer loop
      vertex   -1.019231e+02 3.761306e+02 1.802848e+02
      vertex   -1.026021e+02 3.807129e+02 1.802848e+02
      vertex   -1.024476e+02 3.807993e+02 1.802848e+02
    endloop
  endfacet
  facet normal 0.000000e+00 0.000000e+00 -1.000000e+00
    outer loop
      vertex   -1.024476e+02 3.807993e+02 1.802848e+02
      vertex   -1.023014e+02 3.808990e+02 1.802848e+02
      vertex   -1.019231e+02 3.761306e+02 1.802848e+02
    endloop
  endfacet
  facet normal 0.000000e+00 0.000000e+00 -1.000000e+00
    outer loop
      vertex   -1.019231e+02 3.761306e+02 1.802848e+02
      vertex   -1.023014e+02 3.808990e+02 1.802848e+02
      vertex   -1.021645e+02 3.810112e+02 1.802848e+02
    endloop
  endfacet
  facet normal 0.000000e+00 0.000000e+00 -1.000000e+00
    outer loop
      vertex   -1.019231e+02 3.761306e+02 1.802848e+02
      vertex   -1.021645e+02 3.810112e+02 1.802848e+02
      vertex   -1.020381e+02 3.811352e+02 1.802848e+02
    endloop
  endfacet
  facet normal 0.000000e+00 0.000000e+00 -1.000000e+00
    outer loop
      vertex   -1.020381e+02 3.811352e+02 1.802848e+02
      vertex   -1.019231e+02 3.812698e+02 1.802848e+02
      vertex   -1.019231e+02 3.761306e+02 1.802848e+02
    endloop
  endfacet
  facet normal -0.000000e+00 0.000000e+00 -1.000000e+00
    outer loop
      vertex   -1.095973e+02 3.772092e+02 1.802848e+02
      vertex   -1.097973e+02 3.761481e+02 1.802848e+02
      vertex   -1.160973e+02 3.772092e+02 1.802848e+02
    endloop
  endfacet
  facet normal 0.000000e+00 -0.000000e+00 -1.000000e+00
    outer loop
      vertex   -1.160973e+02 3.772092e+02 1.802848e+02
      vertex   -1.097973e+02 3.761481e+02 1.802848e+02
      vertex   -1.174185e+02 3.761481e+02 1.802848e+02
    endloop
  endfacet
  facet normal -0.000000e+00 0.000000e+00 -1.000000e+00
    outer loop
      vertex   -1.160973e+02 3.772092e+02 1.802848e+02
      vertex   -1.174185e+02 3.761481e+02 1.802848e+02
      vertex   -1.160973e+02 3.784921e+02 1.802848e+02
    endloop
  endfacet
  facet normal -0.000000e+00 0.000000e+00 -1.000000e+00
    outer loop
      vertex   -1.160973e+02 3.784921e+02 1.802848e+02
      vertex   -1.174185e+02 3.761481e+02 1.802848e+02
      vertex   -1.173897e+02 3.801812e+02 1.802848e+02
    endloop
  endfacet
  facet normal 0.000000e+00 0.000000e+00 -1.000000e+00
    outer loop
      vertex   -1.160973e+02 3.784921e+02 1.802848e+02
      vertex   -1.173897e+02 3.801812e+02 1.802848e+02
      vertex   -1.160973e+02 3.797406e+02 1.802848e+02
    endloop
  endfacet
  facet normal 0.000000e+00 0.000000e+00 -1.000000e+00
    outer loop
      vertex   -1.160973e+02 3.797406e+02 1.802848e+02
      vertex   -1.173897e+02 3.801812e+02 1.802848e+02
      vertex   -1.168862e+02 3.806812e+02 1.802848e+02
    endloop
  endfacet
  facet normal 0.000000e+00 0.000000e+00 -1.000000e+00
    outer loop
      vertex   -1.160973e+02 3.797406e+02 1.802848e+02
      vertex   -1.168862e+02 3.806812e+02 1.802848e+02
      vertex   -1.160973e+02 3.806812e+02 1.802848e+02
    endloop
  endfacet
  facet normal 0.000000e+00 0.000000e+00 -1.000000e+00
    outer loop
      vertex   -1.160973e+02 3.797406e+02 1.802848e+02
      vertex   -1.154730e+02 3.791163e+02 1.802848e+02
      vertex   -1.160973e+02 3.784921e+02 1.802848e+02
    endloop
  endfacet
  facet normal 0.000000e+00 0.000000e+00 -1.000000e+00
    outer loop
      vertex   -1.095973e+02 3.796092e+02 1.802848e+02
      vertex   -1.139056e+02 3.796092e+02 1.802848e+02
      vertex   -1.139056e+02 3.825730e+02 1.802848e+02
    endloop
  endfacet
  facet normal 0.000000e+00 0.000000e+00 -1.000000e+00
    outer loop
      vertex   -1.097973e+02 3.866812e+02 1.802848e+02
      vertex   -1.097973e+02 3.918902e+02 1.802848e+02
      vertex   -1.019231e+02 3.896411e+02 1.802848e+02
    endloop
  endfacet
  facet normal 0.000000e+00 0.000000e+00 -1.000000e+00
    outer loop
      vertex   -1.019231e+02 3.896411e+02 1.802848e+02
      vertex   -1.097973e+02 3.918902e+02 1.802848e+02
      vertex   -9.121969e+01 3.918902e+02 1.802848e+02
    endloop
  endfacet
  facet normal 8.784743e-02 9.961339e-01 0.000000e+00
    outer loop
      vertex   -1.016946e+02 3.932443e+02 2.046848e+02
      vertex   -9.211969e+01 3.923999e+02 2.046848e+02
      vertex   -1.016946e+02 3.932443e+02 1.961848e+02
    endloop
  endfacet
  facet normal 8.784743e-02 9.961339e-01 0.000000e+00
    outer loop
      vertex   -1.016946e+02 3.932443e+02 1.961848e+02
      vertex   -9.211969e+01 3.923999e+02 2.046848e+02
      vertex   -9.211969e+01 3.923999e+02 1.961848e+02
    endloop
  endfacet
  facet normal 0.000000e+00 1.000000e+00 0.000000e+00
    outer loop
      vertex   -9.121969e+01 3.923999e+02 2.046848e+02
      vertex   -9.121969e+01 3.923999e+02 1.961848e+02
      vertex   -9.211969e+01 3.923999e+02 2.046848e+02
    endloop
  endfacet
  facet normal 0.000000e+00 1.000000e+00 0.000000e+00
    outer loop
      vertex   -9.211969e+01 3.923999e+02 2.046848e+02
      vertex   -9.121969e+01 3.923999e+02 1.961848e+02
      vertex   -9.211969e+01 3.923999e+02 1.961848e+02
    endloop
  endfacet
  facet normal 1.014461e-12 1.150334e-11 -1.000000e+00
    outer loop
      vertex   -1.016946e+02 3.932443e+02 1.961848e+02
      vertex   -9.211969e+01 3.923999e+02 1.961848e+02
      vertex   -1.016840e+02 3.931569e+02 1.961848e+02
    endloop
  endfacet
  facet normal 1.432622e-14 -1.133104e-12 -1.000000e+00
    outer loop
      vertex   -1.016840e+02 3.931569e+02 1.961848e+02
      vertex   -9.211969e+01 3.923999e+02 1.961848e+02
      vertex   -1.097498e+02 3.921770e+02 1.961848e+02
    endloop
  endfacet
  facet normal 0.000000e+00 0.000000e+00 -1.000000e+00
    outer loop
      vertex   -1.097498e+02 3.921770e+02 1.961848e+02
      vertex   -9.211969e+01 3.923999e+02 1.961848e+02
      vertex   -9.121969e+01 3.918902e+02 1.961848e+02
    endloop
  endfacet
  facet normal 0.000000e+00 -0.000000e+00 -1.000000e+00
    outer loop
      vertex   -1.097498e+02 3.921770e+02 1.961848e+02
      vertex   -9.121969e+01 3.918902e+02 1.961848e+02
      vertex   -1.097902e+02 3.918902e+02 1.961848e+02
    endloop
  endfacet
  facet normal 0.000000e+00 0.000000e+00 -1.000000e+00
    outer loop
      vertex   -9.211969e+01 3.923999e+02 1.961848e+02
      vertex   -9.121969e+01 3.923999e+02 1.961848e+02
      vertex   -9.121969e+01 3.918902e+02 1.961848e+02
    endloop
  endfacet
  facet normal 0.000000e+00 0.000000e+00 -1.000000e+00
    outer loop
      vertex   -1.097902e+02 3.918902e+02 1.961848e+02
      vertex   -1.097860e+02 3.924748e+02 1.961848e+02
      vertex   -1.097498e+02 3.921770e+02 1.961848e+02
    endloop
  endfacet
  facet normal 0.000000e+00 0.000000e+00 -1.000000e+00
    outer loop
      vertex   -1.087973e+02 3.918902e+02 1.924848e+02
      vertex   -9.261969e+01 3.918902e+02 1.924848e+02
      vertex   -1.087973e+02 3.908902e+02 1.924848e+02
    endloop
  endfacet
  facet normal 0.000000e+00 0.000000e+00 -1.000000e+00
    outer loop
      vertex   -1.087973e+02 3.908902e+02 1.924848e+02
      vertex   -9.261969e+01 3.918902e+02 1.924848e+02
      vertex   -9.261969e+01 3.908902e+02 1.924848e+02
    endloop
  endfacet
  facet normal 0.000000e+00 1.000000e+00 0.000000e+00
    outer loop
      vertex   -1.097902e+02 3.918902e+02 1.961851e+02
      vertex   -1.097902e+02 3.918902e+02 1.961848e+02
      vertex   -1.097973e+02 3.918902e+02 1.961851e+02
    endloop
  endfacet
  facet normal 0.000000e+00 1.000000e+00 0.000000e+00
    outer loop
      vertex   -1.097973e+02 3.918902e+02 1.961851e+02
      vertex   -1.097902e+02 3.918902e+02 1.961848e+02
      vertex   -1.087973e+02 3.918902e+02 1.924848e+02
    endloop
  endfacet
  facet normal 0.000000e+00 1.000000e+00 0.000000e+00
    outer loop
      vertex   -1.097973e+02 3.918902e+02 1.961851e+02
      vertex   -1.087973e+02 3.918902e+02 1.924848e+02
      vertex   -1.087973e+02 3.918902e+02 1.840848e+02
    endloop
  endfacet
  facet normal 0.000000e+00 1.000000e+00 -0.000000e+00
    outer loop
      vertex   -1.087973e+02 3.918902e+02 1.924848e+02
      vertex   -1.097902e+02 3.918902e+02 1.961848e+02
      vertex   -9.261969e+01 3.918902e+02 1.924848e+02
    endloop
  endfacet
  facet normal 0.000000e+00 1.000000e+00 -0.000000e+00
    outer loop
      vertex   -9.261969e+01 3.918902e+02 1.924848e+02
      vertex   -1.097902e+02 3.918902e+02 1.961848e+02
      vertex   -9.121969e+01 3.918902e+02 1.961848e+02
    endloop
  endfacet
  facet normal -0.000000e+00 1.000000e+00 0.000000e+00
    outer loop
      vertex   -9.261969e+01 3.918902e+02 1.924848e+02
      vertex   -9.121969e+01 3.918902e+02 1.961848e+02
      vertex   -9.261969e+01 3.918902e+02 1.840848e+02
    endloop
  endfacet
  facet normal -0.000000e+00 1.000000e+00 0.000000e+00
    outer loop
      vertex   -9.261969e+01 3.918902e+02 1.840848e+02
      vertex   -9.121969e+01 3.918902e+02 1.961848e+02
      vertex   -9.121969e+01 3.918902e+02 1.802848e+02
    endloop
  endfacet
  facet normal 0.000000e+00 1.000000e+00 0.000000e+00
    outer loop
      vertex   -9.261969e+01 3.918902e+02 1.840848e+02
      vertex   -9.121969e+01 3.918902e+02 1.802848e+02
      vertex   -1.097973e+02 3.918902e+02 1.802848e+02
    endloop
  endfacet
  facet normal 0.000000e+00 1.000000e+00 0.000000e+00
    outer loop
      vertex   -9.261969e+01 3.918902e+02 1.840848e+02
      vertex   -1.097973e+02 3.918902e+02 1.802848e+02
      vertex   -1.087973e+02 3.918902e+02 1.840848e+02
    endloop
  endfacet
  facet normal 0.000000e+00 1.000000e+00 0.000000e+00
    outer loop
      vertex   -1.087973e+02 3.918902e+02 1.840848e+02
      vertex   -1.097973e+02 3.918902e+02 1.802848e+02
      vertex   -1.097973e+02 3.918902e+02 1.961851e+02
    endloop
  endfacet
  facet normal 0.000000e+00 0.000000e+00 1.000000e+00
    outer loop
      vertex   -9.261969e+01 3.918902e+02 1.840848e+02
      vertex   -1.087973e+02 3.918902e+02 1.840848e+02
      vertex   -9.261969e+01 3.908902e+02 1.840848e+02
    endloop
  endfacet
  facet normal 0.000000e+00 0.000000e+00 1.000000e+00
    outer loop
      vertex   -9.261969e+01 3.908902e+02 1.840848e+02
      vertex   -1.087973e+02 3.918902e+02 1.840848e+02
      vertex   -1.087973e+02 3.908902e+02 1.840848e+02
    endloop
  endfacet
  facet normal -1.000000e+00 1.136868e-13 0.000000e+00
    outer loop
      vertex   -9.261969e+01 3.918902e+02 1.924848e+02
      vertex   -9.261969e+01 3.918902e+02 1.840848e+02
      vertex   -9.261969e+01 3.908902e+02 1.924848e+02
    endloop
  endfacet
  facet normal -1.000000e+00 0.000000e+00 -1.353415e-14
    outer loop
      vertex   -9.261969e+01 3.908902e+02 1.924848e+02
      vertex   -9.261969e+01 3.918902e+02 1.840848e+02
      vertex   -9.261969e+01 3.908902e+02 1.840848e+02
    endloop
  endfacet
  facet normal 1.000000e+00 0.000000e+00 0.000000e+00
    outer loop
      vertex   -1.160973e+02 3.806812e+02 1.948848e+02
      vertex   -1.160973e+02 3.797406e+02 1.948848e+02
      vertex   -1.160973e+02 3.806812e+02 1.802848e+02
    endloop
  endfacet
  facet normal 1.000000e+00 0.000000e+00 0.000000e+00
    outer loop
      vertex   -1.160973e+02 3.806812e+02 1.802848e+02
      vertex   -1.160973e+02 3.797406e+02 1.948848e+02
      vertex   -1.160973e+02 3.797406e+02 1.802848e+02
    endloop
  endfacet
  facet normal -0.000000e+00 -1.000000e+00 -0.000000e+00
    outer loop
      vertex   -1.095973e+02 3.796092e+02 1.948848e+02
      vertex   -1.139056e+02 3.796092e+02 1.948848e+02
      vertex   -1.095973e+02 3.796092e+02 1.802848e+02
    endloop
  endfacet
  facet normal 0.000000e+00 -1.000000e+00 0.000000e+00
    outer loop
      vertex   -1.095973e+02 3.796092e+02 1.802848e+02
      vertex   -1.139056e+02 3.796092e+02 1.948848e+02
      vertex   -1.139056e+02 3.796092e+02 1.802848e+02
    endloop
  endfacet
  facet normal -7.071068e-01 7.071068e-01 0.000000e+00
    outer loop
      vertex   -1.139056e+02 3.825730e+02 1.961851e+02
      vertex   -1.125976e+02 3.838809e+02 1.961851e+02
      vertex   -1.139056e+02 3.825730e+02 1.802848e+02
    endloop
  endfacet
  facet normal -7.071068e-01 7.071068e-01 6.249195e-14
    outer loop
      vertex   -1.139056e+02 3.825730e+02 1.802848e+02
      vertex   -1.125976e+02 3.838809e+02 1.961851e+02
      vertex   -1.097973e+02 3.866812e+02 1.933848e+02
    endloop
  endfacet
  facet normal -7.071068e-01 7.071068e-01 0.000000e+00
    outer loop
      vertex   -1.139056e+02 3.825730e+02 1.802848e+02
      vertex   -1.097973e+02 3.866812e+02 1.933848e+02
      vertex   -1.097973e+02 3.866812e+02 1.802848e+02
    endloop
  endfacet
  facet normal 1.000000e+00 0.000000e+00 -0.000000e+00
    outer loop
      vertex   -1.087973e+02 3.918902e+02 1.840848e+02
      vertex   -1.087973e+02 3.918902e+02 1.924848e+02
      vertex   -1.087973e+02 3.908902e+02 1.840848e+02
    endloop
  endfacet
  facet normal 1.000000e+00 0.000000e+00 0.000000e+00
    outer loop
      vertex   -1.087973e+02 3.908902e+02 1.840848e+02
      vertex   -1.087973e+02 3.918902e+02 1.924848e+02
      vertex   -1.087973e+02 3.908902e+02 1.924848e+02
    endloop
  endfacet
  facet normal -1.000000e+00 0.000000e+00 0.000000e+00
    outer loop
      vertex   -1.139056e+02 3.806812e+02 1.961851e+02
      vertex   -1.139056e+02 3.825730e+02 1.961851e+02
      vertex   -1.139056e+02 3.806812e+02 1.948848e+02
    endloop
  endfacet
  facet normal -1.000000e+00 0.000000e+00 0.000000e+00
    outer loop
      vertex   -1.139056e+02 3.806812e+02 1.948848e+02
      vertex   -1.139056e+02 3.825730e+02 1.961851e+02
      vertex   -1.139056e+02 3.825730e+02 1.802848e+02
    endloop
  endfacet
  facet normal -1.000000e+00 0.000000e+00 -0.000000e+00
    outer loop
      vertex   -1.139056e+02 3.806812e+02 1.948848e+02
      vertex   -1.139056e+02 3.825730e+02 1.802848e+02
      vertex   -1.139056e+02 3.796092e+02 1.802848e+02
    endloop
  endfacet
  facet normal -1.000000e+00 0.000000e+00 0.000000e+00
    outer loop
      vertex   -1.139056e+02 3.796092e+02 1.802848e+02
      vertex   -1.139056e+02 3.796092e+02 1.948848e+02
      vertex   -1.139056e+02 3.806812e+02 1.948848e+02
    endloop
  endfacet
  facet normal -0.000000e+00 7.071068e-01 7.071068e-01
    outer loop
      vertex   -1.125976e+02 3.838809e+02 1.961851e+02
      vertex   -1.097973e+02 3.838809e+02 1.961851e+02
      vertex   -1.097973e+02 3.866812e+02 1.933848e+02
    endloop
  endfacet
  facet normal -7.045782e-01 7.096264e-01 0.000000e+00
    outer loop
      vertex   -1.168862e+02 3.806812e+02 1.961851e+02
      vertex   -1.168862e+02 3.806812e+02 1.802848e+02
      vertex   -1.173897e+02 3.801812e+02 1.961851e+02
    endloop
  endfacet
  facet normal -7.045782e-01 7.096264e-01 0.000000e+00
    outer loop
      vertex   -1.173897e+02 3.801812e+02 1.961851e+02
      vertex   -1.168862e+02 3.806812e+02 1.802848e+02
      vertex   -1.173897e+02 3.801812e+02 1.802848e+02
    endloop
  endfacet
  facet normal 9.990212e-01 4.423335e-02 0.000000e+00
    outer loop
      vertex   -9.799218e+01 3.823232e+02 1.921848e+02
      vertex   -9.799218e+01 3.823232e+02 1.892098e+02
      vertex   -9.800000e+01 3.825000e+02 1.921848e+02
    endloop
  endfacet
  facet normal 9.990212e-01 4.423335e-02 0.000000e+00
    outer loop
      vertex   -9.800000e+01 3.825000e+02 1.921848e+02
      vertex   -9.799218e+01 3.823232e+02 1.892098e+02
      vertex   -9.800000e+01 3.825000e+02 1.892098e+02
    endloop
  endfacet
  facet normal 9.990212e-01 -4.423335e-02 0.000000e+00
    outer loop
      vertex   -9.800000e+01 3.825000e+02 1.921848e+02
      vertex   -9.800000e+01 3.825000e+02 1.892098e+02
      vertex   -9.799218e+01 3.826768e+02 1.921848e+02
    endloop
  endfacet
  facet normal 9.990212e-01 -4.423335e-02 0.000000e+00
    outer loop
      vertex   -9.799218e+01 3.826768e+02 1.921848e+02
      vertex   -9.800000e+01 3.825000e+02 1.892098e+02
      vertex   -9.799218e+01 3.826768e+02 1.892098e+02
    endloop
  endfacet
  facet normal 9.912025e-01 -1.323539e-01 0.000000e+00
    outer loop
      vertex   -9.799218e+01 3.826768e+02 1.921848e+02
      vertex   -9.799218e+01 3.826768e+02 1.892098e+02
      vertex   -9.796876e+01 3.828521e+02 1.921848e+02
    endloop
  endfacet
  facet normal 9.912025e-01 -1.323539e-01 0.000000e+00
    outer loop
      vertex   -9.796876e+01 3.828521e+02 1.921848e+02
      vertex   -9.799218e+01 3.826768e+02 1.892098e+02
      vertex   -9.796876e+01 3.828521e+02 1.892098e+02
    endloop
  endfacet
  facet normal 9.756263e-01 -2.194385e-01 0.000000e+00
    outer loop
      vertex   -9.796876e+01 3.828521e+02 1.921848e+02
      vertex   -9.796876e+01 3.828521e+02 1.892098e+02
      vertex   -9.792993e+01 3.830248e+02 1.921848e+02
    endloop
  endfacet
  facet normal 9.756263e-01 -2.194385e-01 4.660331e-15
    outer loop
      vertex   -9.792993e+01 3.830248e+02 1.921848e+02
      vertex   -9.796876e+01 3.828521e+02 1.892098e+02
      vertex   -9.792993e+01 3.830248e+02 1.892098e+02
    endloop
  endfacet
  facet normal 9.524145e-01 -3.048058e-01 4.549454e-15
    outer loop
      vertex   -9.792993e+01 3.830248e+02 1.921848e+02
      vertex   -9.792993e+01 3.830248e+02 1.892098e+02
      vertex   -9.787600e+01 3.831933e+02 1.921848e+02
    endloop
  endfacet
  facet normal 9.524145e-01 -3.048058e-01 -4.549454e-15
    outer loop
      vertex   -9.787600e+01 3.831933e+02 1.921848e+02
      vertex   -9.792993e+01 3.830248e+02 1.892098e+02
      vertex   -9.787600e+01 3.831933e+02 1.892098e+02
    endloop
  endfacet
  facet normal 9.217488e-01 -3.877875e-01 -4.402971e-15
    outer loop
      vertex   -9.787600e+01 3.831933e+02 1.921848e+02
      vertex   -9.787600e+01 3.831933e+02 1.892098e+02
      vertex   -9.780739e+01 3.833564e+02 1.921848e+02
    endloop
  endfacet
  facet normal 9.217488e-01 -3.877875e-01 0.000000e+00
    outer loop
      vertex   -9.780739e+01 3.833564e+02 1.921848e+02
      vertex   -9.787600e+01 3.831933e+02 1.892098e+02
      vertex   -9.780739e+01 3.833564e+02 1.892098e+02
    endloop
  endfacet
  facet normal 8.838691e-01 -4.677343e-01 0.000000e+00
    outer loop
      vertex   -9.780739e+01 3.833564e+02 1.921848e+02
      vertex   -9.780739e+01 3.833564e+02 1.892098e+02
      vertex   -9.772463e+01 3.835128e+02 1.921848e+02
    endloop
  endfacet
  facet normal 8.838691e-01 -4.677343e-01 0.000000e+00
    outer loop
      vertex   -9.772463e+01 3.835128e+02 1.921848e+02
      vertex   -9.780739e+01 3.833564e+02 1.892098e+02
      vertex   -9.772463e+01 3.835128e+02 1.892098e+02
    endloop
  endfacet
  facet normal 8.390720e-01 -5.440204e-01 0.000000e+00
    outer loop
      vertex   -9.772463e+01 3.835128e+02 1.921848e+02
      vertex   -9.772463e+01 3.835128e+02 1.892098e+02
      vertex   -9.762838e+01 3.836612e+02 1.921848e+02
    endloop
  endfacet
  facet normal 8.390720e-01 -5.440204e-01 8.016088e-15
    outer loop
      vertex   -9.762838e+01 3.836612e+02 1.921848e+02
      vertex   -9.772463e+01 3.835128e+02 1.892098e+02
      vertex   -9.762838e+01 3.836612e+02 1.892098e+02
    endloop
  endfacet
  facet normal 7.877080e-01 -6.160488e-01 7.525381e-15
    outer loop
      vertex   -9.762838e+01 3.836612e+02 1.921848e+02
      vertex   -9.762838e+01 3.836612e+02 1.892098e+02
      vertex   -9.751938e+01 3.838006e+02 1.921848e+02
    endloop
  endfacet
  facet normal 7.877080e-01 -6.160488e-01 0.000000e+00
    outer loop
      vertex   -9.751938e+01 3.838006e+02 1.921848e+02
      vertex   -9.762838e+01 3.836612e+02 1.892098e+02
      vertex   -9.751938e+01 3.838006e+02 1.892098e+02
    endloop
  endfacet
  facet normal 7.301791e-01 -6.832558e-01 0.000000e+00
    outer loop
      vertex   -9.751938e+01 3.838006e+02 1.921848e+02
      vertex   -9.751938e+01 3.838006e+02 1.892098e+02
      vertex   -9.739848e+01 3.839298e+02 1.921848e+02
    endloop
  endfacet
  facet normal 7.301791e-01 -6.832558e-01 0.000000e+00
    outer loop
      vertex   -9.739848e+01 3.839298e+02 1.921848e+02
      vertex   -9.751938e+01 3.838006e+02 1.892098e+02
      vertex   -9.739848e+01 3.839298e+02 1.892098e+02
    endloop
  endfacet
  facet normal 6.669355e-01 -7.451154e-01 0.000000e+00
    outer loop
      vertex   -9.739848e+01 3.839298e+02 1.921848e+02
      vertex   -9.739848e+01 3.839298e+02 1.892098e+02
      vertex   -9.726665e+01 3.840478e+02 1.921848e+02
    endloop
  endfacet
  facet normal 6.669355e-01 -7.451154e-01 3.185790e-15
    outer loop
      vertex   -9.726665e+01 3.840478e+02 1.921848e+02
      vertex   -9.739848e+01 3.839298e+02 1.892098e+02
      vertex   -9.726665e+01 3.840478e+02 1.892098e+02
    endloop
  endfacet
  facet normal 5.984723e-01 -8.011435e-01 2.858757e-15
    outer loop
      vertex   -9.726665e+01 3.840478e+02 1.921848e+02
      vertex   -9.726665e+01 3.840478e+02 1.892098e+02
      vertex   -9.712490e+01 3.841537e+02 1.921848e+02
    endloop
  endfacet
  facet normal 5.984723e-01 -8.011435e-01 -2.858757e-15
    outer loop
      vertex   -9.712490e+01 3.841537e+02 1.921848e+02
      vertex   -9.726665e+01 3.840478e+02 1.892098e+02
      vertex   -9.712490e+01 3.841537e+02 1.892098e+02
    endloop
  endfacet
  facet normal 5.253252e-01 -8.509015e-01 -2.509351e-15
    outer loop
      vertex   -9.712490e+01 3.841537e+02 1.921848e+02
      vertex   -9.712490e+01 3.841537e+02 1.892098e+02
      vertex   -9.697435e+01 3.842466e+02 1.921848e+02
    endloop
  endfacet
  facet normal 5.253252e-01 -8.509015e-01 -5.018703e-15
    outer loop
      vertex   -9.697435e+01 3.842466e+02 1.921848e+02
      vertex   -9.712490e+01 3.841537e+02 1.892098e+02
      vertex   -9.697435e+01 3.842466e+02 1.892098e+02
    endloop
  endfacet
  facet normal 4.480668e-01 -8.940001e-01 -4.280613e-15
    outer loop
      vertex   -9.697435e+01 3.842466e+02 1.921848e+02
      vertex   -9.697435e+01 3.842466e+02 1.892098e+02
      vertex   -9.681617e+01 3.843259e+02 1.921848e+02
    endloop
  endfacet
  facet normal 4.480668e-01 -8.940001e-01 0.000000e+00
    outer loop
      vertex   -9.681617e+01 3.843259e+02 1.921848e+02
      vertex   -9.697435e+01 3.842466e+02 1.892098e+02
      vertex   -9.681617e+01 3.843259e+02 1.892098e+02
    endloop
  endfacet
  facet normal 3.673016e-01 -9.301019e-01 0.000000e+00
    outer loop
      vertex   -9.681617e+01 3.843259e+02 1.921848e+02
      vertex   -9.681617e+01 3.843259e+02 1.892098e+02
      vertex   -9.665160e+01 3.843909e+02 1.921848e+02
    endloop
  endfacet
  facet normal 3.673016e-01 -9.301019e-01 0.000000e+00
    outer loop
      vertex   -9.665160e+01 3.843909e+02 1.921848e+02
      vertex   -9.681617e+01 3.843259e+02 1.892098e+02
      vertex   -9.665160e+01 3.843909e+02 1.892098e+02
    endloop
  endfacet
  facet normal 2.836618e-01 -9.589244e-01 0.000000e+00
    outer loop
      vertex   -9.665160e+01 3.843909e+02 1.921848e+02
      vertex   -9.665160e+01 3.843909e+02 1.892098e+02
      vertex   -9.648194e+01 3.844411e+02 1.921848e+02
    endloop
  endfacet
  facet normal 2.836618e-01 -9.589244e-01 0.000000e+00
    outer loop
      vertex   -9.648194e+01 3.844411e+02 1.921848e+02
      vertex   -9.665160e+01 3.843909e+02 1.892098e+02
      vertex   -9.648194e+01 3.844411e+02 1.892098e+02
    endloop
  endfacet
  facet normal 1.978019e-01 -9.802420e-01 0.000000e+00
    outer loop
      vertex   -9.648194e+01 3.844411e+02 1.921848e+02
      vertex   -9.648194e+01 3.844411e+02 1.892098e+02
      vertex   -9.630850e+01 3.844761e+02 1.921848e+02
    endloop
  endfacet
  facet normal 1.978019e-01 -9.802420e-01 0.000000e+00
    outer loop
      vertex   -9.630850e+01 3.844761e+02 1.921848e+02
      vertex   -9.648194e+01 3.844411e+02 1.892098e+02
      vertex   -9.630850e+01 3.844761e+02 1.892098e+02
    endloop
  endfacet
  facet normal 1.103940e-01 -9.938879e-01 0.000000e+00
    outer loop
      vertex   -9.630850e+01 3.844761e+02 1.921848e+02
      vertex   -9.630850e+01 3.844761e+02 1.892098e+02
      vertex   -9.613265e+01 3.844956e+02 1.921848e+02
    endloop
  endfacet
  facet normal 1.103940e-01 -9.938879e-01 0.000000e+00
    outer loop
      vertex   -9.613265e+01 3.844956e+02 1.921848e+02
      vertex   -9.630850e+01 3.844761e+02 1.892098e+02
      vertex   -9.613265e+01 3.844956e+02 1.892098e+02
    endloop
  endfacet
  facet normal 2.212209e-02 -9.997553e-01 0.000000e+00
    outer loop
      vertex   -9.613265e+01 3.844956e+02 1.921848e+02
      vertex   -9.613265e+01 3.844956e+02 1.892098e+02
      vertex   -9.595576e+01 3.844995e+02 1.921848e+02
    endloop
  endfacet
  facet normal 2.212209e-02 -9.997553e-01 0.000000e+00
    outer loop
      vertex   -9.595576e+01 3.844995e+02 1.921848e+02
      vertex   -9.613265e+01 3.844956e+02 1.892098e+02
      vertex   -9.595576e+01 3.844995e+02 1.892098e+02
    endloop
  endfacet
  facet normal -6.632296e-02 -9.977982e-01 -0.000000e+00
    outer loop
      vertex   -9.595576e+01 3.844995e+02 1.921848e+02
      vertex   -9.595576e+01 3.844995e+02 1.892098e+02
      vertex   -9.577921e+01 3.844878e+02 1.921848e+02
    endloop
  endfacet
  facet normal -6.632296e-02 -9.977982e-01 -0.000000e+00
    outer loop
      vertex   -9.577921e+01 3.844878e+02 1.921848e+02
      vertex   -9.595576e+01 3.844995e+02 1.892098e+02
      vertex   -9.577921e+01 3.844878e+02 1.892098e+02
    endloop
  endfacet
  facet normal -1.542489e-01 -9.880320e-01 -0.000000e+00
    outer loop
      vertex   -9.577921e+01 3.844878e+02 1.921848e+02
      vertex   -9.577921e+01 3.844878e+02 1.892098e+02
      vertex   -9.560440e+01 3.844605e+02 1.921848e+02
    endloop
  endfacet
  facet normal -1.542489e-01 -9.880320e-01 -0.000000e+00
    outer loop
      vertex   -9.560440e+01 3.844605e+02 1.921848e+02
      vertex   -9.577921e+01 3.844878e+02 1.892098e+02
      vertex   -9.560440e+01 3.844605e+02 1.892098e+02
    endloop
  endfacet
  facet normal -2.409677e-01 -9.705331e-01 -0.000000e+00
    outer loop
      vertex   -9.560440e+01 3.844605e+02 1.921848e+02
      vertex   -9.560440e+01 3.844605e+02 1.892098e+02
      vertex   -9.543268e+01 3.844179e+02 1.921848e+02
    endloop
  endfacet
  facet normal -2.409677e-01 -9.705331e-01 -0.000000e+00
    outer loop
      vertex   -9.543268e+01 3.844179e+02 1.921848e+02
      vertex   -9.560440e+01 3.844605e+02 1.892098e+02
      vertex   -9.543268e+01 3.844179e+02 1.892098e+02
    endloop
  endfacet
  facet normal -3.258006e-01 -9.454385e-01 -0.000000e+00
    outer loop
      vertex   -9.543268e+01 3.844179e+02 1.921848e+02
      vertex   -9.543268e+01 3.844179e+02 1.892098e+02
      vertex   -9.526540e+01 3.843602e+02 1.921848e+02
    endloop
  endfacet
  facet normal -3.258006e-01 -9.454385e-01 -0.000000e+00
    outer loop
      vertex   -9.526540e+01 3.843602e+02 1.921848e+02
      vertex   -9.543268e+01 3.844179e+02 1.892098e+02
      vertex   -9.526540e+01 3.843602e+02 1.892098e+02
    endloop
  endfacet
  facet normal -4.080836e-01 -9.129446e-01 -0.000000e+00
    outer loop
      vertex   -9.526540e+01 3.843602e+02 1.921848e+02
      vertex   -9.526540e+01 3.843602e+02 1.892098e+02
      vertex   -9.510387e+01 3.842880e+02 1.921848e+02
    endloop
  endfacet
  facet normal -4.080836e-01 -9.129446e-01 -0.000000e+00
    outer loop
      vertex   -9.510387e+01 3.842880e+02 1.921848e+02
      vertex   -9.526540e+01 3.843602e+02 1.892098e+02
      vertex   -9.510387e+01 3.842880e+02 1.892098e+02
    endloop
  endfacet
  facet normal -4.871728e-01 -8.733056e-01 -0.000000e+00
    outer loop
      vertex   -9.510387e+01 3.842880e+02 1.921848e+02
      vertex   -9.510387e+01 3.842880e+02 1.892098e+02
      vertex   -9.494935e+01 3.842018e+02 1.921848e+02
    endloop
  endfacet
  facet normal -4.871728e-01 -8.733056e-01 4.654213e-15
    outer loop
      vertex   -9.494935e+01 3.842018e+02 1.921848e+02
      vertex   -9.510387e+01 3.842880e+02 1.892098e+02
      vertex   -9.494935e+01 3.842018e+02 1.892098e+02
    endloop
  endfacet
  facet normal -5.624493e-01 -8.268318e-01 5.373368e-15
    outer loop
      vertex   -9.494935e+01 3.842018e+02 1.921848e+02
      vertex   -9.494935e+01 3.842018e+02 1.892098e+02
      vertex   -9.480306e+01 3.841023e+02 1.921848e+02
    endloop
  endfacet
  facet normal -5.624493e-01 -8.268318e-01 -0.000000e+00
    outer loop
      vertex   -9.480306e+01 3.841023e+02 1.921848e+02
      vertex   -9.494935e+01 3.842018e+02 1.892098e+02
      vertex   -9.480306e+01 3.841023e+02 1.892098e+02
    endloop
  endfacet
  facet normal -6.333238e-01 -7.738869e-01 -0.000000e+00
    outer loop
      vertex   -9.480306e+01 3.841023e+02 1.921848e+02
      vertex   -9.480306e+01 3.841023e+02 1.892098e+02
      vertex   -9.466613e+01 3.839902e+02 1.921848e+02
    endloop
  endfacet
  facet normal -6.333238e-01 -7.738869e-01 3.025234e-15
    outer loop
      vertex   -9.466613e+01 3.839902e+02 1.921848e+02
      vertex   -9.480306e+01 3.841023e+02 1.892098e+02
      vertex   -9.466613e+01 3.839902e+02 1.892098e+02
    endloop
  endfacet
  facet normal -6.992417e-01 -7.148853e-01 3.340108e-15
    outer loop
      vertex   -9.466613e+01 3.839902e+02 1.921848e+02
      vertex   -9.466613e+01 3.839902e+02 1.892098e+02
      vertex   -9.453964e+01 3.838665e+02 1.921848e+02
    endloop
  endfacet
  facet normal -6.992417e-01 -7.148853e-01 3.340108e-15
    outer loop
      vertex   -9.453964e+01 3.838665e+02 1.921848e+02
      vertex   -9.466613e+01 3.839902e+02 1.892098e+02
      vertex   -9.453964e+01 3.838665e+02 1.892098e+02
    endloop
  endfacet
  facet normal -7.596871e-01 -6.502888e-01 3.628841e-15
    outer loop
      vertex   -9.453964e+01 3.838665e+02 1.921848e+02
      vertex   -9.453964e+01 3.838665e+02 1.892098e+02
      vertex   -9.442459e+01 3.837321e+02 1.921848e+02
    endloop
  endfacet
  facet normal -7.596871e-01 -6.502888e-01 3.628841e-15
    outer loop
      vertex   -9.442459e+01 3.837321e+02 1.921848e+02
      vertex   -9.453964e+01 3.838665e+02 1.892098e+02
      vertex   -9.442459e+01 3.837321e+02 1.892098e+02
    endloop
  endfacet
  facet normal -8.141869e-01 -5.806029e-01 3.889174e-15
    outer loop
      vertex   -9.442459e+01 3.837321e+02 1.921848e+02
      vertex   -9.442459e+01 3.837321e+02 1.892098e+02
      vertex   -9.432186e+01 3.835880e+02 1.921848e+02
    endloop
  endfacet
  facet normal -8.141869e-01 -5.806029e-01 -0.000000e+00
    outer loop
      vertex   -9.432186e+01 3.835880e+02 1.921848e+02
      vertex   -9.442459e+01 3.837321e+02 1.892098e+02
      vertex   -9.432186e+01 3.835880e+02 1.892098e+02
    endloop
  endfacet
  facet normal -8.623146e-01 -5.063730e-01 -0.000000e+00
    outer loop
      vertex   -9.432186e+01 3.835880e+02 1.921848e+02
      vertex   -9.432186e+01 3.835880e+02 1.892098e+02
      vertex   -9.423226e+01 3.834355e+02 1.921848e+02
    endloop
  endfacet
  facet normal -8.623146e-01 -5.063730e-01 -0.000000e+00
    outer loop
      vertex   -9.423226e+01 3.834355e+02 1.921848e+02
      vertex   -9.432186e+01 3.835880e+02 1.892098e+02
      vertex   -9.423226e+01 3.834355e+02 1.892098e+02
    endloop
  endfacet
  facet normal -9.036935e-01 -4.281800e-01 -0.000000e+00
    outer loop
      vertex   -9.423226e+01 3.834355e+02 1.921848e+02
      vertex   -9.423226e+01 3.834355e+02 1.892098e+02
      vertex   -9.415650e+01 3.832756e+02 1.921848e+02
    endloop
  endfacet
  facet normal -9.036935e-01 -4.281800e-01 -0.000000e+00
    outer loop
      vertex   -9.415650e+01 3.832756e+02 1.921848e+02
      vertex   -9.423226e+01 3.834355e+02 1.892098e+02
      vertex   -9.415650e+01 3.832756e+02 1.892098e+02
    endloop
  endfacet
  facet normal -9.379998e-01 -3.466359e-01 -0.000000e+00
    outer loop
      vertex   -9.415650e+01 3.832756e+02 1.921848e+02
      vertex   -9.415650e+01 3.832756e+02 1.892098e+02
      vertex   -9.409517e+01 3.831096e+02 1.921848e+02
    endloop
  endfacet
  facet normal -9.380343e-01 -3.465423e-01 5.933256e-06
    outer loop
      vertex   -9.409517e+01 3.831096e+02 1.921848e+02
      vertex   -9.415650e+01 3.832756e+02 1.892098e+02
      vertex   -9.409505e+01 3.831092e+02 1.892098e+02
    endloop
  endfacet
  facet normal -9.649649e-01 -2.623790e-01 -5.919888e-06
    outer loop
      vertex   -9.409517e+01 3.831096e+02 1.921848e+02
      vertex   -9.409505e+01 3.831092e+02 1.892098e+02
      vertex   -9.404875e+01 3.829389e+02 1.921848e+02
    endloop
  endfacet
  facet normal -9.650098e-01 -2.622139e-01 4.228491e-06
    outer loop
      vertex   -9.404875e+01 3.829389e+02 1.921848e+02
      vertex   -9.409505e+01 3.831092e+02 1.892098e+02
      vertex   -9.404869e+01 3.829386e+02 1.892098e+02
    endloop
  endfacet
  facet normal -9.843779e-01 -1.760685e-01 -4.231219e-06
    outer loop
      vertex   -9.404875e+01 3.829389e+02 1.921848e+02
      vertex   -9.404869e+01 3.829386e+02 1.892098e+02
      vertex   -9.401760e+01 3.827647e+02 1.921848e+02
    endloop
  endfacet
  facet normal -9.843980e-01 -1.759563e-01 2.538732e-06
    outer loop
      vertex   -9.401760e+01 3.827647e+02 1.921848e+02
      vertex   -9.404869e+01 3.829386e+02 1.892098e+02
      vertex   -9.401757e+01 3.827645e+02 1.892098e+02
    endloop
  endfacet
  facet normal -9.960868e-01 -8.838010e-02 -2.540369e-06
    outer loop
      vertex   -9.401760e+01 3.827647e+02 1.921848e+02
      vertex   -9.401757e+01 3.827645e+02 1.892098e+02
      vertex   -9.400196e+01 3.825885e+02 1.921848e+02
    endloop
  endfacet
  facet normal -9.960919e-01 -8.832332e-02 8.467895e-07
    outer loop
      vertex   -9.400196e+01 3.825885e+02 1.921848e+02
      vertex   -9.401757e+01 3.827645e+02 1.892098e+02
      vertex   -9.400196e+01 3.825884e+02 1.892098e+02
    endloop
  endfacet
  facet normal -1.000000e+00 -0.000000e+00 -8.473352e-07
    outer loop
      vertex   -9.400196e+01 3.825885e+02 1.921848e+02
      vertex   -9.400196e+01 3.825884e+02 1.892098e+02
      vertex   -9.400196e+01 3.824115e+02 1.921848e+02
    endloop
  endfacet
  facet normal -1.000000e+00 0.000000e+00 -8.473352e-07
    outer loop
      vertex   -9.400196e+01 3.824115e+02 1.921848e+02
      vertex   -9.400196e+01 3.825884e+02 1.892098e+02
      vertex   -9.400196e+01 3.824116e+02 1.892098e+02
    endloop
  endfacet
  facet normal -9.960919e-01 8.832332e-02 8.467895e-07
    outer loop
      vertex   -9.400196e+01 3.824115e+02 1.921848e+02
      vertex   -9.400196e+01 3.824116e+02 1.892098e+02
      vertex   -9.401757e+01 3.822355e+02 1.892098e+02
    endloop
  endfacet
  facet normal -9.960919e-01 8.832332e-02 -2.538732e-06
    outer loop
      vertex   -9.401757e+01 3.822355e+02 1.892098e+02
      vertex   -9.400196e+01 3.824116e+02 1.892098e+02
      vertex   -9.401755e+01 3.822356e+02 1.862348e+02
    endloop
  endfacet
  facet normal -9.844180e-01 1.758440e-01 2.537095e-06
    outer loop
      vertex   -9.401757e+01 3.822355e+02 1.892098e+02
      vertex   -9.401755e+01 3.822356e+02 1.862348e+02
      vertex   -9.404862e+01 3.820617e+02 1.862348e+02
    endloop
  endfacet
  facet normal -9.844180e-01 1.758440e-01 -4.225763e-06
    outer loop
      vertex   -9.404862e+01 3.820617e+02 1.862348e+02
      vertex   -9.401755e+01 3.822356e+02 1.862348e+02
      vertex   -9.404856e+01 3.820620e+02 1.832598e+02
    endloop
  endfacet
  facet normal -9.650994e-01 2.618838e-01 4.223034e-06
    outer loop
      vertex   -9.404862e+01 3.820617e+02 1.862348e+02
      vertex   -9.404856e+01 3.820620e+02 1.832598e+02
      vertex   -9.409481e+01 3.818915e+02 1.832598e+02
    endloop
  endfacet
  facet normal -9.650994e-01 2.618838e-01 -5.908429e-06
    outer loop
      vertex   -9.409481e+01 3.818915e+02 1.832598e+02
      vertex   -9.404856e+01 3.820620e+02 1.832598e+02
      vertex   -9.409469e+01 3.818919e+02 1.802848e+02
    endloop
  endfacet
  facet normal -9.383155e-01 3.457802e-01 5.904609e-06
    outer loop
      vertex   -9.409481e+01 3.818915e+02 1.832598e+02
      vertex   -9.409469e+01 3.818919e+02 1.802848e+02
      vertex   -9.415571e+01 3.817263e+02 1.802848e+02
    endloop
  endfacet
  facet normal 9.912025e-01 1.323539e-01 -0.000000e+00
    outer loop
      vertex   -9.799218e+01 3.823232e+02 1.892098e+02
      vertex   -9.799218e+01 3.823232e+02 1.921848e+02
      vertex   -9.796876e+01 3.821479e+02 1.892098e+02
    endloop
  endfacet
  facet normal 9.912025e-01 1.323539e-01 -0.000000e+00
    outer loop
      vertex   -9.796876e+01 3.821479e+02 1.892098e+02
      vertex   -9.799218e+01 3.823232e+02 1.921848e+02
      vertex   -9.796876e+01 3.821479e+02 1.921848e+02
    endloop
  endfacet
  facet normal 9.756263e-01 2.194385e-01 -0.000000e+00
    outer loop
      vertex   -9.796876e+01 3.821479e+02 1.892098e+02
      vertex   -9.796876e+01 3.821479e+02 1.921848e+02
      vertex   -9.792993e+01 3.819752e+02 1.892098e+02
    endloop
  endfacet
  facet normal 9.756263e-01 2.194385e-01 4.660331e-15
    outer loop
      vertex   -9.792993e+01 3.819752e+02 1.892098e+02
      vertex   -9.796876e+01 3.821479e+02 1.921848e+02
      vertex   -9.792993e+01 3.819752e+02 1.921848e+02
    endloop
  endfacet
  facet normal 9.524145e-01 3.048058e-01 4.549454e-15
    outer loop
      vertex   -9.792993e+01 3.819752e+02 1.892098e+02
      vertex   -9.792993e+01 3.819752e+02 1.921848e+02
      vertex   -9.787600e+01 3.818067e+02 1.892098e+02
    endloop
  endfacet
  facet normal 9.524145e-01 3.048058e-01 -4.549454e-15
    outer loop
      vertex   -9.787600e+01 3.818067e+02 1.892098e+02
      vertex   -9.792993e+01 3.819752e+02 1.921848e+02
      vertex   -9.787600e+01 3.818067e+02 1.921848e+02
    endloop
  endfacet
  facet normal 9.217488e-01 3.877875e-01 -4.402971e-15
    outer loop
      vertex   -9.787600e+01 3.818067e+02 1.892098e+02
      vertex   -9.787600e+01 3.818067e+02 1.921848e+02
      vertex   -9.780739e+01 3.816436e+02 1.892098e+02
    endloop
  endfacet
  facet normal 9.217488e-01 3.877875e-01 -0.000000e+00
    outer loop
      vertex   -9.780739e+01 3.816436e+02 1.892098e+02
      vertex   -9.787600e+01 3.818067e+02 1.921848e+02
      vertex   -9.780739e+01 3.816436e+02 1.921848e+02
    endloop
  endfacet
  facet normal 8.838691e-01 4.677343e-01 -0.000000e+00
    outer loop
      vertex   -9.780739e+01 3.816436e+02 1.892098e+02
      vertex   -9.780739e+01 3.816436e+02 1.921848e+02
      vertex   -9.772463e+01 3.814873e+02 1.892098e+02
    endloop
  endfacet
  facet normal 8.838691e-01 4.677343e-01 -0.000000e+00
    outer loop
      vertex   -9.772463e+01 3.814873e+02 1.892098e+02
      vertex   -9.780739e+01 3.816436e+02 1.921848e+02
      vertex   -9.772463e+01 3.814873e+02 1.921848e+02
    endloop
  endfacet
  facet normal 8.390720e-01 5.440204e-01 -0.000000e+00
    outer loop
      vertex   -9.772463e+01 3.814873e+02 1.892098e+02
      vertex   -9.772463e+01 3.814873e+02 1.921848e+02
      vertex   -9.762838e+01 3.813388e+02 1.892098e+02
    endloop
  endfacet
  facet normal 8.390720e-01 5.440204e-01 8.016088e-15
    outer loop
      vertex   -9.762838e+01 3.813388e+02 1.892098e+02
      vertex   -9.772463e+01 3.814873e+02 1.921848e+02
      vertex   -9.762838e+01 3.813388e+02 1.921848e+02
    endloop
  endfacet
  facet normal 7.877080e-01 6.160488e-01 7.525381e-15
    outer loop
      vertex   -9.762838e+01 3.813388e+02 1.892098e+02
      vertex   -9.762838e+01 3.813388e+02 1.921848e+02
      vertex   -9.751938e+01 3.811994e+02 1.892098e+02
    endloop
  endfacet
  facet normal 7.877080e-01 6.160488e-01 -0.000000e+00
    outer loop
      vertex   -9.751938e+01 3.811994e+02 1.892098e+02
      vertex   -9.762838e+01 3.813388e+02 1.921848e+02
      vertex   -9.751938e+01 3.811994e+02 1.921848e+02
    endloop
  endfacet
  facet normal 7.301791e-01 6.832558e-01 -0.000000e+00
    outer loop
      vertex   -9.751938e+01 3.811994e+02 1.892098e+02
      vertex   -9.751938e+01 3.811994e+02 1.921848e+02
      vertex   -9.739848e+01 3.810702e+02 1.892098e+02
    endloop
  endfacet
  facet normal 7.301791e-01 6.832558e-01 -0.000000e+00
    outer loop
      vertex   -9.739848e+01 3.810702e+02 1.892098e+02
      vertex   -9.751938e+01 3.811994e+02 1.921848e+02
      vertex   -9.739848e+01 3.810702e+02 1.921848e+02
    endloop
  endfacet
  facet normal 6.669355e-01 7.451154e-01 -0.000000e+00
    outer loop
      vertex   -9.739848e+01 3.810702e+02 1.892098e+02
      vertex   -9.739848e+01 3.810702e+02 1.921848e+02
      vertex   -9.726665e+01 3.809522e+02 1.892098e+02
    endloop
  endfacet
  facet normal 6.669355e-01 7.451154e-01 3.185790e-15
    outer loop
      vertex   -9.726665e+01 3.809522e+02 1.892098e+02
      vertex   -9.739848e+01 3.810702e+02 1.921848e+02
      vertex   -9.726665e+01 3.809522e+02 1.921848e+02
    endloop
  endfacet
  facet normal 5.984723e-01 8.011435e-01 2.858757e-15
    outer loop
      vertex   -9.726665e+01 3.809522e+02 1.892098e+02
      vertex   -9.726665e+01 3.809522e+02 1.921848e+02
      vertex   -9.712490e+01 3.808463e+02 1.892098e+02
    endloop
  endfacet
  facet normal 5.984723e-01 8.011435e-01 -2.858757e-15
    outer loop
      vertex   -9.712490e+01 3.808463e+02 1.892098e+02
      vertex   -9.726665e+01 3.809522e+02 1.921848e+02
      vertex   -9.712490e+01 3.808463e+02 1.921848e+02
    endloop
  endfacet
  facet normal 5.253252e-01 8.509015e-01 -2.509351e-15
    outer loop
      vertex   -9.712490e+01 3.808463e+02 1.892098e+02
      vertex   -9.712490e+01 3.808463e+02 1.921848e+02
      vertex   -9.697435e+01 3.807534e+02 1.892098e+02
    endloop
  endfacet
  facet normal 5.253252e-01 8.509015e-01 -5.018703e-15
    outer loop
      vertex   -9.697435e+01 3.807534e+02 1.892098e+02
      vertex   -9.712490e+01 3.808463e+02 1.921848e+02
      vertex   -9.697435e+01 3.807534e+02 1.921848e+02
    endloop
  endfacet
  facet normal 4.480668e-01 8.940001e-01 -4.280613e-15
    outer loop
      vertex   -9.697435e+01 3.807534e+02 1.892098e+02
      vertex   -9.697435e+01 3.807534e+02 1.921848e+02
      vertex   -9.681617e+01 3.806741e+02 1.892098e+02
    endloop
  endfacet
  facet normal 4.480668e-01 8.940001e-01 -0.000000e+00
    outer loop
      vertex   -9.681617e+01 3.806741e+02 1.892098e+02
      vertex   -9.697435e+01 3.807534e+02 1.921848e+02
      vertex   -9.681617e+01 3.806741e+02 1.921848e+02
    endloop
  endfacet
  facet normal 3.673016e-01 9.301019e-01 -0.000000e+00
    outer loop
      vertex   -9.681617e+01 3.806741e+02 1.892098e+02
      vertex   -9.681617e+01 3.806741e+02 1.921848e+02
      vertex   -9.665160e+01 3.806091e+02 1.892098e+02
    endloop
  endfacet
  facet normal 3.673016e-01 9.301019e-01 -0.000000e+00
    outer loop
      vertex   -9.665160e+01 3.806091e+02 1.892098e+02
      vertex   -9.681617e+01 3.806741e+02 1.921848e+02
      vertex   -9.665160e+01 3.806091e+02 1.921848e+02
    endloop
  endfacet
  facet normal 2.836618e-01 9.589244e-01 -0.000000e+00
    outer loop
      vertex   -9.665160e+01 3.806091e+02 1.892098e+02
      vertex   -9.665160e+01 3.806091e+02 1.921848e+02
      vertex   -9.648194e+01 3.805589e+02 1.892098e+02
    endloop
  endfacet
  facet normal 2.836618e-01 9.589244e-01 -0.000000e+00
    outer loop
      vertex   -9.648194e+01 3.805589e+02 1.892098e+02
      vertex   -9.665160e+01 3.806091e+02 1.921848e+02
      vertex   -9.648194e+01 3.805589e+02 1.921848e+02
    endloop
  endfacet
  facet normal 1.978019e-01 9.802420e-01 -0.000000e+00
    outer loop
      vertex   -9.648194e+01 3.805589e+02 1.892098e+02
      vertex   -9.648194e+01 3.805589e+02 1.921848e+02
      vertex   -9.630850e+01 3.805239e+02 1.892098e+02
    endloop
  endfacet
  facet normal 1.978019e-01 9.802420e-01 -0.000000e+00
    outer loop
      vertex   -9.630850e+01 3.805239e+02 1.892098e+02
      vertex   -9.648194e+01 3.805589e+02 1.921848e+02
      vertex   -9.630850e+01 3.805239e+02 1.921848e+02
    endloop
  endfacet
  facet normal 1.103940e-01 9.938879e-01 -0.000000e+00
    outer loop
      vertex   -9.630850e+01 3.805239e+02 1.892098e+02
      vertex   -9.630850e+01 3.805239e+02 1.921848e+02
      vertex   -9.613265e+01 3.805044e+02 1.892098e+02
    endloop
  endfacet
  facet normal 1.103940e-01 9.938879e-01 -0.000000e+00
    outer loop
      vertex   -9.613265e+01 3.805044e+02 1.892098e+02
      vertex   -9.630850e+01 3.805239e+02 1.921848e+02
      vertex   -9.613265e+01 3.805044e+02 1.921848e+02
    endloop
  endfacet
  facet normal 2.212209e-02 9.997553e-01 -0.000000e+00
    outer loop
      vertex   -9.613265e+01 3.805044e+02 1.892098e+02
      vertex   -9.613265e+01 3.805044e+02 1.921848e+02
      vertex   -9.595576e+01 3.805005e+02 1.892098e+02
    endloop
  endfacet
  facet normal 2.212209e-02 9.997553e-01 -0.000000e+00
    outer loop
      vertex   -9.595576e+01 3.805005e+02 1.892098e+02
      vertex   -9.613265e+01 3.805044e+02 1.921848e+02
      vertex   -9.595576e+01 3.805005e+02 1.921848e+02
    endloop
  endfacet
  facet normal -6.632296e-02 9.977982e-01 0.000000e+00
    outer loop
      vertex   -9.595576e+01 3.805005e+02 1.892098e+02
      vertex   -9.595576e+01 3.805005e+02 1.921848e+02
      vertex   -9.577921e+01 3.805122e+02 1.892098e+02
    endloop
  endfacet
  facet normal -6.632296e-02 9.977982e-01 0.000000e+00
    outer loop
      vertex   -9.577921e+01 3.805122e+02 1.892098e+02
      vertex   -9.595576e+01 3.805005e+02 1.921848e+02
      vertex   -9.577921e+01 3.805122e+02 1.921848e+02
    endloop
  endfacet
  facet normal -1.542489e-01 9.880320e-01 0.000000e+00
    outer loop
      vertex   -9.577921e+01 3.805122e+02 1.892098e+02
      vertex   -9.577921e+01 3.805122e+02 1.921848e+02
      vertex   -9.560440e+01 3.805395e+02 1.892098e+02
    endloop
  endfacet
  facet normal -1.542489e-01 9.880320e-01 0.000000e+00
    outer loop
      vertex   -9.560440e+01 3.805395e+02 1.892098e+02
      vertex   -9.577921e+01 3.805122e+02 1.921848e+02
      vertex   -9.560440e+01 3.805395e+02 1.921848e+02
    endloop
  endfacet
  facet normal -2.409677e-01 9.705331e-01 0.000000e+00
    outer loop
      vertex   -9.560440e+01 3.805395e+02 1.892098e+02
      vertex   -9.560440e+01 3.805395e+02 1.921848e+02
      vertex   -9.543268e+01 3.805822e+02 1.892098e+02
    endloop
  endfacet
  facet normal -2.409677e-01 9.705331e-01 0.000000e+00
    outer loop
      vertex   -9.543268e+01 3.805822e+02 1.892098e+02
      vertex   -9.560440e+01 3.805395e+02 1.921848e+02
      vertex   -9.543268e+01 3.805822e+02 1.921848e+02
    endloop
  endfacet
  facet normal -3.258006e-01 9.454385e-01 0.000000e+00
    outer loop
      vertex   -9.543268e+01 3.805822e+02 1.892098e+02
      vertex   -9.543268e+01 3.805822e+02 1.921848e+02
      vertex   -9.526540e+01 3.806398e+02 1.892098e+02
    endloop
  endfacet
  facet normal -3.258006e-01 9.454385e-01 0.000000e+00
    outer loop
      vertex   -9.526540e+01 3.806398e+02 1.892098e+02
      vertex   -9.543268e+01 3.805822e+02 1.921848e+02
      vertex   -9.526540e+01 3.806398e+02 1.921848e+02
    endloop
  endfacet
  facet normal -4.080836e-01 9.129446e-01 0.000000e+00
    outer loop
      vertex   -9.526540e+01 3.806398e+02 1.892098e+02
      vertex   -9.526540e+01 3.806398e+02 1.921848e+02
      vertex   -9.510387e+01 3.807120e+02 1.892098e+02
    endloop
  endfacet
  facet normal -4.080836e-01 9.129446e-01 0.000000e+00
    outer loop
      vertex   -9.510387e+01 3.807120e+02 1.892098e+02
      vertex   -9.526540e+01 3.806398e+02 1.921848e+02
      vertex   -9.510387e+01 3.807120e+02 1.921848e+02
    endloop
  endfacet
  facet normal -4.871728e-01 8.733056e-01 0.000000e+00
    outer loop
      vertex   -9.510387e+01 3.807120e+02 1.892098e+02
      vertex   -9.510387e+01 3.807120e+02 1.921848e+02
      vertex   -9.494935e+01 3.807982e+02 1.892098e+02
    endloop
  endfacet
  facet normal -4.871728e-01 8.733056e-01 4.654213e-15
    outer loop
      vertex   -9.494935e+01 3.807982e+02 1.892098e+02
      vertex   -9.510387e+01 3.807120e+02 1.921848e+02
      vertex   -9.494935e+01 3.807982e+02 1.921848e+02
    endloop
  endfacet
  facet normal -5.624493e-01 8.268318e-01 5.373368e-15
    outer loop
      vertex   -9.494935e+01 3.807982e+02 1.892098e+02
      vertex   -9.494935e+01 3.807982e+02 1.921848e+02
      vertex   -9.480306e+01 3.808977e+02 1.892098e+02
    endloop
  endfacet
  facet normal -5.624493e-01 8.268318e-01 0.000000e+00
    outer loop
      vertex   -9.480306e+01 3.808977e+02 1.892098e+02
      vertex   -9.494935e+01 3.807982e+02 1.921848e+02
      vertex   -9.480306e+01 3.808977e+02 1.921848e+02
    endloop
  endfacet
  facet normal -6.333238e-01 7.738869e-01 0.000000e+00
    outer loop
      vertex   -9.480306e+01 3.808977e+02 1.892098e+02
      vertex   -9.480306e+01 3.808977e+02 1.921848e+02
      vertex   -9.466613e+01 3.810098e+02 1.892098e+02
    endloop
  endfacet
  facet normal -6.333238e-01 7.738869e-01 3.025234e-15
    outer loop
      vertex   -9.466613e+01 3.810098e+02 1.892098e+02
      vertex   -9.480306e+01 3.808977e+02 1.921848e+02
      vertex   -9.466613e+01 3.810098e+02 1.921848e+02
    endloop
  endfacet
  facet normal -6.992417e-01 7.148853e-01 3.340108e-15
    outer loop
      vertex   -9.466613e+01 3.810098e+02 1.892098e+02
      vertex   -9.466613e+01 3.810098e+02 1.921848e+02
      vertex   -9.453964e+01 3.811335e+02 1.892098e+02
    endloop
  endfacet
  facet normal -6.992417e-01 7.148853e-01 3.340108e-15
    outer loop
      vertex   -9.453964e+01 3.811335e+02 1.892098e+02
      vertex   -9.466613e+01 3.810098e+02 1.921848e+02
      vertex   -9.453964e+01 3.811335e+02 1.921848e+02
    endloop
  endfacet
  facet normal -7.596871e-01 6.502888e-01 3.628841e-15
    outer loop
      vertex   -9.453964e+01 3.811335e+02 1.892098e+02
      vertex   -9.453964e+01 3.811335e+02 1.921848e+02
      vertex   -9.442459e+01 3.812679e+02 1.892098e+02
    endloop
  endfacet
  facet normal -7.596871e-01 6.502888e-01 3.628841e-15
    outer loop
      vertex   -9.442459e+01 3.812679e+02 1.892098e+02
      vertex   -9.453964e+01 3.811335e+02 1.921848e+02
      vertex   -9.442459e+01 3.812679e+02 1.921848e+02
    endloop
  endfacet
  facet normal -8.141869e-01 5.806029e-01 3.889174e-15
    outer loop
      vertex   -9.442459e+01 3.812679e+02 1.892098e+02
      vertex   -9.442459e+01 3.812679e+02 1.921848e+02
      vertex   -9.432186e+01 3.814120e+02 1.892098e+02
    endloop
  endfacet
  facet normal -8.141869e-01 5.806029e-01 0.000000e+00
    outer loop
      vertex   -9.432186e+01 3.814120e+02 1.892098e+02
      vertex   -9.442459e+01 3.812679e+02 1.921848e+02
      vertex   -9.432186e+01 3.814120e+02 1.921848e+02
    endloop
  endfacet
  facet normal -8.623146e-01 5.063730e-01 0.000000e+00
    outer loop
      vertex   -9.432186e+01 3.814120e+02 1.892098e+02
      vertex   -9.432186e+01 3.814120e+02 1.921848e+02
      vertex   -9.423226e+01 3.815645e+02 1.892098e+02
    endloop
  endfacet
  facet normal -8.623146e-01 5.063730e-01 0.000000e+00
    outer loop
      vertex   -9.423226e+01 3.815645e+02 1.892098e+02
      vertex   -9.432186e+01 3.814120e+02 1.921848e+02
      vertex   -9.423226e+01 3.815645e+02 1.921848e+02
    endloop
  endfacet
  facet normal -9.036935e-01 4.281800e-01 0.000000e+00
    outer loop
      vertex   -9.423226e+01 3.815645e+02 1.892098e+02
      vertex   -9.423226e+01 3.815645e+02 1.921848e+02
      vertex   -9.415650e+01 3.817244e+02 1.892098e+02
    endloop
  endfacet
  facet normal -9.036935e-01 4.281800e-01 0.000000e+00
    outer loop
      vertex   -9.415650e+01 3.817244e+02 1.892098e+02
      vertex   -9.423226e+01 3.815645e+02 1.921848e+02
      vertex   -9.415650e+01 3.817244e+02 1.921848e+02
    endloop
  endfacet
  facet normal -9.379998e-01 3.466359e-01 0.000000e+00
    outer loop
      vertex   -9.415650e+01 3.817244e+02 1.892098e+02
      vertex   -9.415650e+01 3.817244e+02 1.921848e+02
      vertex   -9.409517e+01 3.818904e+02 1.921848e+02
    endloop
  endfacet
  facet normal -9.380343e-01 3.465423e-01 5.933256e-06
    outer loop
      vertex   -9.415650e+01 3.817244e+02 1.892098e+02
      vertex   -9.409517e+01 3.818904e+02 1.921848e+02
      vertex   -9.409505e+01 3.818908e+02 1.892098e+02
    endloop
  endfacet
  facet normal -9.649649e-01 2.623790e-01 -5.919887e-06
    outer loop
      vertex   -9.409505e+01 3.818908e+02 1.892098e+02
      vertex   -9.409517e+01 3.818904e+02 1.921848e+02
      vertex   -9.404875e+01 3.820611e+02 1.921848e+02
    endloop
  endfacet
  facet normal -9.650098e-01 2.622139e-01 4.228491e-06
    outer loop
      vertex   -9.409505e+01 3.818908e+02 1.892098e+02
      vertex   -9.404875e+01 3.820611e+02 1.921848e+02
      vertex   -9.404869e+01 3.820614e+02 1.892098e+02
    endloop
  endfacet
  facet normal -9.843779e-01 1.760685e-01 -4.231219e-06
    outer loop
      vertex   -9.404869e+01 3.820614e+02 1.892098e+02
      vertex   -9.404875e+01 3.820611e+02 1.921848e+02
      vertex   -9.401760e+01 3.822353e+02 1.921848e+02
    endloop
  endfacet
  facet normal -9.843980e-01 1.759563e-01 2.538732e-06
    outer loop
      vertex   -9.404869e+01 3.820614e+02 1.892098e+02
      vertex   -9.401760e+01 3.822353e+02 1.921848e+02
      vertex   -9.401757e+01 3.822355e+02 1.892098e+02
    endloop
  endfacet
  facet normal -9.960868e-01 8.838010e-02 -2.540369e-06
    outer loop
      vertex   -9.401757e+01 3.822355e+02 1.892098e+02
      vertex   -9.401760e+01 3.822353e+02 1.921848e+02
      vertex   -9.400196e+01 3.824115e+02 1.921848e+02
    endloop
  endfacet
  facet normal 8.217265e-01 5.698821e-01 7.145609e-05
    outer loop
      vertex   -9.766539e+01 3.813925e+02 1.803330e+02
      vertex   -9.762838e+01 3.813388e+02 1.832598e+02
      vertex   -9.762079e+01 3.813282e+02 1.802848e+02
    endloop
  endfacet
  facet normal 7.877080e-01 6.160488e-01 -1.790705e-04
    outer loop
      vertex   -9.762079e+01 3.813282e+02 1.802848e+02
      vertex   -9.762838e+01 3.813388e+02 1.832598e+02
      vertex   -9.751938e+01 3.811994e+02 1.832598e+02
    endloop
  endfacet
  facet normal 7.837586e-01 6.210656e-01 1.727874e-04
    outer loop
      vertex   -9.762079e+01 3.813282e+02 1.802848e+02
      vertex   -9.751938e+01 3.811994e+02 1.832598e+02
      vertex   -9.751119e+01 3.811899e+02 1.802848e+02
    endloop
  endfacet
  facet normal 7.301791e-01 6.832558e-01 -1.732676e-04
    outer loop
      vertex   -9.751119e+01 3.811899e+02 1.802848e+02
      vertex   -9.751938e+01 3.811994e+02 1.832598e+02
      vertex   -9.739848e+01 3.810702e+02 1.832598e+02
    endloop
  endfacet
  facet normal 7.259586e-01 6.877384e-01 1.669670e-04
    outer loop
      vertex   -9.751119e+01 3.811899e+02 1.802848e+02
      vertex   -9.739848e+01 3.810702e+02 1.832598e+02
      vertex   -9.738982e+01 3.810618e+02 1.802848e+02
    endloop
  endfacet
  facet normal 6.669355e-01 7.451154e-01 -1.674298e-04
    outer loop
      vertex   -9.738982e+01 3.810618e+02 1.802848e+02
      vertex   -9.739848e+01 3.810702e+02 1.832598e+02
      vertex   -9.726665e+01 3.809522e+02 1.832598e+02
    endloop
  endfacet
  facet normal 6.625062e-01 7.490564e-01 1.611117e-04
    outer loop
      vertex   -9.738982e+01 3.810618e+02 1.802848e+02
      vertex   -9.726665e+01 3.809522e+02 1.832598e+02
      vertex   -9.725763e+01 3.809449e+02 1.802848e+02
    endloop
  endfacet
  facet normal 5.984723e-01 8.011435e-01 -1.615570e-04
    outer loop
      vertex   -9.725763e+01 3.809449e+02 1.802848e+02
      vertex   -9.726665e+01 3.809522e+02 1.832598e+02
      vertex   -9.712490e+01 3.808463e+02 1.832598e+02
    endloop
  endfacet
  facet normal 5.938955e-01 8.045422e-01 1.552214e-04
    outer loop
      vertex   -9.725763e+01 3.809449e+02 1.802848e+02
      vertex   -9.712490e+01 3.808463e+02 1.832598e+02
      vertex   -9.711564e+01 3.808401e+02 1.802848e+02
    endloop
  endfacet
  facet normal 5.253252e-01 8.509015e-01 -1.556493e-04
    outer loop
      vertex   -9.711564e+01 3.808401e+02 1.802848e+02
      vertex   -9.712490e+01 3.808463e+02 1.832598e+02
      vertex   -9.697435e+01 3.807534e+02 1.832598e+02
    endloop
  endfacet
  facet normal 5.206606e-01 8.537637e-01 1.492963e-04
    outer loop
      vertex   -9.711564e+01 3.808401e+02 1.802848e+02
      vertex   -9.697435e+01 3.807534e+02 1.832598e+02
      vertex   -9.696497e+01 3.807482e+02 1.802848e+02
    endloop
  endfacet
  facet normal 4.480668e-01 8.940001e-01 -1.497067e-04
    outer loop
      vertex   -9.696497e+01 3.807482e+02 1.802848e+02
      vertex   -9.697435e+01 3.807534e+02 1.832598e+02
      vertex   -9.681617e+01 3.806741e+02 1.832598e+02
    endloop
  endfacet
  facet normal 4.433719e-01 8.963377e-01 1.433362e-04
    outer loop
      vertex   -9.696497e+01 3.807482e+02 1.802848e+02
      vertex   -9.681617e+01 3.806741e+02 1.832598e+02
      vertex   -9.680679e+01 3.806700e+02 1.802848e+02
    endloop
  endfacet
  facet normal 3.673016e-01 9.301019e-01 -1.437291e-04
    outer loop
      vertex   -9.680679e+01 3.806700e+02 1.802848e+02
      vertex   -9.681617e+01 3.806741e+02 1.832598e+02
      vertex   -9.665160e+01 3.806091e+02 1.832598e+02
    endloop
  endfacet
  facet normal 3.626310e-01 9.319328e-01 1.373412e-04
    outer loop
      vertex   -9.680679e+01 3.806700e+02 1.802848e+02
      vertex   -9.665160e+01 3.806091e+02 1.832598e+02
      vertex   -9.664232e+01 3.806060e+02 1.802848e+02
    endloop
  endfacet
  facet normal 2.836618e-01 9.589244e-01 -1.377166e-04
    outer loop
      vertex   -9.664232e+01 3.806060e+02 1.802848e+02
      vertex   -9.665160e+01 3.806091e+02 1.832598e+02
      vertex   -9.648194e+01 3.805589e+02 1.832598e+02
    endloop
  endfacet
  facet normal 2.790666e-01 9.602717e-01 1.313112e-04
    outer loop
      vertex   -9.664232e+01 3.806060e+02 1.802848e+02
      vertex   -9.648194e+01 3.805589e+02 1.832598e+02
      vertex   -9.647286e+01 3.805567e+02 1.802848e+02
    endloop
  endfacet
  facet normal 1.978019e-01 9.802420e-01 -1.316692e-04
    outer loop
      vertex   -9.647286e+01 3.805567e+02 1.802848e+02
      vertex   -9.648194e+01 3.805589e+02 1.832598e+02
      vertex   -9.630850e+01 3.805239e+02 1.832598e+02
    endloop
  endfacet
  facet normal 1.933294e-01 9.811339e-01 1.252463e-04
    outer loop
      vertex   -9.647286e+01 3.805567e+02 1.802848e+02
      vertex   -9.630850e+01 3.805239e+02 1.832598e+02
      vertex   -9.629971e+01 3.805226e+02 1.802848e+02
    endloop
  endfacet
  facet normal 1.103940e-01 9.938879e-01 -1.255868e-04
    outer loop
      vertex   -9.629971e+01 3.805226e+02 1.802848e+02
      vertex   -9.630850e+01 3.805239e+02 1.832598e+02
      vertex   -9.613265e+01 3.805044e+02 1.832598e+02
    endloop
  endfacet
  facet normal 1.060869e-01 9.943569e-01 1.191465e-04
    outer loop
      vertex   -9.629971e+01 3.805226e+02 1.802848e+02
      vertex   -9.613265e+01 3.805044e+02 1.832598e+02
      vertex   -9.612423e+01 3.805039e+02 1.802848e+02
    endloop
  endfacet
  facet normal 2.212209e-02 9.997553e-01 -1.194696e-04
    outer loop
      vertex   -9.612423e+01 3.805039e+02 1.802848e+02
      vertex   -9.613265e+01 3.805044e+02 1.832598e+02
      vertex   -9.595576e+01 3.805005e+02 1.832598e+02
    endloop
  endfacet
  facet normal 1.801837e-02 9.998376e-01 1.130117e-04
    outer loop
      vertex   -9.612423e+01 3.805039e+02 1.802848e+02
      vertex   -9.595576e+01 3.805005e+02 1.832598e+02
      vertex   -9.594778e+01 3.805007e+02 1.802848e+02
    endloop
  endfacet
  facet normal -6.632296e-02 9.977982e-01 -1.133173e-04
    outer loop
      vertex   -9.594778e+01 3.805007e+02 1.802848e+02
      vertex   -9.595576e+01 3.805005e+02 1.832598e+02
      vertex   -9.577921e+01 3.805122e+02 1.832598e+02
    endloop
  endfacet
  facet normal -7.019042e-02 9.975336e-01 1.068421e-04
    outer loop
      vertex   -9.594778e+01 3.805007e+02 1.802848e+02
      vertex   -9.577921e+01 3.805122e+02 1.832598e+02
      vertex   -9.577174e+01 3.805131e+02 1.802848e+02
    endloop
  endfacet
  facet normal -1.542489e-01 9.880320e-01 -1.071302e-04
    outer loop
      vertex   -9.577174e+01 3.805131e+02 1.802848e+02
      vertex   -9.577921e+01 3.805122e+02 1.832598e+02
      vertex   -9.560440e+01 3.805395e+02 1.832598e+02
    endloop
  endfacet
  facet normal -1.578527e-01 9.874627e-01 1.006375e-04
    outer loop
      vertex   -9.577174e+01 3.805131e+02 1.802848e+02
      vertex   -9.560440e+01 3.805395e+02 1.832598e+02
      vertex   -9.559747e+01 3.805409e+02 1.802848e+02
    endloop
  endfacet
  facet normal -2.409677e-01 9.705331e-01 -1.009081e-04
    outer loop
      vertex   -9.559747e+01 3.805409e+02 1.802848e+02
      vertex   -9.560440e+01 3.805395e+02 1.832598e+02
      vertex   -9.543268e+01 3.805822e+02 1.832598e+02
    endloop
  endfacet
  facet normal -2.442859e-01 9.697032e-01 9.439795e-05
    outer loop
      vertex   -9.559747e+01 3.805409e+02 1.802848e+02
      vertex   -9.543268e+01 3.805822e+02 1.832598e+02
      vertex   -9.542634e+01 3.805840e+02 1.802848e+02
    endloop
  endfacet
  facet normal -3.258006e-01 9.454385e-01 -9.465115e-05
    outer loop
      vertex   -9.542634e+01 3.805840e+02 1.802848e+02
      vertex   -9.543268e+01 3.805822e+02 1.832598e+02
      vertex   -9.526540e+01 3.806398e+02 1.832598e+02
    endloop
  endfacet
  facet normal -3.288171e-01 9.443936e-01 8.812349e-05
    outer loop
      vertex   -9.542634e+01 3.805840e+02 1.802848e+02
      vertex   -9.526540e+01 3.806398e+02 1.832598e+02
      vertex   -9.525968e+01 3.806421e+02 1.802848e+02
    endloop
  endfacet
  facet normal -4.080836e-01 9.129446e-01 -8.835924e-05
    outer loop
      vertex   -9.525968e+01 3.806421e+02 1.802848e+02
      vertex   -9.526540e+01 3.806398e+02 1.832598e+02
      vertex   -9.510387e+01 3.807120e+02 1.832598e+02
    endloop
  endfacet
  facet normal -4.107881e-01 9.117308e-01 8.181411e-05
    outer loop
      vertex   -9.525968e+01 3.806421e+02 1.802848e+02
      vertex   -9.510387e+01 3.807120e+02 1.832598e+02
      vertex   -9.509878e+01 3.807146e+02 1.802848e+02
    endloop
  endfacet
  facet normal -4.871728e-01 8.733056e-01 -8.203239e-05
    outer loop
      vertex   -9.509878e+01 3.807146e+02 1.802848e+02
      vertex   -9.510387e+01 3.807120e+02 1.832598e+02
      vertex   -9.494935e+01 3.807982e+02 1.832598e+02
    endloop
  endfacet
  facet normal -4.895607e-01 8.719692e-01 7.546980e-05
    outer loop
      vertex   -9.509878e+01 3.807146e+02 1.802848e+02
      vertex   -9.494935e+01 3.807982e+02 1.832598e+02
      vertex   -9.494489e+01 3.808010e+02 1.802848e+02
    endloop
  endfacet
  facet normal -5.624493e-01 8.268318e-01 -7.567062e-05
    outer loop
      vertex   -9.494489e+01 3.808010e+02 1.802848e+02
      vertex   -9.494935e+01 3.807982e+02 1.832598e+02
      vertex   -9.480306e+01 3.808977e+02 1.832598e+02
    endloop
  endfacet
  facet normal -5.645215e-01 8.254184e-01 6.909057e-05
    outer loop
      vertex   -9.494489e+01 3.808010e+02 1.802848e+02
      vertex   -9.480306e+01 3.808977e+02 1.832598e+02
      vertex   -9.479922e+01 3.809006e+02 1.802848e+02
    endloop
  endfacet
  facet normal -6.333238e-01 7.738869e-01 -6.927392e-05
    outer loop
      vertex   -9.479922e+01 3.809006e+02 1.802848e+02
      vertex   -9.480306e+01 3.808977e+02 1.832598e+02
      vertex   -9.466613e+01 3.810098e+02 1.832598e+02
    endloop
  endfacet
  facet normal -6.350868e-01 7.724407e-01 6.267641e-05
    outer loop
      vertex   -9.479922e+01 3.809006e+02 1.802848e+02
      vertex   -9.466613e+01 3.810098e+02 1.832598e+02
      vertex   -9.466291e+01 3.810127e+02 1.802848e+02
    endloop
  endfacet
  facet normal -6.992417e-01 7.148853e-01 -6.284229e-05
    outer loop
      vertex   -9.466291e+01 3.810127e+02 1.802848e+02
      vertex   -9.466613e+01 3.810098e+02 1.832598e+02
      vertex   -9.453964e+01 3.811335e+02 1.832598e+02
    endloop
  endfacet
  facet normal -7.007074e-01 7.134488e-01 5.622732e-05
    outer loop
      vertex   -9.466291e+01 3.810127e+02 1.802848e+02
      vertex   -9.453964e+01 3.811335e+02 1.832598e+02
      vertex   -9.453700e+01 3.811363e+02 1.802848e+02
    endloop
  endfacet
  facet normal -7.596871e-01 6.502888e-01 -5.637574e-05
    outer loop
      vertex   -9.453700e+01 3.811363e+02 1.802848e+02
      vertex   -9.453964e+01 3.811335e+02 1.832598e+02
      vertex   -9.442459e+01 3.812679e+02 1.832598e+02
    endloop
  endfacet
  facet normal -7.608721e-01 6.489019e-01 4.974331e-05
    outer loop
      vertex   -9.453700e+01 3.811363e+02 1.802848e+02
      vertex   -9.442459e+01 3.812679e+02 1.832598e+02
      vertex   -9.442248e+01 3.812706e+02 1.802848e+02
    endloop
  endfacet
  facet normal -8.141869e-01 5.806029e-01 -4.987427e-05
    outer loop
      vertex   -9.442248e+01 3.812706e+02 1.802848e+02
      vertex   -9.442459e+01 3.812679e+02 1.832598e+02
      vertex   -9.432186e+01 3.814120e+02 1.832598e+02
    endloop
  endfacet
  facet normal -8.151126e-01 5.793025e-01 4.322437e-05
    outer loop
      vertex   -9.442248e+01 3.812706e+02 1.802848e+02
      vertex   -9.432186e+01 3.814120e+02 1.832598e+02
      vertex   -9.432025e+01 3.814145e+02 1.802848e+02
    endloop
  endfacet
  facet normal -8.623146e-01 5.063730e-01 -4.333787e-05
    outer loop
      vertex   -9.432025e+01 3.814145e+02 1.802848e+02
      vertex   -9.432186e+01 3.814120e+02 1.832598e+02
      vertex   -9.423226e+01 3.815645e+02 1.832598e+02
    endloop
  endfacet
  facet normal -8.630066e-01 5.051927e-01 3.667051e-05
    outer loop
      vertex   -9.432025e+01 3.814145e+02 1.802848e+02
      vertex   -9.423226e+01 3.815645e+02 1.832598e+02
      vertex   -9.423109e+01 3.815668e+02 1.802848e+02
    endloop
  endfacet
  facet normal -9.036935e-01 4.281800e-01 -3.676654e-05
    outer loop
      vertex   -9.423109e+01 3.815668e+02 1.802848e+02
      vertex   -9.423226e+01 3.815645e+02 1.832598e+02
      vertex   -9.415650e+01 3.817244e+02 1.832598e+02
    endloop
  endfacet
  facet normal -9.041811e-01 4.271494e-01 3.008172e-05
    outer loop
      vertex   -9.423109e+01 3.815668e+02 1.802848e+02
      vertex   -9.415650e+01 3.817244e+02 1.832598e+02
      vertex   -9.415571e+01 3.817263e+02 1.802848e+02
    endloop
  endfacet
  facet normal -9.381035e-01 3.463552e-01 -3.036656e-05
    outer loop
      vertex   -9.415571e+01 3.817263e+02 1.802848e+02
      vertex   -9.415650e+01 3.817244e+02 1.832598e+02
      vertex   -9.409481e+01 3.818915e+02 1.832598e+02
    endloop
  endfacet
  facet normal 8.390718e-01 5.440203e-01 -6.226719e-04
    outer loop
      vertex   -9.762838e+01 3.813388e+02 1.832598e+02
      vertex   -9.766539e+01 3.813925e+02 1.803330e+02
      vertex   -9.772463e+01 3.814873e+02 1.832598e+02
    endloop
  endfacet
  facet normal 8.432618e-01 5.375030e-01 -3.269232e-04
    outer loop
      vertex   -9.772463e+01 3.814873e+02 1.832598e+02
      vertex   -9.766539e+01 3.813925e+02 1.803330e+02
      vertex   -9.770743e+01 3.814585e+02 1.803784e+02
    endloop
  endfacet
  facet normal 8.637715e-01 5.038837e-01 1.308805e-04
    outer loop
      vertex   -9.772463e+01 3.814873e+02 1.832598e+02
      vertex   -9.770743e+01 3.814585e+02 1.803784e+02
      vertex   -9.774686e+01 3.815261e+02 1.804210e+02
    endloop
  endfacet
  facet normal 8.826707e-01 4.699917e-01 -4.807807e-04
    outer loop
      vertex   -9.774686e+01 3.815261e+02 1.804210e+02
      vertex   -9.778361e+01 3.815952e+02 1.804607e+02
      vertex   -9.772463e+01 3.814873e+02 1.832598e+02
    endloop
  endfacet
  facet normal 8.838690e-01 4.677342e-01 -5.930647e-04
    outer loop
      vertex   -9.772463e+01 3.814873e+02 1.832598e+02
      vertex   -9.778361e+01 3.815952e+02 1.804607e+02
      vertex   -9.780739e+01 3.816436e+02 1.832598e+02
    endloop
  endfacet
  facet normal 8.838691e-01 4.677343e-01 0.000000e+00
    outer loop
      vertex   -9.772463e+01 3.814873e+02 1.832598e+02
      vertex   -9.780739e+01 3.816436e+02 1.832598e+02
      vertex   -9.780739e+01 3.816436e+02 1.862348e+02
    endloop
  endfacet
  facet normal 9.217488e-01 3.877875e-01 0.000000e+00
    outer loop
      vertex   -9.780739e+01 3.816436e+02 1.862348e+02
      vertex   -9.780739e+01 3.816436e+02 1.832598e+02
      vertex   -9.787600e+01 3.818067e+02 1.862348e+02
    endloop
  endfacet
  facet normal 9.217488e-01 3.877875e-01 0.000000e+00
    outer loop
      vertex   -9.780739e+01 3.816436e+02 1.862348e+02
      vertex   -9.787600e+01 3.818067e+02 1.862348e+02
      vertex   -9.787600e+01 3.818067e+02 1.892098e+02
    endloop
  endfacet
  facet normal 9.524145e-01 3.048058e-01 0.000000e+00
    outer loop
      vertex   -9.787600e+01 3.818067e+02 1.892098e+02
      vertex   -9.787600e+01 3.818067e+02 1.862348e+02
      vertex   -9.792993e+01 3.819752e+02 1.892098e+02
    endloop
  endfacet
  facet normal 9.005085e-01 4.348385e-01 1.180174e-04
    outer loop
      vertex   -9.778361e+01 3.815952e+02 1.804607e+02
      vertex   -9.781764e+01 3.816656e+02 1.804975e+02
      vertex   -9.780739e+01 3.816436e+02 1.832598e+02
    endloop
  endfacet
  facet normal 9.167664e-01 3.994237e-01 -2.240796e-04
    outer loop
      vertex   -9.780739e+01 3.816436e+02 1.832598e+02
      vertex   -9.781764e+01 3.816656e+02 1.804975e+02
      vertex   -9.784888e+01 3.817374e+02 1.805313e+02
    endloop
  endfacet
  facet normal 9.217486e-01 3.877874e-01 -6.994916e-04
    outer loop
      vertex   -9.780739e+01 3.816436e+02 1.832598e+02
      vertex   -9.784888e+01 3.817374e+02 1.805313e+02
      vertex   -9.787600e+01 3.818067e+02 1.832598e+02
    endloop
  endfacet
  facet normal 9.317264e-01 3.631610e-01 2.587728e-05
    outer loop
      vertex   -9.787600e+01 3.818067e+02 1.832598e+02
      vertex   -9.784888e+01 3.817374e+02 1.805313e+02
      vertex   -9.787730e+01 3.818103e+02 1.805620e+02
    endloop
  endfacet
  facet normal 9.452112e-01 3.264595e-01 -2.848428e-05
    outer loop
      vertex   -9.787600e+01 3.818067e+02 1.832598e+02
      vertex   -9.787730e+01 3.818103e+02 1.805620e+02
      vertex   -9.790284e+01 3.818842e+02 1.805896e+02
    endloop
  endfacet
  facet normal 9.524143e-01 3.048057e-01 -7.291664e-04
    outer loop
      vertex   -9.787600e+01 3.818067e+02 1.832598e+02
      vertex   -9.790284e+01 3.818842e+02 1.805896e+02
      vertex   -9.792993e+01 3.819752e+02 1.832598e+02
    endloop
  endfacet
  facet normal 9.572460e-01 2.892751e-01 -1.506228e-04
    outer loop
      vertex   -9.792993e+01 3.819752e+02 1.832598e+02
      vertex   -9.790284e+01 3.818842e+02 1.805896e+02
      vertex   -9.792547e+01 3.819591e+02 1.806141e+02
    endloop
  endfacet
  facet normal 9.678464e-01 2.515418e-01 9.749041e-05
    outer loop
      vertex   -9.792993e+01 3.819752e+02 1.832598e+02
      vertex   -9.792547e+01 3.819591e+02 1.806141e+02
      vertex   -9.794515e+01 3.820348e+02 1.806353e+02
    endloop
  endfacet
  facet normal 9.756261e-01 2.194385e-01 -6.764634e-04
    outer loop
      vertex   -9.792993e+01 3.819752e+02 1.832598e+02
      vertex   -9.794515e+01 3.820348e+02 1.806353e+02
      vertex   -9.796876e+01 3.821479e+02 1.832598e+02
    endloop
  endfacet
  facet normal 9.769183e-01 2.136131e-01 -4.139315e-04
    outer loop
      vertex   -9.796876e+01 3.821479e+02 1.832598e+02
      vertex   -9.794515e+01 3.820348e+02 1.806353e+02
      vertex   -9.796186e+01 3.821113e+02 1.806534e+02
    endloop
  endfacet
  facet normal 9.845474e-01 1.751180e-01 1.468697e-04
    outer loop
      vertex   -9.796876e+01 3.821479e+02 1.832598e+02
      vertex   -9.796186e+01 3.821113e+02 1.806534e+02
      vertex   -9.797556e+01 3.821883e+02 1.806682e+02
    endloop
  endfacet
  facet normal 9.906301e-01 1.365717e-01 -4.704352e-04
    outer loop
      vertex   -9.797556e+01 3.821883e+02 1.806682e+02
      vertex   -9.798624e+01 3.822658e+02 1.806797e+02
      vertex   -9.796876e+01 3.821479e+02 1.832598e+02
    endloop
  endfacet
  facet normal 9.912023e-01 1.323538e-01 -6.671209e-04
    outer loop
      vertex   -9.796876e+01 3.821479e+02 1.832598e+02
      vertex   -9.798624e+01 3.822658e+02 1.806797e+02
      vertex   -9.799218e+01 3.823232e+02 1.832598e+02
    endloop
  endfacet
  facet normal 9.912025e-01 1.323539e-01 0.000000e+00
    outer loop
      vertex   -9.796876e+01 3.821479e+02 1.832598e+02
      vertex   -9.799218e+01 3.823232e+02 1.832598e+02
      vertex   -9.799218e+01 3.823232e+02 1.862348e+02
    endloop
  endfacet
  facet normal 9.990212e-01 4.423335e-02 0.000000e+00
    outer loop
      vertex   -9.799218e+01 3.823232e+02 1.862348e+02
      vertex   -9.799218e+01 3.823232e+02 1.832598e+02
      vertex   -9.800000e+01 3.825000e+02 1.862348e+02
    endloop
  endfacet
  facet normal 9.990212e-01 4.423335e-02 0.000000e+00
    outer loop
      vertex   -9.799218e+01 3.823232e+02 1.862348e+02
      vertex   -9.800000e+01 3.825000e+02 1.862348e+02
      vertex   -9.800000e+01 3.825000e+02 1.892098e+02
    endloop
  endfacet
  facet normal 9.990212e-01 -4.423335e-02 0.000000e+00
    outer loop
      vertex   -9.800000e+01 3.825000e+02 1.892098e+02
      vertex   -9.800000e+01 3.825000e+02 1.862348e+02
      vertex   -9.799218e+01 3.826768e+02 1.892098e+02
    endloop
  endfacet
  facet normal 9.952218e-01 9.763953e-02 1.149722e-04
    outer loop
      vertex   -9.798624e+01 3.822658e+02 1.806797e+02
      vertex   -9.799388e+01 3.823437e+02 1.806880e+02
      vertex   -9.799218e+01 3.823232e+02 1.832598e+02
    endloop
  endfacet
  facet normal 9.982778e-01 5.866325e-02 -1.966516e-04
    outer loop
      vertex   -9.799218e+01 3.823232e+02 1.832598e+02
      vertex   -9.799388e+01 3.823437e+02 1.806880e+02
      vertex   -9.799847e+01 3.824218e+02 1.806930e+02
    endloop
  endfacet
  facet normal 9.990209e-01 4.423333e-02 -7.524107e-04
    outer loop
      vertex   -9.799218e+01 3.823232e+02 1.832598e+02
      vertex   -9.799847e+01 3.824218e+02 1.806930e+02
      vertex   -9.800000e+01 3.825000e+02 1.832598e+02
    endloop
  endfacet
  facet normal 9.998087e-01 1.956025e-02 -3.467636e-15
    outer loop
      vertex   -9.800000e+01 3.825000e+02 1.832598e+02
      vertex   -9.799847e+01 3.824218e+02 1.806930e+02
      vertex   -9.800000e+01 3.825000e+02 1.806946e+02
    endloop
  endfacet
  facet normal 9.998087e-01 -1.956025e-02 3.467636e-15
    outer loop
      vertex   -9.800000e+01 3.825000e+02 1.832598e+02
      vertex   -9.800000e+01 3.825000e+02 1.806946e+02
      vertex   -9.799847e+01 3.825782e+02 1.806930e+02
    endloop
  endfacet
  facet normal 9.990209e-01 -4.423333e-02 -7.524107e-04
    outer loop
      vertex   -9.800000e+01 3.825000e+02 1.832598e+02
      vertex   -9.799847e+01 3.825782e+02 1.806930e+02
      vertex   -9.799218e+01 3.826768e+02 1.832598e+02
    endloop
  endfacet
  facet normal 9.982778e-01 -5.866325e-02 -1.966516e-04
    outer loop
      vertex   -9.799218e+01 3.826768e+02 1.832598e+02
      vertex   -9.799847e+01 3.825782e+02 1.806930e+02
      vertex   -9.799388e+01 3.826563e+02 1.806880e+02
    endloop
  endfacet
  facet normal 9.952218e-01 -9.763953e-02 1.149722e-04
    outer loop
      vertex   -9.799218e+01 3.826768e+02 1.832598e+02
      vertex   -9.799388e+01 3.826563e+02 1.806880e+02
      vertex   -9.798624e+01 3.827342e+02 1.806797e+02
    endloop
  endfacet
  facet normal 9.912023e-01 -1.323538e-01 -6.671209e-04
    outer loop
      vertex   -9.799218e+01 3.826768e+02 1.832598e+02
      vertex   -9.798624e+01 3.827342e+02 1.806797e+02
      vertex   -9.796876e+01 3.828521e+02 1.832598e+02
    endloop
  endfacet
  facet normal 9.906301e-01 -1.365717e-01 -4.704352e-04
    outer loop
      vertex   -9.796876e+01 3.828521e+02 1.832598e+02
      vertex   -9.798624e+01 3.827342e+02 1.806797e+02
      vertex   -9.797556e+01 3.828117e+02 1.806682e+02
    endloop
  endfacet
  facet normal 9.845474e-01 -1.751180e-01 1.468697e-04
    outer loop
      vertex   -9.796876e+01 3.828521e+02 1.832598e+02
      vertex   -9.797556e+01 3.828117e+02 1.806682e+02
      vertex   -9.796186e+01 3.828887e+02 1.806534e+02
    endloop
  endfacet
  facet normal 9.769183e-01 -2.136131e-01 -4.139315e-04
    outer loop
      vertex   -9.796186e+01 3.828887e+02 1.806534e+02
      vertex   -9.794515e+01 3.829652e+02 1.806353e+02
      vertex   -9.796876e+01 3.828521e+02 1.832598e+02
    endloop
  endfacet
  facet normal 9.756261e-01 -2.194385e-01 -6.764634e-04
    outer loop
      vertex   -9.796876e+01 3.828521e+02 1.832598e+02
      vertex   -9.794515e+01 3.829652e+02 1.806353e+02
      vertex   -9.792993e+01 3.830248e+02 1.832598e+02
    endloop
  endfacet
  facet normal 9.756263e-01 -2.194385e-01 0.000000e+00
    outer loop
      vertex   -9.796876e+01 3.828521e+02 1.832598e+02
      vertex   -9.792993e+01 3.830248e+02 1.832598e+02
      vertex   -9.792993e+01 3.830248e+02 1.862348e+02
    endloop
  endfacet
  facet normal 9.524145e-01 -3.048058e-01 0.000000e+00
    outer loop
      vertex   -9.792993e+01 3.830248e+02 1.862348e+02
      vertex   -9.792993e+01 3.830248e+02 1.832598e+02
      vertex   -9.787600e+01 3.831933e+02 1.862348e+02
    endloop
  endfacet
  facet normal 9.524145e-01 -3.048058e-01 0.000000e+00
    outer loop
      vertex   -9.792993e+01 3.830248e+02 1.862348e+02
      vertex   -9.787600e+01 3.831933e+02 1.862348e+02
      vertex   -9.787600e+01 3.831933e+02 1.892098e+02
    endloop
  endfacet
  facet normal 9.217488e-01 -3.877875e-01 0.000000e+00
    outer loop
      vertex   -9.787600e+01 3.831933e+02 1.892098e+02
      vertex   -9.787600e+01 3.831933e+02 1.862348e+02
      vertex   -9.780739e+01 3.833564e+02 1.892098e+02
    endloop
  endfacet
  facet normal 9.678464e-01 -2.515418e-01 9.749041e-05
    outer loop
      vertex   -9.794515e+01 3.829652e+02 1.806353e+02
      vertex   -9.792547e+01 3.830409e+02 1.806141e+02
      vertex   -9.792993e+01 3.830248e+02 1.832598e+02
    endloop
  endfacet
  facet normal 9.572460e-01 -2.892751e-01 -1.506228e-04
    outer loop
      vertex   -9.792993e+01 3.830248e+02 1.832598e+02
      vertex   -9.792547e+01 3.830409e+02 1.806141e+02
      vertex   -9.790284e+01 3.831158e+02 1.805896e+02
    endloop
  endfacet
  facet normal 9.524143e-01 -3.048057e-01 -7.291664e-04
    outer loop
      vertex   -9.792993e+01 3.830248e+02 1.832598e+02
      vertex   -9.790284e+01 3.831158e+02 1.805896e+02
      vertex   -9.787600e+01 3.831933e+02 1.832598e+02
    endloop
  endfacet
  facet normal 9.452112e-01 -3.264595e-01 -2.848428e-05
    outer loop
      vertex   -9.787600e+01 3.831933e+02 1.832598e+02
      vertex   -9.790284e+01 3.831158e+02 1.805896e+02
      vertex   -9.787730e+01 3.831898e+02 1.805620e+02
    endloop
  endfacet
  facet normal 9.317264e-01 -3.631610e-01 2.587728e-05
    outer loop
      vertex   -9.787600e+01 3.831933e+02 1.832598e+02
      vertex   -9.787730e+01 3.831898e+02 1.805620e+02
      vertex   -9.784888e+01 3.832627e+02 1.805313e+02
    endloop
  endfacet
  facet normal 9.217486e-01 -3.877874e-01 -6.994916e-04
    outer loop
      vertex   -9.787600e+01 3.831933e+02 1.832598e+02
      vertex   -9.784888e+01 3.832627e+02 1.805313e+02
      vertex   -9.780739e+01 3.833564e+02 1.832598e+02
    endloop
  endfacet
  facet normal 9.167664e-01 -3.994237e-01 -2.240796e-04
    outer loop
      vertex   -9.780739e+01 3.833564e+02 1.832598e+02
      vertex   -9.784888e+01 3.832627e+02 1.805313e+02
      vertex   -9.781764e+01 3.833344e+02 1.804975e+02
    endloop
  endfacet
  facet normal 9.005085e-01 -4.348385e-01 1.180174e-04
    outer loop
      vertex   -9.780739e+01 3.833564e+02 1.832598e+02
      vertex   -9.781764e+01 3.833344e+02 1.804975e+02
      vertex   -9.778361e+01 3.834048e+02 1.804607e+02
    endloop
  endfacet
  facet normal 8.838690e-01 -4.677342e-01 -5.930647e-04
    outer loop
      vertex   -9.780739e+01 3.833564e+02 1.832598e+02
      vertex   -9.778361e+01 3.834048e+02 1.804607e+02
      vertex   -9.772463e+01 3.835128e+02 1.832598e+02
    endloop
  endfacet
  facet normal 8.826707e-01 -4.699917e-01 -4.807807e-04
    outer loop
      vertex   -9.772463e+01 3.835128e+02 1.832598e+02
      vertex   -9.778361e+01 3.834048e+02 1.804607e+02
      vertex   -9.774686e+01 3.834739e+02 1.804210e+02
    endloop
  endfacet
  facet normal 8.637715e-01 -5.038837e-01 1.308805e-04
    outer loop
      vertex   -9.772463e+01 3.835128e+02 1.832598e+02
      vertex   -9.774686e+01 3.834739e+02 1.804210e+02
      vertex   -9.770743e+01 3.835415e+02 1.803784e+02
    endloop
  endfacet
  facet normal 8.432618e-01 -5.375030e-01 -3.269232e-04
    outer loop
      vertex   -9.770743e+01 3.835415e+02 1.803784e+02
      vertex   -9.766539e+01 3.836075e+02 1.803330e+02
      vertex   -9.772463e+01 3.835128e+02 1.832598e+02
    endloop
  endfacet
  facet normal 8.390718e-01 -5.440203e-01 -6.226719e-04
    outer loop
      vertex   -9.772463e+01 3.835128e+02 1.832598e+02
      vertex   -9.766539e+01 3.836075e+02 1.803330e+02
      vertex   -9.762838e+01 3.836612e+02 1.832598e+02
    endloop
  endfacet
  facet normal 8.390720e-01 -5.440204e-01 0.000000e+00
    outer loop
      vertex   -9.772463e+01 3.835128e+02 1.832598e+02
      vertex   -9.762838e+01 3.836612e+02 1.832598e+02
      vertex   -9.762838e+01 3.836612e+02 1.862348e+02
    endloop
  endfacet
  facet normal 7.877080e-01 -6.160488e-01 0.000000e+00
    outer loop
      vertex   -9.762838e+01 3.836612e+02 1.862348e+02
      vertex   -9.762838e+01 3.836612e+02 1.832598e+02
      vertex   -9.751938e+01 3.838006e+02 1.862348e+02
    endloop
  endfacet
  facet normal 7.877080e-01 -6.160488e-01 0.000000e+00
    outer loop
      vertex   -9.762838e+01 3.836612e+02 1.862348e+02
      vertex   -9.751938e+01 3.838006e+02 1.862348e+02
      vertex   -9.751938e+01 3.838006e+02 1.892098e+02
    endloop
  endfacet
  facet normal 7.301791e-01 -6.832558e-01 0.000000e+00
    outer loop
      vertex   -9.751938e+01 3.838006e+02 1.892098e+02
      vertex   -9.751938e+01 3.838006e+02 1.862348e+02
      vertex   -9.739848e+01 3.839298e+02 1.892098e+02
    endloop
  endfacet
  facet normal 8.217265e-01 -5.698821e-01 7.145609e-05
    outer loop
      vertex   -9.766539e+01 3.836075e+02 1.803330e+02
      vertex   -9.762079e+01 3.836718e+02 1.802848e+02
      vertex   -9.762838e+01 3.836612e+02 1.832598e+02
    endloop
  endfacet
  facet normal 7.877080e-01 -6.160488e-01 -1.790705e-04
    outer loop
      vertex   -9.762838e+01 3.836612e+02 1.832598e+02
      vertex   -9.762079e+01 3.836718e+02 1.802848e+02
      vertex   -9.751938e+01 3.838006e+02 1.832598e+02
    endloop
  endfacet
  facet normal 7.877080e-01 -6.160488e-01 0.000000e+00
    outer loop
      vertex   -9.762838e+01 3.836612e+02 1.832598e+02
      vertex   -9.751938e+01 3.838006e+02 1.832598e+02
      vertex   -9.751938e+01 3.838006e+02 1.862348e+02
    endloop
  endfacet
  facet normal 7.301791e-01 -6.832558e-01 0.000000e+00
    outer loop
      vertex   -9.751938e+01 3.838006e+02 1.862348e+02
      vertex   -9.751938e+01 3.838006e+02 1.832598e+02
      vertex   -9.739848e+01 3.839298e+02 1.862348e+02
    endloop
  endfacet
  facet normal 7.301791e-01 -6.832558e-01 0.000000e+00
    outer loop
      vertex   -9.751938e+01 3.838006e+02 1.862348e+02
      vertex   -9.739848e+01 3.839298e+02 1.862348e+02
      vertex   -9.739848e+01 3.839298e+02 1.892098e+02
    endloop
  endfacet
  facet normal 6.669355e-01 -7.451154e-01 0.000000e+00
    outer loop
      vertex   -9.739848e+01 3.839298e+02 1.892098e+02
      vertex   -9.739848e+01 3.839298e+02 1.862348e+02
      vertex   -9.726665e+01 3.840478e+02 1.892098e+02
    endloop
  endfacet
  facet normal 7.837586e-01 -6.210656e-01 1.727874e-04
    outer loop
      vertex   -9.762079e+01 3.836718e+02 1.802848e+02
      vertex   -9.751119e+01 3.838101e+02 1.802848e+02
      vertex   -9.751938e+01 3.838006e+02 1.832598e+02
    endloop
  endfacet
  facet normal 7.301791e-01 -6.832558e-01 -1.732676e-04
    outer loop
      vertex   -9.751938e+01 3.838006e+02 1.832598e+02
      vertex   -9.751119e+01 3.838101e+02 1.802848e+02
      vertex   -9.739848e+01 3.839298e+02 1.832598e+02
    endloop
  endfacet
  facet normal 7.301791e-01 -6.832558e-01 0.000000e+00
    outer loop
      vertex   -9.751938e+01 3.838006e+02 1.832598e+02
      vertex   -9.739848e+01 3.839298e+02 1.832598e+02
      vertex   -9.739848e+01 3.839298e+02 1.862348e+02
    endloop
  endfacet
  facet normal 6.669355e-01 -7.451154e-01 0.000000e+00
    outer loop
      vertex   -9.739848e+01 3.839298e+02 1.862348e+02
      vertex   -9.739848e+01 3.839298e+02 1.832598e+02
      vertex   -9.726665e+01 3.840478e+02 1.862348e+02
    endloop
  endfacet
  facet normal 6.669355e-01 -7.451154e-01 0.000000e+00
    outer loop
      vertex   -9.739848e+01 3.839298e+02 1.862348e+02
      vertex   -9.726665e+01 3.840478e+02 1.862348e+02
      vertex   -9.726665e+01 3.840478e+02 1.892098e+02
    endloop
  endfacet
  facet normal 5.984723e-01 -8.011435e-01 0.000000e+00
    outer loop
      vertex   -9.726665e+01 3.840478e+02 1.892098e+02
      vertex   -9.726665e+01 3.840478e+02 1.862348e+02
      vertex   -9.712490e+01 3.841537e+02 1.892098e+02
    endloop
  endfacet
  facet normal 7.259586e-01 -6.877384e-01 1.669670e-04
    outer loop
      vertex   -9.751119e+01 3.838101e+02 1.802848e+02
      vertex   -9.738982e+01 3.839382e+02 1.802848e+02
      vertex   -9.739848e+01 3.839298e+02 1.832598e+02
    endloop
  endfacet
  facet normal 6.669355e-01 -7.451154e-01 -1.674298e-04
    outer loop
      vertex   -9.739848e+01 3.839298e+02 1.832598e+02
      vertex   -9.738982e+01 3.839382e+02 1.802848e+02
      vertex   -9.726665e+01 3.840478e+02 1.832598e+02
    endloop
  endfacet
  facet normal 6.669355e-01 -7.451154e-01 -3.183542e-15
    outer loop
      vertex   -9.739848e+01 3.839298e+02 1.832598e+02
      vertex   -9.726665e+01 3.840478e+02 1.832598e+02
      vertex   -9.726665e+01 3.840478e+02 1.862348e+02
    endloop
  endfacet
  facet normal 5.984723e-01 -8.011435e-01 -2.858757e-15
    outer loop
      vertex   -9.726665e+01 3.840478e+02 1.862348e+02
      vertex   -9.726665e+01 3.840478e+02 1.832598e+02
      vertex   -9.712490e+01 3.841537e+02 1.862348e+02
    endloop
  endfacet
  facet normal 5.984723e-01 -8.011435e-01 0.000000e+00
    outer loop
      vertex   -9.726665e+01 3.840478e+02 1.862348e+02
      vertex   -9.712490e+01 3.841537e+02 1.862348e+02
      vertex   -9.712490e+01 3.841537e+02 1.892098e+02
    endloop
  endfacet
  facet normal 5.253252e-01 -8.509015e-01 0.000000e+00
    outer loop
      vertex   -9.712490e+01 3.841537e+02 1.892098e+02
      vertex   -9.712490e+01 3.841537e+02 1.862348e+02
      vertex   -9.697435e+01 3.842466e+02 1.892098e+02
    endloop
  endfacet
  facet normal 6.625062e-01 -7.490564e-01 1.611117e-04
    outer loop
      vertex   -9.738982e+01 3.839382e+02 1.802848e+02
      vertex   -9.725763e+01 3.840551e+02 1.802848e+02
      vertex   -9.726665e+01 3.840478e+02 1.832598e+02
    endloop
  endfacet
  facet normal 5.984723e-01 -8.011435e-01 -1.615570e-04
    outer loop
      vertex   -9.726665e+01 3.840478e+02 1.832598e+02
      vertex   -9.725763e+01 3.840551e+02 1.802848e+02
      vertex   -9.712490e+01 3.841537e+02 1.832598e+02
    endloop
  endfacet
  facet normal 5.984723e-01 -8.011435e-01 2.860574e-15
    outer loop
      vertex   -9.726665e+01 3.840478e+02 1.832598e+02
      vertex   -9.712490e+01 3.841537e+02 1.832598e+02
      vertex   -9.712490e+01 3.841537e+02 1.862348e+02
    endloop
  endfacet
  facet normal 5.253252e-01 -8.509015e-01 2.509351e-15
    outer loop
      vertex   -9.712490e+01 3.841537e+02 1.862348e+02
      vertex   -9.712490e+01 3.841537e+02 1.832598e+02
      vertex   -9.697435e+01 3.842466e+02 1.862348e+02
    endloop
  endfacet
  facet normal 5.253252e-01 -8.509015e-01 0.000000e+00
    outer loop
      vertex   -9.712490e+01 3.841537e+02 1.862348e+02
      vertex   -9.697435e+01 3.842466e+02 1.862348e+02
      vertex   -9.697435e+01 3.842466e+02 1.892098e+02
    endloop
  endfacet
  facet normal 4.480668e-01 -8.940001e-01 0.000000e+00
    outer loop
      vertex   -9.697435e+01 3.842466e+02 1.892098e+02
      vertex   -9.697435e+01 3.842466e+02 1.862348e+02
      vertex   -9.681617e+01 3.843259e+02 1.892098e+02
    endloop
  endfacet
  facet normal 5.938955e-01 -8.045422e-01 1.552214e-04
    outer loop
      vertex   -9.725763e+01 3.840551e+02 1.802848e+02
      vertex   -9.711564e+01 3.841599e+02 1.802848e+02
      vertex   -9.712490e+01 3.841537e+02 1.832598e+02
    endloop
  endfacet
  facet normal 5.253252e-01 -8.509015e-01 -1.556493e-04
    outer loop
      vertex   -9.712490e+01 3.841537e+02 1.832598e+02
      vertex   -9.711564e+01 3.841599e+02 1.802848e+02
      vertex   -9.697435e+01 3.842466e+02 1.832598e+02
    endloop
  endfacet
  facet normal 5.253252e-01 -8.509015e-01 0.000000e+00
    outer loop
      vertex   -9.712490e+01 3.841537e+02 1.832598e+02
      vertex   -9.697435e+01 3.842466e+02 1.832598e+02
      vertex   -9.697435e+01 3.842466e+02 1.862348e+02
    endloop
  endfacet
  facet normal 4.480668e-01 -8.940001e-01 0.000000e+00
    outer loop
      vertex   -9.697435e+01 3.842466e+02 1.862348e+02
      vertex   -9.697435e+01 3.842466e+02 1.832598e+02
      vertex   -9.681617e+01 3.843259e+02 1.862348e+02
    endloop
  endfacet
  facet normal 4.480668e-01 -8.940001e-01 0.000000e+00
    outer loop
      vertex   -9.697435e+01 3.842466e+02 1.862348e+02
      vertex   -9.681617e+01 3.843259e+02 1.862348e+02
      vertex   -9.681617e+01 3.843259e+02 1.892098e+02
    endloop
  endfacet
  facet normal 3.673016e-01 -9.301019e-01 0.000000e+00
    outer loop
      vertex   -9.681617e+01 3.843259e+02 1.892098e+02
      vertex   -9.681617e+01 3.843259e+02 1.862348e+02
      vertex   -9.665160e+01 3.843909e+02 1.892098e+02
    endloop
  endfacet
  facet normal 5.206606e-01 -8.537637e-01 1.492963e-04
    outer loop
      vertex   -9.711564e+01 3.841599e+02 1.802848e+02
      vertex   -9.696497e+01 3.842518e+02 1.802848e+02
      vertex   -9.697435e+01 3.842466e+02 1.832598e+02
    endloop
  endfacet
  facet normal 4.480668e-01 -8.940001e-01 -1.497067e-04
    outer loop
      vertex   -9.697435e+01 3.842466e+02 1.832598e+02
      vertex   -9.696497e+01 3.842518e+02 1.802848e+02
      vertex   -9.681617e+01 3.843259e+02 1.832598e+02
    endloop
  endfacet
  facet normal 4.480668e-01 -8.940001e-01 0.000000e+00
    outer loop
      vertex   -9.697435e+01 3.842466e+02 1.832598e+02
      vertex   -9.681617e+01 3.843259e+02 1.832598e+02
      vertex   -9.681617e+01 3.843259e+02 1.862348e+02
    endloop
  endfacet
  facet normal 3.673016e-01 -9.301019e-01 0.000000e+00
    outer loop
      vertex   -9.681617e+01 3.843259e+02 1.862348e+02
      vertex   -9.681617e+01 3.843259e+02 1.832598e+02
      vertex   -9.665160e+01 3.843909e+02 1.862348e+02
    endloop
  endfacet
  facet normal 3.673016e-01 -9.301019e-01 0.000000e+00
    outer loop
      vertex   -9.681617e+01 3.843259e+02 1.862348e+02
      vertex   -9.665160e+01 3.843909e+02 1.862348e+02
      vertex   -9.665160e+01 3.843909e+02 1.892098e+02
    endloop
  endfacet
  facet normal 2.836618e-01 -9.589244e-01 0.000000e+00
    outer loop
      vertex   -9.665160e+01 3.843909e+02 1.892098e+02
      vertex   -9.665160e+01 3.843909e+02 1.862348e+02
      vertex   -9.648194e+01 3.844411e+02 1.892098e+02
    endloop
  endfacet
  facet normal 4.433719e-01 -8.963377e-01 1.433362e-04
    outer loop
      vertex   -9.696497e+01 3.842518e+02 1.802848e+02
      vertex   -9.680679e+01 3.843301e+02 1.802848e+02
      vertex   -9.681617e+01 3.843259e+02 1.832598e+02
    endloop
  endfacet
  facet normal 3.673016e-01 -9.301019e-01 -1.437291e-04
    outer loop
      vertex   -9.681617e+01 3.843259e+02 1.832598e+02
      vertex   -9.680679e+01 3.843301e+02 1.802848e+02
      vertex   -9.665160e+01 3.843909e+02 1.832598e+02
    endloop
  endfacet
  facet normal 3.673016e-01 -9.301019e-01 0.000000e+00
    outer loop
      vertex   -9.681617e+01 3.843259e+02 1.832598e+02
      vertex   -9.665160e+01 3.843909e+02 1.832598e+02
      vertex   -9.665160e+01 3.843909e+02 1.862348e+02
    endloop
  endfacet
  facet normal 2.836618e-01 -9.589244e-01 0.000000e+00
    outer loop
      vertex   -9.665160e+01 3.843909e+02 1.862348e+02
      vertex   -9.665160e+01 3.843909e+02 1.832598e+02
      vertex   -9.648194e+01 3.844411e+02 1.862348e+02
    endloop
  endfacet
  facet normal 2.836618e-01 -9.589244e-01 0.000000e+00
    outer loop
      vertex   -9.665160e+01 3.843909e+02 1.862348e+02
      vertex   -9.648194e+01 3.844411e+02 1.862348e+02
      vertex   -9.648194e+01 3.844411e+02 1.892098e+02
    endloop
  endfacet
  facet normal 1.978019e-01 -9.802420e-01 0.000000e+00
    outer loop
      vertex   -9.648194e+01 3.844411e+02 1.892098e+02
      vertex   -9.648194e+01 3.844411e+02 1.862348e+02
      vertex   -9.630850e+01 3.844761e+02 1.892098e+02
    endloop
  endfacet
  facet normal 3.626310e-01 -9.319328e-01 1.373412e-04
    outer loop
      vertex   -9.680679e+01 3.843301e+02 1.802848e+02
      vertex   -9.664232e+01 3.843941e+02 1.802848e+02
      vertex   -9.665160e+01 3.843909e+02 1.832598e+02
    endloop
  endfacet
  facet normal 2.836618e-01 -9.589244e-01 -1.377166e-04
    outer loop
      vertex   -9.665160e+01 3.843909e+02 1.832598e+02
      vertex   -9.664232e+01 3.843941e+02 1.802848e+02
      vertex   -9.648194e+01 3.844411e+02 1.832598e+02
    endloop
  endfacet
  facet normal 2.836618e-01 -9.589244e-01 0.000000e+00
    outer loop
      vertex   -9.665160e+01 3.843909e+02 1.832598e+02
      vertex   -9.648194e+01 3.844411e+02 1.832598e+02
      vertex   -9.648194e+01 3.844411e+02 1.862348e+02
    endloop
  endfacet
  facet normal 1.978019e-01 -9.802420e-01 0.000000e+00
    outer loop
      vertex   -9.648194e+01 3.844411e+02 1.862348e+02
      vertex   -9.648194e+01 3.844411e+02 1.832598e+02
      vertex   -9.630850e+01 3.844761e+02 1.862348e+02
    endloop
  endfacet
  facet normal 1.978019e-01 -9.802420e-01 0.000000e+00
    outer loop
      vertex   -9.648194e+01 3.844411e+02 1.862348e+02
      vertex   -9.630850e+01 3.844761e+02 1.862348e+02
      vertex   -9.630850e+01 3.844761e+02 1.892098e+02
    endloop
  endfacet
  facet normal 1.103940e-01 -9.938879e-01 0.000000e+00
    outer loop
      vertex   -9.630850e+01 3.844761e+02 1.892098e+02
      vertex   -9.630850e+01 3.844761e+02 1.862348e+02
      vertex   -9.613265e+01 3.844956e+02 1.892098e+02
    endloop
  endfacet
  facet normal 2.790666e-01 -9.602717e-01 1.313112e-04
    outer loop
      vertex   -9.664232e+01 3.843941e+02 1.802848e+02
      vertex   -9.647286e+01 3.844433e+02 1.802848e+02
      vertex   -9.648194e+01 3.844411e+02 1.832598e+02
    endloop
  endfacet
  facet normal 1.978019e-01 -9.802420e-01 -1.316692e-04
    outer loop
      vertex   -9.648194e+01 3.844411e+02 1.832598e+02
      vertex   -9.647286e+01 3.844433e+02 1.802848e+02
      vertex   -9.630850e+01 3.844761e+02 1.832598e+02
    endloop
  endfacet
  facet normal 1.978019e-01 -9.802420e-01 0.000000e+00
    outer loop
      vertex   -9.648194e+01 3.844411e+02 1.832598e+02
      vertex   -9.630850e+01 3.844761e+02 1.832598e+02
      vertex   -9.630850e+01 3.844761e+02 1.862348e+02
    endloop
  endfacet
  facet normal 1.103940e-01 -9.938879e-01 0.000000e+00
    outer loop
      vertex   -9.630850e+01 3.844761e+02 1.862348e+02
      vertex   -9.630850e+01 3.844761e+02 1.832598e+02
      vertex   -9.613265e+01 3.844956e+02 1.862348e+02
    endloop
  endfacet
  facet normal 1.103940e-01 -9.938879e-01 0.000000e+00
    outer loop
      vertex   -9.630850e+01 3.844761e+02 1.862348e+02
      vertex   -9.613265e+01 3.844956e+02 1.862348e+02
      vertex   -9.613265e+01 3.844956e+02 1.892098e+02
    endloop
  endfacet
  facet normal 2.212209e-02 -9.997553e-01 0.000000e+00
    outer loop
      vertex   -9.613265e+01 3.844956e+02 1.892098e+02
      vertex   -9.613265e+01 3.844956e+02 1.862348e+02
      vertex   -9.595576e+01 3.844995e+02 1.892098e+02
    endloop
  endfacet
  facet normal 1.933294e-01 -9.811339e-01 1.252463e-04
    outer loop
      vertex   -9.647286e+01 3.844433e+02 1.802848e+02
      vertex   -9.629971e+01 3.844774e+02 1.802848e+02
      vertex   -9.630850e+01 3.844761e+02 1.832598e+02
    endloop
  endfacet
  facet normal 1.103940e-01 -9.938879e-01 -1.255868e-04
    outer loop
      vertex   -9.630850e+01 3.844761e+02 1.832598e+02
      vertex   -9.629971e+01 3.844774e+02 1.802848e+02
      vertex   -9.613265e+01 3.844956e+02 1.832598e+02
    endloop
  endfacet
  facet normal 1.103940e-01 -9.938879e-01 0.000000e+00
    outer loop
      vertex   -9.630850e+01 3.844761e+02 1.832598e+02
      vertex   -9.613265e+01 3.844956e+02 1.832598e+02
      vertex   -9.613265e+01 3.844956e+02 1.862348e+02
    endloop
  endfacet
  facet normal 2.212209e-02 -9.997553e-01 0.000000e+00
    outer loop
      vertex   -9.613265e+01 3.844956e+02 1.862348e+02
      vertex   -9.613265e+01 3.844956e+02 1.832598e+02
      vertex   -9.595576e+01 3.844995e+02 1.862348e+02
    endloop
  endfacet
  facet normal 2.212209e-02 -9.997553e-01 0.000000e+00
    outer loop
      vertex   -9.613265e+01 3.844956e+02 1.862348e+02
      vertex   -9.595576e+01 3.844995e+02 1.862348e+02
      vertex   -9.595576e+01 3.844995e+02 1.892098e+02
    endloop
  endfacet
  facet normal -6.632296e-02 -9.977982e-01 -0.000000e+00
    outer loop
      vertex   -9.595576e+01 3.844995e+02 1.892098e+02
      vertex   -9.595576e+01 3.844995e+02 1.862348e+02
      vertex   -9.577921e+01 3.844878e+02 1.892098e+02
    endloop
  endfacet
  facet normal 1.060869e-01 -9.943569e-01 1.191465e-04
    outer loop
      vertex   -9.629971e+01 3.844774e+02 1.802848e+02
      vertex   -9.612423e+01 3.844961e+02 1.802848e+02
      vertex   -9.613265e+01 3.844956e+02 1.832598e+02
    endloop
  endfacet
  facet normal 2.212209e-02 -9.997553e-01 -1.194696e-04
    outer loop
      vertex   -9.613265e+01 3.844956e+02 1.832598e+02
      vertex   -9.612423e+01 3.844961e+02 1.802848e+02
      vertex   -9.595576e+01 3.844995e+02 1.832598e+02
    endloop
  endfacet
  facet normal 2.212209e-02 -9.997553e-01 0.000000e+00
    outer loop
      vertex   -9.613265e+01 3.844956e+02 1.832598e+02
      vertex   -9.595576e+01 3.844995e+02 1.832598e+02
      vertex   -9.595576e+01 3.844995e+02 1.862348e+02
    endloop
  endfacet
  facet normal -6.632296e-02 -9.977982e-01 -0.000000e+00
    outer loop
      vertex   -9.595576e+01 3.844995e+02 1.862348e+02
      vertex   -9.595576e+01 3.844995e+02 1.832598e+02
      vertex   -9.577921e+01 3.844878e+02 1.862348e+02
    endloop
  endfacet
  facet normal -6.632296e-02 -9.977982e-01 0.000000e+00
    outer loop
      vertex   -9.595576e+01 3.844995e+02 1.862348e+02
      vertex   -9.577921e+01 3.844878e+02 1.862348e+02
      vertex   -9.577921e+01 3.844878e+02 1.892098e+02
    endloop
  endfacet
  facet normal -1.542489e-01 -9.880320e-01 -0.000000e+00
    outer loop
      vertex   -9.577921e+01 3.844878e+02 1.892098e+02
      vertex   -9.577921e+01 3.844878e+02 1.862348e+02
      vertex   -9.560440e+01 3.844605e+02 1.892098e+02
    endloop
  endfacet
  facet normal 1.801837e-02 -9.998376e-01 1.130117e-04
    outer loop
      vertex   -9.612423e+01 3.844961e+02 1.802848e+02
      vertex   -9.594778e+01 3.844993e+02 1.802848e+02
      vertex   -9.595576e+01 3.844995e+02 1.832598e+02
    endloop
  endfacet
  facet normal -6.632296e-02 -9.977982e-01 -1.133173e-04
    outer loop
      vertex   -9.595576e+01 3.844995e+02 1.832598e+02
      vertex   -9.594778e+01 3.844993e+02 1.802848e+02
      vertex   -9.577921e+01 3.844878e+02 1.832598e+02
    endloop
  endfacet
  facet normal -6.632296e-02 -9.977982e-01 0.000000e+00
    outer loop
      vertex   -9.595576e+01 3.844995e+02 1.832598e+02
      vertex   -9.577921e+01 3.844878e+02 1.832598e+02
      vertex   -9.577921e+01 3.844878e+02 1.862348e+02
    endloop
  endfacet
  facet normal -1.542489e-01 -9.880320e-01 -0.000000e+00
    outer loop
      vertex   -9.577921e+01 3.844878e+02 1.862348e+02
      vertex   -9.577921e+01 3.844878e+02 1.832598e+02
      vertex   -9.560440e+01 3.844605e+02 1.862348e+02
    endloop
  endfacet
  facet normal -1.542489e-01 -9.880320e-01 0.000000e+00
    outer loop
      vertex   -9.577921e+01 3.844878e+02 1.862348e+02
      vertex   -9.560440e+01 3.844605e+02 1.862348e+02
      vertex   -9.560440e+01 3.844605e+02 1.892098e+02
    endloop
  endfacet
  facet normal -2.409677e-01 -9.705331e-01 -0.000000e+00
    outer loop
      vertex   -9.560440e+01 3.844605e+02 1.892098e+02
      vertex   -9.560440e+01 3.844605e+02 1.862348e+02
      vertex   -9.543268e+01 3.844179e+02 1.892098e+02
    endloop
  endfacet
  facet normal -7.019042e-02 -9.975336e-01 1.068421e-04
    outer loop
      vertex   -9.594778e+01 3.844993e+02 1.802848e+02
      vertex   -9.577174e+01 3.844869e+02 1.802848e+02
      vertex   -9.577921e+01 3.844878e+02 1.832598e+02
    endloop
  endfacet
  facet normal -1.542489e-01 -9.880320e-01 -1.071302e-04
    outer loop
      vertex   -9.577921e+01 3.844878e+02 1.832598e+02
      vertex   -9.577174e+01 3.844869e+02 1.802848e+02
      vertex   -9.560440e+01 3.844605e+02 1.832598e+02
    endloop
  endfacet
  facet normal -1.542489e-01 -9.880320e-01 0.000000e+00
    outer loop
      vertex   -9.577921e+01 3.844878e+02 1.832598e+02
      vertex   -9.560440e+01 3.844605e+02 1.832598e+02
      vertex   -9.560440e+01 3.844605e+02 1.862348e+02
    endloop
  endfacet
  facet normal -2.409677e-01 -9.705331e-01 -0.000000e+00
    outer loop
      vertex   -9.560440e+01 3.844605e+02 1.862348e+02
      vertex   -9.560440e+01 3.844605e+02 1.832598e+02
      vertex   -9.543268e+01 3.844179e+02 1.862348e+02
    endloop
  endfacet
  facet normal -2.409677e-01 -9.705331e-01 0.000000e+00
    outer loop
      vertex   -9.560440e+01 3.844605e+02 1.862348e+02
      vertex   -9.543268e+01 3.844179e+02 1.862348e+02
      vertex   -9.543268e+01 3.844179e+02 1.892098e+02
    endloop
  endfacet
  facet normal -3.258006e-01 -9.454385e-01 -0.000000e+00
    outer loop
      vertex   -9.543268e+01 3.844179e+02 1.892098e+02
      vertex   -9.543268e+01 3.844179e+02 1.862348e+02
      vertex   -9.526540e+01 3.843602e+02 1.892098e+02
    endloop
  endfacet
  facet normal -1.578527e-01 -9.874627e-01 1.006375e-04
    outer loop
      vertex   -9.577174e+01 3.844869e+02 1.802848e+02
      vertex   -9.559747e+01 3.844591e+02 1.802848e+02
      vertex   -9.560440e+01 3.844605e+02 1.832598e+02
    endloop
  endfacet
  facet normal -2.409677e-01 -9.705331e-01 -1.009081e-04
    outer loop
      vertex   -9.560440e+01 3.844605e+02 1.832598e+02
      vertex   -9.559747e+01 3.844591e+02 1.802848e+02
      vertex   -9.543268e+01 3.844179e+02 1.832598e+02
    endloop
  endfacet
  facet normal -2.409677e-01 -9.705331e-01 0.000000e+00
    outer loop
      vertex   -9.560440e+01 3.844605e+02 1.832598e+02
      vertex   -9.543268e+01 3.844179e+02 1.832598e+02
      vertex   -9.543268e+01 3.844179e+02 1.862348e+02
    endloop
  endfacet
  facet normal -3.258006e-01 -9.454385e-01 -0.000000e+00
    outer loop
      vertex   -9.543268e+01 3.844179e+02 1.862348e+02
      vertex   -9.543268e+01 3.844179e+02 1.832598e+02
      vertex   -9.526540e+01 3.843602e+02 1.862348e+02
    endloop
  endfacet
  facet normal -3.258006e-01 -9.454385e-01 0.000000e+00
    outer loop
      vertex   -9.543268e+01 3.844179e+02 1.862348e+02
      vertex   -9.526540e+01 3.843602e+02 1.862348e+02
      vertex   -9.526540e+01 3.843602e+02 1.892098e+02
    endloop
  endfacet
  facet normal -4.080836e-01 -9.129446e-01 -0.000000e+00
    outer loop
      vertex   -9.526540e+01 3.843602e+02 1.892098e+02
      vertex   -9.526540e+01 3.843602e+02 1.862348e+02
      vertex   -9.510387e+01 3.842880e+02 1.892098e+02
    endloop
  endfacet
  facet normal -2.442859e-01 -9.697032e-01 9.439795e-05
    outer loop
      vertex   -9.559747e+01 3.844591e+02 1.802848e+02
      vertex   -9.542634e+01 3.844160e+02 1.802848e+02
      vertex   -9.543268e+01 3.844179e+02 1.832598e+02
    endloop
  endfacet
  facet normal -3.258006e-01 -9.454385e-01 -9.465115e-05
    outer loop
      vertex   -9.543268e+01 3.844179e+02 1.832598e+02
      vertex   -9.542634e+01 3.844160e+02 1.802848e+02
      vertex   -9.526540e+01 3.843602e+02 1.832598e+02
    endloop
  endfacet
  facet normal -3.258006e-01 -9.454385e-01 0.000000e+00
    outer loop
      vertex   -9.543268e+01 3.844179e+02 1.832598e+02
      vertex   -9.526540e+01 3.843602e+02 1.832598e+02
      vertex   -9.526540e+01 3.843602e+02 1.862348e+02
    endloop
  endfacet
  facet normal -4.080836e-01 -9.129446e-01 -0.000000e+00
    outer loop
      vertex   -9.526540e+01 3.843602e+02 1.862348e+02
      vertex   -9.526540e+01 3.843602e+02 1.832598e+02
      vertex   -9.510387e+01 3.842880e+02 1.862348e+02
    endloop
  endfacet
  facet normal -4.080836e-01 -9.129446e-01 0.000000e+00
    outer loop
      vertex   -9.526540e+01 3.843602e+02 1.862348e+02
      vertex   -9.510387e+01 3.842880e+02 1.862348e+02
      vertex   -9.510387e+01 3.842880e+02 1.892098e+02
    endloop
  endfacet
  facet normal -4.871728e-01 -8.733056e-01 -0.000000e+00
    outer loop
      vertex   -9.510387e+01 3.842880e+02 1.892098e+02
      vertex   -9.510387e+01 3.842880e+02 1.862348e+02
      vertex   -9.494935e+01 3.842018e+02 1.892098e+02
    endloop
  endfacet
  facet normal -3.288171e-01 -9.443936e-01 8.812349e-05
    outer loop
      vertex   -9.542634e+01 3.844160e+02 1.802848e+02
      vertex   -9.525968e+01 3.843579e+02 1.802848e+02
      vertex   -9.526540e+01 3.843602e+02 1.832598e+02
    endloop
  endfacet
  facet normal -4.080836e-01 -9.129446e-01 -8.835923e-05
    outer loop
      vertex   -9.526540e+01 3.843602e+02 1.832598e+02
      vertex   -9.525968e+01 3.843579e+02 1.802848e+02
      vertex   -9.510387e+01 3.842880e+02 1.832598e+02
    endloop
  endfacet
  facet normal -4.080836e-01 -9.129446e-01 0.000000e+00
    outer loop
      vertex   -9.526540e+01 3.843602e+02 1.832598e+02
      vertex   -9.510387e+01 3.842880e+02 1.832598e+02
      vertex   -9.510387e+01 3.842880e+02 1.862348e+02
    endloop
  endfacet
  facet normal -4.871728e-01 -8.733056e-01 -0.000000e+00
    outer loop
      vertex   -9.510387e+01 3.842880e+02 1.862348e+02
      vertex   -9.510387e+01 3.842880e+02 1.832598e+02
      vertex   -9.494935e+01 3.842018e+02 1.862348e+02
    endloop
  endfacet
  facet normal -4.871728e-01 -8.733056e-01 0.000000e+00
    outer loop
      vertex   -9.510387e+01 3.842880e+02 1.862348e+02
      vertex   -9.494935e+01 3.842018e+02 1.862348e+02
      vertex   -9.494935e+01 3.842018e+02 1.892098e+02
    endloop
  endfacet
  facet normal -5.624493e-01 -8.268318e-01 -0.000000e+00
    outer loop
      vertex   -9.494935e+01 3.842018e+02 1.892098e+02
      vertex   -9.494935e+01 3.842018e+02 1.862348e+02
      vertex   -9.480306e+01 3.841023e+02 1.892098e+02
    endloop
  endfacet
  facet normal -4.107881e-01 -9.117308e-01 8.181411e-05
    outer loop
      vertex   -9.525968e+01 3.843579e+02 1.802848e+02
      vertex   -9.509878e+01 3.842854e+02 1.802848e+02
      vertex   -9.510387e+01 3.842880e+02 1.832598e+02
    endloop
  endfacet
  facet normal -4.871728e-01 -8.733056e-01 -8.203239e-05
    outer loop
      vertex   -9.510387e+01 3.842880e+02 1.832598e+02
      vertex   -9.509878e+01 3.842854e+02 1.802848e+02
      vertex   -9.494935e+01 3.842018e+02 1.832598e+02
    endloop
  endfacet
  facet normal -4.871728e-01 -8.733056e-01 0.000000e+00
    outer loop
      vertex   -9.510387e+01 3.842880e+02 1.832598e+02
      vertex   -9.494935e+01 3.842018e+02 1.832598e+02
      vertex   -9.494935e+01 3.842018e+02 1.862348e+02
    endloop
  endfacet
  facet normal -5.624493e-01 -8.268318e-01 -0.000000e+00
    outer loop
      vertex   -9.494935e+01 3.842018e+02 1.862348e+02
      vertex   -9.494935e+01 3.842018e+02 1.832598e+02
      vertex   -9.480306e+01 3.841023e+02 1.862348e+02
    endloop
  endfacet
  facet normal -5.624493e-01 -8.268318e-01 0.000000e+00
    outer loop
      vertex   -9.494935e+01 3.842018e+02 1.862348e+02
      vertex   -9.480306e+01 3.841023e+02 1.862348e+02
      vertex   -9.480306e+01 3.841023e+02 1.892098e+02
    endloop
  endfacet
  facet normal -6.333238e-01 -7.738869e-01 -0.000000e+00
    outer loop
      vertex   -9.480306e+01 3.841023e+02 1.892098e+02
      vertex   -9.480306e+01 3.841023e+02 1.862348e+02
      vertex   -9.466613e+01 3.839902e+02 1.892098e+02
    endloop
  endfacet
  facet normal -4.895607e-01 -8.719692e-01 7.546980e-05
    outer loop
      vertex   -9.509878e+01 3.842854e+02 1.802848e+02
      vertex   -9.494489e+01 3.841990e+02 1.802848e+02
      vertex   -9.494935e+01 3.842018e+02 1.832598e+02
    endloop
  endfacet
  facet normal -5.624493e-01 -8.268318e-01 -7.567062e-05
    outer loop
      vertex   -9.494935e+01 3.842018e+02 1.832598e+02
      vertex   -9.494489e+01 3.841990e+02 1.802848e+02
      vertex   -9.480306e+01 3.841023e+02 1.832598e+02
    endloop
  endfacet
  facet normal -5.624493e-01 -8.268318e-01 0.000000e+00
    outer loop
      vertex   -9.494935e+01 3.842018e+02 1.832598e+02
      vertex   -9.480306e+01 3.841023e+02 1.832598e+02
      vertex   -9.480306e+01 3.841023e+02 1.862348e+02
    endloop
  endfacet
  facet normal -6.333238e-01 -7.738869e-01 -0.000000e+00
    outer loop
      vertex   -9.480306e+01 3.841023e+02 1.862348e+02
      vertex   -9.480306e+01 3.841023e+02 1.832598e+02
      vertex   -9.466613e+01 3.839902e+02 1.862348e+02
    endloop
  endfacet
  facet normal -6.333238e-01 -7.738869e-01 -3.025354e-15
    outer loop
      vertex   -9.480306e+01 3.841023e+02 1.862348e+02
      vertex   -9.466613e+01 3.839902e+02 1.862348e+02
      vertex   -9.466613e+01 3.839902e+02 1.892098e+02
    endloop
  endfacet
  facet normal -6.992417e-01 -7.148853e-01 -3.340108e-15
    outer loop
      vertex   -9.466613e+01 3.839902e+02 1.892098e+02
      vertex   -9.466613e+01 3.839902e+02 1.862348e+02
      vertex   -9.453964e+01 3.838665e+02 1.892098e+02
    endloop
  endfacet
  facet normal -5.645215e-01 -8.254184e-01 6.909057e-05
    outer loop
      vertex   -9.494489e+01 3.841990e+02 1.802848e+02
      vertex   -9.479922e+01 3.840994e+02 1.802848e+02
      vertex   -9.480306e+01 3.841023e+02 1.832598e+02
    endloop
  endfacet
  facet normal -6.333238e-01 -7.738869e-01 -6.927392e-05
    outer loop
      vertex   -9.480306e+01 3.841023e+02 1.832598e+02
      vertex   -9.479922e+01 3.840994e+02 1.802848e+02
      vertex   -9.466613e+01 3.839902e+02 1.832598e+02
    endloop
  endfacet
  facet normal -6.333238e-01 -7.738869e-01 0.000000e+00
    outer loop
      vertex   -9.480306e+01 3.841023e+02 1.832598e+02
      vertex   -9.466613e+01 3.839902e+02 1.832598e+02
      vertex   -9.466613e+01 3.839902e+02 1.862348e+02
    endloop
  endfacet
  facet normal -6.992417e-01 -7.148853e-01 -0.000000e+00
    outer loop
      vertex   -9.466613e+01 3.839902e+02 1.862348e+02
      vertex   -9.466613e+01 3.839902e+02 1.832598e+02
      vertex   -9.453964e+01 3.838665e+02 1.862348e+02
    endloop
  endfacet
  facet normal -6.992417e-01 -7.148853e-01 0.000000e+00
    outer loop
      vertex   -9.466613e+01 3.839902e+02 1.862348e+02
      vertex   -9.453964e+01 3.838665e+02 1.862348e+02
      vertex   -9.453964e+01 3.838665e+02 1.892098e+02
    endloop
  endfacet
  facet normal -7.596871e-01 -6.502888e-01 -0.000000e+00
    outer loop
      vertex   -9.453964e+01 3.838665e+02 1.892098e+02
      vertex   -9.453964e+01 3.838665e+02 1.862348e+02
      vertex   -9.442459e+01 3.837321e+02 1.892098e+02
    endloop
  endfacet
  facet normal -6.350868e-01 -7.724407e-01 6.267641e-05
    outer loop
      vertex   -9.479922e+01 3.840994e+02 1.802848e+02
      vertex   -9.466291e+01 3.839873e+02 1.802848e+02
      vertex   -9.466613e+01 3.839902e+02 1.832598e+02
    endloop
  endfacet
  facet normal -6.992417e-01 -7.148853e-01 -6.284229e-05
    outer loop
      vertex   -9.466613e+01 3.839902e+02 1.832598e+02
      vertex   -9.466291e+01 3.839873e+02 1.802848e+02
      vertex   -9.453964e+01 3.838665e+02 1.832598e+02
    endloop
  endfacet
  facet normal -6.992417e-01 -7.148853e-01 -3.341731e-15
    outer loop
      vertex   -9.466613e+01 3.839902e+02 1.832598e+02
      vertex   -9.453964e+01 3.838665e+02 1.832598e+02
      vertex   -9.453964e+01 3.838665e+02 1.862348e+02
    endloop
  endfacet
  facet normal -7.596871e-01 -6.502888e-01 -3.628841e-15
    outer loop
      vertex   -9.453964e+01 3.838665e+02 1.862348e+02
      vertex   -9.453964e+01 3.838665e+02 1.832598e+02
      vertex   -9.442459e+01 3.837321e+02 1.862348e+02
    endloop
  endfacet
  facet normal -7.596871e-01 -6.502888e-01 0.000000e+00
    outer loop
      vertex   -9.453964e+01 3.838665e+02 1.862348e+02
      vertex   -9.442459e+01 3.837321e+02 1.862348e+02
      vertex   -9.442459e+01 3.837321e+02 1.892098e+02
    endloop
  endfacet
  facet normal -8.141869e-01 -5.806029e-01 -0.000000e+00
    outer loop
      vertex   -9.442459e+01 3.837321e+02 1.892098e+02
      vertex   -9.442459e+01 3.837321e+02 1.862348e+02
      vertex   -9.432186e+01 3.835880e+02 1.892098e+02
    endloop
  endfacet
  facet normal -7.007074e-01 -7.134488e-01 5.622732e-05
    outer loop
      vertex   -9.466291e+01 3.839873e+02 1.802848e+02
      vertex   -9.453700e+01 3.838637e+02 1.802848e+02
      vertex   -9.453964e+01 3.838665e+02 1.832598e+02
    endloop
  endfacet
  facet normal -7.596871e-01 -6.502888e-01 -5.637574e-05
    outer loop
      vertex   -9.453964e+01 3.838665e+02 1.832598e+02
      vertex   -9.453700e+01 3.838637e+02 1.802848e+02
      vertex   -9.442459e+01 3.837321e+02 1.832598e+02
    endloop
  endfacet
  facet normal -7.596871e-01 -6.502888e-01 -3.631743e-15
    outer loop
      vertex   -9.453964e+01 3.838665e+02 1.832598e+02
      vertex   -9.442459e+01 3.837321e+02 1.832598e+02
      vertex   -9.442459e+01 3.837321e+02 1.862348e+02
    endloop
  endfacet
  facet normal -8.141869e-01 -5.806029e-01 -3.889174e-15
    outer loop
      vertex   -9.442459e+01 3.837321e+02 1.862348e+02
      vertex   -9.442459e+01 3.837321e+02 1.832598e+02
      vertex   -9.432186e+01 3.835880e+02 1.862348e+02
    endloop
  endfacet
  facet normal -8.141869e-01 -5.806029e-01 0.000000e+00
    outer loop
      vertex   -9.442459e+01 3.837321e+02 1.862348e+02
      vertex   -9.432186e+01 3.835880e+02 1.862348e+02
      vertex   -9.432186e+01 3.835880e+02 1.892098e+02
    endloop
  endfacet
  facet normal -8.623146e-01 -5.063730e-01 -0.000000e+00
    outer loop
      vertex   -9.432186e+01 3.835880e+02 1.892098e+02
      vertex   -9.432186e+01 3.835880e+02 1.862348e+02
      vertex   -9.423226e+01 3.834355e+02 1.892098e+02
    endloop
  endfacet
  facet normal -7.608721e-01 -6.489019e-01 4.974331e-05
    outer loop
      vertex   -9.453700e+01 3.838637e+02 1.802848e+02
      vertex   -9.442248e+01 3.837294e+02 1.802848e+02
      vertex   -9.442459e+01 3.837321e+02 1.832598e+02
    endloop
  endfacet
  facet normal -8.141869e-01 -5.806029e-01 -4.987427e-05
    outer loop
      vertex   -9.442459e+01 3.837321e+02 1.832598e+02
      vertex   -9.442248e+01 3.837294e+02 1.802848e+02
      vertex   -9.432186e+01 3.835880e+02 1.832598e+02
    endloop
  endfacet
  facet normal -8.141869e-01 -5.806029e-01 0.000000e+00
    outer loop
      vertex   -9.442459e+01 3.837321e+02 1.832598e+02
      vertex   -9.432186e+01 3.835880e+02 1.832598e+02
      vertex   -9.432186e+01 3.835880e+02 1.862348e+02
    endloop
  endfacet
  facet normal -8.623146e-01 -5.063730e-01 -0.000000e+00
    outer loop
      vertex   -9.432186e+01 3.835880e+02 1.862348e+02
      vertex   -9.432186e+01 3.835880e+02 1.832598e+02
      vertex   -9.423226e+01 3.834355e+02 1.862348e+02
    endloop
  endfacet
  facet normal -8.623146e-01 -5.063730e-01 0.000000e+00
    outer loop
      vertex   -9.432186e+01 3.835880e+02 1.862348e+02
      vertex   -9.423226e+01 3.834355e+02 1.862348e+02
      vertex   -9.423226e+01 3.834355e+02 1.892098e+02
    endloop
  endfacet
  facet normal -9.036935e-01 -4.281800e-01 -0.000000e+00
    outer loop
      vertex   -9.423226e+01 3.834355e+02 1.892098e+02
      vertex   -9.423226e+01 3.834355e+02 1.862348e+02
      vertex   -9.415650e+01 3.832756e+02 1.892098e+02
    endloop
  endfacet
  facet normal -8.151126e-01 -5.793025e-01 4.322437e-05
    outer loop
      vertex   -9.442248e+01 3.837294e+02 1.802848e+02
      vertex   -9.432025e+01 3.835856e+02 1.802848e+02
      vertex   -9.432186e+01 3.835880e+02 1.832598e+02
    endloop
  endfacet
  facet normal -8.623146e-01 -5.063730e-01 -4.333787e-05
    outer loop
      vertex   -9.432186e+01 3.835880e+02 1.832598e+02
      vertex   -9.432025e+01 3.835856e+02 1.802848e+02
      vertex   -9.423226e+01 3.834355e+02 1.832598e+02
    endloop
  endfacet
  facet normal -8.623146e-01 -5.063730e-01 0.000000e+00
    outer loop
      vertex   -9.432186e+01 3.835880e+02 1.832598e+02
      vertex   -9.423226e+01 3.834355e+02 1.832598e+02
      vertex   -9.423226e+01 3.834355e+02 1.862348e+02
    endloop
  endfacet
  facet normal -9.036935e-01 -4.281800e-01 -0.000000e+00
    outer loop
      vertex   -9.423226e+01 3.834355e+02 1.862348e+02
      vertex   -9.423226e+01 3.834355e+02 1.832598e+02
      vertex   -9.415650e+01 3.832756e+02 1.862348e+02
    endloop
  endfacet
  facet normal -9.036935e-01 -4.281800e-01 0.000000e+00
    outer loop
      vertex   -9.423226e+01 3.834355e+02 1.862348e+02
      vertex   -9.415650e+01 3.832756e+02 1.862348e+02
      vertex   -9.415650e+01 3.832756e+02 1.892098e+02
    endloop
  endfacet
  facet normal -9.380343e-01 -3.465423e-01 -0.000000e+00
    outer loop
      vertex   -9.415650e+01 3.832756e+02 1.892098e+02
      vertex   -9.415650e+01 3.832756e+02 1.862348e+02
      vertex   -9.409505e+01 3.831092e+02 1.892098e+02
    endloop
  endfacet
  facet normal -8.630066e-01 -5.051927e-01 3.667051e-05
    outer loop
      vertex   -9.432025e+01 3.835856e+02 1.802848e+02
      vertex   -9.423109e+01 3.834333e+02 1.802848e+02
      vertex   -9.423226e+01 3.834355e+02 1.832598e+02
    endloop
  endfacet
  facet normal -9.036935e-01 -4.281800e-01 -3.676654e-05
    outer loop
      vertex   -9.423226e+01 3.834355e+02 1.832598e+02
      vertex   -9.423109e+01 3.834333e+02 1.802848e+02
      vertex   -9.415650e+01 3.832756e+02 1.832598e+02
    endloop
  endfacet
  facet normal -9.036935e-01 -4.281800e-01 0.000000e+00
    outer loop
      vertex   -9.423226e+01 3.834355e+02 1.832598e+02
      vertex   -9.415650e+01 3.832756e+02 1.832598e+02
      vertex   -9.415650e+01 3.832756e+02 1.862348e+02
    endloop
  endfacet
  facet normal -9.380689e-01 -3.464488e-01 -0.000000e+00
    outer loop
      vertex   -9.415650e+01 3.832756e+02 1.862348e+02
      vertex   -9.415650e+01 3.832756e+02 1.832598e+02
      vertex   -9.409493e+01 3.831089e+02 1.862348e+02
    endloop
  endfacet
  facet normal -9.380689e-01 -3.464488e-01 5.946625e-06
    outer loop
      vertex   -9.415650e+01 3.832756e+02 1.862348e+02
      vertex   -9.409493e+01 3.831089e+02 1.862348e+02
      vertex   -9.409505e+01 3.831092e+02 1.892098e+02
    endloop
  endfacet
  facet normal -9.650098e-01 -2.622139e-01 -5.916068e-06
    outer loop
      vertex   -9.409505e+01 3.831092e+02 1.892098e+02
      vertex   -9.409493e+01 3.831089e+02 1.862348e+02
      vertex   -9.404869e+01 3.829386e+02 1.892098e+02
    endloop
  endfacet
  facet normal -9.041811e-01 -4.271494e-01 3.008172e-05
    outer loop
      vertex   -9.423109e+01 3.834333e+02 1.802848e+02
      vertex   -9.415571e+01 3.832737e+02 1.802848e+02
      vertex   -9.415650e+01 3.832756e+02 1.832598e+02
    endloop
  endfacet
  facet normal -9.381035e-01 -3.463552e-01 -3.036656e-05
    outer loop
      vertex   -9.415650e+01 3.832756e+02 1.832598e+02
      vertex   -9.415571e+01 3.832737e+02 1.802848e+02
      vertex   -9.409481e+01 3.831085e+02 1.832598e+02
    endloop
  endfacet
  facet normal -9.381035e-01 -3.463552e-01 5.959993e-06
    outer loop
      vertex   -9.415650e+01 3.832756e+02 1.832598e+02
      vertex   -9.409481e+01 3.831085e+02 1.832598e+02
      vertex   -9.409493e+01 3.831089e+02 1.862348e+02
    endloop
  endfacet
  facet normal -9.650546e-01 -2.620489e-01 -5.912248e-06
    outer loop
      vertex   -9.409493e+01 3.831089e+02 1.862348e+02
      vertex   -9.409481e+01 3.831085e+02 1.832598e+02
      vertex   -9.404862e+01 3.829383e+02 1.862348e+02
    endloop
  endfacet
  facet normal -9.650546e-01 -2.620489e-01 4.225763e-06
    outer loop
      vertex   -9.409493e+01 3.831089e+02 1.862348e+02
      vertex   -9.404862e+01 3.829383e+02 1.862348e+02
      vertex   -9.404869e+01 3.829386e+02 1.892098e+02
    endloop
  endfacet
  facet normal -9.843980e-01 -1.759563e-01 -4.228491e-06
    outer loop
      vertex   -9.404869e+01 3.829386e+02 1.892098e+02
      vertex   -9.404862e+01 3.829383e+02 1.862348e+02
      vertex   -9.401757e+01 3.827645e+02 1.892098e+02
    endloop
  endfacet
  facet normal -9.383155e-01 -3.457802e-01 5.904609e-06
    outer loop
      vertex   -9.415571e+01 3.832737e+02 1.802848e+02
      vertex   -9.409469e+01 3.831081e+02 1.802848e+02
      vertex   -9.409481e+01 3.831085e+02 1.832598e+02
    endloop
  endfacet
  facet normal -9.650994e-01 -2.618838e-01 -5.908429e-06
    outer loop
      vertex   -9.409481e+01 3.831085e+02 1.832598e+02
      vertex   -9.409469e+01 3.831081e+02 1.802848e+02
      vertex   -9.404856e+01 3.829380e+02 1.832598e+02
    endloop
  endfacet
  facet normal -9.650994e-01 -2.618838e-01 4.223034e-06
    outer loop
      vertex   -9.409481e+01 3.831085e+02 1.832598e+02
      vertex   -9.404856e+01 3.829380e+02 1.832598e+02
      vertex   -9.404862e+01 3.829383e+02 1.862348e+02
    endloop
  endfacet
  facet normal -9.844180e-01 -1.758440e-01 -4.225763e-06
    outer loop
      vertex   -9.404862e+01 3.829383e+02 1.862348e+02
      vertex   -9.404856e+01 3.829380e+02 1.832598e+02
      vertex   -9.401755e+01 3.827644e+02 1.862348e+02
    endloop
  endfacet
  facet normal -9.844180e-01 -1.758440e-01 2.537095e-06
    outer loop
      vertex   -9.404862e+01 3.829383e+02 1.862348e+02
      vertex   -9.401755e+01 3.827644e+02 1.862348e+02
      vertex   -9.401757e+01 3.827645e+02 1.892098e+02
    endloop
  endfacet
  facet normal -9.960919e-01 -8.832332e-02 -2.538732e-06
    outer loop
      vertex   -9.401757e+01 3.827645e+02 1.892098e+02
      vertex   -9.401755e+01 3.827644e+02 1.862348e+02
      vertex   -9.400196e+01 3.825884e+02 1.892098e+02
    endloop
  endfacet
  facet normal -9.651442e-01 -2.617188e-01 4.220306e-06
    outer loop
      vertex   -9.409469e+01 3.831081e+02 1.802848e+02
      vertex   -9.404850e+01 3.829378e+02 1.802848e+02
      vertex   -9.404856e+01 3.829380e+02 1.832598e+02
    endloop
  endfacet
  facet normal -9.844381e-01 -1.757318e-01 -4.223034e-06
    outer loop
      vertex   -9.404856e+01 3.829380e+02 1.832598e+02
      vertex   -9.404850e+01 3.829378e+02 1.802848e+02
      vertex   -9.401753e+01 3.827642e+02 1.832598e+02
    endloop
  endfacet
  facet normal -9.844381e-01 -1.757318e-01 2.535458e-06
    outer loop
      vertex   -9.404856e+01 3.829380e+02 1.832598e+02
      vertex   -9.401753e+01 3.827642e+02 1.832598e+02
      vertex   -9.401755e+01 3.827644e+02 1.862348e+02
    endloop
  endfacet
  facet normal -9.960969e-01 -8.826654e-02 -2.537095e-06
    outer loop
      vertex   -9.401755e+01 3.827644e+02 1.862348e+02
      vertex   -9.401753e+01 3.827642e+02 1.832598e+02
      vertex   -9.400195e+01 3.825884e+02 1.862348e+02
    endloop
  endfacet
  facet normal -9.960969e-01 -8.826654e-02 8.462439e-07
    outer loop
      vertex   -9.401755e+01 3.827644e+02 1.862348e+02
      vertex   -9.400195e+01 3.825884e+02 1.862348e+02
      vertex   -9.400196e+01 3.825884e+02 1.892098e+02
    endloop
  endfacet
  facet normal -1.000000e+00 -0.000000e+00 -8.467895e-07
    outer loop
      vertex   -9.400196e+01 3.825884e+02 1.892098e+02
      vertex   -9.400195e+01 3.825884e+02 1.862348e+02
      vertex   -9.400196e+01 3.824116e+02 1.892098e+02
    endloop
  endfacet
  facet normal -9.844581e-01 -1.756196e-01 2.533821e-06
    outer loop
      vertex   -9.404850e+01 3.829378e+02 1.802848e+02
      vertex   -9.401751e+01 3.827640e+02 1.802848e+02
      vertex   -9.401753e+01 3.827642e+02 1.832598e+02
    endloop
  endfacet
  facet normal -9.961019e-01 -8.820975e-02 -2.535458e-06
    outer loop
      vertex   -9.401753e+01 3.827642e+02 1.832598e+02
      vertex   -9.401751e+01 3.827640e+02 1.802848e+02
      vertex   -9.400195e+01 3.825883e+02 1.832598e+02
    endloop
  endfacet
  facet normal -9.961019e-01 -8.820975e-02 8.456982e-07
    outer loop
      vertex   -9.401753e+01 3.827642e+02 1.832598e+02
      vertex   -9.400195e+01 3.825883e+02 1.832598e+02
      vertex   -9.400195e+01 3.825884e+02 1.862348e+02
    endloop
  endfacet
  facet normal -1.000000e+00 -0.000000e+00 -8.462439e-07
    outer loop
      vertex   -9.400195e+01 3.825884e+02 1.862348e+02
      vertex   -9.400195e+01 3.825883e+02 1.832598e+02
      vertex   -9.400195e+01 3.824117e+02 1.862348e+02
    endloop
  endfacet
  facet normal -1.000000e+00 -0.000000e+00 -8.467895e-07
    outer loop
      vertex   -9.400195e+01 3.825884e+02 1.862348e+02
      vertex   -9.400195e+01 3.824117e+02 1.862348e+02
      vertex   -9.400196e+01 3.824116e+02 1.892098e+02
    endloop
  endfacet
  facet normal -9.960969e-01 8.826654e-02 8.462439e-07
    outer loop
      vertex   -9.400196e+01 3.824116e+02 1.892098e+02
      vertex   -9.400195e+01 3.824117e+02 1.862348e+02
      vertex   -9.401755e+01 3.822356e+02 1.862348e+02
    endloop
  endfacet
  facet normal -9.961069e-01 -8.815296e-02 8.451526e-07
    outer loop
      vertex   -9.401751e+01 3.827640e+02 1.802848e+02
      vertex   -9.400195e+01 3.825882e+02 1.802848e+02
      vertex   -9.400195e+01 3.825883e+02 1.832598e+02
    endloop
  endfacet
  facet normal -1.000000e+00 -1.609459e-13 -8.456982e-07
    outer loop
      vertex   -9.400195e+01 3.825883e+02 1.832598e+02
      vertex   -9.400195e+01 3.825882e+02 1.802848e+02
      vertex   -9.400195e+01 3.824117e+02 1.832598e+02
    endloop
  endfacet
  facet normal -1.000000e+00 -1.609459e-13 -8.462439e-07
    outer loop
      vertex   -9.400195e+01 3.825883e+02 1.832598e+02
      vertex   -9.400195e+01 3.824117e+02 1.832598e+02
      vertex   -9.400195e+01 3.824117e+02 1.862348e+02
    endloop
  endfacet
  facet normal -9.961019e-01 8.820975e-02 8.456982e-07
    outer loop
      vertex   -9.400195e+01 3.824117e+02 1.862348e+02
      vertex   -9.400195e+01 3.824117e+02 1.832598e+02
      vertex   -9.401753e+01 3.822358e+02 1.832598e+02
    endloop
  endfacet
  facet normal -9.960969e-01 8.826654e-02 -2.537095e-06
    outer loop
      vertex   -9.400195e+01 3.824117e+02 1.862348e+02
      vertex   -9.401753e+01 3.822358e+02 1.832598e+02
      vertex   -9.401755e+01 3.822356e+02 1.862348e+02
    endloop
  endfacet
  facet normal -9.844381e-01 1.757318e-01 2.535458e-06
    outer loop
      vertex   -9.401755e+01 3.822356e+02 1.862348e+02
      vertex   -9.401753e+01 3.822358e+02 1.832598e+02
      vertex   -9.404856e+01 3.820620e+02 1.832598e+02
    endloop
  endfacet
  facet normal -1.000000e+00 -2.415747e-13 -8.456982e-07
    outer loop
      vertex   -9.400195e+01 3.825882e+02 1.802848e+02
      vertex   -9.400195e+01 3.824118e+02 1.802848e+02
      vertex   -9.400195e+01 3.824117e+02 1.832598e+02
    endloop
  endfacet
  facet normal -9.961069e-01 8.815296e-02 8.451526e-07
    outer loop
      vertex   -9.400195e+01 3.824117e+02 1.832598e+02
      vertex   -9.400195e+01 3.824118e+02 1.802848e+02
      vertex   -9.401751e+01 3.822360e+02 1.802848e+02
    endloop
  endfacet
  facet normal -9.961019e-01 8.820975e-02 -2.535458e-06
    outer loop
      vertex   -9.400195e+01 3.824117e+02 1.832598e+02
      vertex   -9.401751e+01 3.822360e+02 1.802848e+02
      vertex   -9.401753e+01 3.822358e+02 1.832598e+02
    endloop
  endfacet
  facet normal -9.844581e-01 1.756196e-01 2.533821e-06
    outer loop
      vertex   -9.401753e+01 3.822358e+02 1.832598e+02
      vertex   -9.401751e+01 3.822360e+02 1.802848e+02
      vertex   -9.404850e+01 3.820622e+02 1.802848e+02
    endloop
  endfacet
  facet normal -9.844381e-01 1.757318e-01 -4.223034e-06
    outer loop
      vertex   -9.401753e+01 3.822358e+02 1.832598e+02
      vertex   -9.404850e+01 3.820622e+02 1.802848e+02
      vertex   -9.404856e+01 3.820620e+02 1.832598e+02
    endloop
  endfacet
  facet normal -9.651442e-01 2.617188e-01 4.220306e-06
    outer loop
      vertex   -9.404856e+01 3.820620e+02 1.832598e+02
      vertex   -9.404850e+01 3.820622e+02 1.802848e+02
      vertex   -9.409469e+01 3.818919e+02 1.802848e+02
    endloop
  endfacet
  facet normal 9.990212e-01 4.423335e-02 -0.000000e+00
    outer loop
      vertex   -9.799218e+01 3.823232e+02 1.862348e+02
      vertex   -9.800000e+01 3.825000e+02 1.892098e+02
      vertex   -9.799218e+01 3.823232e+02 1.892098e+02
    endloop
  endfacet
  facet normal 9.990212e-01 -4.423335e-02 0.000000e+00
    outer loop
      vertex   -9.800000e+01 3.825000e+02 1.862348e+02
      vertex   -9.800000e+01 3.825000e+02 1.832598e+02
      vertex   -9.799218e+01 3.826768e+02 1.862348e+02
    endloop
  endfacet
  facet normal 9.990212e-01 -4.423335e-02 0.000000e+00
    outer loop
      vertex   -9.799218e+01 3.826768e+02 1.862348e+02
      vertex   -9.800000e+01 3.825000e+02 1.832598e+02
      vertex   -9.799218e+01 3.826768e+02 1.832598e+02
    endloop
  endfacet
  facet normal 9.912025e-01 -1.323539e-01 0.000000e+00
    outer loop
      vertex   -9.799218e+01 3.826768e+02 1.862348e+02
      vertex   -9.799218e+01 3.826768e+02 1.832598e+02
      vertex   -9.796876e+01 3.828521e+02 1.862348e+02
    endloop
  endfacet
  facet normal 9.912025e-01 -1.323539e-01 0.000000e+00
    outer loop
      vertex   -9.796876e+01 3.828521e+02 1.862348e+02
      vertex   -9.799218e+01 3.826768e+02 1.832598e+02
      vertex   -9.796876e+01 3.828521e+02 1.832598e+02
    endloop
  endfacet
  facet normal 9.756263e-01 -2.194385e-01 0.000000e+00
    outer loop
      vertex   -9.796876e+01 3.828521e+02 1.862348e+02
      vertex   -9.796876e+01 3.828521e+02 1.832598e+02
      vertex   -9.792993e+01 3.830248e+02 1.862348e+02
    endloop
  endfacet
  facet normal 9.990212e-01 4.423335e-02 -0.000000e+00
    outer loop
      vertex   -9.800000e+01 3.825000e+02 1.832598e+02
      vertex   -9.800000e+01 3.825000e+02 1.862348e+02
      vertex   -9.799218e+01 3.823232e+02 1.832598e+02
    endloop
  endfacet
  facet normal 9.912025e-01 1.323539e-01 -0.000000e+00
    outer loop
      vertex   -9.799218e+01 3.823232e+02 1.862348e+02
      vertex   -9.799218e+01 3.823232e+02 1.892098e+02
      vertex   -9.796876e+01 3.821479e+02 1.862348e+02
    endloop
  endfacet
  facet normal 9.912025e-01 1.323539e-01 -0.000000e+00
    outer loop
      vertex   -9.796876e+01 3.821479e+02 1.862348e+02
      vertex   -9.799218e+01 3.823232e+02 1.892098e+02
      vertex   -9.796876e+01 3.821479e+02 1.892098e+02
    endloop
  endfacet
  facet normal 9.756263e-01 2.194385e-01 -0.000000e+00
    outer loop
      vertex   -9.796876e+01 3.821479e+02 1.862348e+02
      vertex   -9.796876e+01 3.821479e+02 1.892098e+02
      vertex   -9.792993e+01 3.819752e+02 1.862348e+02
    endloop
  endfacet
  facet normal 9.756263e-01 2.194385e-01 -4.660331e-15
    outer loop
      vertex   -9.792993e+01 3.819752e+02 1.862348e+02
      vertex   -9.796876e+01 3.821479e+02 1.892098e+02
      vertex   -9.792993e+01 3.819752e+02 1.892098e+02
    endloop
  endfacet
  facet normal 9.524145e-01 3.048058e-01 -4.549454e-15
    outer loop
      vertex   -9.792993e+01 3.819752e+02 1.862348e+02
      vertex   -9.792993e+01 3.819752e+02 1.892098e+02
      vertex   -9.787600e+01 3.818067e+02 1.862348e+02
    endloop
  endfacet
  facet normal 9.756263e-01 2.194385e-01 0.000000e+00
    outer loop
      vertex   -9.792993e+01 3.819752e+02 1.832598e+02
      vertex   -9.796876e+01 3.821479e+02 1.832598e+02
      vertex   -9.796876e+01 3.821479e+02 1.862348e+02
    endloop
  endfacet
  facet normal 9.912025e-01 1.323539e-01 0.000000e+00
    outer loop
      vertex   -9.796876e+01 3.821479e+02 1.862348e+02
      vertex   -9.796876e+01 3.821479e+02 1.832598e+02
      vertex   -9.799218e+01 3.823232e+02 1.862348e+02
    endloop
  endfacet
  facet normal 9.756263e-01 2.194385e-01 -0.000000e+00
    outer loop
      vertex   -9.792993e+01 3.819752e+02 1.832598e+02
      vertex   -9.796876e+01 3.821479e+02 1.862348e+02
      vertex   -9.792993e+01 3.819752e+02 1.862348e+02
    endloop
  endfacet
  facet normal 9.524145e-01 3.048058e-01 0.000000e+00
    outer loop
      vertex   -9.787600e+01 3.818067e+02 1.832598e+02
      vertex   -9.792993e+01 3.819752e+02 1.832598e+02
      vertex   -9.792993e+01 3.819752e+02 1.862348e+02
    endloop
  endfacet
  facet normal 9.524145e-01 3.048058e-01 -0.000000e+00
    outer loop
      vertex   -9.787600e+01 3.818067e+02 1.832598e+02
      vertex   -9.792993e+01 3.819752e+02 1.862348e+02
      vertex   -9.787600e+01 3.818067e+02 1.862348e+02
    endloop
  endfacet
  facet normal 9.217488e-01 3.877875e-01 -0.000000e+00
    outer loop
      vertex   -9.780739e+01 3.816436e+02 1.862348e+02
      vertex   -9.787600e+01 3.818067e+02 1.892098e+02
      vertex   -9.780739e+01 3.816436e+02 1.892098e+02
    endloop
  endfacet
  facet normal 9.217488e-01 3.877875e-01 0.000000e+00
    outer loop
      vertex   -9.780739e+01 3.816436e+02 1.832598e+02
      vertex   -9.787600e+01 3.818067e+02 1.832598e+02
      vertex   -9.787600e+01 3.818067e+02 1.862348e+02
    endloop
  endfacet
  facet normal 8.838691e-01 4.677343e-01 -0.000000e+00
    outer loop
      vertex   -9.780739e+01 3.816436e+02 1.862348e+02
      vertex   -9.780739e+01 3.816436e+02 1.892098e+02
      vertex   -9.772463e+01 3.814873e+02 1.862348e+02
    endloop
  endfacet
  facet normal 8.838691e-01 4.677343e-01 -0.000000e+00
    outer loop
      vertex   -9.772463e+01 3.814873e+02 1.862348e+02
      vertex   -9.780739e+01 3.816436e+02 1.892098e+02
      vertex   -9.772463e+01 3.814873e+02 1.892098e+02
    endloop
  endfacet
  facet normal 8.390720e-01 5.440204e-01 -0.000000e+00
    outer loop
      vertex   -9.772463e+01 3.814873e+02 1.862348e+02
      vertex   -9.772463e+01 3.814873e+02 1.892098e+02
      vertex   -9.762838e+01 3.813388e+02 1.862348e+02
    endloop
  endfacet
  facet normal 8.390720e-01 5.440204e-01 -0.000000e+00
    outer loop
      vertex   -9.762838e+01 3.813388e+02 1.862348e+02
      vertex   -9.772463e+01 3.814873e+02 1.892098e+02
      vertex   -9.762838e+01 3.813388e+02 1.892098e+02
    endloop
  endfacet
  facet normal 7.877080e-01 6.160488e-01 -0.000000e+00
    outer loop
      vertex   -9.762838e+01 3.813388e+02 1.862348e+02
      vertex   -9.762838e+01 3.813388e+02 1.892098e+02
      vertex   -9.751938e+01 3.811994e+02 1.862348e+02
    endloop
  endfacet
  facet normal 7.877080e-01 6.160488e-01 -0.000000e+00
    outer loop
      vertex   -9.751938e+01 3.811994e+02 1.862348e+02
      vertex   -9.762838e+01 3.813388e+02 1.892098e+02
      vertex   -9.751938e+01 3.811994e+02 1.892098e+02
    endloop
  endfacet
  facet normal 7.301791e-01 6.832558e-01 -0.000000e+00
    outer loop
      vertex   -9.751938e+01 3.811994e+02 1.862348e+02
      vertex   -9.751938e+01 3.811994e+02 1.892098e+02
      vertex   -9.739848e+01 3.810702e+02 1.862348e+02
    endloop
  endfacet
  facet normal 7.301791e-01 6.832558e-01 -0.000000e+00
    outer loop
      vertex   -9.739848e+01 3.810702e+02 1.862348e+02
      vertex   -9.751938e+01 3.811994e+02 1.892098e+02
      vertex   -9.739848e+01 3.810702e+02 1.892098e+02
    endloop
  endfacet
  facet normal 6.669355e-01 7.451154e-01 -0.000000e+00
    outer loop
      vertex   -9.739848e+01 3.810702e+02 1.862348e+02
      vertex   -9.739848e+01 3.810702e+02 1.892098e+02
      vertex   -9.726665e+01 3.809522e+02 1.862348e+02
    endloop
  endfacet
  facet normal 6.669355e-01 7.451154e-01 -0.000000e+00
    outer loop
      vertex   -9.726665e+01 3.809522e+02 1.862348e+02
      vertex   -9.739848e+01 3.810702e+02 1.892098e+02
      vertex   -9.726665e+01 3.809522e+02 1.892098e+02
    endloop
  endfacet
  facet normal 5.984723e-01 8.011435e-01 -0.000000e+00
    outer loop
      vertex   -9.726665e+01 3.809522e+02 1.862348e+02
      vertex   -9.726665e+01 3.809522e+02 1.892098e+02
      vertex   -9.712490e+01 3.808463e+02 1.862348e+02
    endloop
  endfacet
  facet normal 5.984723e-01 8.011435e-01 -0.000000e+00
    outer loop
      vertex   -9.712490e+01 3.808463e+02 1.862348e+02
      vertex   -9.726665e+01 3.809522e+02 1.892098e+02
      vertex   -9.712490e+01 3.808463e+02 1.892098e+02
    endloop
  endfacet
  facet normal 5.253252e-01 8.509015e-01 -0.000000e+00
    outer loop
      vertex   -9.712490e+01 3.808463e+02 1.862348e+02
      vertex   -9.712490e+01 3.808463e+02 1.892098e+02
      vertex   -9.697435e+01 3.807534e+02 1.862348e+02
    endloop
  endfacet
  facet normal 5.253252e-01 8.509015e-01 -0.000000e+00
    outer loop
      vertex   -9.697435e+01 3.807534e+02 1.862348e+02
      vertex   -9.712490e+01 3.808463e+02 1.892098e+02
      vertex   -9.697435e+01 3.807534e+02 1.892098e+02
    endloop
  endfacet
  facet normal 4.480668e-01 8.940001e-01 -0.000000e+00
    outer loop
      vertex   -9.697435e+01 3.807534e+02 1.862348e+02
      vertex   -9.697435e+01 3.807534e+02 1.892098e+02
      vertex   -9.681617e+01 3.806741e+02 1.862348e+02
    endloop
  endfacet
  facet normal 4.480668e-01 8.940001e-01 -0.000000e+00
    outer loop
      vertex   -9.681617e+01 3.806741e+02 1.862348e+02
      vertex   -9.697435e+01 3.807534e+02 1.892098e+02
      vertex   -9.681617e+01 3.806741e+02 1.892098e+02
    endloop
  endfacet
  facet normal 3.673016e-01 9.301019e-01 -0.000000e+00
    outer loop
      vertex   -9.681617e+01 3.806741e+02 1.862348e+02
      vertex   -9.681617e+01 3.806741e+02 1.892098e+02
      vertex   -9.665160e+01 3.806091e+02 1.862348e+02
    endloop
  endfacet
  facet normal 3.673016e-01 9.301019e-01 -0.000000e+00
    outer loop
      vertex   -9.665160e+01 3.806091e+02 1.862348e+02
      vertex   -9.681617e+01 3.806741e+02 1.892098e+02
      vertex   -9.665160e+01 3.806091e+02 1.892098e+02
    endloop
  endfacet
  facet normal 2.836618e-01 9.589244e-01 -0.000000e+00
    outer loop
      vertex   -9.665160e+01 3.806091e+02 1.862348e+02
      vertex   -9.665160e+01 3.806091e+02 1.892098e+02
      vertex   -9.648194e+01 3.805589e+02 1.862348e+02
    endloop
  endfacet
  facet normal 2.836618e-01 9.589244e-01 -0.000000e+00
    outer loop
      vertex   -9.648194e+01 3.805589e+02 1.862348e+02
      vertex   -9.665160e+01 3.806091e+02 1.892098e+02
      vertex   -9.648194e+01 3.805589e+02 1.892098e+02
    endloop
  endfacet
  facet normal 1.978019e-01 9.802420e-01 -0.000000e+00
    outer loop
      vertex   -9.648194e+01 3.805589e+02 1.862348e+02
      vertex   -9.648194e+01 3.805589e+02 1.892098e+02
      vertex   -9.630850e+01 3.805239e+02 1.862348e+02
    endloop
  endfacet
  facet normal 1.978019e-01 9.802420e-01 -0.000000e+00
    outer loop
      vertex   -9.630850e+01 3.805239e+02 1.862348e+02
      vertex   -9.648194e+01 3.805589e+02 1.892098e+02
      vertex   -9.630850e+01 3.805239e+02 1.892098e+02
    endloop
  endfacet
  facet normal 1.103940e-01 9.938879e-01 -0.000000e+00
    outer loop
      vertex   -9.630850e+01 3.805239e+02 1.862348e+02
      vertex   -9.630850e+01 3.805239e+02 1.892098e+02
      vertex   -9.613265e+01 3.805044e+02 1.862348e+02
    endloop
  endfacet
  facet normal 1.103940e-01 9.938879e-01 -0.000000e+00
    outer loop
      vertex   -9.613265e+01 3.805044e+02 1.862348e+02
      vertex   -9.630850e+01 3.805239e+02 1.892098e+02
      vertex   -9.613265e+01 3.805044e+02 1.892098e+02
    endloop
  endfacet
  facet normal 2.212209e-02 9.997553e-01 -0.000000e+00
    outer loop
      vertex   -9.613265e+01 3.805044e+02 1.862348e+02
      vertex   -9.613265e+01 3.805044e+02 1.892098e+02
      vertex   -9.595576e+01 3.805005e+02 1.862348e+02
    endloop
  endfacet
  facet normal 2.212209e-02 9.997553e-01 -0.000000e+00
    outer loop
      vertex   -9.595576e+01 3.805005e+02 1.862348e+02
      vertex   -9.613265e+01 3.805044e+02 1.892098e+02
      vertex   -9.595576e+01 3.805005e+02 1.892098e+02
    endloop
  endfacet
  facet normal -6.632296e-02 9.977982e-01 0.000000e+00
    outer loop
      vertex   -9.595576e+01 3.805005e+02 1.862348e+02
      vertex   -9.595576e+01 3.805005e+02 1.892098e+02
      vertex   -9.577921e+01 3.805122e+02 1.862348e+02
    endloop
  endfacet
  facet normal -6.632296e-02 9.977982e-01 0.000000e+00
    outer loop
      vertex   -9.577921e+01 3.805122e+02 1.862348e+02
      vertex   -9.595576e+01 3.805005e+02 1.892098e+02
      vertex   -9.577921e+01 3.805122e+02 1.892098e+02
    endloop
  endfacet
  facet normal -1.542489e-01 9.880320e-01 0.000000e+00
    outer loop
      vertex   -9.577921e+01 3.805122e+02 1.862348e+02
      vertex   -9.577921e+01 3.805122e+02 1.892098e+02
      vertex   -9.560440e+01 3.805395e+02 1.862348e+02
    endloop
  endfacet
  facet normal -1.542489e-01 9.880320e-01 0.000000e+00
    outer loop
      vertex   -9.560440e+01 3.805395e+02 1.862348e+02
      vertex   -9.577921e+01 3.805122e+02 1.892098e+02
      vertex   -9.560440e+01 3.805395e+02 1.892098e+02
    endloop
  endfacet
  facet normal -2.409677e-01 9.705331e-01 0.000000e+00
    outer loop
      vertex   -9.560440e+01 3.805395e+02 1.862348e+02
      vertex   -9.560440e+01 3.805395e+02 1.892098e+02
      vertex   -9.543268e+01 3.805822e+02 1.862348e+02
    endloop
  endfacet
  facet normal -2.409677e-01 9.705331e-01 0.000000e+00
    outer loop
      vertex   -9.543268e+01 3.805822e+02 1.862348e+02
      vertex   -9.560440e+01 3.805395e+02 1.892098e+02
      vertex   -9.543268e+01 3.805822e+02 1.892098e+02
    endloop
  endfacet
  facet normal -3.258006e-01 9.454385e-01 0.000000e+00
    outer loop
      vertex   -9.543268e+01 3.805822e+02 1.862348e+02
      vertex   -9.543268e+01 3.805822e+02 1.892098e+02
      vertex   -9.526540e+01 3.806398e+02 1.862348e+02
    endloop
  endfacet
  facet normal -3.258006e-01 9.454385e-01 0.000000e+00
    outer loop
      vertex   -9.526540e+01 3.806398e+02 1.862348e+02
      vertex   -9.543268e+01 3.805822e+02 1.892098e+02
      vertex   -9.526540e+01 3.806398e+02 1.892098e+02
    endloop
  endfacet
  facet normal -4.080836e-01 9.129446e-01 0.000000e+00
    outer loop
      vertex   -9.526540e+01 3.806398e+02 1.862348e+02
      vertex   -9.526540e+01 3.806398e+02 1.892098e+02
      vertex   -9.510387e+01 3.807120e+02 1.862348e+02
    endloop
  endfacet
  facet normal -4.080836e-01 9.129446e-01 0.000000e+00
    outer loop
      vertex   -9.510387e+01 3.807120e+02 1.862348e+02
      vertex   -9.526540e+01 3.806398e+02 1.892098e+02
      vertex   -9.510387e+01 3.807120e+02 1.892098e+02
    endloop
  endfacet
  facet normal -4.871728e-01 8.733056e-01 0.000000e+00
    outer loop
      vertex   -9.510387e+01 3.807120e+02 1.862348e+02
      vertex   -9.510387e+01 3.807120e+02 1.892098e+02
      vertex   -9.494935e+01 3.807982e+02 1.862348e+02
    endloop
  endfacet
  facet normal -4.871728e-01 8.733056e-01 0.000000e+00
    outer loop
      vertex   -9.494935e+01 3.807982e+02 1.862348e+02
      vertex   -9.510387e+01 3.807120e+02 1.892098e+02
      vertex   -9.494935e+01 3.807982e+02 1.892098e+02
    endloop
  endfacet
  facet normal -5.624493e-01 8.268318e-01 0.000000e+00
    outer loop
      vertex   -9.494935e+01 3.807982e+02 1.862348e+02
      vertex   -9.494935e+01 3.807982e+02 1.892098e+02
      vertex   -9.480306e+01 3.808977e+02 1.862348e+02
    endloop
  endfacet
  facet normal -5.624493e-01 8.268318e-01 0.000000e+00
    outer loop
      vertex   -9.480306e+01 3.808977e+02 1.862348e+02
      vertex   -9.494935e+01 3.807982e+02 1.892098e+02
      vertex   -9.480306e+01 3.808977e+02 1.892098e+02
    endloop
  endfacet
  facet normal -6.333238e-01 7.738869e-01 0.000000e+00
    outer loop
      vertex   -9.480306e+01 3.808977e+02 1.862348e+02
      vertex   -9.480306e+01 3.808977e+02 1.892098e+02
      vertex   -9.466613e+01 3.810098e+02 1.862348e+02
    endloop
  endfacet
  facet normal -6.333238e-01 7.738869e-01 -3.025234e-15
    outer loop
      vertex   -9.466613e+01 3.810098e+02 1.862348e+02
      vertex   -9.480306e+01 3.808977e+02 1.892098e+02
      vertex   -9.466613e+01 3.810098e+02 1.892098e+02
    endloop
  endfacet
  facet normal -6.992417e-01 7.148853e-01 -3.340108e-15
    outer loop
      vertex   -9.466613e+01 3.810098e+02 1.862348e+02
      vertex   -9.466613e+01 3.810098e+02 1.892098e+02
      vertex   -9.453964e+01 3.811335e+02 1.862348e+02
    endloop
  endfacet
  facet normal -6.992417e-01 7.148853e-01 0.000000e+00
    outer loop
      vertex   -9.453964e+01 3.811335e+02 1.862348e+02
      vertex   -9.466613e+01 3.810098e+02 1.892098e+02
      vertex   -9.453964e+01 3.811335e+02 1.892098e+02
    endloop
  endfacet
  facet normal -7.596871e-01 6.502888e-01 0.000000e+00
    outer loop
      vertex   -9.453964e+01 3.811335e+02 1.862348e+02
      vertex   -9.453964e+01 3.811335e+02 1.892098e+02
      vertex   -9.442459e+01 3.812679e+02 1.862348e+02
    endloop
  endfacet
  facet normal -7.596871e-01 6.502888e-01 0.000000e+00
    outer loop
      vertex   -9.442459e+01 3.812679e+02 1.862348e+02
      vertex   -9.453964e+01 3.811335e+02 1.892098e+02
      vertex   -9.442459e+01 3.812679e+02 1.892098e+02
    endloop
  endfacet
  facet normal -8.141869e-01 5.806029e-01 0.000000e+00
    outer loop
      vertex   -9.442459e+01 3.812679e+02 1.862348e+02
      vertex   -9.442459e+01 3.812679e+02 1.892098e+02
      vertex   -9.432186e+01 3.814120e+02 1.862348e+02
    endloop
  endfacet
  facet normal -8.141869e-01 5.806029e-01 0.000000e+00
    outer loop
      vertex   -9.432186e+01 3.814120e+02 1.862348e+02
      vertex   -9.442459e+01 3.812679e+02 1.892098e+02
      vertex   -9.432186e+01 3.814120e+02 1.892098e+02
    endloop
  endfacet
  facet normal -8.623146e-01 5.063730e-01 0.000000e+00
    outer loop
      vertex   -9.432186e+01 3.814120e+02 1.862348e+02
      vertex   -9.432186e+01 3.814120e+02 1.892098e+02
      vertex   -9.423226e+01 3.815645e+02 1.862348e+02
    endloop
  endfacet
  facet normal -8.623146e-01 5.063730e-01 0.000000e+00
    outer loop
      vertex   -9.423226e+01 3.815645e+02 1.862348e+02
      vertex   -9.432186e+01 3.814120e+02 1.892098e+02
      vertex   -9.423226e+01 3.815645e+02 1.892098e+02
    endloop
  endfacet
  facet normal -9.036935e-01 4.281800e-01 0.000000e+00
    outer loop
      vertex   -9.423226e+01 3.815645e+02 1.862348e+02
      vertex   -9.423226e+01 3.815645e+02 1.892098e+02
      vertex   -9.415650e+01 3.817244e+02 1.862348e+02
    endloop
  endfacet
  facet normal -9.036935e-01 4.281800e-01 0.000000e+00
    outer loop
      vertex   -9.415650e+01 3.817244e+02 1.862348e+02
      vertex   -9.423226e+01 3.815645e+02 1.892098e+02
      vertex   -9.415650e+01 3.817244e+02 1.892098e+02
    endloop
  endfacet
  facet normal -9.380343e-01 3.465423e-01 0.000000e+00
    outer loop
      vertex   -9.415650e+01 3.817244e+02 1.862348e+02
      vertex   -9.415650e+01 3.817244e+02 1.892098e+02
      vertex   -9.409505e+01 3.818908e+02 1.892098e+02
    endloop
  endfacet
  facet normal 8.390720e-01 5.440204e-01 0.000000e+00
    outer loop
      vertex   -9.762838e+01 3.813388e+02 1.832598e+02
      vertex   -9.772463e+01 3.814873e+02 1.832598e+02
      vertex   -9.772463e+01 3.814873e+02 1.862348e+02
    endloop
  endfacet
  facet normal 8.838691e-01 4.677343e-01 0.000000e+00
    outer loop
      vertex   -9.772463e+01 3.814873e+02 1.862348e+02
      vertex   -9.772463e+01 3.814873e+02 1.832598e+02
      vertex   -9.780739e+01 3.816436e+02 1.862348e+02
    endloop
  endfacet
  facet normal 8.390720e-01 5.440204e-01 -0.000000e+00
    outer loop
      vertex   -9.762838e+01 3.813388e+02 1.832598e+02
      vertex   -9.772463e+01 3.814873e+02 1.862348e+02
      vertex   -9.762838e+01 3.813388e+02 1.862348e+02
    endloop
  endfacet
  facet normal 7.877080e-01 6.160488e-01 0.000000e+00
    outer loop
      vertex   -9.751938e+01 3.811994e+02 1.832598e+02
      vertex   -9.762838e+01 3.813388e+02 1.832598e+02
      vertex   -9.762838e+01 3.813388e+02 1.862348e+02
    endloop
  endfacet
  facet normal 7.877080e-01 6.160488e-01 -0.000000e+00
    outer loop
      vertex   -9.751938e+01 3.811994e+02 1.832598e+02
      vertex   -9.762838e+01 3.813388e+02 1.862348e+02
      vertex   -9.751938e+01 3.811994e+02 1.862348e+02
    endloop
  endfacet
  facet normal 7.301791e-01 6.832558e-01 0.000000e+00
    outer loop
      vertex   -9.739848e+01 3.810702e+02 1.832598e+02
      vertex   -9.751938e+01 3.811994e+02 1.832598e+02
      vertex   -9.751938e+01 3.811994e+02 1.862348e+02
    endloop
  endfacet
  facet normal 7.301791e-01 6.832558e-01 -0.000000e+00
    outer loop
      vertex   -9.739848e+01 3.810702e+02 1.832598e+02
      vertex   -9.751938e+01 3.811994e+02 1.862348e+02
      vertex   -9.739848e+01 3.810702e+02 1.862348e+02
    endloop
  endfacet
  facet normal 6.669355e-01 7.451154e-01 0.000000e+00
    outer loop
      vertex   -9.726665e+01 3.809522e+02 1.832598e+02
      vertex   -9.739848e+01 3.810702e+02 1.832598e+02
      vertex   -9.739848e+01 3.810702e+02 1.862348e+02
    endloop
  endfacet
  facet normal 6.669355e-01 7.451154e-01 -3.185790e-15
    outer loop
      vertex   -9.726665e+01 3.809522e+02 1.832598e+02
      vertex   -9.739848e+01 3.810702e+02 1.862348e+02
      vertex   -9.726665e+01 3.809522e+02 1.862348e+02
    endloop
  endfacet
  facet normal 5.984723e-01 8.011435e-01 -2.860574e-15
    outer loop
      vertex   -9.712490e+01 3.808463e+02 1.832598e+02
      vertex   -9.726665e+01 3.809522e+02 1.832598e+02
      vertex   -9.726665e+01 3.809522e+02 1.862348e+02
    endloop
  endfacet
  facet normal 5.984723e-01 8.011435e-01 2.858757e-15
    outer loop
      vertex   -9.712490e+01 3.808463e+02 1.832598e+02
      vertex   -9.726665e+01 3.809522e+02 1.862348e+02
      vertex   -9.712490e+01 3.808463e+02 1.862348e+02
    endloop
  endfacet
  facet normal 5.253252e-01 8.509015e-01 2.511241e-15
    outer loop
      vertex   -9.697435e+01 3.807534e+02 1.832598e+02
      vertex   -9.712490e+01 3.808463e+02 1.832598e+02
      vertex   -9.712490e+01 3.808463e+02 1.862348e+02
    endloop
  endfacet
  facet normal 5.253252e-01 8.509015e-01 5.018703e-15
    outer loop
      vertex   -9.697435e+01 3.807534e+02 1.832598e+02
      vertex   -9.712490e+01 3.808463e+02 1.862348e+02
      vertex   -9.697435e+01 3.807534e+02 1.862348e+02
    endloop
  endfacet
  facet normal 4.480668e-01 8.940001e-01 4.280975e-15
    outer loop
      vertex   -9.681617e+01 3.806741e+02 1.832598e+02
      vertex   -9.697435e+01 3.807534e+02 1.832598e+02
      vertex   -9.697435e+01 3.807534e+02 1.862348e+02
    endloop
  endfacet
  facet normal 4.480668e-01 8.940001e-01 -0.000000e+00
    outer loop
      vertex   -9.681617e+01 3.806741e+02 1.832598e+02
      vertex   -9.697435e+01 3.807534e+02 1.862348e+02
      vertex   -9.681617e+01 3.806741e+02 1.862348e+02
    endloop
  endfacet
  facet normal 3.673016e-01 9.301019e-01 0.000000e+00
    outer loop
      vertex   -9.665160e+01 3.806091e+02 1.832598e+02
      vertex   -9.681617e+01 3.806741e+02 1.832598e+02
      vertex   -9.681617e+01 3.806741e+02 1.862348e+02
    endloop
  endfacet
  facet normal 3.673016e-01 9.301019e-01 -0.000000e+00
    outer loop
      vertex   -9.665160e+01 3.806091e+02 1.832598e+02
      vertex   -9.681617e+01 3.806741e+02 1.862348e+02
      vertex   -9.665160e+01 3.806091e+02 1.862348e+02
    endloop
  endfacet
  facet normal 2.836618e-01 9.589244e-01 0.000000e+00
    outer loop
      vertex   -9.648194e+01 3.805589e+02 1.832598e+02
      vertex   -9.665160e+01 3.806091e+02 1.832598e+02
      vertex   -9.665160e+01 3.806091e+02 1.862348e+02
    endloop
  endfacet
  facet normal 2.836618e-01 9.589244e-01 -0.000000e+00
    outer loop
      vertex   -9.648194e+01 3.805589e+02 1.832598e+02
      vertex   -9.665160e+01 3.806091e+02 1.862348e+02
      vertex   -9.648194e+01 3.805589e+02 1.862348e+02
    endloop
  endfacet
  facet normal 1.978019e-01 9.802420e-01 0.000000e+00
    outer loop
      vertex   -9.630850e+01 3.805239e+02 1.832598e+02
      vertex   -9.648194e+01 3.805589e+02 1.832598e+02
      vertex   -9.648194e+01 3.805589e+02 1.862348e+02
    endloop
  endfacet
  facet normal 1.978019e-01 9.802420e-01 -0.000000e+00
    outer loop
      vertex   -9.630850e+01 3.805239e+02 1.832598e+02
      vertex   -9.648194e+01 3.805589e+02 1.862348e+02
      vertex   -9.630850e+01 3.805239e+02 1.862348e+02
    endloop
  endfacet
  facet normal 1.103940e-01 9.938879e-01 0.000000e+00
    outer loop
      vertex   -9.613265e+01 3.805044e+02 1.832598e+02
      vertex   -9.630850e+01 3.805239e+02 1.832598e+02
      vertex   -9.630850e+01 3.805239e+02 1.862348e+02
    endloop
  endfacet
  facet normal 1.103940e-01 9.938879e-01 -0.000000e+00
    outer loop
      vertex   -9.613265e+01 3.805044e+02 1.832598e+02
      vertex   -9.630850e+01 3.805239e+02 1.862348e+02
      vertex   -9.613265e+01 3.805044e+02 1.862348e+02
    endloop
  endfacet
  facet normal 2.212209e-02 9.997553e-01 0.000000e+00
    outer loop
      vertex   -9.595576e+01 3.805005e+02 1.832598e+02
      vertex   -9.613265e+01 3.805044e+02 1.832598e+02
      vertex   -9.613265e+01 3.805044e+02 1.862348e+02
    endloop
  endfacet
  facet normal 2.212209e-02 9.997553e-01 -0.000000e+00
    outer loop
      vertex   -9.595576e+01 3.805005e+02 1.832598e+02
      vertex   -9.613265e+01 3.805044e+02 1.862348e+02
      vertex   -9.595576e+01 3.805005e+02 1.862348e+02
    endloop
  endfacet
  facet normal -6.632296e-02 9.977982e-01 0.000000e+00
    outer loop
      vertex   -9.577921e+01 3.805122e+02 1.832598e+02
      vertex   -9.595576e+01 3.805005e+02 1.832598e+02
      vertex   -9.595576e+01 3.805005e+02 1.862348e+02
    endloop
  endfacet
  facet normal -6.632296e-02 9.977982e-01 0.000000e+00
    outer loop
      vertex   -9.577921e+01 3.805122e+02 1.832598e+02
      vertex   -9.595576e+01 3.805005e+02 1.862348e+02
      vertex   -9.577921e+01 3.805122e+02 1.862348e+02
    endloop
  endfacet
  facet normal -1.542489e-01 9.880320e-01 0.000000e+00
    outer loop
      vertex   -9.560440e+01 3.805395e+02 1.832598e+02
      vertex   -9.577921e+01 3.805122e+02 1.832598e+02
      vertex   -9.577921e+01 3.805122e+02 1.862348e+02
    endloop
  endfacet
  facet normal -1.542489e-01 9.880320e-01 0.000000e+00
    outer loop
      vertex   -9.560440e+01 3.805395e+02 1.832598e+02
      vertex   -9.577921e+01 3.805122e+02 1.862348e+02
      vertex   -9.560440e+01 3.805395e+02 1.862348e+02
    endloop
  endfacet
  facet normal -2.409677e-01 9.705331e-01 0.000000e+00
    outer loop
      vertex   -9.543268e+01 3.805822e+02 1.832598e+02
      vertex   -9.560440e+01 3.805395e+02 1.832598e+02
      vertex   -9.560440e+01 3.805395e+02 1.862348e+02
    endloop
  endfacet
  facet normal -2.409677e-01 9.705331e-01 0.000000e+00
    outer loop
      vertex   -9.543268e+01 3.805822e+02 1.832598e+02
      vertex   -9.560440e+01 3.805395e+02 1.862348e+02
      vertex   -9.543268e+01 3.805822e+02 1.862348e+02
    endloop
  endfacet
  facet normal -3.258006e-01 9.454385e-01 0.000000e+00
    outer loop
      vertex   -9.526540e+01 3.806398e+02 1.832598e+02
      vertex   -9.543268e+01 3.805822e+02 1.832598e+02
      vertex   -9.543268e+01 3.805822e+02 1.862348e+02
    endloop
  endfacet
  facet normal -3.258006e-01 9.454385e-01 0.000000e+00
    outer loop
      vertex   -9.526540e+01 3.806398e+02 1.832598e+02
      vertex   -9.543268e+01 3.805822e+02 1.862348e+02
      vertex   -9.526540e+01 3.806398e+02 1.862348e+02
    endloop
  endfacet
  facet normal -4.080836e-01 9.129446e-01 0.000000e+00
    outer loop
      vertex   -9.510387e+01 3.807120e+02 1.832598e+02
      vertex   -9.526540e+01 3.806398e+02 1.832598e+02
      vertex   -9.526540e+01 3.806398e+02 1.862348e+02
    endloop
  endfacet
  facet normal -4.080836e-01 9.129446e-01 0.000000e+00
    outer loop
      vertex   -9.510387e+01 3.807120e+02 1.832598e+02
      vertex   -9.526540e+01 3.806398e+02 1.862348e+02
      vertex   -9.510387e+01 3.807120e+02 1.862348e+02
    endloop
  endfacet
  facet normal -4.871728e-01 8.733056e-01 0.000000e+00
    outer loop
      vertex   -9.494935e+01 3.807982e+02 1.832598e+02
      vertex   -9.510387e+01 3.807120e+02 1.832598e+02
      vertex   -9.510387e+01 3.807120e+02 1.862348e+02
    endloop
  endfacet
  facet normal -4.871728e-01 8.733056e-01 0.000000e+00
    outer loop
      vertex   -9.494935e+01 3.807982e+02 1.832598e+02
      vertex   -9.510387e+01 3.807120e+02 1.862348e+02
      vertex   -9.494935e+01 3.807982e+02 1.862348e+02
    endloop
  endfacet
  facet normal -5.624493e-01 8.268318e-01 0.000000e+00
    outer loop
      vertex   -9.480306e+01 3.808977e+02 1.832598e+02
      vertex   -9.494935e+01 3.807982e+02 1.832598e+02
      vertex   -9.494935e+01 3.807982e+02 1.862348e+02
    endloop
  endfacet
  facet normal -5.624493e-01 8.268318e-01 0.000000e+00
    outer loop
      vertex   -9.480306e+01 3.808977e+02 1.832598e+02
      vertex   -9.494935e+01 3.807982e+02 1.862348e+02
      vertex   -9.480306e+01 3.808977e+02 1.862348e+02
    endloop
  endfacet
  facet normal -6.333238e-01 7.738869e-01 0.000000e+00
    outer loop
      vertex   -9.466613e+01 3.810098e+02 1.832598e+02
      vertex   -9.480306e+01 3.808977e+02 1.832598e+02
      vertex   -9.480306e+01 3.808977e+02 1.862348e+02
    endloop
  endfacet
  facet normal -6.333238e-01 7.738869e-01 0.000000e+00
    outer loop
      vertex   -9.466613e+01 3.810098e+02 1.832598e+02
      vertex   -9.480306e+01 3.808977e+02 1.862348e+02
      vertex   -9.466613e+01 3.810098e+02 1.862348e+02
    endloop
  endfacet
  facet normal -6.992417e-01 7.148853e-01 0.000000e+00
    outer loop
      vertex   -9.453964e+01 3.811335e+02 1.832598e+02
      vertex   -9.466613e+01 3.810098e+02 1.832598e+02
      vertex   -9.466613e+01 3.810098e+02 1.862348e+02
    endloop
  endfacet
  facet normal -6.992417e-01 7.148853e-01 -3.340108e-15
    outer loop
      vertex   -9.453964e+01 3.811335e+02 1.832598e+02
      vertex   -9.466613e+01 3.810098e+02 1.862348e+02
      vertex   -9.453964e+01 3.811335e+02 1.862348e+02
    endloop
  endfacet
  facet normal -7.596871e-01 6.502888e-01 -3.628447e-15
    outer loop
      vertex   -9.442459e+01 3.812679e+02 1.832598e+02
      vertex   -9.453964e+01 3.811335e+02 1.832598e+02
      vertex   -9.453964e+01 3.811335e+02 1.862348e+02
    endloop
  endfacet
  facet normal -7.596871e-01 6.502888e-01 -3.628841e-15
    outer loop
      vertex   -9.442459e+01 3.812679e+02 1.832598e+02
      vertex   -9.453964e+01 3.811335e+02 1.862348e+02
      vertex   -9.442459e+01 3.812679e+02 1.862348e+02
    endloop
  endfacet
  facet normal -8.141869e-01 5.806029e-01 -3.888799e-15
    outer loop
      vertex   -9.432186e+01 3.814120e+02 1.832598e+02
      vertex   -9.442459e+01 3.812679e+02 1.832598e+02
      vertex   -9.442459e+01 3.812679e+02 1.862348e+02
    endloop
  endfacet
  facet normal -8.141869e-01 5.806029e-01 0.000000e+00
    outer loop
      vertex   -9.432186e+01 3.814120e+02 1.832598e+02
      vertex   -9.442459e+01 3.812679e+02 1.862348e+02
      vertex   -9.432186e+01 3.814120e+02 1.862348e+02
    endloop
  endfacet
  facet normal -8.623146e-01 5.063730e-01 0.000000e+00
    outer loop
      vertex   -9.423226e+01 3.815645e+02 1.832598e+02
      vertex   -9.432186e+01 3.814120e+02 1.832598e+02
      vertex   -9.432186e+01 3.814120e+02 1.862348e+02
    endloop
  endfacet
  facet normal -8.623146e-01 5.063730e-01 0.000000e+00
    outer loop
      vertex   -9.423226e+01 3.815645e+02 1.832598e+02
      vertex   -9.432186e+01 3.814120e+02 1.862348e+02
      vertex   -9.423226e+01 3.815645e+02 1.862348e+02
    endloop
  endfacet
  facet normal -9.036935e-01 4.281800e-01 0.000000e+00
    outer loop
      vertex   -9.415650e+01 3.817244e+02 1.832598e+02
      vertex   -9.423226e+01 3.815645e+02 1.832598e+02
      vertex   -9.423226e+01 3.815645e+02 1.862348e+02
    endloop
  endfacet
  facet normal -9.036935e-01 4.281800e-01 0.000000e+00
    outer loop
      vertex   -9.415650e+01 3.817244e+02 1.832598e+02
      vertex   -9.423226e+01 3.815645e+02 1.862348e+02
      vertex   -9.415650e+01 3.817244e+02 1.862348e+02
    endloop
  endfacet
  facet normal -9.380689e-01 3.464488e-01 0.000000e+00
    outer loop
      vertex   -9.415650e+01 3.817244e+02 1.832598e+02
      vertex   -9.415650e+01 3.817244e+02 1.862348e+02
      vertex   -9.409493e+01 3.818912e+02 1.862348e+02
    endloop
  endfacet
  facet normal -9.380689e-01 3.464488e-01 5.946625e-06
    outer loop
      vertex   -9.409493e+01 3.818912e+02 1.862348e+02
      vertex   -9.415650e+01 3.817244e+02 1.862348e+02
      vertex   -9.409505e+01 3.818908e+02 1.892098e+02
    endloop
  endfacet
  facet normal -9.650098e-01 2.622139e-01 -5.916068e-06
    outer loop
      vertex   -9.409493e+01 3.818912e+02 1.862348e+02
      vertex   -9.409505e+01 3.818908e+02 1.892098e+02
      vertex   -9.404869e+01 3.820614e+02 1.892098e+02
    endloop
  endfacet
  facet normal -9.650546e-01 2.620489e-01 -5.912248e-06
    outer loop
      vertex   -9.404862e+01 3.820617e+02 1.862348e+02
      vertex   -9.409481e+01 3.818915e+02 1.832598e+02
      vertex   -9.409493e+01 3.818912e+02 1.862348e+02
    endloop
  endfacet
  facet normal -9.381035e-01 3.463552e-01 5.959993e-06
    outer loop
      vertex   -9.409493e+01 3.818912e+02 1.862348e+02
      vertex   -9.409481e+01 3.818915e+02 1.832598e+02
      vertex   -9.415650e+01 3.817244e+02 1.832598e+02
    endloop
  endfacet
  facet normal -9.650546e-01 2.620489e-01 4.225763e-06
    outer loop
      vertex   -9.404862e+01 3.820617e+02 1.862348e+02
      vertex   -9.409493e+01 3.818912e+02 1.862348e+02
      vertex   -9.404869e+01 3.820614e+02 1.892098e+02
    endloop
  endfacet
  facet normal -9.843980e-01 1.759563e-01 -4.228491e-06
    outer loop
      vertex   -9.401757e+01 3.822355e+02 1.892098e+02
      vertex   -9.404862e+01 3.820617e+02 1.862348e+02
      vertex   -9.404869e+01 3.820614e+02 1.892098e+02
    endloop
  endfacet
  facet normal 7.877080e-01 -6.160488e-01 0.000000e+00
    outer loop
      vertex   -9.762838e+01 3.836612e+02 1.862348e+02
      vertex   -9.751938e+01 3.838006e+02 1.892098e+02
      vertex   -9.762838e+01 3.836612e+02 1.892098e+02
    endloop
  endfacet
  facet normal 8.390720e-01 -5.440204e-01 0.000000e+00
    outer loop
      vertex   -9.762838e+01 3.836612e+02 1.862348e+02
      vertex   -9.762838e+01 3.836612e+02 1.892098e+02
      vertex   -9.772463e+01 3.835128e+02 1.862348e+02
    endloop
  endfacet
  facet normal 8.390720e-01 -5.440204e-01 0.000000e+00
    outer loop
      vertex   -9.772463e+01 3.835128e+02 1.862348e+02
      vertex   -9.762838e+01 3.836612e+02 1.892098e+02
      vertex   -9.772463e+01 3.835128e+02 1.892098e+02
    endloop
  endfacet
  facet normal 8.838691e-01 -4.677343e-01 0.000000e+00
    outer loop
      vertex   -9.772463e+01 3.835128e+02 1.862348e+02
      vertex   -9.772463e+01 3.835128e+02 1.892098e+02
      vertex   -9.780739e+01 3.833564e+02 1.862348e+02
    endloop
  endfacet
  facet normal 8.838691e-01 -4.677343e-01 0.000000e+00
    outer loop
      vertex   -9.780739e+01 3.833564e+02 1.862348e+02
      vertex   -9.772463e+01 3.835128e+02 1.892098e+02
      vertex   -9.780739e+01 3.833564e+02 1.892098e+02
    endloop
  endfacet
  facet normal 9.217488e-01 -3.877875e-01 0.000000e+00
    outer loop
      vertex   -9.780739e+01 3.833564e+02 1.862348e+02
      vertex   -9.780739e+01 3.833564e+02 1.892098e+02
      vertex   -9.787600e+01 3.831933e+02 1.862348e+02
    endloop
  endfacet
  facet normal 8.838691e-01 -4.677343e-01 0.000000e+00
    outer loop
      vertex   -9.780739e+01 3.833564e+02 1.832598e+02
      vertex   -9.772463e+01 3.835128e+02 1.832598e+02
      vertex   -9.772463e+01 3.835128e+02 1.862348e+02
    endloop
  endfacet
  facet normal 8.390720e-01 -5.440204e-01 0.000000e+00
    outer loop
      vertex   -9.772463e+01 3.835128e+02 1.862348e+02
      vertex   -9.772463e+01 3.835128e+02 1.832598e+02
      vertex   -9.762838e+01 3.836612e+02 1.862348e+02
    endloop
  endfacet
  facet normal 8.838691e-01 -4.677343e-01 0.000000e+00
    outer loop
      vertex   -9.780739e+01 3.833564e+02 1.832598e+02
      vertex   -9.772463e+01 3.835128e+02 1.862348e+02
      vertex   -9.780739e+01 3.833564e+02 1.862348e+02
    endloop
  endfacet
  facet normal 9.217488e-01 -3.877875e-01 0.000000e+00
    outer loop
      vertex   -9.787600e+01 3.831933e+02 1.832598e+02
      vertex   -9.780739e+01 3.833564e+02 1.832598e+02
      vertex   -9.780739e+01 3.833564e+02 1.862348e+02
    endloop
  endfacet
  facet normal 9.217488e-01 -3.877875e-01 0.000000e+00
    outer loop
      vertex   -9.787600e+01 3.831933e+02 1.832598e+02
      vertex   -9.780739e+01 3.833564e+02 1.862348e+02
      vertex   -9.787600e+01 3.831933e+02 1.862348e+02
    endloop
  endfacet
  facet normal 9.524145e-01 -3.048058e-01 -4.549454e-15
    outer loop
      vertex   -9.792993e+01 3.830248e+02 1.862348e+02
      vertex   -9.787600e+01 3.831933e+02 1.892098e+02
      vertex   -9.792993e+01 3.830248e+02 1.892098e+02
    endloop
  endfacet
  facet normal 9.524145e-01 -3.048058e-01 0.000000e+00
    outer loop
      vertex   -9.792993e+01 3.830248e+02 1.832598e+02
      vertex   -9.787600e+01 3.831933e+02 1.832598e+02
      vertex   -9.787600e+01 3.831933e+02 1.862348e+02
    endloop
  endfacet
  facet normal 9.756263e-01 -2.194385e-01 -4.659968e-15
    outer loop
      vertex   -9.796876e+01 3.828521e+02 1.862348e+02
      vertex   -9.792993e+01 3.830248e+02 1.862348e+02
      vertex   -9.792993e+01 3.830248e+02 1.892098e+02
    endloop
  endfacet
  facet normal 9.756263e-01 -2.194385e-01 0.000000e+00
    outer loop
      vertex   -9.796876e+01 3.828521e+02 1.862348e+02
      vertex   -9.792993e+01 3.830248e+02 1.892098e+02
      vertex   -9.796876e+01 3.828521e+02 1.892098e+02
    endloop
  endfacet
  facet normal 9.912025e-01 -1.323539e-01 0.000000e+00
    outer loop
      vertex   -9.799218e+01 3.826768e+02 1.862348e+02
      vertex   -9.796876e+01 3.828521e+02 1.862348e+02
      vertex   -9.796876e+01 3.828521e+02 1.892098e+02
    endloop
  endfacet
  facet normal 9.912025e-01 -1.323539e-01 0.000000e+00
    outer loop
      vertex   -9.799218e+01 3.826768e+02 1.862348e+02
      vertex   -9.796876e+01 3.828521e+02 1.892098e+02
      vertex   -9.799218e+01 3.826768e+02 1.892098e+02
    endloop
  endfacet
  facet normal 9.990212e-01 -4.423335e-02 0.000000e+00
    outer loop
      vertex   -9.800000e+01 3.825000e+02 1.862348e+02
      vertex   -9.799218e+01 3.826768e+02 1.862348e+02
      vertex   -9.799218e+01 3.826768e+02 1.892098e+02
    endloop
  endfacet
  facet normal 1.224947e-12 1.000000e+00 -0.000000e+00
    outer loop
      vertex   -1.168862e+02 3.806812e+02 1.802848e+02
      vertex   -1.168862e+02 3.806812e+02 1.961851e+02
      vertex   -1.160973e+02 3.806812e+02 1.948848e+02
    endloop
  endfacet
  facet normal 0.000000e+00 1.000000e+00 -7.431357e-13
    outer loop
      vertex   -1.160973e+02 3.806812e+02 1.948848e+02
      vertex   -1.168862e+02 3.806812e+02 1.961851e+02
      vertex   -1.139056e+02 3.806812e+02 1.961851e+02
    endloop
  endfacet
  facet normal -4.409011e-13 1.000000e+00 0.000000e+00
    outer loop
      vertex   -1.160973e+02 3.806812e+02 1.948848e+02
      vertex   -1.139056e+02 3.806812e+02 1.961851e+02
      vertex   -1.139056e+02 3.806812e+02 1.948848e+02
    endloop
  endfacet
  facet normal 1.224947e-12 1.000000e+00 0.000000e+00
    outer loop
      vertex   -1.160973e+02 3.806812e+02 1.948848e+02
      vertex   -1.160973e+02 3.806812e+02 1.802848e+02
      vertex   -1.168862e+02 3.806812e+02 1.802848e+02
    endloop
  endfacet
  facet normal 1.000000e+00 0.000000e+00 0.000000e+00
    outer loop
      vertex   -1.075000e+02 3.761317e+02 1.921848e+02
      vertex   -1.075000e+02 3.890000e+02 1.921848e+02
      vertex   -1.075000e+02 3.761317e+02 2.046848e+02
    endloop
  endfacet
  facet normal 1.000000e+00 -0.000000e+00 0.000000e+00
    outer loop
      vertex   -1.075000e+02 3.761317e+02 2.046848e+02
      vertex   -1.075000e+02 3.890000e+02 1.921848e+02
      vertex   -1.075000e+02 3.890000e+02 2.046848e+02
    endloop
  endfacet
endsolid
