solid ASCII
  facet normal 7.071068e-01 7.071068e-01 -0.000000e+00
    outer loop
      vertex   -1.395862e+02 3.953934e+02 1.872848e+02
      vertex   -1.395862e+02 3.953934e+02 1.912848e+02
      vertex   -1.385862e+02 3.943934e+02 1.872848e+02
    endloop
  endfacet
  facet normal 7.071068e-01 7.071068e-01 -0.000000e+00
    outer loop
      vertex   -1.385862e+02 3.943934e+02 1.872848e+02
      vertex   -1.395862e+02 3.953934e+02 1.912848e+02
      vertex   -1.385862e+02 3.943934e+02 1.912848e+02
    endloop
  endfacet
  facet normal 2.644881e-02 7.068594e-01 7.068594e-01
    outer loop
      vertex   -1.370862e+02 3.953934e+02 1.847848e+02
      vertex   -1.372731e+02 3.953934e+02 1.847917e+02
      vertex   -1.370862e+02 3.943934e+02 1.857848e+02
    endloop
  endfacet
  facet normal 3.264720e-02 7.073111e-01 7.061481e-01
    outer loop
      vertex   -1.370862e+02 3.943934e+02 1.857848e+02
      vertex   -1.372731e+02 3.953934e+02 1.847917e+02
      vertex   -1.372246e+02 3.943934e+02 1.857912e+02
    endloop
  endfacet
  facet normal 7.922843e-02 7.065921e-01 7.031717e-01
    outer loop
      vertex   -1.372246e+02 3.943934e+02 1.857912e+02
      vertex   -1.372731e+02 3.953934e+02 1.847917e+02
      vertex   -1.374588e+02 3.953934e+02 1.848127e+02
    endloop
  endfacet
  facet normal 9.762053e-02 7.076186e-01 6.998186e-01
    outer loop
      vertex   -1.372246e+02 3.943934e+02 1.857912e+02
      vertex   -1.374588e+02 3.953934e+02 1.848127e+02
      vertex   -1.373619e+02 3.943934e+02 1.858103e+02
    endloop
  endfacet
  facet normal 1.315741e-01 7.064892e-01 6.953857e-01
    outer loop
      vertex   -1.373619e+02 3.943934e+02 1.858103e+02
      vertex   -1.374588e+02 3.953934e+02 1.848127e+02
      vertex   -1.376425e+02 3.953934e+02 1.848474e+02
    endloop
  endfacet
  facet normal 1.617674e-01 7.076528e-01 6.877927e-01
    outer loop
      vertex   -1.373619e+02 3.943934e+02 1.858103e+02
      vertex   -1.376425e+02 3.953934e+02 1.848474e+02
      vertex   -1.374967e+02 3.943934e+02 1.858420e+02
    endloop
  endfacet
  facet normal 1.831565e-01 7.065509e-01 6.835492e-01
    outer loop
      vertex   -1.374967e+02 3.943934e+02 1.858420e+02
      vertex   -1.376425e+02 3.953934e+02 1.848474e+02
      vertex   -1.378231e+02 3.953934e+02 1.848958e+02
    endloop
  endfacet
  facet normal 2.246149e-01 7.074137e-01 6.701597e-01
    outer loop
      vertex   -1.374967e+02 3.943934e+02 1.858420e+02
      vertex   -1.378231e+02 3.953934e+02 1.848958e+02
      vertex   -1.376281e+02 3.943934e+02 1.858861e+02
    endloop
  endfacet
  facet normal 2.336514e-01 7.067772e-01 6.677373e-01
    outer loop
      vertex   -1.376281e+02 3.943934e+02 1.858861e+02
      vertex   -1.378231e+02 3.953934e+02 1.848958e+02
      vertex   -1.379996e+02 3.953934e+02 1.849576e+02
    endloop
  endfacet
  facet normal 2.828283e-01 7.069519e-01 6.482493e-01
    outer loop
      vertex   -1.376281e+02 3.943934e+02 1.858861e+02
      vertex   -1.379996e+02 3.953934e+02 1.849576e+02
      vertex   -1.381709e+02 3.953934e+02 1.850323e+02
    endloop
  endfacet
  facet normal 2.855811e-01 7.071914e-01 6.467795e-01
    outer loop
      vertex   -1.376281e+02 3.943934e+02 1.858861e+02
      vertex   -1.381709e+02 3.953934e+02 1.850323e+02
      vertex   -1.377548e+02 3.943934e+02 1.859420e+02
    endloop
  endfacet
  facet normal 3.306251e-01 7.066435e-01 6.255733e-01
    outer loop
      vertex   -1.377548e+02 3.943934e+02 1.859420e+02
      vertex   -1.381709e+02 3.953934e+02 1.850323e+02
      vertex   -1.383362e+02 3.953934e+02 1.851197e+02
    endloop
  endfacet
  facet normal 3.438570e-01 7.075674e-01 6.173416e-01
    outer loop
      vertex   -1.377548e+02 3.943934e+02 1.859420e+02
      vertex   -1.383362e+02 3.953934e+02 1.851197e+02
      vertex   -1.378759e+02 3.943934e+02 1.860094e+02
    endloop
  endfacet
  facet normal 3.765263e-01 7.064995e-01 5.992382e-01
    outer loop
      vertex   -1.378759e+02 3.943934e+02 1.860094e+02
      vertex   -1.383362e+02 3.953934e+02 1.851197e+02
      vertex   -1.384945e+02 3.953934e+02 1.852192e+02
    endloop
  endfacet
  facet normal 3.992933e-01 7.076698e-01 5.828964e-01
    outer loop
      vertex   -1.378759e+02 3.943934e+02 1.860094e+02
      vertex   -1.384945e+02 3.953934e+02 1.852192e+02
      vertex   -1.379902e+02 3.943934e+02 1.860877e+02
    endloop
  endfacet
  facet normal 4.202424e-01 7.065200e-01 5.694082e-01
    outer loop
      vertex   -1.379902e+02 3.943934e+02 1.860877e+02
      vertex   -1.384945e+02 3.953934e+02 1.852192e+02
      vertex   -1.386450e+02 3.953934e+02 1.853302e+02
    endloop
  endfacet
  facet normal 4.514822e-01 7.074991e-01 5.436993e-01
    outer loop
      vertex   -1.379902e+02 3.943934e+02 1.860877e+02
      vertex   -1.386450e+02 3.953934e+02 1.853302e+02
      vertex   -1.380968e+02 3.943934e+02 1.861762e+02
    endloop
  endfacet
  facet normal 4.614986e-01 7.067052e-01 5.362711e-01
    outer loop
      vertex   -1.380968e+02 3.943934e+02 1.861762e+02
      vertex   -1.386450e+02 3.953934e+02 1.853302e+02
      vertex   -1.387867e+02 3.953934e+02 1.854521e+02
    endloop
  endfacet
  facet normal 5.000369e-01 7.070546e-01 5.000369e-01
    outer loop
      vertex   -1.380968e+02 3.943934e+02 1.861762e+02
      vertex   -1.387867e+02 3.953934e+02 1.854521e+02
      vertex   -1.389189e+02 3.953934e+02 1.855843e+02
    endloop
  endfacet
  facet normal 5.000369e-01 7.070546e-01 5.000369e-01
    outer loop
      vertex   -1.380968e+02 3.943934e+02 1.861762e+02
      vertex   -1.389189e+02 3.953934e+02 1.855843e+02
      vertex   -1.381947e+02 3.943934e+02 1.862742e+02
    endloop
  endfacet
  facet normal 5.362711e-01 7.067052e-01 4.614986e-01
    outer loop
      vertex   -1.381947e+02 3.943934e+02 1.862742e+02
      vertex   -1.389189e+02 3.953934e+02 1.855843e+02
      vertex   -1.390408e+02 3.953934e+02 1.857260e+02
    endloop
  endfacet
  facet normal 5.436993e-01 7.074991e-01 4.514822e-01
    outer loop
      vertex   -1.381947e+02 3.943934e+02 1.862742e+02
      vertex   -1.390408e+02 3.953934e+02 1.857260e+02
      vertex   -1.382833e+02 3.943934e+02 1.863808e+02
    endloop
  endfacet
  facet normal 5.694082e-01 7.065200e-01 4.202424e-01
    outer loop
      vertex   -1.382833e+02 3.943934e+02 1.863808e+02
      vertex   -1.390408e+02 3.953934e+02 1.857260e+02
      vertex   -1.391518e+02 3.953934e+02 1.858765e+02
    endloop
  endfacet
  facet normal 5.828964e-01 7.076698e-01 3.992933e-01
    outer loop
      vertex   -1.382833e+02 3.943934e+02 1.863808e+02
      vertex   -1.391518e+02 3.953934e+02 1.858765e+02
      vertex   -1.383616e+02 3.943934e+02 1.864951e+02
    endloop
  endfacet
  facet normal 5.992382e-01 7.064995e-01 3.765263e-01
    outer loop
      vertex   -1.383616e+02 3.943934e+02 1.864951e+02
      vertex   -1.391518e+02 3.953934e+02 1.858765e+02
      vertex   -1.392513e+02 3.953934e+02 1.860348e+02
    endloop
  endfacet
  facet normal 6.173416e-01 7.075674e-01 3.438570e-01
    outer loop
      vertex   -1.383616e+02 3.943934e+02 1.864951e+02
      vertex   -1.392513e+02 3.953934e+02 1.860348e+02
      vertex   -1.384290e+02 3.943934e+02 1.866162e+02
    endloop
  endfacet
  facet normal 6.255733e-01 7.066435e-01 3.306251e-01
    outer loop
      vertex   -1.384290e+02 3.943934e+02 1.866162e+02
      vertex   -1.392513e+02 3.953934e+02 1.860348e+02
      vertex   -1.393387e+02 3.953934e+02 1.862000e+02
    endloop
  endfacet
  facet normal 6.467795e-01 7.071914e-01 2.855811e-01
    outer loop
      vertex   -1.384290e+02 3.943934e+02 1.866162e+02
      vertex   -1.393387e+02 3.953934e+02 1.862000e+02
      vertex   -1.384849e+02 3.943934e+02 1.867429e+02
    endloop
  endfacet
  facet normal 6.482493e-01 7.069519e-01 2.828283e-01
    outer loop
      vertex   -1.384849e+02 3.943934e+02 1.867429e+02
      vertex   -1.393387e+02 3.953934e+02 1.862000e+02
      vertex   -1.394134e+02 3.953934e+02 1.863714e+02
    endloop
  endfacet
  facet normal 6.677373e-01 7.067772e-01 2.336514e-01
    outer loop
      vertex   -1.384849e+02 3.943934e+02 1.867429e+02
      vertex   -1.394134e+02 3.953934e+02 1.863714e+02
      vertex   -1.394752e+02 3.953934e+02 1.865479e+02
    endloop
  endfacet
  facet normal 6.701597e-01 7.074137e-01 2.246149e-01
    outer loop
      vertex   -1.384849e+02 3.943934e+02 1.867429e+02
      vertex   -1.394752e+02 3.953934e+02 1.865479e+02
      vertex   -1.385290e+02 3.943934e+02 1.868743e+02
    endloop
  endfacet
  facet normal 6.835492e-01 7.065509e-01 1.831565e-01
    outer loop
      vertex   -1.385290e+02 3.943934e+02 1.868743e+02
      vertex   -1.394752e+02 3.953934e+02 1.865479e+02
      vertex   -1.395236e+02 3.953934e+02 1.867285e+02
    endloop
  endfacet
  facet normal 6.877927e-01 7.076528e-01 1.617674e-01
    outer loop
      vertex   -1.385290e+02 3.943934e+02 1.868743e+02
      vertex   -1.395236e+02 3.953934e+02 1.867285e+02
      vertex   -1.385607e+02 3.943934e+02 1.870091e+02
    endloop
  endfacet
  facet normal 6.953857e-01 7.064892e-01 1.315741e-01
    outer loop
      vertex   -1.385607e+02 3.943934e+02 1.870091e+02
      vertex   -1.395236e+02 3.953934e+02 1.867285e+02
      vertex   -1.395583e+02 3.953934e+02 1.869122e+02
    endloop
  endfacet
  facet normal 6.998186e-01 7.076186e-01 9.762053e-02
    outer loop
      vertex   -1.385607e+02 3.943934e+02 1.870091e+02
      vertex   -1.395583e+02 3.953934e+02 1.869122e+02
      vertex   -1.385798e+02 3.943934e+02 1.871464e+02
    endloop
  endfacet
  facet normal 7.031717e-01 7.065921e-01 7.922843e-02
    outer loop
      vertex   -1.385798e+02 3.943934e+02 1.871464e+02
      vertex   -1.395583e+02 3.953934e+02 1.869122e+02
      vertex   -1.395792e+02 3.953934e+02 1.870979e+02
    endloop
  endfacet
  facet normal 7.061481e-01 7.073111e-01 3.264720e-02
    outer loop
      vertex   -1.385798e+02 3.943934e+02 1.871464e+02
      vertex   -1.395792e+02 3.953934e+02 1.870979e+02
      vertex   -1.385862e+02 3.943934e+02 1.872848e+02
    endloop
  endfacet
  facet normal 7.068594e-01 7.068594e-01 2.644881e-02
    outer loop
      vertex   -1.385862e+02 3.943934e+02 1.872848e+02
      vertex   -1.395792e+02 3.953934e+02 1.870979e+02
      vertex   -1.395862e+02 3.953934e+02 1.872848e+02
    endloop
  endfacet
  facet normal 0.000000e+00 7.071068e-01 7.071068e-01
    outer loop
      vertex   -1.299856e+02 3.953934e+02 1.847848e+02
      vertex   -1.370862e+02 3.953934e+02 1.847848e+02
      vertex   -1.299856e+02 3.943934e+02 1.857848e+02
    endloop
  endfacet
  facet normal 0.000000e+00 7.071068e-01 7.071068e-01
    outer loop
      vertex   -1.299856e+02 3.943934e+02 1.857848e+02
      vertex   -1.370862e+02 3.953934e+02 1.847848e+02
      vertex   -1.370862e+02 3.943934e+02 1.857848e+02
    endloop
  endfacet
  facet normal -7.068594e-01 7.068594e-01 2.644881e-02
    outer loop
      vertex   -1.274856e+02 3.953934e+02 1.872848e+02
      vertex   -1.274925e+02 3.953934e+02 1.870979e+02
      vertex   -1.284856e+02 3.943934e+02 1.872848e+02
    endloop
  endfacet
  facet normal -7.061481e-01 7.073111e-01 3.264720e-02
    outer loop
      vertex   -1.284856e+02 3.943934e+02 1.872848e+02
      vertex   -1.274925e+02 3.953934e+02 1.870979e+02
      vertex   -1.284920e+02 3.943934e+02 1.871464e+02
    endloop
  endfacet
  facet normal -7.031717e-01 7.065921e-01 7.922843e-02
    outer loop
      vertex   -1.284920e+02 3.943934e+02 1.871464e+02
      vertex   -1.274925e+02 3.953934e+02 1.870979e+02
      vertex   -1.275135e+02 3.953934e+02 1.869122e+02
    endloop
  endfacet
  facet normal -6.998186e-01 7.076186e-01 9.762053e-02
    outer loop
      vertex   -1.284920e+02 3.943934e+02 1.871464e+02
      vertex   -1.275135e+02 3.953934e+02 1.869122e+02
      vertex   -1.285111e+02 3.943934e+02 1.870091e+02
    endloop
  endfacet
  facet normal -6.953857e-01 7.064892e-01 1.315741e-01
    outer loop
      vertex   -1.285111e+02 3.943934e+02 1.870091e+02
      vertex   -1.275135e+02 3.953934e+02 1.869122e+02
      vertex   -1.275482e+02 3.953934e+02 1.867285e+02
    endloop
  endfacet
  facet normal -6.877927e-01 7.076528e-01 1.617674e-01
    outer loop
      vertex   -1.285111e+02 3.943934e+02 1.870091e+02
      vertex   -1.275482e+02 3.953934e+02 1.867285e+02
      vertex   -1.285428e+02 3.943934e+02 1.868743e+02
    endloop
  endfacet
  facet normal -6.835492e-01 7.065509e-01 1.831565e-01
    outer loop
      vertex   -1.285428e+02 3.943934e+02 1.868743e+02
      vertex   -1.275482e+02 3.953934e+02 1.867285e+02
      vertex   -1.275966e+02 3.953934e+02 1.865479e+02
    endloop
  endfacet
  facet normal -6.701597e-01 7.074137e-01 2.246149e-01
    outer loop
      vertex   -1.285428e+02 3.943934e+02 1.868743e+02
      vertex   -1.275966e+02 3.953934e+02 1.865479e+02
      vertex   -1.285868e+02 3.943934e+02 1.867429e+02
    endloop
  endfacet
  facet normal -6.677373e-01 7.067772e-01 2.336514e-01
    outer loop
      vertex   -1.285868e+02 3.943934e+02 1.867429e+02
      vertex   -1.275966e+02 3.953934e+02 1.865479e+02
      vertex   -1.276584e+02 3.953934e+02 1.863714e+02
    endloop
  endfacet
  facet normal -6.482493e-01 7.069519e-01 2.828283e-01
    outer loop
      vertex   -1.285868e+02 3.943934e+02 1.867429e+02
      vertex   -1.276584e+02 3.953934e+02 1.863714e+02
      vertex   -1.277331e+02 3.953934e+02 1.862000e+02
    endloop
  endfacet
  facet normal -6.467795e-01 7.071914e-01 2.855811e-01
    outer loop
      vertex   -1.285868e+02 3.943934e+02 1.867429e+02
      vertex   -1.277331e+02 3.953934e+02 1.862000e+02
      vertex   -1.286428e+02 3.943934e+02 1.866162e+02
    endloop
  endfacet
  facet normal -6.255733e-01 7.066435e-01 3.306251e-01
    outer loop
      vertex   -1.286428e+02 3.943934e+02 1.866162e+02
      vertex   -1.277331e+02 3.953934e+02 1.862000e+02
      vertex   -1.278205e+02 3.953934e+02 1.860348e+02
    endloop
  endfacet
  facet normal -6.173416e-01 7.075674e-01 3.438570e-01
    outer loop
      vertex   -1.286428e+02 3.943934e+02 1.866162e+02
      vertex   -1.278205e+02 3.953934e+02 1.860348e+02
      vertex   -1.287102e+02 3.943934e+02 1.864951e+02
    endloop
  endfacet
  facet normal -5.992382e-01 7.064995e-01 3.765263e-01
    outer loop
      vertex   -1.287102e+02 3.943934e+02 1.864951e+02
      vertex   -1.278205e+02 3.953934e+02 1.860348e+02
      vertex   -1.279200e+02 3.953934e+02 1.858765e+02
    endloop
  endfacet
  facet normal -5.828964e-01 7.076698e-01 3.992933e-01
    outer loop
      vertex   -1.287102e+02 3.943934e+02 1.864951e+02
      vertex   -1.279200e+02 3.953934e+02 1.858765e+02
      vertex   -1.287885e+02 3.943934e+02 1.863808e+02
    endloop
  endfacet
  facet normal -5.694082e-01 7.065200e-01 4.202424e-01
    outer loop
      vertex   -1.287885e+02 3.943934e+02 1.863808e+02
      vertex   -1.279200e+02 3.953934e+02 1.858765e+02
      vertex   -1.280310e+02 3.953934e+02 1.857260e+02
    endloop
  endfacet
  facet normal -5.436993e-01 7.074991e-01 4.514822e-01
    outer loop
      vertex   -1.287885e+02 3.943934e+02 1.863808e+02
      vertex   -1.280310e+02 3.953934e+02 1.857260e+02
      vertex   -1.288770e+02 3.943934e+02 1.862742e+02
    endloop
  endfacet
  facet normal -5.362711e-01 7.067052e-01 4.614986e-01
    outer loop
      vertex   -1.288770e+02 3.943934e+02 1.862742e+02
      vertex   -1.280310e+02 3.953934e+02 1.857260e+02
      vertex   -1.281529e+02 3.953934e+02 1.855843e+02
    endloop
  endfacet
  facet normal -5.000369e-01 7.070546e-01 5.000369e-01
    outer loop
      vertex   -1.288770e+02 3.943934e+02 1.862742e+02
      vertex   -1.281529e+02 3.953934e+02 1.855843e+02
      vertex   -1.282851e+02 3.953934e+02 1.854521e+02
    endloop
  endfacet
  facet normal -5.000369e-01 7.070546e-01 5.000369e-01
    outer loop
      vertex   -1.288770e+02 3.943934e+02 1.862742e+02
      vertex   -1.282851e+02 3.953934e+02 1.854521e+02
      vertex   -1.289750e+02 3.943934e+02 1.861762e+02
    endloop
  endfacet
  facet normal -4.614986e-01 7.067052e-01 5.362711e-01
    outer loop
      vertex   -1.289750e+02 3.943934e+02 1.861762e+02
      vertex   -1.282851e+02 3.953934e+02 1.854521e+02
      vertex   -1.284268e+02 3.953934e+02 1.853302e+02
    endloop
  endfacet
  facet normal -4.514822e-01 7.074991e-01 5.436993e-01
    outer loop
      vertex   -1.289750e+02 3.943934e+02 1.861762e+02
      vertex   -1.284268e+02 3.953934e+02 1.853302e+02
      vertex   -1.290816e+02 3.943934e+02 1.860877e+02
    endloop
  endfacet
  facet normal -4.202424e-01 7.065200e-01 5.694082e-01
    outer loop
      vertex   -1.290816e+02 3.943934e+02 1.860877e+02
      vertex   -1.284268e+02 3.953934e+02 1.853302e+02
      vertex   -1.285773e+02 3.953934e+02 1.852192e+02
    endloop
  endfacet
  facet normal -3.992933e-01 7.076698e-01 5.828964e-01
    outer loop
      vertex   -1.290816e+02 3.943934e+02 1.860877e+02
      vertex   -1.285773e+02 3.953934e+02 1.852192e+02
      vertex   -1.291959e+02 3.943934e+02 1.860094e+02
    endloop
  endfacet
  facet normal -3.765263e-01 7.064995e-01 5.992382e-01
    outer loop
      vertex   -1.291959e+02 3.943934e+02 1.860094e+02
      vertex   -1.285773e+02 3.953934e+02 1.852192e+02
      vertex   -1.287356e+02 3.953934e+02 1.851197e+02
    endloop
  endfacet
  facet normal -3.438570e-01 7.075674e-01 6.173416e-01
    outer loop
      vertex   -1.291959e+02 3.943934e+02 1.860094e+02
      vertex   -1.287356e+02 3.953934e+02 1.851197e+02
      vertex   -1.293169e+02 3.943934e+02 1.859420e+02
    endloop
  endfacet
  facet normal -3.306251e-01 7.066435e-01 6.255733e-01
    outer loop
      vertex   -1.293169e+02 3.943934e+02 1.859420e+02
      vertex   -1.287356e+02 3.953934e+02 1.851197e+02
      vertex   -1.289008e+02 3.953934e+02 1.850323e+02
    endloop
  endfacet
  facet normal -2.855811e-01 7.071914e-01 6.467795e-01
    outer loop
      vertex   -1.293169e+02 3.943934e+02 1.859420e+02
      vertex   -1.289008e+02 3.953934e+02 1.850323e+02
      vertex   -1.294437e+02 3.943934e+02 1.858861e+02
    endloop
  endfacet
  facet normal -2.828283e-01 7.069519e-01 6.482493e-01
    outer loop
      vertex   -1.294437e+02 3.943934e+02 1.858861e+02
      vertex   -1.289008e+02 3.953934e+02 1.850323e+02
      vertex   -1.290722e+02 3.953934e+02 1.849576e+02
    endloop
  endfacet
  facet normal -2.336514e-01 7.067772e-01 6.677373e-01
    outer loop
      vertex   -1.294437e+02 3.943934e+02 1.858861e+02
      vertex   -1.290722e+02 3.953934e+02 1.849576e+02
      vertex   -1.292487e+02 3.953934e+02 1.848958e+02
    endloop
  endfacet
  facet normal -2.246149e-01 7.074137e-01 6.701597e-01
    outer loop
      vertex   -1.294437e+02 3.943934e+02 1.858861e+02
      vertex   -1.292487e+02 3.953934e+02 1.848958e+02
      vertex   -1.295751e+02 3.943934e+02 1.858420e+02
    endloop
  endfacet
  facet normal -1.831565e-01 7.065509e-01 6.835492e-01
    outer loop
      vertex   -1.295751e+02 3.943934e+02 1.858420e+02
      vertex   -1.292487e+02 3.953934e+02 1.848958e+02
      vertex   -1.294292e+02 3.953934e+02 1.848474e+02
    endloop
  endfacet
  facet normal -1.617674e-01 7.076528e-01 6.877927e-01
    outer loop
      vertex   -1.295751e+02 3.943934e+02 1.858420e+02
      vertex   -1.294292e+02 3.953934e+02 1.848474e+02
      vertex   -1.297099e+02 3.943934e+02 1.858103e+02
    endloop
  endfacet
  facet normal -1.315741e-01 7.064892e-01 6.953857e-01
    outer loop
      vertex   -1.297099e+02 3.943934e+02 1.858103e+02
      vertex   -1.294292e+02 3.953934e+02 1.848474e+02
      vertex   -1.296129e+02 3.953934e+02 1.848127e+02
    endloop
  endfacet
  facet normal -9.762053e-02 7.076186e-01 6.998186e-01
    outer loop
      vertex   -1.297099e+02 3.943934e+02 1.858103e+02
      vertex   -1.296129e+02 3.953934e+02 1.848127e+02
      vertex   -1.298471e+02 3.943934e+02 1.857912e+02
    endloop
  endfacet
  facet normal -7.922843e-02 7.065921e-01 7.031717e-01
    outer loop
      vertex   -1.298471e+02 3.943934e+02 1.857912e+02
      vertex   -1.296129e+02 3.953934e+02 1.848127e+02
      vertex   -1.297987e+02 3.953934e+02 1.847917e+02
    endloop
  endfacet
  facet normal -3.264720e-02 7.073111e-01 7.061481e-01
    outer loop
      vertex   -1.298471e+02 3.943934e+02 1.857912e+02
      vertex   -1.297987e+02 3.953934e+02 1.847917e+02
      vertex   -1.299856e+02 3.943934e+02 1.857848e+02
    endloop
  endfacet
  facet normal -2.644881e-02 7.068594e-01 7.068594e-01
    outer loop
      vertex   -1.299856e+02 3.943934e+02 1.857848e+02
      vertex   -1.297987e+02 3.953934e+02 1.847917e+02
      vertex   -1.299856e+02 3.953934e+02 1.847848e+02
    endloop
  endfacet
  facet normal -7.071068e-01 7.071068e-01 0.000000e+00
    outer loop
      vertex   -1.274856e+02 3.953934e+02 1.912848e+02
      vertex   -1.274856e+02 3.953934e+02 1.872848e+02
      vertex   -1.284856e+02 3.943934e+02 1.912848e+02
    endloop
  endfacet
  facet normal -7.071068e-01 7.071068e-01 0.000000e+00
    outer loop
      vertex   -1.284856e+02 3.943934e+02 1.912848e+02
      vertex   -1.274856e+02 3.953934e+02 1.872848e+02
      vertex   -1.284856e+02 3.943934e+02 1.872848e+02
    endloop
  endfacet
  facet normal -2.644881e-02 7.068594e-01 -7.068594e-01
    outer loop
      vertex   -1.299856e+02 3.953934e+02 1.937848e+02
      vertex   -1.297987e+02 3.953934e+02 1.937778e+02
      vertex   -1.299856e+02 3.943934e+02 1.927848e+02
    endloop
  endfacet
  facet normal -3.264720e-02 7.073111e-01 -7.061481e-01
    outer loop
      vertex   -1.299856e+02 3.943934e+02 1.927848e+02
      vertex   -1.297987e+02 3.953934e+02 1.937778e+02
      vertex   -1.298471e+02 3.943934e+02 1.927784e+02
    endloop
  endfacet
  facet normal -7.922843e-02 7.065921e-01 -7.031717e-01
    outer loop
      vertex   -1.298471e+02 3.943934e+02 1.927784e+02
      vertex   -1.297987e+02 3.953934e+02 1.937778e+02
      vertex   -1.296129e+02 3.953934e+02 1.937568e+02
    endloop
  endfacet
  facet normal -9.762053e-02 7.076186e-01 -6.998186e-01
    outer loop
      vertex   -1.298471e+02 3.943934e+02 1.927784e+02
      vertex   -1.296129e+02 3.953934e+02 1.937568e+02
      vertex   -1.297099e+02 3.943934e+02 1.927592e+02
    endloop
  endfacet
  facet normal -1.315741e-01 7.064892e-01 -6.953857e-01
    outer loop
      vertex   -1.297099e+02 3.943934e+02 1.927592e+02
      vertex   -1.296129e+02 3.953934e+02 1.937568e+02
      vertex   -1.294292e+02 3.953934e+02 1.937221e+02
    endloop
  endfacet
  facet normal -1.617674e-01 7.076528e-01 -6.877927e-01
    outer loop
      vertex   -1.297099e+02 3.943934e+02 1.927592e+02
      vertex   -1.294292e+02 3.953934e+02 1.937221e+02
      vertex   -1.295751e+02 3.943934e+02 1.927275e+02
    endloop
  endfacet
  facet normal -1.831565e-01 7.065509e-01 -6.835492e-01
    outer loop
      vertex   -1.295751e+02 3.943934e+02 1.927275e+02
      vertex   -1.294292e+02 3.953934e+02 1.937221e+02
      vertex   -1.292487e+02 3.953934e+02 1.936737e+02
    endloop
  endfacet
  facet normal -2.246149e-01 7.074137e-01 -6.701597e-01
    outer loop
      vertex   -1.295751e+02 3.943934e+02 1.927275e+02
      vertex   -1.292487e+02 3.953934e+02 1.936737e+02
      vertex   -1.294437e+02 3.943934e+02 1.926835e+02
    endloop
  endfacet
  facet normal -2.336514e-01 7.067772e-01 -6.677373e-01
    outer loop
      vertex   -1.294437e+02 3.943934e+02 1.926835e+02
      vertex   -1.292487e+02 3.953934e+02 1.936737e+02
      vertex   -1.290722e+02 3.953934e+02 1.936119e+02
    endloop
  endfacet
  facet normal -2.828283e-01 7.069519e-01 -6.482493e-01
    outer loop
      vertex   -1.294437e+02 3.943934e+02 1.926835e+02
      vertex   -1.290722e+02 3.953934e+02 1.936119e+02
      vertex   -1.289008e+02 3.953934e+02 1.935372e+02
    endloop
  endfacet
  facet normal -2.855811e-01 7.071914e-01 -6.467795e-01
    outer loop
      vertex   -1.294437e+02 3.943934e+02 1.926835e+02
      vertex   -1.289008e+02 3.953934e+02 1.935372e+02
      vertex   -1.293169e+02 3.943934e+02 1.926275e+02
    endloop
  endfacet
  facet normal -3.306251e-01 7.066435e-01 -6.255733e-01
    outer loop
      vertex   -1.293169e+02 3.943934e+02 1.926275e+02
      vertex   -1.289008e+02 3.953934e+02 1.935372e+02
      vertex   -1.287356e+02 3.953934e+02 1.934498e+02
    endloop
  endfacet
  facet normal -3.438570e-01 7.075674e-01 -6.173416e-01
    outer loop
      vertex   -1.293169e+02 3.943934e+02 1.926275e+02
      vertex   -1.287356e+02 3.953934e+02 1.934498e+02
      vertex   -1.291959e+02 3.943934e+02 1.925601e+02
    endloop
  endfacet
  facet normal -3.765263e-01 7.064995e-01 -5.992382e-01
    outer loop
      vertex   -1.291959e+02 3.943934e+02 1.925601e+02
      vertex   -1.287356e+02 3.953934e+02 1.934498e+02
      vertex   -1.285773e+02 3.953934e+02 1.933504e+02
    endloop
  endfacet
  facet normal -3.992933e-01 7.076698e-01 -5.828964e-01
    outer loop
      vertex   -1.291959e+02 3.943934e+02 1.925601e+02
      vertex   -1.285773e+02 3.953934e+02 1.933504e+02
      vertex   -1.290816e+02 3.943934e+02 1.924818e+02
    endloop
  endfacet
  facet normal -4.202424e-01 7.065200e-01 -5.694082e-01
    outer loop
      vertex   -1.290816e+02 3.943934e+02 1.924818e+02
      vertex   -1.285773e+02 3.953934e+02 1.933504e+02
      vertex   -1.284268e+02 3.953934e+02 1.932393e+02
    endloop
  endfacet
  facet normal -4.514822e-01 7.074991e-01 -5.436993e-01
    outer loop
      vertex   -1.290816e+02 3.943934e+02 1.924818e+02
      vertex   -1.284268e+02 3.953934e+02 1.932393e+02
      vertex   -1.289750e+02 3.943934e+02 1.923933e+02
    endloop
  endfacet
  facet normal -4.614986e-01 7.067052e-01 -5.362711e-01
    outer loop
      vertex   -1.289750e+02 3.943934e+02 1.923933e+02
      vertex   -1.284268e+02 3.953934e+02 1.932393e+02
      vertex   -1.282851e+02 3.953934e+02 1.931174e+02
    endloop
  endfacet
  facet normal -5.000369e-01 7.070546e-01 -5.000369e-01
    outer loop
      vertex   -1.289750e+02 3.943934e+02 1.923933e+02
      vertex   -1.282851e+02 3.953934e+02 1.931174e+02
      vertex   -1.281529e+02 3.953934e+02 1.929852e+02
    endloop
  endfacet
  facet normal -5.000369e-01 7.070546e-01 -5.000369e-01
    outer loop
      vertex   -1.289750e+02 3.943934e+02 1.923933e+02
      vertex   -1.281529e+02 3.953934e+02 1.929852e+02
      vertex   -1.288770e+02 3.943934e+02 1.922953e+02
    endloop
  endfacet
  facet normal -5.362711e-01 7.067052e-01 -4.614986e-01
    outer loop
      vertex   -1.288770e+02 3.943934e+02 1.922953e+02
      vertex   -1.281529e+02 3.953934e+02 1.929852e+02
      vertex   -1.280310e+02 3.953934e+02 1.928435e+02
    endloop
  endfacet
  facet normal -5.436993e-01 7.074991e-01 -4.514822e-01
    outer loop
      vertex   -1.288770e+02 3.943934e+02 1.922953e+02
      vertex   -1.280310e+02 3.953934e+02 1.928435e+02
      vertex   -1.287885e+02 3.943934e+02 1.921887e+02
    endloop
  endfacet
  facet normal -5.694082e-01 7.065200e-01 -4.202424e-01
    outer loop
      vertex   -1.287885e+02 3.943934e+02 1.921887e+02
      vertex   -1.280310e+02 3.953934e+02 1.928435e+02
      vertex   -1.279200e+02 3.953934e+02 1.926931e+02
    endloop
  endfacet
  facet normal -5.828964e-01 7.076698e-01 -3.992933e-01
    outer loop
      vertex   -1.287885e+02 3.943934e+02 1.921887e+02
      vertex   -1.279200e+02 3.953934e+02 1.926931e+02
      vertex   -1.287102e+02 3.943934e+02 1.920744e+02
    endloop
  endfacet
  facet normal -5.992382e-01 7.064995e-01 -3.765263e-01
    outer loop
      vertex   -1.287102e+02 3.943934e+02 1.920744e+02
      vertex   -1.279200e+02 3.953934e+02 1.926931e+02
      vertex   -1.278205e+02 3.953934e+02 1.925348e+02
    endloop
  endfacet
  facet normal -6.173416e-01 7.075674e-01 -3.438570e-01
    outer loop
      vertex   -1.287102e+02 3.943934e+02 1.920744e+02
      vertex   -1.278205e+02 3.953934e+02 1.925348e+02
      vertex   -1.286428e+02 3.943934e+02 1.919534e+02
    endloop
  endfacet
  facet normal -6.255733e-01 7.066435e-01 -3.306251e-01
    outer loop
      vertex   -1.286428e+02 3.943934e+02 1.919534e+02
      vertex   -1.278205e+02 3.953934e+02 1.925348e+02
      vertex   -1.277331e+02 3.953934e+02 1.923695e+02
    endloop
  endfacet
  facet normal -6.467795e-01 7.071914e-01 -2.855811e-01
    outer loop
      vertex   -1.286428e+02 3.943934e+02 1.919534e+02
      vertex   -1.277331e+02 3.953934e+02 1.923695e+02
      vertex   -1.285868e+02 3.943934e+02 1.918266e+02
    endloop
  endfacet
  facet normal -6.482493e-01 7.069519e-01 -2.828283e-01
    outer loop
      vertex   -1.285868e+02 3.943934e+02 1.918266e+02
      vertex   -1.277331e+02 3.953934e+02 1.923695e+02
      vertex   -1.276584e+02 3.953934e+02 1.921981e+02
    endloop
  endfacet
  facet normal -6.677373e-01 7.067772e-01 -2.336514e-01
    outer loop
      vertex   -1.285868e+02 3.943934e+02 1.918266e+02
      vertex   -1.276584e+02 3.953934e+02 1.921981e+02
      vertex   -1.275966e+02 3.953934e+02 1.920216e+02
    endloop
  endfacet
  facet normal -6.701597e-01 7.074137e-01 -2.246149e-01
    outer loop
      vertex   -1.285868e+02 3.943934e+02 1.918266e+02
      vertex   -1.275966e+02 3.953934e+02 1.920216e+02
      vertex   -1.285428e+02 3.943934e+02 1.916953e+02
    endloop
  endfacet
  facet normal -6.835492e-01 7.065509e-01 -1.831565e-01
    outer loop
      vertex   -1.285428e+02 3.943934e+02 1.916953e+02
      vertex   -1.275966e+02 3.953934e+02 1.920216e+02
      vertex   -1.275482e+02 3.953934e+02 1.918411e+02
    endloop
  endfacet
  facet normal -6.877927e-01 7.076528e-01 -1.617674e-01
    outer loop
      vertex   -1.285428e+02 3.943934e+02 1.916953e+02
      vertex   -1.275482e+02 3.953934e+02 1.918411e+02
      vertex   -1.285111e+02 3.943934e+02 1.915604e+02
    endloop
  endfacet
  facet normal -6.953857e-01 7.064892e-01 -1.315741e-01
    outer loop
      vertex   -1.285111e+02 3.943934e+02 1.915604e+02
      vertex   -1.275482e+02 3.953934e+02 1.918411e+02
      vertex   -1.275135e+02 3.953934e+02 1.916574e+02
    endloop
  endfacet
  facet normal -6.998186e-01 7.076186e-01 -9.762053e-02
    outer loop
      vertex   -1.285111e+02 3.943934e+02 1.915604e+02
      vertex   -1.275135e+02 3.953934e+02 1.916574e+02
      vertex   -1.284920e+02 3.943934e+02 1.914232e+02
    endloop
  endfacet
  facet normal -7.031717e-01 7.065921e-01 -7.922843e-02
    outer loop
      vertex   -1.284920e+02 3.943934e+02 1.914232e+02
      vertex   -1.275135e+02 3.953934e+02 1.916574e+02
      vertex   -1.274925e+02 3.953934e+02 1.914716e+02
    endloop
  endfacet
  facet normal -7.061481e-01 7.073111e-01 -3.264720e-02
    outer loop
      vertex   -1.284920e+02 3.943934e+02 1.914232e+02
      vertex   -1.274925e+02 3.953934e+02 1.914716e+02
      vertex   -1.284856e+02 3.943934e+02 1.912848e+02
    endloop
  endfacet
  facet normal -7.068594e-01 7.068594e-01 -2.644881e-02
    outer loop
      vertex   -1.284856e+02 3.943934e+02 1.912848e+02
      vertex   -1.274925e+02 3.953934e+02 1.914716e+02
      vertex   -1.274856e+02 3.953934e+02 1.912848e+02
    endloop
  endfacet
  facet normal 0.000000e+00 7.071068e-01 -7.071068e-01
    outer loop
      vertex   -1.370862e+02 3.953934e+02 1.937848e+02
      vertex   -1.299856e+02 3.953934e+02 1.937848e+02
      vertex   -1.370862e+02 3.943934e+02 1.927848e+02
    endloop
  endfacet
  facet normal 0.000000e+00 7.071068e-01 -7.071068e-01
    outer loop
      vertex   -1.370862e+02 3.943934e+02 1.927848e+02
      vertex   -1.299856e+02 3.953934e+02 1.937848e+02
      vertex   -1.299856e+02 3.943934e+02 1.927848e+02
    endloop
  endfacet
  facet normal 7.068594e-01 7.068594e-01 -2.644881e-02
    outer loop
      vertex   -1.395862e+02 3.953934e+02 1.912848e+02
      vertex   -1.395792e+02 3.953934e+02 1.914716e+02
      vertex   -1.385862e+02 3.943934e+02 1.912848e+02
    endloop
  endfacet
  facet normal 7.061481e-01 7.073111e-01 -3.264720e-02
    outer loop
      vertex   -1.385862e+02 3.943934e+02 1.912848e+02
      vertex   -1.395792e+02 3.953934e+02 1.914716e+02
      vertex   -1.385798e+02 3.943934e+02 1.914232e+02
    endloop
  endfacet
  facet normal 7.031717e-01 7.065921e-01 -7.922843e-02
    outer loop
      vertex   -1.385798e+02 3.943934e+02 1.914232e+02
      vertex   -1.395792e+02 3.953934e+02 1.914716e+02
      vertex   -1.395583e+02 3.953934e+02 1.916574e+02
    endloop
  endfacet
  facet normal 6.998186e-01 7.076186e-01 -9.762053e-02
    outer loop
      vertex   -1.385798e+02 3.943934e+02 1.914232e+02
      vertex   -1.395583e+02 3.953934e+02 1.916574e+02
      vertex   -1.385607e+02 3.943934e+02 1.915604e+02
    endloop
  endfacet
  facet normal 6.953857e-01 7.064892e-01 -1.315741e-01
    outer loop
      vertex   -1.385607e+02 3.943934e+02 1.915604e+02
      vertex   -1.395583e+02 3.953934e+02 1.916574e+02
      vertex   -1.395236e+02 3.953934e+02 1.918411e+02
    endloop
  endfacet
  facet normal 6.877927e-01 7.076528e-01 -1.617674e-01
    outer loop
      vertex   -1.385607e+02 3.943934e+02 1.915604e+02
      vertex   -1.395236e+02 3.953934e+02 1.918411e+02
      vertex   -1.385290e+02 3.943934e+02 1.916953e+02
    endloop
  endfacet
  facet normal 6.835492e-01 7.065509e-01 -1.831565e-01
    outer loop
      vertex   -1.385290e+02 3.943934e+02 1.916953e+02
      vertex   -1.395236e+02 3.953934e+02 1.918411e+02
      vertex   -1.394752e+02 3.953934e+02 1.920216e+02
    endloop
  endfacet
  facet normal 6.701597e-01 7.074137e-01 -2.246149e-01
    outer loop
      vertex   -1.385290e+02 3.943934e+02 1.916953e+02
      vertex   -1.394752e+02 3.953934e+02 1.920216e+02
      vertex   -1.384849e+02 3.943934e+02 1.918266e+02
    endloop
  endfacet
  facet normal 6.677373e-01 7.067772e-01 -2.336514e-01
    outer loop
      vertex   -1.384849e+02 3.943934e+02 1.918266e+02
      vertex   -1.394752e+02 3.953934e+02 1.920216e+02
      vertex   -1.394134e+02 3.953934e+02 1.921981e+02
    endloop
  endfacet
  facet normal 6.482493e-01 7.069519e-01 -2.828283e-01
    outer loop
      vertex   -1.384849e+02 3.943934e+02 1.918266e+02
      vertex   -1.394134e+02 3.953934e+02 1.921981e+02
      vertex   -1.393387e+02 3.953934e+02 1.923695e+02
    endloop
  endfacet
  facet normal 6.467795e-01 7.071914e-01 -2.855811e-01
    outer loop
      vertex   -1.384849e+02 3.943934e+02 1.918266e+02
      vertex   -1.393387e+02 3.953934e+02 1.923695e+02
      vertex   -1.384290e+02 3.943934e+02 1.919534e+02
    endloop
  endfacet
  facet normal 6.255733e-01 7.066435e-01 -3.306251e-01
    outer loop
      vertex   -1.384290e+02 3.943934e+02 1.919534e+02
      vertex   -1.393387e+02 3.953934e+02 1.923695e+02
      vertex   -1.392513e+02 3.953934e+02 1.925348e+02
    endloop
  endfacet
  facet normal 6.173416e-01 7.075674e-01 -3.438570e-01
    outer loop
      vertex   -1.384290e+02 3.943934e+02 1.919534e+02
      vertex   -1.392513e+02 3.953934e+02 1.925348e+02
      vertex   -1.383616e+02 3.943934e+02 1.920744e+02
    endloop
  endfacet
  facet normal 5.992382e-01 7.064995e-01 -3.765263e-01
    outer loop
      vertex   -1.383616e+02 3.943934e+02 1.920744e+02
      vertex   -1.392513e+02 3.953934e+02 1.925348e+02
      vertex   -1.391518e+02 3.953934e+02 1.926931e+02
    endloop
  endfacet
  facet normal 5.828964e-01 7.076698e-01 -3.992933e-01
    outer loop
      vertex   -1.383616e+02 3.943934e+02 1.920744e+02
      vertex   -1.391518e+02 3.953934e+02 1.926931e+02
      vertex   -1.382833e+02 3.943934e+02 1.921887e+02
    endloop
  endfacet
  facet normal 5.694082e-01 7.065200e-01 -4.202424e-01
    outer loop
      vertex   -1.382833e+02 3.943934e+02 1.921887e+02
      vertex   -1.391518e+02 3.953934e+02 1.926931e+02
      vertex   -1.390408e+02 3.953934e+02 1.928435e+02
    endloop
  endfacet
  facet normal 5.436993e-01 7.074991e-01 -4.514822e-01
    outer loop
      vertex   -1.382833e+02 3.943934e+02 1.921887e+02
      vertex   -1.390408e+02 3.953934e+02 1.928435e+02
      vertex   -1.381947e+02 3.943934e+02 1.922953e+02
    endloop
  endfacet
  facet normal 5.362711e-01 7.067052e-01 -4.614986e-01
    outer loop
      vertex   -1.381947e+02 3.943934e+02 1.922953e+02
      vertex   -1.390408e+02 3.953934e+02 1.928435e+02
      vertex   -1.389189e+02 3.953934e+02 1.929852e+02
    endloop
  endfacet
  facet normal 5.000369e-01 7.070546e-01 -5.000369e-01
    outer loop
      vertex   -1.381947e+02 3.943934e+02 1.922953e+02
      vertex   -1.389189e+02 3.953934e+02 1.929852e+02
      vertex   -1.387867e+02 3.953934e+02 1.931174e+02
    endloop
  endfacet
  facet normal 5.000369e-01 7.070546e-01 -5.000369e-01
    outer loop
      vertex   -1.381947e+02 3.943934e+02 1.922953e+02
      vertex   -1.387867e+02 3.953934e+02 1.931174e+02
      vertex   -1.380968e+02 3.943934e+02 1.923933e+02
    endloop
  endfacet
  facet normal 4.614986e-01 7.067052e-01 -5.362711e-01
    outer loop
      vertex   -1.380968e+02 3.943934e+02 1.923933e+02
      vertex   -1.387867e+02 3.953934e+02 1.931174e+02
      vertex   -1.386450e+02 3.953934e+02 1.932393e+02
    endloop
  endfacet
  facet normal 4.514822e-01 7.074991e-01 -5.436993e-01
    outer loop
      vertex   -1.380968e+02 3.943934e+02 1.923933e+02
      vertex   -1.386450e+02 3.953934e+02 1.932393e+02
      vertex   -1.379902e+02 3.943934e+02 1.924818e+02
    endloop
  endfacet
  facet normal 4.202424e-01 7.065200e-01 -5.694082e-01
    outer loop
      vertex   -1.379902e+02 3.943934e+02 1.924818e+02
      vertex   -1.386450e+02 3.953934e+02 1.932393e+02
      vertex   -1.384945e+02 3.953934e+02 1.933504e+02
    endloop
  endfacet
  facet normal 3.992933e-01 7.076698e-01 -5.828964e-01
    outer loop
      vertex   -1.379902e+02 3.943934e+02 1.924818e+02
      vertex   -1.384945e+02 3.953934e+02 1.933504e+02
      vertex   -1.378759e+02 3.943934e+02 1.925601e+02
    endloop
  endfacet
  facet normal 3.765263e-01 7.064995e-01 -5.992382e-01
    outer loop
      vertex   -1.378759e+02 3.943934e+02 1.925601e+02
      vertex   -1.384945e+02 3.953934e+02 1.933504e+02
      vertex   -1.383362e+02 3.953934e+02 1.934498e+02
    endloop
  endfacet
  facet normal 3.438570e-01 7.075674e-01 -6.173416e-01
    outer loop
      vertex   -1.378759e+02 3.943934e+02 1.925601e+02
      vertex   -1.383362e+02 3.953934e+02 1.934498e+02
      vertex   -1.377548e+02 3.943934e+02 1.926275e+02
    endloop
  endfacet
  facet normal 3.306251e-01 7.066435e-01 -6.255733e-01
    outer loop
      vertex   -1.377548e+02 3.943934e+02 1.926275e+02
      vertex   -1.383362e+02 3.953934e+02 1.934498e+02
      vertex   -1.381709e+02 3.953934e+02 1.935372e+02
    endloop
  endfacet
  facet normal 2.855811e-01 7.071914e-01 -6.467795e-01
    outer loop
      vertex   -1.377548e+02 3.943934e+02 1.926275e+02
      vertex   -1.381709e+02 3.953934e+02 1.935372e+02
      vertex   -1.376281e+02 3.943934e+02 1.926835e+02
    endloop
  endfacet
  facet normal 2.828283e-01 7.069519e-01 -6.482493e-01
    outer loop
      vertex   -1.376281e+02 3.943934e+02 1.926835e+02
      vertex   -1.381709e+02 3.953934e+02 1.935372e+02
      vertex   -1.379996e+02 3.953934e+02 1.936119e+02
    endloop
  endfacet
  facet normal 2.336514e-01 7.067772e-01 -6.677373e-01
    outer loop
      vertex   -1.376281e+02 3.943934e+02 1.926835e+02
      vertex   -1.379996e+02 3.953934e+02 1.936119e+02
      vertex   -1.378231e+02 3.953934e+02 1.936737e+02
    endloop
  endfacet
  facet normal 2.246149e-01 7.074137e-01 -6.701597e-01
    outer loop
      vertex   -1.376281e+02 3.943934e+02 1.926835e+02
      vertex   -1.378231e+02 3.953934e+02 1.936737e+02
      vertex   -1.374967e+02 3.943934e+02 1.927275e+02
    endloop
  endfacet
  facet normal 1.831565e-01 7.065509e-01 -6.835492e-01
    outer loop
      vertex   -1.374967e+02 3.943934e+02 1.927275e+02
      vertex   -1.378231e+02 3.953934e+02 1.936737e+02
      vertex   -1.376425e+02 3.953934e+02 1.937221e+02
    endloop
  endfacet
  facet normal 1.617674e-01 7.076528e-01 -6.877927e-01
    outer loop
      vertex   -1.374967e+02 3.943934e+02 1.927275e+02
      vertex   -1.376425e+02 3.953934e+02 1.937221e+02
      vertex   -1.373619e+02 3.943934e+02 1.927592e+02
    endloop
  endfacet
  facet normal 1.315741e-01 7.064892e-01 -6.953857e-01
    outer loop
      vertex   -1.373619e+02 3.943934e+02 1.927592e+02
      vertex   -1.376425e+02 3.953934e+02 1.937221e+02
      vertex   -1.374588e+02 3.953934e+02 1.937568e+02
    endloop
  endfacet
  facet normal 9.762053e-02 7.076186e-01 -6.998186e-01
    outer loop
      vertex   -1.373619e+02 3.943934e+02 1.927592e+02
      vertex   -1.374588e+02 3.953934e+02 1.937568e+02
      vertex   -1.372246e+02 3.943934e+02 1.927784e+02
    endloop
  endfacet
  facet normal 7.922843e-02 7.065921e-01 -7.031717e-01
    outer loop
      vertex   -1.372246e+02 3.943934e+02 1.927784e+02
      vertex   -1.374588e+02 3.953934e+02 1.937568e+02
      vertex   -1.372731e+02 3.953934e+02 1.937778e+02
    endloop
  endfacet
  facet normal 3.264720e-02 7.073111e-01 -7.061481e-01
    outer loop
      vertex   -1.372246e+02 3.943934e+02 1.927784e+02
      vertex   -1.372731e+02 3.953934e+02 1.937778e+02
      vertex   -1.370862e+02 3.943934e+02 1.927848e+02
    endloop
  endfacet
  facet normal 2.644881e-02 7.068594e-01 -7.068594e-01
    outer loop
      vertex   -1.370862e+02 3.943934e+02 1.927848e+02
      vertex   -1.372731e+02 3.953934e+02 1.937778e+02
      vertex   -1.370862e+02 3.953934e+02 1.937848e+02
    endloop
  endfacet
  facet normal -9.989330e-01 0.000000e+00 4.618346e-02
    outer loop
      vertex   -1.284856e+02 3.918645e+02 1.872848e+02
      vertex   -1.284856e+02 3.943934e+02 1.872848e+02
      vertex   -1.284920e+02 3.918645e+02 1.871464e+02
    endloop
  endfacet
  facet normal -9.989330e-01 0.000000e+00 4.618346e-02
    outer loop
      vertex   -1.284920e+02 3.918645e+02 1.871464e+02
      vertex   -1.284856e+02 3.943934e+02 1.872848e+02
      vertex   -1.284920e+02 3.943934e+02 1.871464e+02
    endloop
  endfacet
  facet normal -9.904104e-01 0.000000e+00 1.381564e-01
    outer loop
      vertex   -1.284920e+02 3.918645e+02 1.871464e+02
      vertex   -1.284920e+02 3.943934e+02 1.871464e+02
      vertex   -1.285111e+02 3.943934e+02 1.870091e+02
    endloop
  endfacet
  facet normal -9.904104e-01 0.000000e+00 1.381564e-01
    outer loop
      vertex   -1.284920e+02 3.918645e+02 1.871464e+02
      vertex   -1.285111e+02 3.943934e+02 1.870091e+02
      vertex   -1.285111e+02 3.918645e+02 1.870091e+02
    endloop
  endfacet
  facet normal -9.734381e-01 0.000000e+00 2.289505e-01
    outer loop
      vertex   -1.285111e+02 3.918645e+02 1.870091e+02
      vertex   -1.285111e+02 3.943934e+02 1.870091e+02
      vertex   -1.285428e+02 3.943934e+02 1.868743e+02
    endloop
  endfacet
  facet normal -9.734381e-01 0.000000e+00 2.289505e-01
    outer loop
      vertex   -1.285111e+02 3.918645e+02 1.870091e+02
      vertex   -1.285428e+02 3.943934e+02 1.868743e+02
      vertex   -1.285428e+02 3.918645e+02 1.868743e+02
    endloop
  endfacet
  facet normal -9.481606e-01 0.000000e+00 3.177914e-01
    outer loop
      vertex   -1.285428e+02 3.918645e+02 1.868743e+02
      vertex   -1.285428e+02 3.943934e+02 1.868743e+02
      vertex   -1.285868e+02 3.943934e+02 1.867429e+02
    endloop
  endfacet
  facet normal -9.481606e-01 0.000000e+00 3.177914e-01
    outer loop
      vertex   -1.285428e+02 3.918645e+02 1.868743e+02
      vertex   -1.285868e+02 3.943934e+02 1.867429e+02
      vertex   -1.285868e+02 3.918645e+02 1.867429e+02
    endloop
  endfacet
  facet normal -9.147939e-01 0.000000e+00 4.039210e-01
    outer loop
      vertex   -1.285868e+02 3.918645e+02 1.867429e+02
      vertex   -1.285868e+02 3.943934e+02 1.867429e+02
      vertex   -1.286428e+02 3.943934e+02 1.866162e+02
    endloop
  endfacet
  facet normal -9.147939e-01 0.000000e+00 4.039210e-01
    outer loop
      vertex   -1.285868e+02 3.918645e+02 1.867429e+02
      vertex   -1.286428e+02 3.943934e+02 1.866162e+02
      vertex   -1.286428e+02 3.918645e+02 1.866162e+02
    endloop
  endfacet
  facet normal -8.736224e-01 0.000000e+00 4.866045e-01
    outer loop
      vertex   -1.286428e+02 3.918645e+02 1.866162e+02
      vertex   -1.286428e+02 3.943934e+02 1.866162e+02
      vertex   -1.287102e+02 3.943934e+02 1.864951e+02
    endloop
  endfacet
  facet normal -8.736224e-01 0.000000e+00 4.866045e-01
    outer loop
      vertex   -1.286428e+02 3.918645e+02 1.866162e+02
      vertex   -1.287102e+02 3.943934e+02 1.864951e+02
      vertex   -1.287102e+02 3.918645e+02 1.864951e+02
    endloop
  endfacet
  facet normal -8.249975e-01 0.000000e+00 5.651364e-01
    outer loop
      vertex   -1.287102e+02 3.918645e+02 1.864951e+02
      vertex   -1.287102e+02 3.943934e+02 1.864951e+02
      vertex   -1.287885e+02 3.943934e+02 1.863808e+02
    endloop
  endfacet
  facet normal -8.249975e-01 0.000000e+00 5.651364e-01
    outer loop
      vertex   -1.287102e+02 3.918645e+02 1.864951e+02
      vertex   -1.287885e+02 3.943934e+02 1.863808e+02
      vertex   -1.287885e+02 3.918645e+02 1.863808e+02
    endloop
  endfacet
  facet normal -7.693340e-01 0.000000e+00 6.388468e-01
    outer loop
      vertex   -1.287885e+02 3.918645e+02 1.863808e+02
      vertex   -1.287885e+02 3.943934e+02 1.863808e+02
      vertex   -1.288770e+02 3.943934e+02 1.862742e+02
    endloop
  endfacet
  facet normal -7.693340e-01 0.000000e+00 6.388468e-01
    outer loop
      vertex   -1.287885e+02 3.918645e+02 1.863808e+02
      vertex   -1.288770e+02 3.943934e+02 1.862742e+02
      vertex   -1.288770e+02 3.918645e+02 1.862742e+02
    endloop
  endfacet
  facet normal -7.071068e-01 0.000000e+00 7.071068e-01
    outer loop
      vertex   -1.288770e+02 3.918645e+02 1.862742e+02
      vertex   -1.288770e+02 3.943934e+02 1.862742e+02
      vertex   -1.289750e+02 3.943934e+02 1.861762e+02
    endloop
  endfacet
  facet normal -7.071068e-01 0.000000e+00 7.071068e-01
    outer loop
      vertex   -1.288770e+02 3.918645e+02 1.862742e+02
      vertex   -1.289750e+02 3.943934e+02 1.861762e+02
      vertex   -1.289750e+02 3.918645e+02 1.861762e+02
    endloop
  endfacet
  facet normal -6.388468e-01 0.000000e+00 7.693340e-01
    outer loop
      vertex   -1.289750e+02 3.918645e+02 1.861762e+02
      vertex   -1.289750e+02 3.943934e+02 1.861762e+02
      vertex   -1.290816e+02 3.943934e+02 1.860877e+02
    endloop
  endfacet
  facet normal -6.388468e-01 0.000000e+00 7.693340e-01
    outer loop
      vertex   -1.289750e+02 3.918645e+02 1.861762e+02
      vertex   -1.290816e+02 3.943934e+02 1.860877e+02
      vertex   -1.290816e+02 3.918645e+02 1.860877e+02
    endloop
  endfacet
  facet normal -5.651364e-01 0.000000e+00 8.249975e-01
    outer loop
      vertex   -1.290816e+02 3.918645e+02 1.860877e+02
      vertex   -1.290816e+02 3.943934e+02 1.860877e+02
      vertex   -1.291959e+02 3.943934e+02 1.860094e+02
    endloop
  endfacet
  facet normal -5.651364e-01 0.000000e+00 8.249975e-01
    outer loop
      vertex   -1.290816e+02 3.918645e+02 1.860877e+02
      vertex   -1.291959e+02 3.943934e+02 1.860094e+02
      vertex   -1.291959e+02 3.918645e+02 1.860094e+02
    endloop
  endfacet
  facet normal -4.866045e-01 0.000000e+00 8.736224e-01
    outer loop
      vertex   -1.291959e+02 3.918645e+02 1.860094e+02
      vertex   -1.291959e+02 3.943934e+02 1.860094e+02
      vertex   -1.293169e+02 3.943934e+02 1.859420e+02
    endloop
  endfacet
  facet normal -4.866045e-01 0.000000e+00 8.736224e-01
    outer loop
      vertex   -1.291959e+02 3.918645e+02 1.860094e+02
      vertex   -1.293169e+02 3.943934e+02 1.859420e+02
      vertex   -1.293169e+02 3.918645e+02 1.859420e+02
    endloop
  endfacet
  facet normal -4.039210e-01 0.000000e+00 9.147939e-01
    outer loop
      vertex   -1.293169e+02 3.918645e+02 1.859420e+02
      vertex   -1.293169e+02 3.943934e+02 1.859420e+02
      vertex   -1.294437e+02 3.943934e+02 1.858861e+02
    endloop
  endfacet
  facet normal -4.039210e-01 0.000000e+00 9.147939e-01
    outer loop
      vertex   -1.293169e+02 3.918645e+02 1.859420e+02
      vertex   -1.294437e+02 3.943934e+02 1.858861e+02
      vertex   -1.294437e+02 3.918645e+02 1.858861e+02
    endloop
  endfacet
  facet normal -3.177914e-01 0.000000e+00 9.481606e-01
    outer loop
      vertex   -1.294437e+02 3.918645e+02 1.858861e+02
      vertex   -1.294437e+02 3.943934e+02 1.858861e+02
      vertex   -1.295751e+02 3.943934e+02 1.858420e+02
    endloop
  endfacet
  facet normal -3.177914e-01 0.000000e+00 9.481606e-01
    outer loop
      vertex   -1.294437e+02 3.918645e+02 1.858861e+02
      vertex   -1.295751e+02 3.943934e+02 1.858420e+02
      vertex   -1.295751e+02 3.918645e+02 1.858420e+02
    endloop
  endfacet
  facet normal -2.289505e-01 0.000000e+00 9.734381e-01
    outer loop
      vertex   -1.295751e+02 3.918645e+02 1.858420e+02
      vertex   -1.295751e+02 3.943934e+02 1.858420e+02
      vertex   -1.297099e+02 3.943934e+02 1.858103e+02
    endloop
  endfacet
  facet normal -2.289505e-01 0.000000e+00 9.734381e-01
    outer loop
      vertex   -1.295751e+02 3.918645e+02 1.858420e+02
      vertex   -1.297099e+02 3.943934e+02 1.858103e+02
      vertex   -1.297099e+02 3.918645e+02 1.858103e+02
    endloop
  endfacet
  facet normal -1.381564e-01 0.000000e+00 9.904104e-01
    outer loop
      vertex   -1.297099e+02 3.918645e+02 1.858103e+02
      vertex   -1.297099e+02 3.943934e+02 1.858103e+02
      vertex   -1.298471e+02 3.943934e+02 1.857912e+02
    endloop
  endfacet
  facet normal -1.381564e-01 0.000000e+00 9.904104e-01
    outer loop
      vertex   -1.297099e+02 3.918645e+02 1.858103e+02
      vertex   -1.298471e+02 3.943934e+02 1.857912e+02
      vertex   -1.298471e+02 3.918645e+02 1.857912e+02
    endloop
  endfacet
  facet normal -4.618346e-02 0.000000e+00 9.989330e-01
    outer loop
      vertex   -1.298471e+02 3.918645e+02 1.857912e+02
      vertex   -1.298471e+02 3.943934e+02 1.857912e+02
      vertex   -1.299856e+02 3.918645e+02 1.857848e+02
    endloop
  endfacet
  facet normal -4.618346e-02 0.000000e+00 9.989330e-01
    outer loop
      vertex   -1.299856e+02 3.918645e+02 1.857848e+02
      vertex   -1.298471e+02 3.943934e+02 1.857912e+02
      vertex   -1.299856e+02 3.943934e+02 1.857848e+02
    endloop
  endfacet
  facet normal 0.000000e+00 0.000000e+00 1.000000e+00
    outer loop
      vertex   -1.299856e+02 3.943934e+02 1.857848e+02
      vertex   -1.370862e+02 3.943934e+02 1.857848e+02
      vertex   -1.299856e+02 3.918645e+02 1.857848e+02
    endloop
  endfacet
  facet normal 0.000000e+00 0.000000e+00 1.000000e+00
    outer loop
      vertex   -1.299856e+02 3.918645e+02 1.857848e+02
      vertex   -1.370862e+02 3.943934e+02 1.857848e+02
      vertex   -1.370862e+02 3.918645e+02 1.857848e+02
    endloop
  endfacet
  facet normal 4.618346e-02 -0.000000e+00 9.989330e-01
    outer loop
      vertex   -1.370862e+02 3.918645e+02 1.857848e+02
      vertex   -1.370862e+02 3.943934e+02 1.857848e+02
      vertex   -1.372246e+02 3.918645e+02 1.857912e+02
    endloop
  endfacet
  facet normal 4.618346e-02 -0.000000e+00 9.989330e-01
    outer loop
      vertex   -1.372246e+02 3.918645e+02 1.857912e+02
      vertex   -1.370862e+02 3.943934e+02 1.857848e+02
      vertex   -1.372246e+02 3.943934e+02 1.857912e+02
    endloop
  endfacet
  facet normal 1.381564e-01 -0.000000e+00 9.904104e-01
    outer loop
      vertex   -1.372246e+02 3.918645e+02 1.857912e+02
      vertex   -1.372246e+02 3.943934e+02 1.857912e+02
      vertex   -1.373619e+02 3.943934e+02 1.858103e+02
    endloop
  endfacet
  facet normal 1.381564e-01 0.000000e+00 9.904104e-01
    outer loop
      vertex   -1.372246e+02 3.918645e+02 1.857912e+02
      vertex   -1.373619e+02 3.943934e+02 1.858103e+02
      vertex   -1.373619e+02 3.918645e+02 1.858103e+02
    endloop
  endfacet
  facet normal 2.289505e-01 -0.000000e+00 9.734381e-01
    outer loop
      vertex   -1.373619e+02 3.918645e+02 1.858103e+02
      vertex   -1.373619e+02 3.943934e+02 1.858103e+02
      vertex   -1.374967e+02 3.943934e+02 1.858420e+02
    endloop
  endfacet
  facet normal 2.289505e-01 0.000000e+00 9.734381e-01
    outer loop
      vertex   -1.373619e+02 3.918645e+02 1.858103e+02
      vertex   -1.374967e+02 3.943934e+02 1.858420e+02
      vertex   -1.374967e+02 3.918645e+02 1.858420e+02
    endloop
  endfacet
  facet normal 3.177914e-01 -0.000000e+00 9.481606e-01
    outer loop
      vertex   -1.374967e+02 3.918645e+02 1.858420e+02
      vertex   -1.374967e+02 3.943934e+02 1.858420e+02
      vertex   -1.376281e+02 3.943934e+02 1.858861e+02
    endloop
  endfacet
  facet normal 3.177914e-01 0.000000e+00 9.481606e-01
    outer loop
      vertex   -1.374967e+02 3.918645e+02 1.858420e+02
      vertex   -1.376281e+02 3.943934e+02 1.858861e+02
      vertex   -1.376281e+02 3.918645e+02 1.858861e+02
    endloop
  endfacet
  facet normal 4.039210e-01 -0.000000e+00 9.147939e-01
    outer loop
      vertex   -1.376281e+02 3.918645e+02 1.858861e+02
      vertex   -1.376281e+02 3.943934e+02 1.858861e+02
      vertex   -1.377548e+02 3.943934e+02 1.859420e+02
    endloop
  endfacet
  facet normal 4.039210e-01 0.000000e+00 9.147939e-01
    outer loop
      vertex   -1.376281e+02 3.918645e+02 1.858861e+02
      vertex   -1.377548e+02 3.943934e+02 1.859420e+02
      vertex   -1.377548e+02 3.918645e+02 1.859420e+02
    endloop
  endfacet
  facet normal 4.866045e-01 -0.000000e+00 8.736224e-01
    outer loop
      vertex   -1.377548e+02 3.918645e+02 1.859420e+02
      vertex   -1.377548e+02 3.943934e+02 1.859420e+02
      vertex   -1.378759e+02 3.943934e+02 1.860094e+02
    endloop
  endfacet
  facet normal 4.866045e-01 0.000000e+00 8.736224e-01
    outer loop
      vertex   -1.377548e+02 3.918645e+02 1.859420e+02
      vertex   -1.378759e+02 3.943934e+02 1.860094e+02
      vertex   -1.378759e+02 3.918645e+02 1.860094e+02
    endloop
  endfacet
  facet normal 5.651364e-01 -0.000000e+00 8.249975e-01
    outer loop
      vertex   -1.378759e+02 3.918645e+02 1.860094e+02
      vertex   -1.378759e+02 3.943934e+02 1.860094e+02
      vertex   -1.379902e+02 3.943934e+02 1.860877e+02
    endloop
  endfacet
  facet normal 5.651364e-01 0.000000e+00 8.249975e-01
    outer loop
      vertex   -1.378759e+02 3.918645e+02 1.860094e+02
      vertex   -1.379902e+02 3.943934e+02 1.860877e+02
      vertex   -1.379902e+02 3.918645e+02 1.860877e+02
    endloop
  endfacet
  facet normal 6.388468e-01 -0.000000e+00 7.693340e-01
    outer loop
      vertex   -1.379902e+02 3.918645e+02 1.860877e+02
      vertex   -1.379902e+02 3.943934e+02 1.860877e+02
      vertex   -1.380968e+02 3.943934e+02 1.861762e+02
    endloop
  endfacet
  facet normal 6.388468e-01 0.000000e+00 7.693340e-01
    outer loop
      vertex   -1.379902e+02 3.918645e+02 1.860877e+02
      vertex   -1.380968e+02 3.943934e+02 1.861762e+02
      vertex   -1.380968e+02 3.918645e+02 1.861762e+02
    endloop
  endfacet
  facet normal 7.071068e-01 -0.000000e+00 7.071068e-01
    outer loop
      vertex   -1.380968e+02 3.918645e+02 1.861762e+02
      vertex   -1.380968e+02 3.943934e+02 1.861762e+02
      vertex   -1.381947e+02 3.943934e+02 1.862742e+02
    endloop
  endfacet
  facet normal 7.071068e-01 0.000000e+00 7.071068e-01
    outer loop
      vertex   -1.380968e+02 3.918645e+02 1.861762e+02
      vertex   -1.381947e+02 3.943934e+02 1.862742e+02
      vertex   -1.381947e+02 3.918645e+02 1.862742e+02
    endloop
  endfacet
  facet normal 7.693340e-01 -0.000000e+00 6.388468e-01
    outer loop
      vertex   -1.381947e+02 3.918645e+02 1.862742e+02
      vertex   -1.381947e+02 3.943934e+02 1.862742e+02
      vertex   -1.382833e+02 3.943934e+02 1.863808e+02
    endloop
  endfacet
  facet normal 7.693340e-01 0.000000e+00 6.388468e-01
    outer loop
      vertex   -1.381947e+02 3.918645e+02 1.862742e+02
      vertex   -1.382833e+02 3.943934e+02 1.863808e+02
      vertex   -1.382833e+02 3.918645e+02 1.863808e+02
    endloop
  endfacet
  facet normal 8.249975e-01 -0.000000e+00 5.651364e-01
    outer loop
      vertex   -1.382833e+02 3.918645e+02 1.863808e+02
      vertex   -1.382833e+02 3.943934e+02 1.863808e+02
      vertex   -1.383616e+02 3.943934e+02 1.864951e+02
    endloop
  endfacet
  facet normal 8.249975e-01 0.000000e+00 5.651364e-01
    outer loop
      vertex   -1.382833e+02 3.918645e+02 1.863808e+02
      vertex   -1.383616e+02 3.943934e+02 1.864951e+02
      vertex   -1.383616e+02 3.918645e+02 1.864951e+02
    endloop
  endfacet
  facet normal 8.736224e-01 -0.000000e+00 4.866045e-01
    outer loop
      vertex   -1.383616e+02 3.918645e+02 1.864951e+02
      vertex   -1.383616e+02 3.943934e+02 1.864951e+02
      vertex   -1.384290e+02 3.943934e+02 1.866162e+02
    endloop
  endfacet
  facet normal 8.736224e-01 0.000000e+00 4.866045e-01
    outer loop
      vertex   -1.383616e+02 3.918645e+02 1.864951e+02
      vertex   -1.384290e+02 3.943934e+02 1.866162e+02
      vertex   -1.384290e+02 3.918645e+02 1.866162e+02
    endloop
  endfacet
  facet normal 9.147939e-01 -0.000000e+00 4.039210e-01
    outer loop
      vertex   -1.384290e+02 3.918645e+02 1.866162e+02
      vertex   -1.384290e+02 3.943934e+02 1.866162e+02
      vertex   -1.384849e+02 3.943934e+02 1.867429e+02
    endloop
  endfacet
  facet normal 9.147939e-01 0.000000e+00 4.039210e-01
    outer loop
      vertex   -1.384290e+02 3.918645e+02 1.866162e+02
      vertex   -1.384849e+02 3.943934e+02 1.867429e+02
      vertex   -1.384849e+02 3.918645e+02 1.867429e+02
    endloop
  endfacet
  facet normal 9.481606e-01 -0.000000e+00 3.177914e-01
    outer loop
      vertex   -1.384849e+02 3.918645e+02 1.867429e+02
      vertex   -1.384849e+02 3.943934e+02 1.867429e+02
      vertex   -1.385290e+02 3.943934e+02 1.868743e+02
    endloop
  endfacet
  facet normal 9.481606e-01 0.000000e+00 3.177914e-01
    outer loop
      vertex   -1.384849e+02 3.918645e+02 1.867429e+02
      vertex   -1.385290e+02 3.943934e+02 1.868743e+02
      vertex   -1.385290e+02 3.918645e+02 1.868743e+02
    endloop
  endfacet
  facet normal 9.734381e-01 -0.000000e+00 2.289505e-01
    outer loop
      vertex   -1.385290e+02 3.918645e+02 1.868743e+02
      vertex   -1.385290e+02 3.943934e+02 1.868743e+02
      vertex   -1.385607e+02 3.943934e+02 1.870091e+02
    endloop
  endfacet
  facet normal 9.734381e-01 0.000000e+00 2.289505e-01
    outer loop
      vertex   -1.385290e+02 3.918645e+02 1.868743e+02
      vertex   -1.385607e+02 3.943934e+02 1.870091e+02
      vertex   -1.385607e+02 3.918645e+02 1.870091e+02
    endloop
  endfacet
  facet normal 9.904104e-01 -0.000000e+00 1.381564e-01
    outer loop
      vertex   -1.385607e+02 3.918645e+02 1.870091e+02
      vertex   -1.385607e+02 3.943934e+02 1.870091e+02
      vertex   -1.385798e+02 3.943934e+02 1.871464e+02
    endloop
  endfacet
  facet normal 9.904104e-01 0.000000e+00 1.381564e-01
    outer loop
      vertex   -1.385607e+02 3.918645e+02 1.870091e+02
      vertex   -1.385798e+02 3.943934e+02 1.871464e+02
      vertex   -1.385798e+02 3.918645e+02 1.871464e+02
    endloop
  endfacet
  facet normal 9.989330e-01 -0.000000e+00 4.618346e-02
    outer loop
      vertex   -1.385798e+02 3.918645e+02 1.871464e+02
      vertex   -1.385798e+02 3.943934e+02 1.871464e+02
      vertex   -1.385862e+02 3.918645e+02 1.872848e+02
    endloop
  endfacet
  facet normal 9.989330e-01 -0.000000e+00 4.618346e-02
    outer loop
      vertex   -1.385862e+02 3.918645e+02 1.872848e+02
      vertex   -1.385798e+02 3.943934e+02 1.871464e+02
      vertex   -1.385862e+02 3.943934e+02 1.872848e+02
    endloop
  endfacet
  facet normal 1.000000e+00 0.000000e+00 -0.000000e+00
    outer loop
      vertex   -1.385862e+02 3.943934e+02 1.872848e+02
      vertex   -1.385862e+02 3.943934e+02 1.912848e+02
      vertex   -1.385862e+02 3.918645e+02 1.872848e+02
    endloop
  endfacet
  facet normal 1.000000e+00 0.000000e+00 -0.000000e+00
    outer loop
      vertex   -1.385862e+02 3.918645e+02 1.872848e+02
      vertex   -1.385862e+02 3.943934e+02 1.912848e+02
      vertex   -1.385862e+02 3.918645e+02 1.912848e+02
    endloop
  endfacet
  facet normal 0.000000e+00 1.000000e+00 0.000000e+00
    outer loop
      vertex   -1.213307e+02 3.953934e+02 1.761848e+02
      vertex   -1.213307e+02 3.953934e+02 1.736848e+02
      vertex   -1.274667e+02 3.953934e+02 1.761848e+02
    endloop
  endfacet
  facet normal 0.000000e+00 1.000000e+00 0.000000e+00
    outer loop
      vertex   -1.274667e+02 3.953934e+02 1.761848e+02
      vertex   -1.213307e+02 3.953934e+02 1.736848e+02
      vertex   -1.415862e+02 3.953934e+02 1.736848e+02
    endloop
  endfacet
  facet normal 0.000000e+00 1.000000e+00 0.000000e+00
    outer loop
      vertex   -1.274667e+02 3.953934e+02 1.761848e+02
      vertex   -1.415862e+02 3.953934e+02 1.736848e+02
      vertex   -1.370862e+02 3.953934e+02 1.847848e+02
    endloop
  endfacet
  facet normal 0.000000e+00 1.000000e+00 0.000000e+00
    outer loop
      vertex   -1.370862e+02 3.953934e+02 1.847848e+02
      vertex   -1.415862e+02 3.953934e+02 1.736848e+02
      vertex   -1.372731e+02 3.953934e+02 1.847917e+02
    endloop
  endfacet
  facet normal 0.000000e+00 1.000000e+00 0.000000e+00
    outer loop
      vertex   -1.372731e+02 3.953934e+02 1.847917e+02
      vertex   -1.415862e+02 3.953934e+02 1.736848e+02
      vertex   -1.374588e+02 3.953934e+02 1.848127e+02
    endloop
  endfacet
  facet normal 0.000000e+00 1.000000e+00 0.000000e+00
    outer loop
      vertex   -1.374588e+02 3.953934e+02 1.848127e+02
      vertex   -1.415862e+02 3.953934e+02 1.736848e+02
      vertex   -1.376425e+02 3.953934e+02 1.848474e+02
    endloop
  endfacet
  facet normal 0.000000e+00 1.000000e+00 0.000000e+00
    outer loop
      vertex   -1.376425e+02 3.953934e+02 1.848474e+02
      vertex   -1.415862e+02 3.953934e+02 1.736848e+02
      vertex   -1.378231e+02 3.953934e+02 1.848958e+02
    endloop
  endfacet
  facet normal 0.000000e+00 1.000000e+00 0.000000e+00
    outer loop
      vertex   -1.378231e+02 3.953934e+02 1.848958e+02
      vertex   -1.415862e+02 3.953934e+02 1.736848e+02
      vertex   -1.379996e+02 3.953934e+02 1.849576e+02
    endloop
  endfacet
  facet normal 0.000000e+00 1.000000e+00 0.000000e+00
    outer loop
      vertex   -1.379996e+02 3.953934e+02 1.849576e+02
      vertex   -1.415862e+02 3.953934e+02 1.736848e+02
      vertex   -1.381709e+02 3.953934e+02 1.850323e+02
    endloop
  endfacet
  facet normal 0.000000e+00 1.000000e+00 0.000000e+00
    outer loop
      vertex   -1.381709e+02 3.953934e+02 1.850323e+02
      vertex   -1.415862e+02 3.953934e+02 1.736848e+02
      vertex   -1.383362e+02 3.953934e+02 1.851197e+02
    endloop
  endfacet
  facet normal 0.000000e+00 1.000000e+00 0.000000e+00
    outer loop
      vertex   -1.383362e+02 3.953934e+02 1.851197e+02
      vertex   -1.415862e+02 3.953934e+02 1.736848e+02
      vertex   -1.384945e+02 3.953934e+02 1.852192e+02
    endloop
  endfacet
  facet normal 0.000000e+00 1.000000e+00 0.000000e+00
    outer loop
      vertex   -1.384945e+02 3.953934e+02 1.852192e+02
      vertex   -1.415862e+02 3.953934e+02 1.736848e+02
      vertex   -1.386450e+02 3.953934e+02 1.853302e+02
    endloop
  endfacet
  facet normal 0.000000e+00 1.000000e+00 0.000000e+00
    outer loop
      vertex   -1.386450e+02 3.953934e+02 1.853302e+02
      vertex   -1.415862e+02 3.953934e+02 1.736848e+02
      vertex   -1.387867e+02 3.953934e+02 1.854521e+02
    endloop
  endfacet
  facet normal 0.000000e+00 1.000000e+00 0.000000e+00
    outer loop
      vertex   -1.387867e+02 3.953934e+02 1.854521e+02
      vertex   -1.415862e+02 3.953934e+02 1.736848e+02
      vertex   -1.389189e+02 3.953934e+02 1.855843e+02
    endloop
  endfacet
  facet normal 0.000000e+00 1.000000e+00 0.000000e+00
    outer loop
      vertex   -1.389189e+02 3.953934e+02 1.855843e+02
      vertex   -1.415862e+02 3.953934e+02 1.736848e+02
      vertex   -1.390408e+02 3.953934e+02 1.857260e+02
    endloop
  endfacet
  facet normal 0.000000e+00 1.000000e+00 0.000000e+00
    outer loop
      vertex   -1.390408e+02 3.953934e+02 1.857260e+02
      vertex   -1.415862e+02 3.953934e+02 1.736848e+02
      vertex   -1.391518e+02 3.953934e+02 1.858765e+02
    endloop
  endfacet
  facet normal 0.000000e+00 1.000000e+00 0.000000e+00
    outer loop
      vertex   -1.391518e+02 3.953934e+02 1.858765e+02
      vertex   -1.415862e+02 3.953934e+02 1.736848e+02
      vertex   -1.392513e+02 3.953934e+02 1.860348e+02
    endloop
  endfacet
  facet normal 0.000000e+00 1.000000e+00 0.000000e+00
    outer loop
      vertex   -1.392513e+02 3.953934e+02 1.860348e+02
      vertex   -1.415862e+02 3.953934e+02 1.736848e+02
      vertex   -1.393387e+02 3.953934e+02 1.862000e+02
    endloop
  endfacet
  facet normal 0.000000e+00 1.000000e+00 0.000000e+00
    outer loop
      vertex   -1.393387e+02 3.953934e+02 1.862000e+02
      vertex   -1.415862e+02 3.953934e+02 1.736848e+02
      vertex   -1.394134e+02 3.953934e+02 1.863714e+02
    endloop
  endfacet
  facet normal 0.000000e+00 1.000000e+00 0.000000e+00
    outer loop
      vertex   -1.394134e+02 3.953934e+02 1.863714e+02
      vertex   -1.415862e+02 3.953934e+02 1.736848e+02
      vertex   -1.394752e+02 3.953934e+02 1.865479e+02
    endloop
  endfacet
  facet normal 0.000000e+00 1.000000e+00 0.000000e+00
    outer loop
      vertex   -1.394752e+02 3.953934e+02 1.865479e+02
      vertex   -1.415862e+02 3.953934e+02 1.736848e+02
      vertex   -1.395236e+02 3.953934e+02 1.867285e+02
    endloop
  endfacet
  facet normal 0.000000e+00 1.000000e+00 0.000000e+00
    outer loop
      vertex   -1.395236e+02 3.953934e+02 1.867285e+02
      vertex   -1.415862e+02 3.953934e+02 1.736848e+02
      vertex   -1.395583e+02 3.953934e+02 1.869122e+02
    endloop
  endfacet
  facet normal 0.000000e+00 1.000000e+00 0.000000e+00
    outer loop
      vertex   -1.395583e+02 3.953934e+02 1.869122e+02
      vertex   -1.415862e+02 3.953934e+02 1.736848e+02
      vertex   -1.395792e+02 3.953934e+02 1.870979e+02
    endloop
  endfacet
  facet normal 0.000000e+00 1.000000e+00 0.000000e+00
    outer loop
      vertex   -1.395792e+02 3.953934e+02 1.870979e+02
      vertex   -1.415862e+02 3.953934e+02 1.736848e+02
      vertex   -1.395862e+02 3.953934e+02 1.872848e+02
    endloop
  endfacet
  facet normal 0.000000e+00 1.000000e+00 0.000000e+00
    outer loop
      vertex   -1.395862e+02 3.953934e+02 1.872848e+02
      vertex   -1.415862e+02 3.953934e+02 1.736848e+02
      vertex   -1.415862e+02 3.953934e+02 1.982848e+02
    endloop
  endfacet
  facet normal 0.000000e+00 1.000000e+00 -0.000000e+00
    outer loop
      vertex   -1.395862e+02 3.953934e+02 1.872848e+02
      vertex   -1.415862e+02 3.953934e+02 1.982848e+02
      vertex   -1.395862e+02 3.953934e+02 1.912848e+02
    endloop
  endfacet
  facet normal 0.000000e+00 1.000000e+00 -0.000000e+00
    outer loop
      vertex   -1.395862e+02 3.953934e+02 1.912848e+02
      vertex   -1.415862e+02 3.953934e+02 1.982848e+02
      vertex   -1.395792e+02 3.953934e+02 1.914716e+02
    endloop
  endfacet
  facet normal 0.000000e+00 1.000000e+00 -0.000000e+00
    outer loop
      vertex   -1.395792e+02 3.953934e+02 1.914716e+02
      vertex   -1.415862e+02 3.953934e+02 1.982848e+02
      vertex   -1.395583e+02 3.953934e+02 1.916574e+02
    endloop
  endfacet
  facet normal 0.000000e+00 1.000000e+00 -0.000000e+00
    outer loop
      vertex   -1.395583e+02 3.953934e+02 1.916574e+02
      vertex   -1.415862e+02 3.953934e+02 1.982848e+02
      vertex   -1.395236e+02 3.953934e+02 1.918411e+02
    endloop
  endfacet
  facet normal 0.000000e+00 1.000000e+00 -0.000000e+00
    outer loop
      vertex   -1.395236e+02 3.953934e+02 1.918411e+02
      vertex   -1.415862e+02 3.953934e+02 1.982848e+02
      vertex   -1.394752e+02 3.953934e+02 1.920216e+02
    endloop
  endfacet
  facet normal 0.000000e+00 1.000000e+00 -0.000000e+00
    outer loop
      vertex   -1.394752e+02 3.953934e+02 1.920216e+02
      vertex   -1.415862e+02 3.953934e+02 1.982848e+02
      vertex   -1.394134e+02 3.953934e+02 1.921981e+02
    endloop
  endfacet
  facet normal 0.000000e+00 1.000000e+00 -0.000000e+00
    outer loop
      vertex   -1.394134e+02 3.953934e+02 1.921981e+02
      vertex   -1.415862e+02 3.953934e+02 1.982848e+02
      vertex   -1.393387e+02 3.953934e+02 1.923695e+02
    endloop
  endfacet
  facet normal 0.000000e+00 1.000000e+00 -0.000000e+00
    outer loop
      vertex   -1.393387e+02 3.953934e+02 1.923695e+02
      vertex   -1.415862e+02 3.953934e+02 1.982848e+02
      vertex   -1.392513e+02 3.953934e+02 1.925348e+02
    endloop
  endfacet
  facet normal 0.000000e+00 1.000000e+00 -0.000000e+00
    outer loop
      vertex   -1.392513e+02 3.953934e+02 1.925348e+02
      vertex   -1.415862e+02 3.953934e+02 1.982848e+02
      vertex   -1.391518e+02 3.953934e+02 1.926931e+02
    endloop
  endfacet
  facet normal 0.000000e+00 1.000000e+00 -0.000000e+00
    outer loop
      vertex   -1.391518e+02 3.953934e+02 1.926931e+02
      vertex   -1.415862e+02 3.953934e+02 1.982848e+02
      vertex   -1.390408e+02 3.953934e+02 1.928435e+02
    endloop
  endfacet
  facet normal 0.000000e+00 1.000000e+00 -0.000000e+00
    outer loop
      vertex   -1.390408e+02 3.953934e+02 1.928435e+02
      vertex   -1.415862e+02 3.953934e+02 1.982848e+02
      vertex   -1.389189e+02 3.953934e+02 1.929852e+02
    endloop
  endfacet
  facet normal 0.000000e+00 1.000000e+00 -0.000000e+00
    outer loop
      vertex   -1.389189e+02 3.953934e+02 1.929852e+02
      vertex   -1.415862e+02 3.953934e+02 1.982848e+02
      vertex   -1.387867e+02 3.953934e+02 1.931174e+02
    endloop
  endfacet
  facet normal 0.000000e+00 1.000000e+00 -0.000000e+00
    outer loop
      vertex   -1.387867e+02 3.953934e+02 1.931174e+02
      vertex   -1.415862e+02 3.953934e+02 1.982848e+02
      vertex   -1.386450e+02 3.953934e+02 1.932393e+02
    endloop
  endfacet
  facet normal 0.000000e+00 1.000000e+00 -0.000000e+00
    outer loop
      vertex   -1.386450e+02 3.953934e+02 1.932393e+02
      vertex   -1.415862e+02 3.953934e+02 1.982848e+02
      vertex   -1.384945e+02 3.953934e+02 1.933504e+02
    endloop
  endfacet
  facet normal 0.000000e+00 1.000000e+00 -0.000000e+00
    outer loop
      vertex   -1.384945e+02 3.953934e+02 1.933504e+02
      vertex   -1.415862e+02 3.953934e+02 1.982848e+02
      vertex   -1.383362e+02 3.953934e+02 1.934498e+02
    endloop
  endfacet
  facet normal 0.000000e+00 1.000000e+00 -0.000000e+00
    outer loop
      vertex   -1.383362e+02 3.953934e+02 1.934498e+02
      vertex   -1.415862e+02 3.953934e+02 1.982848e+02
      vertex   -1.381709e+02 3.953934e+02 1.935372e+02
    endloop
  endfacet
  facet normal 0.000000e+00 1.000000e+00 -0.000000e+00
    outer loop
      vertex   -1.381709e+02 3.953934e+02 1.935372e+02
      vertex   -1.415862e+02 3.953934e+02 1.982848e+02
      vertex   -1.379996e+02 3.953934e+02 1.936119e+02
    endloop
  endfacet
  facet normal 0.000000e+00 1.000000e+00 -0.000000e+00
    outer loop
      vertex   -1.379996e+02 3.953934e+02 1.936119e+02
      vertex   -1.415862e+02 3.953934e+02 1.982848e+02
      vertex   -1.378231e+02 3.953934e+02 1.936737e+02
    endloop
  endfacet
  facet normal 0.000000e+00 1.000000e+00 -0.000000e+00
    outer loop
      vertex   -1.378231e+02 3.953934e+02 1.936737e+02
      vertex   -1.415862e+02 3.953934e+02 1.982848e+02
      vertex   -1.376425e+02 3.953934e+02 1.937221e+02
    endloop
  endfacet
  facet normal 0.000000e+00 1.000000e+00 -0.000000e+00
    outer loop
      vertex   -1.376425e+02 3.953934e+02 1.937221e+02
      vertex   -1.415862e+02 3.953934e+02 1.982848e+02
      vertex   -1.374588e+02 3.953934e+02 1.937568e+02
    endloop
  endfacet
  facet normal 0.000000e+00 1.000000e+00 -0.000000e+00
    outer loop
      vertex   -1.374588e+02 3.953934e+02 1.937568e+02
      vertex   -1.415862e+02 3.953934e+02 1.982848e+02
      vertex   -1.372731e+02 3.953934e+02 1.937778e+02
    endloop
  endfacet
  facet normal 0.000000e+00 1.000000e+00 -0.000000e+00
    outer loop
      vertex   -1.372731e+02 3.953934e+02 1.937778e+02
      vertex   -1.415862e+02 3.953934e+02 1.982848e+02
      vertex   -1.370862e+02 3.953934e+02 1.937848e+02
    endloop
  endfacet
  facet normal 0.000000e+00 1.000000e+00 -0.000000e+00
    outer loop
      vertex   -1.370862e+02 3.953934e+02 1.937848e+02
      vertex   -1.415862e+02 3.953934e+02 1.982848e+02
      vertex   -1.299856e+02 3.953934e+02 1.937848e+02
    endloop
  endfacet
  facet normal 0.000000e+00 1.000000e+00 -0.000000e+00
    outer loop
      vertex   -1.299856e+02 3.953934e+02 1.937848e+02
      vertex   -1.415862e+02 3.953934e+02 1.982848e+02
      vertex   -1.274667e+02 3.953934e+02 1.957848e+02
    endloop
  endfacet
  facet normal -0.000000e+00 1.000000e+00 0.000000e+00
    outer loop
      vertex   -1.299856e+02 3.953934e+02 1.937848e+02
      vertex   -1.274667e+02 3.953934e+02 1.957848e+02
      vertex   -1.297987e+02 3.953934e+02 1.937778e+02
    endloop
  endfacet
  facet normal -0.000000e+00 1.000000e+00 0.000000e+00
    outer loop
      vertex   -1.297987e+02 3.953934e+02 1.937778e+02
      vertex   -1.274667e+02 3.953934e+02 1.957848e+02
      vertex   -1.296129e+02 3.953934e+02 1.937568e+02
    endloop
  endfacet
  facet normal -0.000000e+00 1.000000e+00 0.000000e+00
    outer loop
      vertex   -1.296129e+02 3.953934e+02 1.937568e+02
      vertex   -1.274667e+02 3.953934e+02 1.957848e+02
      vertex   -1.294292e+02 3.953934e+02 1.937221e+02
    endloop
  endfacet
  facet normal -0.000000e+00 1.000000e+00 0.000000e+00
    outer loop
      vertex   -1.294292e+02 3.953934e+02 1.937221e+02
      vertex   -1.274667e+02 3.953934e+02 1.957848e+02
      vertex   -1.292487e+02 3.953934e+02 1.936737e+02
    endloop
  endfacet
  facet normal -0.000000e+00 1.000000e+00 0.000000e+00
    outer loop
      vertex   -1.292487e+02 3.953934e+02 1.936737e+02
      vertex   -1.274667e+02 3.953934e+02 1.957848e+02
      vertex   -1.290722e+02 3.953934e+02 1.936119e+02
    endloop
  endfacet
  facet normal -0.000000e+00 1.000000e+00 0.000000e+00
    outer loop
      vertex   -1.290722e+02 3.953934e+02 1.936119e+02
      vertex   -1.274667e+02 3.953934e+02 1.957848e+02
      vertex   -1.289008e+02 3.953934e+02 1.935372e+02
    endloop
  endfacet
  facet normal -0.000000e+00 1.000000e+00 0.000000e+00
    outer loop
      vertex   -1.289008e+02 3.953934e+02 1.935372e+02
      vertex   -1.274667e+02 3.953934e+02 1.957848e+02
      vertex   -1.287356e+02 3.953934e+02 1.934498e+02
    endloop
  endfacet
  facet normal -0.000000e+00 1.000000e+00 0.000000e+00
    outer loop
      vertex   -1.287356e+02 3.953934e+02 1.934498e+02
      vertex   -1.274667e+02 3.953934e+02 1.957848e+02
      vertex   -1.285773e+02 3.953934e+02 1.933504e+02
    endloop
  endfacet
  facet normal -0.000000e+00 1.000000e+00 0.000000e+00
    outer loop
      vertex   -1.285773e+02 3.953934e+02 1.933504e+02
      vertex   -1.274667e+02 3.953934e+02 1.957848e+02
      vertex   -1.284268e+02 3.953934e+02 1.932393e+02
    endloop
  endfacet
  facet normal -0.000000e+00 1.000000e+00 0.000000e+00
    outer loop
      vertex   -1.284268e+02 3.953934e+02 1.932393e+02
      vertex   -1.274667e+02 3.953934e+02 1.957848e+02
      vertex   -1.282851e+02 3.953934e+02 1.931174e+02
    endloop
  endfacet
  facet normal -0.000000e+00 1.000000e+00 0.000000e+00
    outer loop
      vertex   -1.282851e+02 3.953934e+02 1.931174e+02
      vertex   -1.274667e+02 3.953934e+02 1.957848e+02
      vertex   -1.281529e+02 3.953934e+02 1.929852e+02
    endloop
  endfacet
  facet normal -0.000000e+00 1.000000e+00 0.000000e+00
    outer loop
      vertex   -1.281529e+02 3.953934e+02 1.929852e+02
      vertex   -1.274667e+02 3.953934e+02 1.957848e+02
      vertex   -1.280310e+02 3.953934e+02 1.928435e+02
    endloop
  endfacet
  facet normal -0.000000e+00 1.000000e+00 0.000000e+00
    outer loop
      vertex   -1.280310e+02 3.953934e+02 1.928435e+02
      vertex   -1.274667e+02 3.953934e+02 1.957848e+02
      vertex   -1.279200e+02 3.953934e+02 1.926931e+02
    endloop
  endfacet
  facet normal -0.000000e+00 1.000000e+00 0.000000e+00
    outer loop
      vertex   -1.279200e+02 3.953934e+02 1.926931e+02
      vertex   -1.274667e+02 3.953934e+02 1.957848e+02
      vertex   -1.278205e+02 3.953934e+02 1.925348e+02
    endloop
  endfacet
  facet normal -0.000000e+00 1.000000e+00 0.000000e+00
    outer loop
      vertex   -1.278205e+02 3.953934e+02 1.925348e+02
      vertex   -1.274667e+02 3.953934e+02 1.957848e+02
      vertex   -1.277331e+02 3.953934e+02 1.923695e+02
    endloop
  endfacet
  facet normal -0.000000e+00 1.000000e+00 0.000000e+00
    outer loop
      vertex   -1.277331e+02 3.953934e+02 1.923695e+02
      vertex   -1.274667e+02 3.953934e+02 1.957848e+02
      vertex   -1.276584e+02 3.953934e+02 1.921981e+02
    endloop
  endfacet
  facet normal -0.000000e+00 1.000000e+00 0.000000e+00
    outer loop
      vertex   -1.276584e+02 3.953934e+02 1.921981e+02
      vertex   -1.274667e+02 3.953934e+02 1.957848e+02
      vertex   -1.275966e+02 3.953934e+02 1.920216e+02
    endloop
  endfacet
  facet normal -0.000000e+00 1.000000e+00 0.000000e+00
    outer loop
      vertex   -1.275966e+02 3.953934e+02 1.920216e+02
      vertex   -1.274667e+02 3.953934e+02 1.957848e+02
      vertex   -1.275482e+02 3.953934e+02 1.918411e+02
    endloop
  endfacet
  facet normal -0.000000e+00 1.000000e+00 0.000000e+00
    outer loop
      vertex   -1.275482e+02 3.953934e+02 1.918411e+02
      vertex   -1.274667e+02 3.953934e+02 1.957848e+02
      vertex   -1.275135e+02 3.953934e+02 1.916574e+02
    endloop
  endfacet
  facet normal -0.000000e+00 1.000000e+00 0.000000e+00
    outer loop
      vertex   -1.275135e+02 3.953934e+02 1.916574e+02
      vertex   -1.274667e+02 3.953934e+02 1.957848e+02
      vertex   -1.274925e+02 3.953934e+02 1.914716e+02
    endloop
  endfacet
  facet normal -0.000000e+00 1.000000e+00 0.000000e+00
    outer loop
      vertex   -1.274925e+02 3.953934e+02 1.914716e+02
      vertex   -1.274667e+02 3.953934e+02 1.957848e+02
      vertex   -1.274856e+02 3.953934e+02 1.912848e+02
    endloop
  endfacet
  facet normal -0.000000e+00 1.000000e+00 0.000000e+00
    outer loop
      vertex   -1.274856e+02 3.953934e+02 1.912848e+02
      vertex   -1.274667e+02 3.953934e+02 1.957848e+02
      vertex   -1.274856e+02 3.953934e+02 1.872848e+02
    endloop
  endfacet
  facet normal -0.000000e+00 1.000000e+00 0.000000e+00
    outer loop
      vertex   -1.274856e+02 3.953934e+02 1.872848e+02
      vertex   -1.274667e+02 3.953934e+02 1.957848e+02
      vertex   -1.274667e+02 3.953934e+02 1.761848e+02
    endloop
  endfacet
  facet normal 0.000000e+00 1.000000e+00 0.000000e+00
    outer loop
      vertex   -1.274856e+02 3.953934e+02 1.872848e+02
      vertex   -1.274667e+02 3.953934e+02 1.761848e+02
      vertex   -1.274925e+02 3.953934e+02 1.870979e+02
    endloop
  endfacet
  facet normal 0.000000e+00 1.000000e+00 0.000000e+00
    outer loop
      vertex   -1.274925e+02 3.953934e+02 1.870979e+02
      vertex   -1.274667e+02 3.953934e+02 1.761848e+02
      vertex   -1.275135e+02 3.953934e+02 1.869122e+02
    endloop
  endfacet
  facet normal 0.000000e+00 1.000000e+00 0.000000e+00
    outer loop
      vertex   -1.275135e+02 3.953934e+02 1.869122e+02
      vertex   -1.274667e+02 3.953934e+02 1.761848e+02
      vertex   -1.275482e+02 3.953934e+02 1.867285e+02
    endloop
  endfacet
  facet normal 0.000000e+00 1.000000e+00 0.000000e+00
    outer loop
      vertex   -1.275482e+02 3.953934e+02 1.867285e+02
      vertex   -1.274667e+02 3.953934e+02 1.761848e+02
      vertex   -1.275966e+02 3.953934e+02 1.865479e+02
    endloop
  endfacet
  facet normal 0.000000e+00 1.000000e+00 0.000000e+00
    outer loop
      vertex   -1.275966e+02 3.953934e+02 1.865479e+02
      vertex   -1.274667e+02 3.953934e+02 1.761848e+02
      vertex   -1.276584e+02 3.953934e+02 1.863714e+02
    endloop
  endfacet
  facet normal 0.000000e+00 1.000000e+00 0.000000e+00
    outer loop
      vertex   -1.276584e+02 3.953934e+02 1.863714e+02
      vertex   -1.274667e+02 3.953934e+02 1.761848e+02
      vertex   -1.277331e+02 3.953934e+02 1.862000e+02
    endloop
  endfacet
  facet normal 0.000000e+00 1.000000e+00 0.000000e+00
    outer loop
      vertex   -1.277331e+02 3.953934e+02 1.862000e+02
      vertex   -1.274667e+02 3.953934e+02 1.761848e+02
      vertex   -1.278205e+02 3.953934e+02 1.860348e+02
    endloop
  endfacet
  facet normal 0.000000e+00 1.000000e+00 0.000000e+00
    outer loop
      vertex   -1.278205e+02 3.953934e+02 1.860348e+02
      vertex   -1.274667e+02 3.953934e+02 1.761848e+02
      vertex   -1.279200e+02 3.953934e+02 1.858765e+02
    endloop
  endfacet
  facet normal 0.000000e+00 1.000000e+00 0.000000e+00
    outer loop
      vertex   -1.279200e+02 3.953934e+02 1.858765e+02
      vertex   -1.274667e+02 3.953934e+02 1.761848e+02
      vertex   -1.280310e+02 3.953934e+02 1.857260e+02
    endloop
  endfacet
  facet normal 0.000000e+00 1.000000e+00 0.000000e+00
    outer loop
      vertex   -1.280310e+02 3.953934e+02 1.857260e+02
      vertex   -1.274667e+02 3.953934e+02 1.761848e+02
      vertex   -1.281529e+02 3.953934e+02 1.855843e+02
    endloop
  endfacet
  facet normal 0.000000e+00 1.000000e+00 0.000000e+00
    outer loop
      vertex   -1.281529e+02 3.953934e+02 1.855843e+02
      vertex   -1.274667e+02 3.953934e+02 1.761848e+02
      vertex   -1.282851e+02 3.953934e+02 1.854521e+02
    endloop
  endfacet
  facet normal 0.000000e+00 1.000000e+00 0.000000e+00
    outer loop
      vertex   -1.282851e+02 3.953934e+02 1.854521e+02
      vertex   -1.274667e+02 3.953934e+02 1.761848e+02
      vertex   -1.284268e+02 3.953934e+02 1.853302e+02
    endloop
  endfacet
  facet normal 0.000000e+00 1.000000e+00 0.000000e+00
    outer loop
      vertex   -1.284268e+02 3.953934e+02 1.853302e+02
      vertex   -1.274667e+02 3.953934e+02 1.761848e+02
      vertex   -1.285773e+02 3.953934e+02 1.852192e+02
    endloop
  endfacet
  facet normal 0.000000e+00 1.000000e+00 0.000000e+00
    outer loop
      vertex   -1.285773e+02 3.953934e+02 1.852192e+02
      vertex   -1.274667e+02 3.953934e+02 1.761848e+02
      vertex   -1.287356e+02 3.953934e+02 1.851197e+02
    endloop
  endfacet
  facet normal 0.000000e+00 1.000000e+00 0.000000e+00
    outer loop
      vertex   -1.287356e+02 3.953934e+02 1.851197e+02
      vertex   -1.274667e+02 3.953934e+02 1.761848e+02
      vertex   -1.289008e+02 3.953934e+02 1.850323e+02
    endloop
  endfacet
  facet normal 0.000000e+00 1.000000e+00 0.000000e+00
    outer loop
      vertex   -1.289008e+02 3.953934e+02 1.850323e+02
      vertex   -1.274667e+02 3.953934e+02 1.761848e+02
      vertex   -1.290722e+02 3.953934e+02 1.849576e+02
    endloop
  endfacet
  facet normal 0.000000e+00 1.000000e+00 0.000000e+00
    outer loop
      vertex   -1.290722e+02 3.953934e+02 1.849576e+02
      vertex   -1.274667e+02 3.953934e+02 1.761848e+02
      vertex   -1.292487e+02 3.953934e+02 1.848958e+02
    endloop
  endfacet
  facet normal 0.000000e+00 1.000000e+00 0.000000e+00
    outer loop
      vertex   -1.292487e+02 3.953934e+02 1.848958e+02
      vertex   -1.274667e+02 3.953934e+02 1.761848e+02
      vertex   -1.294292e+02 3.953934e+02 1.848474e+02
    endloop
  endfacet
  facet normal 0.000000e+00 1.000000e+00 0.000000e+00
    outer loop
      vertex   -1.294292e+02 3.953934e+02 1.848474e+02
      vertex   -1.274667e+02 3.953934e+02 1.761848e+02
      vertex   -1.296129e+02 3.953934e+02 1.848127e+02
    endloop
  endfacet
  facet normal 0.000000e+00 1.000000e+00 0.000000e+00
    outer loop
      vertex   -1.296129e+02 3.953934e+02 1.848127e+02
      vertex   -1.274667e+02 3.953934e+02 1.761848e+02
      vertex   -1.297987e+02 3.953934e+02 1.847917e+02
    endloop
  endfacet
  facet normal 0.000000e+00 1.000000e+00 0.000000e+00
    outer loop
      vertex   -1.297987e+02 3.953934e+02 1.847917e+02
      vertex   -1.274667e+02 3.953934e+02 1.761848e+02
      vertex   -1.299856e+02 3.953934e+02 1.847848e+02
    endloop
  endfacet
  facet normal 0.000000e+00 1.000000e+00 0.000000e+00
    outer loop
      vertex   -1.299856e+02 3.953934e+02 1.847848e+02
      vertex   -1.274667e+02 3.953934e+02 1.761848e+02
      vertex   -1.370862e+02 3.953934e+02 1.847848e+02
    endloop
  endfacet
  facet normal -0.000000e+00 1.000000e+00 0.000000e+00
    outer loop
      vertex   -1.415862e+02 3.953934e+02 1.982848e+02
      vertex   -1.213179e+02 3.953934e+02 1.982848e+02
      vertex   -1.274667e+02 3.953934e+02 1.957848e+02
    endloop
  endfacet
  facet normal 0.000000e+00 1.000000e+00 0.000000e+00
    outer loop
      vertex   -1.274667e+02 3.953934e+02 1.957848e+02
      vertex   -1.213179e+02 3.953934e+02 1.982848e+02
      vertex   -1.213179e+02 3.953934e+02 1.957848e+02
    endloop
  endfacet
  facet normal 4.173394e-02 9.991288e-01 -1.756744e-14
    outer loop
      vertex   -1.272999e+02 3.953864e+02 1.957848e+02
      vertex   -1.272999e+02 3.953864e+02 1.925181e+02
      vertex   -1.274667e+02 3.953934e+02 1.957848e+02
    endloop
  endfacet
  facet normal 4.173394e-02 9.991288e-01 1.813222e-16
    outer loop
      vertex   -1.274667e+02 3.953934e+02 1.957848e+02
      vertex   -1.272999e+02 3.953864e+02 1.925181e+02
      vertex   -1.272999e+02 3.953864e+02 1.892514e+02
    endloop
  endfacet
  facet normal 4.173394e-02 9.991288e-01 -1.813222e-16
    outer loop
      vertex   -1.274667e+02 3.953934e+02 1.957848e+02
      vertex   -1.272999e+02 3.953864e+02 1.892514e+02
      vertex   -1.272999e+02 3.953864e+02 1.859848e+02
    endloop
  endfacet
  facet normal 1.249111e-01 9.921679e-01 -5.433958e-16
    outer loop
      vertex   -1.272999e+02 3.953864e+02 1.859848e+02
      vertex   -1.272999e+02 3.953864e+02 1.892514e+02
      vertex   -1.271343e+02 3.953656e+02 1.859848e+02
    endloop
  endfacet
  facet normal 1.249111e-01 9.921679e-01 0.000000e+00
    outer loop
      vertex   -1.272999e+02 3.953864e+02 1.859848e+02
      vertex   -1.271343e+02 3.953656e+02 1.859848e+02
      vertex   -1.271343e+02 3.953656e+02 1.827181e+02
    endloop
  endfacet
  facet normal 2.072179e-01 9.782948e-01 -0.000000e+00
    outer loop
      vertex   -1.271343e+02 3.953656e+02 1.827181e+02
      vertex   -1.271343e+02 3.953656e+02 1.859848e+02
      vertex   -1.269709e+02 3.953310e+02 1.827181e+02
    endloop
  endfacet
  facet normal 2.072179e-01 9.782948e-01 9.002487e-16
    outer loop
      vertex   -1.271343e+02 3.953656e+02 1.827181e+02
      vertex   -1.269709e+02 3.953310e+02 1.827181e+02
      vertex   -1.269709e+02 3.953310e+02 1.794514e+02
    endloop
  endfacet
  facet normal 2.880811e-01 9.576060e-01 1.253228e-15
    outer loop
      vertex   -1.269709e+02 3.953310e+02 1.794514e+02
      vertex   -1.269709e+02 3.953310e+02 1.827181e+02
      vertex   -1.268111e+02 3.952829e+02 1.794514e+02
    endloop
  endfacet
  facet normal 2.880811e-01 9.576060e-01 -1.253350e-15
    outer loop
      vertex   -1.269709e+02 3.953310e+02 1.794514e+02
      vertex   -1.268111e+02 3.952829e+02 1.794514e+02
      vertex   -1.268111e+02 3.952829e+02 1.761848e+02
    endloop
  endfacet
  facet normal 3.669373e-01 9.302457e-01 -1.596273e-15
    outer loop
      vertex   -1.268111e+02 3.952829e+02 1.761848e+02
      vertex   -1.268111e+02 3.952829e+02 1.794514e+02
      vertex   -1.266558e+02 3.952216e+02 1.761848e+02
    endloop
  endfacet
  facet normal 3.669373e-01 9.302457e-01 -3.192547e-15
    outer loop
      vertex   -1.266558e+02 3.952216e+02 1.761848e+02
      vertex   -1.268111e+02 3.952829e+02 1.794514e+02
      vertex   -1.266558e+02 3.952216e+02 1.794514e+02
    endloop
  endfacet
  facet normal 4.432371e-01 8.964044e-01 -3.856395e-15
    outer loop
      vertex   -1.266558e+02 3.952216e+02 1.761848e+02
      vertex   -1.266558e+02 3.952216e+02 1.794514e+02
      vertex   -1.265061e+02 3.951476e+02 1.761848e+02
    endloop
  endfacet
  facet normal 4.432371e-01 8.964044e-01 -3.856395e-15
    outer loop
      vertex   -1.265061e+02 3.951476e+02 1.761848e+02
      vertex   -1.266558e+02 3.952216e+02 1.794514e+02
      vertex   -1.265061e+02 3.951476e+02 1.794514e+02
    endloop
  endfacet
  facet normal 5.164489e-01 8.563180e-01 -4.493376e-15
    outer loop
      vertex   -1.265061e+02 3.951476e+02 1.761848e+02
      vertex   -1.265061e+02 3.951476e+02 1.794514e+02
      vertex   -1.263632e+02 3.950614e+02 1.761848e+02
    endloop
  endfacet
  facet normal 5.164489e-01 8.563180e-01 -0.000000e+00
    outer loop
      vertex   -1.263632e+02 3.950614e+02 1.761848e+02
      vertex   -1.265061e+02 3.951476e+02 1.794514e+02
      vertex   -1.263632e+02 3.950614e+02 1.794514e+02
    endloop
  endfacet
  facet normal 5.860627e-01 8.102657e-01 -0.000000e+00
    outer loop
      vertex   -1.263632e+02 3.950614e+02 1.761848e+02
      vertex   -1.263632e+02 3.950614e+02 1.794514e+02
      vertex   -1.262279e+02 3.949636e+02 1.761848e+02
    endloop
  endfacet
  facet normal 5.860627e-01 8.102657e-01 -0.000000e+00
    outer loop
      vertex   -1.262279e+02 3.949636e+02 1.761848e+02
      vertex   -1.263632e+02 3.950614e+02 1.794514e+02
      vertex   -1.262279e+02 3.949636e+02 1.794514e+02
    endloop
  endfacet
  facet normal 6.515934e-01 7.585684e-01 -0.000000e+00
    outer loop
      vertex   -1.262279e+02 3.949636e+02 1.761848e+02
      vertex   -1.262279e+02 3.949636e+02 1.794514e+02
      vertex   -1.261013e+02 3.948548e+02 1.761848e+02
    endloop
  endfacet
  facet normal 6.515934e-01 7.585684e-01 -0.000000e+00
    outer loop
      vertex   -1.261013e+02 3.948548e+02 1.761848e+02
      vertex   -1.262279e+02 3.949636e+02 1.794514e+02
      vertex   -1.261013e+02 3.948548e+02 1.794514e+02
    endloop
  endfacet
  facet normal 7.125845e-01 7.015863e-01 -0.000000e+00
    outer loop
      vertex   -1.261013e+02 3.948548e+02 1.761848e+02
      vertex   -1.261013e+02 3.948548e+02 1.794514e+02
      vertex   -1.259842e+02 3.947358e+02 1.761848e+02
    endloop
  endfacet
  facet normal 7.125845e-01 7.015863e-01 -9.299787e-15
    outer loop
      vertex   -1.259842e+02 3.947358e+02 1.761848e+02
      vertex   -1.261013e+02 3.948548e+02 1.794514e+02
      vertex   -1.259842e+02 3.947358e+02 1.794514e+02
    endloop
  endfacet
  facet normal 7.686112e-01 6.397162e-01 -1.003098e-14
    outer loop
      vertex   -1.259842e+02 3.947358e+02 1.761848e+02
      vertex   -1.259842e+02 3.947358e+02 1.794514e+02
      vertex   -1.258774e+02 3.946075e+02 1.761848e+02
    endloop
  endfacet
  facet normal 7.686112e-01 6.397162e-01 -1.337464e-14
    outer loop
      vertex   -1.258774e+02 3.946075e+02 1.761848e+02
      vertex   -1.259842e+02 3.947358e+02 1.794514e+02
      vertex   -1.258774e+02 3.946075e+02 1.794514e+02
    endloop
  endfacet
  facet normal 8.192830e-01 5.733894e-01 -1.425638e-14
    outer loop
      vertex   -1.258774e+02 3.946075e+02 1.761848e+02
      vertex   -1.258774e+02 3.946075e+02 1.794514e+02
      vertex   -1.257817e+02 3.944708e+02 1.761848e+02
    endloop
  endfacet
  facet normal 8.192830e-01 5.733894e-01 -1.425638e-14
    outer loop
      vertex   -1.257817e+02 3.944708e+02 1.761848e+02
      vertex   -1.258774e+02 3.946075e+02 1.794514e+02
      vertex   -1.257817e+02 3.944708e+02 1.794514e+02
    endloop
  endfacet
  facet normal 8.642470e-01 5.030678e-01 -1.503880e-14
    outer loop
      vertex   -1.257817e+02 3.944708e+02 1.761848e+02
      vertex   -1.257817e+02 3.944708e+02 1.794514e+02
      vertex   -1.256977e+02 3.943265e+02 1.761848e+02
    endloop
  endfacet
  facet normal 8.642470e-01 5.030678e-01 -3.759700e-15
    outer loop
      vertex   -1.256977e+02 3.943265e+02 1.761848e+02
      vertex   -1.257817e+02 3.944708e+02 1.794514e+02
      vertex   -1.256977e+02 3.943265e+02 1.794514e+02
    endloop
  endfacet
  facet normal 9.031898e-01 4.292414e-01 -3.929112e-15
    outer loop
      vertex   -1.256977e+02 3.943265e+02 1.761848e+02
      vertex   -1.256977e+02 3.943265e+02 1.794514e+02
      vertex   -1.256260e+02 3.941757e+02 1.761848e+02
    endloop
  endfacet
  facet normal 9.031898e-01 4.292414e-01 -0.000000e+00
    outer loop
      vertex   -1.256260e+02 3.941757e+02 1.761848e+02
      vertex   -1.256977e+02 3.943265e+02 1.794514e+02
      vertex   -1.256260e+02 3.941757e+02 1.794514e+02
    endloop
  endfacet
  facet normal 9.358403e-01 3.524245e-01 -0.000000e+00
    outer loop
      vertex   -1.256260e+02 3.941757e+02 1.761848e+02
      vertex   -1.256260e+02 3.941757e+02 1.794514e+02
      vertex   -1.255672e+02 3.940195e+02 1.761848e+02
    endloop
  endfacet
  facet normal 9.358403e-01 3.524245e-01 -4.071150e-15
    outer loop
      vertex   -1.255672e+02 3.940195e+02 1.761848e+02
      vertex   -1.256260e+02 3.941757e+02 1.794514e+02
      vertex   -1.255672e+02 3.940195e+02 1.794514e+02
    endloop
  endfacet
  facet normal 9.619708e-01 2.731523e-01 -4.184825e-15
    outer loop
      vertex   -1.255672e+02 3.940195e+02 1.761848e+02
      vertex   -1.255672e+02 3.940195e+02 1.794514e+02
      vertex   -1.255216e+02 3.938589e+02 1.761848e+02
    endloop
  endfacet
  facet normal 9.619708e-01 2.731523e-01 -1.255447e-14
    outer loop
      vertex   -1.255216e+02 3.938589e+02 1.761848e+02
      vertex   -1.255672e+02 3.940195e+02 1.794514e+02
      vertex   -1.255216e+02 3.938589e+02 1.794514e+02
    endloop
  endfacet
  facet normal 9.813994e-01 1.919771e-01 -1.280803e-14
    outer loop
      vertex   -1.255216e+02 3.938589e+02 1.761848e+02
      vertex   -1.255216e+02 3.938589e+02 1.794514e+02
      vertex   -1.254896e+02 3.936951e+02 1.761848e+02
    endloop
  endfacet
  facet normal 9.813994e-01 1.919771e-01 -4.269344e-15
    outer loop
      vertex   -1.254896e+02 3.936951e+02 1.761848e+02
      vertex   -1.255216e+02 3.938589e+02 1.794514e+02
      vertex   -1.254896e+02 3.936951e+02 1.794514e+02
    endloop
  endfacet
  facet normal 9.939907e-01 1.094644e-01 -4.324120e-15
    outer loop
      vertex   -1.254896e+02 3.936951e+02 1.761848e+02
      vertex   -1.254896e+02 3.936951e+02 1.794514e+02
      vertex   -1.254713e+02 3.935291e+02 1.761848e+02
    endloop
  endfacet
  facet normal 9.939907e-01 1.094644e-01 -0.000000e+00
    outer loop
      vertex   -1.254713e+02 3.935291e+02 1.761848e+02
      vertex   -1.254896e+02 3.936951e+02 1.794514e+02
      vertex   -1.254713e+02 3.935291e+02 1.794514e+02
    endloop
  endfacet
  facet normal 9.996570e-01 2.618905e-02 -0.000000e+00
    outer loop
      vertex   -1.254713e+02 3.935291e+02 1.761848e+02
      vertex   -1.254713e+02 3.935291e+02 1.794514e+02
      vertex   -1.254669e+02 3.933623e+02 1.761848e+02
    endloop
  endfacet
  facet normal 9.996570e-01 2.618905e-02 -4.348770e-15
    outer loop
      vertex   -1.254669e+02 3.933623e+02 1.761848e+02
      vertex   -1.254713e+02 3.935291e+02 1.794514e+02
      vertex   -1.254669e+02 3.933623e+02 1.794514e+02
    endloop
  endfacet
  facet normal 9.983588e-01 -5.726873e-02 -4.343122e-15
    outer loop
      vertex   -1.254669e+02 3.933623e+02 1.761848e+02
      vertex   -1.254669e+02 3.933623e+02 1.794514e+02
      vertex   -1.254765e+02 3.931956e+02 1.761848e+02
    endloop
  endfacet
  facet normal 9.983588e-01 -5.726873e-02 1.637586e-14
    outer loop
      vertex   -1.254765e+02 3.931956e+02 1.761848e+02
      vertex   -1.254669e+02 3.933623e+02 1.794514e+02
      vertex   -1.254669e+02 3.933623e+02 1.827181e+02
    endloop
  endfacet
  facet normal 9.983588e-01 -5.726873e-02 1.302935e-14
    outer loop
      vertex   -1.254765e+02 3.931956e+02 1.761848e+02
      vertex   -1.254669e+02 3.933623e+02 1.827181e+02
      vertex   -1.254669e+02 3.933623e+02 1.859848e+02
    endloop
  endfacet
  facet normal 9.996570e-01 2.618905e-02 1.304631e-14
    outer loop
      vertex   -1.254669e+02 3.933623e+02 1.859848e+02
      vertex   -1.254669e+02 3.933623e+02 1.827181e+02
      vertex   -1.254713e+02 3.935291e+02 1.859848e+02
    endloop
  endfacet
  facet normal 9.996570e-01 2.618905e-02 1.304625e-14
    outer loop
      vertex   -1.254669e+02 3.933623e+02 1.859848e+02
      vertex   -1.254713e+02 3.935291e+02 1.859848e+02
      vertex   -1.254713e+02 3.935291e+02 1.892514e+02
    endloop
  endfacet
  facet normal 9.939907e-01 1.094644e-01 1.297236e-14
    outer loop
      vertex   -1.254713e+02 3.935291e+02 1.892514e+02
      vertex   -1.254713e+02 3.935291e+02 1.859848e+02
      vertex   -1.254896e+02 3.936951e+02 1.892514e+02
    endloop
  endfacet
  facet normal 9.939907e-01 1.094644e-01 1.729639e-14
    outer loop
      vertex   -1.254713e+02 3.935291e+02 1.892514e+02
      vertex   -1.254896e+02 3.936951e+02 1.892514e+02
      vertex   -1.254896e+02 3.936951e+02 1.925181e+02
    endloop
  endfacet
  facet normal 9.813994e-01 1.919771e-01 1.707738e-14
    outer loop
      vertex   -1.254896e+02 3.936951e+02 1.925181e+02
      vertex   -1.254896e+02 3.936951e+02 1.892514e+02
      vertex   -1.255216e+02 3.938589e+02 1.925181e+02
    endloop
  endfacet
  facet normal 9.813994e-01 1.919771e-01 -5.884223e-14
    outer loop
      vertex   -1.254896e+02 3.936951e+02 1.925181e+02
      vertex   -1.255216e+02 3.938589e+02 1.925181e+02
      vertex   -1.255216e+02 3.938589e+02 1.957848e+02
    endloop
  endfacet
  facet normal 9.619708e-01 2.731523e-01 -5.915586e-14
    outer loop
      vertex   -1.255216e+02 3.938589e+02 1.957848e+02
      vertex   -1.255216e+02 3.938589e+02 1.925181e+02
      vertex   -1.255672e+02 3.940195e+02 1.957848e+02
    endloop
  endfacet
  facet normal 9.619708e-01 2.731523e-01 -5.497103e-14
    outer loop
      vertex   -1.255672e+02 3.940195e+02 1.957848e+02
      vertex   -1.255216e+02 3.938589e+02 1.925181e+02
      vertex   -1.255672e+02 3.940195e+02 1.925181e+02
    endloop
  endfacet
  facet normal 9.358403e-01 3.524245e-01 -5.498635e-14
    outer loop
      vertex   -1.255672e+02 3.940195e+02 1.957848e+02
      vertex   -1.255672e+02 3.940195e+02 1.925181e+02
      vertex   -1.256260e+02 3.941757e+02 1.957848e+02
    endloop
  endfacet
  facet normal 9.358403e-01 3.524245e-01 -5.091520e-14
    outer loop
      vertex   -1.256260e+02 3.941757e+02 1.957848e+02
      vertex   -1.255672e+02 3.940195e+02 1.925181e+02
      vertex   -1.256260e+02 3.941757e+02 1.925181e+02
    endloop
  endfacet
  facet normal 9.031898e-01 4.292414e-01 -5.068948e-14
    outer loop
      vertex   -1.256260e+02 3.941757e+02 1.957848e+02
      vertex   -1.256260e+02 3.941757e+02 1.925181e+02
      vertex   -1.256977e+02 3.943265e+02 1.957848e+02
    endloop
  endfacet
  facet normal 9.031898e-01 4.292414e-01 -4.676037e-14
    outer loop
      vertex   -1.256977e+02 3.943265e+02 1.957848e+02
      vertex   -1.256260e+02 3.941757e+02 1.925181e+02
      vertex   -1.256977e+02 3.943265e+02 1.925181e+02
    endloop
  endfacet
  facet normal 8.642470e-01 5.030678e-01 -4.635091e-14
    outer loop
      vertex   -1.256977e+02 3.943265e+02 1.957848e+02
      vertex   -1.256977e+02 3.943265e+02 1.925181e+02
      vertex   -1.257817e+02 3.944708e+02 1.957848e+02
    endloop
  endfacet
  facet normal 8.642470e-01 5.030678e-01 -3.507181e-14
    outer loop
      vertex   -1.257817e+02 3.944708e+02 1.957848e+02
      vertex   -1.256977e+02 3.943265e+02 1.925181e+02
      vertex   -1.257817e+02 3.944708e+02 1.925181e+02
    endloop
  endfacet
  facet normal 8.192830e-01 5.733894e-01 -3.492624e-14
    outer loop
      vertex   -1.257817e+02 3.944708e+02 1.957848e+02
      vertex   -1.257817e+02 3.944708e+02 1.925181e+02
      vertex   -1.258774e+02 3.946075e+02 1.957848e+02
    endloop
  endfacet
  facet normal 8.192830e-01 5.733894e-01 -4.133972e-14
    outer loop
      vertex   -1.258774e+02 3.946075e+02 1.957848e+02
      vertex   -1.257817e+02 3.944708e+02 1.925181e+02
      vertex   -1.258774e+02 3.946075e+02 1.925181e+02
    endloop
  endfacet
  facet normal 7.686112e-01 6.397162e-01 -4.232542e-14
    outer loop
      vertex   -1.258774e+02 3.946075e+02 1.957848e+02
      vertex   -1.258774e+02 3.946075e+02 1.925181e+02
      vertex   -1.259842e+02 3.947358e+02 1.957848e+02
    endloop
  endfacet
  facet normal 7.686112e-01 6.397162e-01 -3.119369e-14
    outer loop
      vertex   -1.259842e+02 3.947358e+02 1.957848e+02
      vertex   -1.258774e+02 3.946075e+02 1.925181e+02
      vertex   -1.259842e+02 3.947358e+02 1.925181e+02
    endloop
  endfacet
  facet normal 7.125845e-01 7.015863e-01 -3.080791e-14
    outer loop
      vertex   -1.259842e+02 3.947358e+02 1.957848e+02
      vertex   -1.259842e+02 3.947358e+02 1.925181e+02
      vertex   -1.261013e+02 3.948548e+02 1.957848e+02
    endloop
  endfacet
  facet normal 7.125845e-01 7.015863e-01 -3.390784e-14
    outer loop
      vertex   -1.261013e+02 3.948548e+02 1.957848e+02
      vertex   -1.259842e+02 3.947358e+02 1.925181e+02
      vertex   -1.261013e+02 3.948548e+02 1.925181e+02
    endloop
  endfacet
  facet normal 6.515934e-01 7.585684e-01 -3.304210e-14
    outer loop
      vertex   -1.261013e+02 3.948548e+02 1.957848e+02
      vertex   -1.261013e+02 3.948548e+02 1.925181e+02
      vertex   -1.262279e+02 3.949636e+02 1.957848e+02
    endloop
  endfacet
  facet normal 6.515934e-01 7.585684e-01 -3.020749e-14
    outer loop
      vertex   -1.262279e+02 3.949636e+02 1.957848e+02
      vertex   -1.261013e+02 3.948548e+02 1.925181e+02
      vertex   -1.262279e+02 3.949636e+02 1.925181e+02
    endloop
  endfacet
  facet normal 5.860627e-01 8.102657e-01 -2.939663e-14
    outer loop
      vertex   -1.262279e+02 3.949636e+02 1.957848e+02
      vertex   -1.262279e+02 3.949636e+02 1.925181e+02
      vertex   -1.263632e+02 3.950614e+02 1.957848e+02
    endloop
  endfacet
  facet normal 5.860627e-01 8.102657e-01 -2.684710e-14
    outer loop
      vertex   -1.263632e+02 3.950614e+02 1.957848e+02
      vertex   -1.262279e+02 3.949636e+02 1.925181e+02
      vertex   -1.263632e+02 3.950614e+02 1.925181e+02
    endloop
  endfacet
  facet normal 5.164489e-01 8.563180e-01 -2.613427e-14
    outer loop
      vertex   -1.263632e+02 3.950614e+02 1.957848e+02
      vertex   -1.263632e+02 3.950614e+02 1.925181e+02
      vertex   -1.265061e+02 3.951476e+02 1.957848e+02
    endloop
  endfacet
  facet normal 5.164489e-01 8.563180e-01 -2.388758e-14
    outer loop
      vertex   -1.265061e+02 3.951476e+02 1.957848e+02
      vertex   -1.263632e+02 3.950614e+02 1.925181e+02
      vertex   -1.265061e+02 3.951476e+02 1.925181e+02
    endloop
  endfacet
  facet normal 4.432371e-01 8.964044e-01 -2.331116e-14
    outer loop
      vertex   -1.265061e+02 3.951476e+02 1.957848e+02
      vertex   -1.265061e+02 3.951476e+02 1.925181e+02
      vertex   -1.266558e+02 3.952216e+02 1.957848e+02
    endloop
  endfacet
  facet normal 4.432371e-01 8.964044e-01 -2.138297e-14
    outer loop
      vertex   -1.266558e+02 3.952216e+02 1.957848e+02
      vertex   -1.265061e+02 3.951476e+02 1.925181e+02
      vertex   -1.266558e+02 3.952216e+02 1.925181e+02
    endloop
  endfacet
  facet normal 3.669373e-01 9.302457e-01 -2.097607e-14
    outer loop
      vertex   -1.266558e+02 3.952216e+02 1.957848e+02
      vertex   -1.266558e+02 3.952216e+02 1.925181e+02
      vertex   -1.268111e+02 3.952829e+02 1.957848e+02
    endloop
  endfacet
  facet normal 3.669373e-01 9.302457e-01 -1.937979e-14
    outer loop
      vertex   -1.268111e+02 3.952829e+02 1.957848e+02
      vertex   -1.266558e+02 3.952216e+02 1.925181e+02
      vertex   -1.268111e+02 3.952829e+02 1.925181e+02
    endloop
  endfacet
  facet normal 2.880811e-01 9.576060e-01 -1.916980e-14
    outer loop
      vertex   -1.268111e+02 3.952829e+02 1.957848e+02
      vertex   -1.268111e+02 3.952829e+02 1.925181e+02
      vertex   -1.269709e+02 3.953310e+02 1.957848e+02
    endloop
  endfacet
  facet normal 2.880811e-01 9.576060e-01 -1.791657e-14
    outer loop
      vertex   -1.269709e+02 3.953310e+02 1.957848e+02
      vertex   -1.268111e+02 3.952829e+02 1.925181e+02
      vertex   -1.269709e+02 3.953310e+02 1.925181e+02
    endloop
  endfacet
  facet normal 2.072179e-01 9.782948e-01 -1.792481e-14
    outer loop
      vertex   -1.269709e+02 3.953310e+02 1.957848e+02
      vertex   -1.269709e+02 3.953310e+02 1.925181e+02
      vertex   -1.271343e+02 3.953656e+02 1.957848e+02
    endloop
  endfacet
  facet normal 2.072179e-01 9.782948e-01 -9.014522e-16
    outer loop
      vertex   -1.271343e+02 3.953656e+02 1.957848e+02
      vertex   -1.269709e+02 3.953310e+02 1.925181e+02
      vertex   -1.271343e+02 3.953656e+02 1.925181e+02
    endloop
  endfacet
  facet normal 1.249111e-01 9.921679e-01 -5.433958e-16
    outer loop
      vertex   -1.271343e+02 3.953656e+02 1.957848e+02
      vertex   -1.271343e+02 3.953656e+02 1.925181e+02
      vertex   -1.272999e+02 3.953864e+02 1.957848e+02
    endloop
  endfacet
  facet normal 1.249111e-01 9.921679e-01 -1.780816e-14
    outer loop
      vertex   -1.272999e+02 3.953864e+02 1.957848e+02
      vertex   -1.271343e+02 3.953656e+02 1.925181e+02
      vertex   -1.272999e+02 3.953864e+02 1.925181e+02
    endloop
  endfacet
  facet normal 9.813994e-01 1.919771e-01 -5.977111e-14
    outer loop
      vertex   -1.255216e+02 3.938589e+02 1.957848e+02
      vertex   -1.254896e+02 3.936951e+02 1.957848e+02
      vertex   -1.254896e+02 3.936951e+02 1.925181e+02
    endloop
  endfacet
  facet normal 9.939907e-01 1.094644e-01 -6.053768e-14
    outer loop
      vertex   -1.254896e+02 3.936951e+02 1.925181e+02
      vertex   -1.254896e+02 3.936951e+02 1.957848e+02
      vertex   -1.254713e+02 3.935291e+02 1.925181e+02
    endloop
  endfacet
  facet normal 9.939907e-01 1.094644e-01 1.729639e-14
    outer loop
      vertex   -1.254896e+02 3.936951e+02 1.925181e+02
      vertex   -1.254713e+02 3.935291e+02 1.925181e+02
      vertex   -1.254713e+02 3.935291e+02 1.892514e+02
    endloop
  endfacet
  facet normal 9.996570e-01 2.618905e-02 1.739508e-14
    outer loop
      vertex   -1.254713e+02 3.935291e+02 1.892514e+02
      vertex   -1.254713e+02 3.935291e+02 1.925181e+02
      vertex   -1.254669e+02 3.933623e+02 1.892514e+02
    endloop
  endfacet
  facet normal 9.996570e-01 2.618905e-02 1.304625e-14
    outer loop
      vertex   -1.254713e+02 3.935291e+02 1.892514e+02
      vertex   -1.254669e+02 3.933623e+02 1.892514e+02
      vertex   -1.254669e+02 3.933623e+02 1.859848e+02
    endloop
  endfacet
  facet normal 9.983588e-01 -5.726873e-02 1.302937e-14
    outer loop
      vertex   -1.254669e+02 3.933623e+02 1.859848e+02
      vertex   -1.254669e+02 3.933623e+02 1.892514e+02
      vertex   -1.254765e+02 3.931956e+02 1.957848e+02
    endloop
  endfacet
  facet normal 9.983588e-01 -5.726873e-02 5.066974e-14
    outer loop
      vertex   -1.254669e+02 3.933623e+02 1.859848e+02
      vertex   -1.254765e+02 3.931956e+02 1.957848e+02
      vertex   -1.254765e+02 3.931956e+02 1.761848e+02
    endloop
  endfacet
  facet normal 9.939907e-01 1.094644e-01 -5.188916e-14
    outer loop
      vertex   -1.254896e+02 3.936951e+02 1.957848e+02
      vertex   -1.254713e+02 3.935291e+02 1.957848e+02
      vertex   -1.254713e+02 3.935291e+02 1.925181e+02
    endloop
  endfacet
  facet normal 9.996570e-01 2.618905e-02 -5.218523e-14
    outer loop
      vertex   -1.254713e+02 3.935291e+02 1.925181e+02
      vertex   -1.254713e+02 3.935291e+02 1.957848e+02
      vertex   -1.254669e+02 3.933623e+02 1.925181e+02
    endloop
  endfacet
  facet normal 9.996570e-01 2.618905e-02 1.830658e-14
    outer loop
      vertex   -1.254713e+02 3.935291e+02 1.925181e+02
      vertex   -1.254669e+02 3.933623e+02 1.925181e+02
      vertex   -1.254669e+02 3.933623e+02 1.892514e+02
    endloop
  endfacet
  facet normal 9.983588e-01 -5.726873e-02 1.537942e-14
    outer loop
      vertex   -1.254669e+02 3.933623e+02 1.892514e+02
      vertex   -1.254669e+02 3.933623e+02 1.925181e+02
      vertex   -1.254765e+02 3.931956e+02 1.957848e+02
    endloop
  endfacet
  facet normal 9.996570e-01 2.618905e-02 -5.653395e-14
    outer loop
      vertex   -1.254713e+02 3.935291e+02 1.957848e+02
      vertex   -1.254669e+02 3.933623e+02 1.957848e+02
      vertex   -1.254669e+02 3.933623e+02 1.925181e+02
    endloop
  endfacet
  facet normal 9.983588e-01 -5.726873e-02 -5.646059e-14
    outer loop
      vertex   -1.254669e+02 3.933623e+02 1.925181e+02
      vertex   -1.254669e+02 3.933623e+02 1.957848e+02
      vertex   -1.254765e+02 3.931956e+02 1.957848e+02
    endloop
  endfacet
  facet normal 2.880811e-01 9.576060e-01 -1.253350e-15
    outer loop
      vertex   -1.268111e+02 3.952829e+02 1.761848e+02
      vertex   -1.269709e+02 3.953310e+02 1.761848e+02
      vertex   -1.269709e+02 3.953310e+02 1.794514e+02
    endloop
  endfacet
  facet normal 2.072179e-01 9.782948e-01 -9.014522e-16
    outer loop
      vertex   -1.269709e+02 3.953310e+02 1.794514e+02
      vertex   -1.269709e+02 3.953310e+02 1.761848e+02
      vertex   -1.271343e+02 3.953656e+02 1.794514e+02
    endloop
  endfacet
  facet normal 2.072179e-01 9.782948e-01 9.002487e-16
    outer loop
      vertex   -1.269709e+02 3.953310e+02 1.794514e+02
      vertex   -1.271343e+02 3.953656e+02 1.794514e+02
      vertex   -1.271343e+02 3.953656e+02 1.827181e+02
    endloop
  endfacet
  facet normal 1.249111e-01 9.921679e-01 5.433958e-16
    outer loop
      vertex   -1.271343e+02 3.953656e+02 1.827181e+02
      vertex   -1.271343e+02 3.953656e+02 1.794514e+02
      vertex   -1.272999e+02 3.953864e+02 1.827181e+02
    endloop
  endfacet
  facet normal 1.249111e-01 9.921679e-01 0.000000e+00
    outer loop
      vertex   -1.271343e+02 3.953656e+02 1.827181e+02
      vertex   -1.272999e+02 3.953864e+02 1.827181e+02
      vertex   -1.272999e+02 3.953864e+02 1.859848e+02
    endloop
  endfacet
  facet normal 4.173394e-02 9.991288e-01 0.000000e+00
    outer loop
      vertex   -1.272999e+02 3.953864e+02 1.859848e+02
      vertex   -1.272999e+02 3.953864e+02 1.827181e+02
      vertex   -1.274667e+02 3.953934e+02 1.761848e+02
    endloop
  endfacet
  facet normal 4.173394e-02 9.991288e-01 0.000000e+00
    outer loop
      vertex   -1.272999e+02 3.953864e+02 1.859848e+02
      vertex   -1.274667e+02 3.953934e+02 1.761848e+02
      vertex   -1.274667e+02 3.953934e+02 1.957848e+02
    endloop
  endfacet
  facet normal 2.072179e-01 9.782948e-01 -9.018393e-16
    outer loop
      vertex   -1.269709e+02 3.953310e+02 1.761848e+02
      vertex   -1.271343e+02 3.953656e+02 1.761848e+02
      vertex   -1.271343e+02 3.953656e+02 1.794514e+02
    endloop
  endfacet
  facet normal 1.249111e-01 9.921679e-01 -5.433958e-16
    outer loop
      vertex   -1.271343e+02 3.953656e+02 1.794514e+02
      vertex   -1.271343e+02 3.953656e+02 1.761848e+02
      vertex   -1.272999e+02 3.953864e+02 1.794514e+02
    endloop
  endfacet
  facet normal 1.249111e-01 9.921679e-01 0.000000e+00
    outer loop
      vertex   -1.271343e+02 3.953656e+02 1.794514e+02
      vertex   -1.272999e+02 3.953864e+02 1.794514e+02
      vertex   -1.272999e+02 3.953864e+02 1.827181e+02
    endloop
  endfacet
  facet normal 4.173394e-02 9.991288e-01 0.000000e+00
    outer loop
      vertex   -1.272999e+02 3.953864e+02 1.827181e+02
      vertex   -1.272999e+02 3.953864e+02 1.794514e+02
      vertex   -1.274667e+02 3.953934e+02 1.761848e+02
    endloop
  endfacet
  facet normal 1.249111e-01 9.921679e-01 1.726537e-14
    outer loop
      vertex   -1.271343e+02 3.953656e+02 1.761848e+02
      vertex   -1.272999e+02 3.953864e+02 1.761848e+02
      vertex   -1.272999e+02 3.953864e+02 1.794514e+02
    endloop
  endfacet
  facet normal 4.173394e-02 9.991288e-01 1.738589e-14
    outer loop
      vertex   -1.272999e+02 3.953864e+02 1.794514e+02
      vertex   -1.272999e+02 3.953864e+02 1.761848e+02
      vertex   -1.274667e+02 3.953934e+02 1.761848e+02
    endloop
  endfacet
  facet normal 1.249111e-01 9.921679e-01 5.433958e-16
    outer loop
      vertex   -1.272999e+02 3.953864e+02 1.892514e+02
      vertex   -1.272999e+02 3.953864e+02 1.925181e+02
      vertex   -1.271343e+02 3.953656e+02 1.892514e+02
    endloop
  endfacet
  facet normal 1.249111e-01 9.921679e-01 5.433958e-16
    outer loop
      vertex   -1.271343e+02 3.953656e+02 1.892514e+02
      vertex   -1.272999e+02 3.953864e+02 1.925181e+02
      vertex   -1.271343e+02 3.953656e+02 1.925181e+02
    endloop
  endfacet
  facet normal 2.072179e-01 9.782948e-01 9.014522e-16
    outer loop
      vertex   -1.271343e+02 3.953656e+02 1.892514e+02
      vertex   -1.271343e+02 3.953656e+02 1.925181e+02
      vertex   -1.269709e+02 3.953310e+02 1.892514e+02
    endloop
  endfacet
  facet normal 2.072179e-01 9.782948e-01 1.792481e-14
    outer loop
      vertex   -1.269709e+02 3.953310e+02 1.892514e+02
      vertex   -1.271343e+02 3.953656e+02 1.925181e+02
      vertex   -1.269709e+02 3.953310e+02 1.925181e+02
    endloop
  endfacet
  facet normal 2.880811e-01 9.576060e-01 1.791657e-14
    outer loop
      vertex   -1.269709e+02 3.953310e+02 1.892514e+02
      vertex   -1.269709e+02 3.953310e+02 1.925181e+02
      vertex   -1.268111e+02 3.952829e+02 1.892514e+02
    endloop
  endfacet
  facet normal 2.880811e-01 9.576060e-01 1.253228e-15
    outer loop
      vertex   -1.268111e+02 3.952829e+02 1.892514e+02
      vertex   -1.269709e+02 3.953310e+02 1.925181e+02
      vertex   -1.268111e+02 3.952829e+02 1.925181e+02
    endloop
  endfacet
  facet normal 3.669373e-01 9.302457e-01 1.596273e-15
    outer loop
      vertex   -1.268111e+02 3.952829e+02 1.892514e+02
      vertex   -1.268111e+02 3.952829e+02 1.925181e+02
      vertex   -1.266558e+02 3.952216e+02 1.892514e+02
    endloop
  endfacet
  facet normal 3.669373e-01 9.302457e-01 -0.000000e+00
    outer loop
      vertex   -1.266558e+02 3.952216e+02 1.892514e+02
      vertex   -1.268111e+02 3.952829e+02 1.925181e+02
      vertex   -1.266558e+02 3.952216e+02 1.925181e+02
    endloop
  endfacet
  facet normal 4.432371e-01 8.964044e-01 -0.000000e+00
    outer loop
      vertex   -1.266558e+02 3.952216e+02 1.892514e+02
      vertex   -1.266558e+02 3.952216e+02 1.925181e+02
      vertex   -1.265061e+02 3.951476e+02 1.892514e+02
    endloop
  endfacet
  facet normal 4.432371e-01 8.964044e-01 1.928197e-15
    outer loop
      vertex   -1.265061e+02 3.951476e+02 1.892514e+02
      vertex   -1.266558e+02 3.952216e+02 1.925181e+02
      vertex   -1.265061e+02 3.951476e+02 1.925181e+02
    endloop
  endfacet
  facet normal 5.164489e-01 8.563180e-01 2.246688e-15
    outer loop
      vertex   -1.265061e+02 3.951476e+02 1.892514e+02
      vertex   -1.265061e+02 3.951476e+02 1.925181e+02
      vertex   -1.263632e+02 3.950614e+02 1.892514e+02
    endloop
  endfacet
  facet normal 5.164489e-01 8.563180e-01 2.246688e-15
    outer loop
      vertex   -1.263632e+02 3.950614e+02 1.892514e+02
      vertex   -1.265061e+02 3.951476e+02 1.925181e+02
      vertex   -1.263632e+02 3.950614e+02 1.925181e+02
    endloop
  endfacet
  facet normal 5.860627e-01 8.102657e-01 2.549526e-15
    outer loop
      vertex   -1.263632e+02 3.950614e+02 1.892514e+02
      vertex   -1.263632e+02 3.950614e+02 1.925181e+02
      vertex   -1.262279e+02 3.949636e+02 1.892514e+02
    endloop
  endfacet
  facet normal 5.860627e-01 8.102657e-01 5.099052e-15
    outer loop
      vertex   -1.262279e+02 3.949636e+02 1.892514e+02
      vertex   -1.263632e+02 3.950614e+02 1.925181e+02
      vertex   -1.262279e+02 3.949636e+02 1.925181e+02
    endloop
  endfacet
  facet normal 6.515934e-01 7.585684e-01 5.669203e-15
    outer loop
      vertex   -1.262279e+02 3.949636e+02 1.892514e+02
      vertex   -1.262279e+02 3.949636e+02 1.925181e+02
      vertex   -1.261013e+02 3.948548e+02 1.892514e+02
    endloop
  endfacet
  facet normal 6.515934e-01 7.585684e-01 2.834602e-15
    outer loop
      vertex   -1.261013e+02 3.948548e+02 1.892514e+02
      vertex   -1.262279e+02 3.949636e+02 1.925181e+02
      vertex   -1.261013e+02 3.948548e+02 1.925181e+02
    endloop
  endfacet
  facet normal 7.125845e-01 7.015863e-01 3.099929e-15
    outer loop
      vertex   -1.261013e+02 3.948548e+02 1.892514e+02
      vertex   -1.261013e+02 3.948548e+02 1.925181e+02
      vertex   -1.259842e+02 3.947358e+02 1.892514e+02
    endloop
  endfacet
  facet normal 7.125845e-01 7.015863e-01 1.530826e-14
    outer loop
      vertex   -1.259842e+02 3.947358e+02 1.892514e+02
      vertex   -1.261013e+02 3.948548e+02 1.925181e+02
      vertex   -1.259842e+02 3.947358e+02 1.925181e+02
    endloop
  endfacet
  facet normal 7.686112e-01 6.397162e-01 1.447539e-14
    outer loop
      vertex   -1.259842e+02 3.947358e+02 1.892514e+02
      vertex   -1.259842e+02 3.947358e+02 1.925181e+02
      vertex   -1.258774e+02 3.946075e+02 1.892514e+02
    endloop
  endfacet
  facet normal 7.686112e-01 6.397162e-01 2.560712e-14
    outer loop
      vertex   -1.258774e+02 3.946075e+02 1.892514e+02
      vertex   -1.259842e+02 3.947358e+02 1.925181e+02
      vertex   -1.258774e+02 3.946075e+02 1.925181e+02
    endloop
  endfacet
  facet normal 8.192830e-01 5.733894e-01 2.351925e-14
    outer loop
      vertex   -1.258774e+02 3.946075e+02 1.892514e+02
      vertex   -1.258774e+02 3.946075e+02 1.925181e+02
      vertex   -1.257817e+02 3.944708e+02 1.892514e+02
    endloop
  endfacet
  facet normal 8.192830e-01 5.733894e-01 1.710577e-14
    outer loop
      vertex   -1.257817e+02 3.944708e+02 1.892514e+02
      vertex   -1.258774e+02 3.946075e+02 1.925181e+02
      vertex   -1.257817e+02 3.944708e+02 1.925181e+02
    endloop
  endfacet
  facet normal 8.642470e-01 5.030678e-01 1.627331e-14
    outer loop
      vertex   -1.257817e+02 3.944708e+02 1.892514e+02
      vertex   -1.257817e+02 3.944708e+02 1.925181e+02
      vertex   -1.256977e+02 3.943265e+02 1.892514e+02
    endloop
  endfacet
  facet normal 8.642470e-01 5.030678e-01 1.127910e-14
    outer loop
      vertex   -1.256977e+02 3.943265e+02 1.892514e+02
      vertex   -1.257817e+02 3.944708e+02 1.925181e+02
      vertex   -1.256977e+02 3.943265e+02 1.925181e+02
    endloop
  endfacet
  facet normal 9.031898e-01 4.292414e-01 1.178734e-14
    outer loop
      vertex   -1.256977e+02 3.943265e+02 1.892514e+02
      vertex   -1.256977e+02 3.943265e+02 1.925181e+02
      vertex   -1.256260e+02 3.941757e+02 1.892514e+02
    endloop
  endfacet
  facet normal 9.031898e-01 4.292414e-01 1.925659e-14
    outer loop
      vertex   -1.256260e+02 3.941757e+02 1.892514e+02
      vertex   -1.256977e+02 3.943265e+02 1.925181e+02
      vertex   -1.256260e+02 3.941757e+02 1.925181e+02
    endloop
  endfacet
  facet normal 9.358403e-01 3.524245e-01 1.834600e-14
    outer loop
      vertex   -1.256260e+02 3.941757e+02 1.892514e+02
      vertex   -1.256260e+02 3.941757e+02 1.925181e+02
      vertex   -1.255672e+02 3.940195e+02 1.892514e+02
    endloop
  endfacet
  facet normal 9.358403e-01 3.524245e-01 1.834600e-14
    outer loop
      vertex   -1.255672e+02 3.940195e+02 1.892514e+02
      vertex   -1.256260e+02 3.941757e+02 1.925181e+02
      vertex   -1.255672e+02 3.940195e+02 1.925181e+02
    endloop
  endfacet
  facet normal 9.619708e-01 2.731523e-01 1.730761e-14
    outer loop
      vertex   -1.255672e+02 3.940195e+02 1.892514e+02
      vertex   -1.255672e+02 3.940195e+02 1.925181e+02
      vertex   -1.255216e+02 3.938589e+02 1.892514e+02
    endloop
  endfacet
  facet normal 9.619708e-01 2.731523e-01 2.149243e-14
    outer loop
      vertex   -1.255216e+02 3.938589e+02 1.892514e+02
      vertex   -1.255672e+02 3.940195e+02 1.925181e+02
      vertex   -1.255216e+02 3.938589e+02 1.925181e+02
    endloop
  endfacet
  facet normal 9.813994e-01 1.919771e-01 2.041798e-14
    outer loop
      vertex   -1.255216e+02 3.938589e+02 1.892514e+02
      vertex   -1.255216e+02 3.938589e+02 1.925181e+02
      vertex   -1.254896e+02 3.936951e+02 1.892514e+02
    endloop
  endfacet
  facet normal 1.249111e-01 9.921679e-01 -5.431713e-16
    outer loop
      vertex   -1.272999e+02 3.953864e+02 1.892514e+02
      vertex   -1.271343e+02 3.953656e+02 1.892514e+02
      vertex   -1.271343e+02 3.953656e+02 1.859848e+02
    endloop
  endfacet
  facet normal 2.072179e-01 9.782948e-01 -9.014522e-16
    outer loop
      vertex   -1.271343e+02 3.953656e+02 1.859848e+02
      vertex   -1.271343e+02 3.953656e+02 1.892514e+02
      vertex   -1.269709e+02 3.953310e+02 1.859848e+02
    endloop
  endfacet
  facet normal 2.072179e-01 9.782948e-01 0.000000e+00
    outer loop
      vertex   -1.271343e+02 3.953656e+02 1.859848e+02
      vertex   -1.269709e+02 3.953310e+02 1.859848e+02
      vertex   -1.269709e+02 3.953310e+02 1.827181e+02
    endloop
  endfacet
  facet normal 2.880811e-01 9.576060e-01 -0.000000e+00
    outer loop
      vertex   -1.269709e+02 3.953310e+02 1.827181e+02
      vertex   -1.269709e+02 3.953310e+02 1.859848e+02
      vertex   -1.268111e+02 3.952829e+02 1.827181e+02
    endloop
  endfacet
  facet normal 2.880811e-01 9.576060e-01 1.253350e-15
    outer loop
      vertex   -1.269709e+02 3.953310e+02 1.827181e+02
      vertex   -1.268111e+02 3.952829e+02 1.827181e+02
      vertex   -1.268111e+02 3.952829e+02 1.794514e+02
    endloop
  endfacet
  facet normal 3.669373e-01 9.302457e-01 1.596273e-15
    outer loop
      vertex   -1.268111e+02 3.952829e+02 1.794514e+02
      vertex   -1.268111e+02 3.952829e+02 1.827181e+02
      vertex   -1.266558e+02 3.952216e+02 1.794514e+02
    endloop
  endfacet
  facet normal 2.072179e-01 9.782948e-01 -9.014522e-16
    outer loop
      vertex   -1.269709e+02 3.953310e+02 1.859848e+02
      vertex   -1.271343e+02 3.953656e+02 1.892514e+02
      vertex   -1.269709e+02 3.953310e+02 1.892514e+02
    endloop
  endfacet
  facet normal 2.880811e-01 9.576060e-01 -1.253228e-15
    outer loop
      vertex   -1.269709e+02 3.953310e+02 1.859848e+02
      vertex   -1.269709e+02 3.953310e+02 1.892514e+02
      vertex   -1.268111e+02 3.952829e+02 1.859848e+02
    endloop
  endfacet
  facet normal 2.880811e-01 9.576060e-01 1.541012e-14
    outer loop
      vertex   -1.268111e+02 3.952829e+02 1.859848e+02
      vertex   -1.269709e+02 3.953310e+02 1.892514e+02
      vertex   -1.268111e+02 3.952829e+02 1.892514e+02
    endloop
  endfacet
  facet normal 3.669373e-01 9.302457e-01 1.459097e-14
    outer loop
      vertex   -1.268111e+02 3.952829e+02 1.859848e+02
      vertex   -1.268111e+02 3.952829e+02 1.892514e+02
      vertex   -1.266558e+02 3.952216e+02 1.859848e+02
    endloop
  endfacet
  facet normal 3.669373e-01 9.302457e-01 1.618725e-14
    outer loop
      vertex   -1.266558e+02 3.952216e+02 1.859848e+02
      vertex   -1.268111e+02 3.952829e+02 1.892514e+02
      vertex   -1.266558e+02 3.952216e+02 1.892514e+02
    endloop
  endfacet
  facet normal 4.432371e-01 8.964044e-01 1.559837e-14
    outer loop
      vertex   -1.266558e+02 3.952216e+02 1.859848e+02
      vertex   -1.266558e+02 3.952216e+02 1.892514e+02
      vertex   -1.265061e+02 3.951476e+02 1.859848e+02
    endloop
  endfacet
  facet normal 4.432371e-01 8.964044e-01 1.559837e-14
    outer loop
      vertex   -1.265061e+02 3.951476e+02 1.859848e+02
      vertex   -1.266558e+02 3.952216e+02 1.892514e+02
      vertex   -1.265061e+02 3.951476e+02 1.892514e+02
    endloop
  endfacet
  facet normal 5.164489e-01 8.563180e-01 1.490083e-14
    outer loop
      vertex   -1.265061e+02 3.951476e+02 1.859848e+02
      vertex   -1.265061e+02 3.951476e+02 1.892514e+02
      vertex   -1.263632e+02 3.950614e+02 1.859848e+02
    endloop
  endfacet
  facet normal 5.164489e-01 8.563180e-01 1.265414e-14
    outer loop
      vertex   -1.263632e+02 3.950614e+02 1.859848e+02
      vertex   -1.265061e+02 3.951476e+02 1.892514e+02
      vertex   -1.263632e+02 3.950614e+02 1.892514e+02
    endloop
  endfacet
  facet normal 5.860627e-01 8.102657e-01 1.154995e-14
    outer loop
      vertex   -1.263632e+02 3.950614e+02 1.859848e+02
      vertex   -1.263632e+02 3.950614e+02 1.892514e+02
      vertex   -1.262279e+02 3.949636e+02 1.859848e+02
    endloop
  endfacet
  facet normal 5.860627e-01 8.102657e-01 1.409947e-14
    outer loop
      vertex   -1.262279e+02 3.949636e+02 1.859848e+02
      vertex   -1.263632e+02 3.950614e+02 1.892514e+02
      vertex   -1.262279e+02 3.949636e+02 1.892514e+02
    endloop
  endfacet
  facet normal 6.515934e-01 7.585684e-01 1.319988e-14
    outer loop
      vertex   -1.262279e+02 3.949636e+02 1.859848e+02
      vertex   -1.262279e+02 3.949636e+02 1.892514e+02
      vertex   -1.261013e+02 3.948548e+02 1.859848e+02
    endloop
  endfacet
  facet normal 6.515934e-01 7.585684e-01 1.319988e-14
    outer loop
      vertex   -1.261013e+02 3.948548e+02 1.859848e+02
      vertex   -1.262279e+02 3.949636e+02 1.892514e+02
      vertex   -1.261013e+02 3.948548e+02 1.892514e+02
    endloop
  endfacet
  facet normal 7.125845e-01 7.015863e-01 1.220834e-14
    outer loop
      vertex   -1.261013e+02 3.948548e+02 1.859848e+02
      vertex   -1.261013e+02 3.948548e+02 1.892514e+02
      vertex   -1.259842e+02 3.947358e+02 1.859848e+02
    endloop
  endfacet
  facet normal 7.125845e-01 7.015863e-01 3.099929e-15
    outer loop
      vertex   -1.259842e+02 3.947358e+02 1.859848e+02
      vertex   -1.261013e+02 3.948548e+02 1.892514e+02
      vertex   -1.259842e+02 3.947358e+02 1.892514e+02
    endloop
  endfacet
  facet normal 7.686112e-01 6.397162e-01 3.343660e-15
    outer loop
      vertex   -1.259842e+02 3.947358e+02 1.859848e+02
      vertex   -1.259842e+02 3.947358e+02 1.892514e+02
      vertex   -1.258774e+02 3.946075e+02 1.859848e+02
    endloop
  endfacet
  facet normal 7.686112e-01 6.397162e-01 3.343660e-15
    outer loop
      vertex   -1.258774e+02 3.946075e+02 1.859848e+02
      vertex   -1.259842e+02 3.947358e+02 1.892514e+02
      vertex   -1.258774e+02 3.946075e+02 1.892514e+02
    endloop
  endfacet
  facet normal 8.192830e-01 5.733894e-01 3.564095e-15
    outer loop
      vertex   -1.258774e+02 3.946075e+02 1.859848e+02
      vertex   -1.258774e+02 3.946075e+02 1.892514e+02
      vertex   -1.257817e+02 3.944708e+02 1.859848e+02
    endloop
  endfacet
  facet normal 8.192830e-01 5.733894e-01 -0.000000e+00
    outer loop
      vertex   -1.257817e+02 3.944708e+02 1.859848e+02
      vertex   -1.258774e+02 3.946075e+02 1.892514e+02
      vertex   -1.257817e+02 3.944708e+02 1.892514e+02
    endloop
  endfacet
  facet normal 8.642470e-01 5.030678e-01 -0.000000e+00
    outer loop
      vertex   -1.257817e+02 3.944708e+02 1.859848e+02
      vertex   -1.257817e+02 3.944708e+02 1.892514e+02
      vertex   -1.256977e+02 3.943265e+02 1.859848e+02
    endloop
  endfacet
  facet normal 8.642470e-01 5.030678e-01 1.251361e-14
    outer loop
      vertex   -1.256977e+02 3.943265e+02 1.859848e+02
      vertex   -1.257817e+02 3.944708e+02 1.892514e+02
      vertex   -1.256977e+02 3.943265e+02 1.892514e+02
    endloop
  endfacet
  facet normal 9.031898e-01 4.292414e-01 1.139836e-14
    outer loop
      vertex   -1.256977e+02 3.943265e+02 1.859848e+02
      vertex   -1.256977e+02 3.943265e+02 1.892514e+02
      vertex   -1.256260e+02 3.941757e+02 1.859848e+02
    endloop
  endfacet
  facet normal 9.031898e-01 4.292414e-01 7.858224e-15
    outer loop
      vertex   -1.256260e+02 3.941757e+02 1.859848e+02
      vertex   -1.256977e+02 3.943265e+02 1.892514e+02
      vertex   -1.256260e+02 3.941757e+02 1.892514e+02
    endloop
  endfacet
  facet normal 9.358403e-01 3.524245e-01 8.142300e-15
    outer loop
      vertex   -1.256260e+02 3.941757e+02 1.859848e+02
      vertex   -1.256260e+02 3.941757e+02 1.892514e+02
      vertex   -1.255672e+02 3.940195e+02 1.859848e+02
    endloop
  endfacet
  facet normal 9.358403e-01 3.524245e-01 8.142300e-15
    outer loop
      vertex   -1.255672e+02 3.940195e+02 1.859848e+02
      vertex   -1.256260e+02 3.941757e+02 1.892514e+02
      vertex   -1.255672e+02 3.940195e+02 1.892514e+02
    endloop
  endfacet
  facet normal 9.619708e-01 2.731523e-01 8.369649e-15
    outer loop
      vertex   -1.255672e+02 3.940195e+02 1.859848e+02
      vertex   -1.255672e+02 3.940195e+02 1.892514e+02
      vertex   -1.255216e+02 3.938589e+02 1.859848e+02
    endloop
  endfacet
  facet normal 9.619708e-01 2.731523e-01 8.369649e-15
    outer loop
      vertex   -1.255216e+02 3.938589e+02 1.859848e+02
      vertex   -1.255672e+02 3.940195e+02 1.892514e+02
      vertex   -1.255216e+02 3.938589e+02 1.892514e+02
    endloop
  endfacet
  facet normal 9.813994e-01 1.919771e-01 8.538688e-15
    outer loop
      vertex   -1.255216e+02 3.938589e+02 1.859848e+02
      vertex   -1.255216e+02 3.938589e+02 1.892514e+02
      vertex   -1.254896e+02 3.936951e+02 1.859848e+02
    endloop
  endfacet
  facet normal 9.813994e-01 1.919771e-01 8.538688e-15
    outer loop
      vertex   -1.254896e+02 3.936951e+02 1.859848e+02
      vertex   -1.255216e+02 3.938589e+02 1.892514e+02
      vertex   -1.254896e+02 3.936951e+02 1.892514e+02
    endloop
  endfacet
  facet normal 9.939907e-01 1.094644e-01 8.648239e-15
    outer loop
      vertex   -1.254896e+02 3.936951e+02 1.859848e+02
      vertex   -1.254896e+02 3.936951e+02 1.892514e+02
      vertex   -1.254713e+02 3.935291e+02 1.859848e+02
    endloop
  endfacet
  facet normal 2.880811e-01 9.576060e-01 0.000000e+00
    outer loop
      vertex   -1.269709e+02 3.953310e+02 1.859848e+02
      vertex   -1.268111e+02 3.952829e+02 1.859848e+02
      vertex   -1.268111e+02 3.952829e+02 1.827181e+02
    endloop
  endfacet
  facet normal 3.669373e-01 9.302457e-01 -0.000000e+00
    outer loop
      vertex   -1.268111e+02 3.952829e+02 1.827181e+02
      vertex   -1.268111e+02 3.952829e+02 1.859848e+02
      vertex   -1.266558e+02 3.952216e+02 1.827181e+02
    endloop
  endfacet
  facet normal 3.669373e-01 9.302457e-01 3.190634e-15
    outer loop
      vertex   -1.268111e+02 3.952829e+02 1.827181e+02
      vertex   -1.266558e+02 3.952216e+02 1.827181e+02
      vertex   -1.266558e+02 3.952216e+02 1.794514e+02
    endloop
  endfacet
  facet normal 4.432371e-01 8.964044e-01 3.856395e-15
    outer loop
      vertex   -1.266558e+02 3.952216e+02 1.794514e+02
      vertex   -1.266558e+02 3.952216e+02 1.827181e+02
      vertex   -1.265061e+02 3.951476e+02 1.794514e+02
    endloop
  endfacet
  facet normal 3.669373e-01 9.302457e-01 -0.000000e+00
    outer loop
      vertex   -1.266558e+02 3.952216e+02 1.827181e+02
      vertex   -1.268111e+02 3.952829e+02 1.859848e+02
      vertex   -1.266558e+02 3.952216e+02 1.859848e+02
    endloop
  endfacet
  facet normal 4.432371e-01 8.964044e-01 -0.000000e+00
    outer loop
      vertex   -1.266558e+02 3.952216e+02 1.827181e+02
      vertex   -1.266558e+02 3.952216e+02 1.859848e+02
      vertex   -1.265061e+02 3.951476e+02 1.827181e+02
    endloop
  endfacet
  facet normal 4.432371e-01 8.964044e-01 -0.000000e+00
    outer loop
      vertex   -1.265061e+02 3.951476e+02 1.827181e+02
      vertex   -1.266558e+02 3.952216e+02 1.859848e+02
      vertex   -1.265061e+02 3.951476e+02 1.859848e+02
    endloop
  endfacet
  facet normal 5.164489e-01 8.563180e-01 -0.000000e+00
    outer loop
      vertex   -1.265061e+02 3.951476e+02 1.827181e+02
      vertex   -1.265061e+02 3.951476e+02 1.859848e+02
      vertex   -1.263632e+02 3.950614e+02 1.827181e+02
    endloop
  endfacet
  facet normal 5.164489e-01 8.563180e-01 2.246688e-15
    outer loop
      vertex   -1.263632e+02 3.950614e+02 1.827181e+02
      vertex   -1.265061e+02 3.951476e+02 1.859848e+02
      vertex   -1.263632e+02 3.950614e+02 1.859848e+02
    endloop
  endfacet
  facet normal 5.860627e-01 8.102657e-01 2.549526e-15
    outer loop
      vertex   -1.263632e+02 3.950614e+02 1.827181e+02
      vertex   -1.263632e+02 3.950614e+02 1.859848e+02
      vertex   -1.262279e+02 3.949636e+02 1.827181e+02
    endloop
  endfacet
  facet normal 5.860627e-01 8.102657e-01 -0.000000e+00
    outer loop
      vertex   -1.262279e+02 3.949636e+02 1.827181e+02
      vertex   -1.263632e+02 3.950614e+02 1.859848e+02
      vertex   -1.262279e+02 3.949636e+02 1.859848e+02
    endloop
  endfacet
  facet normal 6.515934e-01 7.585684e-01 -0.000000e+00
    outer loop
      vertex   -1.262279e+02 3.949636e+02 1.827181e+02
      vertex   -1.262279e+02 3.949636e+02 1.859848e+02
      vertex   -1.261013e+02 3.948548e+02 1.827181e+02
    endloop
  endfacet
  facet normal 6.515934e-01 7.585684e-01 5.669203e-15
    outer loop
      vertex   -1.261013e+02 3.948548e+02 1.827181e+02
      vertex   -1.262279e+02 3.949636e+02 1.859848e+02
      vertex   -1.261013e+02 3.948548e+02 1.859848e+02
    endloop
  endfacet
  facet normal 7.125845e-01 7.015863e-01 6.199858e-15
    outer loop
      vertex   -1.261013e+02 3.948548e+02 1.827181e+02
      vertex   -1.261013e+02 3.948548e+02 1.859848e+02
      vertex   -1.259842e+02 3.947358e+02 1.827181e+02
    endloop
  endfacet
  facet normal 7.125845e-01 7.015863e-01 3.061653e-14
    outer loop
      vertex   -1.259842e+02 3.947358e+02 1.827181e+02
      vertex   -1.261013e+02 3.948548e+02 1.859848e+02
      vertex   -1.259842e+02 3.947358e+02 1.859848e+02
    endloop
  endfacet
  facet normal 7.686112e-01 6.397162e-01 2.895078e-14
    outer loop
      vertex   -1.259842e+02 3.947358e+02 1.827181e+02
      vertex   -1.259842e+02 3.947358e+02 1.859848e+02
      vertex   -1.258774e+02 3.946075e+02 1.827181e+02
    endloop
  endfacet
  facet normal 7.686112e-01 6.397162e-01 1.781905e-14
    outer loop
      vertex   -1.258774e+02 3.946075e+02 1.827181e+02
      vertex   -1.259842e+02 3.947358e+02 1.859848e+02
      vertex   -1.258774e+02 3.946075e+02 1.859848e+02
    endloop
  endfacet
  facet normal 8.192830e-01 5.733894e-01 1.710577e-14
    outer loop
      vertex   -1.258774e+02 3.946075e+02 1.827181e+02
      vertex   -1.258774e+02 3.946075e+02 1.859848e+02
      vertex   -1.257817e+02 3.944708e+02 1.827181e+02
    endloop
  endfacet
  facet normal 8.192830e-01 5.733894e-01 1.710577e-14
    outer loop
      vertex   -1.257817e+02 3.944708e+02 1.827181e+02
      vertex   -1.258774e+02 3.946075e+02 1.859848e+02
      vertex   -1.257817e+02 3.944708e+02 1.859848e+02
    endloop
  endfacet
  facet normal 8.642470e-01 5.030678e-01 1.627331e-14
    outer loop
      vertex   -1.257817e+02 3.944708e+02 1.827181e+02
      vertex   -1.257817e+02 3.944708e+02 1.859848e+02
      vertex   -1.256977e+02 3.943265e+02 1.827181e+02
    endloop
  endfacet
  facet normal 8.642470e-01 5.030678e-01 7.519401e-15
    outer loop
      vertex   -1.256977e+02 3.943265e+02 1.827181e+02
      vertex   -1.257817e+02 3.944708e+02 1.859848e+02
      vertex   -1.256977e+02 3.943265e+02 1.859848e+02
    endloop
  endfacet
  facet normal 9.031898e-01 4.292414e-01 7.858224e-15
    outer loop
      vertex   -1.256977e+02 3.943265e+02 1.827181e+02
      vertex   -1.256977e+02 3.943265e+02 1.859848e+02
      vertex   -1.256260e+02 3.941757e+02 1.827181e+02
    endloop
  endfacet
  facet normal 9.031898e-01 4.292414e-01 7.858224e-15
    outer loop
      vertex   -1.256260e+02 3.941757e+02 1.827181e+02
      vertex   -1.256977e+02 3.943265e+02 1.859848e+02
      vertex   -1.256260e+02 3.941757e+02 1.859848e+02
    endloop
  endfacet
  facet normal 9.358403e-01 3.524245e-01 8.142300e-15
    outer loop
      vertex   -1.256260e+02 3.941757e+02 1.827181e+02
      vertex   -1.256260e+02 3.941757e+02 1.859848e+02
      vertex   -1.255672e+02 3.940195e+02 1.827181e+02
    endloop
  endfacet
  facet normal 9.358403e-01 3.524245e-01 8.142300e-15
    outer loop
      vertex   -1.255672e+02 3.940195e+02 1.827181e+02
      vertex   -1.256260e+02 3.941757e+02 1.859848e+02
      vertex   -1.255672e+02 3.940195e+02 1.859848e+02
    endloop
  endfacet
  facet normal 9.619708e-01 2.731523e-01 8.369649e-15
    outer loop
      vertex   -1.255672e+02 3.940195e+02 1.827181e+02
      vertex   -1.255672e+02 3.940195e+02 1.859848e+02
      vertex   -1.255216e+02 3.938589e+02 1.827181e+02
    endloop
  endfacet
  facet normal 9.619708e-01 2.731523e-01 1.730761e-14
    outer loop
      vertex   -1.255216e+02 3.938589e+02 1.827181e+02
      vertex   -1.255672e+02 3.940195e+02 1.859848e+02
      vertex   -1.255216e+02 3.938589e+02 1.859848e+02
    endloop
  endfacet
  facet normal 9.813994e-01 1.919771e-01 1.614863e-14
    outer loop
      vertex   -1.255216e+02 3.938589e+02 1.827181e+02
      vertex   -1.255216e+02 3.938589e+02 1.859848e+02
      vertex   -1.254896e+02 3.936951e+02 1.827181e+02
    endloop
  endfacet
  facet normal 9.813994e-01 1.919771e-01 2.041798e-14
    outer loop
      vertex   -1.254896e+02 3.936951e+02 1.827181e+02
      vertex   -1.255216e+02 3.938589e+02 1.859848e+02
      vertex   -1.254896e+02 3.936951e+02 1.859848e+02
    endloop
  endfacet
  facet normal 9.939907e-01 1.094644e-01 1.920127e-14
    outer loop
      vertex   -1.254896e+02 3.936951e+02 1.827181e+02
      vertex   -1.254896e+02 3.936951e+02 1.859848e+02
      vertex   -1.254713e+02 3.935291e+02 1.827181e+02
    endloop
  endfacet
  facet normal 9.939907e-01 1.094644e-01 1.487715e-14
    outer loop
      vertex   -1.254713e+02 3.935291e+02 1.827181e+02
      vertex   -1.254896e+02 3.936951e+02 1.859848e+02
      vertex   -1.254713e+02 3.935291e+02 1.859848e+02
    endloop
  endfacet
  facet normal 9.996570e-01 2.618905e-02 1.350203e-14
    outer loop
      vertex   -1.254713e+02 3.935291e+02 1.827181e+02
      vertex   -1.254713e+02 3.935291e+02 1.859848e+02
      vertex   -1.254669e+02 3.933623e+02 1.827181e+02
    endloop
  endfacet
  facet normal 5.164489e-01 8.563180e-01 4.494881e-15
    outer loop
      vertex   -1.263632e+02 3.950614e+02 1.794514e+02
      vertex   -1.265061e+02 3.951476e+02 1.794514e+02
      vertex   -1.265061e+02 3.951476e+02 1.827181e+02
    endloop
  endfacet
  facet normal 4.432371e-01 8.964044e-01 3.856395e-15
    outer loop
      vertex   -1.265061e+02 3.951476e+02 1.827181e+02
      vertex   -1.265061e+02 3.951476e+02 1.794514e+02
      vertex   -1.266558e+02 3.952216e+02 1.827181e+02
    endloop
  endfacet
  facet normal 5.164489e-01 8.563180e-01 1.490083e-14
    outer loop
      vertex   -1.263632e+02 3.950614e+02 1.794514e+02
      vertex   -1.265061e+02 3.951476e+02 1.827181e+02
      vertex   -1.263632e+02 3.950614e+02 1.827181e+02
    endloop
  endfacet
  facet normal 5.860627e-01 8.102657e-01 1.410178e-14
    outer loop
      vertex   -1.262279e+02 3.949636e+02 1.794514e+02
      vertex   -1.263632e+02 3.950614e+02 1.794514e+02
      vertex   -1.263632e+02 3.950614e+02 1.827181e+02
    endloop
  endfacet
  facet normal 5.860627e-01 8.102657e-01 1.664900e-14
    outer loop
      vertex   -1.262279e+02 3.949636e+02 1.794514e+02
      vertex   -1.263632e+02 3.950614e+02 1.827181e+02
      vertex   -1.262279e+02 3.949636e+02 1.827181e+02
    endloop
  endfacet
  facet normal 6.515934e-01 7.585684e-01 1.603270e-14
    outer loop
      vertex   -1.261013e+02 3.948548e+02 1.794514e+02
      vertex   -1.262279e+02 3.949636e+02 1.794514e+02
      vertex   -1.262279e+02 3.949636e+02 1.827181e+02
    endloop
  endfacet
  facet normal 6.515934e-01 7.585684e-01 2.923437e-14
    outer loop
      vertex   -1.261013e+02 3.948548e+02 1.794514e+02
      vertex   -1.262279e+02 3.949636e+02 1.827181e+02
      vertex   -1.261013e+02 3.948548e+02 1.827181e+02
    endloop
  endfacet
  facet normal 7.125845e-01 7.015863e-01 2.751644e-14
    outer loop
      vertex   -1.259842e+02 3.947358e+02 1.794514e+02
      vertex   -1.261013e+02 3.948548e+02 1.794514e+02
      vertex   -1.261013e+02 3.948548e+02 1.827181e+02
    endloop
  endfacet
  facet normal 7.125845e-01 7.015863e-01 3.099929e-15
    outer loop
      vertex   -1.259842e+02 3.947358e+02 1.794514e+02
      vertex   -1.261013e+02 3.948548e+02 1.827181e+02
      vertex   -1.259842e+02 3.947358e+02 1.827181e+02
    endloop
  endfacet
  facet normal 7.686112e-01 6.397162e-01 3.343327e-15
    outer loop
      vertex   -1.258774e+02 3.946075e+02 1.794514e+02
      vertex   -1.259842e+02 3.947358e+02 1.794514e+02
      vertex   -1.259842e+02 3.947358e+02 1.827181e+02
    endloop
  endfacet
  facet normal 7.686112e-01 6.397162e-01 6.687319e-15
    outer loop
      vertex   -1.258774e+02 3.946075e+02 1.794514e+02
      vertex   -1.259842e+02 3.947358e+02 1.827181e+02
      vertex   -1.258774e+02 3.946075e+02 1.827181e+02
    endloop
  endfacet
  facet normal 8.192830e-01 5.733894e-01 7.128825e-15
    outer loop
      vertex   -1.257817e+02 3.944708e+02 1.794514e+02
      vertex   -1.258774e+02 3.946075e+02 1.794514e+02
      vertex   -1.258774e+02 3.946075e+02 1.827181e+02
    endloop
  endfacet
  facet normal 8.192830e-01 5.733894e-01 1.069229e-14
    outer loop
      vertex   -1.257817e+02 3.944708e+02 1.794514e+02
      vertex   -1.258774e+02 3.946075e+02 1.827181e+02
      vertex   -1.257817e+02 3.944708e+02 1.827181e+02
    endloop
  endfacet
  facet normal 8.642470e-01 5.030678e-01 1.127697e-14
    outer loop
      vertex   -1.256977e+02 3.943265e+02 1.794514e+02
      vertex   -1.257817e+02 3.944708e+02 1.794514e+02
      vertex   -1.257817e+02 3.944708e+02 1.827181e+02
    endloop
  endfacet
  facet normal 8.642470e-01 5.030678e-01 2.003301e-14
    outer loop
      vertex   -1.256977e+02 3.943265e+02 1.794514e+02
      vertex   -1.257817e+02 3.944708e+02 1.827181e+02
      vertex   -1.256977e+02 3.943265e+02 1.827181e+02
    endloop
  endfacet
  facet normal 9.031898e-01 4.292414e-01 1.925832e-14
    outer loop
      vertex   -1.256260e+02 3.941757e+02 1.794514e+02
      vertex   -1.256977e+02 3.943265e+02 1.794514e+02
      vertex   -1.256977e+02 3.943265e+02 1.827181e+02
    endloop
  endfacet
  facet normal 9.031898e-01 4.292414e-01 1.925659e-14
    outer loop
      vertex   -1.256260e+02 3.941757e+02 1.794514e+02
      vertex   -1.256977e+02 3.943265e+02 1.827181e+02
      vertex   -1.256260e+02 3.941757e+02 1.827181e+02
    endloop
  endfacet
  facet normal 9.358403e-01 3.524245e-01 1.834535e-14
    outer loop
      vertex   -1.255672e+02 3.940195e+02 1.794514e+02
      vertex   -1.256260e+02 3.941757e+02 1.794514e+02
      vertex   -1.256260e+02 3.941757e+02 1.827181e+02
    endloop
  endfacet
  facet normal 9.358403e-01 3.524245e-01 2.854971e-14
    outer loop
      vertex   -1.255672e+02 3.940195e+02 1.794514e+02
      vertex   -1.256260e+02 3.941757e+02 1.827181e+02
      vertex   -1.255672e+02 3.940195e+02 1.827181e+02
    endloop
  endfacet
  facet normal 9.619708e-01 2.731523e-01 2.624559e-14
    outer loop
      vertex   -1.255216e+02 3.938589e+02 1.794514e+02
      vertex   -1.255672e+02 3.940195e+02 1.794514e+02
      vertex   -1.255672e+02 3.940195e+02 1.827181e+02
    endloop
  endfacet
  facet normal 9.619708e-01 2.731523e-01 1.673930e-14
    outer loop
      vertex   -1.255216e+02 3.938589e+02 1.794514e+02
      vertex   -1.255672e+02 3.940195e+02 1.827181e+02
      vertex   -1.255216e+02 3.938589e+02 1.827181e+02
    endloop
  endfacet
  facet normal 9.813994e-01 1.919771e-01 1.707769e-14
    outer loop
      vertex   -1.254896e+02 3.936951e+02 1.794514e+02
      vertex   -1.255216e+02 3.938589e+02 1.794514e+02
      vertex   -1.255216e+02 3.938589e+02 1.827181e+02
    endloop
  endfacet
  facet normal 9.813994e-01 1.919771e-01 1.707738e-14
    outer loop
      vertex   -1.254896e+02 3.936951e+02 1.794514e+02
      vertex   -1.255216e+02 3.938589e+02 1.827181e+02
      vertex   -1.254896e+02 3.936951e+02 1.827181e+02
    endloop
  endfacet
  facet normal 9.939907e-01 1.094644e-01 1.729718e-14
    outer loop
      vertex   -1.254713e+02 3.935291e+02 1.794514e+02
      vertex   -1.254896e+02 3.936951e+02 1.794514e+02
      vertex   -1.254896e+02 3.936951e+02 1.827181e+02
    endloop
  endfacet
  facet normal 9.939907e-01 1.094644e-01 1.297236e-14
    outer loop
      vertex   -1.254713e+02 3.935291e+02 1.794514e+02
      vertex   -1.254896e+02 3.936951e+02 1.827181e+02
      vertex   -1.254713e+02 3.935291e+02 1.827181e+02
    endloop
  endfacet
  facet normal 9.996570e-01 2.618905e-02 1.304645e-14
    outer loop
      vertex   -1.254669e+02 3.933623e+02 1.794514e+02
      vertex   -1.254713e+02 3.935291e+02 1.794514e+02
      vertex   -1.254713e+02 3.935291e+02 1.827181e+02
    endloop
  endfacet
  facet normal 9.996570e-01 2.618905e-02 1.785080e-14
    outer loop
      vertex   -1.254669e+02 3.933623e+02 1.794514e+02
      vertex   -1.254713e+02 3.935291e+02 1.827181e+02
      vertex   -1.254669e+02 3.933623e+02 1.827181e+02
    endloop
  endfacet
  facet normal 9.972530e-01 -7.407107e-02 5.061363e-14
    outer loop
      vertex   -1.254765e+02 3.931956e+02 1.761848e+02
      vertex   -1.254765e+02 3.931956e+02 1.957848e+02
      vertex   -1.254857e+02 3.930714e+02 1.761848e+02
    endloop
  endfacet
  facet normal 9.985755e-01 -5.335669e-02 -1.318637e-04
    outer loop
      vertex   -1.254857e+02 3.930714e+02 1.761848e+02
      vertex   -1.254765e+02 3.931956e+02 1.957848e+02
      vertex   -1.254880e+02 3.930092e+02 1.840248e+02
    endloop
  endfacet
  facet normal 9.993238e-01 -3.676993e-02 1.086839e-14
    outer loop
      vertex   -1.254857e+02 3.930714e+02 1.761848e+02
      vertex   -1.254880e+02 3.930092e+02 1.840248e+02
      vertex   -1.254880e+02 3.930092e+02 1.801048e+02
    endloop
  endfacet
  facet normal 9.999150e-01 1.303575e-02 1.087473e-14
    outer loop
      vertex   -1.254880e+02 3.930092e+02 1.801048e+02
      vertex   -1.254880e+02 3.930092e+02 1.840248e+02
      vertex   -1.254856e+02 3.928225e+02 1.761848e+02
    endloop
  endfacet
  facet normal 9.996750e-01 2.548694e-02 -5.933100e-04
    outer loop
      vertex   -1.254880e+02 3.930092e+02 1.801048e+02
      vertex   -1.254856e+02 3.928225e+02 1.761848e+02
      vertex   -1.254887e+02 3.929469e+02 1.761848e+02
    endloop
  endfacet
  facet normal 9.972528e-01 -7.407106e-02 5.933100e-04
    outer loop
      vertex   -1.254857e+02 3.930714e+02 1.957848e+02
      vertex   -1.254880e+02 3.930092e+02 1.918648e+02
      vertex   -1.254765e+02 3.931956e+02 1.957848e+02
    endloop
  endfacet
  facet normal 9.980981e-01 -6.164627e-02 1.447359e-14
    outer loop
      vertex   -1.254765e+02 3.931956e+02 1.957848e+02
      vertex   -1.254880e+02 3.930092e+02 1.918648e+02
      vertex   -1.254880e+02 3.930092e+02 1.879448e+02
    endloop
  endfacet
  facet normal 9.980981e-01 -6.164627e-02 1.447300e-14
    outer loop
      vertex   -1.254765e+02 3.931956e+02 1.957848e+02
      vertex   -1.254880e+02 3.930092e+02 1.879448e+02
      vertex   -1.254880e+02 3.930092e+02 1.840248e+02
    endloop
  endfacet
  facet normal 9.999150e-01 1.303575e-02 1.449964e-14
    outer loop
      vertex   -1.254880e+02 3.930092e+02 1.840248e+02
      vertex   -1.254880e+02 3.930092e+02 1.879448e+02
      vertex   -1.254856e+02 3.928225e+02 1.761848e+02
    endloop
  endfacet
  facet normal 9.997042e-01 -2.432223e-02 -1.978109e-04
    outer loop
      vertex   -1.254857e+02 3.930714e+02 1.957848e+02
      vertex   -1.254887e+02 3.929469e+02 1.957848e+02
      vertex   -1.254880e+02 3.930092e+02 1.918648e+02
    endloop
  endfacet
  facet normal 9.999295e-01 -1.187077e-02 1.449985e-14
    outer loop
      vertex   -1.254880e+02 3.930092e+02 1.918648e+02
      vertex   -1.254887e+02 3.929469e+02 1.957848e+02
      vertex   -1.254880e+02 3.930092e+02 1.879448e+02
    endloop
  endfacet
  facet normal 9.996752e-01 2.548695e-02 1.021979e-13
    outer loop
      vertex   -1.254856e+02 3.928225e+02 1.957848e+02
      vertex   -1.254856e+02 3.928225e+02 1.761848e+02
      vertex   -1.254887e+02 3.929469e+02 1.957848e+02
    endloop
  endfacet
  facet normal 9.999888e-01 4.732762e-03 1.318637e-04
    outer loop
      vertex   -1.254887e+02 3.929469e+02 1.957848e+02
      vertex   -1.254856e+02 3.928225e+02 1.761848e+02
      vertex   -1.254880e+02 3.930092e+02 1.879448e+02
    endloop
  endfacet
  facet normal 9.997042e-01 -2.432223e-02 1.978109e-04
    outer loop
      vertex   -1.254887e+02 3.929469e+02 1.761848e+02
      vertex   -1.254857e+02 3.930714e+02 1.761848e+02
      vertex   -1.254880e+02 3.930092e+02 1.801048e+02
    endloop
  endfacet
  facet normal 9.992697e-01 -3.821164e-02 0.000000e+00
    outer loop
      vertex   -1.195654e+02 3.928709e+02 1.957848e+02
      vertex   -1.195654e+02 3.928709e+02 1.982848e+02
      vertex   -1.195717e+02 3.927053e+02 1.957848e+02
    endloop
  endfacet
  facet normal 9.992697e-01 -3.821164e-02 0.000000e+00
    outer loop
      vertex   -1.195717e+02 3.927053e+02 1.957848e+02
      vertex   -1.195654e+02 3.928709e+02 1.982848e+02
      vertex   -1.195717e+02 3.927053e+02 1.982848e+02
    endloop
  endfacet
  facet normal 9.926808e-01 -1.207674e-01 0.000000e+00
    outer loop
      vertex   -1.195717e+02 3.927053e+02 1.957848e+02
      vertex   -1.195717e+02 3.927053e+02 1.982848e+02
      vertex   -1.195917e+02 3.925409e+02 1.957848e+02
    endloop
  endfacet
  facet normal 9.926808e-01 -1.207674e-01 0.000000e+00
    outer loop
      vertex   -1.195917e+02 3.925409e+02 1.957848e+02
      vertex   -1.195717e+02 3.927053e+02 1.982848e+02
      vertex   -1.195917e+02 3.925409e+02 1.982848e+02
    endloop
  endfacet
  facet normal 9.792834e-01 -2.024947e-01 0.000000e+00
    outer loop
      vertex   -1.195917e+02 3.925409e+02 1.957848e+02
      vertex   -1.195917e+02 3.925409e+02 1.982848e+02
      vertex   -1.196253e+02 3.923787e+02 1.957848e+02
    endloop
  endfacet
  facet normal 9.792834e-01 -2.024947e-01 0.000000e+00
    outer loop
      vertex   -1.196253e+02 3.923787e+02 1.957848e+02
      vertex   -1.195917e+02 3.925409e+02 1.982848e+02
      vertex   -1.196253e+02 3.923787e+02 1.982848e+02
    endloop
  endfacet
  facet normal 9.591691e-01 -2.828332e-01 0.000000e+00
    outer loop
      vertex   -1.196253e+02 3.923787e+02 1.957848e+02
      vertex   -1.196253e+02 3.923787e+02 1.982848e+02
      vertex   -1.196721e+02 3.922198e+02 1.957848e+02
    endloop
  endfacet
  facet normal 9.591691e-01 -2.828332e-01 0.000000e+00
    outer loop
      vertex   -1.196721e+02 3.922198e+02 1.957848e+02
      vertex   -1.196253e+02 3.923787e+02 1.982848e+02
      vertex   -1.196721e+02 3.922198e+02 1.982848e+02
    endloop
  endfacet
  facet normal 9.324760e-01 -3.612318e-01 0.000000e+00
    outer loop
      vertex   -1.196721e+02 3.922198e+02 1.957848e+02
      vertex   -1.196721e+02 3.922198e+02 1.982848e+02
      vertex   -1.197319e+02 3.920654e+02 1.957848e+02
    endloop
  endfacet
  facet normal 9.324760e-01 -3.612318e-01 0.000000e+00
    outer loop
      vertex   -1.197319e+02 3.920654e+02 1.957848e+02
      vertex   -1.196721e+02 3.922198e+02 1.982848e+02
      vertex   -1.197319e+02 3.920654e+02 1.982848e+02
    endloop
  endfacet
  facet normal 8.993873e-01 -4.371528e-01 0.000000e+00
    outer loop
      vertex   -1.197319e+02 3.920654e+02 1.957848e+02
      vertex   -1.197319e+02 3.920654e+02 1.982848e+02
      vertex   -1.198043e+02 3.919164e+02 1.957848e+02
    endloop
  endfacet
  facet normal 8.993873e-01 -4.371528e-01 0.000000e+00
    outer loop
      vertex   -1.198043e+02 3.919164e+02 1.957848e+02
      vertex   -1.197319e+02 3.920654e+02 1.982848e+02
      vertex   -1.198043e+02 3.919164e+02 1.982848e+02
    endloop
  endfacet
  facet normal 8.601297e-01 -5.100754e-01 0.000000e+00
    outer loop
      vertex   -1.198043e+02 3.919164e+02 1.957848e+02
      vertex   -1.198043e+02 3.919164e+02 1.982848e+02
      vertex   -1.198888e+02 3.917740e+02 1.957848e+02
    endloop
  endfacet
  facet normal 8.601297e-01 -5.100754e-01 0.000000e+00
    outer loop
      vertex   -1.198888e+02 3.917740e+02 1.957848e+02
      vertex   -1.198043e+02 3.919164e+02 1.982848e+02
      vertex   -1.198888e+02 3.917740e+02 1.982848e+02
    endloop
  endfacet
  facet normal 8.149727e-01 -5.794994e-01 0.000000e+00
    outer loop
      vertex   -1.198888e+02 3.917740e+02 1.957848e+02
      vertex   -1.198888e+02 3.917740e+02 1.982848e+02
      vertex   -1.199848e+02 3.916390e+02 1.957848e+02
    endloop
  endfacet
  facet normal 8.149727e-01 -5.794994e-01 0.000000e+00
    outer loop
      vertex   -1.199848e+02 3.916390e+02 1.957848e+02
      vertex   -1.198888e+02 3.917740e+02 1.982848e+02
      vertex   -1.199848e+02 3.916390e+02 1.982848e+02
    endloop
  endfacet
  facet normal 7.642258e-01 -6.449488e-01 0.000000e+00
    outer loop
      vertex   -1.199848e+02 3.916390e+02 1.957848e+02
      vertex   -1.199848e+02 3.916390e+02 1.982848e+02
      vertex   -1.200916e+02 3.915124e+02 1.957848e+02
    endloop
  endfacet
  facet normal 7.642258e-01 -6.449488e-01 0.000000e+00
    outer loop
      vertex   -1.200916e+02 3.915124e+02 1.957848e+02
      vertex   -1.199848e+02 3.916390e+02 1.982848e+02
      vertex   -1.200916e+02 3.915124e+02 1.982848e+02
    endloop
  endfacet
  facet normal 7.082373e-01 -7.059745e-01 0.000000e+00
    outer loop
      vertex   -1.200916e+02 3.915124e+02 1.957848e+02
      vertex   -1.200916e+02 3.915124e+02 1.982848e+02
      vertex   -1.202086e+02 3.913951e+02 1.957848e+02
    endloop
  endfacet
  facet normal 7.082373e-01 -7.059745e-01 0.000000e+00
    outer loop
      vertex   -1.202086e+02 3.913951e+02 1.957848e+02
      vertex   -1.200916e+02 3.915124e+02 1.982848e+02
      vertex   -1.202086e+02 3.913951e+02 1.982848e+02
    endloop
  endfacet
  facet normal 6.473910e-01 -7.621580e-01 0.000000e+00
    outer loop
      vertex   -1.202086e+02 3.913951e+02 1.957848e+02
      vertex   -1.202086e+02 3.913951e+02 1.982848e+02
      vertex   -1.203348e+02 3.912878e+02 1.957848e+02
    endloop
  endfacet
  facet normal 6.473910e-01 -7.621580e-01 0.000000e+00
    outer loop
      vertex   -1.203348e+02 3.912878e+02 1.957848e+02
      vertex   -1.202086e+02 3.913951e+02 1.982848e+02
      vertex   -1.203348e+02 3.912878e+02 1.982848e+02
    endloop
  endfacet
  facet normal 5.821044e-01 -8.131141e-01 0.000000e+00
    outer loop
      vertex   -1.203348e+02 3.912878e+02 1.957848e+02
      vertex   -1.203348e+02 3.912878e+02 1.982848e+02
      vertex   -1.204695e+02 3.911914e+02 1.957848e+02
    endloop
  endfacet
  facet normal 5.821044e-01 -8.131141e-01 0.000000e+00
    outer loop
      vertex   -1.204695e+02 3.911914e+02 1.957848e+02
      vertex   -1.203348e+02 3.912878e+02 1.982848e+02
      vertex   -1.204695e+02 3.911914e+02 1.982848e+02
    endloop
  endfacet
  facet normal 5.128252e-01 -8.584930e-01 0.000000e+00
    outer loop
      vertex   -1.204695e+02 3.911914e+02 1.957848e+02
      vertex   -1.204695e+02 3.911914e+02 1.982848e+02
      vertex   -1.206117e+02 3.911065e+02 1.957848e+02
    endloop
  endfacet
  facet normal 5.128252e-01 -8.584930e-01 0.000000e+00
    outer loop
      vertex   -1.206117e+02 3.911065e+02 1.957848e+02
      vertex   -1.204695e+02 3.911914e+02 1.982848e+02
      vertex   -1.206117e+02 3.911065e+02 1.982848e+02
    endloop
  endfacet
  facet normal 4.400286e-01 -8.979837e-01 0.000000e+00
    outer loop
      vertex   -1.206117e+02 3.911065e+02 1.957848e+02
      vertex   -1.206117e+02 3.911065e+02 1.982848e+02
      vertex   -1.207604e+02 3.910336e+02 1.957848e+02
    endloop
  endfacet
  facet normal 4.400286e-01 -8.979837e-01 0.000000e+00
    outer loop
      vertex   -1.207604e+02 3.910336e+02 1.957848e+02
      vertex   -1.206117e+02 3.911065e+02 1.982848e+02
      vertex   -1.207604e+02 3.910336e+02 1.982848e+02
    endloop
  endfacet
  facet normal 3.642139e-01 -9.313153e-01 0.000000e+00
    outer loop
      vertex   -1.207604e+02 3.910336e+02 1.957848e+02
      vertex   -1.207604e+02 3.910336e+02 1.982848e+02
      vertex   -1.209147e+02 3.909733e+02 1.957848e+02
    endloop
  endfacet
  facet normal 3.642139e-01 -9.313153e-01 0.000000e+00
    outer loop
      vertex   -1.209147e+02 3.909733e+02 1.957848e+02
      vertex   -1.207604e+02 3.910336e+02 1.982848e+02
      vertex   -1.209147e+02 3.909733e+02 1.982848e+02
    endloop
  endfacet
  facet normal 2.859012e-01 -9.582591e-01 0.000000e+00
    outer loop
      vertex   -1.209147e+02 3.909733e+02 1.957848e+02
      vertex   -1.209147e+02 3.909733e+02 1.982848e+02
      vertex   -1.210734e+02 3.909259e+02 1.957848e+02
    endloop
  endfacet
  facet normal 2.859012e-01 -9.582591e-01 0.000000e+00
    outer loop
      vertex   -1.210734e+02 3.909259e+02 1.957848e+02
      vertex   -1.209147e+02 3.909733e+02 1.982848e+02
      vertex   -1.210734e+02 3.909259e+02 1.982848e+02
    endloop
  endfacet
  facet normal 2.056274e-01 -9.786303e-01 0.000000e+00
    outer loop
      vertex   -1.210734e+02 3.909259e+02 1.957848e+02
      vertex   -1.210734e+02 3.909259e+02 1.982848e+02
      vertex   -1.212355e+02 3.908919e+02 1.957848e+02
    endloop
  endfacet
  facet normal 2.056274e-01 -9.786303e-01 0.000000e+00
    outer loop
      vertex   -1.212355e+02 3.908919e+02 1.957848e+02
      vertex   -1.210734e+02 3.909259e+02 1.982848e+02
      vertex   -1.212355e+02 3.908919e+02 1.982848e+02
    endloop
  endfacet
  facet normal 1.239434e-01 -9.922893e-01 0.000000e+00
    outer loop
      vertex   -1.212355e+02 3.908919e+02 1.957848e+02
      vertex   -1.212355e+02 3.908919e+02 1.982848e+02
      vertex   -1.213999e+02 3.908713e+02 1.957848e+02
    endloop
  endfacet
  facet normal 1.239434e-01 -9.922893e-01 0.000000e+00
    outer loop
      vertex   -1.213999e+02 3.908713e+02 1.957848e+02
      vertex   -1.212355e+02 3.908919e+02 1.982848e+02
      vertex   -1.213999e+02 3.908713e+02 1.982848e+02
    endloop
  endfacet
  facet normal 4.140915e-02 -9.991423e-01 0.000000e+00
    outer loop
      vertex   -1.213999e+02 3.908713e+02 1.957848e+02
      vertex   -1.213999e+02 3.908713e+02 1.982848e+02
      vertex   -1.215654e+02 3.908645e+02 1.957848e+02
    endloop
  endfacet
  facet normal 4.140915e-02 -9.991423e-01 0.000000e+00
    outer loop
      vertex   -1.215654e+02 3.908645e+02 1.957848e+02
      vertex   -1.213999e+02 3.908713e+02 1.982848e+02
      vertex   -1.215654e+02 3.908645e+02 1.982848e+02
    endloop
  endfacet
  facet normal 9.999949e-01 3.200004e-03 -0.000000e+00
    outer loop
      vertex   -1.195654e+02 3.928709e+02 1.957848e+02
      vertex   -1.195679e+02 3.936490e+02 1.957848e+02
      vertex   -1.195654e+02 3.928709e+02 1.982848e+02
    endloop
  endfacet
  facet normal 9.999949e-01 3.200004e-03 0.000000e+00
    outer loop
      vertex   -1.195654e+02 3.928709e+02 1.982848e+02
      vertex   -1.195679e+02 3.936490e+02 1.957848e+02
      vertex   -1.195679e+02 3.936490e+02 1.982848e+02
    endloop
  endfacet
  facet normal 0.000000e+00 0.000000e+00 -1.000000e+00
    outer loop
      vertex   -1.195717e+02 3.927053e+02 1.957848e+02
      vertex   -1.207069e+02 3.929119e+02 1.957848e+02
      vertex   -1.195654e+02 3.928709e+02 1.957848e+02
    endloop
  endfacet
  facet normal 0.000000e+00 0.000000e+00 -1.000000e+00
    outer loop
      vertex   -1.195654e+02 3.928709e+02 1.957848e+02
      vertex   -1.207069e+02 3.929119e+02 1.957848e+02
      vertex   -1.206475e+02 3.930101e+02 1.957848e+02
    endloop
  endfacet
  facet normal 0.000000e+00 0.000000e+00 -1.000000e+00
    outer loop
      vertex   -1.195654e+02 3.928709e+02 1.957848e+02
      vertex   -1.206475e+02 3.930101e+02 1.957848e+02
      vertex   -1.206005e+02 3.931147e+02 1.957848e+02
    endloop
  endfacet
  facet normal 0.000000e+00 -0.000000e+00 -1.000000e+00
    outer loop
      vertex   -1.207069e+02 3.929119e+02 1.957848e+02
      vertex   -1.195717e+02 3.927053e+02 1.957848e+02
      vertex   -1.207776e+02 3.928216e+02 1.957848e+02
    endloop
  endfacet
  facet normal 0.000000e+00 0.000000e+00 -1.000000e+00
    outer loop
      vertex   -1.207776e+02 3.928216e+02 1.957848e+02
      vertex   -1.195717e+02 3.927053e+02 1.957848e+02
      vertex   -1.195917e+02 3.925409e+02 1.957848e+02
    endloop
  endfacet
  facet normal 0.000000e+00 -0.000000e+00 -1.000000e+00
    outer loop
      vertex   -1.207776e+02 3.928216e+02 1.957848e+02
      vertex   -1.195917e+02 3.925409e+02 1.957848e+02
      vertex   -1.208588e+02 3.927405e+02 1.957848e+02
    endloop
  endfacet
  facet normal -2.673011e-14 -1.696937e-13 -1.000000e+00
    outer loop
      vertex   -1.208588e+02 3.927405e+02 1.957848e+02
      vertex   -1.195917e+02 3.925409e+02 1.957848e+02
      vertex   -1.196253e+02 3.923787e+02 1.957848e+02
    endloop
  endfacet
  facet normal 1.676494e-14 -2.139886e-14 -1.000000e+00
    outer loop
      vertex   -1.208588e+02 3.927405e+02 1.957848e+02
      vertex   -1.196253e+02 3.923787e+02 1.957848e+02
      vertex   -1.209491e+02 3.926698e+02 1.957848e+02
    endloop
  endfacet
  facet normal 2.016239e-14 -5.945349e-15 -1.000000e+00
    outer loop
      vertex   -1.209491e+02 3.926698e+02 1.957848e+02
      vertex   -1.196253e+02 3.923787e+02 1.957848e+02
      vertex   -1.196721e+02 3.922198e+02 1.957848e+02
    endloop
  endfacet
  facet normal 1.406165e-14 -2.326080e-14 -1.000000e+00
    outer loop
      vertex   -1.209491e+02 3.926698e+02 1.957848e+02
      vertex   -1.196721e+02 3.922198e+02 1.957848e+02
      vertex   -1.210472e+02 3.926104e+02 1.957848e+02
    endloop
  endfacet
  facet normal 1.861951e-14 -7.213011e-15 -1.000000e+00
    outer loop
      vertex   -1.210472e+02 3.926104e+02 1.957848e+02
      vertex   -1.196721e+02 3.922198e+02 1.957848e+02
      vertex   -1.197319e+02 3.920654e+02 1.957848e+02
    endloop
  endfacet
  facet normal 1.125035e-14 -2.499726e-14 -1.000000e+00
    outer loop
      vertex   -1.210472e+02 3.926104e+02 1.957848e+02
      vertex   -1.197319e+02 3.920654e+02 1.957848e+02
      vertex   -1.211519e+02 3.925633e+02 1.957848e+02
    endloop
  endfacet
  facet normal 1.710142e-14 -8.312250e-15 -1.000000e+00
    outer loop
      vertex   -1.211519e+02 3.925633e+02 1.957848e+02
      vertex   -1.197319e+02 3.920654e+02 1.957848e+02
      vertex   -1.198043e+02 3.919164e+02 1.957848e+02
    endloop
  endfacet
  facet normal 8.301905e-15 -2.664175e-14 -1.000000e+00
    outer loop
      vertex   -1.211519e+02 3.925633e+02 1.957848e+02
      vertex   -1.198043e+02 3.919164e+02 1.957848e+02
      vertex   -1.212614e+02 3.925292e+02 1.957848e+02
    endloop
  endfacet
  facet normal 1.561261e-14 -9.258615e-15 -1.000000e+00
    outer loop
      vertex   -1.212614e+02 3.925292e+02 1.957848e+02
      vertex   -1.198043e+02 3.919164e+02 1.957848e+02
      vertex   -1.198888e+02 3.917740e+02 1.957848e+02
    endloop
  endfacet
  facet normal 1.488371e-14 -1.058330e-14 -1.000000e+00
    outer loop
      vertex   -1.212614e+02 3.925292e+02 1.957848e+02
      vertex   -1.198888e+02 3.917740e+02 1.957848e+02
      vertex   -1.199848e+02 3.916390e+02 1.957848e+02
    endloop
  endfacet
  facet normal 4.633145e-15 -2.528225e-14 -1.000000e+00
    outer loop
      vertex   -1.212614e+02 3.925292e+02 1.957848e+02
      vertex   -1.199848e+02 3.916390e+02 1.957848e+02
      vertex   -1.213742e+02 3.925085e+02 1.957848e+02
    endloop
  endfacet
  facet normal 1.338595e-14 -1.129673e-14 -1.000000e+00
    outer loop
      vertex   -1.213742e+02 3.925085e+02 1.957848e+02
      vertex   -1.199848e+02 3.916390e+02 1.957848e+02
      vertex   -1.200916e+02 3.915124e+02 1.957848e+02
    endloop
  endfacet
  facet normal 1.249009e-14 -1.245019e-14 -1.000000e+00
    outer loop
      vertex   -1.213742e+02 3.925085e+02 1.957848e+02
      vertex   -1.200916e+02 3.915124e+02 1.957848e+02
      vertex   -1.202086e+02 3.913951e+02 1.957848e+02
    endloop
  endfacet
  facet normal 1.452074e-15 -2.400564e-14 -1.000000e+00
    outer loop
      vertex   -1.213742e+02 3.925085e+02 1.957848e+02
      vertex   -1.202086e+02 3.913951e+02 1.957848e+02
      vertex   -1.214887e+02 3.925016e+02 1.957848e+02
    endloop
  endfacet
  facet normal 1.100405e-14 -1.295480e-14 -1.000000e+00
    outer loop
      vertex   -1.214887e+02 3.925016e+02 1.957848e+02
      vertex   -1.202086e+02 3.913951e+02 1.957848e+02
      vertex   -1.203348e+02 3.912878e+02 1.957848e+02
    endloop
  endfacet
  facet normal 9.974792e-15 -1.393331e-14 -1.000000e+00
    outer loop
      vertex   -1.214887e+02 3.925016e+02 1.957848e+02
      vertex   -1.203348e+02 3.912878e+02 1.957848e+02
      vertex   -1.204695e+02 3.911914e+02 1.957848e+02
    endloop
  endfacet
  facet normal 8.847155e-15 -1.481055e-14 -1.000000e+00
    outer loop
      vertex   -1.204695e+02 3.911914e+02 1.957848e+02
      vertex   -1.206117e+02 3.911065e+02 1.957848e+02
      vertex   -1.214887e+02 3.925016e+02 1.957848e+02
    endloop
  endfacet
  facet normal 7.631823e-15 -1.557456e-14 -1.000000e+00
    outer loop
      vertex   -1.214887e+02 3.925016e+02 1.957848e+02
      vertex   -1.206117e+02 3.911065e+02 1.957848e+02
      vertex   -1.207604e+02 3.910336e+02 1.957848e+02
    endloop
  endfacet
  facet normal 6.341219e-15 -1.621485e-14 -1.000000e+00
    outer loop
      vertex   -1.214887e+02 3.925016e+02 1.957848e+02
      vertex   -1.207604e+02 3.910336e+02 1.957848e+02
      vertex   -1.209147e+02 3.909733e+02 1.957848e+02
    endloop
  endfacet
  facet normal 4.989278e-15 -1.672264e-14 -1.000000e+00
    outer loop
      vertex   -1.209147e+02 3.909733e+02 1.957848e+02
      vertex   -1.210734e+02 3.909259e+02 1.957848e+02
      vertex   -1.214887e+02 3.925016e+02 1.957848e+02
    endloop
  endfacet
  facet normal 1.697279e-13 2.669877e-14 -1.000000e+00
    outer loop
      vertex   -1.214887e+02 3.925016e+02 1.957848e+02
      vertex   -1.210734e+02 3.909259e+02 1.957848e+02
      vertex   -1.212355e+02 3.908919e+02 1.957848e+02
    endloop
  endfacet
  facet normal 0.000000e+00 0.000000e+00 -1.000000e+00
    outer loop
      vertex   -1.214887e+02 3.925016e+02 1.957848e+02
      vertex   -1.212355e+02 3.908919e+02 1.957848e+02
      vertex   -1.213999e+02 3.908713e+02 1.957848e+02
    endloop
  endfacet
  facet normal -0.000000e+00 0.000000e+00 -1.000000e+00
    outer loop
      vertex   -1.213999e+02 3.908713e+02 1.957848e+02
      vertex   -1.215654e+02 3.908645e+02 1.957848e+02
      vertex   -1.214887e+02 3.925016e+02 1.957848e+02
    endloop
  endfacet
  facet normal -0.000000e+00 0.000000e+00 -1.000000e+00
    outer loop
      vertex   -1.214887e+02 3.925016e+02 1.957848e+02
      vertex   -1.215654e+02 3.908645e+02 1.957848e+02
      vertex   -1.216032e+02 3.925085e+02 1.957848e+02
    endloop
  endfacet
  facet normal -0.000000e+00 -0.000000e+00 -1.000000e+00
    outer loop
      vertex   -1.216032e+02 3.925085e+02 1.957848e+02
      vertex   -1.215654e+02 3.908645e+02 1.957848e+02
      vertex   -1.217161e+02 3.925292e+02 1.957848e+02
    endloop
  endfacet
  facet normal -0.000000e+00 -0.000000e+00 -1.000000e+00
    outer loop
      vertex   -1.217161e+02 3.925292e+02 1.957848e+02
      vertex   -1.215654e+02 3.908645e+02 1.957848e+02
      vertex   -1.218256e+02 3.925633e+02 1.957848e+02
    endloop
  endfacet
  facet normal -0.000000e+00 -0.000000e+00 -1.000000e+00
    outer loop
      vertex   -1.218256e+02 3.925633e+02 1.957848e+02
      vertex   -1.215654e+02 3.908645e+02 1.957848e+02
      vertex   -1.219302e+02 3.926104e+02 1.957848e+02
    endloop
  endfacet
  facet normal 2.682535e-13 5.605700e-14 -1.000000e+00
    outer loop
      vertex   -1.219302e+02 3.926104e+02 1.957848e+02
      vertex   -1.215654e+02 3.908645e+02 1.957848e+02
      vertex   -1.254856e+02 3.908645e+02 1.957848e+02
    endloop
  endfacet
  facet normal 1.632041e-13 2.699725e-13 -1.000000e+00
    outer loop
      vertex   -1.219302e+02 3.926104e+02 1.957848e+02
      vertex   -1.254856e+02 3.908645e+02 1.957848e+02
      vertex   -1.220284e+02 3.926698e+02 1.957848e+02
    endloop
  endfacet
  facet normal 3.041813e-13 2.450556e-25 -1.000000e+00
    outer loop
      vertex   -1.220284e+02 3.926698e+02 1.957848e+02
      vertex   -1.254856e+02 3.908645e+02 1.957848e+02
      vertex   -1.254856e+02 3.928225e+02 1.957848e+02
    endloop
  endfacet
  facet normal 3.223545e-13 4.114551e-13 -1.000000e+00
    outer loop
      vertex   -1.220284e+02 3.926698e+02 1.957848e+02
      vertex   -1.254856e+02 3.928225e+02 1.957848e+02
      vertex   -1.221187e+02 3.927405e+02 1.957848e+02
    endloop
  endfacet
  facet normal 3.201317e-13 3.201317e-13 -1.000000e+00
    outer loop
      vertex   -1.221187e+02 3.927405e+02 1.957848e+02
      vertex   -1.254856e+02 3.928225e+02 1.957848e+02
      vertex   -1.221998e+02 3.928216e+02 1.957848e+02
    endloop
  endfacet
  facet normal 3.201143e-13 2.507935e-13 -1.000000e+00
    outer loop
      vertex   -1.221998e+02 3.928216e+02 1.957848e+02
      vertex   -1.254856e+02 3.928225e+02 1.957848e+02
      vertex   -1.222706e+02 3.929119e+02 1.957848e+02
    endloop
  endfacet
  facet normal 3.216820e-13 1.944636e-13 -1.000000e+00
    outer loop
      vertex   -1.222706e+02 3.929119e+02 1.957848e+02
      vertex   -1.254856e+02 3.928225e+02 1.957848e+02
      vertex   -1.223299e+02 3.930101e+02 1.957848e+02
    endloop
  endfacet
  facet normal 3.245596e-13 1.460724e-13 -1.000000e+00
    outer loop
      vertex   -1.223299e+02 3.930101e+02 1.957848e+02
      vertex   -1.254856e+02 3.928225e+02 1.957848e+02
      vertex   -1.223770e+02 3.931147e+02 1.957848e+02
    endloop
  endfacet
  facet normal -4.120425e-13 7.980655e-12 -1.000000e+00
    outer loop
      vertex   -1.223770e+02 3.931147e+02 1.957848e+02
      vertex   -1.254856e+02 3.928225e+02 1.957848e+02
      vertex   -1.254887e+02 3.929469e+02 1.957848e+02
    endloop
  endfacet
  facet normal 1.829147e-14 -4.450209e-16 -1.000000e+00
    outer loop
      vertex   -1.223770e+02 3.931147e+02 1.957848e+02
      vertex   -1.254887e+02 3.929469e+02 1.957848e+02
      vertex   -1.254857e+02 3.930714e+02 1.957848e+02
    endloop
  endfacet
  facet normal 1.820625e-14 5.673298e-15 -1.000000e+00
    outer loop
      vertex   -1.223770e+02 3.931147e+02 1.957848e+02
      vertex   -1.254857e+02 3.930714e+02 1.957848e+02
      vertex   -1.224111e+02 3.932242e+02 1.957848e+02
    endloop
  endfacet
  facet normal 4.181943e-13 -8.041631e-12 -1.000000e+00
    outer loop
      vertex   -1.224111e+02 3.932242e+02 1.957848e+02
      vertex   -1.254857e+02 3.930714e+02 1.957848e+02
      vertex   -1.254765e+02 3.931956e+02 1.957848e+02
    endloop
  endfacet
  facet normal 3.424753e-13 6.276093e-14 -1.000000e+00
    outer loop
      vertex   -1.224111e+02 3.932242e+02 1.957848e+02
      vertex   -1.254765e+02 3.931956e+02 1.957848e+02
      vertex   -1.224318e+02 3.933371e+02 1.957848e+02
    endloop
  endfacet
  facet normal 3.463148e-13 -1.986561e-14 -1.000000e+00
    outer loop
      vertex   -1.224318e+02 3.933371e+02 1.957848e+02
      vertex   -1.254765e+02 3.931956e+02 1.957848e+02
      vertex   -1.254669e+02 3.933623e+02 1.957848e+02
    endloop
  endfacet
  facet normal 3.466536e-13 2.096868e-14 -1.000000e+00
    outer loop
      vertex   -1.224318e+02 3.933371e+02 1.957848e+02
      vertex   -1.254669e+02 3.933623e+02 1.957848e+02
      vertex   -1.224387e+02 3.934516e+02 1.957848e+02
    endloop
  endfacet
  facet normal 3.470040e-13 9.090822e-15 -1.000000e+00
    outer loop
      vertex   -1.224387e+02 3.934516e+02 1.957848e+02
      vertex   -1.254669e+02 3.933623e+02 1.957848e+02
      vertex   -1.254713e+02 3.935291e+02 1.957848e+02
    endloop
  endfacet
  facet normal 3.462359e-13 -2.094341e-14 -1.000000e+00
    outer loop
      vertex   -1.224387e+02 3.934516e+02 1.957848e+02
      vertex   -1.254713e+02 3.935291e+02 1.957848e+02
      vertex   -1.224318e+02 3.935661e+02 1.957848e+02
    endloop
  endfacet
  facet normal 3.455186e-13 3.805063e-14 -1.000000e+00
    outer loop
      vertex   -1.224318e+02 3.935661e+02 1.957848e+02
      vertex   -1.254713e+02 3.935291e+02 1.957848e+02
      vertex   -1.254896e+02 3.936951e+02 1.957848e+02
    endloop
  endfacet
  facet normal 3.412757e-13 -6.254109e-14 -1.000000e+00
    outer loop
      vertex   -1.224318e+02 3.935661e+02 1.957848e+02
      vertex   -1.254896e+02 3.936951e+02 1.957848e+02
      vertex   -1.224111e+02 3.936789e+02 1.957848e+02
    endloop
  endfacet
  facet normal 3.419540e-13 6.689155e-14 -1.000000e+00
    outer loop
      vertex   -1.224111e+02 3.936789e+02 1.957848e+02
      vertex   -1.254896e+02 3.936951e+02 1.957848e+02
      vertex   -1.255216e+02 3.938589e+02 1.957848e+02
    endloop
  endfacet
  facet normal 3.320965e-13 -1.034854e-13 -1.000000e+00
    outer loop
      vertex   -1.224111e+02 3.936789e+02 1.957848e+02
      vertex   -1.255216e+02 3.938589e+02 1.957848e+02
      vertex   -1.223770e+02 3.937885e+02 1.957848e+02
    endloop
  endfacet
  facet normal 3.310768e-13 -1.490056e-13 -1.000000e+00
    outer loop
      vertex   -1.223770e+02 3.937885e+02 1.957848e+02
      vertex   -1.255216e+02 3.938589e+02 1.957848e+02
      vertex   -1.223299e+02 3.938931e+02 1.957848e+02
    endloop
  endfacet
  facet normal 3.265936e-13 2.697225e-13 -1.000000e+00
    outer loop
      vertex   -1.223299e+02 3.938931e+02 1.957848e+02
      vertex   -1.255216e+02 3.938589e+02 1.957848e+02
      vertex   -1.255672e+02 3.940195e+02 1.957848e+02
    endloop
  endfacet
  facet normal 3.087721e-13 -1.866592e-13 -1.000000e+00
    outer loop
      vertex   -1.223299e+02 3.938931e+02 1.957848e+02
      vertex   -1.255672e+02 3.940195e+02 1.957848e+02
      vertex   -1.222706e+02 3.939913e+02 1.957848e+02
    endloop
  endfacet
  facet normal 3.113756e-13 1.172597e-13 -1.000000e+00
    outer loop
      vertex   -1.222706e+02 3.939913e+02 1.957848e+02
      vertex   -1.255672e+02 3.940195e+02 1.957848e+02
      vertex   -1.256260e+02 3.941757e+02 1.957848e+02
    endloop
  endfacet
  facet normal 2.923383e-13 -2.290325e-13 -1.000000e+00
    outer loop
      vertex   -1.222706e+02 3.939913e+02 1.957848e+02
      vertex   -1.256260e+02 3.941757e+02 1.957848e+02
      vertex   -1.221998e+02 3.940816e+02 1.957848e+02
    endloop
  endfacet
  facet normal 3.025847e-13 1.438035e-13 -1.000000e+00
    outer loop
      vertex   -1.221998e+02 3.940816e+02 1.957848e+02
      vertex   -1.256260e+02 3.941757e+02 1.957848e+02
      vertex   -1.256977e+02 3.943265e+02 1.957848e+02
    endloop
  endfacet
  facet normal 2.733724e-13 -2.733724e-13 -1.000000e+00
    outer loop
      vertex   -1.221998e+02 3.940816e+02 1.957848e+02
      vertex   -1.256977e+02 3.943265e+02 1.957848e+02
      vertex   -1.221187e+02 3.941627e+02 1.957848e+02
    endloop
  endfacet
  facet normal 2.937105e-13 1.709653e-13 -1.000000e+00
    outer loop
      vertex   -1.221187e+02 3.941627e+02 1.957848e+02
      vertex   -1.256977e+02 3.943265e+02 1.957848e+02
      vertex   -1.257817e+02 3.944708e+02 1.957848e+02
    endloop
  endfacet
  facet normal 2.522498e-13 -3.219731e-13 -1.000000e+00
    outer loop
      vertex   -1.221187e+02 3.941627e+02 1.957848e+02
      vertex   -1.257817e+02 3.944708e+02 1.957848e+02
      vertex   -1.220284e+02 3.942334e+02 1.957848e+02
    endloop
  endfacet
  facet normal 2.852333e-13 1.996255e-13 -1.000000e+00
    outer loop
      vertex   -1.220284e+02 3.942334e+02 1.957848e+02
      vertex   -1.257817e+02 3.944708e+02 1.957848e+02
      vertex   -1.258774e+02 3.946075e+02 1.957848e+02
    endloop
  endfacet
  facet normal 2.290098e-13 -3.788285e-13 -1.000000e+00
    outer loop
      vertex   -1.220284e+02 3.942334e+02 1.957848e+02
      vertex   -1.258774e+02 3.946075e+02 1.957848e+02
      vertex   -1.219302e+02 3.942928e+02 1.957848e+02
    endloop
  endfacet
  facet normal 2.482063e-13 -1.380994e-13 -1.000000e+00
    outer loop
      vertex   -1.219302e+02 3.942928e+02 1.957848e+02
      vertex   -1.258774e+02 3.946075e+02 1.957848e+02
      vertex   -1.213179e+02 3.953934e+02 1.957848e+02
    endloop
  endfacet
  facet normal 0.000000e+00 0.000000e+00 -1.000000e+00
    outer loop
      vertex   -1.219302e+02 3.942928e+02 1.957848e+02
      vertex   -1.213179e+02 3.953934e+02 1.957848e+02
      vertex   -1.218256e+02 3.943399e+02 1.957848e+02
    endloop
  endfacet
  facet normal 0.000000e+00 0.000000e+00 -1.000000e+00
    outer loop
      vertex   -1.218256e+02 3.943399e+02 1.957848e+02
      vertex   -1.213179e+02 3.953934e+02 1.957848e+02
      vertex   -1.217161e+02 3.943740e+02 1.957848e+02
    endloop
  endfacet
  facet normal 0.000000e+00 0.000000e+00 -1.000000e+00
    outer loop
      vertex   -1.217161e+02 3.943740e+02 1.957848e+02
      vertex   -1.213179e+02 3.953934e+02 1.957848e+02
      vertex   -1.216032e+02 3.943947e+02 1.957848e+02
    endloop
  endfacet
  facet normal 0.000000e+00 0.000000e+00 -1.000000e+00
    outer loop
      vertex   -1.216032e+02 3.943947e+02 1.957848e+02
      vertex   -1.213179e+02 3.953934e+02 1.957848e+02
      vertex   -1.214887e+02 3.944016e+02 1.957848e+02
    endloop
  endfacet
  facet normal 0.000000e+00 0.000000e+00 -1.000000e+00
    outer loop
      vertex   -1.214887e+02 3.944016e+02 1.957848e+02
      vertex   -1.213179e+02 3.953934e+02 1.957848e+02
      vertex   -1.213742e+02 3.943947e+02 1.957848e+02
    endloop
  endfacet
  facet normal 0.000000e+00 0.000000e+00 -1.000000e+00
    outer loop
      vertex   -1.213742e+02 3.943947e+02 1.957848e+02
      vertex   -1.213179e+02 3.953934e+02 1.957848e+02
      vertex   -1.211656e+02 3.953867e+02 1.957848e+02
    endloop
  endfacet
  facet normal 0.000000e+00 0.000000e+00 -1.000000e+00
    outer loop
      vertex   -1.213742e+02 3.943947e+02 1.957848e+02
      vertex   -1.211656e+02 3.953867e+02 1.957848e+02
      vertex   -1.210146e+02 3.953669e+02 1.957848e+02
    endloop
  endfacet
  facet normal 1.962529e-13 1.633416e-13 -1.000000e+00
    outer loop
      vertex   -1.258774e+02 3.946075e+02 1.957848e+02
      vertex   -1.259842e+02 3.947358e+02 1.957848e+02
      vertex   -1.213179e+02 3.953934e+02 1.957848e+02
    endloop
  endfacet
  facet normal 1.925552e-13 1.895832e-13 -1.000000e+00
    outer loop
      vertex   -1.213179e+02 3.953934e+02 1.957848e+02
      vertex   -1.259842e+02 3.947358e+02 1.957848e+02
      vertex   -1.261013e+02 3.948548e+02 1.957848e+02
    endloop
  endfacet
  facet normal 1.891125e-13 2.201600e-13 -1.000000e+00
    outer loop
      vertex   -1.213179e+02 3.953934e+02 1.957848e+02
      vertex   -1.261013e+02 3.948548e+02 1.957848e+02
      vertex   -1.262279e+02 3.949636e+02 1.957848e+02
    endloop
  endfacet
  facet normal 1.858877e-13 2.570006e-13 -1.000000e+00
    outer loop
      vertex   -1.262279e+02 3.949636e+02 1.957848e+02
      vertex   -1.263632e+02 3.950614e+02 1.957848e+02
      vertex   -1.213179e+02 3.953934e+02 1.957848e+02
    endloop
  endfacet
  facet normal 1.828493e-13 3.031803e-13 -1.000000e+00
    outer loop
      vertex   -1.213179e+02 3.953934e+02 1.957848e+02
      vertex   -1.263632e+02 3.950614e+02 1.957848e+02
      vertex   -1.265061e+02 3.951476e+02 1.957848e+02
    endloop
  endfacet
  facet normal 1.799698e-13 3.639717e-13 -1.000000e+00
    outer loop
      vertex   -1.213179e+02 3.953934e+02 1.957848e+02
      vertex   -1.265061e+02 3.951476e+02 1.957848e+02
      vertex   -1.266558e+02 3.952216e+02 1.957848e+02
    endloop
  endfacet
  facet normal 1.910282e-13 2.029704e-14 -1.000000e+00
    outer loop
      vertex   -1.266558e+02 3.952216e+02 1.957848e+02
      vertex   -1.268111e+02 3.952829e+02 1.957848e+02
      vertex   -1.213179e+02 3.953934e+02 1.957848e+02
    endloop
  endfacet
  facet normal 1.794379e-13 5.964667e-13 -1.000000e+00
    outer loop
      vertex   -1.213179e+02 3.953934e+02 1.957848e+02
      vertex   -1.268111e+02 3.952829e+02 1.957848e+02
      vertex   -1.269709e+02 3.953310e+02 1.957848e+02
    endloop
  endfacet
  facet normal 1.768075e-13 8.347243e-13 -1.000000e+00
    outer loop
      vertex   -1.213179e+02 3.953934e+02 1.957848e+02
      vertex   -1.269709e+02 3.953310e+02 1.957848e+02
      vertex   -1.271343e+02 3.953656e+02 1.957848e+02
    endloop
  endfacet
  facet normal 1.741826e-13 1.383532e-12 -1.000000e+00
    outer loop
      vertex   -1.271343e+02 3.953656e+02 1.957848e+02
      vertex   -1.272999e+02 3.953864e+02 1.957848e+02
      vertex   -1.213179e+02 3.953934e+02 1.957848e+02
    endloop
  endfacet
  facet normal 1.710254e-13 4.094423e-12 -1.000000e+00
    outer loop
      vertex   -1.213179e+02 3.953934e+02 1.957848e+02
      vertex   -1.272999e+02 3.953864e+02 1.957848e+02
      vertex   -1.274667e+02 3.953934e+02 1.957848e+02
    endloop
  endfacet
  facet normal 0.000000e+00 -0.000000e+00 -1.000000e+00
    outer loop
      vertex   -1.210146e+02 3.953669e+02 1.957848e+02
      vertex   -1.208658e+02 3.953340e+02 1.957848e+02
      vertex   -1.213742e+02 3.943947e+02 1.957848e+02
    endloop
  endfacet
  facet normal 0.000000e+00 0.000000e+00 -1.000000e+00
    outer loop
      vertex   -1.213742e+02 3.943947e+02 1.957848e+02
      vertex   -1.208658e+02 3.953340e+02 1.957848e+02
      vertex   -1.207205e+02 3.952883e+02 1.957848e+02
    endloop
  endfacet
  facet normal 0.000000e+00 0.000000e+00 -1.000000e+00
    outer loop
      vertex   -1.213742e+02 3.943947e+02 1.957848e+02
      vertex   -1.207205e+02 3.952883e+02 1.957848e+02
      vertex   -1.205797e+02 3.952301e+02 1.957848e+02
    endloop
  endfacet
  facet normal 0.000000e+00 -0.000000e+00 -1.000000e+00
    outer loop
      vertex   -1.205797e+02 3.952301e+02 1.957848e+02
      vertex   -1.204445e+02 3.951599e+02 1.957848e+02
      vertex   -1.213742e+02 3.943947e+02 1.957848e+02
    endloop
  endfacet
  facet normal 0.000000e+00 0.000000e+00 -1.000000e+00
    outer loop
      vertex   -1.213742e+02 3.943947e+02 1.957848e+02
      vertex   -1.204445e+02 3.951599e+02 1.957848e+02
      vertex   -1.212614e+02 3.943740e+02 1.957848e+02
    endloop
  endfacet
  facet normal 0.000000e+00 0.000000e+00 -1.000000e+00
    outer loop
      vertex   -1.212614e+02 3.943740e+02 1.957848e+02
      vertex   -1.204445e+02 3.951599e+02 1.957848e+02
      vertex   -1.203159e+02 3.950781e+02 1.957848e+02
    endloop
  endfacet
  facet normal 0.000000e+00 0.000000e+00 -1.000000e+00
    outer loop
      vertex   -1.212614e+02 3.943740e+02 1.957848e+02
      vertex   -1.203159e+02 3.950781e+02 1.957848e+02
      vertex   -1.201949e+02 3.949856e+02 1.957848e+02
    endloop
  endfacet
  facet normal 0.000000e+00 0.000000e+00 -1.000000e+00
    outer loop
      vertex   -1.212614e+02 3.943740e+02 1.957848e+02
      vertex   -1.201949e+02 3.949856e+02 1.957848e+02
      vertex   -1.211519e+02 3.943399e+02 1.957848e+02
    endloop
  endfacet
  facet normal 0.000000e+00 0.000000e+00 -1.000000e+00
    outer loop
      vertex   -1.211519e+02 3.943399e+02 1.957848e+02
      vertex   -1.201949e+02 3.949856e+02 1.957848e+02
      vertex   -1.200824e+02 3.948828e+02 1.957848e+02
    endloop
  endfacet
  facet normal 0.000000e+00 0.000000e+00 -1.000000e+00
    outer loop
      vertex   -1.211519e+02 3.943399e+02 1.957848e+02
      vertex   -1.200824e+02 3.948828e+02 1.957848e+02
      vertex   -1.210472e+02 3.942928e+02 1.957848e+02
    endloop
  endfacet
  facet normal 0.000000e+00 0.000000e+00 -1.000000e+00
    outer loop
      vertex   -1.210472e+02 3.942928e+02 1.957848e+02
      vertex   -1.200824e+02 3.948828e+02 1.957848e+02
      vertex   -1.199793e+02 3.947706e+02 1.957848e+02
    endloop
  endfacet
  facet normal 0.000000e+00 0.000000e+00 -1.000000e+00
    outer loop
      vertex   -1.210472e+02 3.942928e+02 1.957848e+02
      vertex   -1.199793e+02 3.947706e+02 1.957848e+02
      vertex   -1.198863e+02 3.946499e+02 1.957848e+02
    endloop
  endfacet
  facet normal 0.000000e+00 0.000000e+00 -1.000000e+00
    outer loop
      vertex   -1.210472e+02 3.942928e+02 1.957848e+02
      vertex   -1.198863e+02 3.946499e+02 1.957848e+02
      vertex   -1.209491e+02 3.942334e+02 1.957848e+02
    endloop
  endfacet
  facet normal 0.000000e+00 0.000000e+00 -1.000000e+00
    outer loop
      vertex   -1.209491e+02 3.942334e+02 1.957848e+02
      vertex   -1.198863e+02 3.946499e+02 1.957848e+02
      vertex   -1.198042e+02 3.945216e+02 1.957848e+02
    endloop
  endfacet
  facet normal 0.000000e+00 0.000000e+00 -1.000000e+00
    outer loop
      vertex   -1.209491e+02 3.942334e+02 1.957848e+02
      vertex   -1.198042e+02 3.945216e+02 1.957848e+02
      vertex   -1.208588e+02 3.941627e+02 1.957848e+02
    endloop
  endfacet
  facet normal 0.000000e+00 0.000000e+00 -1.000000e+00
    outer loop
      vertex   -1.208588e+02 3.941627e+02 1.957848e+02
      vertex   -1.198042e+02 3.945216e+02 1.957848e+02
      vertex   -1.197335e+02 3.943866e+02 1.957848e+02
    endloop
  endfacet
  facet normal 0.000000e+00 0.000000e+00 -1.000000e+00
    outer loop
      vertex   -1.208588e+02 3.941627e+02 1.957848e+02
      vertex   -1.197335e+02 3.943866e+02 1.957848e+02
      vertex   -1.207776e+02 3.940816e+02 1.957848e+02
    endloop
  endfacet
  facet normal 0.000000e+00 0.000000e+00 -1.000000e+00
    outer loop
      vertex   -1.207776e+02 3.940816e+02 1.957848e+02
      vertex   -1.197335e+02 3.943866e+02 1.957848e+02
      vertex   -1.196749e+02 3.942460e+02 1.957848e+02
    endloop
  endfacet
  facet normal 0.000000e+00 0.000000e+00 -1.000000e+00
    outer loop
      vertex   -1.207776e+02 3.940816e+02 1.957848e+02
      vertex   -1.196749e+02 3.942460e+02 1.957848e+02
      vertex   -1.207069e+02 3.939913e+02 1.957848e+02
    endloop
  endfacet
  facet normal 0.000000e+00 0.000000e+00 -1.000000e+00
    outer loop
      vertex   -1.207069e+02 3.939913e+02 1.957848e+02
      vertex   -1.196749e+02 3.942460e+02 1.957848e+02
      vertex   -1.196287e+02 3.941008e+02 1.957848e+02
    endloop
  endfacet
  facet normal 0.000000e+00 0.000000e+00 -1.000000e+00
    outer loop
      vertex   -1.207069e+02 3.939913e+02 1.957848e+02
      vertex   -1.196287e+02 3.941008e+02 1.957848e+02
      vertex   -1.206475e+02 3.938931e+02 1.957848e+02
    endloop
  endfacet
  facet normal 0.000000e+00 0.000000e+00 -1.000000e+00
    outer loop
      vertex   -1.206475e+02 3.938931e+02 1.957848e+02
      vertex   -1.196287e+02 3.941008e+02 1.957848e+02
      vertex   -1.195953e+02 3.939522e+02 1.957848e+02
    endloop
  endfacet
  facet normal 0.000000e+00 0.000000e+00 -1.000000e+00
    outer loop
      vertex   -1.206475e+02 3.938931e+02 1.957848e+02
      vertex   -1.195953e+02 3.939522e+02 1.957848e+02
      vertex   -1.206005e+02 3.937885e+02 1.957848e+02
    endloop
  endfacet
  facet normal 0.000000e+00 0.000000e+00 -1.000000e+00
    outer loop
      vertex   -1.206005e+02 3.937885e+02 1.957848e+02
      vertex   -1.195953e+02 3.939522e+02 1.957848e+02
      vertex   -1.195750e+02 3.938012e+02 1.957848e+02
    endloop
  endfacet
  facet normal 0.000000e+00 0.000000e+00 -1.000000e+00
    outer loop
      vertex   -1.206005e+02 3.937885e+02 1.957848e+02
      vertex   -1.195750e+02 3.938012e+02 1.957848e+02
      vertex   -1.205663e+02 3.936789e+02 1.957848e+02
    endloop
  endfacet
  facet normal 0.000000e+00 0.000000e+00 -1.000000e+00
    outer loop
      vertex   -1.205663e+02 3.936789e+02 1.957848e+02
      vertex   -1.195750e+02 3.938012e+02 1.957848e+02
      vertex   -1.195679e+02 3.936490e+02 1.957848e+02
    endloop
  endfacet
  facet normal 0.000000e+00 0.000000e+00 -1.000000e+00
    outer loop
      vertex   -1.205663e+02 3.936789e+02 1.957848e+02
      vertex   -1.195679e+02 3.936490e+02 1.957848e+02
      vertex   -1.205457e+02 3.935661e+02 1.957848e+02
    endloop
  endfacet
  facet normal 0.000000e+00 0.000000e+00 -1.000000e+00
    outer loop
      vertex   -1.205457e+02 3.935661e+02 1.957848e+02
      vertex   -1.195679e+02 3.936490e+02 1.957848e+02
      vertex   -1.205387e+02 3.934516e+02 1.957848e+02
    endloop
  endfacet
  facet normal 0.000000e+00 -0.000000e+00 -1.000000e+00
    outer loop
      vertex   -1.205387e+02 3.934516e+02 1.957848e+02
      vertex   -1.195679e+02 3.936490e+02 1.957848e+02
      vertex   -1.205457e+02 3.933371e+02 1.957848e+02
    endloop
  endfacet
  facet normal 0.000000e+00 0.000000e+00 -1.000000e+00
    outer loop
      vertex   -1.205457e+02 3.933371e+02 1.957848e+02
      vertex   -1.195679e+02 3.936490e+02 1.957848e+02
      vertex   -1.195654e+02 3.928709e+02 1.957848e+02
    endloop
  endfacet
  facet normal 0.000000e+00 -0.000000e+00 -1.000000e+00
    outer loop
      vertex   -1.205457e+02 3.933371e+02 1.957848e+02
      vertex   -1.195654e+02 3.928709e+02 1.957848e+02
      vertex   -1.205663e+02 3.932242e+02 1.957848e+02
    endloop
  endfacet
  facet normal 0.000000e+00 -0.000000e+00 -1.000000e+00
    outer loop
      vertex   -1.205663e+02 3.932242e+02 1.957848e+02
      vertex   -1.195654e+02 3.928709e+02 1.957848e+02
      vertex   -1.206005e+02 3.931147e+02 1.957848e+02
    endloop
  endfacet
  facet normal 2.139841e-15 -2.290324e-13 1.000000e+00
    outer loop
      vertex   -1.254857e+02 3.930714e+02 1.761848e+02
      vertex   -1.224111e+02 3.932242e+02 1.761848e+02
      vertex   -1.254765e+02 3.931956e+02 1.761848e+02
    endloop
  endfacet
  facet normal 0.000000e+00 0.000000e+00 1.000000e+00
    outer loop
      vertex   -1.254765e+02 3.931956e+02 1.761848e+02
      vertex   -1.224111e+02 3.932242e+02 1.761848e+02
      vertex   -1.224318e+02 3.933371e+02 1.761848e+02
    endloop
  endfacet
  facet normal 0.000000e+00 0.000000e+00 1.000000e+00
    outer loop
      vertex   -1.254765e+02 3.931956e+02 1.761848e+02
      vertex   -1.224318e+02 3.933371e+02 1.761848e+02
      vertex   -1.254669e+02 3.933623e+02 1.761848e+02
    endloop
  endfacet
  facet normal -0.000000e+00 0.000000e+00 1.000000e+00
    outer loop
      vertex   -1.254669e+02 3.933623e+02 1.761848e+02
      vertex   -1.224318e+02 3.933371e+02 1.761848e+02
      vertex   -1.224387e+02 3.934516e+02 1.761848e+02
    endloop
  endfacet
  facet normal 0.000000e+00 -0.000000e+00 1.000000e+00
    outer loop
      vertex   -1.254669e+02 3.933623e+02 1.761848e+02
      vertex   -1.224387e+02 3.934516e+02 1.761848e+02
      vertex   -1.254713e+02 3.935291e+02 1.761848e+02
    endloop
  endfacet
  facet normal -0.000000e+00 0.000000e+00 1.000000e+00
    outer loop
      vertex   -1.254713e+02 3.935291e+02 1.761848e+02
      vertex   -1.224387e+02 3.934516e+02 1.761848e+02
      vertex   -1.224318e+02 3.935661e+02 1.761848e+02
    endloop
  endfacet
  facet normal 0.000000e+00 -0.000000e+00 1.000000e+00
    outer loop
      vertex   -1.254713e+02 3.935291e+02 1.761848e+02
      vertex   -1.224318e+02 3.935661e+02 1.761848e+02
      vertex   -1.254896e+02 3.936951e+02 1.761848e+02
    endloop
  endfacet
  facet normal 0.000000e+00 0.000000e+00 1.000000e+00
    outer loop
      vertex   -1.254896e+02 3.936951e+02 1.761848e+02
      vertex   -1.224318e+02 3.935661e+02 1.761848e+02
      vertex   -1.224111e+02 3.936789e+02 1.761848e+02
    endloop
  endfacet
  facet normal -0.000000e+00 -0.000000e+00 1.000000e+00
    outer loop
      vertex   -1.254896e+02 3.936951e+02 1.761848e+02
      vertex   -1.224111e+02 3.936789e+02 1.761848e+02
      vertex   -1.255216e+02 3.938589e+02 1.761848e+02
    endloop
  endfacet
  facet normal 0.000000e+00 0.000000e+00 1.000000e+00
    outer loop
      vertex   -1.255216e+02 3.938589e+02 1.761848e+02
      vertex   -1.224111e+02 3.936789e+02 1.761848e+02
      vertex   -1.223770e+02 3.937885e+02 1.761848e+02
    endloop
  endfacet
  facet normal -3.989881e-15 -1.781189e-13 1.000000e+00
    outer loop
      vertex   -1.255216e+02 3.938589e+02 1.761848e+02
      vertex   -1.223770e+02 3.937885e+02 1.761848e+02
      vertex   -1.255672e+02 3.940195e+02 1.761848e+02
    endloop
  endfacet
  facet normal 8.627841e-15 -3.883076e-15 1.000000e+00
    outer loop
      vertex   -1.255672e+02 3.940195e+02 1.761848e+02
      vertex   -1.223770e+02 3.937885e+02 1.761848e+02
      vertex   -1.223299e+02 3.938931e+02 1.761848e+02
    endloop
  endfacet
  facet normal 8.577003e-15 -5.184979e-15 1.000000e+00
    outer loop
      vertex   -1.255672e+02 3.940195e+02 1.761848e+02
      vertex   -1.223299e+02 3.938931e+02 1.761848e+02
      vertex   -1.222706e+02 3.939913e+02 1.761848e+02
    endloop
  endfacet
  facet normal -9.255314e-15 2.251765e-16 1.000000e+00
    outer loop
      vertex   -1.254857e+02 3.930714e+02 1.761848e+02
      vertex   -1.254887e+02 3.929469e+02 1.761848e+02
      vertex   -1.224111e+02 3.932242e+02 1.761848e+02
    endloop
  endfacet
  facet normal -8.982807e-15 -2.799156e-15 1.000000e+00
    outer loop
      vertex   -1.224111e+02 3.932242e+02 1.761848e+02
      vertex   -1.254887e+02 3.929469e+02 1.761848e+02
      vertex   -1.223770e+02 3.931147e+02 1.761848e+02
    endloop
  endfacet
  facet normal -2.141505e-14 2.277729e-13 1.000000e+00
    outer loop
      vertex   -1.223770e+02 3.931147e+02 1.761848e+02
      vertex   -1.254887e+02 3.929469e+02 1.761848e+02
      vertex   -1.254856e+02 3.928225e+02 1.761848e+02
    endloop
  endfacet
  facet normal 0.000000e+00 0.000000e+00 1.000000e+00
    outer loop
      vertex   -1.223770e+02 3.931147e+02 1.761848e+02
      vertex   -1.254856e+02 3.928225e+02 1.761848e+02
      vertex   -1.223299e+02 3.930101e+02 1.761848e+02
    endloop
  endfacet
  facet normal 0.000000e+00 0.000000e+00 1.000000e+00
    outer loop
      vertex   -1.223299e+02 3.930101e+02 1.761848e+02
      vertex   -1.254856e+02 3.928225e+02 1.761848e+02
      vertex   -1.222706e+02 3.929119e+02 1.761848e+02
    endloop
  endfacet
  facet normal 0.000000e+00 0.000000e+00 1.000000e+00
    outer loop
      vertex   -1.222706e+02 3.929119e+02 1.761848e+02
      vertex   -1.254856e+02 3.928225e+02 1.761848e+02
      vertex   -1.221998e+02 3.928216e+02 1.761848e+02
    endloop
  endfacet
  facet normal 0.000000e+00 0.000000e+00 1.000000e+00
    outer loop
      vertex   -1.221998e+02 3.928216e+02 1.761848e+02
      vertex   -1.254856e+02 3.928225e+02 1.761848e+02
      vertex   -1.221187e+02 3.927405e+02 1.761848e+02
    endloop
  endfacet
  facet normal 0.000000e+00 0.000000e+00 1.000000e+00
    outer loop
      vertex   -1.221187e+02 3.927405e+02 1.761848e+02
      vertex   -1.254856e+02 3.928225e+02 1.761848e+02
      vertex   -1.220284e+02 3.926698e+02 1.761848e+02
    endloop
  endfacet
  facet normal 0.000000e+00 0.000000e+00 1.000000e+00
    outer loop
      vertex   -1.220284e+02 3.926698e+02 1.761848e+02
      vertex   -1.254856e+02 3.928225e+02 1.761848e+02
      vertex   -1.219302e+02 3.926104e+02 1.761848e+02
    endloop
  endfacet
  facet normal 0.000000e+00 0.000000e+00 1.000000e+00
    outer loop
      vertex   -1.219302e+02 3.926104e+02 1.761848e+02
      vertex   -1.254856e+02 3.928225e+02 1.761848e+02
      vertex   -1.218256e+02 3.925633e+02 1.761848e+02
    endloop
  endfacet
  facet normal 0.000000e+00 0.000000e+00 1.000000e+00
    outer loop
      vertex   -1.218256e+02 3.925633e+02 1.761848e+02
      vertex   -1.254856e+02 3.928225e+02 1.761848e+02
      vertex   -1.203251e+02 3.886601e+02 1.761848e+02
    endloop
  endfacet
  facet normal 0.000000e+00 0.000000e+00 1.000000e+00
    outer loop
      vertex   -1.218256e+02 3.925633e+02 1.761848e+02
      vertex   -1.203251e+02 3.886601e+02 1.761848e+02
      vertex   -1.217161e+02 3.925292e+02 1.761848e+02
    endloop
  endfacet
  facet normal 0.000000e+00 0.000000e+00 1.000000e+00
    outer loop
      vertex   -1.217161e+02 3.925292e+02 1.761848e+02
      vertex   -1.203251e+02 3.886601e+02 1.761848e+02
      vertex   -1.216032e+02 3.925085e+02 1.761848e+02
    endloop
  endfacet
  facet normal 0.000000e+00 0.000000e+00 1.000000e+00
    outer loop
      vertex   -1.216032e+02 3.925085e+02 1.761848e+02
      vertex   -1.203251e+02 3.886601e+02 1.761848e+02
      vertex   -1.214887e+02 3.925016e+02 1.761848e+02
    endloop
  endfacet
  facet normal 0.000000e+00 0.000000e+00 1.000000e+00
    outer loop
      vertex   -1.214887e+02 3.925016e+02 1.761848e+02
      vertex   -1.203251e+02 3.886601e+02 1.761848e+02
      vertex   -1.195759e+02 3.921566e+02 1.761848e+02
    endloop
  endfacet
  facet normal -0.000000e+00 0.000000e+00 1.000000e+00
    outer loop
      vertex   -1.214887e+02 3.925016e+02 1.761848e+02
      vertex   -1.195759e+02 3.921566e+02 1.761848e+02
      vertex   -1.213742e+02 3.925085e+02 1.761848e+02
    endloop
  endfacet
  facet normal -0.000000e+00 0.000000e+00 1.000000e+00
    outer loop
      vertex   -1.213742e+02 3.925085e+02 1.761848e+02
      vertex   -1.195759e+02 3.921566e+02 1.761848e+02
      vertex   -1.212614e+02 3.925292e+02 1.761848e+02
    endloop
  endfacet
  facet normal -0.000000e+00 0.000000e+00 1.000000e+00
    outer loop
      vertex   -1.212614e+02 3.925292e+02 1.761848e+02
      vertex   -1.195759e+02 3.921566e+02 1.761848e+02
      vertex   -1.211519e+02 3.925633e+02 1.761848e+02
    endloop
  endfacet
  facet normal -0.000000e+00 0.000000e+00 1.000000e+00
    outer loop
      vertex   -1.211519e+02 3.925633e+02 1.761848e+02
      vertex   -1.195759e+02 3.921566e+02 1.761848e+02
      vertex   -1.210472e+02 3.926104e+02 1.761848e+02
    endloop
  endfacet
  facet normal -0.000000e+00 0.000000e+00 1.000000e+00
    outer loop
      vertex   -1.210472e+02 3.926104e+02 1.761848e+02
      vertex   -1.195759e+02 3.921566e+02 1.761848e+02
      vertex   -1.209491e+02 3.926698e+02 1.761848e+02
    endloop
  endfacet
  facet normal -0.000000e+00 0.000000e+00 1.000000e+00
    outer loop
      vertex   -1.209491e+02 3.926698e+02 1.761848e+02
      vertex   -1.195759e+02 3.921566e+02 1.761848e+02
      vertex   -1.208588e+02 3.927405e+02 1.761848e+02
    endloop
  endfacet
  facet normal -0.000000e+00 0.000000e+00 1.000000e+00
    outer loop
      vertex   -1.208588e+02 3.927405e+02 1.761848e+02
      vertex   -1.195759e+02 3.921566e+02 1.761848e+02
      vertex   -1.207776e+02 3.928216e+02 1.761848e+02
    endloop
  endfacet
  facet normal -0.000000e+00 0.000000e+00 1.000000e+00
    outer loop
      vertex   -1.207776e+02 3.928216e+02 1.761848e+02
      vertex   -1.195759e+02 3.921566e+02 1.761848e+02
      vertex   -1.207069e+02 3.929119e+02 1.761848e+02
    endloop
  endfacet
  facet normal -0.000000e+00 0.000000e+00 1.000000e+00
    outer loop
      vertex   -1.207069e+02 3.929119e+02 1.761848e+02
      vertex   -1.195759e+02 3.921566e+02 1.761848e+02
      vertex   -1.206475e+02 3.930101e+02 1.761848e+02
    endloop
  endfacet
  facet normal -0.000000e+00 0.000000e+00 1.000000e+00
    outer loop
      vertex   -1.206475e+02 3.930101e+02 1.761848e+02
      vertex   -1.195759e+02 3.921566e+02 1.761848e+02
      vertex   -1.206005e+02 3.931147e+02 1.761848e+02
    endloop
  endfacet
  facet normal -0.000000e+00 0.000000e+00 1.000000e+00
    outer loop
      vertex   -1.206005e+02 3.931147e+02 1.761848e+02
      vertex   -1.195759e+02 3.921566e+02 1.761848e+02
      vertex   -1.195807e+02 3.936490e+02 1.761848e+02
    endloop
  endfacet
  facet normal 0.000000e+00 0.000000e+00 1.000000e+00
    outer loop
      vertex   -1.206005e+02 3.931147e+02 1.761848e+02
      vertex   -1.195807e+02 3.936490e+02 1.761848e+02
      vertex   -1.205663e+02 3.932242e+02 1.761848e+02
    endloop
  endfacet
  facet normal 0.000000e+00 0.000000e+00 1.000000e+00
    outer loop
      vertex   -1.205663e+02 3.932242e+02 1.761848e+02
      vertex   -1.195807e+02 3.936490e+02 1.761848e+02
      vertex   -1.205457e+02 3.933371e+02 1.761848e+02
    endloop
  endfacet
  facet normal 0.000000e+00 0.000000e+00 1.000000e+00
    outer loop
      vertex   -1.205457e+02 3.933371e+02 1.761848e+02
      vertex   -1.195807e+02 3.936490e+02 1.761848e+02
      vertex   -1.205387e+02 3.934516e+02 1.761848e+02
    endloop
  endfacet
  facet normal 0.000000e+00 -0.000000e+00 1.000000e+00
    outer loop
      vertex   -1.205387e+02 3.934516e+02 1.761848e+02
      vertex   -1.195807e+02 3.936490e+02 1.761848e+02
      vertex   -1.205457e+02 3.935661e+02 1.761848e+02
    endloop
  endfacet
  facet normal 0.000000e+00 -0.000000e+00 1.000000e+00
    outer loop
      vertex   -1.205457e+02 3.935661e+02 1.761848e+02
      vertex   -1.195807e+02 3.936490e+02 1.761848e+02
      vertex   -1.205663e+02 3.936789e+02 1.761848e+02
    endloop
  endfacet
  facet normal -0.000000e+00 0.000000e+00 1.000000e+00
    outer loop
      vertex   -1.205663e+02 3.936789e+02 1.761848e+02
      vertex   -1.195807e+02 3.936490e+02 1.761848e+02
      vertex   -1.195878e+02 3.938012e+02 1.761848e+02
    endloop
  endfacet
  facet normal 0.000000e+00 -0.000000e+00 1.000000e+00
    outer loop
      vertex   -1.205663e+02 3.936789e+02 1.761848e+02
      vertex   -1.195878e+02 3.938012e+02 1.761848e+02
      vertex   -1.206005e+02 3.937885e+02 1.761848e+02
    endloop
  endfacet
  facet normal 0.000000e+00 0.000000e+00 1.000000e+00
    outer loop
      vertex   -1.206005e+02 3.937885e+02 1.761848e+02
      vertex   -1.195878e+02 3.938012e+02 1.761848e+02
      vertex   -1.196081e+02 3.939522e+02 1.761848e+02
    endloop
  endfacet
  facet normal 0.000000e+00 -0.000000e+00 1.000000e+00
    outer loop
      vertex   -1.206005e+02 3.937885e+02 1.761848e+02
      vertex   -1.196081e+02 3.939522e+02 1.761848e+02
      vertex   -1.206475e+02 3.938931e+02 1.761848e+02
    endloop
  endfacet
  facet normal 0.000000e+00 0.000000e+00 1.000000e+00
    outer loop
      vertex   -1.206475e+02 3.938931e+02 1.761848e+02
      vertex   -1.196081e+02 3.939522e+02 1.761848e+02
      vertex   -1.196415e+02 3.941008e+02 1.761848e+02
    endloop
  endfacet
  facet normal 0.000000e+00 -0.000000e+00 1.000000e+00
    outer loop
      vertex   -1.206475e+02 3.938931e+02 1.761848e+02
      vertex   -1.196415e+02 3.941008e+02 1.761848e+02
      vertex   -1.207069e+02 3.939913e+02 1.761848e+02
    endloop
  endfacet
  facet normal 0.000000e+00 0.000000e+00 1.000000e+00
    outer loop
      vertex   -1.207069e+02 3.939913e+02 1.761848e+02
      vertex   -1.196415e+02 3.941008e+02 1.761848e+02
      vertex   -1.196877e+02 3.942460e+02 1.761848e+02
    endloop
  endfacet
  facet normal 0.000000e+00 -0.000000e+00 1.000000e+00
    outer loop
      vertex   -1.207069e+02 3.939913e+02 1.761848e+02
      vertex   -1.196877e+02 3.942460e+02 1.761848e+02
      vertex   -1.207776e+02 3.940816e+02 1.761848e+02
    endloop
  endfacet
  facet normal 0.000000e+00 0.000000e+00 1.000000e+00
    outer loop
      vertex   -1.207776e+02 3.940816e+02 1.761848e+02
      vertex   -1.196877e+02 3.942460e+02 1.761848e+02
      vertex   -1.197463e+02 3.943866e+02 1.761848e+02
    endloop
  endfacet
  facet normal 0.000000e+00 -0.000000e+00 1.000000e+00
    outer loop
      vertex   -1.207776e+02 3.940816e+02 1.761848e+02
      vertex   -1.197463e+02 3.943866e+02 1.761848e+02
      vertex   -1.208588e+02 3.941627e+02 1.761848e+02
    endloop
  endfacet
  facet normal 0.000000e+00 0.000000e+00 1.000000e+00
    outer loop
      vertex   -1.208588e+02 3.941627e+02 1.761848e+02
      vertex   -1.197463e+02 3.943866e+02 1.761848e+02
      vertex   -1.198170e+02 3.945216e+02 1.761848e+02
    endloop
  endfacet
  facet normal 0.000000e+00 0.000000e+00 1.000000e+00
    outer loop
      vertex   -1.208588e+02 3.941627e+02 1.761848e+02
      vertex   -1.198170e+02 3.945216e+02 1.761848e+02
      vertex   -1.198991e+02 3.946499e+02 1.761848e+02
    endloop
  endfacet
  facet normal 0.000000e+00 0.000000e+00 1.000000e+00
    outer loop
      vertex   -1.254856e+02 3.928225e+02 1.761848e+02
      vertex   -1.254856e+02 3.854208e+02 1.761848e+02
      vertex   -1.203251e+02 3.886601e+02 1.761848e+02
    endloop
  endfacet
  facet normal -5.895513e-15 9.391823e-15 1.000000e+00
    outer loop
      vertex   -1.203251e+02 3.886601e+02 1.761848e+02
      vertex   -1.254856e+02 3.854208e+02 1.761848e+02
      vertex   -1.210743e+02 3.851636e+02 1.761848e+02
    endloop
  endfacet
  facet normal 8.355294e-15 2.538423e-13 1.000000e+00
    outer loop
      vertex   -1.210743e+02 3.851636e+02 1.761848e+02
      vertex   -1.254856e+02 3.854208e+02 1.761848e+02
      vertex   -1.254918e+02 3.851970e+02 1.761848e+02
    endloop
  endfacet
  facet normal 5.617776e-15 -1.078208e-13 1.000000e+00
    outer loop
      vertex   -1.210743e+02 3.851636e+02 1.761848e+02
      vertex   -1.254918e+02 3.851970e+02 1.761848e+02
      vertex   -1.211354e+02 3.848968e+02 1.761848e+02
    endloop
  endfacet
  facet normal 1.297299e-14 -1.091531e-15 1.000000e+00
    outer loop
      vertex   -1.211354e+02 3.848968e+02 1.761848e+02
      vertex   -1.254918e+02 3.851970e+02 1.761848e+02
      vertex   -1.255106e+02 3.849740e+02 1.761848e+02
    endloop
  endfacet
  facet normal 1.293309e-14 -3.352853e-15 1.000000e+00
    outer loop
      vertex   -1.211354e+02 3.848968e+02 1.761848e+02
      vertex   -1.255106e+02 3.849740e+02 1.761848e+02
      vertex   -1.212031e+02 3.846355e+02 1.761848e+02
    endloop
  endfacet
  facet normal 4.365439e-15 -1.123798e-13 1.000000e+00
    outer loop
      vertex   -1.212031e+02 3.846355e+02 1.761848e+02
      vertex   -1.255106e+02 3.849740e+02 1.761848e+02
      vertex   -1.212775e+02 3.843797e+02 1.761848e+02
    endloop
  endfacet
  facet normal 1.975229e-14 -2.781550e-15 1.000000e+00
    outer loop
      vertex   -1.212775e+02 3.843797e+02 1.761848e+02
      vertex   -1.255106e+02 3.849740e+02 1.761848e+02
      vertex   -1.255418e+02 3.847524e+02 1.761848e+02
    endloop
  endfacet
  facet normal 2.909567e-14 1.041316e-13 1.000000e+00
    outer loop
      vertex   -1.212775e+02 3.843797e+02 1.761848e+02
      vertex   -1.255418e+02 3.847524e+02 1.761848e+02
      vertex   -1.213586e+02 3.841294e+02 1.761848e+02
    endloop
  endfacet
  facet normal 1.319867e-14 -2.618694e-15 1.000000e+00
    outer loop
      vertex   -1.213586e+02 3.841294e+02 1.761848e+02
      vertex   -1.255418e+02 3.847524e+02 1.761848e+02
      vertex   -1.255853e+02 3.845328e+02 1.761848e+02
    endloop
  endfacet
  facet normal 1.299789e-14 -4.722269e-15 1.000000e+00
    outer loop
      vertex   -1.213586e+02 3.841294e+02 1.761848e+02
      vertex   -1.255853e+02 3.845328e+02 1.761848e+02
      vertex   -1.214116e+02 3.839835e+02 1.761848e+02
    endloop
  endfacet
  facet normal 1.292460e-14 -5.279172e-15 1.000000e+00
    outer loop
      vertex   -1.214116e+02 3.839835e+02 1.761848e+02
      vertex   -1.255853e+02 3.845328e+02 1.761848e+02
      vertex   -1.214704e+02 3.838397e+02 1.761848e+02
    endloop
  endfacet
  facet normal 1.324002e-14 -3.406455e-15 1.000000e+00
    outer loop
      vertex   -1.214704e+02 3.838397e+02 1.761848e+02
      vertex   -1.255853e+02 3.845328e+02 1.761848e+02
      vertex   -1.256411e+02 3.843161e+02 1.761848e+02
    endloop
  endfacet
  facet normal 1.295622e-14 -5.891388e-15 1.000000e+00
    outer loop
      vertex   -1.214704e+02 3.838397e+02 1.761848e+02
      vertex   -1.256411e+02 3.843161e+02 1.761848e+02
      vertex   -1.215347e+02 3.836984e+02 1.761848e+02
    endloop
  endfacet
  facet normal 1.286992e-14 -6.465037e-15 1.000000e+00
    outer loop
      vertex   -1.215347e+02 3.836984e+02 1.761848e+02
      vertex   -1.256411e+02 3.843161e+02 1.761848e+02
      vertex   -1.216044e+02 3.835596e+02 1.761848e+02
    endloop
  endfacet
  facet normal -1.027867e-14 -1.299827e-13 1.000000e+00
    outer loop
      vertex   -1.216044e+02 3.835596e+02 1.761848e+02
      vertex   -1.256411e+02 3.843161e+02 1.761848e+02
      vertex   -1.257089e+02 3.841028e+02 1.761848e+02
    endloop
  endfacet
  facet normal 6.453333e-15 -3.559753e-15 1.000000e+00
    outer loop
      vertex   -1.216044e+02 3.835596e+02 1.761848e+02
      vertex   -1.257089e+02 3.841028e+02 1.761848e+02
      vertex   -1.216794e+02 3.834235e+02 1.761848e+02
    endloop
  endfacet
  facet normal -2.628632e-14 -1.977780e-13 1.000000e+00
    outer loop
      vertex   -1.216794e+02 3.834235e+02 1.761848e+02
      vertex   -1.257089e+02 3.841028e+02 1.761848e+02
      vertex   -1.217596e+02 3.832905e+02 1.761848e+02
    endloop
  endfacet
  facet normal 5.234198e-14 1.845004e-13 1.000000e+00
    outer loop
      vertex   -1.217596e+02 3.832905e+02 1.761848e+02
      vertex   -1.257089e+02 3.841028e+02 1.761848e+02
      vertex   -1.218449e+02 3.831606e+02 1.761848e+02
    endloop
  endfacet
  facet normal 6.730688e-15 -2.562264e-15 1.000000e+00
    outer loop
      vertex   -1.218449e+02 3.831606e+02 1.761848e+02
      vertex   -1.257089e+02 3.841028e+02 1.761848e+02
      vertex   -1.257885e+02 3.838936e+02 1.761848e+02
    endloop
  endfacet
  facet normal 4.324501e-14 1.938925e-13 1.000000e+00
    outer loop
      vertex   -1.218449e+02 3.831606e+02 1.761848e+02
      vertex   -1.257885e+02 3.838936e+02 1.761848e+02
      vertex   -1.219350e+02 3.830342e+02 1.761848e+02
    endloop
  endfacet
  facet normal -4.400213e-14 -1.972871e-13 1.000000e+00
    outer loop
      vertex   -1.219350e+02 3.830342e+02 1.761848e+02
      vertex   -1.257885e+02 3.838936e+02 1.761848e+02
      vertex   -1.220300e+02 3.829113e+02 1.761848e+02
    endloop
  endfacet
  facet normal -4.498060e-14 -2.010308e-13 1.000000e+00
    outer loop
      vertex   -1.220300e+02 3.829113e+02 1.761848e+02
      vertex   -1.257885e+02 3.838936e+02 1.761848e+02
      vertex   -1.221296e+02 3.827922e+02 1.761848e+02
    endloop
  endfacet
  facet normal 1.369575e-14 -6.111302e-15 1.000000e+00
    outer loop
      vertex   -1.221296e+02 3.827922e+02 1.761848e+02
      vertex   -1.257885e+02 3.838936e+02 1.761848e+02
      vertex   -1.258797e+02 3.836892e+02 1.761848e+02
    endloop
  endfacet
  facet normal 6.102077e-14 1.917304e-13 1.000000e+00
    outer loop
      vertex   -1.221296e+02 3.827922e+02 1.761848e+02
      vertex   -1.258797e+02 3.836892e+02 1.761848e+02
      vertex   -1.222337e+02 3.826771e+02 1.761848e+02
    endloop
  endfacet
  facet normal 6.130294e-15 -5.997458e-15 1.000000e+00
    outer loop
      vertex   -1.222337e+02 3.826771e+02 1.761848e+02
      vertex   -1.258797e+02 3.836892e+02 1.761848e+02
      vertex   -1.223422e+02 3.825662e+02 1.761848e+02
    endloop
  endfacet
  facet normal 6.013250e-15 -6.366136e-15 1.000000e+00
    outer loop
      vertex   -1.223422e+02 3.825662e+02 1.761848e+02
      vertex   -1.258797e+02 3.836892e+02 1.761848e+02
      vertex   -1.224550e+02 3.824597e+02 1.761848e+02
    endloop
  endfacet
  facet normal 7.003609e-15 -3.607658e-15 1.000000e+00
    outer loop
      vertex   -1.224550e+02 3.824597e+02 1.761848e+02
      vertex   -1.258797e+02 3.836892e+02 1.761848e+02
      vertex   -1.259822e+02 3.834903e+02 1.761848e+02
    endloop
  endfacet
  facet normal 6.035210e-15 -6.922012e-15 1.000000e+00
    outer loop
      vertex   -1.224550e+02 3.824597e+02 1.761848e+02
      vertex   -1.259822e+02 3.834903e+02 1.761848e+02
      vertex   -1.225718e+02 3.823577e+02 1.761848e+02
    endloop
  endfacet
  facet normal 5.897610e-15 -7.336370e-15 1.000000e+00
    outer loop
      vertex   -1.225718e+02 3.823577e+02 1.761848e+02
      vertex   -1.259822e+02 3.834903e+02 1.761848e+02
      vertex   -1.226927e+02 3.822606e+02 1.761848e+02
    endloop
  endfacet
  facet normal 5.742194e-15 -7.752133e-15 1.000000e+00
    outer loop
      vertex   -1.226927e+02 3.822606e+02 1.761848e+02
      vertex   -1.259822e+02 3.834903e+02 1.761848e+02
      vertex   -1.228173e+02 3.821683e+02 1.761848e+02
    endloop
  endfacet
  facet normal -4.219013e-14 -1.225089e-13 1.000000e+00
    outer loop
      vertex   -1.228173e+02 3.821683e+02 1.761848e+02
      vertex   -1.259822e+02 3.834903e+02 1.761848e+02
      vertex   -1.260957e+02 3.832973e+02 1.761848e+02
    endloop
  endfacet
  facet normal 0.000000e+00 0.000000e+00 1.000000e+00
    outer loop
      vertex   -1.228173e+02 3.821683e+02 1.761848e+02
      vertex   -1.260957e+02 3.832973e+02 1.761848e+02
      vertex   -1.229454e+02 3.820810e+02 1.761848e+02
    endloop
  endfacet
  facet normal 0.000000e+00 0.000000e+00 1.000000e+00
    outer loop
      vertex   -1.229454e+02 3.820810e+02 1.761848e+02
      vertex   -1.260957e+02 3.832973e+02 1.761848e+02
      vertex   -1.230769e+02 3.819986e+02 1.761848e+02
    endloop
  endfacet
  facet normal 0.000000e+00 0.000000e+00 1.000000e+00
    outer loop
      vertex   -1.230769e+02 3.819986e+02 1.761848e+02
      vertex   -1.260957e+02 3.832973e+02 1.761848e+02
      vertex   -1.232114e+02 3.819214e+02 1.761848e+02
    endloop
  endfacet
  facet normal 0.000000e+00 0.000000e+00 1.000000e+00
    outer loop
      vertex   -1.232114e+02 3.819214e+02 1.761848e+02
      vertex   -1.260957e+02 3.832973e+02 1.761848e+02
      vertex   -1.233489e+02 3.818494e+02 1.761848e+02
    endloop
  endfacet
  facet normal 0.000000e+00 0.000000e+00 1.000000e+00
    outer loop
      vertex   -1.233489e+02 3.818494e+02 1.761848e+02
      vertex   -1.260957e+02 3.832973e+02 1.761848e+02
      vertex   -1.234890e+02 3.817826e+02 1.761848e+02
    endloop
  endfacet
  facet normal 0.000000e+00 0.000000e+00 1.000000e+00
    outer loop
      vertex   -1.234890e+02 3.817826e+02 1.761848e+02
      vertex   -1.260957e+02 3.832973e+02 1.761848e+02
      vertex   -1.236315e+02 3.817212e+02 1.761848e+02
    endloop
  endfacet
  facet normal 0.000000e+00 0.000000e+00 1.000000e+00
    outer loop
      vertex   -1.236315e+02 3.817212e+02 1.761848e+02
      vertex   -1.260957e+02 3.832973e+02 1.761848e+02
      vertex   -1.237763e+02 3.816653e+02 1.761848e+02
    endloop
  endfacet
  facet normal -1.300954e-13 -1.848810e-13 1.000000e+00
    outer loop
      vertex   -1.237763e+02 3.816653e+02 1.761848e+02
      vertex   -1.260957e+02 3.832973e+02 1.761848e+02
      vertex   -1.239232e+02 3.816149e+02 1.761848e+02
    endloop
  endfacet
  facet normal 1.413176e-13 1.655865e-13 1.000000e+00
    outer loop
      vertex   -1.239232e+02 3.816149e+02 1.761848e+02
      vertex   -1.260957e+02 3.832973e+02 1.761848e+02
      vertex   -1.240718e+02 3.815701e+02 1.761848e+02
    endloop
  endfacet
  facet normal 0.000000e+00 0.000000e+00 1.000000e+00
    outer loop
      vertex   -1.240718e+02 3.815701e+02 1.761848e+02
      vertex   -1.260957e+02 3.832973e+02 1.761848e+02
      vertex   -1.242220e+02 3.815310e+02 1.761848e+02
    endloop
  endfacet
  facet normal 0.000000e+00 0.000000e+00 1.000000e+00
    outer loop
      vertex   -1.242220e+02 3.815310e+02 1.761848e+02
      vertex   -1.260957e+02 3.832973e+02 1.761848e+02
      vertex   -1.243736e+02 3.814976e+02 1.761848e+02
    endloop
  endfacet
  facet normal 0.000000e+00 0.000000e+00 1.000000e+00
    outer loop
      vertex   -1.243736e+02 3.814976e+02 1.761848e+02
      vertex   -1.260957e+02 3.832973e+02 1.761848e+02
      vertex   -1.245263e+02 3.814702e+02 1.761848e+02
    endloop
  endfacet
  facet normal 0.000000e+00 0.000000e+00 1.000000e+00
    outer loop
      vertex   -1.245263e+02 3.814702e+02 1.761848e+02
      vertex   -1.260957e+02 3.832973e+02 1.761848e+02
      vertex   -1.246800e+02 3.814487e+02 1.761848e+02
    endloop
  endfacet
  facet normal 0.000000e+00 0.000000e+00 1.000000e+00
    outer loop
      vertex   -1.246800e+02 3.814487e+02 1.761848e+02
      vertex   -1.260957e+02 3.832973e+02 1.761848e+02
      vertex   -1.248344e+02 3.814332e+02 1.761848e+02
    endloop
  endfacet
  facet normal 0.000000e+00 0.000000e+00 1.000000e+00
    outer loop
      vertex   -1.248344e+02 3.814332e+02 1.761848e+02
      vertex   -1.260957e+02 3.832973e+02 1.761848e+02
      vertex   -1.249893e+02 3.814239e+02 1.761848e+02
    endloop
  endfacet
  facet normal 0.000000e+00 0.000000e+00 1.000000e+00
    outer loop
      vertex   -1.249893e+02 3.814239e+02 1.761848e+02
      vertex   -1.260957e+02 3.832973e+02 1.761848e+02
      vertex   -1.251445e+02 3.814208e+02 1.761848e+02
    endloop
  endfacet
  facet normal 0.000000e+00 0.000000e+00 1.000000e+00
    outer loop
      vertex   -1.251445e+02 3.814208e+02 1.761848e+02
      vertex   -1.260957e+02 3.832973e+02 1.761848e+02
      vertex   -1.262469e+02 3.833131e+02 1.761848e+02
    endloop
  endfacet
  facet normal 0.000000e+00 0.000000e+00 1.000000e+00
    outer loop
      vertex   -1.251445e+02 3.814208e+02 1.761848e+02
      vertex   -1.262469e+02 3.833131e+02 1.761848e+02
      vertex   -1.263963e+02 3.833415e+02 1.761848e+02
    endloop
  endfacet
  facet normal 0.000000e+00 0.000000e+00 1.000000e+00
    outer loop
      vertex   -1.263963e+02 3.833415e+02 1.761848e+02
      vertex   -1.265428e+02 3.833824e+02 1.761848e+02
      vertex   -1.251445e+02 3.814208e+02 1.761848e+02
    endloop
  endfacet
  facet normal 0.000000e+00 0.000000e+00 1.000000e+00
    outer loop
      vertex   -1.251445e+02 3.814208e+02 1.761848e+02
      vertex   -1.265428e+02 3.833824e+02 1.761848e+02
      vertex   -1.266853e+02 3.834356e+02 1.761848e+02
    endloop
  endfacet
  facet normal 0.000000e+00 0.000000e+00 1.000000e+00
    outer loop
      vertex   -1.251445e+02 3.814208e+02 1.761848e+02
      vertex   -1.266853e+02 3.834356e+02 1.761848e+02
      vertex   -1.268227e+02 3.835005e+02 1.761848e+02
    endloop
  endfacet
  facet normal 0.000000e+00 0.000000e+00 1.000000e+00
    outer loop
      vertex   -1.251445e+02 3.814208e+02 1.761848e+02
      vertex   -1.268227e+02 3.835005e+02 1.761848e+02
      vertex   -1.350531e+02 3.814208e+02 1.761848e+02
    endloop
  endfacet
  facet normal 0.000000e+00 0.000000e+00 1.000000e+00
    outer loop
      vertex   -1.350531e+02 3.814208e+02 1.761848e+02
      vertex   -1.268227e+02 3.835005e+02 1.761848e+02
      vertex   -1.269543e+02 3.835769e+02 1.761848e+02
    endloop
  endfacet
  facet normal 0.000000e+00 0.000000e+00 1.000000e+00
    outer loop
      vertex   -1.350531e+02 3.814208e+02 1.761848e+02
      vertex   -1.269543e+02 3.835769e+02 1.761848e+02
      vertex   -1.270788e+02 3.836641e+02 1.761848e+02
    endloop
  endfacet
  facet normal 0.000000e+00 0.000000e+00 1.000000e+00
    outer loop
      vertex   -1.270788e+02 3.836641e+02 1.761848e+02
      vertex   -1.271956e+02 3.837615e+02 1.761848e+02
      vertex   -1.350531e+02 3.814208e+02 1.761848e+02
    endloop
  endfacet
  facet normal 0.000000e+00 0.000000e+00 1.000000e+00
    outer loop
      vertex   -1.350531e+02 3.814208e+02 1.761848e+02
      vertex   -1.271956e+02 3.837615e+02 1.761848e+02
      vertex   -1.344898e+02 3.835079e+02 1.761848e+02
    endloop
  endfacet
  facet normal 0.000000e+00 0.000000e+00 1.000000e+00
    outer loop
      vertex   -1.350531e+02 3.814208e+02 1.761848e+02
      vertex   -1.344898e+02 3.835079e+02 1.761848e+02
      vertex   -1.345921e+02 3.833982e+02 1.761848e+02
    endloop
  endfacet
  facet normal 0.000000e+00 0.000000e+00 1.000000e+00
    outer loop
      vertex   -1.271956e+02 3.837615e+02 1.761848e+02
      vertex   -1.273038e+02 3.838684e+02 1.761848e+02
      vertex   -1.344898e+02 3.835079e+02 1.761848e+02
    endloop
  endfacet
  facet normal 1.248056e-14 -2.488203e-13 1.000000e+00
    outer loop
      vertex   -1.344898e+02 3.835079e+02 1.761848e+02
      vertex   -1.273038e+02 3.838684e+02 1.761848e+02
      vertex   -1.343983e+02 3.836267e+02 1.761848e+02
    endloop
  endfacet
  facet normal 3.892938e-15 3.324035e-15 1.000000e+00
    outer loop
      vertex   -1.343983e+02 3.836267e+02 1.761848e+02
      vertex   -1.273038e+02 3.838684e+02 1.761848e+02
      vertex   -1.274025e+02 3.839840e+02 1.761848e+02
    endloop
  endfacet
  facet normal 4.197904e-15 -2.647533e-15 1.000000e+00
    outer loop
      vertex   -1.343983e+02 3.836267e+02 1.761848e+02
      vertex   -1.274025e+02 3.839840e+02 1.761848e+02
      vertex   -1.343183e+02 3.837536e+02 1.761848e+02
    endloop
  endfacet
  facet normal 4.013783e-15 2.878989e-15 1.000000e+00
    outer loop
      vertex   -1.343183e+02 3.837536e+02 1.761848e+02
      vertex   -1.274025e+02 3.839840e+02 1.761848e+02
      vertex   -1.274912e+02 3.841076e+02 1.761848e+02
    endloop
  endfacet
  facet normal 4.275342e-15 -2.165785e-15 1.000000e+00
    outer loop
      vertex   -1.343183e+02 3.837536e+02 1.761848e+02
      vertex   -1.274912e+02 3.841076e+02 1.761848e+02
      vertex   -1.342505e+02 3.838874e+02 1.761848e+02
    endloop
  endfacet
  facet normal 4.124680e-15 2.459694e-15 1.000000e+00
    outer loop
      vertex   -1.342505e+02 3.838874e+02 1.761848e+02
      vertex   -1.274912e+02 3.841076e+02 1.761848e+02
      vertex   -1.275690e+02 3.842382e+02 1.761848e+02
    endloop
  endfacet
  facet normal 4.343604e-15 -1.710338e-15 1.000000e+00
    outer loop
      vertex   -1.342505e+02 3.838874e+02 1.761848e+02
      vertex   -1.275690e+02 3.842382e+02 1.761848e+02
      vertex   -1.341956e+02 3.840270e+02 1.761848e+02
    endloop
  endfacet
  facet normal 4.223526e-15 2.056968e-15 1.000000e+00
    outer loop
      vertex   -1.341956e+02 3.840270e+02 1.761848e+02
      vertex   -1.275690e+02 3.842382e+02 1.761848e+02
      vertex   -1.276356e+02 3.843749e+02 1.761848e+02
    endloop
  endfacet
  facet normal 4.400068e-15 -1.271629e-15 1.000000e+00
    outer loop
      vertex   -1.341956e+02 3.840270e+02 1.761848e+02
      vertex   -1.276356e+02 3.843749e+02 1.761848e+02
      vertex   -1.341539e+02 3.841710e+02 1.761848e+02
    endloop
  endfacet
  facet normal 4.308250e-15 1.664616e-15 1.000000e+00
    outer loop
      vertex   -1.341539e+02 3.841710e+02 1.761848e+02
      vertex   -1.276356e+02 3.843749e+02 1.761848e+02
      vertex   -1.276904e+02 3.845167e+02 1.761848e+02
    endloop
  endfacet
  facet normal 4.442366e-15 -8.431099e-16 1.000000e+00
    outer loop
      vertex   -1.341539e+02 3.841710e+02 1.761848e+02
      vertex   -1.276904e+02 3.845167e+02 1.761848e+02
      vertex   -1.341259e+02 3.843184e+02 1.761848e+02
    endloop
  endfacet
  facet normal 4.366618e-15 1.614999e-15 1.000000e+00
    outer loop
      vertex   -1.341259e+02 3.843184e+02 1.761848e+02
      vertex   -1.276904e+02 3.845167e+02 1.761848e+02
      vertex   -1.277666e+02 3.847226e+02 1.761848e+02
    endloop
  endfacet
  facet normal 4.496152e-15 -4.228845e-16 1.000000e+00
    outer loop
      vertex   -1.341259e+02 3.843184e+02 1.761848e+02
      vertex   -1.277666e+02 3.847226e+02 1.761848e+02
      vertex   -1.341119e+02 3.844677e+02 1.761848e+02
    endloop
  endfacet
  facet normal 4.402340e-15 1.912530e-15 1.000000e+00
    outer loop
      vertex   -1.341119e+02 3.844677e+02 1.761848e+02
      vertex   -1.277666e+02 3.847226e+02 1.761848e+02
      vertex   -1.278541e+02 3.849240e+02 1.761848e+02
    endloop
  endfacet
  facet normal 4.381352e-15 2.200395e-15 1.000000e+00
    outer loop
      vertex   -1.341119e+02 3.844677e+02 1.761848e+02
      vertex   -1.278541e+02 3.849240e+02 1.761848e+02
      vertex   -1.279526e+02 3.851202e+02 1.761848e+02
    endloop
  endfacet
  facet normal 4.349992e-15 2.496456e-15 1.000000e+00
    outer loop
      vertex   -1.279526e+02 3.851202e+02 1.761848e+02
      vertex   -1.280619e+02 3.853106e+02 1.761848e+02
      vertex   -1.341119e+02 3.844677e+02 1.761848e+02
    endloop
  endfacet
  facet normal 4.697774e-15 -0.000000e+00 1.000000e+00
    outer loop
      vertex   -1.341119e+02 3.844677e+02 1.761848e+02
      vertex   -1.280619e+02 3.853106e+02 1.761848e+02
      vertex   -1.341119e+02 3.846177e+02 1.761848e+02
    endloop
  endfacet
  facet normal 4.372168e-15 2.843259e-15 1.000000e+00
    outer loop
      vertex   -1.341119e+02 3.846177e+02 1.761848e+02
      vertex   -1.280619e+02 3.853106e+02 1.761848e+02
      vertex   -1.281815e+02 3.854946e+02 1.761848e+02
    endloop
  endfacet
  facet normal 4.324251e-15 3.167322e-15 1.000000e+00
    outer loop
      vertex   -1.341119e+02 3.846177e+02 1.761848e+02
      vertex   -1.281815e+02 3.854946e+02 1.761848e+02
      vertex   -1.283113e+02 3.856717e+02 1.761848e+02
    endloop
  endfacet
  facet normal 4.817433e-15 4.531026e-16 1.000000e+00
    outer loop
      vertex   -1.341119e+02 3.846177e+02 1.761848e+02
      vertex   -1.283113e+02 3.856717e+02 1.761848e+02
      vertex   -1.341259e+02 3.847671e+02 1.761848e+02
    endloop
  endfacet
  facet normal 4.333946e-15 3.560698e-15 1.000000e+00
    outer loop
      vertex   -1.341259e+02 3.847671e+02 1.761848e+02
      vertex   -1.283113e+02 3.856717e+02 1.761848e+02
      vertex   -1.284506e+02 3.858414e+02 1.761848e+02
    endloop
  endfacet
  facet normal 4.265698e-15 3.921245e-15 1.000000e+00
    outer loop
      vertex   -1.341259e+02 3.847671e+02 1.761848e+02
      vertex   -1.284506e+02 3.858414e+02 1.761848e+02
      vertex   -1.285992e+02 3.860030e+02 1.761848e+02
    endloop
  endfacet
  facet normal 4.181771e-15 4.296549e-15 1.000000e+00
    outer loop
      vertex   -1.285992e+02 3.860030e+02 1.761848e+02
      vertex   -1.287565e+02 3.861561e+02 1.761848e+02
      vertex   -1.341259e+02 3.847671e+02 1.761848e+02
    endloop
  endfacet
  facet normal 5.045538e-15 9.575849e-16 1.000000e+00
    outer loop
      vertex   -1.341259e+02 3.847671e+02 1.761848e+02
      vertex   -1.287565e+02 3.861561e+02 1.761848e+02
      vertex   -1.341539e+02 3.849144e+02 1.761848e+02
    endloop
  endfacet
  facet normal 4.165102e-15 4.784727e-15 1.000000e+00
    outer loop
      vertex   -1.341539e+02 3.849144e+02 1.761848e+02
      vertex   -1.287565e+02 3.861561e+02 1.761848e+02
      vertex   -1.289221e+02 3.863002e+02 1.761848e+02
    endloop
  endfacet
  facet normal 4.051644e-15 5.213060e-15 1.000000e+00
    outer loop
      vertex   -1.341539e+02 3.849144e+02 1.761848e+02
      vertex   -1.289221e+02 3.863002e+02 1.761848e+02
      vertex   -1.290955e+02 3.864350e+02 1.761848e+02
    endloop
  endfacet
  facet normal 3.916532e-15 5.662546e-15 1.000000e+00
    outer loop
      vertex   -1.290955e+02 3.864350e+02 1.761848e+02
      vertex   -1.292760e+02 3.865598e+02 1.761848e+02
      vertex   -1.341539e+02 3.849144e+02 1.761848e+02
    endloop
  endfacet
  facet normal 5.309063e-15 1.534330e-15 1.000000e+00
    outer loop
      vertex   -1.341539e+02 3.849144e+02 1.761848e+02
      vertex   -1.292760e+02 3.865598e+02 1.761848e+02
      vertex   -1.341956e+02 3.850585e+02 1.761848e+02
    endloop
  endfacet
  facet normal 3.963322e-15 5.944071e-15 1.000000e+00
    outer loop
      vertex   -1.341956e+02 3.850585e+02 1.761848e+02
      vertex   -1.292760e+02 3.865598e+02 1.761848e+02
      vertex   -1.298097e+02 3.869157e+02 1.761848e+02
    endloop
  endfacet
  facet normal 5.554212e-15 2.187027e-15 1.000000e+00
    outer loop
      vertex   -1.341956e+02 3.850585e+02 1.761848e+02
      vertex   -1.298097e+02 3.869157e+02 1.761848e+02
      vertex   -1.342505e+02 3.851981e+02 1.761848e+02
    endloop
  endfacet
  facet normal 5.351563e-15 2.710972e-15 1.000000e+00
    outer loop
      vertex   -1.342505e+02 3.851981e+02 1.761848e+02
      vertex   -1.298097e+02 3.869157e+02 1.761848e+02
      vertex   -1.343183e+02 3.853319e+02 1.761848e+02
    endloop
  endfacet
  facet normal 5.160572e-15 3.254669e-15 1.000000e+00
    outer loop
      vertex   -1.343183e+02 3.853319e+02 1.761848e+02
      vertex   -1.298097e+02 3.869157e+02 1.761848e+02
      vertex   -1.343983e+02 3.854588e+02 1.761848e+02
    endloop
  endfacet
  facet normal 4.257967e-15 6.097433e-15 1.000000e+00
    outer loop
      vertex   -1.343983e+02 3.854588e+02 1.761848e+02
      vertex   -1.298097e+02 3.869157e+02 1.761848e+02
      vertex   -1.303356e+02 3.872829e+02 1.761848e+02
    endloop
  endfacet
  facet normal -7.460126e-14 1.817294e-13 1.000000e+00
    outer loop
      vertex   -1.343983e+02 3.854588e+02 1.761848e+02
      vertex   -1.303356e+02 3.872829e+02 1.761848e+02
      vertex   -1.344898e+02 3.855776e+02 1.761848e+02
    endloop
  endfacet
  facet normal 0.000000e+00 -0.000000e+00 1.000000e+00
    outer loop
      vertex   -1.344898e+02 3.855776e+02 1.761848e+02
      vertex   -1.303356e+02 3.872829e+02 1.761848e+02
      vertex   -1.345921e+02 3.856873e+02 1.761848e+02
    endloop
  endfacet
  facet normal 0.000000e+00 0.000000e+00 1.000000e+00
    outer loop
      vertex   -1.345921e+02 3.856873e+02 1.761848e+02
      vertex   -1.303356e+02 3.872829e+02 1.761848e+02
      vertex   -1.308535e+02 3.876614e+02 1.761848e+02
    endloop
  endfacet
  facet normal 0.000000e+00 -0.000000e+00 1.000000e+00
    outer loop
      vertex   -1.345921e+02 3.856873e+02 1.761848e+02
      vertex   -1.308535e+02 3.876614e+02 1.761848e+02
      vertex   -1.347042e+02 3.857870e+02 1.761848e+02
    endloop
  endfacet
  facet normal 0.000000e+00 -0.000000e+00 1.000000e+00
    outer loop
      vertex   -1.347042e+02 3.857870e+02 1.761848e+02
      vertex   -1.308535e+02 3.876614e+02 1.761848e+02
      vertex   -1.348251e+02 3.858757e+02 1.761848e+02
    endloop
  endfacet
  facet normal 0.000000e+00 0.000000e+00 1.000000e+00
    outer loop
      vertex   -1.348251e+02 3.858757e+02 1.761848e+02
      vertex   -1.308535e+02 3.876614e+02 1.761848e+02
      vertex   -1.313631e+02 3.880509e+02 1.761848e+02
    endloop
  endfacet
  facet normal 0.000000e+00 -0.000000e+00 1.000000e+00
    outer loop
      vertex   -1.348251e+02 3.858757e+02 1.761848e+02
      vertex   -1.313631e+02 3.880509e+02 1.761848e+02
      vertex   -1.349538e+02 3.859527e+02 1.761848e+02
    endloop
  endfacet
  facet normal 0.000000e+00 -0.000000e+00 1.000000e+00
    outer loop
      vertex   -1.349538e+02 3.859527e+02 1.761848e+02
      vertex   -1.313631e+02 3.880509e+02 1.761848e+02
      vertex   -1.350892e+02 3.860173e+02 1.761848e+02
    endloop
  endfacet
  facet normal 0.000000e+00 -0.000000e+00 1.000000e+00
    outer loop
      vertex   -1.350892e+02 3.860173e+02 1.761848e+02
      vertex   -1.313631e+02 3.880509e+02 1.761848e+02
      vertex   -1.352300e+02 3.860690e+02 1.761848e+02
    endloop
  endfacet
  facet normal 0.000000e+00 -0.000000e+00 1.000000e+00
    outer loop
      vertex   -1.352300e+02 3.860690e+02 1.761848e+02
      vertex   -1.313631e+02 3.880509e+02 1.761848e+02
      vertex   -1.353750e+02 3.861073e+02 1.761848e+02
    endloop
  endfacet
  facet normal 0.000000e+00 -0.000000e+00 1.000000e+00
    outer loop
      vertex   -1.353750e+02 3.861073e+02 1.761848e+02
      vertex   -1.313631e+02 3.880509e+02 1.761848e+02
      vertex   -1.355230e+02 3.861318e+02 1.761848e+02
    endloop
  endfacet
  facet normal 0.000000e+00 -0.000000e+00 1.000000e+00
    outer loop
      vertex   -1.355230e+02 3.861318e+02 1.761848e+02
      vertex   -1.313631e+02 3.880509e+02 1.761848e+02
      vertex   -1.356726e+02 3.861423e+02 1.761848e+02
    endloop
  endfacet
  facet normal 0.000000e+00 -0.000000e+00 1.000000e+00
    outer loop
      vertex   -1.356726e+02 3.861423e+02 1.761848e+02
      vertex   -1.313631e+02 3.880509e+02 1.761848e+02
      vertex   -1.358226e+02 3.861388e+02 1.761848e+02
    endloop
  endfacet
  facet normal 0.000000e+00 -0.000000e+00 1.000000e+00
    outer loop
      vertex   -1.358226e+02 3.861388e+02 1.761848e+02
      vertex   -1.313631e+02 3.880509e+02 1.761848e+02
      vertex   -1.415862e+02 3.880509e+02 1.761848e+02
    endloop
  endfacet
  facet normal 0.000000e+00 0.000000e+00 1.000000e+00
    outer loop
      vertex   -1.358226e+02 3.861388e+02 1.761848e+02
      vertex   -1.415862e+02 3.880509e+02 1.761848e+02
      vertex   -1.359715e+02 3.861212e+02 1.761848e+02
    endloop
  endfacet
  facet normal 0.000000e+00 0.000000e+00 1.000000e+00
    outer loop
      vertex   -1.359715e+02 3.861212e+02 1.761848e+02
      vertex   -1.415862e+02 3.880509e+02 1.761848e+02
      vertex   -1.361182e+02 3.860898e+02 1.761848e+02
    endloop
  endfacet
  facet normal 0.000000e+00 0.000000e+00 1.000000e+00
    outer loop
      vertex   -1.361182e+02 3.860898e+02 1.761848e+02
      vertex   -1.415862e+02 3.880509e+02 1.761848e+02
      vertex   -1.362613e+02 3.860448e+02 1.761848e+02
    endloop
  endfacet
  facet normal 0.000000e+00 0.000000e+00 1.000000e+00
    outer loop
      vertex   -1.362613e+02 3.860448e+02 1.761848e+02
      vertex   -1.415862e+02 3.880509e+02 1.761848e+02
      vertex   -1.363995e+02 3.859866e+02 1.761848e+02
    endloop
  endfacet
  facet normal 0.000000e+00 0.000000e+00 1.000000e+00
    outer loop
      vertex   -1.363995e+02 3.859866e+02 1.761848e+02
      vertex   -1.415862e+02 3.880509e+02 1.761848e+02
      vertex   -1.365317e+02 3.859157e+02 1.761848e+02
    endloop
  endfacet
  facet normal 0.000000e+00 0.000000e+00 1.000000e+00
    outer loop
      vertex   -1.365317e+02 3.859157e+02 1.761848e+02
      vertex   -1.415862e+02 3.880509e+02 1.761848e+02
      vertex   -1.366567e+02 3.858327e+02 1.761848e+02
    endloop
  endfacet
  facet normal 0.000000e+00 0.000000e+00 1.000000e+00
    outer loop
      vertex   -1.366567e+02 3.858327e+02 1.761848e+02
      vertex   -1.415862e+02 3.880509e+02 1.761848e+02
      vertex   -1.367733e+02 3.857384e+02 1.761848e+02
    endloop
  endfacet
  facet normal 0.000000e+00 0.000000e+00 1.000000e+00
    outer loop
      vertex   -1.367733e+02 3.857384e+02 1.761848e+02
      vertex   -1.415862e+02 3.880509e+02 1.761848e+02
      vertex   -1.415862e+02 3.858902e+02 1.761848e+02
    endloop
  endfacet
  facet normal 0.000000e+00 0.000000e+00 1.000000e+00
    outer loop
      vertex   -1.367733e+02 3.857384e+02 1.761848e+02
      vertex   -1.415862e+02 3.858902e+02 1.761848e+02
      vertex   -1.368806e+02 3.856336e+02 1.761848e+02
    endloop
  endfacet
  facet normal 0.000000e+00 0.000000e+00 1.000000e+00
    outer loop
      vertex   -1.368806e+02 3.856336e+02 1.761848e+02
      vertex   -1.415862e+02 3.858902e+02 1.761848e+02
      vertex   -1.415146e+02 3.857642e+02 1.761848e+02
    endloop
  endfacet
  facet normal -6.838204e-15 -2.426511e-13 1.000000e+00
    outer loop
      vertex   -1.368806e+02 3.856336e+02 1.761848e+02
      vertex   -1.415146e+02 3.857642e+02 1.761848e+02
      vertex   -1.369776e+02 3.855192e+02 1.761848e+02
    endloop
  endfacet
  facet normal 6.476150e-15 3.922181e-15 1.000000e+00
    outer loop
      vertex   -1.369776e+02 3.855192e+02 1.761848e+02
      vertex   -1.415146e+02 3.857642e+02 1.761848e+02
      vertex   -1.414383e+02 3.856382e+02 1.761848e+02
    endloop
  endfacet
  facet normal 1.259933e-14 2.335105e-13 1.000000e+00
    outer loop
      vertex   -1.369776e+02 3.855192e+02 1.761848e+02
      vertex   -1.414383e+02 3.856382e+02 1.761848e+02
      vertex   -1.413573e+02 3.855121e+02 1.761848e+02
    endloop
  endfacet
  facet normal 1.299370e-14 -9.073090e-15 1.000000e+00
    outer loop
      vertex   -1.369776e+02 3.855192e+02 1.761848e+02
      vertex   -1.413573e+02 3.855121e+02 1.761848e+02
      vertex   -1.370635e+02 3.853963e+02 1.761848e+02
    endloop
  endfacet
  facet normal 1.348604e-14 9.173230e-15 1.000000e+00
    outer loop
      vertex   -1.370635e+02 3.853963e+02 1.761848e+02
      vertex   -1.413573e+02 3.855121e+02 1.761848e+02
      vertex   -1.412715e+02 3.853860e+02 1.761848e+02
    endloop
  endfacet
  facet normal 1.403492e-14 -2.151025e-13 1.000000e+00
    outer loop
      vertex   -1.370635e+02 3.853963e+02 1.761848e+02
      vertex   -1.412715e+02 3.853860e+02 1.761848e+02
      vertex   -1.411809e+02 3.852597e+02 1.761848e+02
    endloop
  endfacet
  facet normal 7.035065e-15 -3.988720e-15 1.000000e+00
    outer loop
      vertex   -1.370635e+02 3.853963e+02 1.761848e+02
      vertex   -1.411809e+02 3.852597e+02 1.761848e+02
      vertex   -1.371375e+02 3.852658e+02 1.761848e+02
    endloop
  endfacet
  facet normal 7.021184e-15 5.300355e-15 1.000000e+00
    outer loop
      vertex   -1.371375e+02 3.852658e+02 1.761848e+02
      vertex   -1.411809e+02 3.852597e+02 1.761848e+02
      vertex   -1.410856e+02 3.851335e+02 1.761848e+02
    endloop
  endfacet
  facet normal -3.320780e-16 2.246925e-13 1.000000e+00
    outer loop
      vertex   -1.371375e+02 3.852658e+02 1.761848e+02
      vertex   -1.410856e+02 3.851335e+02 1.761848e+02
      vertex   -1.409854e+02 3.850071e+02 1.761848e+02
    endloop
  endfacet
  facet normal 1.523196e-14 -6.838838e-15 1.000000e+00
    outer loop
      vertex   -1.371375e+02 3.852658e+02 1.761848e+02
      vertex   -1.409854e+02 3.850071e+02 1.761848e+02
      vertex   -1.371989e+02 3.851289e+02 1.761848e+02
    endloop
  endfacet
  facet normal 2.871554e-14 -4.258906e-13 1.000000e+00
    outer loop
      vertex   -1.371989e+02 3.851289e+02 1.761848e+02
      vertex   -1.409854e+02 3.850071e+02 1.761848e+02
      vertex   -1.408805e+02 3.848807e+02 1.761848e+02
    endloop
  endfacet
  facet normal 0.000000e+00 0.000000e+00 1.000000e+00
    outer loop
      vertex   -1.371989e+02 3.851289e+02 1.761848e+02
      vertex   -1.408805e+02 3.848807e+02 1.761848e+02
      vertex   -1.407709e+02 3.847543e+02 1.761848e+02
    endloop
  endfacet
  facet normal 0.000000e+00 0.000000e+00 1.000000e+00
    outer loop
      vertex   -1.371989e+02 3.851289e+02 1.761848e+02
      vertex   -1.407709e+02 3.847543e+02 1.761848e+02
      vertex   -1.372472e+02 3.849870e+02 1.761848e+02
    endloop
  endfacet
  facet normal 0.000000e+00 0.000000e+00 1.000000e+00
    outer loop
      vertex   -1.372472e+02 3.849870e+02 1.761848e+02
      vertex   -1.407709e+02 3.847543e+02 1.761848e+02
      vertex   -1.406564e+02 3.846278e+02 1.761848e+02
    endloop
  endfacet
  facet normal -2.153124e-14 2.043658e-13 1.000000e+00
    outer loop
      vertex   -1.372472e+02 3.849870e+02 1.761848e+02
      vertex   -1.406564e+02 3.846278e+02 1.761848e+02
      vertex   -1.405370e+02 3.845013e+02 1.761848e+02
    endloop
  endfacet
  facet normal 8.955085e-15 -2.138826e-15 1.000000e+00
    outer loop
      vertex   -1.372472e+02 3.849870e+02 1.761848e+02
      vertex   -1.405370e+02 3.845013e+02 1.761848e+02
      vertex   -1.372821e+02 3.848411e+02 1.761848e+02
    endloop
  endfacet
  facet normal 7.920548e-15 7.771446e-15 1.000000e+00
    outer loop
      vertex   -1.372821e+02 3.848411e+02 1.761848e+02
      vertex   -1.405370e+02 3.845013e+02 1.761848e+02
      vertex   -1.404129e+02 3.843748e+02 1.761848e+02
    endloop
  endfacet
  facet normal 7.881444e-15 8.034001e-15 1.000000e+00
    outer loop
      vertex   -1.372821e+02 3.848411e+02 1.761848e+02
      vertex   -1.404129e+02 3.843748e+02 1.761848e+02
      vertex   -1.402840e+02 3.842483e+02 1.761848e+02
    endloop
  endfacet
  facet normal 9.740337e-15 -1.379266e-15 1.000000e+00
    outer loop
      vertex   -1.372821e+02 3.848411e+02 1.761848e+02
      vertex   -1.402840e+02 3.842483e+02 1.761848e+02
      vertex   -1.373031e+02 3.846926e+02 1.761848e+02
    endloop
  endfacet
  facet normal 8.236306e-15 8.711663e-15 1.000000e+00
    outer loop
      vertex   -1.373031e+02 3.846926e+02 1.761848e+02
      vertex   -1.402840e+02 3.842483e+02 1.761848e+02
      vertex   -1.401502e+02 3.841218e+02 1.761848e+02
    endloop
  endfacet
  facet normal -2.831260e-14 1.910262e-13 1.000000e+00
    outer loop
      vertex   -1.373031e+02 3.846926e+02 1.761848e+02
      vertex   -1.401502e+02 3.841218e+02 1.761848e+02
      vertex   -1.373101e+02 3.845427e+02 1.761848e+02
    endloop
  endfacet
  facet normal 2.866539e-14 -1.934064e-13 1.000000e+00
    outer loop
      vertex   -1.373101e+02 3.845427e+02 1.761848e+02
      vertex   -1.401502e+02 3.841218e+02 1.761848e+02
      vertex   -1.400116e+02 3.839954e+02 1.761848e+02
    endloop
  endfacet
  facet normal -8.267618e-14 3.561279e-13 1.000000e+00
    outer loop
      vertex   -1.373101e+02 3.845427e+02 1.761848e+02
      vertex   -1.400116e+02 3.839954e+02 1.761848e+02
      vertex   -1.398682e+02 3.838691e+02 1.761848e+02
    endloop
  endfacet
  facet normal 6.032224e-14 -1.868671e-13 1.000000e+00
    outer loop
      vertex   -1.373101e+02 3.845427e+02 1.761848e+02
      vertex   -1.398682e+02 3.838691e+02 1.761848e+02
      vertex   -1.373031e+02 3.843929e+02 1.761848e+02
    endloop
  endfacet
  facet normal 5.497008e-14 -1.606593e-13 1.000000e+00
    outer loop
      vertex   -1.373031e+02 3.843929e+02 1.761848e+02
      vertex   -1.398682e+02 3.838691e+02 1.761848e+02
      vertex   -1.397200e+02 3.837429e+02 1.761848e+02
    endloop
  endfacet
  facet normal 1.132796e-14 1.604080e-15 1.000000e+00
    outer loop
      vertex   -1.373031e+02 3.843929e+02 1.761848e+02
      vertex   -1.397200e+02 3.837429e+02 1.761848e+02
      vertex   -1.372821e+02 3.842444e+02 1.761848e+02
    endloop
  endfacet
  facet normal 4.644967e-14 -1.691191e-13 1.000000e+00
    outer loop
      vertex   -1.372821e+02 3.842444e+02 1.761848e+02
      vertex   -1.397200e+02 3.837429e+02 1.761848e+02
      vertex   -1.395671e+02 3.836168e+02 1.761848e+02
    endloop
  endfacet
  facet normal 0.000000e+00 0.000000e+00 1.000000e+00
    outer loop
      vertex   -1.372821e+02 3.842444e+02 1.761848e+02
      vertex   -1.395671e+02 3.836168e+02 1.761848e+02
      vertex   -1.372472e+02 3.840985e+02 1.761848e+02
    endloop
  endfacet
  facet normal -7.442506e-14 3.584246e-13 1.000000e+00
    outer loop
      vertex   -1.372472e+02 3.840985e+02 1.761848e+02
      vertex   -1.395671e+02 3.836168e+02 1.761848e+02
      vertex   -1.394094e+02 3.834910e+02 1.761848e+02
    endloop
  endfacet
  facet normal 6.592442e-14 -1.410519e-13 1.000000e+00
    outer loop
      vertex   -1.372472e+02 3.840985e+02 1.761848e+02
      vertex   -1.394094e+02 3.834910e+02 1.761848e+02
      vertex   -1.392470e+02 3.833654e+02 1.761848e+02
    endloop
  endfacet
  facet normal 1.263484e-14 4.302719e-15 1.000000e+00
    outer loop
      vertex   -1.372472e+02 3.840985e+02 1.761848e+02
      vertex   -1.392470e+02 3.833654e+02 1.761848e+02
      vertex   -1.371989e+02 3.839565e+02 1.761848e+02
    endloop
  endfacet
  facet normal -3.725774e-14 1.771569e-13 1.000000e+00
    outer loop
      vertex   -1.371989e+02 3.839565e+02 1.761848e+02
      vertex   -1.392470e+02 3.833654e+02 1.761848e+02
      vertex   -1.390800e+02 3.832401e+02 1.761848e+02
    endloop
  endfacet
  facet normal 2.580524e-14 1.158603e-14 1.000000e+00
    outer loop
      vertex   -1.371989e+02 3.839565e+02 1.761848e+02
      vertex   -1.390800e+02 3.832401e+02 1.761848e+02
      vertex   -1.371375e+02 3.838197e+02 1.761848e+02
    endloop
  endfacet
  facet normal 6.889708e-14 -1.328254e-13 1.000000e+00
    outer loop
      vertex   -1.371375e+02 3.838197e+02 1.761848e+02
      vertex   -1.390800e+02 3.832401e+02 1.761848e+02
      vertex   -1.389083e+02 3.831151e+02 1.761848e+02
    endloop
  endfacet
  facet normal 1.309536e-14 7.424766e-15 1.000000e+00
    outer loop
      vertex   -1.371375e+02 3.838197e+02 1.761848e+02
      vertex   -1.389083e+02 3.831151e+02 1.761848e+02
      vertex   -1.370635e+02 3.836892e+02 1.761848e+02
    endloop
  endfacet
  facet normal 1.069577e-14 1.513568e-14 1.000000e+00
    outer loop
      vertex   -1.370635e+02 3.836892e+02 1.761848e+02
      vertex   -1.389083e+02 3.831151e+02 1.761848e+02
      vertex   -1.387321e+02 3.829906e+02 1.761848e+02
    endloop
  endfacet
  facet normal 1.317965e-14 9.202929e-15 1.000000e+00
    outer loop
      vertex   -1.370635e+02 3.836892e+02 1.761848e+02
      vertex   -1.387321e+02 3.829906e+02 1.761848e+02
      vertex   -1.369776e+02 3.835662e+02 1.761848e+02
    endloop
  endfacet
  facet normal 1.096028e-14 1.596747e-14 1.000000e+00
    outer loop
      vertex   -1.369776e+02 3.835662e+02 1.761848e+02
      vertex   -1.387321e+02 3.829906e+02 1.761848e+02
      vertex   -1.385515e+02 3.828666e+02 1.761848e+02
    endloop
  endfacet
  facet normal -6.709527e-14 1.915521e-13 1.000000e+00
    outer loop
      vertex   -1.369776e+02 3.835662e+02 1.761848e+02
      vertex   -1.385515e+02 3.828666e+02 1.761848e+02
      vertex   -1.368806e+02 3.834518e+02 1.761848e+02
    endloop
  endfacet
  facet normal 5.288271e-14 -1.509763e-13 1.000000e+00
    outer loop
      vertex   -1.368806e+02 3.834518e+02 1.761848e+02
      vertex   -1.385515e+02 3.828666e+02 1.761848e+02
      vertex   -1.383664e+02 3.827432e+02 1.761848e+02
    endloop
  endfacet
  facet normal -7.464262e-14 1.163886e-13 1.000000e+00
    outer loop
      vertex   -1.368806e+02 3.834518e+02 1.761848e+02
      vertex   -1.383664e+02 3.827432e+02 1.761848e+02
      vertex   -1.381771e+02 3.826204e+02 1.761848e+02
    endloop
  endfacet
  facet normal 0.000000e+00 0.000000e+00 1.000000e+00
    outer loop
      vertex   -1.368806e+02 3.834518e+02 1.761848e+02
      vertex   -1.381771e+02 3.826204e+02 1.761848e+02
      vertex   -1.367733e+02 3.833470e+02 1.761848e+02
    endloop
  endfacet
  facet normal -6.621605e-14 1.279187e-13 1.000000e+00
    outer loop
      vertex   -1.367733e+02 3.833470e+02 1.761848e+02
      vertex   -1.381771e+02 3.826204e+02 1.761848e+02
      vertex   -1.379836e+02 3.824984e+02 1.761848e+02
    endloop
  endfacet
  facet normal 1.257624e-14 1.555520e-14 1.000000e+00
    outer loop
      vertex   -1.367733e+02 3.833470e+02 1.761848e+02
      vertex   -1.379836e+02 3.824984e+02 1.761848e+02
      vertex   -1.366567e+02 3.832527e+02 1.761848e+02
    endloop
  endfacet
  facet normal 8.031927e-14 -1.036021e-13 1.000000e+00
    outer loop
      vertex   -1.366567e+02 3.832527e+02 1.761848e+02
      vertex   -1.379836e+02 3.824984e+02 1.761848e+02
      vertex   -1.377860e+02 3.823772e+02 1.761848e+02
    endloop
  endfacet
  facet normal 0.000000e+00 0.000000e+00 1.000000e+00
    outer loop
      vertex   -1.366567e+02 3.832527e+02 1.761848e+02
      vertex   -1.377860e+02 3.823772e+02 1.761848e+02
      vertex   -1.365317e+02 3.831698e+02 1.761848e+02
    endloop
  endfacet
  facet normal 0.000000e+00 0.000000e+00 1.000000e+00
    outer loop
      vertex   -1.365317e+02 3.831698e+02 1.761848e+02
      vertex   -1.377860e+02 3.823772e+02 1.761848e+02
      vertex   -1.375845e+02 3.822570e+02 1.761848e+02
    endloop
  endfacet
  facet normal 0.000000e+00 0.000000e+00 1.000000e+00
    outer loop
      vertex   -1.365317e+02 3.831698e+02 1.761848e+02
      vertex   -1.375845e+02 3.822570e+02 1.761848e+02
      vertex   -1.363995e+02 3.830989e+02 1.761848e+02
    endloop
  endfacet
  facet normal 0.000000e+00 0.000000e+00 1.000000e+00
    outer loop
      vertex   -1.363995e+02 3.830989e+02 1.761848e+02
      vertex   -1.375845e+02 3.822570e+02 1.761848e+02
      vertex   -1.373791e+02 3.821379e+02 1.761848e+02
    endloop
  endfacet
  facet normal 0.000000e+00 0.000000e+00 1.000000e+00
    outer loop
      vertex   -1.363995e+02 3.830989e+02 1.761848e+02
      vertex   -1.373791e+02 3.821379e+02 1.761848e+02
      vertex   -1.362613e+02 3.830407e+02 1.761848e+02
    endloop
  endfacet
  facet normal 0.000000e+00 0.000000e+00 1.000000e+00
    outer loop
      vertex   -1.362613e+02 3.830407e+02 1.761848e+02
      vertex   -1.373791e+02 3.821379e+02 1.761848e+02
      vertex   -1.371702e+02 3.820199e+02 1.761848e+02
    endloop
  endfacet
  facet normal 0.000000e+00 0.000000e+00 1.000000e+00
    outer loop
      vertex   -1.362613e+02 3.830407e+02 1.761848e+02
      vertex   -1.371702e+02 3.820199e+02 1.761848e+02
      vertex   -1.361182e+02 3.829957e+02 1.761848e+02
    endloop
  endfacet
  facet normal 0.000000e+00 0.000000e+00 1.000000e+00
    outer loop
      vertex   -1.361182e+02 3.829957e+02 1.761848e+02
      vertex   -1.371702e+02 3.820199e+02 1.761848e+02
      vertex   -1.369577e+02 3.819033e+02 1.761848e+02
    endloop
  endfacet
  facet normal 0.000000e+00 0.000000e+00 1.000000e+00
    outer loop
      vertex   -1.361182e+02 3.829957e+02 1.761848e+02
      vertex   -1.369577e+02 3.819033e+02 1.761848e+02
      vertex   -1.359715e+02 3.829642e+02 1.761848e+02
    endloop
  endfacet
  facet normal 0.000000e+00 0.000000e+00 1.000000e+00
    outer loop
      vertex   -1.359715e+02 3.829642e+02 1.761848e+02
      vertex   -1.369577e+02 3.819033e+02 1.761848e+02
      vertex   -1.368483e+02 3.818462e+02 1.761848e+02
    endloop
  endfacet
  facet normal 0.000000e+00 0.000000e+00 1.000000e+00
    outer loop
      vertex   -1.359715e+02 3.829642e+02 1.761848e+02
      vertex   -1.368483e+02 3.818462e+02 1.761848e+02
      vertex   -1.367370e+02 3.817926e+02 1.761848e+02
    endloop
  endfacet
  facet normal 0.000000e+00 0.000000e+00 1.000000e+00
    outer loop
      vertex   -1.359715e+02 3.829642e+02 1.761848e+02
      vertex   -1.367370e+02 3.817926e+02 1.761848e+02
      vertex   -1.358226e+02 3.829467e+02 1.761848e+02
    endloop
  endfacet
  facet normal 0.000000e+00 0.000000e+00 1.000000e+00
    outer loop
      vertex   -1.358226e+02 3.829467e+02 1.761848e+02
      vertex   -1.367370e+02 3.817926e+02 1.761848e+02
      vertex   -1.366238e+02 3.817423e+02 1.761848e+02
    endloop
  endfacet
  facet normal 0.000000e+00 0.000000e+00 1.000000e+00
    outer loop
      vertex   -1.358226e+02 3.829467e+02 1.761848e+02
      vertex   -1.366238e+02 3.817423e+02 1.761848e+02
      vertex   -1.365089e+02 3.816954e+02 1.761848e+02
    endloop
  endfacet
  facet normal 2.027407e-13 -1.111987e-13 1.000000e+00
    outer loop
      vertex   -1.365089e+02 3.816954e+02 1.761848e+02
      vertex   -1.363924e+02 3.816521e+02 1.761848e+02
      vertex   -1.358226e+02 3.829467e+02 1.761848e+02
    endloop
  endfacet
  facet normal -6.445619e-15 -1.911718e-14 1.000000e+00
    outer loop
      vertex   -1.358226e+02 3.829467e+02 1.761848e+02
      vertex   -1.363924e+02 3.816521e+02 1.761848e+02
      vertex   -1.362746e+02 3.816124e+02 1.761848e+02
    endloop
  endfacet
  facet normal -4.955459e-16 -2.113291e-14 1.000000e+00
    outer loop
      vertex   -1.358226e+02 3.829467e+02 1.761848e+02
      vertex   -1.362746e+02 3.816124e+02 1.761848e+02
      vertex   -1.356726e+02 3.829432e+02 1.761848e+02
    endloop
  endfacet
  facet normal -5.693701e-15 -1.878154e-14 1.000000e+00
    outer loop
      vertex   -1.356726e+02 3.829432e+02 1.761848e+02
      vertex   -1.362746e+02 3.816124e+02 1.761848e+02
      vertex   -1.361555e+02 3.815763e+02 1.761848e+02
    endloop
  endfacet
  facet normal -5.121899e-15 -1.898355e-14 1.000000e+00
    outer loop
      vertex   -1.356726e+02 3.829432e+02 1.761848e+02
      vertex   -1.361555e+02 3.815763e+02 1.761848e+02
      vertex   -1.360354e+02 3.815439e+02 1.761848e+02
    endloop
  endfacet
  facet normal -4.535528e-15 -1.913555e-14 1.000000e+00
    outer loop
      vertex   -1.360354e+02 3.815439e+02 1.761848e+02
      vertex   -1.359142e+02 3.815152e+02 1.761848e+02
      vertex   -1.356726e+02 3.829432e+02 1.761848e+02
    endloop
  endfacet
  facet normal -3.937749e-15 -1.923669e-14 1.000000e+00
    outer loop
      vertex   -1.356726e+02 3.829432e+02 1.761848e+02
      vertex   -1.359142e+02 3.815152e+02 1.761848e+02
      vertex   -1.357923e+02 3.814902e+02 1.761848e+02
    endloop
  endfacet
  facet normal 1.386133e-15 -1.967531e-14 1.000000e+00
    outer loop
      vertex   -1.356726e+02 3.829432e+02 1.761848e+02
      vertex   -1.357923e+02 3.814902e+02 1.761848e+02
      vertex   -1.355230e+02 3.829537e+02 1.761848e+02
    endloop
  endfacet
  facet normal -3.251532e-15 -1.882185e-14 1.000000e+00
    outer loop
      vertex   -1.355230e+02 3.829537e+02 1.761848e+02
      vertex   -1.357923e+02 3.814902e+02 1.761848e+02
      vertex   -1.356698e+02 3.814690e+02 1.761848e+02
    endloop
  endfacet
  facet normal -2.305384e-13 3.650658e-15 1.000000e+00
    outer loop
      vertex   -1.355230e+02 3.829537e+02 1.761848e+02
      vertex   -1.356698e+02 3.814690e+02 1.761848e+02
      vertex   -1.355468e+02 3.814517e+02 1.761848e+02
    endloop
  endfacet
  facet normal -0.000000e+00 0.000000e+00 1.000000e+00
    outer loop
      vertex   -1.355468e+02 3.814517e+02 1.761848e+02
      vertex   -1.354235e+02 3.814382e+02 1.761848e+02
      vertex   -1.355230e+02 3.829537e+02 1.761848e+02
    endloop
  endfacet
  facet normal 0.000000e+00 0.000000e+00 1.000000e+00
    outer loop
      vertex   -1.355230e+02 3.829537e+02 1.761848e+02
      vertex   -1.354235e+02 3.814382e+02 1.761848e+02
      vertex   -1.353000e+02 3.814285e+02 1.761848e+02
    endloop
  endfacet
  facet normal 0.000000e+00 0.000000e+00 1.000000e+00
    outer loop
      vertex   -1.355230e+02 3.829537e+02 1.761848e+02
      vertex   -1.353000e+02 3.814285e+02 1.761848e+02
      vertex   -1.351765e+02 3.814227e+02 1.761848e+02
    endloop
  endfacet
  facet normal -0.000000e+00 0.000000e+00 1.000000e+00
    outer loop
      vertex   -1.355230e+02 3.829537e+02 1.761848e+02
      vertex   -1.351765e+02 3.814227e+02 1.761848e+02
      vertex   -1.353750e+02 3.829782e+02 1.761848e+02
    endloop
  endfacet
  facet normal 0.000000e+00 0.000000e+00 1.000000e+00
    outer loop
      vertex   -1.353750e+02 3.829782e+02 1.761848e+02
      vertex   -1.351765e+02 3.814227e+02 1.761848e+02
      vertex   -1.350531e+02 3.814208e+02 1.761848e+02
    endloop
  endfacet
  facet normal -0.000000e+00 0.000000e+00 1.000000e+00
    outer loop
      vertex   -1.353750e+02 3.829782e+02 1.761848e+02
      vertex   -1.350531e+02 3.814208e+02 1.761848e+02
      vertex   -1.352300e+02 3.830165e+02 1.761848e+02
    endloop
  endfacet
  facet normal -0.000000e+00 0.000000e+00 1.000000e+00
    outer loop
      vertex   -1.352300e+02 3.830165e+02 1.761848e+02
      vertex   -1.350531e+02 3.814208e+02 1.761848e+02
      vertex   -1.350892e+02 3.830681e+02 1.761848e+02
    endloop
  endfacet
  facet normal -0.000000e+00 0.000000e+00 1.000000e+00
    outer loop
      vertex   -1.350892e+02 3.830681e+02 1.761848e+02
      vertex   -1.350531e+02 3.814208e+02 1.761848e+02
      vertex   -1.349538e+02 3.831328e+02 1.761848e+02
    endloop
  endfacet
  facet normal -0.000000e+00 0.000000e+00 1.000000e+00
    outer loop
      vertex   -1.349538e+02 3.831328e+02 1.761848e+02
      vertex   -1.350531e+02 3.814208e+02 1.761848e+02
      vertex   -1.348251e+02 3.832098e+02 1.761848e+02
    endloop
  endfacet
  facet normal -0.000000e+00 0.000000e+00 1.000000e+00
    outer loop
      vertex   -1.348251e+02 3.832098e+02 1.761848e+02
      vertex   -1.350531e+02 3.814208e+02 1.761848e+02
      vertex   -1.347042e+02 3.832985e+02 1.761848e+02
    endloop
  endfacet
  facet normal -0.000000e+00 0.000000e+00 1.000000e+00
    outer loop
      vertex   -1.347042e+02 3.832985e+02 1.761848e+02
      vertex   -1.350531e+02 3.814208e+02 1.761848e+02
      vertex   -1.345921e+02 3.833982e+02 1.761848e+02
    endloop
  endfacet
  facet normal 0.000000e+00 -0.000000e+00 1.000000e+00
    outer loop
      vertex   -1.208588e+02 3.941627e+02 1.761848e+02
      vertex   -1.198991e+02 3.946499e+02 1.761848e+02
      vertex   -1.209491e+02 3.942334e+02 1.761848e+02
    endloop
  endfacet
  facet normal 0.000000e+00 0.000000e+00 1.000000e+00
    outer loop
      vertex   -1.209491e+02 3.942334e+02 1.761848e+02
      vertex   -1.198991e+02 3.946499e+02 1.761848e+02
      vertex   -1.199921e+02 3.947706e+02 1.761848e+02
    endloop
  endfacet
  facet normal 0.000000e+00 -0.000000e+00 1.000000e+00
    outer loop
      vertex   -1.209491e+02 3.942334e+02 1.761848e+02
      vertex   -1.199921e+02 3.947706e+02 1.761848e+02
      vertex   -1.210472e+02 3.942928e+02 1.761848e+02
    endloop
  endfacet
  facet normal 0.000000e+00 0.000000e+00 1.000000e+00
    outer loop
      vertex   -1.210472e+02 3.942928e+02 1.761848e+02
      vertex   -1.199921e+02 3.947706e+02 1.761848e+02
      vertex   -1.200952e+02 3.948828e+02 1.761848e+02
    endloop
  endfacet
  facet normal 0.000000e+00 -0.000000e+00 1.000000e+00
    outer loop
      vertex   -1.210472e+02 3.942928e+02 1.761848e+02
      vertex   -1.200952e+02 3.948828e+02 1.761848e+02
      vertex   -1.211519e+02 3.943399e+02 1.761848e+02
    endloop
  endfacet
  facet normal 0.000000e+00 0.000000e+00 1.000000e+00
    outer loop
      vertex   -1.211519e+02 3.943399e+02 1.761848e+02
      vertex   -1.200952e+02 3.948828e+02 1.761848e+02
      vertex   -1.202077e+02 3.949856e+02 1.761848e+02
    endloop
  endfacet
  facet normal 0.000000e+00 0.000000e+00 1.000000e+00
    outer loop
      vertex   -1.211519e+02 3.943399e+02 1.761848e+02
      vertex   -1.202077e+02 3.949856e+02 1.761848e+02
      vertex   -1.203287e+02 3.950781e+02 1.761848e+02
    endloop
  endfacet
  facet normal 0.000000e+00 -0.000000e+00 1.000000e+00
    outer loop
      vertex   -1.211519e+02 3.943399e+02 1.761848e+02
      vertex   -1.203287e+02 3.950781e+02 1.761848e+02
      vertex   -1.212614e+02 3.943740e+02 1.761848e+02
    endloop
  endfacet
  facet normal 0.000000e+00 0.000000e+00 1.000000e+00
    outer loop
      vertex   -1.212614e+02 3.943740e+02 1.761848e+02
      vertex   -1.203287e+02 3.950781e+02 1.761848e+02
      vertex   -1.204573e+02 3.951599e+02 1.761848e+02
    endloop
  endfacet
  facet normal 0.000000e+00 0.000000e+00 1.000000e+00
    outer loop
      vertex   -1.212614e+02 3.943740e+02 1.761848e+02
      vertex   -1.204573e+02 3.951599e+02 1.761848e+02
      vertex   -1.205925e+02 3.952301e+02 1.761848e+02
    endloop
  endfacet
  facet normal 0.000000e+00 0.000000e+00 1.000000e+00
    outer loop
      vertex   -1.205925e+02 3.952301e+02 1.761848e+02
      vertex   -1.207333e+02 3.952883e+02 1.761848e+02
      vertex   -1.212614e+02 3.943740e+02 1.761848e+02
    endloop
  endfacet
  facet normal 0.000000e+00 -0.000000e+00 1.000000e+00
    outer loop
      vertex   -1.212614e+02 3.943740e+02 1.761848e+02
      vertex   -1.207333e+02 3.952883e+02 1.761848e+02
      vertex   -1.213742e+02 3.943947e+02 1.761848e+02
    endloop
  endfacet
  facet normal 0.000000e+00 0.000000e+00 1.000000e+00
    outer loop
      vertex   -1.213742e+02 3.943947e+02 1.761848e+02
      vertex   -1.207333e+02 3.952883e+02 1.761848e+02
      vertex   -1.208786e+02 3.953340e+02 1.761848e+02
    endloop
  endfacet
  facet normal 0.000000e+00 0.000000e+00 1.000000e+00
    outer loop
      vertex   -1.213742e+02 3.943947e+02 1.761848e+02
      vertex   -1.208786e+02 3.953340e+02 1.761848e+02
      vertex   -1.210274e+02 3.953669e+02 1.761848e+02
    endloop
  endfacet
  facet normal 0.000000e+00 0.000000e+00 1.000000e+00
    outer loop
      vertex   -1.210274e+02 3.953669e+02 1.761848e+02
      vertex   -1.211784e+02 3.953867e+02 1.761848e+02
      vertex   -1.213742e+02 3.943947e+02 1.761848e+02
    endloop
  endfacet
  facet normal 0.000000e+00 0.000000e+00 1.000000e+00
    outer loop
      vertex   -1.213742e+02 3.943947e+02 1.761848e+02
      vertex   -1.211784e+02 3.953867e+02 1.761848e+02
      vertex   -1.213307e+02 3.953934e+02 1.761848e+02
    endloop
  endfacet
  facet normal 0.000000e+00 -0.000000e+00 1.000000e+00
    outer loop
      vertex   -1.213742e+02 3.943947e+02 1.761848e+02
      vertex   -1.213307e+02 3.953934e+02 1.761848e+02
      vertex   -1.214887e+02 3.944016e+02 1.761848e+02
    endloop
  endfacet
  facet normal 0.000000e+00 -0.000000e+00 1.000000e+00
    outer loop
      vertex   -1.214887e+02 3.944016e+02 1.761848e+02
      vertex   -1.213307e+02 3.953934e+02 1.761848e+02
      vertex   -1.216032e+02 3.943947e+02 1.761848e+02
    endloop
  endfacet
  facet normal 0.000000e+00 -0.000000e+00 1.000000e+00
    outer loop
      vertex   -1.216032e+02 3.943947e+02 1.761848e+02
      vertex   -1.213307e+02 3.953934e+02 1.761848e+02
      vertex   -1.217161e+02 3.943740e+02 1.761848e+02
    endloop
  endfacet
  facet normal 0.000000e+00 -0.000000e+00 1.000000e+00
    outer loop
      vertex   -1.217161e+02 3.943740e+02 1.761848e+02
      vertex   -1.213307e+02 3.953934e+02 1.761848e+02
      vertex   -1.218256e+02 3.943399e+02 1.761848e+02
    endloop
  endfacet
  facet normal 0.000000e+00 -0.000000e+00 1.000000e+00
    outer loop
      vertex   -1.218256e+02 3.943399e+02 1.761848e+02
      vertex   -1.213307e+02 3.953934e+02 1.761848e+02
      vertex   -1.219302e+02 3.942928e+02 1.761848e+02
    endloop
  endfacet
  facet normal 0.000000e+00 -0.000000e+00 1.000000e+00
    outer loop
      vertex   -1.219302e+02 3.942928e+02 1.761848e+02
      vertex   -1.213307e+02 3.953934e+02 1.761848e+02
      vertex   -1.220284e+02 3.942334e+02 1.761848e+02
    endloop
  endfacet
  facet normal 6.976305e-15 -4.196414e-15 1.000000e+00
    outer loop
      vertex   -1.220284e+02 3.942334e+02 1.761848e+02
      vertex   -1.213307e+02 3.953934e+02 1.761848e+02
      vertex   -1.258774e+02 3.946075e+02 1.761848e+02
    endloop
  endfacet
  facet normal 7.923148e-15 5.545152e-15 1.000000e+00
    outer loop
      vertex   -1.220284e+02 3.942334e+02 1.761848e+02
      vertex   -1.258774e+02 3.946075e+02 1.761848e+02
      vertex   -1.257817e+02 3.944708e+02 1.761848e+02
    endloop
  endfacet
  facet normal -0.000000e+00 0.000000e+00 1.000000e+00
    outer loop
      vertex   -1.274667e+02 3.953934e+02 1.761848e+02
      vertex   -1.272999e+02 3.953864e+02 1.761848e+02
      vertex   -1.213307e+02 3.953934e+02 1.761848e+02
    endloop
  endfacet
  facet normal 0.000000e+00 0.000000e+00 1.000000e+00
    outer loop
      vertex   -1.213307e+02 3.953934e+02 1.761848e+02
      vertex   -1.272999e+02 3.953864e+02 1.761848e+02
      vertex   -1.271343e+02 3.953656e+02 1.761848e+02
    endloop
  endfacet
  facet normal 0.000000e+00 0.000000e+00 1.000000e+00
    outer loop
      vertex   -1.213307e+02 3.953934e+02 1.761848e+02
      vertex   -1.271343e+02 3.953656e+02 1.761848e+02
      vertex   -1.269709e+02 3.953310e+02 1.761848e+02
    endloop
  endfacet
  facet normal -0.000000e+00 0.000000e+00 1.000000e+00
    outer loop
      vertex   -1.269709e+02 3.953310e+02 1.761848e+02
      vertex   -1.268111e+02 3.952829e+02 1.761848e+02
      vertex   -1.213307e+02 3.953934e+02 1.761848e+02
    endloop
  endfacet
  facet normal -8.900503e-15 4.414261e-13 1.000000e+00
    outer loop
      vertex   -1.213307e+02 3.953934e+02 1.761848e+02
      vertex   -1.268111e+02 3.952829e+02 1.761848e+02
      vertex   -1.266558e+02 3.952216e+02 1.761848e+02
    endloop
  endfacet
  facet normal 5.010443e-15 1.013314e-14 1.000000e+00
    outer loop
      vertex   -1.213307e+02 3.953934e+02 1.761848e+02
      vertex   -1.266558e+02 3.952216e+02 1.761848e+02
      vertex   -1.265061e+02 3.951476e+02 1.761848e+02
    endloop
  endfacet
  facet normal 5.090792e-15 8.440984e-15 1.000000e+00
    outer loop
      vertex   -1.265061e+02 3.951476e+02 1.761848e+02
      vertex   -1.263632e+02 3.950614e+02 1.761848e+02
      vertex   -1.213307e+02 3.953934e+02 1.761848e+02
    endloop
  endfacet
  facet normal 5.175584e-15 7.155546e-15 1.000000e+00
    outer loop
      vertex   -1.213307e+02 3.953934e+02 1.761848e+02
      vertex   -1.263632e+02 3.950614e+02 1.761848e+02
      vertex   -1.262279e+02 3.949636e+02 1.761848e+02
    endloop
  endfacet
  facet normal 5.265583e-15 6.130058e-15 1.000000e+00
    outer loop
      vertex   -1.213307e+02 3.953934e+02 1.761848e+02
      vertex   -1.262279e+02 3.949636e+02 1.761848e+02
      vertex   -1.261013e+02 3.948548e+02 1.761848e+02
    endloop
  endfacet
  facet normal 5.361671e-15 5.278917e-15 1.000000e+00
    outer loop
      vertex   -1.261013e+02 3.948548e+02 1.761848e+02
      vertex   -1.259842e+02 3.947358e+02 1.761848e+02
      vertex   -1.213307e+02 3.953934e+02 1.761848e+02
    endloop
  endfacet
  facet normal 5.464886e-15 4.548433e-15 1.000000e+00
    outer loop
      vertex   -1.213307e+02 3.953934e+02 1.761848e+02
      vertex   -1.259842e+02 3.947358e+02 1.761848e+02
      vertex   -1.258774e+02 3.946075e+02 1.761848e+02
    endloop
  endfacet
  facet normal 7.006939e-15 -8.943697e-15 1.000000e+00
    outer loop
      vertex   -1.220284e+02 3.942334e+02 1.761848e+02
      vertex   -1.257817e+02 3.944708e+02 1.761848e+02
      vertex   -1.221187e+02 3.941627e+02 1.761848e+02
    endloop
  endfacet
  facet normal 8.158624e-15 4.749037e-15 1.000000e+00
    outer loop
      vertex   -1.221187e+02 3.941627e+02 1.761848e+02
      vertex   -1.257817e+02 3.944708e+02 1.761848e+02
      vertex   -1.256977e+02 3.943265e+02 1.761848e+02
    endloop
  endfacet
  facet normal 7.593679e-15 -7.593679e-15 1.000000e+00
    outer loop
      vertex   -1.221187e+02 3.941627e+02 1.761848e+02
      vertex   -1.256977e+02 3.943265e+02 1.761848e+02
      vertex   -1.221998e+02 3.940816e+02 1.761848e+02
    endloop
  endfacet
  facet normal 8.405131e-15 3.994542e-15 1.000000e+00
    outer loop
      vertex   -1.221998e+02 3.940816e+02 1.761848e+02
      vertex   -1.256977e+02 3.943265e+02 1.761848e+02
      vertex   -1.256260e+02 3.941757e+02 1.761848e+02
    endloop
  endfacet
  facet normal 8.120509e-15 -6.362013e-15 1.000000e+00
    outer loop
      vertex   -1.221998e+02 3.940816e+02 1.761848e+02
      vertex   -1.256260e+02 3.941757e+02 1.761848e+02
      vertex   -1.222706e+02 3.939913e+02 1.761848e+02
    endloop
  endfacet
  facet normal 8.649321e-15 3.257214e-15 1.000000e+00
    outer loop
      vertex   -1.222706e+02 3.939913e+02 1.761848e+02
      vertex   -1.256260e+02 3.941757e+02 1.761848e+02
      vertex   -1.255672e+02 3.940195e+02 1.761848e+02
    endloop
  endfacet
  facet normal 9.989330e-01 0.000000e+00 -4.618346e-02
    outer loop
      vertex   -1.385862e+02 3.918645e+02 1.912848e+02
      vertex   -1.385862e+02 3.943934e+02 1.912848e+02
      vertex   -1.385798e+02 3.918645e+02 1.914232e+02
    endloop
  endfacet
  facet normal 9.989330e-01 0.000000e+00 -4.618346e-02
    outer loop
      vertex   -1.385798e+02 3.918645e+02 1.914232e+02
      vertex   -1.385862e+02 3.943934e+02 1.912848e+02
      vertex   -1.385798e+02 3.943934e+02 1.914232e+02
    endloop
  endfacet
  facet normal 9.904104e-01 0.000000e+00 -1.381564e-01
    outer loop
      vertex   -1.385798e+02 3.918645e+02 1.914232e+02
      vertex   -1.385798e+02 3.943934e+02 1.914232e+02
      vertex   -1.385607e+02 3.943934e+02 1.915604e+02
    endloop
  endfacet
  facet normal 9.904104e-01 0.000000e+00 -1.381564e-01
    outer loop
      vertex   -1.385798e+02 3.918645e+02 1.914232e+02
      vertex   -1.385607e+02 3.943934e+02 1.915604e+02
      vertex   -1.385607e+02 3.918645e+02 1.915604e+02
    endloop
  endfacet
  facet normal 9.734381e-01 0.000000e+00 -2.289505e-01
    outer loop
      vertex   -1.385607e+02 3.918645e+02 1.915604e+02
      vertex   -1.385607e+02 3.943934e+02 1.915604e+02
      vertex   -1.385290e+02 3.943934e+02 1.916953e+02
    endloop
  endfacet
  facet normal 9.734381e-01 0.000000e+00 -2.289505e-01
    outer loop
      vertex   -1.385607e+02 3.918645e+02 1.915604e+02
      vertex   -1.385290e+02 3.943934e+02 1.916953e+02
      vertex   -1.385290e+02 3.918645e+02 1.916953e+02
    endloop
  endfacet
  facet normal 9.481606e-01 0.000000e+00 -3.177914e-01
    outer loop
      vertex   -1.385290e+02 3.918645e+02 1.916953e+02
      vertex   -1.385290e+02 3.943934e+02 1.916953e+02
      vertex   -1.384849e+02 3.943934e+02 1.918266e+02
    endloop
  endfacet
  facet normal 9.481606e-01 0.000000e+00 -3.177914e-01
    outer loop
      vertex   -1.385290e+02 3.918645e+02 1.916953e+02
      vertex   -1.384849e+02 3.943934e+02 1.918266e+02
      vertex   -1.384849e+02 3.918645e+02 1.918266e+02
    endloop
  endfacet
  facet normal 9.147939e-01 0.000000e+00 -4.039210e-01
    outer loop
      vertex   -1.384849e+02 3.918645e+02 1.918266e+02
      vertex   -1.384849e+02 3.943934e+02 1.918266e+02
      vertex   -1.384290e+02 3.943934e+02 1.919534e+02
    endloop
  endfacet
  facet normal 9.147939e-01 0.000000e+00 -4.039210e-01
    outer loop
      vertex   -1.384849e+02 3.918645e+02 1.918266e+02
      vertex   -1.384290e+02 3.943934e+02 1.919534e+02
      vertex   -1.384290e+02 3.918645e+02 1.919534e+02
    endloop
  endfacet
  facet normal 8.736224e-01 0.000000e+00 -4.866045e-01
    outer loop
      vertex   -1.384290e+02 3.918645e+02 1.919534e+02
      vertex   -1.384290e+02 3.943934e+02 1.919534e+02
      vertex   -1.383616e+02 3.943934e+02 1.920744e+02
    endloop
  endfacet
  facet normal 8.736224e-01 0.000000e+00 -4.866045e-01
    outer loop
      vertex   -1.384290e+02 3.918645e+02 1.919534e+02
      vertex   -1.383616e+02 3.943934e+02 1.920744e+02
      vertex   -1.383616e+02 3.918645e+02 1.920744e+02
    endloop
  endfacet
  facet normal 8.249975e-01 0.000000e+00 -5.651364e-01
    outer loop
      vertex   -1.383616e+02 3.918645e+02 1.920744e+02
      vertex   -1.383616e+02 3.943934e+02 1.920744e+02
      vertex   -1.382833e+02 3.943934e+02 1.921887e+02
    endloop
  endfacet
  facet normal 8.249975e-01 0.000000e+00 -5.651364e-01
    outer loop
      vertex   -1.383616e+02 3.918645e+02 1.920744e+02
      vertex   -1.382833e+02 3.943934e+02 1.921887e+02
      vertex   -1.382833e+02 3.918645e+02 1.921887e+02
    endloop
  endfacet
  facet normal 7.693340e-01 0.000000e+00 -6.388468e-01
    outer loop
      vertex   -1.382833e+02 3.918645e+02 1.921887e+02
      vertex   -1.382833e+02 3.943934e+02 1.921887e+02
      vertex   -1.381947e+02 3.943934e+02 1.922953e+02
    endloop
  endfacet
  facet normal 7.693340e-01 0.000000e+00 -6.388468e-01
    outer loop
      vertex   -1.382833e+02 3.918645e+02 1.921887e+02
      vertex   -1.381947e+02 3.943934e+02 1.922953e+02
      vertex   -1.381947e+02 3.918645e+02 1.922953e+02
    endloop
  endfacet
  facet normal 7.071068e-01 0.000000e+00 -7.071068e-01
    outer loop
      vertex   -1.381947e+02 3.918645e+02 1.922953e+02
      vertex   -1.381947e+02 3.943934e+02 1.922953e+02
      vertex   -1.380968e+02 3.943934e+02 1.923933e+02
    endloop
  endfacet
  facet normal 7.071068e-01 0.000000e+00 -7.071068e-01
    outer loop
      vertex   -1.381947e+02 3.918645e+02 1.922953e+02
      vertex   -1.380968e+02 3.943934e+02 1.923933e+02
      vertex   -1.380968e+02 3.918645e+02 1.923933e+02
    endloop
  endfacet
  facet normal 6.388468e-01 0.000000e+00 -7.693340e-01
    outer loop
      vertex   -1.380968e+02 3.918645e+02 1.923933e+02
      vertex   -1.380968e+02 3.943934e+02 1.923933e+02
      vertex   -1.379902e+02 3.943934e+02 1.924818e+02
    endloop
  endfacet
  facet normal 6.388468e-01 0.000000e+00 -7.693340e-01
    outer loop
      vertex   -1.380968e+02 3.918645e+02 1.923933e+02
      vertex   -1.379902e+02 3.943934e+02 1.924818e+02
      vertex   -1.379902e+02 3.918645e+02 1.924818e+02
    endloop
  endfacet
  facet normal 5.651364e-01 0.000000e+00 -8.249975e-01
    outer loop
      vertex   -1.379902e+02 3.918645e+02 1.924818e+02
      vertex   -1.379902e+02 3.943934e+02 1.924818e+02
      vertex   -1.378759e+02 3.943934e+02 1.925601e+02
    endloop
  endfacet
  facet normal 5.651364e-01 0.000000e+00 -8.249975e-01
    outer loop
      vertex   -1.379902e+02 3.918645e+02 1.924818e+02
      vertex   -1.378759e+02 3.943934e+02 1.925601e+02
      vertex   -1.378759e+02 3.918645e+02 1.925601e+02
    endloop
  endfacet
  facet normal 4.866045e-01 0.000000e+00 -8.736224e-01
    outer loop
      vertex   -1.378759e+02 3.918645e+02 1.925601e+02
      vertex   -1.378759e+02 3.943934e+02 1.925601e+02
      vertex   -1.377548e+02 3.943934e+02 1.926275e+02
    endloop
  endfacet
  facet normal 4.866045e-01 0.000000e+00 -8.736224e-01
    outer loop
      vertex   -1.378759e+02 3.918645e+02 1.925601e+02
      vertex   -1.377548e+02 3.943934e+02 1.926275e+02
      vertex   -1.377548e+02 3.918645e+02 1.926275e+02
    endloop
  endfacet
  facet normal 4.039210e-01 0.000000e+00 -9.147939e-01
    outer loop
      vertex   -1.377548e+02 3.918645e+02 1.926275e+02
      vertex   -1.377548e+02 3.943934e+02 1.926275e+02
      vertex   -1.376281e+02 3.943934e+02 1.926835e+02
    endloop
  endfacet
  facet normal 4.039210e-01 0.000000e+00 -9.147939e-01
    outer loop
      vertex   -1.377548e+02 3.918645e+02 1.926275e+02
      vertex   -1.376281e+02 3.943934e+02 1.926835e+02
      vertex   -1.376281e+02 3.918645e+02 1.926835e+02
    endloop
  endfacet
  facet normal 3.177914e-01 0.000000e+00 -9.481606e-01
    outer loop
      vertex   -1.376281e+02 3.918645e+02 1.926835e+02
      vertex   -1.376281e+02 3.943934e+02 1.926835e+02
      vertex   -1.374967e+02 3.943934e+02 1.927275e+02
    endloop
  endfacet
  facet normal 3.177914e-01 0.000000e+00 -9.481606e-01
    outer loop
      vertex   -1.376281e+02 3.918645e+02 1.926835e+02
      vertex   -1.374967e+02 3.943934e+02 1.927275e+02
      vertex   -1.374967e+02 3.918645e+02 1.927275e+02
    endloop
  endfacet
  facet normal 2.289505e-01 0.000000e+00 -9.734381e-01
    outer loop
      vertex   -1.374967e+02 3.918645e+02 1.927275e+02
      vertex   -1.374967e+02 3.943934e+02 1.927275e+02
      vertex   -1.373619e+02 3.943934e+02 1.927592e+02
    endloop
  endfacet
  facet normal 2.289505e-01 0.000000e+00 -9.734381e-01
    outer loop
      vertex   -1.374967e+02 3.918645e+02 1.927275e+02
      vertex   -1.373619e+02 3.943934e+02 1.927592e+02
      vertex   -1.373619e+02 3.918645e+02 1.927592e+02
    endloop
  endfacet
  facet normal 1.381564e-01 0.000000e+00 -9.904104e-01
    outer loop
      vertex   -1.373619e+02 3.918645e+02 1.927592e+02
      vertex   -1.373619e+02 3.943934e+02 1.927592e+02
      vertex   -1.372246e+02 3.943934e+02 1.927784e+02
    endloop
  endfacet
  facet normal 1.381564e-01 0.000000e+00 -9.904104e-01
    outer loop
      vertex   -1.373619e+02 3.918645e+02 1.927592e+02
      vertex   -1.372246e+02 3.943934e+02 1.927784e+02
      vertex   -1.372246e+02 3.918645e+02 1.927784e+02
    endloop
  endfacet
  facet normal 4.618346e-02 0.000000e+00 -9.989330e-01
    outer loop
      vertex   -1.372246e+02 3.918645e+02 1.927784e+02
      vertex   -1.372246e+02 3.943934e+02 1.927784e+02
      vertex   -1.370862e+02 3.918645e+02 1.927848e+02
    endloop
  endfacet
  facet normal 4.618346e-02 0.000000e+00 -9.989330e-01
    outer loop
      vertex   -1.370862e+02 3.918645e+02 1.927848e+02
      vertex   -1.372246e+02 3.943934e+02 1.927784e+02
      vertex   -1.370862e+02 3.943934e+02 1.927848e+02
    endloop
  endfacet
  facet normal -1.000000e+00 -0.000000e+00 -0.000000e+00
    outer loop
      vertex   -1.284856e+02 3.943934e+02 1.912848e+02
      vertex   -1.284856e+02 3.943934e+02 1.872848e+02
      vertex   -1.284856e+02 3.918645e+02 1.912848e+02
    endloop
  endfacet
  facet normal -1.000000e+00 0.000000e+00 0.000000e+00
    outer loop
      vertex   -1.284856e+02 3.918645e+02 1.912848e+02
      vertex   -1.284856e+02 3.943934e+02 1.872848e+02
      vertex   -1.284856e+02 3.918645e+02 1.872848e+02
    endloop
  endfacet
  facet normal -4.618346e-02 0.000000e+00 -9.989330e-01
    outer loop
      vertex   -1.299856e+02 3.918645e+02 1.927848e+02
      vertex   -1.299856e+02 3.943934e+02 1.927848e+02
      vertex   -1.298471e+02 3.918645e+02 1.927784e+02
    endloop
  endfacet
  facet normal -4.618346e-02 0.000000e+00 -9.989330e-01
    outer loop
      vertex   -1.298471e+02 3.918645e+02 1.927784e+02
      vertex   -1.299856e+02 3.943934e+02 1.927848e+02
      vertex   -1.298471e+02 3.943934e+02 1.927784e+02
    endloop
  endfacet
  facet normal -1.381564e-01 0.000000e+00 -9.904104e-01
    outer loop
      vertex   -1.298471e+02 3.918645e+02 1.927784e+02
      vertex   -1.298471e+02 3.943934e+02 1.927784e+02
      vertex   -1.297099e+02 3.943934e+02 1.927592e+02
    endloop
  endfacet
  facet normal -1.381564e-01 0.000000e+00 -9.904104e-01
    outer loop
      vertex   -1.298471e+02 3.918645e+02 1.927784e+02
      vertex   -1.297099e+02 3.943934e+02 1.927592e+02
      vertex   -1.297099e+02 3.918645e+02 1.927592e+02
    endloop
  endfacet
  facet normal -2.289505e-01 0.000000e+00 -9.734381e-01
    outer loop
      vertex   -1.297099e+02 3.918645e+02 1.927592e+02
      vertex   -1.297099e+02 3.943934e+02 1.927592e+02
      vertex   -1.295751e+02 3.943934e+02 1.927275e+02
    endloop
  endfacet
  facet normal -2.289505e-01 0.000000e+00 -9.734381e-01
    outer loop
      vertex   -1.297099e+02 3.918645e+02 1.927592e+02
      vertex   -1.295751e+02 3.943934e+02 1.927275e+02
      vertex   -1.295751e+02 3.918645e+02 1.927275e+02
    endloop
  endfacet
  facet normal -3.177914e-01 0.000000e+00 -9.481606e-01
    outer loop
      vertex   -1.295751e+02 3.918645e+02 1.927275e+02
      vertex   -1.295751e+02 3.943934e+02 1.927275e+02
      vertex   -1.294437e+02 3.943934e+02 1.926835e+02
    endloop
  endfacet
  facet normal -3.177914e-01 0.000000e+00 -9.481606e-01
    outer loop
      vertex   -1.295751e+02 3.918645e+02 1.927275e+02
      vertex   -1.294437e+02 3.943934e+02 1.926835e+02
      vertex   -1.294437e+02 3.918645e+02 1.926835e+02
    endloop
  endfacet
  facet normal -4.039210e-01 0.000000e+00 -9.147939e-01
    outer loop
      vertex   -1.294437e+02 3.918645e+02 1.926835e+02
      vertex   -1.294437e+02 3.943934e+02 1.926835e+02
      vertex   -1.293169e+02 3.943934e+02 1.926275e+02
    endloop
  endfacet
  facet normal -4.039210e-01 0.000000e+00 -9.147939e-01
    outer loop
      vertex   -1.294437e+02 3.918645e+02 1.926835e+02
      vertex   -1.293169e+02 3.943934e+02 1.926275e+02
      vertex   -1.293169e+02 3.918645e+02 1.926275e+02
    endloop
  endfacet
  facet normal -4.866045e-01 0.000000e+00 -8.736224e-01
    outer loop
      vertex   -1.293169e+02 3.918645e+02 1.926275e+02
      vertex   -1.293169e+02 3.943934e+02 1.926275e+02
      vertex   -1.291959e+02 3.943934e+02 1.925601e+02
    endloop
  endfacet
  facet normal -4.866045e-01 0.000000e+00 -8.736224e-01
    outer loop
      vertex   -1.293169e+02 3.918645e+02 1.926275e+02
      vertex   -1.291959e+02 3.943934e+02 1.925601e+02
      vertex   -1.291959e+02 3.918645e+02 1.925601e+02
    endloop
  endfacet
  facet normal -5.651364e-01 0.000000e+00 -8.249975e-01
    outer loop
      vertex   -1.291959e+02 3.918645e+02 1.925601e+02
      vertex   -1.291959e+02 3.943934e+02 1.925601e+02
      vertex   -1.290816e+02 3.943934e+02 1.924818e+02
    endloop
  endfacet
  facet normal -5.651364e-01 0.000000e+00 -8.249975e-01
    outer loop
      vertex   -1.291959e+02 3.918645e+02 1.925601e+02
      vertex   -1.290816e+02 3.943934e+02 1.924818e+02
      vertex   -1.290816e+02 3.918645e+02 1.924818e+02
    endloop
  endfacet
  facet normal -6.388468e-01 0.000000e+00 -7.693340e-01
    outer loop
      vertex   -1.290816e+02 3.918645e+02 1.924818e+02
      vertex   -1.290816e+02 3.943934e+02 1.924818e+02
      vertex   -1.289750e+02 3.943934e+02 1.923933e+02
    endloop
  endfacet
  facet normal -6.388468e-01 0.000000e+00 -7.693340e-01
    outer loop
      vertex   -1.290816e+02 3.918645e+02 1.924818e+02
      vertex   -1.289750e+02 3.943934e+02 1.923933e+02
      vertex   -1.289750e+02 3.918645e+02 1.923933e+02
    endloop
  endfacet
  facet normal -7.071068e-01 0.000000e+00 -7.071068e-01
    outer loop
      vertex   -1.289750e+02 3.918645e+02 1.923933e+02
      vertex   -1.289750e+02 3.943934e+02 1.923933e+02
      vertex   -1.288770e+02 3.943934e+02 1.922953e+02
    endloop
  endfacet
  facet normal -7.071068e-01 0.000000e+00 -7.071068e-01
    outer loop
      vertex   -1.289750e+02 3.918645e+02 1.923933e+02
      vertex   -1.288770e+02 3.943934e+02 1.922953e+02
      vertex   -1.288770e+02 3.918645e+02 1.922953e+02
    endloop
  endfacet
  facet normal -7.693340e-01 0.000000e+00 -6.388468e-01
    outer loop
      vertex   -1.288770e+02 3.918645e+02 1.922953e+02
      vertex   -1.288770e+02 3.943934e+02 1.922953e+02
      vertex   -1.287885e+02 3.943934e+02 1.921887e+02
    endloop
  endfacet
  facet normal -7.693340e-01 0.000000e+00 -6.388468e-01
    outer loop
      vertex   -1.288770e+02 3.918645e+02 1.922953e+02
      vertex   -1.287885e+02 3.943934e+02 1.921887e+02
      vertex   -1.287885e+02 3.918645e+02 1.921887e+02
    endloop
  endfacet
  facet normal -8.249975e-01 0.000000e+00 -5.651364e-01
    outer loop
      vertex   -1.287885e+02 3.918645e+02 1.921887e+02
      vertex   -1.287885e+02 3.943934e+02 1.921887e+02
      vertex   -1.287102e+02 3.943934e+02 1.920744e+02
    endloop
  endfacet
  facet normal -8.249975e-01 0.000000e+00 -5.651364e-01
    outer loop
      vertex   -1.287885e+02 3.918645e+02 1.921887e+02
      vertex   -1.287102e+02 3.943934e+02 1.920744e+02
      vertex   -1.287102e+02 3.918645e+02 1.920744e+02
    endloop
  endfacet
  facet normal -8.736224e-01 0.000000e+00 -4.866045e-01
    outer loop
      vertex   -1.287102e+02 3.918645e+02 1.920744e+02
      vertex   -1.287102e+02 3.943934e+02 1.920744e+02
      vertex   -1.286428e+02 3.943934e+02 1.919534e+02
    endloop
  endfacet
  facet normal -8.736224e-01 0.000000e+00 -4.866045e-01
    outer loop
      vertex   -1.287102e+02 3.918645e+02 1.920744e+02
      vertex   -1.286428e+02 3.943934e+02 1.919534e+02
      vertex   -1.286428e+02 3.918645e+02 1.919534e+02
    endloop
  endfacet
  facet normal -9.147939e-01 0.000000e+00 -4.039210e-01
    outer loop
      vertex   -1.286428e+02 3.918645e+02 1.919534e+02
      vertex   -1.286428e+02 3.943934e+02 1.919534e+02
      vertex   -1.285868e+02 3.943934e+02 1.918266e+02
    endloop
  endfacet
  facet normal -9.147939e-01 0.000000e+00 -4.039210e-01
    outer loop
      vertex   -1.286428e+02 3.918645e+02 1.919534e+02
      vertex   -1.285868e+02 3.943934e+02 1.918266e+02
      vertex   -1.285868e+02 3.918645e+02 1.918266e+02
    endloop
  endfacet
  facet normal -9.481606e-01 0.000000e+00 -3.177914e-01
    outer loop
      vertex   -1.285868e+02 3.918645e+02 1.918266e+02
      vertex   -1.285868e+02 3.943934e+02 1.918266e+02
      vertex   -1.285428e+02 3.943934e+02 1.916953e+02
    endloop
  endfacet
  facet normal -9.481606e-01 0.000000e+00 -3.177914e-01
    outer loop
      vertex   -1.285868e+02 3.918645e+02 1.918266e+02
      vertex   -1.285428e+02 3.943934e+02 1.916953e+02
      vertex   -1.285428e+02 3.918645e+02 1.916953e+02
    endloop
  endfacet
  facet normal -9.734381e-01 0.000000e+00 -2.289505e-01
    outer loop
      vertex   -1.285428e+02 3.918645e+02 1.916953e+02
      vertex   -1.285428e+02 3.943934e+02 1.916953e+02
      vertex   -1.285111e+02 3.943934e+02 1.915604e+02
    endloop
  endfacet
  facet normal -9.734381e-01 0.000000e+00 -2.289505e-01
    outer loop
      vertex   -1.285428e+02 3.918645e+02 1.916953e+02
      vertex   -1.285111e+02 3.943934e+02 1.915604e+02
      vertex   -1.285111e+02 3.918645e+02 1.915604e+02
    endloop
  endfacet
  facet normal -9.904104e-01 0.000000e+00 -1.381564e-01
    outer loop
      vertex   -1.285111e+02 3.918645e+02 1.915604e+02
      vertex   -1.285111e+02 3.943934e+02 1.915604e+02
      vertex   -1.284920e+02 3.943934e+02 1.914232e+02
    endloop
  endfacet
  facet normal -9.904104e-01 0.000000e+00 -1.381564e-01
    outer loop
      vertex   -1.285111e+02 3.918645e+02 1.915604e+02
      vertex   -1.284920e+02 3.943934e+02 1.914232e+02
      vertex   -1.284920e+02 3.918645e+02 1.914232e+02
    endloop
  endfacet
  facet normal -9.989330e-01 0.000000e+00 -4.618346e-02
    outer loop
      vertex   -1.284920e+02 3.918645e+02 1.914232e+02
      vertex   -1.284920e+02 3.943934e+02 1.914232e+02
      vertex   -1.284856e+02 3.918645e+02 1.912848e+02
    endloop
  endfacet
  facet normal -9.989330e-01 0.000000e+00 -4.618346e-02
    outer loop
      vertex   -1.284856e+02 3.918645e+02 1.912848e+02
      vertex   -1.284920e+02 3.943934e+02 1.914232e+02
      vertex   -1.284856e+02 3.943934e+02 1.912848e+02
    endloop
  endfacet
  facet normal 0.000000e+00 0.000000e+00 -1.000000e+00
    outer loop
      vertex   -1.370862e+02 3.943934e+02 1.927848e+02
      vertex   -1.299856e+02 3.943934e+02 1.927848e+02
      vertex   -1.370862e+02 3.918645e+02 1.927848e+02
    endloop
  endfacet
  facet normal 0.000000e+00 0.000000e+00 -1.000000e+00
    outer loop
      vertex   -1.370862e+02 3.918645e+02 1.927848e+02
      vertex   -1.299856e+02 3.943934e+02 1.927848e+02
      vertex   -1.299856e+02 3.918645e+02 1.927848e+02
    endloop
  endfacet
  facet normal 7.095378e-08 -1.000000e+00 0.000000e+00
    outer loop
      vertex   -1.215654e+02 3.908645e+02 1.957848e+02
      vertex   -1.215654e+02 3.908645e+02 1.982848e+02
      vertex   -1.254856e+02 3.908645e+02 1.957848e+02
    endloop
  endfacet
  facet normal 3.803859e-08 -1.000000e+00 5.161346e-08
    outer loop
      vertex   -1.254856e+02 3.908645e+02 1.957848e+02
      vertex   -1.215654e+02 3.908645e+02 1.982848e+02
      vertex   -1.330862e+02 3.908645e+02 1.982848e+02
    endloop
  endfacet
  facet normal 1.895321e-08 -1.000000e+00 -6.411415e-09
    outer loop
      vertex   -1.254856e+02 3.908645e+02 1.957848e+02
      vertex   -1.330862e+02 3.908645e+02 1.982848e+02
      vertex   -1.330862e+02 3.908645e+02 1.957848e+02
    endloop
  endfacet
  facet normal -9.623077e-14 -7.071068e-01 7.071068e-01
    outer loop
      vertex   -1.299856e+02 3.918645e+02 1.857848e+02
      vertex   -1.370862e+02 3.918645e+02 1.857848e+02
      vertex   -1.299856e+02 3.908645e+02 1.847848e+02
    endloop
  endfacet
  facet normal -1.018914e-13 -7.071068e-01 7.071068e-01
    outer loop
      vertex   -1.299856e+02 3.908645e+02 1.847848e+02
      vertex   -1.370862e+02 3.918645e+02 1.857848e+02
      vertex   -1.370862e+02 3.908645e+02 1.847848e+02
    endloop
  endfacet
  facet normal -7.068594e-01 -7.068594e-01 2.644881e-02
    outer loop
      vertex   -1.274856e+02 3.908645e+02 1.872848e+02
      vertex   -1.284856e+02 3.918645e+02 1.872848e+02
      vertex   -1.274925e+02 3.908645e+02 1.870979e+02
    endloop
  endfacet
  facet normal -7.061481e-01 -7.073111e-01 3.264720e-02
    outer loop
      vertex   -1.274925e+02 3.908645e+02 1.870979e+02
      vertex   -1.284856e+02 3.918645e+02 1.872848e+02
      vertex   -1.284920e+02 3.918645e+02 1.871464e+02
    endloop
  endfacet
  facet normal -7.031717e-01 -7.065921e-01 7.922843e-02
    outer loop
      vertex   -1.274925e+02 3.908645e+02 1.870979e+02
      vertex   -1.284920e+02 3.918645e+02 1.871464e+02
      vertex   -1.275135e+02 3.908645e+02 1.869122e+02
    endloop
  endfacet
  facet normal -6.998186e-01 -7.076186e-01 9.762053e-02
    outer loop
      vertex   -1.275135e+02 3.908645e+02 1.869122e+02
      vertex   -1.284920e+02 3.918645e+02 1.871464e+02
      vertex   -1.285111e+02 3.918645e+02 1.870091e+02
    endloop
  endfacet
  facet normal -6.953857e-01 -7.064892e-01 1.315741e-01
    outer loop
      vertex   -1.275135e+02 3.908645e+02 1.869122e+02
      vertex   -1.285111e+02 3.918645e+02 1.870091e+02
      vertex   -1.275482e+02 3.908645e+02 1.867285e+02
    endloop
  endfacet
  facet normal -6.877927e-01 -7.076528e-01 1.617674e-01
    outer loop
      vertex   -1.275482e+02 3.908645e+02 1.867285e+02
      vertex   -1.285111e+02 3.918645e+02 1.870091e+02
      vertex   -1.285428e+02 3.918645e+02 1.868743e+02
    endloop
  endfacet
  facet normal -6.835492e-01 -7.065509e-01 1.831565e-01
    outer loop
      vertex   -1.275482e+02 3.908645e+02 1.867285e+02
      vertex   -1.285428e+02 3.918645e+02 1.868743e+02
      vertex   -1.275966e+02 3.908645e+02 1.865479e+02
    endloop
  endfacet
  facet normal -6.701597e-01 -7.074137e-01 2.246149e-01
    outer loop
      vertex   -1.275966e+02 3.908645e+02 1.865479e+02
      vertex   -1.285428e+02 3.918645e+02 1.868743e+02
      vertex   -1.285868e+02 3.918645e+02 1.867429e+02
    endloop
  endfacet
  facet normal -6.677373e-01 -7.067772e-01 2.336514e-01
    outer loop
      vertex   -1.275966e+02 3.908645e+02 1.865479e+02
      vertex   -1.285868e+02 3.918645e+02 1.867429e+02
      vertex   -1.276584e+02 3.908645e+02 1.863714e+02
    endloop
  endfacet
  facet normal -6.482493e-01 -7.069519e-01 2.828283e-01
    outer loop
      vertex   -1.276584e+02 3.908645e+02 1.863714e+02
      vertex   -1.285868e+02 3.918645e+02 1.867429e+02
      vertex   -1.277331e+02 3.908645e+02 1.862000e+02
    endloop
  endfacet
  facet normal -6.467795e-01 -7.071914e-01 2.855811e-01
    outer loop
      vertex   -1.277331e+02 3.908645e+02 1.862000e+02
      vertex   -1.285868e+02 3.918645e+02 1.867429e+02
      vertex   -1.286428e+02 3.918645e+02 1.866162e+02
    endloop
  endfacet
  facet normal -6.255733e-01 -7.066435e-01 3.306251e-01
    outer loop
      vertex   -1.277331e+02 3.908645e+02 1.862000e+02
      vertex   -1.286428e+02 3.918645e+02 1.866162e+02
      vertex   -1.278205e+02 3.908645e+02 1.860348e+02
    endloop
  endfacet
  facet normal -6.173416e-01 -7.075674e-01 3.438570e-01
    outer loop
      vertex   -1.278205e+02 3.908645e+02 1.860348e+02
      vertex   -1.286428e+02 3.918645e+02 1.866162e+02
      vertex   -1.287102e+02 3.918645e+02 1.864951e+02
    endloop
  endfacet
  facet normal -5.992382e-01 -7.064995e-01 3.765263e-01
    outer loop
      vertex   -1.278205e+02 3.908645e+02 1.860348e+02
      vertex   -1.287102e+02 3.918645e+02 1.864951e+02
      vertex   -1.279200e+02 3.908645e+02 1.858765e+02
    endloop
  endfacet
  facet normal -5.828964e-01 -7.076698e-01 3.992933e-01
    outer loop
      vertex   -1.279200e+02 3.908645e+02 1.858765e+02
      vertex   -1.287102e+02 3.918645e+02 1.864951e+02
      vertex   -1.287885e+02 3.918645e+02 1.863808e+02
    endloop
  endfacet
  facet normal -5.694082e-01 -7.065200e-01 4.202424e-01
    outer loop
      vertex   -1.279200e+02 3.908645e+02 1.858765e+02
      vertex   -1.287885e+02 3.918645e+02 1.863808e+02
      vertex   -1.280310e+02 3.908645e+02 1.857260e+02
    endloop
  endfacet
  facet normal -5.436993e-01 -7.074991e-01 4.514822e-01
    outer loop
      vertex   -1.280310e+02 3.908645e+02 1.857260e+02
      vertex   -1.287885e+02 3.918645e+02 1.863808e+02
      vertex   -1.288770e+02 3.918645e+02 1.862742e+02
    endloop
  endfacet
  facet normal -5.362711e-01 -7.067052e-01 4.614986e-01
    outer loop
      vertex   -1.280310e+02 3.908645e+02 1.857260e+02
      vertex   -1.288770e+02 3.918645e+02 1.862742e+02
      vertex   -1.281529e+02 3.908645e+02 1.855843e+02
    endloop
  endfacet
  facet normal -5.000369e-01 -7.070546e-01 5.000369e-01
    outer loop
      vertex   -1.281529e+02 3.908645e+02 1.855843e+02
      vertex   -1.288770e+02 3.918645e+02 1.862742e+02
      vertex   -1.289750e+02 3.918645e+02 1.861762e+02
    endloop
  endfacet
  facet normal -5.000369e-01 -7.070546e-01 5.000369e-01
    outer loop
      vertex   -1.281529e+02 3.908645e+02 1.855843e+02
      vertex   -1.289750e+02 3.918645e+02 1.861762e+02
      vertex   -1.282851e+02 3.908645e+02 1.854521e+02
    endloop
  endfacet
  facet normal -4.614986e-01 -7.067052e-01 5.362711e-01
    outer loop
      vertex   -1.282851e+02 3.908645e+02 1.854521e+02
      vertex   -1.289750e+02 3.918645e+02 1.861762e+02
      vertex   -1.284268e+02 3.908645e+02 1.853302e+02
    endloop
  endfacet
  facet normal -4.514822e-01 -7.074991e-01 5.436993e-01
    outer loop
      vertex   -1.284268e+02 3.908645e+02 1.853302e+02
      vertex   -1.289750e+02 3.918645e+02 1.861762e+02
      vertex   -1.290816e+02 3.918645e+02 1.860877e+02
    endloop
  endfacet
  facet normal -4.202424e-01 -7.065200e-01 5.694082e-01
    outer loop
      vertex   -1.284268e+02 3.908645e+02 1.853302e+02
      vertex   -1.290816e+02 3.918645e+02 1.860877e+02
      vertex   -1.285773e+02 3.908645e+02 1.852192e+02
    endloop
  endfacet
  facet normal -3.992933e-01 -7.076698e-01 5.828964e-01
    outer loop
      vertex   -1.285773e+02 3.908645e+02 1.852192e+02
      vertex   -1.290816e+02 3.918645e+02 1.860877e+02
      vertex   -1.291959e+02 3.918645e+02 1.860094e+02
    endloop
  endfacet
  facet normal -3.765263e-01 -7.064995e-01 5.992382e-01
    outer loop
      vertex   -1.285773e+02 3.908645e+02 1.852192e+02
      vertex   -1.291959e+02 3.918645e+02 1.860094e+02
      vertex   -1.287356e+02 3.908645e+02 1.851197e+02
    endloop
  endfacet
  facet normal -3.438570e-01 -7.075674e-01 6.173416e-01
    outer loop
      vertex   -1.287356e+02 3.908645e+02 1.851197e+02
      vertex   -1.291959e+02 3.918645e+02 1.860094e+02
      vertex   -1.293169e+02 3.918645e+02 1.859420e+02
    endloop
  endfacet
  facet normal -3.306251e-01 -7.066435e-01 6.255733e-01
    outer loop
      vertex   -1.287356e+02 3.908645e+02 1.851197e+02
      vertex   -1.293169e+02 3.918645e+02 1.859420e+02
      vertex   -1.289008e+02 3.908645e+02 1.850323e+02
    endloop
  endfacet
  facet normal -2.855811e-01 -7.071914e-01 6.467795e-01
    outer loop
      vertex   -1.289008e+02 3.908645e+02 1.850323e+02
      vertex   -1.293169e+02 3.918645e+02 1.859420e+02
      vertex   -1.294437e+02 3.918645e+02 1.858861e+02
    endloop
  endfacet
  facet normal -2.828283e-01 -7.069519e-01 6.482493e-01
    outer loop
      vertex   -1.289008e+02 3.908645e+02 1.850323e+02
      vertex   -1.294437e+02 3.918645e+02 1.858861e+02
      vertex   -1.290722e+02 3.908645e+02 1.849576e+02
    endloop
  endfacet
  facet normal -2.336514e-01 -7.067772e-01 6.677373e-01
    outer loop
      vertex   -1.290722e+02 3.908645e+02 1.849576e+02
      vertex   -1.294437e+02 3.918645e+02 1.858861e+02
      vertex   -1.292487e+02 3.908645e+02 1.848958e+02
    endloop
  endfacet
  facet normal -2.246149e-01 -7.074137e-01 6.701597e-01
    outer loop
      vertex   -1.292487e+02 3.908645e+02 1.848958e+02
      vertex   -1.294437e+02 3.918645e+02 1.858861e+02
      vertex   -1.295751e+02 3.918645e+02 1.858420e+02
    endloop
  endfacet
  facet normal -1.831565e-01 -7.065509e-01 6.835492e-01
    outer loop
      vertex   -1.292487e+02 3.908645e+02 1.848958e+02
      vertex   -1.295751e+02 3.918645e+02 1.858420e+02
      vertex   -1.294292e+02 3.908645e+02 1.848474e+02
    endloop
  endfacet
  facet normal -1.617674e-01 -7.076528e-01 6.877927e-01
    outer loop
      vertex   -1.294292e+02 3.908645e+02 1.848474e+02
      vertex   -1.295751e+02 3.918645e+02 1.858420e+02
      vertex   -1.297099e+02 3.918645e+02 1.858103e+02
    endloop
  endfacet
  facet normal -1.315741e-01 -7.064892e-01 6.953857e-01
    outer loop
      vertex   -1.294292e+02 3.908645e+02 1.848474e+02
      vertex   -1.297099e+02 3.918645e+02 1.858103e+02
      vertex   -1.296129e+02 3.908645e+02 1.848127e+02
    endloop
  endfacet
  facet normal -9.762053e-02 -7.076186e-01 6.998186e-01
    outer loop
      vertex   -1.296129e+02 3.908645e+02 1.848127e+02
      vertex   -1.297099e+02 3.918645e+02 1.858103e+02
      vertex   -1.298471e+02 3.918645e+02 1.857912e+02
    endloop
  endfacet
  facet normal -7.922843e-02 -7.065921e-01 7.031717e-01
    outer loop
      vertex   -1.296129e+02 3.908645e+02 1.848127e+02
      vertex   -1.298471e+02 3.918645e+02 1.857912e+02
      vertex   -1.297987e+02 3.908645e+02 1.847917e+02
    endloop
  endfacet
  facet normal -3.264720e-02 -7.073111e-01 7.061481e-01
    outer loop
      vertex   -1.297987e+02 3.908645e+02 1.847917e+02
      vertex   -1.298471e+02 3.918645e+02 1.857912e+02
      vertex   -1.299856e+02 3.918645e+02 1.857848e+02
    endloop
  endfacet
  facet normal -2.644881e-02 -7.068594e-01 7.068594e-01
    outer loop
      vertex   -1.297987e+02 3.908645e+02 1.847917e+02
      vertex   -1.299856e+02 3.918645e+02 1.857848e+02
      vertex   -1.299856e+02 3.908645e+02 1.847848e+02
    endloop
  endfacet
  facet normal -7.071068e-01 -7.071068e-01 -1.708261e-13
    outer loop
      vertex   -1.284856e+02 3.918645e+02 1.912848e+02
      vertex   -1.284856e+02 3.918645e+02 1.872848e+02
      vertex   -1.274856e+02 3.908645e+02 1.912848e+02
    endloop
  endfacet
  facet normal -7.071068e-01 -7.071068e-01 -0.000000e+00
    outer loop
      vertex   -1.274856e+02 3.908645e+02 1.912848e+02
      vertex   -1.284856e+02 3.918645e+02 1.872848e+02
      vertex   -1.274856e+02 3.908645e+02 1.872848e+02
    endloop
  endfacet
  facet normal -2.644881e-02 -7.068594e-01 -7.068594e-01
    outer loop
      vertex   -1.299856e+02 3.908645e+02 1.937848e+02
      vertex   -1.299856e+02 3.918645e+02 1.927848e+02
      vertex   -1.297987e+02 3.908645e+02 1.937778e+02
    endloop
  endfacet
  facet normal -3.264720e-02 -7.073111e-01 -7.061481e-01
    outer loop
      vertex   -1.297987e+02 3.908645e+02 1.937778e+02
      vertex   -1.299856e+02 3.918645e+02 1.927848e+02
      vertex   -1.298471e+02 3.918645e+02 1.927784e+02
    endloop
  endfacet
  facet normal -7.922843e-02 -7.065921e-01 -7.031717e-01
    outer loop
      vertex   -1.297987e+02 3.908645e+02 1.937778e+02
      vertex   -1.298471e+02 3.918645e+02 1.927784e+02
      vertex   -1.296129e+02 3.908645e+02 1.937568e+02
    endloop
  endfacet
  facet normal -9.762053e-02 -7.076186e-01 -6.998186e-01
    outer loop
      vertex   -1.296129e+02 3.908645e+02 1.937568e+02
      vertex   -1.298471e+02 3.918645e+02 1.927784e+02
      vertex   -1.297099e+02 3.918645e+02 1.927592e+02
    endloop
  endfacet
  facet normal -1.315741e-01 -7.064892e-01 -6.953857e-01
    outer loop
      vertex   -1.296129e+02 3.908645e+02 1.937568e+02
      vertex   -1.297099e+02 3.918645e+02 1.927592e+02
      vertex   -1.294292e+02 3.908645e+02 1.937221e+02
    endloop
  endfacet
  facet normal -1.617674e-01 -7.076528e-01 -6.877927e-01
    outer loop
      vertex   -1.294292e+02 3.908645e+02 1.937221e+02
      vertex   -1.297099e+02 3.918645e+02 1.927592e+02
      vertex   -1.295751e+02 3.918645e+02 1.927275e+02
    endloop
  endfacet
  facet normal -1.831565e-01 -7.065509e-01 -6.835492e-01
    outer loop
      vertex   -1.294292e+02 3.908645e+02 1.937221e+02
      vertex   -1.295751e+02 3.918645e+02 1.927275e+02
      vertex   -1.292487e+02 3.908645e+02 1.936737e+02
    endloop
  endfacet
  facet normal -2.246149e-01 -7.074137e-01 -6.701597e-01
    outer loop
      vertex   -1.292487e+02 3.908645e+02 1.936737e+02
      vertex   -1.295751e+02 3.918645e+02 1.927275e+02
      vertex   -1.294437e+02 3.918645e+02 1.926835e+02
    endloop
  endfacet
  facet normal -2.336514e-01 -7.067772e-01 -6.677373e-01
    outer loop
      vertex   -1.292487e+02 3.908645e+02 1.936737e+02
      vertex   -1.294437e+02 3.918645e+02 1.926835e+02
      vertex   -1.290722e+02 3.908645e+02 1.936119e+02
    endloop
  endfacet
  facet normal -2.828283e-01 -7.069519e-01 -6.482493e-01
    outer loop
      vertex   -1.290722e+02 3.908645e+02 1.936119e+02
      vertex   -1.294437e+02 3.918645e+02 1.926835e+02
      vertex   -1.289008e+02 3.908645e+02 1.935372e+02
    endloop
  endfacet
  facet normal -2.855811e-01 -7.071914e-01 -6.467795e-01
    outer loop
      vertex   -1.289008e+02 3.908645e+02 1.935372e+02
      vertex   -1.294437e+02 3.918645e+02 1.926835e+02
      vertex   -1.293169e+02 3.918645e+02 1.926275e+02
    endloop
  endfacet
  facet normal -3.306251e-01 -7.066435e-01 -6.255733e-01
    outer loop
      vertex   -1.289008e+02 3.908645e+02 1.935372e+02
      vertex   -1.293169e+02 3.918645e+02 1.926275e+02
      vertex   -1.287356e+02 3.908645e+02 1.934498e+02
    endloop
  endfacet
  facet normal -3.438570e-01 -7.075674e-01 -6.173416e-01
    outer loop
      vertex   -1.287356e+02 3.908645e+02 1.934498e+02
      vertex   -1.293169e+02 3.918645e+02 1.926275e+02
      vertex   -1.291959e+02 3.918645e+02 1.925601e+02
    endloop
  endfacet
  facet normal -3.765263e-01 -7.064995e-01 -5.992382e-01
    outer loop
      vertex   -1.287356e+02 3.908645e+02 1.934498e+02
      vertex   -1.291959e+02 3.918645e+02 1.925601e+02
      vertex   -1.285773e+02 3.908645e+02 1.933504e+02
    endloop
  endfacet
  facet normal -3.992933e-01 -7.076698e-01 -5.828964e-01
    outer loop
      vertex   -1.285773e+02 3.908645e+02 1.933504e+02
      vertex   -1.291959e+02 3.918645e+02 1.925601e+02
      vertex   -1.290816e+02 3.918645e+02 1.924818e+02
    endloop
  endfacet
  facet normal -4.202424e-01 -7.065200e-01 -5.694082e-01
    outer loop
      vertex   -1.285773e+02 3.908645e+02 1.933504e+02
      vertex   -1.290816e+02 3.918645e+02 1.924818e+02
      vertex   -1.284268e+02 3.908645e+02 1.932393e+02
    endloop
  endfacet
  facet normal -4.514822e-01 -7.074991e-01 -5.436993e-01
    outer loop
      vertex   -1.284268e+02 3.908645e+02 1.932393e+02
      vertex   -1.290816e+02 3.918645e+02 1.924818e+02
      vertex   -1.289750e+02 3.918645e+02 1.923933e+02
    endloop
  endfacet
  facet normal -4.614986e-01 -7.067052e-01 -5.362711e-01
    outer loop
      vertex   -1.284268e+02 3.908645e+02 1.932393e+02
      vertex   -1.289750e+02 3.918645e+02 1.923933e+02
      vertex   -1.282851e+02 3.908645e+02 1.931174e+02
    endloop
  endfacet
  facet normal -5.000369e-01 -7.070546e-01 -5.000369e-01
    outer loop
      vertex   -1.282851e+02 3.908645e+02 1.931174e+02
      vertex   -1.289750e+02 3.918645e+02 1.923933e+02
      vertex   -1.288770e+02 3.918645e+02 1.922953e+02
    endloop
  endfacet
  facet normal -5.000369e-01 -7.070546e-01 -5.000369e-01
    outer loop
      vertex   -1.282851e+02 3.908645e+02 1.931174e+02
      vertex   -1.288770e+02 3.918645e+02 1.922953e+02
      vertex   -1.281529e+02 3.908645e+02 1.929852e+02
    endloop
  endfacet
  facet normal -5.362711e-01 -7.067052e-01 -4.614986e-01
    outer loop
      vertex   -1.281529e+02 3.908645e+02 1.929852e+02
      vertex   -1.288770e+02 3.918645e+02 1.922953e+02
      vertex   -1.280310e+02 3.908645e+02 1.928435e+02
    endloop
  endfacet
  facet normal -5.436993e-01 -7.074991e-01 -4.514822e-01
    outer loop
      vertex   -1.280310e+02 3.908645e+02 1.928435e+02
      vertex   -1.288770e+02 3.918645e+02 1.922953e+02
      vertex   -1.287885e+02 3.918645e+02 1.921887e+02
    endloop
  endfacet
  facet normal -5.694082e-01 -7.065200e-01 -4.202424e-01
    outer loop
      vertex   -1.280310e+02 3.908645e+02 1.928435e+02
      vertex   -1.287885e+02 3.918645e+02 1.921887e+02
      vertex   -1.279200e+02 3.908645e+02 1.926931e+02
    endloop
  endfacet
  facet normal -5.828964e-01 -7.076698e-01 -3.992933e-01
    outer loop
      vertex   -1.279200e+02 3.908645e+02 1.926931e+02
      vertex   -1.287885e+02 3.918645e+02 1.921887e+02
      vertex   -1.287102e+02 3.918645e+02 1.920744e+02
    endloop
  endfacet
  facet normal -5.992382e-01 -7.064995e-01 -3.765263e-01
    outer loop
      vertex   -1.279200e+02 3.908645e+02 1.926931e+02
      vertex   -1.287102e+02 3.918645e+02 1.920744e+02
      vertex   -1.278205e+02 3.908645e+02 1.925348e+02
    endloop
  endfacet
  facet normal -6.173416e-01 -7.075674e-01 -3.438570e-01
    outer loop
      vertex   -1.278205e+02 3.908645e+02 1.925348e+02
      vertex   -1.287102e+02 3.918645e+02 1.920744e+02
      vertex   -1.286428e+02 3.918645e+02 1.919534e+02
    endloop
  endfacet
  facet normal -6.255733e-01 -7.066435e-01 -3.306251e-01
    outer loop
      vertex   -1.278205e+02 3.908645e+02 1.925348e+02
      vertex   -1.286428e+02 3.918645e+02 1.919534e+02
      vertex   -1.277331e+02 3.908645e+02 1.923695e+02
    endloop
  endfacet
  facet normal -6.467795e-01 -7.071914e-01 -2.855811e-01
    outer loop
      vertex   -1.277331e+02 3.908645e+02 1.923695e+02
      vertex   -1.286428e+02 3.918645e+02 1.919534e+02
      vertex   -1.285868e+02 3.918645e+02 1.918266e+02
    endloop
  endfacet
  facet normal -6.482493e-01 -7.069519e-01 -2.828283e-01
    outer loop
      vertex   -1.277331e+02 3.908645e+02 1.923695e+02
      vertex   -1.285868e+02 3.918645e+02 1.918266e+02
      vertex   -1.276584e+02 3.908645e+02 1.921981e+02
    endloop
  endfacet
  facet normal -6.677373e-01 -7.067772e-01 -2.336514e-01
    outer loop
      vertex   -1.276584e+02 3.908645e+02 1.921981e+02
      vertex   -1.285868e+02 3.918645e+02 1.918266e+02
      vertex   -1.275966e+02 3.908645e+02 1.920216e+02
    endloop
  endfacet
  facet normal -6.701597e-01 -7.074137e-01 -2.246149e-01
    outer loop
      vertex   -1.275966e+02 3.908645e+02 1.920216e+02
      vertex   -1.285868e+02 3.918645e+02 1.918266e+02
      vertex   -1.285428e+02 3.918645e+02 1.916953e+02
    endloop
  endfacet
  facet normal -6.835492e-01 -7.065509e-01 -1.831565e-01
    outer loop
      vertex   -1.275966e+02 3.908645e+02 1.920216e+02
      vertex   -1.285428e+02 3.918645e+02 1.916953e+02
      vertex   -1.275482e+02 3.908645e+02 1.918411e+02
    endloop
  endfacet
  facet normal -6.877927e-01 -7.076528e-01 -1.617674e-01
    outer loop
      vertex   -1.275482e+02 3.908645e+02 1.918411e+02
      vertex   -1.285428e+02 3.918645e+02 1.916953e+02
      vertex   -1.285111e+02 3.918645e+02 1.915604e+02
    endloop
  endfacet
  facet normal -6.953857e-01 -7.064892e-01 -1.315741e-01
    outer loop
      vertex   -1.275482e+02 3.908645e+02 1.918411e+02
      vertex   -1.285111e+02 3.918645e+02 1.915604e+02
      vertex   -1.275135e+02 3.908645e+02 1.916574e+02
    endloop
  endfacet
  facet normal -6.998186e-01 -7.076186e-01 -9.762053e-02
    outer loop
      vertex   -1.275135e+02 3.908645e+02 1.916574e+02
      vertex   -1.285111e+02 3.918645e+02 1.915604e+02
      vertex   -1.284920e+02 3.918645e+02 1.914232e+02
    endloop
  endfacet
  facet normal -7.031717e-01 -7.065921e-01 -7.922843e-02
    outer loop
      vertex   -1.275135e+02 3.908645e+02 1.916574e+02
      vertex   -1.284920e+02 3.918645e+02 1.914232e+02
      vertex   -1.274925e+02 3.908645e+02 1.914716e+02
    endloop
  endfacet
  facet normal -7.061481e-01 -7.073111e-01 -3.264720e-02
    outer loop
      vertex   -1.274925e+02 3.908645e+02 1.914716e+02
      vertex   -1.284920e+02 3.918645e+02 1.914232e+02
      vertex   -1.284856e+02 3.918645e+02 1.912848e+02
    endloop
  endfacet
  facet normal -7.068594e-01 -7.068594e-01 -2.644881e-02
    outer loop
      vertex   -1.274925e+02 3.908645e+02 1.914716e+02
      vertex   -1.284856e+02 3.918645e+02 1.912848e+02
      vertex   -1.274856e+02 3.908645e+02 1.912848e+02
    endloop
  endfacet
  facet normal 0.000000e+00 -7.071068e-01 -7.071068e-01
    outer loop
      vertex   -1.370862e+02 3.918645e+02 1.927848e+02
      vertex   -1.299856e+02 3.918645e+02 1.927848e+02
      vertex   -1.370862e+02 3.908645e+02 1.937848e+02
    endloop
  endfacet
  facet normal -1.018914e-13 -7.071068e-01 -7.071068e-01
    outer loop
      vertex   -1.370862e+02 3.908645e+02 1.937848e+02
      vertex   -1.299856e+02 3.918645e+02 1.927848e+02
      vertex   -1.299856e+02 3.908645e+02 1.937848e+02
    endloop
  endfacet
  facet normal 7.068594e-01 -7.068594e-01 -2.644881e-02
    outer loop
      vertex   -1.395862e+02 3.908645e+02 1.912848e+02
      vertex   -1.385862e+02 3.918645e+02 1.912848e+02
      vertex   -1.395792e+02 3.908645e+02 1.914716e+02
    endloop
  endfacet
  facet normal 7.061481e-01 -7.073111e-01 -3.264720e-02
    outer loop
      vertex   -1.395792e+02 3.908645e+02 1.914716e+02
      vertex   -1.385862e+02 3.918645e+02 1.912848e+02
      vertex   -1.385798e+02 3.918645e+02 1.914232e+02
    endloop
  endfacet
  facet normal 7.031717e-01 -7.065921e-01 -7.922843e-02
    outer loop
      vertex   -1.395792e+02 3.908645e+02 1.914716e+02
      vertex   -1.385798e+02 3.918645e+02 1.914232e+02
      vertex   -1.395583e+02 3.908645e+02 1.916574e+02
    endloop
  endfacet
  facet normal 6.998186e-01 -7.076186e-01 -9.762053e-02
    outer loop
      vertex   -1.395583e+02 3.908645e+02 1.916574e+02
      vertex   -1.385798e+02 3.918645e+02 1.914232e+02
      vertex   -1.385607e+02 3.918645e+02 1.915604e+02
    endloop
  endfacet
  facet normal 6.953857e-01 -7.064892e-01 -1.315741e-01
    outer loop
      vertex   -1.395583e+02 3.908645e+02 1.916574e+02
      vertex   -1.385607e+02 3.918645e+02 1.915604e+02
      vertex   -1.395236e+02 3.908645e+02 1.918411e+02
    endloop
  endfacet
  facet normal 6.877927e-01 -7.076528e-01 -1.617674e-01
    outer loop
      vertex   -1.395236e+02 3.908645e+02 1.918411e+02
      vertex   -1.385607e+02 3.918645e+02 1.915604e+02
      vertex   -1.385290e+02 3.918645e+02 1.916953e+02
    endloop
  endfacet
  facet normal 6.835492e-01 -7.065509e-01 -1.831565e-01
    outer loop
      vertex   -1.395236e+02 3.908645e+02 1.918411e+02
      vertex   -1.385290e+02 3.918645e+02 1.916953e+02
      vertex   -1.394752e+02 3.908645e+02 1.920216e+02
    endloop
  endfacet
  facet normal 6.701597e-01 -7.074137e-01 -2.246149e-01
    outer loop
      vertex   -1.394752e+02 3.908645e+02 1.920216e+02
      vertex   -1.385290e+02 3.918645e+02 1.916953e+02
      vertex   -1.384849e+02 3.918645e+02 1.918266e+02
    endloop
  endfacet
  facet normal 6.677373e-01 -7.067772e-01 -2.336514e-01
    outer loop
      vertex   -1.394752e+02 3.908645e+02 1.920216e+02
      vertex   -1.384849e+02 3.918645e+02 1.918266e+02
      vertex   -1.394134e+02 3.908645e+02 1.921981e+02
    endloop
  endfacet
  facet normal 6.482493e-01 -7.069519e-01 -2.828283e-01
    outer loop
      vertex   -1.394134e+02 3.908645e+02 1.921981e+02
      vertex   -1.384849e+02 3.918645e+02 1.918266e+02
      vertex   -1.393387e+02 3.908645e+02 1.923695e+02
    endloop
  endfacet
  facet normal 6.467795e-01 -7.071914e-01 -2.855811e-01
    outer loop
      vertex   -1.393387e+02 3.908645e+02 1.923695e+02
      vertex   -1.384849e+02 3.918645e+02 1.918266e+02
      vertex   -1.384290e+02 3.918645e+02 1.919534e+02
    endloop
  endfacet
  facet normal 6.255733e-01 -7.066435e-01 -3.306251e-01
    outer loop
      vertex   -1.393387e+02 3.908645e+02 1.923695e+02
      vertex   -1.384290e+02 3.918645e+02 1.919534e+02
      vertex   -1.392513e+02 3.908645e+02 1.925348e+02
    endloop
  endfacet
  facet normal 6.173416e-01 -7.075674e-01 -3.438570e-01
    outer loop
      vertex   -1.392513e+02 3.908645e+02 1.925348e+02
      vertex   -1.384290e+02 3.918645e+02 1.919534e+02
      vertex   -1.383616e+02 3.918645e+02 1.920744e+02
    endloop
  endfacet
  facet normal 5.992382e-01 -7.064995e-01 -3.765263e-01
    outer loop
      vertex   -1.392513e+02 3.908645e+02 1.925348e+02
      vertex   -1.383616e+02 3.918645e+02 1.920744e+02
      vertex   -1.391518e+02 3.908645e+02 1.926931e+02
    endloop
  endfacet
  facet normal 5.828964e-01 -7.076698e-01 -3.992933e-01
    outer loop
      vertex   -1.391518e+02 3.908645e+02 1.926931e+02
      vertex   -1.383616e+02 3.918645e+02 1.920744e+02
      vertex   -1.382833e+02 3.918645e+02 1.921887e+02
    endloop
  endfacet
  facet normal 5.694082e-01 -7.065200e-01 -4.202424e-01
    outer loop
      vertex   -1.391518e+02 3.908645e+02 1.926931e+02
      vertex   -1.382833e+02 3.918645e+02 1.921887e+02
      vertex   -1.390408e+02 3.908645e+02 1.928435e+02
    endloop
  endfacet
  facet normal 5.436993e-01 -7.074991e-01 -4.514822e-01
    outer loop
      vertex   -1.390408e+02 3.908645e+02 1.928435e+02
      vertex   -1.382833e+02 3.918645e+02 1.921887e+02
      vertex   -1.381947e+02 3.918645e+02 1.922953e+02
    endloop
  endfacet
  facet normal 5.362711e-01 -7.067052e-01 -4.614986e-01
    outer loop
      vertex   -1.390408e+02 3.908645e+02 1.928435e+02
      vertex   -1.381947e+02 3.918645e+02 1.922953e+02
      vertex   -1.389189e+02 3.908645e+02 1.929852e+02
    endloop
  endfacet
  facet normal 5.000369e-01 -7.070546e-01 -5.000369e-01
    outer loop
      vertex   -1.389189e+02 3.908645e+02 1.929852e+02
      vertex   -1.381947e+02 3.918645e+02 1.922953e+02
      vertex   -1.380968e+02 3.918645e+02 1.923933e+02
    endloop
  endfacet
  facet normal 5.000369e-01 -7.070546e-01 -5.000369e-01
    outer loop
      vertex   -1.389189e+02 3.908645e+02 1.929852e+02
      vertex   -1.380968e+02 3.918645e+02 1.923933e+02
      vertex   -1.387867e+02 3.908645e+02 1.931174e+02
    endloop
  endfacet
  facet normal 4.614986e-01 -7.067052e-01 -5.362711e-01
    outer loop
      vertex   -1.387867e+02 3.908645e+02 1.931174e+02
      vertex   -1.380968e+02 3.918645e+02 1.923933e+02
      vertex   -1.386450e+02 3.908645e+02 1.932393e+02
    endloop
  endfacet
  facet normal 4.514822e-01 -7.074991e-01 -5.436993e-01
    outer loop
      vertex   -1.386450e+02 3.908645e+02 1.932393e+02
      vertex   -1.380968e+02 3.918645e+02 1.923933e+02
      vertex   -1.379902e+02 3.918645e+02 1.924818e+02
    endloop
  endfacet
  facet normal 4.202424e-01 -7.065200e-01 -5.694082e-01
    outer loop
      vertex   -1.386450e+02 3.908645e+02 1.932393e+02
      vertex   -1.379902e+02 3.918645e+02 1.924818e+02
      vertex   -1.384945e+02 3.908645e+02 1.933504e+02
    endloop
  endfacet
  facet normal 3.992933e-01 -7.076698e-01 -5.828964e-01
    outer loop
      vertex   -1.384945e+02 3.908645e+02 1.933504e+02
      vertex   -1.379902e+02 3.918645e+02 1.924818e+02
      vertex   -1.378759e+02 3.918645e+02 1.925601e+02
    endloop
  endfacet
  facet normal 3.765263e-01 -7.064995e-01 -5.992382e-01
    outer loop
      vertex   -1.384945e+02 3.908645e+02 1.933504e+02
      vertex   -1.378759e+02 3.918645e+02 1.925601e+02
      vertex   -1.383362e+02 3.908645e+02 1.934498e+02
    endloop
  endfacet
  facet normal 3.438570e-01 -7.075674e-01 -6.173416e-01
    outer loop
      vertex   -1.383362e+02 3.908645e+02 1.934498e+02
      vertex   -1.378759e+02 3.918645e+02 1.925601e+02
      vertex   -1.377548e+02 3.918645e+02 1.926275e+02
    endloop
  endfacet
  facet normal 3.306251e-01 -7.066435e-01 -6.255733e-01
    outer loop
      vertex   -1.383362e+02 3.908645e+02 1.934498e+02
      vertex   -1.377548e+02 3.918645e+02 1.926275e+02
      vertex   -1.381709e+02 3.908645e+02 1.935372e+02
    endloop
  endfacet
  facet normal 2.855811e-01 -7.071914e-01 -6.467795e-01
    outer loop
      vertex   -1.381709e+02 3.908645e+02 1.935372e+02
      vertex   -1.377548e+02 3.918645e+02 1.926275e+02
      vertex   -1.376281e+02 3.918645e+02 1.926835e+02
    endloop
  endfacet
  facet normal 2.828283e-01 -7.069519e-01 -6.482493e-01
    outer loop
      vertex   -1.381709e+02 3.908645e+02 1.935372e+02
      vertex   -1.376281e+02 3.918645e+02 1.926835e+02
      vertex   -1.379996e+02 3.908645e+02 1.936119e+02
    endloop
  endfacet
  facet normal 2.336514e-01 -7.067772e-01 -6.677373e-01
    outer loop
      vertex   -1.379996e+02 3.908645e+02 1.936119e+02
      vertex   -1.376281e+02 3.918645e+02 1.926835e+02
      vertex   -1.378231e+02 3.908645e+02 1.936737e+02
    endloop
  endfacet
  facet normal 2.246149e-01 -7.074137e-01 -6.701597e-01
    outer loop
      vertex   -1.378231e+02 3.908645e+02 1.936737e+02
      vertex   -1.376281e+02 3.918645e+02 1.926835e+02
      vertex   -1.374967e+02 3.918645e+02 1.927275e+02
    endloop
  endfacet
  facet normal 1.831565e-01 -7.065509e-01 -6.835492e-01
    outer loop
      vertex   -1.378231e+02 3.908645e+02 1.936737e+02
      vertex   -1.374967e+02 3.918645e+02 1.927275e+02
      vertex   -1.376425e+02 3.908645e+02 1.937221e+02
    endloop
  endfacet
  facet normal 1.617674e-01 -7.076528e-01 -6.877927e-01
    outer loop
      vertex   -1.376425e+02 3.908645e+02 1.937221e+02
      vertex   -1.374967e+02 3.918645e+02 1.927275e+02
      vertex   -1.373619e+02 3.918645e+02 1.927592e+02
    endloop
  endfacet
  facet normal 1.315741e-01 -7.064892e-01 -6.953857e-01
    outer loop
      vertex   -1.376425e+02 3.908645e+02 1.937221e+02
      vertex   -1.373619e+02 3.918645e+02 1.927592e+02
      vertex   -1.374588e+02 3.908645e+02 1.937568e+02
    endloop
  endfacet
  facet normal 9.762053e-02 -7.076186e-01 -6.998186e-01
    outer loop
      vertex   -1.374588e+02 3.908645e+02 1.937568e+02
      vertex   -1.373619e+02 3.918645e+02 1.927592e+02
      vertex   -1.372246e+02 3.918645e+02 1.927784e+02
    endloop
  endfacet
  facet normal 7.922843e-02 -7.065921e-01 -7.031717e-01
    outer loop
      vertex   -1.374588e+02 3.908645e+02 1.937568e+02
      vertex   -1.372246e+02 3.918645e+02 1.927784e+02
      vertex   -1.372731e+02 3.908645e+02 1.937778e+02
    endloop
  endfacet
  facet normal 3.264720e-02 -7.073111e-01 -7.061481e-01
    outer loop
      vertex   -1.372731e+02 3.908645e+02 1.937778e+02
      vertex   -1.372246e+02 3.918645e+02 1.927784e+02
      vertex   -1.370862e+02 3.918645e+02 1.927848e+02
    endloop
  endfacet
  facet normal 2.644881e-02 -7.068594e-01 -7.068594e-01
    outer loop
      vertex   -1.372731e+02 3.908645e+02 1.937778e+02
      vertex   -1.370862e+02 3.918645e+02 1.927848e+02
      vertex   -1.370862e+02 3.908645e+02 1.937848e+02
    endloop
  endfacet
  facet normal 7.071068e-01 -7.071068e-01 -1.708261e-13
    outer loop
      vertex   -1.385862e+02 3.918645e+02 1.872848e+02
      vertex   -1.385862e+02 3.918645e+02 1.912848e+02
      vertex   -1.395862e+02 3.908645e+02 1.872848e+02
    endloop
  endfacet
  facet normal 7.071068e-01 -7.071068e-01 0.000000e+00
    outer loop
      vertex   -1.395862e+02 3.908645e+02 1.872848e+02
      vertex   -1.385862e+02 3.918645e+02 1.912848e+02
      vertex   -1.395862e+02 3.908645e+02 1.912848e+02
    endloop
  endfacet
  facet normal 2.644881e-02 -7.068594e-01 7.068594e-01
    outer loop
      vertex   -1.370862e+02 3.908645e+02 1.847848e+02
      vertex   -1.370862e+02 3.918645e+02 1.857848e+02
      vertex   -1.372731e+02 3.908645e+02 1.847917e+02
    endloop
  endfacet
  facet normal 3.264720e-02 -7.073111e-01 7.061481e-01
    outer loop
      vertex   -1.372731e+02 3.908645e+02 1.847917e+02
      vertex   -1.370862e+02 3.918645e+02 1.857848e+02
      vertex   -1.372246e+02 3.918645e+02 1.857912e+02
    endloop
  endfacet
  facet normal 7.922843e-02 -7.065921e-01 7.031717e-01
    outer loop
      vertex   -1.372731e+02 3.908645e+02 1.847917e+02
      vertex   -1.372246e+02 3.918645e+02 1.857912e+02
      vertex   -1.374588e+02 3.908645e+02 1.848127e+02
    endloop
  endfacet
  facet normal 9.762053e-02 -7.076186e-01 6.998186e-01
    outer loop
      vertex   -1.374588e+02 3.908645e+02 1.848127e+02
      vertex   -1.372246e+02 3.918645e+02 1.857912e+02
      vertex   -1.373619e+02 3.918645e+02 1.858103e+02
    endloop
  endfacet
  facet normal 1.315741e-01 -7.064892e-01 6.953857e-01
    outer loop
      vertex   -1.374588e+02 3.908645e+02 1.848127e+02
      vertex   -1.373619e+02 3.918645e+02 1.858103e+02
      vertex   -1.376425e+02 3.908645e+02 1.848474e+02
    endloop
  endfacet
  facet normal 1.617674e-01 -7.076528e-01 6.877927e-01
    outer loop
      vertex   -1.376425e+02 3.908645e+02 1.848474e+02
      vertex   -1.373619e+02 3.918645e+02 1.858103e+02
      vertex   -1.374967e+02 3.918645e+02 1.858420e+02
    endloop
  endfacet
  facet normal 1.831565e-01 -7.065509e-01 6.835492e-01
    outer loop
      vertex   -1.376425e+02 3.908645e+02 1.848474e+02
      vertex   -1.374967e+02 3.918645e+02 1.858420e+02
      vertex   -1.378231e+02 3.908645e+02 1.848958e+02
    endloop
  endfacet
  facet normal 2.246149e-01 -7.074137e-01 6.701597e-01
    outer loop
      vertex   -1.378231e+02 3.908645e+02 1.848958e+02
      vertex   -1.374967e+02 3.918645e+02 1.858420e+02
      vertex   -1.376281e+02 3.918645e+02 1.858861e+02
    endloop
  endfacet
  facet normal 2.336514e-01 -7.067772e-01 6.677373e-01
    outer loop
      vertex   -1.378231e+02 3.908645e+02 1.848958e+02
      vertex   -1.376281e+02 3.918645e+02 1.858861e+02
      vertex   -1.379996e+02 3.908645e+02 1.849576e+02
    endloop
  endfacet
  facet normal 2.828283e-01 -7.069519e-01 6.482493e-01
    outer loop
      vertex   -1.379996e+02 3.908645e+02 1.849576e+02
      vertex   -1.376281e+02 3.918645e+02 1.858861e+02
      vertex   -1.381709e+02 3.908645e+02 1.850323e+02
    endloop
  endfacet
  facet normal 2.855811e-01 -7.071914e-01 6.467795e-01
    outer loop
      vertex   -1.381709e+02 3.908645e+02 1.850323e+02
      vertex   -1.376281e+02 3.918645e+02 1.858861e+02
      vertex   -1.377548e+02 3.918645e+02 1.859420e+02
    endloop
  endfacet
  facet normal 3.306251e-01 -7.066435e-01 6.255733e-01
    outer loop
      vertex   -1.381709e+02 3.908645e+02 1.850323e+02
      vertex   -1.377548e+02 3.918645e+02 1.859420e+02
      vertex   -1.383362e+02 3.908645e+02 1.851197e+02
    endloop
  endfacet
  facet normal 3.438570e-01 -7.075674e-01 6.173416e-01
    outer loop
      vertex   -1.383362e+02 3.908645e+02 1.851197e+02
      vertex   -1.377548e+02 3.918645e+02 1.859420e+02
      vertex   -1.378759e+02 3.918645e+02 1.860094e+02
    endloop
  endfacet
  facet normal 3.765263e-01 -7.064995e-01 5.992382e-01
    outer loop
      vertex   -1.383362e+02 3.908645e+02 1.851197e+02
      vertex   -1.378759e+02 3.918645e+02 1.860094e+02
      vertex   -1.384945e+02 3.908645e+02 1.852192e+02
    endloop
  endfacet
  facet normal 3.992933e-01 -7.076698e-01 5.828964e-01
    outer loop
      vertex   -1.384945e+02 3.908645e+02 1.852192e+02
      vertex   -1.378759e+02 3.918645e+02 1.860094e+02
      vertex   -1.379902e+02 3.918645e+02 1.860877e+02
    endloop
  endfacet
  facet normal 4.202424e-01 -7.065200e-01 5.694082e-01
    outer loop
      vertex   -1.384945e+02 3.908645e+02 1.852192e+02
      vertex   -1.379902e+02 3.918645e+02 1.860877e+02
      vertex   -1.386450e+02 3.908645e+02 1.853302e+02
    endloop
  endfacet
  facet normal 4.514822e-01 -7.074991e-01 5.436993e-01
    outer loop
      vertex   -1.386450e+02 3.908645e+02 1.853302e+02
      vertex   -1.379902e+02 3.918645e+02 1.860877e+02
      vertex   -1.380968e+02 3.918645e+02 1.861762e+02
    endloop
  endfacet
  facet normal 4.614986e-01 -7.067052e-01 5.362711e-01
    outer loop
      vertex   -1.386450e+02 3.908645e+02 1.853302e+02
      vertex   -1.380968e+02 3.918645e+02 1.861762e+02
      vertex   -1.387867e+02 3.908645e+02 1.854521e+02
    endloop
  endfacet
  facet normal 5.000369e-01 -7.070546e-01 5.000369e-01
    outer loop
      vertex   -1.387867e+02 3.908645e+02 1.854521e+02
      vertex   -1.380968e+02 3.918645e+02 1.861762e+02
      vertex   -1.381947e+02 3.918645e+02 1.862742e+02
    endloop
  endfacet
  facet normal 5.000369e-01 -7.070546e-01 5.000369e-01
    outer loop
      vertex   -1.387867e+02 3.908645e+02 1.854521e+02
      vertex   -1.381947e+02 3.918645e+02 1.862742e+02
      vertex   -1.389189e+02 3.908645e+02 1.855843e+02
    endloop
  endfacet
  facet normal 5.362711e-01 -7.067052e-01 4.614986e-01
    outer loop
      vertex   -1.389189e+02 3.908645e+02 1.855843e+02
      vertex   -1.381947e+02 3.918645e+02 1.862742e+02
      vertex   -1.390408e+02 3.908645e+02 1.857260e+02
    endloop
  endfacet
  facet normal 5.436993e-01 -7.074991e-01 4.514822e-01
    outer loop
      vertex   -1.390408e+02 3.908645e+02 1.857260e+02
      vertex   -1.381947e+02 3.918645e+02 1.862742e+02
      vertex   -1.382833e+02 3.918645e+02 1.863808e+02
    endloop
  endfacet
  facet normal 5.694082e-01 -7.065200e-01 4.202424e-01
    outer loop
      vertex   -1.390408e+02 3.908645e+02 1.857260e+02
      vertex   -1.382833e+02 3.918645e+02 1.863808e+02
      vertex   -1.391518e+02 3.908645e+02 1.858765e+02
    endloop
  endfacet
  facet normal 5.828964e-01 -7.076698e-01 3.992933e-01
    outer loop
      vertex   -1.391518e+02 3.908645e+02 1.858765e+02
      vertex   -1.382833e+02 3.918645e+02 1.863808e+02
      vertex   -1.383616e+02 3.918645e+02 1.864951e+02
    endloop
  endfacet
  facet normal 5.992382e-01 -7.064995e-01 3.765263e-01
    outer loop
      vertex   -1.391518e+02 3.908645e+02 1.858765e+02
      vertex   -1.383616e+02 3.918645e+02 1.864951e+02
      vertex   -1.392513e+02 3.908645e+02 1.860348e+02
    endloop
  endfacet
  facet normal 6.173416e-01 -7.075674e-01 3.438570e-01
    outer loop
      vertex   -1.392513e+02 3.908645e+02 1.860348e+02
      vertex   -1.383616e+02 3.918645e+02 1.864951e+02
      vertex   -1.384290e+02 3.918645e+02 1.866162e+02
    endloop
  endfacet
  facet normal 6.255733e-01 -7.066435e-01 3.306251e-01
    outer loop
      vertex   -1.392513e+02 3.908645e+02 1.860348e+02
      vertex   -1.384290e+02 3.918645e+02 1.866162e+02
      vertex   -1.393387e+02 3.908645e+02 1.862000e+02
    endloop
  endfacet
  facet normal 6.467795e-01 -7.071914e-01 2.855811e-01
    outer loop
      vertex   -1.393387e+02 3.908645e+02 1.862000e+02
      vertex   -1.384290e+02 3.918645e+02 1.866162e+02
      vertex   -1.384849e+02 3.918645e+02 1.867429e+02
    endloop
  endfacet
  facet normal 6.482493e-01 -7.069519e-01 2.828283e-01
    outer loop
      vertex   -1.393387e+02 3.908645e+02 1.862000e+02
      vertex   -1.384849e+02 3.918645e+02 1.867429e+02
      vertex   -1.394134e+02 3.908645e+02 1.863714e+02
    endloop
  endfacet
  facet normal 6.677373e-01 -7.067772e-01 2.336514e-01
    outer loop
      vertex   -1.394134e+02 3.908645e+02 1.863714e+02
      vertex   -1.384849e+02 3.918645e+02 1.867429e+02
      vertex   -1.394752e+02 3.908645e+02 1.865479e+02
    endloop
  endfacet
  facet normal 6.701597e-01 -7.074137e-01 2.246149e-01
    outer loop
      vertex   -1.394752e+02 3.908645e+02 1.865479e+02
      vertex   -1.384849e+02 3.918645e+02 1.867429e+02
      vertex   -1.385290e+02 3.918645e+02 1.868743e+02
    endloop
  endfacet
  facet normal 6.835492e-01 -7.065509e-01 1.831565e-01
    outer loop
      vertex   -1.394752e+02 3.908645e+02 1.865479e+02
      vertex   -1.385290e+02 3.918645e+02 1.868743e+02
      vertex   -1.395236e+02 3.908645e+02 1.867285e+02
    endloop
  endfacet
  facet normal 6.877927e-01 -7.076528e-01 1.617674e-01
    outer loop
      vertex   -1.395236e+02 3.908645e+02 1.867285e+02
      vertex   -1.385290e+02 3.918645e+02 1.868743e+02
      vertex   -1.385607e+02 3.918645e+02 1.870091e+02
    endloop
  endfacet
  facet normal 6.953857e-01 -7.064892e-01 1.315741e-01
    outer loop
      vertex   -1.395236e+02 3.908645e+02 1.867285e+02
      vertex   -1.385607e+02 3.918645e+02 1.870091e+02
      vertex   -1.395583e+02 3.908645e+02 1.869122e+02
    endloop
  endfacet
  facet normal 6.998186e-01 -7.076186e-01 9.762053e-02
    outer loop
      vertex   -1.395583e+02 3.908645e+02 1.869122e+02
      vertex   -1.385607e+02 3.918645e+02 1.870091e+02
      vertex   -1.385798e+02 3.918645e+02 1.871464e+02
    endloop
  endfacet
  facet normal 7.031717e-01 -7.065921e-01 7.922843e-02
    outer loop
      vertex   -1.395583e+02 3.908645e+02 1.869122e+02
      vertex   -1.385798e+02 3.918645e+02 1.871464e+02
      vertex   -1.395792e+02 3.908645e+02 1.870979e+02
    endloop
  endfacet
  facet normal 7.061481e-01 -7.073111e-01 3.264720e-02
    outer loop
      vertex   -1.395792e+02 3.908645e+02 1.870979e+02
      vertex   -1.385798e+02 3.918645e+02 1.871464e+02
      vertex   -1.385862e+02 3.918645e+02 1.872848e+02
    endloop
  endfacet
  facet normal 7.068594e-01 -7.068594e-01 2.644881e-02
    outer loop
      vertex   -1.395792e+02 3.908645e+02 1.870979e+02
      vertex   -1.385862e+02 3.918645e+02 1.872848e+02
      vertex   -1.395862e+02 3.908645e+02 1.872848e+02
    endloop
  endfacet
  facet normal -6.354895e-14 -1.000000e+00 1.429851e-13
    outer loop
      vertex   -1.254856e+02 3.908645e+02 1.827848e+02
      vertex   -1.370862e+02 3.908645e+02 1.847848e+02
      vertex   -1.415862e+02 3.908645e+02 1.827848e+02
    endloop
  endfacet
  facet normal -2.806336e-13 -1.000000e+00 6.314256e-13
    outer loop
      vertex   -1.415862e+02 3.908645e+02 1.827848e+02
      vertex   -1.370862e+02 3.908645e+02 1.847848e+02
      vertex   -1.372731e+02 3.908645e+02 1.847917e+02
    endloop
  endfacet
  facet normal 2.569112e-15 -1.000000e+00 2.280150e-14
    outer loop
      vertex   -1.415862e+02 3.908645e+02 1.827848e+02
      vertex   -1.372731e+02 3.908645e+02 1.847917e+02
      vertex   -1.374588e+02 3.908645e+02 1.848127e+02
    endloop
  endfacet
  facet normal 4.185599e-08 -1.000000e+00 9.848468e-09
    outer loop
      vertex   -1.254856e+02 3.908645e+02 1.957848e+02
      vertex   -1.274856e+02 3.908645e+02 1.912848e+02
      vertex   -1.254856e+02 3.908645e+02 1.827848e+02
    endloop
  endfacet
  facet normal 0.000000e+00 -1.000000e+00 0.000000e+00
    outer loop
      vertex   -1.254856e+02 3.908645e+02 1.827848e+02
      vertex   -1.274856e+02 3.908645e+02 1.912848e+02
      vertex   -1.274856e+02 3.908645e+02 1.872848e+02
    endloop
  endfacet
  facet normal 1.894277e-12 -1.000000e+00 8.419007e-13
    outer loop
      vertex   -1.254856e+02 3.908645e+02 1.827848e+02
      vertex   -1.274856e+02 3.908645e+02 1.872848e+02
      vertex   -1.274925e+02 3.908645e+02 1.870979e+02
    endloop
  endfacet
  facet normal 1.895321e-08 -1.000000e+00 2.306022e-08
    outer loop
      vertex   -1.330862e+02 3.908645e+02 1.957848e+02
      vertex   -1.297987e+02 3.908645e+02 1.937778e+02
      vertex   -1.254856e+02 3.908645e+02 1.957848e+02
    endloop
  endfacet
  facet normal 5.786488e-09 -1.000000e+00 5.135650e-08
    outer loop
      vertex   -1.254856e+02 3.908645e+02 1.957848e+02
      vertex   -1.297987e+02 3.908645e+02 1.937778e+02
      vertex   -1.296129e+02 3.908645e+02 1.937568e+02
    endloop
  endfacet
  facet normal 8.624331e-09 -1.000000e+00 4.558069e-08
    outer loop
      vertex   -1.254856e+02 3.908645e+02 1.957848e+02
      vertex   -1.296129e+02 3.908645e+02 1.937568e+02
      vertex   -1.294292e+02 3.908645e+02 1.937221e+02
    endloop
  endfacet
  facet normal -8.014296e-10 -1.000000e+00 -6.411415e-09
    outer loop
      vertex   -1.330862e+02 3.908645e+02 1.982848e+02
      vertex   -1.370862e+02 3.908645e+02 1.937848e+02
      vertex   -1.330862e+02 3.908645e+02 1.957848e+02
    endloop
  endfacet
  facet normal -1.440962e-13 -1.000000e+00 -8.013980e-09
    outer loop
      vertex   -1.330862e+02 3.908645e+02 1.957848e+02
      vertex   -1.370862e+02 3.908645e+02 1.937848e+02
      vertex   -1.299856e+02 3.908645e+02 1.937848e+02
    endloop
  endfacet
  facet normal -3.186423e-10 -1.000000e+00 -8.507763e-09
    outer loop
      vertex   -1.330862e+02 3.908645e+02 1.957848e+02
      vertex   -1.299856e+02 3.908645e+02 1.937848e+02
      vertex   -1.297987e+02 3.908645e+02 1.937778e+02
    endloop
  endfacet
  facet normal -1.909006e-09 -1.000000e+00 -5.426906e-09
    outer loop
      vertex   -1.330862e+02 3.908645e+02 1.982848e+02
      vertex   -1.415862e+02 3.908645e+02 1.982848e+02
      vertex   -1.370862e+02 3.908645e+02 1.937848e+02
    endloop
  endfacet
  facet normal 1.265896e-10 -1.000000e+00 -3.391311e-09
    outer loop
      vertex   -1.370862e+02 3.908645e+02 1.937848e+02
      vertex   -1.415862e+02 3.908645e+02 1.982848e+02
      vertex   -1.372731e+02 3.908645e+02 1.937778e+02
    endloop
  endfacet
  facet normal 3.572386e-10 -1.000000e+00 -3.170580e-09
    outer loop
      vertex   -1.372731e+02 3.908645e+02 1.937778e+02
      vertex   -1.415862e+02 3.908645e+02 1.982848e+02
      vertex   -1.374588e+02 3.908645e+02 1.937568e+02
    endloop
  endfacet
  facet normal 5.642093e-10 -1.000000e+00 -2.981918e-09
    outer loop
      vertex   -1.374588e+02 3.908645e+02 1.937568e+02
      vertex   -1.415862e+02 3.908645e+02 1.982848e+02
      vertex   -1.376425e+02 3.908645e+02 1.937221e+02
    endloop
  endfacet
  facet normal 7.548503e-10 -1.000000e+00 -2.817140e-09
    outer loop
      vertex   -1.376425e+02 3.908645e+02 1.937221e+02
      vertex   -1.415862e+02 3.908645e+02 1.982848e+02
      vertex   -1.378231e+02 3.908645e+02 1.936737e+02
    endloop
  endfacet
  facet normal 9.344671e-10 -1.000000e+00 -2.670553e-09
    outer loop
      vertex   -1.378231e+02 3.908645e+02 1.936737e+02
      vertex   -1.415862e+02 3.908645e+02 1.982848e+02
      vertex   -1.379996e+02 3.908645e+02 1.936119e+02
    endloop
  endfacet
  facet normal 1.107279e-09 -1.000000e+00 -2.537911e-09
    outer loop
      vertex   -1.379996e+02 3.908645e+02 1.936119e+02
      vertex   -1.415862e+02 3.908645e+02 1.982848e+02
      vertex   -1.381709e+02 3.908645e+02 1.935372e+02
    endloop
  endfacet
  facet normal 1.276853e-09 -1.000000e+00 -2.415923e-09
    outer loop
      vertex   -1.381709e+02 3.908645e+02 1.935372e+02
      vertex   -1.415862e+02 3.908645e+02 1.982848e+02
      vertex   -1.383362e+02 3.908645e+02 1.934498e+02
    endloop
  endfacet
  facet normal 1.446158e-09 -1.000000e+00 -2.302118e-09
    outer loop
      vertex   -1.383362e+02 3.908645e+02 1.934498e+02
      vertex   -1.415862e+02 3.908645e+02 1.982848e+02
      vertex   -1.384945e+02 3.908645e+02 1.933504e+02
    endloop
  endfacet
  facet normal 1.619078e-09 -1.000000e+00 -2.193773e-09
    outer loop
      vertex   -1.384945e+02 3.908645e+02 1.933504e+02
      vertex   -1.415862e+02 3.908645e+02 1.982848e+02
      vertex   -1.386450e+02 3.908645e+02 1.932393e+02
    endloop
  endfacet
  facet normal 1.798089e-09 -1.000000e+00 -2.089417e-09
    outer loop
      vertex   -1.386450e+02 3.908645e+02 1.932393e+02
      vertex   -1.415862e+02 3.908645e+02 1.982848e+02
      vertex   -1.387867e+02 3.908645e+02 1.931174e+02
    endloop
  endfacet
  facet normal 1.987045e-09 -1.000000e+00 -1.987045e-09
    outer loop
      vertex   -1.387867e+02 3.908645e+02 1.931174e+02
      vertex   -1.415862e+02 3.908645e+02 1.982848e+02
      vertex   -1.389189e+02 3.908645e+02 1.929852e+02
    endloop
  endfacet
  facet normal 2.190181e-09 -1.000000e+00 -1.884803e-09
    outer loop
      vertex   -1.389189e+02 3.908645e+02 1.929852e+02
      vertex   -1.415862e+02 3.908645e+02 1.982848e+02
      vertex   -1.390408e+02 3.908645e+02 1.928435e+02
    endloop
  endfacet
  facet normal 2.412746e-09 -1.000000e+00 -1.780687e-09
    outer loop
      vertex   -1.390408e+02 3.908645e+02 1.928435e+02
      vertex   -1.415862e+02 3.908645e+02 1.982848e+02
      vertex   -1.391518e+02 3.908645e+02 1.926931e+02
    endloop
  endfacet
  facet normal 2.661217e-09 -1.000000e+00 -1.672513e-09
    outer loop
      vertex   -1.391518e+02 3.908645e+02 1.926931e+02
      vertex   -1.415862e+02 3.908645e+02 1.982848e+02
      vertex   -1.392513e+02 3.908645e+02 1.925348e+02
    endloop
  endfacet
  facet normal 2.945853e-09 -1.000000e+00 -1.556929e-09
    outer loop
      vertex   -1.392513e+02 3.908645e+02 1.925348e+02
      vertex   -1.415862e+02 3.908645e+02 1.982848e+02
      vertex   -1.393387e+02 3.908645e+02 1.923695e+02
    endloop
  endfacet
  facet normal 3.278673e-09 -1.000000e+00 -1.430470e-09
    outer loop
      vertex   -1.393387e+02 3.908645e+02 1.923695e+02
      vertex   -1.415862e+02 3.908645e+02 1.982848e+02
      vertex   -1.394134e+02 3.908645e+02 1.921981e+02
    endloop
  endfacet
  facet normal 3.679316e-09 -1.000000e+00 -1.287449e-09
    outer loop
      vertex   -1.394134e+02 3.908645e+02 1.921981e+02
      vertex   -1.415862e+02 3.908645e+02 1.982848e+02
      vertex   -1.394752e+02 3.908645e+02 1.920216e+02
    endloop
  endfacet
  facet normal 4.177783e-09 -1.000000e+00 -1.119434e-09
    outer loop
      vertex   -1.394752e+02 3.908645e+02 1.920216e+02
      vertex   -1.415862e+02 3.908645e+02 1.982848e+02
      vertex   -1.395236e+02 3.908645e+02 1.918411e+02
    endloop
  endfacet
  facet normal 4.823655e-09 -1.000000e+00 -9.126847e-10
    outer loop
      vertex   -1.395236e+02 3.908645e+02 1.918411e+02
      vertex   -1.415862e+02 3.908645e+02 1.982848e+02
      vertex   -1.395583e+02 3.908645e+02 1.916574e+02
    endloop
  endfacet
  facet normal 5.705482e-09 -1.000000e+00 -6.428535e-10
    outer loop
      vertex   -1.395583e+02 3.908645e+02 1.916574e+02
      vertex   -1.415862e+02 3.908645e+02 1.982848e+02
      vertex   -1.395792e+02 3.908645e+02 1.914716e+02
    endloop
  endfacet
  facet normal 7.001543e-09 -1.000000e+00 -2.610665e-10
    outer loop
      vertex   -1.395792e+02 3.908645e+02 1.914716e+02
      vertex   -1.415862e+02 3.908645e+02 1.982848e+02
      vertex   -1.395862e+02 3.908645e+02 1.912848e+02
    endloop
  endfacet
  facet normal 4.340635e-09 -1.000000e+00 -1.021326e-09
    outer loop
      vertex   -1.395862e+02 3.908645e+02 1.912848e+02
      vertex   -1.415862e+02 3.908645e+02 1.982848e+02
      vertex   -1.415862e+02 3.908645e+02 1.827848e+02
    endloop
  endfacet
  facet normal 0.000000e+00 -1.000000e+00 -0.000000e+00
    outer loop
      vertex   -1.395862e+02 3.908645e+02 1.912848e+02
      vertex   -1.415862e+02 3.908645e+02 1.827848e+02
      vertex   -1.395862e+02 3.908645e+02 1.872848e+02
    endloop
  endfacet
  facet normal 1.894277e-12 -1.000000e+00 -8.419007e-13
    outer loop
      vertex   -1.395862e+02 3.908645e+02 1.872848e+02
      vertex   -1.415862e+02 3.908645e+02 1.827848e+02
      vertex   -1.395792e+02 3.908645e+02 1.870979e+02
    endloop
  endfacet
  facet normal 6.840450e-14 -1.000000e+00 7.707336e-15
    outer loop
      vertex   -1.395792e+02 3.908645e+02 1.870979e+02
      vertex   -1.415862e+02 3.908645e+02 1.827848e+02
      vertex   -1.395583e+02 3.908645e+02 1.869122e+02
    endloop
  endfacet
  facet normal 6.071138e-14 -1.000000e+00 1.148721e-14
    outer loop
      vertex   -1.395583e+02 3.908645e+02 1.869122e+02
      vertex   -1.415862e+02 3.908645e+02 1.827848e+02
      vertex   -1.395236e+02 3.908645e+02 1.867285e+02
    endloop
  endfacet
  facet normal 5.466781e-14 -1.000000e+00 1.464819e-14
    outer loop
      vertex   -1.395236e+02 3.908645e+02 1.867285e+02
      vertex   -1.415862e+02 3.908645e+02 1.827848e+02
      vertex   -1.394752e+02 3.908645e+02 1.865479e+02
    endloop
  endfacet
  facet normal 4.974864e-14 -1.000000e+00 1.740780e-14
    outer loop
      vertex   -1.394752e+02 3.908645e+02 1.865479e+02
      vertex   -1.415862e+02 3.908645e+02 1.827848e+02
      vertex   -1.394134e+02 3.908645e+02 1.863714e+02
    endloop
  endfacet
  facet normal 4.562495e-14 -1.000000e+00 1.990596e-14
    outer loop
      vertex   -1.394134e+02 3.908645e+02 1.863714e+02
      vertex   -1.415862e+02 3.908645e+02 1.827848e+02
      vertex   -1.393387e+02 3.908645e+02 1.862000e+02
    endloop
  endfacet
  facet normal 4.207910e-14 -1.000000e+00 2.223945e-14
    outer loop
      vertex   -1.393387e+02 3.908645e+02 1.862000e+02
      vertex   -1.415862e+02 3.908645e+02 1.827848e+02
      vertex   -1.392513e+02 3.908645e+02 1.860348e+02
    endloop
  endfacet
  facet normal -2.276650e-13 -1.000000e+00 2.160349e-13
    outer loop
      vertex   -1.392513e+02 3.908645e+02 1.860348e+02
      vertex   -1.415862e+02 3.908645e+02 1.827848e+02
      vertex   -1.391518e+02 3.908645e+02 1.858765e+02
    endloop
  endfacet
  facet normal 2.410570e-14 -1.000000e+00 1.779081e-14
    outer loop
      vertex   -1.391518e+02 3.908645e+02 1.858765e+02
      vertex   -1.415862e+02 3.908645e+02 1.827848e+02
      vertex   -1.390408e+02 3.908645e+02 1.857260e+02
    endloop
  endfacet
  facet normal 2.239432e-14 -1.000000e+00 1.927187e-14
    outer loop
      vertex   -1.390408e+02 3.908645e+02 1.857260e+02
      vertex   -1.415862e+02 3.908645e+02 1.827848e+02
      vertex   -1.389189e+02 3.908645e+02 1.855843e+02
    endloop
  endfacet
  facet normal 2.079534e-14 -1.000000e+00 2.079534e-14
    outer loop
      vertex   -1.389189e+02 3.908645e+02 1.855843e+02
      vertex   -1.415862e+02 3.908645e+02 1.827848e+02
      vertex   -1.387867e+02 3.908645e+02 1.854521e+02
    endloop
  endfacet
  facet normal 1.927187e-14 -1.000000e+00 2.239432e-14
    outer loop
      vertex   -1.387867e+02 3.908645e+02 1.854521e+02
      vertex   -1.415862e+02 3.908645e+02 1.827848e+02
      vertex   -1.386450e+02 3.908645e+02 1.853302e+02
    endloop
  endfacet
  facet normal 1.779081e-14 -1.000000e+00 2.410570e-14
    outer loop
      vertex   -1.386450e+02 3.908645e+02 1.853302e+02
      vertex   -1.415862e+02 3.908645e+02 1.827848e+02
      vertex   -1.384945e+02 3.908645e+02 1.852192e+02
    endloop
  endfacet
  facet normal -1.833946e-13 -1.000000e+00 2.796118e-13
    outer loop
      vertex   -1.384945e+02 3.908645e+02 1.852192e+02
      vertex   -1.415862e+02 3.908645e+02 1.827848e+02
      vertex   -1.383362e+02 3.908645e+02 1.851197e+02
    endloop
  endfacet
  facet normal 7.413152e-15 -1.000000e+00 1.402637e-14
    outer loop
      vertex   -1.383362e+02 3.908645e+02 1.851197e+02
      vertex   -1.415862e+02 3.908645e+02 1.827848e+02
      vertex   -1.381709e+02 3.908645e+02 1.850323e+02
    endloop
  endfacet
  facet normal 6.635320e-15 -1.000000e+00 1.520832e-14
    outer loop
      vertex   -1.381709e+02 3.908645e+02 1.850323e+02
      vertex   -1.415862e+02 3.908645e+02 1.827848e+02
      vertex   -1.379996e+02 3.908645e+02 1.849576e+02
    endloop
  endfacet
  facet normal 5.802600e-15 -1.000000e+00 1.658288e-14
    outer loop
      vertex   -1.379996e+02 3.908645e+02 1.849576e+02
      vertex   -1.415862e+02 3.908645e+02 1.827848e+02
      vertex   -1.378231e+02 3.908645e+02 1.848958e+02
    endloop
  endfacet
  facet normal 4.882732e-15 -1.000000e+00 1.822260e-14
    outer loop
      vertex   -1.378231e+02 3.908645e+02 1.848958e+02
      vertex   -1.415862e+02 3.908645e+02 1.827848e+02
      vertex   -1.376425e+02 3.908645e+02 1.848474e+02
    endloop
  endfacet
  facet normal 3.829071e-15 -1.000000e+00 2.023713e-14
    outer loop
      vertex   -1.376425e+02 3.908645e+02 1.848474e+02
      vertex   -1.415862e+02 3.908645e+02 1.827848e+02
      vertex   -1.374588e+02 3.908645e+02 1.848127e+02
    endloop
  endfacet
  facet normal -2.806336e-13 -1.000000e+00 -6.314256e-13
    outer loop
      vertex   -1.297987e+02 3.908645e+02 1.847917e+02
      vertex   -1.299856e+02 3.908645e+02 1.847848e+02
      vertex   -1.254856e+02 3.908645e+02 1.827848e+02
    endloop
  endfacet
  facet normal -1.440962e-13 -1.000000e+00 -3.242165e-13
    outer loop
      vertex   -1.254856e+02 3.908645e+02 1.827848e+02
      vertex   -1.299856e+02 3.908645e+02 1.847848e+02
      vertex   -1.370862e+02 3.908645e+02 1.847848e+02
    endloop
  endfacet
  facet normal 1.099752e-08 -1.000000e+00 4.104331e-08
    outer loop
      vertex   -1.294292e+02 3.908645e+02 1.937221e+02
      vertex   -1.292487e+02 3.908645e+02 1.936737e+02
      vertex   -1.254856e+02 3.908645e+02 1.957848e+02
    endloop
  endfacet
  facet normal 1.306937e-08 -1.000000e+00 3.735011e-08
    outer loop
      vertex   -1.254856e+02 3.908645e+02 1.957848e+02
      vertex   -1.292487e+02 3.908645e+02 1.936737e+02
      vertex   -1.290722e+02 3.908645e+02 1.936119e+02
    endloop
  endfacet
  facet normal 1.494493e-08 -1.000000e+00 3.425414e-08
    outer loop
      vertex   -1.254856e+02 3.908645e+02 1.957848e+02
      vertex   -1.290722e+02 3.908645e+02 1.936119e+02
      vertex   -1.289008e+02 3.908645e+02 1.935372e+02
    endloop
  endfacet
  facet normal 1.669686e-08 -1.000000e+00 3.159201e-08
    outer loop
      vertex   -1.289008e+02 3.908645e+02 1.935372e+02
      vertex   -1.287356e+02 3.908645e+02 1.934498e+02
      vertex   -1.254856e+02 3.908645e+02 1.957848e+02
    endloop
  endfacet
  facet normal 1.837902e-08 -1.000000e+00 2.925061e-08
    outer loop
      vertex   -1.254856e+02 3.908645e+02 1.957848e+02
      vertex   -1.287356e+02 3.908645e+02 1.934498e+02
      vertex   -1.285773e+02 3.908645e+02 1.933504e+02
    endloop
  endfacet
  facet normal 2.003540e-08 -1.000000e+00 2.714700e-08
    outer loop
      vertex   -1.254856e+02 3.908645e+02 1.957848e+02
      vertex   -1.285773e+02 3.908645e+02 1.933504e+02
      vertex   -1.284268e+02 3.908645e+02 1.932393e+02
    endloop
  endfacet
  facet normal 2.170331e-08 -1.000000e+00 2.521971e-08
    outer loop
      vertex   -1.284268e+02 3.908645e+02 1.932393e+02
      vertex   -1.282851e+02 3.908645e+02 1.931174e+02
      vertex   -1.254856e+02 3.908645e+02 1.957848e+02
    endloop
  endfacet
  facet normal 2.341899e-08 -1.000000e+00 2.341899e-08
    outer loop
      vertex   -1.254856e+02 3.908645e+02 1.957848e+02
      vertex   -1.282851e+02 3.908645e+02 1.931174e+02
      vertex   -1.281529e+02 3.908645e+02 1.929852e+02
    endloop
  endfacet
  facet normal 2.521971e-08 -1.000000e+00 2.170331e-08
    outer loop
      vertex   -1.254856e+02 3.908645e+02 1.957848e+02
      vertex   -1.281529e+02 3.908645e+02 1.929852e+02
      vertex   -1.280310e+02 3.908645e+02 1.928435e+02
    endloop
  endfacet
  facet normal 2.714700e-08 -1.000000e+00 2.003540e-08
    outer loop
      vertex   -1.280310e+02 3.908645e+02 1.928435e+02
      vertex   -1.279200e+02 3.908645e+02 1.926931e+02
      vertex   -1.254856e+02 3.908645e+02 1.957848e+02
    endloop
  endfacet
  facet normal 2.925011e-08 -1.000000e+00 1.837942e-08
    outer loop
      vertex   -1.254856e+02 3.908645e+02 1.957848e+02
      vertex   -1.279200e+02 3.908645e+02 1.926931e+02
      vertex   -1.278205e+02 3.908645e+02 1.925348e+02
    endloop
  endfacet
  facet normal 3.159204e-08 -1.000000e+00 1.669688e-08
    outer loop
      vertex   -1.254856e+02 3.908645e+02 1.957848e+02
      vertex   -1.278205e+02 3.908645e+02 1.925348e+02
      vertex   -1.277331e+02 3.908645e+02 1.923695e+02
    endloop
  endfacet
  facet normal 3.425418e-08 -1.000000e+00 1.494494e-08
    outer loop
      vertex   -1.277331e+02 3.908645e+02 1.923695e+02
      vertex   -1.276584e+02 3.908645e+02 1.921981e+02
      vertex   -1.254856e+02 3.908645e+02 1.957848e+02
    endloop
  endfacet
  facet normal 3.735015e-08 -1.000000e+00 1.306938e-08
    outer loop
      vertex   -1.254856e+02 3.908645e+02 1.957848e+02
      vertex   -1.276584e+02 3.908645e+02 1.921981e+02
      vertex   -1.275966e+02 3.908645e+02 1.920216e+02
    endloop
  endfacet
  facet normal 4.104335e-08 -1.000000e+00 1.099753e-08
    outer loop
      vertex   -1.254856e+02 3.908645e+02 1.957848e+02
      vertex   -1.275966e+02 3.908645e+02 1.920216e+02
      vertex   -1.275482e+02 3.908645e+02 1.918411e+02
    endloop
  endfacet
  facet normal 4.558073e-08 -1.000000e+00 8.624339e-09
    outer loop
      vertex   -1.275482e+02 3.908645e+02 1.918411e+02
      vertex   -1.275135e+02 3.908645e+02 1.916574e+02
      vertex   -1.254856e+02 3.908645e+02 1.957848e+02
    endloop
  endfacet
  facet normal 5.135654e-08 -1.000000e+00 5.786493e-09
    outer loop
      vertex   -1.254856e+02 3.908645e+02 1.957848e+02
      vertex   -1.275135e+02 3.908645e+02 1.916574e+02
      vertex   -1.274925e+02 3.908645e+02 1.914716e+02
    endloop
  endfacet
  facet normal 5.904606e-08 -1.000000e+00 2.208435e-09
    outer loop
      vertex   -1.254856e+02 3.908645e+02 1.957848e+02
      vertex   -1.274925e+02 3.908645e+02 1.914716e+02
      vertex   -1.274856e+02 3.908645e+02 1.912848e+02
    endloop
  endfacet
  facet normal 6.840450e-14 -1.000000e+00 -7.707336e-15
    outer loop
      vertex   -1.274925e+02 3.908645e+02 1.870979e+02
      vertex   -1.275135e+02 3.908645e+02 1.869122e+02
      vertex   -1.254856e+02 3.908645e+02 1.827848e+02
    endloop
  endfacet
  facet normal 6.071138e-14 -1.000000e+00 -1.148721e-14
    outer loop
      vertex   -1.254856e+02 3.908645e+02 1.827848e+02
      vertex   -1.275135e+02 3.908645e+02 1.869122e+02
      vertex   -1.275482e+02 3.908645e+02 1.867285e+02
    endloop
  endfacet
  facet normal 5.466781e-14 -1.000000e+00 -1.464819e-14
    outer loop
      vertex   -1.254856e+02 3.908645e+02 1.827848e+02
      vertex   -1.275482e+02 3.908645e+02 1.867285e+02
      vertex   -1.275966e+02 3.908645e+02 1.865479e+02
    endloop
  endfacet
  facet normal 4.974864e-14 -1.000000e+00 -1.740780e-14
    outer loop
      vertex   -1.275966e+02 3.908645e+02 1.865479e+02
      vertex   -1.276584e+02 3.908645e+02 1.863714e+02
      vertex   -1.254856e+02 3.908645e+02 1.827848e+02
    endloop
  endfacet
  facet normal 4.562495e-14 -1.000000e+00 -1.990596e-14
    outer loop
      vertex   -1.254856e+02 3.908645e+02 1.827848e+02
      vertex   -1.276584e+02 3.908645e+02 1.863714e+02
      vertex   -1.277331e+02 3.908645e+02 1.862000e+02
    endloop
  endfacet
  facet normal 4.207910e-14 -1.000000e+00 -2.223945e-14
    outer loop
      vertex   -1.254856e+02 3.908645e+02 1.827848e+02
      vertex   -1.277331e+02 3.908645e+02 1.862000e+02
      vertex   -1.278205e+02 3.908645e+02 1.860348e+02
    endloop
  endfacet
  facet normal -2.276650e-13 -1.000000e+00 -2.160349e-13
    outer loop
      vertex   -1.278205e+02 3.908645e+02 1.860348e+02
      vertex   -1.279200e+02 3.908645e+02 1.858765e+02
      vertex   -1.254856e+02 3.908645e+02 1.827848e+02
    endloop
  endfacet
  facet normal 2.410570e-14 -1.000000e+00 -1.779081e-14
    outer loop
      vertex   -1.254856e+02 3.908645e+02 1.827848e+02
      vertex   -1.279200e+02 3.908645e+02 1.858765e+02
      vertex   -1.280310e+02 3.908645e+02 1.857260e+02
    endloop
  endfacet
  facet normal 2.239432e-14 -1.000000e+00 -1.927187e-14
    outer loop
      vertex   -1.254856e+02 3.908645e+02 1.827848e+02
      vertex   -1.280310e+02 3.908645e+02 1.857260e+02
      vertex   -1.281529e+02 3.908645e+02 1.855843e+02
    endloop
  endfacet
  facet normal 2.079534e-14 -1.000000e+00 -2.079534e-14
    outer loop
      vertex   -1.281529e+02 3.908645e+02 1.855843e+02
      vertex   -1.282851e+02 3.908645e+02 1.854521e+02
      vertex   -1.254856e+02 3.908645e+02 1.827848e+02
    endloop
  endfacet
  facet normal 1.927187e-14 -1.000000e+00 -2.239432e-14
    outer loop
      vertex   -1.254856e+02 3.908645e+02 1.827848e+02
      vertex   -1.282851e+02 3.908645e+02 1.854521e+02
      vertex   -1.284268e+02 3.908645e+02 1.853302e+02
    endloop
  endfacet
  facet normal 1.779081e-14 -1.000000e+00 -2.410570e-14
    outer loop
      vertex   -1.254856e+02 3.908645e+02 1.827848e+02
      vertex   -1.284268e+02 3.908645e+02 1.853302e+02
      vertex   -1.285773e+02 3.908645e+02 1.852192e+02
    endloop
  endfacet
  facet normal -1.833946e-13 -1.000000e+00 -2.796118e-13
    outer loop
      vertex   -1.285773e+02 3.908645e+02 1.852192e+02
      vertex   -1.287356e+02 3.908645e+02 1.851197e+02
      vertex   -1.254856e+02 3.908645e+02 1.827848e+02
    endloop
  endfacet
  facet normal 7.413152e-15 -1.000000e+00 -1.402637e-14
    outer loop
      vertex   -1.254856e+02 3.908645e+02 1.827848e+02
      vertex   -1.287356e+02 3.908645e+02 1.851197e+02
      vertex   -1.289008e+02 3.908645e+02 1.850323e+02
    endloop
  endfacet
  facet normal 6.635320e-15 -1.000000e+00 -1.520832e-14
    outer loop
      vertex   -1.254856e+02 3.908645e+02 1.827848e+02
      vertex   -1.289008e+02 3.908645e+02 1.850323e+02
      vertex   -1.290722e+02 3.908645e+02 1.849576e+02
    endloop
  endfacet
  facet normal 5.802600e-15 -1.000000e+00 -1.658288e-14
    outer loop
      vertex   -1.290722e+02 3.908645e+02 1.849576e+02
      vertex   -1.292487e+02 3.908645e+02 1.848958e+02
      vertex   -1.254856e+02 3.908645e+02 1.827848e+02
    endloop
  endfacet
  facet normal 4.882732e-15 -1.000000e+00 -1.822260e-14
    outer loop
      vertex   -1.254856e+02 3.908645e+02 1.827848e+02
      vertex   -1.292487e+02 3.908645e+02 1.848958e+02
      vertex   -1.294292e+02 3.908645e+02 1.848474e+02
    endloop
  endfacet
  facet normal 3.829071e-15 -1.000000e+00 -2.023713e-14
    outer loop
      vertex   -1.254856e+02 3.908645e+02 1.827848e+02
      vertex   -1.294292e+02 3.908645e+02 1.848474e+02
      vertex   -1.296129e+02 3.908645e+02 1.848127e+02
    endloop
  endfacet
  facet normal 2.569112e-15 -1.000000e+00 -2.280150e-14
    outer loop
      vertex   -1.296129e+02 3.908645e+02 1.848127e+02
      vertex   -1.297987e+02 3.908645e+02 1.847917e+02
      vertex   -1.254856e+02 3.908645e+02 1.827848e+02
    endloop
  endfacet
  facet normal 9.995770e-01 -2.908472e-02 3.195348e-13
    outer loop
      vertex   -1.254923e+02 3.851882e+02 1.827848e+02
      vertex   -1.254923e+02 3.851882e+02 1.794848e+02
      vertex   -1.254856e+02 3.854208e+02 1.827848e+02
    endloop
  endfacet
  facet normal 9.995465e-01 -3.011139e-02 7.242078e-05
    outer loop
      vertex   -1.254856e+02 3.854208e+02 1.827848e+02
      vertex   -1.254923e+02 3.851882e+02 1.794848e+02
      vertex   -1.254918e+02 3.851970e+02 1.761848e+02
    endloop
  endfacet
  facet normal 9.996086e-01 -2.797669e-02 0.000000e+00
    outer loop
      vertex   -1.254856e+02 3.854208e+02 1.827848e+02
      vertex   -1.254918e+02 3.851970e+02 1.761848e+02
      vertex   -1.254856e+02 3.854208e+02 1.761848e+02
    endloop
  endfacet
  facet normal 9.961947e-01 -8.715574e-02 3.204576e-13
    outer loop
      vertex   -1.254923e+02 3.851882e+02 1.794848e+02
      vertex   -1.254923e+02 3.851882e+02 1.827848e+02
      vertex   -1.255126e+02 3.849564e+02 1.794848e+02
    endloop
  endfacet
  facet normal 9.961947e-01 -8.715574e-02 3.146664e-13
    outer loop
      vertex   -1.255126e+02 3.849564e+02 1.794848e+02
      vertex   -1.254923e+02 3.851882e+02 1.827848e+02
      vertex   -1.255126e+02 3.849564e+02 1.827848e+02
    endloop
  endfacet
  facet normal 9.894416e-01 -1.449319e-01 3.135387e-13
    outer loop
      vertex   -1.255126e+02 3.849564e+02 1.794848e+02
      vertex   -1.255126e+02 3.849564e+02 1.827848e+02
      vertex   -1.255463e+02 3.847262e+02 1.794848e+02
    endloop
  endfacet
  facet normal 9.894416e-01 -1.449319e-01 3.117743e-13
    outer loop
      vertex   -1.255463e+02 3.847262e+02 1.794848e+02
      vertex   -1.255126e+02 3.849564e+02 1.827848e+02
      vertex   -1.255463e+02 3.847262e+02 1.827848e+02
    endloop
  endfacet
  facet normal 9.793406e-01 -2.022176e-01 3.106160e-13
    outer loop
      vertex   -1.255463e+02 3.847262e+02 1.794848e+02
      vertex   -1.255463e+02 3.847262e+02 1.827848e+02
      vertex   -1.255934e+02 3.844983e+02 1.794848e+02
    endloop
  endfacet
  facet normal 9.793406e-01 -2.022176e-01 3.133651e-13
    outer loop
      vertex   -1.255934e+02 3.844983e+02 1.794848e+02
      vertex   -1.255463e+02 3.847262e+02 1.827848e+02
      vertex   -1.255934e+02 3.844983e+02 1.827848e+02
    endloop
  endfacet
  facet normal 9.659258e-01 -2.588190e-01 3.131635e-13
    outer loop
      vertex   -1.255934e+02 3.844983e+02 1.794848e+02
      vertex   -1.255934e+02 3.844983e+02 1.827848e+02
      vertex   -1.256536e+02 3.842735e+02 1.794848e+02
    endloop
  endfacet
  facet normal 9.659258e-01 -2.588190e-01 3.006847e-13
    outer loop
      vertex   -1.256536e+02 3.842735e+02 1.794848e+02
      vertex   -1.255934e+02 3.844983e+02 1.827848e+02
      vertex   -1.256536e+02 3.842735e+02 1.827848e+02
    endloop
  endfacet
  facet normal 9.492426e-01 -3.145448e-01 2.996390e-13
    outer loop
      vertex   -1.256536e+02 3.842735e+02 1.794848e+02
      vertex   -1.256536e+02 3.842735e+02 1.827848e+02
      vertex   -1.257268e+02 3.840527e+02 1.794848e+02
    endloop
  endfacet
  facet normal 9.492426e-01 -3.145448e-01 2.955512e-13
    outer loop
      vertex   -1.257268e+02 3.840527e+02 1.794848e+02
      vertex   -1.256536e+02 3.842735e+02 1.827848e+02
      vertex   -1.257268e+02 3.840527e+02 1.827848e+02
    endloop
  endfacet
  facet normal 9.293475e-01 -3.692061e-01 2.935772e-13
    outer loop
      vertex   -1.257268e+02 3.840527e+02 1.794848e+02
      vertex   -1.257268e+02 3.840527e+02 1.827848e+02
      vertex   -1.258127e+02 3.838364e+02 1.794848e+02
    endloop
  endfacet
  facet normal 9.293475e-01 -3.692061e-01 2.919328e-13
    outer loop
      vertex   -1.258127e+02 3.838364e+02 1.794848e+02
      vertex   -1.257268e+02 3.840527e+02 1.827848e+02
      vertex   -1.258127e+02 3.838364e+02 1.827848e+02
    endloop
  endfacet
  facet normal 9.063078e-01 -4.226183e-01 2.900839e-13
    outer loop
      vertex   -1.258127e+02 3.838364e+02 1.794848e+02
      vertex   -1.258127e+02 3.838364e+02 1.827848e+02
      vertex   -1.259110e+02 3.836256e+02 1.794848e+02
    endloop
  endfacet
  facet normal 9.063078e-01 -4.226183e-01 2.856551e-13
    outer loop
      vertex   -1.259110e+02 3.836256e+02 1.794848e+02
      vertex   -1.258127e+02 3.838364e+02 1.827848e+02
      vertex   -1.259110e+02 3.836256e+02 1.827848e+02
    endloop
  endfacet
  facet normal 8.802014e-01 -4.746004e-01 2.840573e-13
    outer loop
      vertex   -1.259110e+02 3.836256e+02 1.794848e+02
      vertex   -1.259110e+02 3.836256e+02 1.827848e+02
      vertex   -1.260215e+02 3.834208e+02 1.794848e+02
    endloop
  endfacet
  facet normal 8.802014e-01 -4.746004e-01 2.688956e-13
    outer loop
      vertex   -1.260215e+02 3.834208e+02 1.794848e+02
      vertex   -1.259110e+02 3.836256e+02 1.827848e+02
      vertex   -1.260215e+02 3.834208e+02 1.827848e+02
    endloop
  endfacet
  facet normal 8.568835e-01 -5.155100e-01 2.672997e-13
    outer loop
      vertex   -1.260215e+02 3.834208e+02 1.794848e+02
      vertex   -1.260215e+02 3.834208e+02 1.827848e+02
      vertex   -1.260957e+02 3.832973e+02 1.802848e+02
    endloop
  endfacet
  facet normal 8.511165e-01 -5.249765e-01 6.385802e-04
    outer loop
      vertex   -1.260957e+02 3.832973e+02 1.802848e+02
      vertex   -1.260215e+02 3.834208e+02 1.827848e+02
      vertex   -1.261436e+02 3.832227e+02 1.827848e+02
    endloop
  endfacet
  facet normal 8.313033e-01 -5.558187e-01 -6.617050e-04
    outer loop
      vertex   -1.260957e+02 3.832973e+02 1.802848e+02
      vertex   -1.261436e+02 3.832227e+02 1.827848e+02
      vertex   -1.262279e+02 3.830996e+02 1.802848e+02
    endloop
  endfacet
  facet normal 8.191519e-01 -5.735763e-01 6.227826e-04
    outer loop
      vertex   -1.262279e+02 3.830996e+02 1.802848e+02
      vertex   -1.261436e+02 3.832227e+02 1.827848e+02
      vertex   -1.262771e+02 3.830321e+02 1.827848e+02
    endloop
  endfacet
  facet normal 7.967915e-01 -6.042539e-01 -6.445469e-04
    outer loop
      vertex   -1.262279e+02 3.830996e+02 1.802848e+02
      vertex   -1.262771e+02 3.830321e+02 1.827848e+02
      vertex   -1.263717e+02 3.829100e+02 1.802848e+02
    endloop
  endfacet
  facet normal 7.844155e-01 -6.202354e-01 6.042641e-04
    outer loop
      vertex   -1.263717e+02 3.829100e+02 1.802848e+02
      vertex   -1.262771e+02 3.830321e+02 1.827848e+02
      vertex   -1.264214e+02 3.828496e+02 1.827848e+02
    endloop
  endfacet
  facet normal 7.594615e-01 -6.505519e-01 -6.246679e-04
    outer loop
      vertex   -1.263717e+02 3.829100e+02 1.802848e+02
      vertex   -1.264214e+02 3.828496e+02 1.827848e+02
      vertex   -1.265264e+02 3.827294e+02 1.802848e+02
    endloop
  endfacet
  facet normal 7.470249e-01 -6.647958e-01 5.830245e-04
    outer loop
      vertex   -1.265264e+02 3.827294e+02 1.802848e+02
      vertex   -1.264214e+02 3.828496e+02 1.827848e+02
      vertex   -1.265761e+02 3.826758e+02 1.827848e+02
    endloop
  endfacet
  facet normal 7.194453e-01 -6.945489e-01 -6.020679e-04
    outer loop
      vertex   -1.265264e+02 3.827294e+02 1.802848e+02
      vertex   -1.265761e+02 3.826758e+02 1.827848e+02
      vertex   -1.266917e+02 3.825582e+02 1.802848e+02
    endloop
  endfacet
  facet normal 7.071067e-01 -7.071067e-01 5.590641e-04
    outer loop
      vertex   -1.266917e+02 3.825582e+02 1.802848e+02
      vertex   -1.265761e+02 3.826758e+02 1.827848e+02
      vertex   -1.267406e+02 3.825113e+02 1.827848e+02
    endloop
  endfacet
  facet normal 6.768843e-01 -7.360892e-01 -5.767470e-04
    outer loop
      vertex   -1.266917e+02 3.825582e+02 1.802848e+02
      vertex   -1.267406e+02 3.825113e+02 1.827848e+02
      vertex   -1.268668e+02 3.823972e+02 1.802848e+02
    endloop
  endfacet
  facet normal 6.647958e-01 -7.470250e-01 5.323828e-04
    outer loop
      vertex   -1.268668e+02 3.823972e+02 1.802848e+02
      vertex   -1.267406e+02 3.825113e+02 1.827848e+02
      vertex   -1.269144e+02 3.823566e+02 1.827848e+02
    endloop
  endfacet
  facet normal 6.319292e-01 -7.750259e-01 -5.487053e-04
    outer loop
      vertex   -1.268668e+02 3.823972e+02 1.802848e+02
      vertex   -1.269144e+02 3.823566e+02 1.827848e+02
      vertex   -1.270511e+02 3.822469e+02 1.802848e+02
    endloop
  endfacet
  facet normal 6.202354e-01 -7.844156e-01 5.029807e-04
    outer loop
      vertex   -1.270511e+02 3.822469e+02 1.802848e+02
      vertex   -1.269144e+02 3.823566e+02 1.827848e+02
      vertex   -1.270969e+02 3.822123e+02 1.827848e+02
    endloop
  endfacet
  facet normal 5.847389e-01 -8.112214e-01 -5.179428e-04
    outer loop
      vertex   -1.270511e+02 3.822469e+02 1.802848e+02
      vertex   -1.270969e+02 3.822123e+02 1.827848e+02
      vertex   -1.272441e+02 3.821077e+02 1.802848e+02
    endloop
  endfacet
  facet normal 5.735764e-01 -8.191520e-01 4.708578e-04
    outer loop
      vertex   -1.272441e+02 3.821077e+02 1.802848e+02
      vertex   -1.270969e+02 3.822123e+02 1.827848e+02
      vertex   -1.272875e+02 3.820788e+02 1.827848e+02
    endloop
  endfacet
  facet normal 5.354804e-01 -8.445475e-01 -4.844595e-04
    outer loop
      vertex   -1.272441e+02 3.821077e+02 1.802848e+02
      vertex   -1.272875e+02 3.820788e+02 1.827848e+02
      vertex   -1.274450e+02 3.819804e+02 1.802848e+02
    endloop
  endfacet
  facet normal 5.249765e-01 -8.511166e-01 4.360141e-04
    outer loop
      vertex   -1.274450e+02 3.819804e+02 1.802848e+02
      vertex   -1.272875e+02 3.820788e+02 1.827848e+02
      vertex   -1.274856e+02 3.819567e+02 1.827848e+02
    endloop
  endfacet
  facet normal 4.843279e-01 -8.748865e-01 -4.482555e-04
    outer loop
      vertex   -1.274450e+02 3.819804e+02 1.802848e+02
      vertex   -1.274856e+02 3.819567e+02 1.827848e+02
      vertex   -1.276532e+02 3.818651e+02 1.802848e+02
    endloop
  endfacet
  facet normal 4.746003e-01 -8.802013e-01 3.984498e-04
    outer loop
      vertex   -1.276532e+02 3.818651e+02 1.802848e+02
      vertex   -1.274856e+02 3.819567e+02 1.827848e+02
      vertex   -1.276904e+02 3.818462e+02 1.827848e+02
    endloop
  endfacet
  facet normal 4.314622e-01 -9.021309e-01 -4.093309e-04
    outer loop
      vertex   -1.276532e+02 3.818651e+02 1.802848e+02
      vertex   -1.276904e+02 3.818462e+02 1.827848e+02
      vertex   -1.278678e+02 3.817625e+02 1.802848e+02
    endloop
  endfacet
  facet normal 4.226182e-01 -9.063077e-01 3.581649e-04
    outer loop
      vertex   -1.278678e+02 3.817625e+02 1.802848e+02
      vertex   -1.276904e+02 3.818462e+02 1.827848e+02
      vertex   -1.279012e+02 3.817479e+02 1.827848e+02
    endloop
  endfacet
  facet normal 3.770705e-01 -9.261845e-01 -3.676857e-04
    outer loop
      vertex   -1.278678e+02 3.817625e+02 1.802848e+02
      vertex   -1.279012e+02 3.817479e+02 1.827848e+02
      vertex   -1.280881e+02 3.816728e+02 1.802848e+02
    endloop
  endfacet
  facet normal 3.692061e-01 -9.293475e-01 3.151595e-04
    outer loop
      vertex   -1.280881e+02 3.816728e+02 1.802848e+02
      vertex   -1.279012e+02 3.817479e+02 1.827848e+02
      vertex   -1.281175e+02 3.816620e+02 1.827848e+02
    endloop
  endfacet
  facet normal 3.213451e-01 -9.469621e-01 -3.233200e-04
    outer loop
      vertex   -1.280881e+02 3.816728e+02 1.802848e+02
      vertex   -1.281175e+02 3.816620e+02 1.827848e+02
      vertex   -1.283134e+02 3.815964e+02 1.802848e+02
    endloop
  endfacet
  facet normal 3.145447e-01 -9.492426e-01 2.694336e-04
    outer loop
      vertex   -1.283134e+02 3.815964e+02 1.802848e+02
      vertex   -1.281175e+02 3.816620e+02 1.827848e+02
      vertex   -1.283383e+02 3.815888e+02 1.827848e+02
    endloop
  endfacet
  facet normal 2.644830e-01 -9.643903e-01 -2.762339e-04
    outer loop
      vertex   -1.283134e+02 3.815964e+02 1.802848e+02
      vertex   -1.283383e+02 3.815888e+02 1.827848e+02
      vertex   -1.285428e+02 3.815334e+02 1.802848e+02
    endloop
  endfacet
  facet normal 2.588190e-01 -9.659258e-01 2.209873e-04
    outer loop
      vertex   -1.285428e+02 3.815334e+02 1.802848e+02
      vertex   -1.283383e+02 3.815888e+02 1.827848e+02
      vertex   -1.285631e+02 3.815286e+02 1.827848e+02
    endloop
  endfacet
  facet normal 2.066855e-01 -9.784074e-01 -2.264275e-04
    outer loop
      vertex   -1.285428e+02 3.815334e+02 1.802848e+02
      vertex   -1.285631e+02 3.815286e+02 1.827848e+02
      vertex   -1.287756e+02 3.814843e+02 1.802848e+02
    endloop
  endfacet
  facet normal 2.022176e-01 -9.793406e-01 1.698207e-04
    outer loop
      vertex   -1.287756e+02 3.814843e+02 1.802848e+02
      vertex   -1.285631e+02 3.815286e+02 1.827848e+02
      vertex   -1.287910e+02 3.814815e+02 1.827848e+02
    endloop
  endfacet
  facet normal 1.481569e-01 -9.889639e-01 -1.739008e-04
    outer loop
      vertex   -1.287756e+02 3.814843e+02 1.802848e+02
      vertex   -1.287910e+02 3.814815e+02 1.827848e+02
      vertex   -1.290108e+02 3.814490e+02 1.802848e+02
    endloop
  endfacet
  facet normal 1.449319e-01 -9.894416e-01 1.159339e-04
    outer loop
      vertex   -1.290108e+02 3.814490e+02 1.802848e+02
      vertex   -1.287910e+02 3.814815e+02 1.827848e+02
      vertex   -1.290212e+02 3.814478e+02 1.827848e+02
    endloop
  endfacet
  facet normal 8.910428e-02 -9.960223e-01 -1.186539e-04
    outer loop
      vertex   -1.290108e+02 3.814490e+02 1.802848e+02
      vertex   -1.290212e+02 3.814478e+02 1.827848e+02
      vertex   -1.292478e+02 3.814278e+02 1.802848e+02
    endloop
  endfacet
  facet normal 8.715574e-02 -9.961947e-01 5.932696e-05
    outer loop
      vertex   -1.292478e+02 3.814278e+02 1.802848e+02
      vertex   -1.290212e+02 3.814478e+02 1.827848e+02
      vertex   -1.292530e+02 3.814275e+02 1.827848e+02
    endloop
  endfacet
  facet normal 2.973649e-02 -9.995578e-01 -6.068693e-05
    outer loop
      vertex   -1.292478e+02 3.814278e+02 1.802848e+02
      vertex   -1.292530e+02 3.814275e+02 1.827848e+02
      vertex   -1.294856e+02 3.814208e+02 1.802848e+02
    endloop
  endfacet
  facet normal 2.908472e-02 -9.995770e-01 1.190358e-14
    outer loop
      vertex   -1.294856e+02 3.814208e+02 1.802848e+02
      vertex   -1.292530e+02 3.814275e+02 1.827848e+02
      vertex   -1.294856e+02 3.814208e+02 1.827848e+02
    endloop
  endfacet
  facet normal 8.568835e-01 -5.155100e-01 2.079008e-13
    outer loop
      vertex   -1.260957e+02 3.832973e+02 1.802848e+02
      vertex   -1.260957e+02 3.832973e+02 1.761848e+02
      vertex   -1.260215e+02 3.834208e+02 1.794848e+02
    endloop
  endfacet
  facet normal 8.619836e-01 -5.069359e-01 -4.353973e-04
    outer loop
      vertex   -1.260215e+02 3.834208e+02 1.794848e+02
      vertex   -1.260957e+02 3.832973e+02 1.761848e+02
      vertex   -1.259822e+02 3.834903e+02 1.761848e+02
    endloop
  endfacet
  facet normal 8.802013e-01 -4.746003e-01 4.622010e-04
    outer loop
      vertex   -1.260215e+02 3.834208e+02 1.794848e+02
      vertex   -1.259822e+02 3.834903e+02 1.761848e+02
      vertex   -1.259110e+02 3.836256e+02 1.794848e+02
    endloop
  endfacet
  facet normal 8.889880e-01 -4.579303e-01 -4.108468e-04
    outer loop
      vertex   -1.259110e+02 3.836256e+02 1.794848e+02
      vertex   -1.259822e+02 3.834903e+02 1.761848e+02
      vertex   -1.258797e+02 3.836892e+02 1.761848e+02
    endloop
  endfacet
  facet normal 9.063077e-01 -4.226182e-01 4.346719e-04
    outer loop
      vertex   -1.259110e+02 3.836256e+02 1.794848e+02
      vertex   -1.258797e+02 3.836892e+02 1.761848e+02
      vertex   -1.258127e+02 3.838364e+02 1.794848e+02
    endloop
  endfacet
  facet normal 9.132091e-01 -4.074911e-01 -3.803391e-04
    outer loop
      vertex   -1.258127e+02 3.838364e+02 1.794848e+02
      vertex   -1.258797e+02 3.836892e+02 1.761848e+02
      vertex   -1.257885e+02 3.838936e+02 1.761848e+02
    endloop
  endfacet
  facet normal 9.293474e-01 -3.692061e-01 4.011857e-04
    outer loop
      vertex   -1.258127e+02 3.838364e+02 1.794848e+02
      vertex   -1.257885e+02 3.838936e+02 1.761848e+02
      vertex   -1.257268e+02 3.840527e+02 1.794848e+02
    endloop
  endfacet
  facet normal 9.345712e-01 -3.557761e-01 -3.438743e-04
    outer loop
      vertex   -1.257268e+02 3.840527e+02 1.794848e+02
      vertex   -1.257885e+02 3.838936e+02 1.761848e+02
      vertex   -1.257089e+02 3.841028e+02 1.761848e+02
    endloop
  endfacet
  facet normal 9.492426e-01 -3.145447e-01 3.617425e-04
    outer loop
      vertex   -1.257268e+02 3.840527e+02 1.794848e+02
      vertex   -1.257089e+02 3.841028e+02 1.761848e+02
      vertex   -1.256536e+02 3.842735e+02 1.794848e+02
    endloop
  endfacet
  facet normal 9.530073e-01 -3.029472e-01 -3.014527e-04
    outer loop
      vertex   -1.256536e+02 3.842735e+02 1.794848e+02
      vertex   -1.257089e+02 3.841028e+02 1.761848e+02
      vertex   -1.256411e+02 3.843161e+02 1.761848e+02
    endloop
  endfacet
  facet normal 9.659258e-01 -2.588190e-01 3.163425e-04
    outer loop
      vertex   -1.256536e+02 3.842735e+02 1.794848e+02
      vertex   -1.256411e+02 3.843161e+02 1.761848e+02
      vertex   -1.255934e+02 3.844983e+02 1.794848e+02
    endloop
  endfacet
  facet normal 9.684598e-01 -2.491699e-01 -2.530745e-04
    outer loop
      vertex   -1.255934e+02 3.844983e+02 1.794848e+02
      vertex   -1.256411e+02 3.843161e+02 1.761848e+02
      vertex   -1.255853e+02 3.845328e+02 1.761848e+02
    endloop
  endfacet
  facet normal 9.793406e-01 -2.022176e-01 2.649860e-04
    outer loop
      vertex   -1.255934e+02 3.844983e+02 1.794848e+02
      vertex   -1.255853e+02 3.845328e+02 1.761848e+02
      vertex   -1.255463e+02 3.847262e+02 1.794848e+02
    endloop
  endfacet
  facet normal 9.808802e-01 -1.946125e-01 -1.987398e-04
    outer loop
      vertex   -1.255463e+02 3.847262e+02 1.794848e+02
      vertex   -1.255853e+02 3.845328e+02 1.761848e+02
      vertex   -1.255418e+02 3.847524e+02 1.761848e+02
    endloop
  endfacet
  facet normal 9.894416e-01 -1.449319e-01 2.076732e-04
    outer loop
      vertex   -1.255463e+02 3.847262e+02 1.794848e+02
      vertex   -1.255418e+02 3.847524e+02 1.761848e+02
      vertex   -1.255126e+02 3.849564e+02 1.794848e+02
    endloop
  endfacet
  facet normal 9.902297e-01 -1.394458e-01 -1.384489e-04
    outer loop
      vertex   -1.255126e+02 3.849564e+02 1.794848e+02
      vertex   -1.255418e+02 3.847524e+02 1.761848e+02
      vertex   -1.255106e+02 3.849740e+02 1.761848e+02
    endloop
  endfacet
  facet normal 9.961947e-01 -8.715574e-02 1.444044e-04
    outer loop
      vertex   -1.255126e+02 3.849564e+02 1.794848e+02
      vertex   -1.255106e+02 3.849740e+02 1.761848e+02
      vertex   -1.254923e+02 3.851882e+02 1.794848e+02
    endloop
  endfacet
  facet normal 9.964790e-01 -8.384247e-02 -7.220223e-05
    outer loop
      vertex   -1.254923e+02 3.851882e+02 1.794848e+02
      vertex   -1.255106e+02 3.849740e+02 1.761848e+02
      vertex   -1.254918e+02 3.851970e+02 1.761848e+02
    endloop
  endfacet
  facet normal -1.033267e-01 -9.946475e-01 3.152314e-14
    outer loop
      vertex   -1.262469e+02 3.833131e+02 1.761848e+02
      vertex   -1.260957e+02 3.832973e+02 1.761848e+02
      vertex   -1.262469e+02 3.833131e+02 1.782348e+02
    endloop
  endfacet
  facet normal -1.033267e-01 -9.946475e-01 -2.506924e-14
    outer loop
      vertex   -1.262469e+02 3.833131e+02 1.782348e+02
      vertex   -1.260957e+02 3.832973e+02 1.761848e+02
      vertex   -1.260957e+02 3.832973e+02 1.802848e+02
    endloop
  endfacet
  facet normal -1.033267e-01 -9.946475e-01 4.659331e-15
    outer loop
      vertex   -1.262469e+02 3.833131e+02 1.782348e+02
      vertex   -1.260957e+02 3.832973e+02 1.802848e+02
      vertex   -1.262469e+02 3.833131e+02 1.802848e+02
    endloop
  endfacet
  facet normal -1.869115e-01 -9.823768e-01 -1.422236e-14
    outer loop
      vertex   -1.262469e+02 3.833131e+02 1.782348e+02
      vertex   -1.262469e+02 3.833131e+02 1.802848e+02
      vertex   -1.263963e+02 3.833415e+02 1.782348e+02
    endloop
  endfacet
  facet normal -1.869115e-01 -9.823768e-01 1.820024e-14
    outer loop
      vertex   -1.263963e+02 3.833415e+02 1.782348e+02
      vertex   -1.262469e+02 3.833131e+02 1.802848e+02
      vertex   -1.263963e+02 3.833415e+02 1.802848e+02
    endloop
  endfacet
  facet normal -2.691623e-01 -9.630948e-01 1.166088e-15
    outer loop
      vertex   -1.263963e+02 3.833415e+02 1.782348e+02
      vertex   -1.263963e+02 3.833415e+02 1.802848e+02
      vertex   -1.265428e+02 3.833824e+02 1.782348e+02
    endloop
  endfacet
  facet normal -2.691623e-01 -9.630948e-01 2.973713e-14
    outer loop
      vertex   -1.265428e+02 3.833824e+02 1.782348e+02
      vertex   -1.263963e+02 3.833415e+02 1.802848e+02
      vertex   -1.265428e+02 3.833824e+02 1.802848e+02
    endloop
  endfacet
  facet normal -3.494921e-01 -9.369393e-01 1.252625e-14
    outer loop
      vertex   -1.265428e+02 3.833824e+02 1.782348e+02
      vertex   -1.265428e+02 3.833824e+02 1.802848e+02
      vertex   -1.266853e+02 3.834356e+02 1.782348e+02
    endloop
  endfacet
  facet normal -3.494921e-01 -9.369393e-01 2.463986e-14
    outer loop
      vertex   -1.266853e+02 3.834356e+02 1.782348e+02
      vertex   -1.265428e+02 3.833824e+02 1.802848e+02
      vertex   -1.266853e+02 3.834356e+02 1.802848e+02
    endloop
  endfacet
  facet normal -4.273275e-01 -9.040969e-01 1.003742e-14
    outer loop
      vertex   -1.266853e+02 3.834356e+02 1.782348e+02
      vertex   -1.266853e+02 3.834356e+02 1.802848e+02
      vertex   -1.268227e+02 3.835005e+02 1.782348e+02
    endloop
  endfacet
  facet normal -4.273275e-01 -9.040969e-01 1.596199e-14
    outer loop
      vertex   -1.268227e+02 3.835005e+02 1.782348e+02
      vertex   -1.266853e+02 3.834356e+02 1.802848e+02
      vertex   -1.268227e+02 3.835005e+02 1.802848e+02
    endloop
  endfacet
  facet normal -5.021132e-01 -8.648019e-01 2.324752e-15
    outer loop
      vertex   -1.268227e+02 3.835005e+02 1.782348e+02
      vertex   -1.268227e+02 3.835005e+02 1.802848e+02
      vertex   -1.269543e+02 3.835769e+02 1.782348e+02
    endloop
  endfacet
  facet normal -5.021132e-01 -8.648019e-01 1.624760e-14
    outer loop
      vertex   -1.269543e+02 3.835769e+02 1.782348e+02
      vertex   -1.268227e+02 3.835005e+02 1.802848e+02
      vertex   -1.269543e+02 3.835769e+02 1.802848e+02
    endloop
  endfacet
  facet normal -5.733153e-01 -8.193349e-01 4.568092e-15
    outer loop
      vertex   -1.269543e+02 3.835769e+02 1.782348e+02
      vertex   -1.269543e+02 3.835769e+02 1.802848e+02
      vertex   -1.270788e+02 3.836641e+02 1.782348e+02
    endloop
  endfacet
  facet normal -5.733153e-01 -8.193349e-01 8.542385e-15
    outer loop
      vertex   -1.270788e+02 3.836641e+02 1.782348e+02
      vertex   -1.269543e+02 3.835769e+02 1.802848e+02
      vertex   -1.270788e+02 3.836641e+02 1.802848e+02
    endloop
  endfacet
  facet normal -6.404256e-01 -7.680202e-01 -2.704505e-15
    outer loop
      vertex   -1.270788e+02 3.836641e+02 1.782348e+02
      vertex   -1.270788e+02 3.836641e+02 1.802848e+02
      vertex   -1.271956e+02 3.837615e+02 1.782348e+02
    endloop
  endfacet
  facet normal -6.404256e-01 -7.680202e-01 -3.197807e-14
    outer loop
      vertex   -1.271956e+02 3.837615e+02 1.782348e+02
      vertex   -1.270788e+02 3.836641e+02 1.802848e+02
      vertex   -1.271956e+02 3.837615e+02 1.802848e+02
    endloop
  endfacet
  facet normal -7.029652e-01 -7.112243e-01 -3.875533e-14
    outer loop
      vertex   -1.271956e+02 3.837615e+02 1.782348e+02
      vertex   -1.271956e+02 3.837615e+02 1.802848e+02
      vertex   -1.273038e+02 3.838684e+02 1.782348e+02
    endloop
  endfacet
  facet normal -7.029652e-01 -7.112243e-01 1.530616e-14
    outer loop
      vertex   -1.273038e+02 3.838684e+02 1.782348e+02
      vertex   -1.271956e+02 3.837615e+02 1.802848e+02
      vertex   -1.273038e+02 3.838684e+02 1.802848e+02
    endloop
  endfacet
  facet normal -7.604878e-01 -6.493523e-01 6.570527e-15
    outer loop
      vertex   -1.273038e+02 3.838684e+02 1.782348e+02
      vertex   -1.273038e+02 3.838684e+02 1.802848e+02
      vertex   -1.274025e+02 3.839840e+02 1.782348e+02
    endloop
  endfacet
  facet normal -7.604878e-01 -6.493523e-01 -1.362521e-14
    outer loop
      vertex   -1.274025e+02 3.839840e+02 1.782348e+02
      vertex   -1.273038e+02 3.838684e+02 1.802848e+02
      vertex   -1.274025e+02 3.839840e+02 1.802848e+02
    endloop
  endfacet
  facet normal -8.125827e-01 -5.828459e-01 -1.763611e-14
    outer loop
      vertex   -1.274025e+02 3.839840e+02 1.782348e+02
      vertex   -1.274025e+02 3.839840e+02 1.802848e+02
      vertex   -1.274912e+02 3.841076e+02 1.782348e+02
    endloop
  endfacet
  facet normal -8.125827e-01 -5.828459e-01 9.791182e-15
    outer loop
      vertex   -1.274912e+02 3.841076e+02 1.782348e+02
      vertex   -1.274025e+02 3.839840e+02 1.802848e+02
      vertex   -1.274912e+02 3.841076e+02 1.802848e+02
    endloop
  endfacet
  facet normal -8.588783e-01 -5.121797e-01 4.588543e-15
    outer loop
      vertex   -1.274912e+02 3.841076e+02 1.782348e+02
      vertex   -1.274912e+02 3.841076e+02 1.802848e+02
      vertex   -1.275690e+02 3.842382e+02 1.782348e+02
    endloop
  endfacet
  facet normal -8.588783e-01 -5.121797e-01 2.294271e-15
    outer loop
      vertex   -1.275690e+02 3.842382e+02 1.782348e+02
      vertex   -1.274912e+02 3.841076e+02 1.802848e+02
      vertex   -1.275690e+02 3.842382e+02 1.802848e+02
    endloop
  endfacet
  facet normal -8.990441e-01 -4.378581e-01 -3.234227e-16
    outer loop
      vertex   -1.275690e+02 3.842382e+02 1.782348e+02
      vertex   -1.275690e+02 3.842382e+02 1.802848e+02
      vertex   -1.276356e+02 3.843749e+02 1.782348e+02
    endloop
  endfacet
  facet normal -8.990441e-01 -4.378581e-01 1.214115e-14
    outer loop
      vertex   -1.276356e+02 3.843749e+02 1.782348e+02
      vertex   -1.275690e+02 3.842382e+02 1.802848e+02
      vertex   -1.276356e+02 3.843749e+02 1.802848e+02
    endloop
  endfacet
  facet normal -9.327934e-01 -3.604116e-01 9.993671e-15
    outer loop
      vertex   -1.276356e+02 3.843749e+02 1.782348e+02
      vertex   -1.276356e+02 3.843749e+02 1.802848e+02
      vertex   -1.276904e+02 3.845167e+02 1.802848e+02
    endloop
  endfacet
  facet normal -9.327934e-01 -3.604116e-01 -0.000000e+00
    outer loop
      vertex   -1.276904e+02 3.845167e+02 1.802848e+02
      vertex   -1.276904e+02 3.845167e+02 1.761848e+02
      vertex   -1.276356e+02 3.843749e+02 1.782348e+02
    endloop
  endfacet
  facet normal -9.327934e-01 -3.604116e-01 -1.293248e-14
    outer loop
      vertex   -1.276356e+02 3.843749e+02 1.782348e+02
      vertex   -1.276904e+02 3.845167e+02 1.761848e+02
      vertex   -1.276356e+02 3.843749e+02 1.761848e+02
    endloop
  endfacet
  facet normal -8.990441e-01 -4.378581e-01 -1.246457e-14
    outer loop
      vertex   -1.276356e+02 3.843749e+02 1.782348e+02
      vertex   -1.276356e+02 3.843749e+02 1.761848e+02
      vertex   -1.275690e+02 3.842382e+02 1.782348e+02
    endloop
  endfacet
  facet normal -8.990441e-01 -4.378581e-01 -3.234227e-16
    outer loop
      vertex   -1.275690e+02 3.842382e+02 1.782348e+02
      vertex   -1.276356e+02 3.843749e+02 1.761848e+02
      vertex   -1.275690e+02 3.842382e+02 1.761848e+02
    endloop
  endfacet
  facet normal -8.588783e-01 -5.121797e-01 2.294271e-15
    outer loop
      vertex   -1.275690e+02 3.842382e+02 1.782348e+02
      vertex   -1.275690e+02 3.842382e+02 1.761848e+02
      vertex   -1.274912e+02 3.841076e+02 1.782348e+02
    endloop
  endfacet
  facet normal -8.588783e-01 -5.121797e-01 -9.613431e-15
    outer loop
      vertex   -1.274912e+02 3.841076e+02 1.782348e+02
      vertex   -1.275690e+02 3.842382e+02 1.761848e+02
      vertex   -1.274912e+02 3.841076e+02 1.761848e+02
    endloop
  endfacet
  facet normal -8.125827e-01 -5.828459e-01 -6.370258e-15
    outer loop
      vertex   -1.274912e+02 3.841076e+02 1.782348e+02
      vertex   -1.274912e+02 3.841076e+02 1.761848e+02
      vertex   -1.274025e+02 3.839840e+02 1.782348e+02
    endloop
  endfacet
  facet normal -8.125827e-01 -5.828459e-01 1.468677e-14
    outer loop
      vertex   -1.274025e+02 3.839840e+02 1.782348e+02
      vertex   -1.274912e+02 3.841076e+02 1.761848e+02
      vertex   -1.274025e+02 3.839840e+02 1.761848e+02
    endloop
  endfacet
  facet normal -7.604878e-01 -6.493523e-01 2.238591e-14
    outer loop
      vertex   -1.274025e+02 3.839840e+02 1.782348e+02
      vertex   -1.274025e+02 3.839840e+02 1.761848e+02
      vertex   -1.273038e+02 3.838684e+02 1.782348e+02
    endloop
  endfacet
  facet normal -7.604878e-01 -6.493523e-01 -6.163240e-15
    outer loop
      vertex   -1.273038e+02 3.838684e+02 1.782348e+02
      vertex   -1.274025e+02 3.839840e+02 1.761848e+02
      vertex   -1.273038e+02 3.838684e+02 1.761848e+02
    endloop
  endfacet
  facet normal -7.029652e-01 -7.112243e-01 4.580226e-16
    outer loop
      vertex   -1.273038e+02 3.838684e+02 1.782348e+02
      vertex   -1.273038e+02 3.838684e+02 1.761848e+02
      vertex   -1.271956e+02 3.837615e+02 1.782348e+02
    endloop
  endfacet
  facet normal -7.029652e-01 -7.112243e-01 5.560076e-15
    outer loop
      vertex   -1.271956e+02 3.837615e+02 1.782348e+02
      vertex   -1.273038e+02 3.838684e+02 1.761848e+02
      vertex   -1.271956e+02 3.837615e+02 1.761848e+02
    endloop
  endfacet
  facet normal -6.404256e-01 -7.680202e-01 1.505353e-14
    outer loop
      vertex   -1.271956e+02 3.837615e+02 1.782348e+02
      vertex   -1.271956e+02 3.837615e+02 1.761848e+02
      vertex   -1.270788e+02 3.836641e+02 1.782348e+02
    endloop
  endfacet
  facet normal -6.404256e-01 -7.680202e-01 -2.400055e-14
    outer loop
      vertex   -1.270788e+02 3.836641e+02 1.782348e+02
      vertex   -1.271956e+02 3.837615e+02 1.761848e+02
      vertex   -1.270788e+02 3.836641e+02 1.761848e+02
    endloop
  endfacet
  facet normal -5.733153e-01 -8.193349e-01 -1.417654e-14
    outer loop
      vertex   -1.270788e+02 3.836641e+02 1.782348e+02
      vertex   -1.270788e+02 3.836641e+02 1.761848e+02
      vertex   -1.269543e+02 3.835769e+02 1.782348e+02
    endloop
  endfacet
  facet normal -5.733153e-01 -8.193349e-01 -3.380493e-15
    outer loop
      vertex   -1.269543e+02 3.835769e+02 1.782348e+02
      vertex   -1.270788e+02 3.836641e+02 1.761848e+02
      vertex   -1.269543e+02 3.835769e+02 1.761848e+02
    endloop
  endfacet
  facet normal -5.021132e-01 -8.648019e-01 9.286174e-15
    outer loop
      vertex   -1.269543e+02 3.835769e+02 1.782348e+02
      vertex   -1.269543e+02 3.835769e+02 1.761848e+02
      vertex   -1.268227e+02 3.835005e+02 1.782348e+02
    endloop
  endfacet
  facet normal -5.021132e-01 -8.648019e-01 2.324752e-15
    outer loop
      vertex   -1.268227e+02 3.835005e+02 1.782348e+02
      vertex   -1.269543e+02 3.835769e+02 1.761848e+02
      vertex   -1.268227e+02 3.835005e+02 1.761848e+02
    endloop
  endfacet
  facet normal -4.273275e-01 -9.040969e-01 1.596199e-14
    outer loop
      vertex   -1.268227e+02 3.835005e+02 1.782348e+02
      vertex   -1.268227e+02 3.835005e+02 1.761848e+02
      vertex   -1.266853e+02 3.834356e+02 1.782348e+02
    endloop
  endfacet
  facet normal -4.273275e-01 -9.040969e-01 -4.602565e-14
    outer loop
      vertex   -1.266853e+02 3.834356e+02 1.782348e+02
      vertex   -1.268227e+02 3.835005e+02 1.761848e+02
      vertex   -1.266853e+02 3.834356e+02 1.761848e+02
    endloop
  endfacet
  facet normal -3.494921e-01 -9.369393e-01 -3.216542e-14
    outer loop
      vertex   -1.266853e+02 3.834356e+02 1.782348e+02
      vertex   -1.266853e+02 3.834356e+02 1.761848e+02
      vertex   -1.265428e+02 3.833824e+02 1.782348e+02
    endloop
  endfacet
  facet normal -3.494921e-01 -9.369393e-01 1.494897e-14
    outer loop
      vertex   -1.265428e+02 3.833824e+02 1.782348e+02
      vertex   -1.266853e+02 3.834356e+02 1.761848e+02
      vertex   -1.265428e+02 3.833824e+02 1.761848e+02
    endloop
  endfacet
  facet normal -2.691623e-01 -9.630948e-01 3.160299e-14
    outer loop
      vertex   -1.265428e+02 3.833824e+02 1.782348e+02
      vertex   -1.265428e+02 3.833824e+02 1.761848e+02
      vertex   -1.263963e+02 3.833415e+02 1.782348e+02
    endloop
  endfacet
  facet normal -2.691623e-01 -9.630948e-01 -2.565644e-15
    outer loop
      vertex   -1.263963e+02 3.833415e+02 1.782348e+02
      vertex   -1.265428e+02 3.833824e+02 1.761848e+02
      vertex   -1.263963e+02 3.833415e+02 1.761848e+02
    endloop
  endfacet
  facet normal -1.869115e-01 -9.823768e-01 1.560886e-14
    outer loop
      vertex   -1.263963e+02 3.833415e+02 1.782348e+02
      vertex   -1.263963e+02 3.833415e+02 1.761848e+02
      vertex   -1.262469e+02 3.833131e+02 1.782348e+02
    endloop
  endfacet
  facet normal -1.869115e-01 -9.823768e-01 1.172178e-14
    outer loop
      vertex   -1.262469e+02 3.833131e+02 1.782348e+02
      vertex   -1.263963e+02 3.833415e+02 1.761848e+02
      vertex   -1.262469e+02 3.833131e+02 1.761848e+02
    endloop
  endfacet
  facet normal -0.000000e+00 0.000000e+00 -1.000000e+00
    outer loop
      vertex   -1.260957e+02 3.832973e+02 1.802848e+02
      vertex   -1.262279e+02 3.830996e+02 1.802848e+02
      vertex   -1.262469e+02 3.833131e+02 1.802848e+02
    endloop
  endfacet
  facet normal -0.000000e+00 -0.000000e+00 -1.000000e+00
    outer loop
      vertex   -1.262469e+02 3.833131e+02 1.802848e+02
      vertex   -1.262279e+02 3.830996e+02 1.802848e+02
      vertex   -1.263963e+02 3.833415e+02 1.802848e+02
    endloop
  endfacet
  facet normal -0.000000e+00 -0.000000e+00 -1.000000e+00
    outer loop
      vertex   -1.263963e+02 3.833415e+02 1.802848e+02
      vertex   -1.262279e+02 3.830996e+02 1.802848e+02
      vertex   -1.265428e+02 3.833824e+02 1.802848e+02
    endloop
  endfacet
  facet normal 0.000000e+00 0.000000e+00 -1.000000e+00
    outer loop
      vertex   -1.265428e+02 3.833824e+02 1.802848e+02
      vertex   -1.262279e+02 3.830996e+02 1.802848e+02
      vertex   -1.263717e+02 3.829100e+02 1.802848e+02
    endloop
  endfacet
  facet normal -0.000000e+00 -0.000000e+00 -1.000000e+00
    outer loop
      vertex   -1.265428e+02 3.833824e+02 1.802848e+02
      vertex   -1.263717e+02 3.829100e+02 1.802848e+02
      vertex   -1.266853e+02 3.834356e+02 1.802848e+02
    endloop
  endfacet
  facet normal 0.000000e+00 0.000000e+00 -1.000000e+00
    outer loop
      vertex   -1.266853e+02 3.834356e+02 1.802848e+02
      vertex   -1.263717e+02 3.829100e+02 1.802848e+02
      vertex   -1.265264e+02 3.827294e+02 1.802848e+02
    endloop
  endfacet
  facet normal -0.000000e+00 -0.000000e+00 -1.000000e+00
    outer loop
      vertex   -1.266853e+02 3.834356e+02 1.802848e+02
      vertex   -1.265264e+02 3.827294e+02 1.802848e+02
      vertex   -1.268227e+02 3.835005e+02 1.802848e+02
    endloop
  endfacet
  facet normal 0.000000e+00 0.000000e+00 -1.000000e+00
    outer loop
      vertex   -1.268227e+02 3.835005e+02 1.802848e+02
      vertex   -1.265264e+02 3.827294e+02 1.802848e+02
      vertex   -1.266917e+02 3.825582e+02 1.802848e+02
    endloop
  endfacet
  facet normal -0.000000e+00 -0.000000e+00 -1.000000e+00
    outer loop
      vertex   -1.268227e+02 3.835005e+02 1.802848e+02
      vertex   -1.266917e+02 3.825582e+02 1.802848e+02
      vertex   -1.269543e+02 3.835769e+02 1.802848e+02
    endloop
  endfacet
  facet normal 0.000000e+00 0.000000e+00 -1.000000e+00
    outer loop
      vertex   -1.269543e+02 3.835769e+02 1.802848e+02
      vertex   -1.266917e+02 3.825582e+02 1.802848e+02
      vertex   -1.268668e+02 3.823972e+02 1.802848e+02
    endloop
  endfacet
  facet normal -0.000000e+00 -0.000000e+00 -1.000000e+00
    outer loop
      vertex   -1.269543e+02 3.835769e+02 1.802848e+02
      vertex   -1.268668e+02 3.823972e+02 1.802848e+02
      vertex   -1.270788e+02 3.836641e+02 1.802848e+02
    endloop
  endfacet
  facet normal 0.000000e+00 0.000000e+00 -1.000000e+00
    outer loop
      vertex   -1.270788e+02 3.836641e+02 1.802848e+02
      vertex   -1.268668e+02 3.823972e+02 1.802848e+02
      vertex   -1.270511e+02 3.822469e+02 1.802848e+02
    endloop
  endfacet
  facet normal -0.000000e+00 -0.000000e+00 -1.000000e+00
    outer loop
      vertex   -1.270788e+02 3.836641e+02 1.802848e+02
      vertex   -1.270511e+02 3.822469e+02 1.802848e+02
      vertex   -1.271956e+02 3.837615e+02 1.802848e+02
    endloop
  endfacet
  facet normal 0.000000e+00 -0.000000e+00 -1.000000e+00
    outer loop
      vertex   -1.271956e+02 3.837615e+02 1.802848e+02
      vertex   -1.270511e+02 3.822469e+02 1.802848e+02
      vertex   -1.344898e+02 3.835079e+02 1.802848e+02
    endloop
  endfacet
  facet normal 0.000000e+00 0.000000e+00 -1.000000e+00
    outer loop
      vertex   -1.271956e+02 3.837615e+02 1.802848e+02
      vertex   -1.344898e+02 3.835079e+02 1.802848e+02
      vertex   -1.343983e+02 3.836267e+02 1.802848e+02
    endloop
  endfacet
  facet normal 0.000000e+00 0.000000e+00 -1.000000e+00
    outer loop
      vertex   -1.344898e+02 3.835079e+02 1.802848e+02
      vertex   -1.270511e+02 3.822469e+02 1.802848e+02
      vertex   -1.294856e+02 3.814208e+02 1.802848e+02
    endloop
  endfacet
  facet normal 0.000000e+00 0.000000e+00 -1.000000e+00
    outer loop
      vertex   -1.294856e+02 3.814208e+02 1.802848e+02
      vertex   -1.270511e+02 3.822469e+02 1.802848e+02
      vertex   -1.272441e+02 3.821077e+02 1.802848e+02
    endloop
  endfacet
  facet normal 0.000000e+00 0.000000e+00 -1.000000e+00
    outer loop
      vertex   -1.294856e+02 3.814208e+02 1.802848e+02
      vertex   -1.272441e+02 3.821077e+02 1.802848e+02
      vertex   -1.274450e+02 3.819804e+02 1.802848e+02
    endloop
  endfacet
  facet normal 0.000000e+00 0.000000e+00 -1.000000e+00
    outer loop
      vertex   -1.274450e+02 3.819804e+02 1.802848e+02
      vertex   -1.276532e+02 3.818651e+02 1.802848e+02
      vertex   -1.294856e+02 3.814208e+02 1.802848e+02
    endloop
  endfacet
  facet normal 0.000000e+00 0.000000e+00 -1.000000e+00
    outer loop
      vertex   -1.294856e+02 3.814208e+02 1.802848e+02
      vertex   -1.276532e+02 3.818651e+02 1.802848e+02
      vertex   -1.278678e+02 3.817625e+02 1.802848e+02
    endloop
  endfacet
  facet normal 0.000000e+00 0.000000e+00 -1.000000e+00
    outer loop
      vertex   -1.294856e+02 3.814208e+02 1.802848e+02
      vertex   -1.278678e+02 3.817625e+02 1.802848e+02
      vertex   -1.280881e+02 3.816728e+02 1.802848e+02
    endloop
  endfacet
  facet normal 0.000000e+00 0.000000e+00 -1.000000e+00
    outer loop
      vertex   -1.280881e+02 3.816728e+02 1.802848e+02
      vertex   -1.283134e+02 3.815964e+02 1.802848e+02
      vertex   -1.294856e+02 3.814208e+02 1.802848e+02
    endloop
  endfacet
  facet normal 0.000000e+00 0.000000e+00 -1.000000e+00
    outer loop
      vertex   -1.294856e+02 3.814208e+02 1.802848e+02
      vertex   -1.283134e+02 3.815964e+02 1.802848e+02
      vertex   -1.285428e+02 3.815334e+02 1.802848e+02
    endloop
  endfacet
  facet normal 0.000000e+00 0.000000e+00 -1.000000e+00
    outer loop
      vertex   -1.294856e+02 3.814208e+02 1.802848e+02
      vertex   -1.285428e+02 3.815334e+02 1.802848e+02
      vertex   -1.287756e+02 3.814843e+02 1.802848e+02
    endloop
  endfacet
  facet normal 0.000000e+00 0.000000e+00 -1.000000e+00
    outer loop
      vertex   -1.287756e+02 3.814843e+02 1.802848e+02
      vertex   -1.290108e+02 3.814490e+02 1.802848e+02
      vertex   -1.294856e+02 3.814208e+02 1.802848e+02
    endloop
  endfacet
  facet normal 0.000000e+00 0.000000e+00 -1.000000e+00
    outer loop
      vertex   -1.294856e+02 3.814208e+02 1.802848e+02
      vertex   -1.290108e+02 3.814490e+02 1.802848e+02
      vertex   -1.292478e+02 3.814278e+02 1.802848e+02
    endloop
  endfacet
  facet normal 0.000000e+00 0.000000e+00 -1.000000e+00
    outer loop
      vertex   -1.350531e+02 3.814208e+02 1.802848e+02
      vertex   -1.349538e+02 3.831328e+02 1.802848e+02
      vertex   -1.294856e+02 3.814208e+02 1.802848e+02
    endloop
  endfacet
  facet normal 0.000000e+00 0.000000e+00 -1.000000e+00
    outer loop
      vertex   -1.294856e+02 3.814208e+02 1.802848e+02
      vertex   -1.349538e+02 3.831328e+02 1.802848e+02
      vertex   -1.348251e+02 3.832098e+02 1.802848e+02
    endloop
  endfacet
  facet normal 0.000000e+00 0.000000e+00 -1.000000e+00
    outer loop
      vertex   -1.294856e+02 3.814208e+02 1.802848e+02
      vertex   -1.348251e+02 3.832098e+02 1.802848e+02
      vertex   -1.347042e+02 3.832985e+02 1.802848e+02
    endloop
  endfacet
  facet normal -7.872633e-12 -2.413014e-12 -1.000000e+00
    outer loop
      vertex   -1.351765e+02 3.814227e+02 1.802848e+02
      vertex   -1.355230e+02 3.829537e+02 1.802848e+02
      vertex   -1.350531e+02 3.814208e+02 1.802848e+02
    endloop
  endfacet
  facet normal 0.000000e+00 0.000000e+00 -1.000000e+00
    outer loop
      vertex   -1.350531e+02 3.814208e+02 1.802848e+02
      vertex   -1.355230e+02 3.829537e+02 1.802848e+02
      vertex   -1.353750e+02 3.829782e+02 1.802848e+02
    endloop
  endfacet
  facet normal 0.000000e+00 0.000000e+00 -1.000000e+00
    outer loop
      vertex   -1.350531e+02 3.814208e+02 1.802848e+02
      vertex   -1.353750e+02 3.829782e+02 1.802848e+02
      vertex   -1.352300e+02 3.830165e+02 1.802848e+02
    endloop
  endfacet
  facet normal 6.678779e-13 -4.800043e-13 -1.000000e+00
    outer loop
      vertex   -1.351765e+02 3.814227e+02 1.802848e+02
      vertex   -1.353000e+02 3.814285e+02 1.802848e+02
      vertex   -1.355230e+02 3.829537e+02 1.802848e+02
    endloop
  endfacet
  facet normal 4.198844e-13 -5.162680e-13 -1.000000e+00
    outer loop
      vertex   -1.355230e+02 3.829537e+02 1.802848e+02
      vertex   -1.353000e+02 3.814285e+02 1.802848e+02
      vertex   -1.354235e+02 3.814382e+02 1.802848e+02
    endloop
  endfacet
  facet normal 6.363255e-13 -5.020521e-13 -1.000000e+00
    outer loop
      vertex   -1.355230e+02 3.829537e+02 1.802848e+02
      vertex   -1.354235e+02 3.814382e+02 1.802848e+02
      vertex   -1.355468e+02 3.814517e+02 1.802848e+02
    endloop
  endfacet
  facet normal 1.612784e-13 -4.945295e-13 -1.000000e+00
    outer loop
      vertex   -1.355468e+02 3.814517e+02 1.802848e+02
      vertex   -1.356698e+02 3.814690e+02 1.802848e+02
      vertex   -1.355230e+02 3.829537e+02 1.802848e+02
    endloop
  endfacet
  facet normal 3.748212e-13 -5.156431e-13 -1.000000e+00
    outer loop
      vertex   -1.355230e+02 3.829537e+02 1.802848e+02
      vertex   -1.356698e+02 3.814690e+02 1.802848e+02
      vertex   -1.357923e+02 3.814902e+02 1.802848e+02
    endloop
  endfacet
  facet normal 5.859509e-13 -5.544971e-13 -1.000000e+00
    outer loop
      vertex   -1.355230e+02 3.829537e+02 1.802848e+02
      vertex   -1.357923e+02 3.814902e+02 1.802848e+02
      vertex   -1.359142e+02 3.815152e+02 1.802848e+02
    endloop
  endfacet
  facet normal 5.733851e-13 -5.510797e-13 -1.000000e+00
    outer loop
      vertex   -1.359142e+02 3.815152e+02 1.802848e+02
      vertex   -1.360354e+02 3.815439e+02 1.802848e+02
      vertex   -1.355230e+02 3.829537e+02 1.802848e+02
    endloop
  endfacet
  facet normal 3.465667e-13 -4.686530e-13 -1.000000e+00
    outer loop
      vertex   -1.355230e+02 3.829537e+02 1.802848e+02
      vertex   -1.360354e+02 3.815439e+02 1.802848e+02
      vertex   -1.361555e+02 3.815763e+02 1.802848e+02
    endloop
  endfacet
  facet normal 3.366662e-13 -4.641067e-13 -1.000000e+00
    outer loop
      vertex   -1.355230e+02 3.829537e+02 1.802848e+02
      vertex   -1.361555e+02 3.815763e+02 1.802848e+02
      vertex   -1.362746e+02 3.816124e+02 1.802848e+02
    endloop
  endfacet
  facet normal 5.305163e-13 -5.727281e-13 -1.000000e+00
    outer loop
      vertex   -1.362746e+02 3.816124e+02 1.802848e+02
      vertex   -1.363924e+02 3.816521e+02 1.802848e+02
      vertex   -1.355230e+02 3.829537e+02 1.802848e+02
    endloop
  endfacet
  facet normal 1.614321e-14 -2.291430e-13 -1.000000e+00
    outer loop
      vertex   -1.355230e+02 3.829537e+02 1.802848e+02
      vertex   -1.363924e+02 3.816521e+02 1.802848e+02
      vertex   -1.356726e+02 3.829432e+02 1.802848e+02
    endloop
  endfacet
  facet normal 1.343575e-13 -2.950514e-13 -1.000000e+00
    outer loop
      vertex   -1.356726e+02 3.829432e+02 1.802848e+02
      vertex   -1.363924e+02 3.816521e+02 1.802848e+02
      vertex   -1.365089e+02 3.816954e+02 1.802848e+02
    endloop
  endfacet
  facet normal 5.172766e-13 -5.516834e-13 -1.000000e+00
    outer loop
      vertex   -1.356726e+02 3.829432e+02 1.802848e+02
      vertex   -1.365089e+02 3.816954e+02 1.802848e+02
      vertex   -1.366238e+02 3.817423e+02 1.802848e+02
    endloop
  endfacet
  facet normal 3.247827e-13 -3.992280e-13 -1.000000e+00
    outer loop
      vertex   -1.366238e+02 3.817423e+02 1.802848e+02
      vertex   -1.367370e+02 3.817926e+02 1.802848e+02
      vertex   -1.356726e+02 3.829432e+02 1.802848e+02
    endloop
  endfacet
  facet normal 4.965599e-13 -5.581216e-13 -1.000000e+00
    outer loop
      vertex   -1.356726e+02 3.829432e+02 1.802848e+02
      vertex   -1.367370e+02 3.817926e+02 1.802848e+02
      vertex   -1.368483e+02 3.818462e+02 1.802848e+02
    endloop
  endfacet
  facet normal 1.580285e-13 -1.952847e-13 -1.000000e+00
    outer loop
      vertex   -1.356726e+02 3.829432e+02 1.802848e+02
      vertex   -1.368483e+02 3.818462e+02 1.802848e+02
      vertex   -1.369577e+02 3.819033e+02 1.802848e+02
    endloop
  endfacet
  facet normal -0.000000e+00 0.000000e+00 -1.000000e+00
    outer loop
      vertex   -1.356726e+02 3.829432e+02 1.802848e+02
      vertex   -1.369577e+02 3.819033e+02 1.802848e+02
      vertex   -1.358226e+02 3.829467e+02 1.802848e+02
    endloop
  endfacet
  facet normal 0.000000e+00 0.000000e+00 -1.000000e+00
    outer loop
      vertex   -1.358226e+02 3.829467e+02 1.802848e+02
      vertex   -1.369577e+02 3.819033e+02 1.802848e+02
      vertex   -1.373912e+02 3.821447e+02 1.802848e+02
    endloop
  endfacet
  facet normal -0.000000e+00 0.000000e+00 -1.000000e+00
    outer loop
      vertex   -1.358226e+02 3.829467e+02 1.802848e+02
      vertex   -1.373912e+02 3.821447e+02 1.802848e+02
      vertex   -1.359715e+02 3.829642e+02 1.802848e+02
    endloop
  endfacet
  facet normal -0.000000e+00 0.000000e+00 -1.000000e+00
    outer loop
      vertex   -1.359715e+02 3.829642e+02 1.802848e+02
      vertex   -1.373912e+02 3.821447e+02 1.802848e+02
      vertex   -1.361182e+02 3.829957e+02 1.802848e+02
    endloop
  endfacet
  facet normal 0.000000e+00 0.000000e+00 -1.000000e+00
    outer loop
      vertex   -1.361182e+02 3.829957e+02 1.802848e+02
      vertex   -1.373912e+02 3.821447e+02 1.802848e+02
      vertex   -1.378227e+02 3.823993e+02 1.802848e+02
    endloop
  endfacet
  facet normal -0.000000e+00 0.000000e+00 -1.000000e+00
    outer loop
      vertex   -1.361182e+02 3.829957e+02 1.802848e+02
      vertex   -1.378227e+02 3.823993e+02 1.802848e+02
      vertex   -1.362613e+02 3.830407e+02 1.802848e+02
    endloop
  endfacet
  facet normal -0.000000e+00 0.000000e+00 -1.000000e+00
    outer loop
      vertex   -1.362613e+02 3.830407e+02 1.802848e+02
      vertex   -1.378227e+02 3.823993e+02 1.802848e+02
      vertex   -1.363995e+02 3.830989e+02 1.802848e+02
    endloop
  endfacet
  facet normal 0.000000e+00 0.000000e+00 -1.000000e+00
    outer loop
      vertex   -1.363995e+02 3.830989e+02 1.802848e+02
      vertex   -1.378227e+02 3.823993e+02 1.802848e+02
      vertex   -1.382492e+02 3.826665e+02 1.802848e+02
    endloop
  endfacet
  facet normal -0.000000e+00 0.000000e+00 -1.000000e+00
    outer loop
      vertex   -1.363995e+02 3.830989e+02 1.802848e+02
      vertex   -1.382492e+02 3.826665e+02 1.802848e+02
      vertex   -1.365317e+02 3.831698e+02 1.802848e+02
    endloop
  endfacet
  facet normal -0.000000e+00 0.000000e+00 -1.000000e+00
    outer loop
      vertex   -1.365317e+02 3.831698e+02 1.802848e+02
      vertex   -1.382492e+02 3.826665e+02 1.802848e+02
      vertex   -1.366567e+02 3.832527e+02 1.802848e+02
    endloop
  endfacet
  facet normal 0.000000e+00 0.000000e+00 -1.000000e+00
    outer loop
      vertex   -1.366567e+02 3.832527e+02 1.802848e+02
      vertex   -1.382492e+02 3.826665e+02 1.802848e+02
      vertex   -1.384596e+02 3.828046e+02 1.802848e+02
    endloop
  endfacet
  facet normal -0.000000e+00 0.000000e+00 -1.000000e+00
    outer loop
      vertex   -1.366567e+02 3.832527e+02 1.802848e+02
      vertex   -1.384596e+02 3.828046e+02 1.802848e+02
      vertex   -1.367733e+02 3.833470e+02 1.802848e+02
    endloop
  endfacet
  facet normal 0.000000e+00 0.000000e+00 -1.000000e+00
    outer loop
      vertex   -1.367733e+02 3.833470e+02 1.802848e+02
      vertex   -1.384596e+02 3.828046e+02 1.802848e+02
      vertex   -1.386678e+02 3.829458e+02 1.802848e+02
    endloop
  endfacet
  facet normal -0.000000e+00 0.000000e+00 -1.000000e+00
    outer loop
      vertex   -1.367733e+02 3.833470e+02 1.802848e+02
      vertex   -1.386678e+02 3.829458e+02 1.802848e+02
      vertex   -1.368806e+02 3.834518e+02 1.802848e+02
    endloop
  endfacet
  facet normal 0.000000e+00 0.000000e+00 -1.000000e+00
    outer loop
      vertex   -1.368806e+02 3.834518e+02 1.802848e+02
      vertex   -1.386678e+02 3.829458e+02 1.802848e+02
      vertex   -1.388732e+02 3.830898e+02 1.802848e+02
    endloop
  endfacet
  facet normal -0.000000e+00 0.000000e+00 -1.000000e+00
    outer loop
      vertex   -1.368806e+02 3.834518e+02 1.802848e+02
      vertex   -1.388732e+02 3.830898e+02 1.802848e+02
      vertex   -1.369776e+02 3.835662e+02 1.802848e+02
    endloop
  endfacet
  facet normal 0.000000e+00 0.000000e+00 -1.000000e+00
    outer loop
      vertex   -1.369776e+02 3.835662e+02 1.802848e+02
      vertex   -1.388732e+02 3.830898e+02 1.802848e+02
      vertex   -1.390756e+02 3.832366e+02 1.802848e+02
    endloop
  endfacet
  facet normal -0.000000e+00 0.000000e+00 -1.000000e+00
    outer loop
      vertex   -1.369776e+02 3.835662e+02 1.802848e+02
      vertex   -1.390756e+02 3.832366e+02 1.802848e+02
      vertex   -1.370635e+02 3.836892e+02 1.802848e+02
    endloop
  endfacet
  facet normal 0.000000e+00 0.000000e+00 -1.000000e+00
    outer loop
      vertex   -1.370635e+02 3.836892e+02 1.802848e+02
      vertex   -1.390756e+02 3.832366e+02 1.802848e+02
      vertex   -1.392746e+02 3.833862e+02 1.802848e+02
    endloop
  endfacet
  facet normal -0.000000e+00 0.000000e+00 -1.000000e+00
    outer loop
      vertex   -1.370635e+02 3.836892e+02 1.802848e+02
      vertex   -1.392746e+02 3.833862e+02 1.802848e+02
      vertex   -1.371375e+02 3.838197e+02 1.802848e+02
    endloop
  endfacet
  facet normal 0.000000e+00 0.000000e+00 -1.000000e+00
    outer loop
      vertex   -1.371375e+02 3.838197e+02 1.802848e+02
      vertex   -1.392746e+02 3.833862e+02 1.802848e+02
      vertex   -1.394698e+02 3.835385e+02 1.802848e+02
    endloop
  endfacet
  facet normal -0.000000e+00 0.000000e+00 -1.000000e+00
    outer loop
      vertex   -1.371375e+02 3.838197e+02 1.802848e+02
      vertex   -1.394698e+02 3.835385e+02 1.802848e+02
      vertex   -1.371989e+02 3.839565e+02 1.802848e+02
    endloop
  endfacet
  facet normal 0.000000e+00 0.000000e+00 -1.000000e+00
    outer loop
      vertex   -1.371989e+02 3.839565e+02 1.802848e+02
      vertex   -1.394698e+02 3.835385e+02 1.802848e+02
      vertex   -1.396608e+02 3.836935e+02 1.802848e+02
    endloop
  endfacet
  facet normal -0.000000e+00 0.000000e+00 -1.000000e+00
    outer loop
      vertex   -1.371989e+02 3.839565e+02 1.802848e+02
      vertex   -1.396608e+02 3.836935e+02 1.802848e+02
      vertex   -1.372472e+02 3.840985e+02 1.802848e+02
    endloop
  endfacet
  facet normal 0.000000e+00 0.000000e+00 -1.000000e+00
    outer loop
      vertex   -1.372472e+02 3.840985e+02 1.802848e+02
      vertex   -1.396608e+02 3.836935e+02 1.802848e+02
      vertex   -1.398473e+02 3.838509e+02 1.802848e+02
    endloop
  endfacet
  facet normal -0.000000e+00 0.000000e+00 -1.000000e+00
    outer loop
      vertex   -1.372472e+02 3.840985e+02 1.802848e+02
      vertex   -1.398473e+02 3.838509e+02 1.802848e+02
      vertex   -1.372821e+02 3.842444e+02 1.802848e+02
    endloop
  endfacet
  facet normal 0.000000e+00 0.000000e+00 -1.000000e+00
    outer loop
      vertex   -1.372821e+02 3.842444e+02 1.802848e+02
      vertex   -1.398473e+02 3.838509e+02 1.802848e+02
      vertex   -1.400289e+02 3.840109e+02 1.802848e+02
    endloop
  endfacet
  facet normal -0.000000e+00 0.000000e+00 -1.000000e+00
    outer loop
      vertex   -1.372821e+02 3.842444e+02 1.802848e+02
      vertex   -1.400289e+02 3.840109e+02 1.802848e+02
      vertex   -1.373031e+02 3.843929e+02 1.802848e+02
    endloop
  endfacet
  facet normal 0.000000e+00 0.000000e+00 -1.000000e+00
    outer loop
      vertex   -1.373031e+02 3.843929e+02 1.802848e+02
      vertex   -1.400289e+02 3.840109e+02 1.802848e+02
      vertex   -1.402053e+02 3.841733e+02 1.802848e+02
    endloop
  endfacet
  facet normal -0.000000e+00 0.000000e+00 -1.000000e+00
    outer loop
      vertex   -1.373031e+02 3.843929e+02 1.802848e+02
      vertex   -1.402053e+02 3.841733e+02 1.802848e+02
      vertex   -1.373101e+02 3.845427e+02 1.802848e+02
    endloop
  endfacet
  facet normal 0.000000e+00 0.000000e+00 -1.000000e+00
    outer loop
      vertex   -1.373101e+02 3.845427e+02 1.802848e+02
      vertex   -1.402053e+02 3.841733e+02 1.802848e+02
      vertex   -1.404027e+02 3.843646e+02 1.802848e+02
    endloop
  endfacet
  facet normal -0.000000e+00 0.000000e+00 -1.000000e+00
    outer loop
      vertex   -1.373101e+02 3.845427e+02 1.802848e+02
      vertex   -1.404027e+02 3.843646e+02 1.802848e+02
      vertex   -1.373031e+02 3.846926e+02 1.802848e+02
    endloop
  endfacet
  facet normal 0.000000e+00 0.000000e+00 -1.000000e+00
    outer loop
      vertex   -1.373031e+02 3.846926e+02 1.802848e+02
      vertex   -1.404027e+02 3.843646e+02 1.802848e+02
      vertex   -1.405957e+02 3.845628e+02 1.802848e+02
    endloop
  endfacet
  facet normal -0.000000e+00 0.000000e+00 -1.000000e+00
    outer loop
      vertex   -1.373031e+02 3.846926e+02 1.802848e+02
      vertex   -1.405957e+02 3.845628e+02 1.802848e+02
      vertex   -1.372821e+02 3.848411e+02 1.802848e+02
    endloop
  endfacet
  facet normal 0.000000e+00 0.000000e+00 -1.000000e+00
    outer loop
      vertex   -1.372821e+02 3.848411e+02 1.802848e+02
      vertex   -1.405957e+02 3.845628e+02 1.802848e+02
      vertex   -1.407830e+02 3.847680e+02 1.802848e+02
    endloop
  endfacet
  facet normal -0.000000e+00 0.000000e+00 -1.000000e+00
    outer loop
      vertex   -1.372821e+02 3.848411e+02 1.802848e+02
      vertex   -1.407830e+02 3.847680e+02 1.802848e+02
      vertex   -1.372472e+02 3.849870e+02 1.802848e+02
    endloop
  endfacet
  facet normal 0.000000e+00 0.000000e+00 -1.000000e+00
    outer loop
      vertex   -1.372472e+02 3.849870e+02 1.802848e+02
      vertex   -1.407830e+02 3.847680e+02 1.802848e+02
      vertex   -1.409632e+02 3.849798e+02 1.802848e+02
    endloop
  endfacet
  facet normal -0.000000e+00 0.000000e+00 -1.000000e+00
    outer loop
      vertex   -1.372472e+02 3.849870e+02 1.802848e+02
      vertex   -1.409632e+02 3.849798e+02 1.802848e+02
      vertex   -1.371989e+02 3.851289e+02 1.802848e+02
    endloop
  endfacet
  facet normal -0.000000e+00 0.000000e+00 -1.000000e+00
    outer loop
      vertex   -1.371989e+02 3.851289e+02 1.802848e+02
      vertex   -1.409632e+02 3.849798e+02 1.802848e+02
      vertex   -1.411350e+02 3.851981e+02 1.802848e+02
    endloop
  endfacet
  facet normal 0.000000e+00 0.000000e+00 -1.000000e+00
    outer loop
      vertex   -1.371989e+02 3.851289e+02 1.802848e+02
      vertex   -1.411350e+02 3.851981e+02 1.802848e+02
      vertex   -1.371375e+02 3.852658e+02 1.802848e+02
    endloop
  endfacet
  facet normal -0.000000e+00 0.000000e+00 -1.000000e+00
    outer loop
      vertex   -1.371375e+02 3.852658e+02 1.802848e+02
      vertex   -1.411350e+02 3.851981e+02 1.802848e+02
      vertex   -1.370635e+02 3.853963e+02 1.802848e+02
    endloop
  endfacet
  facet normal -0.000000e+00 0.000000e+00 -1.000000e+00
    outer loop
      vertex   -1.370635e+02 3.853963e+02 1.802848e+02
      vertex   -1.411350e+02 3.851981e+02 1.802848e+02
      vertex   -1.412970e+02 3.854228e+02 1.802848e+02
    endloop
  endfacet
  facet normal 0.000000e+00 0.000000e+00 -1.000000e+00
    outer loop
      vertex   -1.370635e+02 3.853963e+02 1.802848e+02
      vertex   -1.412970e+02 3.854228e+02 1.802848e+02
      vertex   -1.369776e+02 3.855192e+02 1.802848e+02
    endloop
  endfacet
  facet normal -0.000000e+00 0.000000e+00 -1.000000e+00
    outer loop
      vertex   -1.369776e+02 3.855192e+02 1.802848e+02
      vertex   -1.412970e+02 3.854228e+02 1.802848e+02
      vertex   -1.414478e+02 3.856535e+02 1.802848e+02
    endloop
  endfacet
  facet normal 0.000000e+00 0.000000e+00 -1.000000e+00
    outer loop
      vertex   -1.369776e+02 3.855192e+02 1.802848e+02
      vertex   -1.414478e+02 3.856535e+02 1.802848e+02
      vertex   -1.368806e+02 3.856336e+02 1.802848e+02
    endloop
  endfacet
  facet normal 0.000000e+00 0.000000e+00 -1.000000e+00
    outer loop
      vertex   -1.368806e+02 3.856336e+02 1.802848e+02
      vertex   -1.414478e+02 3.856535e+02 1.802848e+02
      vertex   -1.415187e+02 3.857711e+02 1.802848e+02
    endloop
  endfacet
  facet normal 0.000000e+00 0.000000e+00 -1.000000e+00
    outer loop
      vertex   -1.368806e+02 3.856336e+02 1.802848e+02
      vertex   -1.415187e+02 3.857711e+02 1.802848e+02
      vertex   -1.415862e+02 3.858902e+02 1.802848e+02
    endloop
  endfacet
  facet normal 0.000000e+00 0.000000e+00 -1.000000e+00
    outer loop
      vertex   -1.415862e+02 3.880509e+02 1.802848e+02
      vertex   -1.363995e+02 3.859866e+02 1.802848e+02
      vertex   -1.415862e+02 3.858902e+02 1.802848e+02
    endloop
  endfacet
  facet normal 0.000000e+00 0.000000e+00 -1.000000e+00
    outer loop
      vertex   -1.415862e+02 3.858902e+02 1.802848e+02
      vertex   -1.363995e+02 3.859866e+02 1.802848e+02
      vertex   -1.365317e+02 3.859157e+02 1.802848e+02
    endloop
  endfacet
  facet normal 0.000000e+00 0.000000e+00 -1.000000e+00
    outer loop
      vertex   -1.415862e+02 3.858902e+02 1.802848e+02
      vertex   -1.365317e+02 3.859157e+02 1.802848e+02
      vertex   -1.366567e+02 3.858327e+02 1.802848e+02
    endloop
  endfacet
  facet normal -0.000000e+00 0.000000e+00 -1.000000e+00
    outer loop
      vertex   -1.313631e+02 3.880509e+02 1.802848e+02
      vertex   -1.358226e+02 3.861388e+02 1.802848e+02
      vertex   -1.415862e+02 3.880509e+02 1.802848e+02
    endloop
  endfacet
  facet normal 0.000000e+00 0.000000e+00 -1.000000e+00
    outer loop
      vertex   -1.415862e+02 3.880509e+02 1.802848e+02
      vertex   -1.358226e+02 3.861388e+02 1.802848e+02
      vertex   -1.359715e+02 3.861212e+02 1.802848e+02
    endloop
  endfacet
  facet normal 0.000000e+00 0.000000e+00 -1.000000e+00
    outer loop
      vertex   -1.415862e+02 3.880509e+02 1.802848e+02
      vertex   -1.359715e+02 3.861212e+02 1.802848e+02
      vertex   -1.361182e+02 3.860898e+02 1.802848e+02
    endloop
  endfacet
  facet normal -0.000000e+00 0.000000e+00 -1.000000e+00
    outer loop
      vertex   -1.308535e+02 3.876614e+02 1.802848e+02
      vertex   -1.353750e+02 3.861073e+02 1.802848e+02
      vertex   -1.313631e+02 3.880509e+02 1.802848e+02
    endloop
  endfacet
  facet normal 0.000000e+00 0.000000e+00 -1.000000e+00
    outer loop
      vertex   -1.313631e+02 3.880509e+02 1.802848e+02
      vertex   -1.353750e+02 3.861073e+02 1.802848e+02
      vertex   -1.355230e+02 3.861318e+02 1.802848e+02
    endloop
  endfacet
  facet normal 0.000000e+00 0.000000e+00 -1.000000e+00
    outer loop
      vertex   -1.313631e+02 3.880509e+02 1.802848e+02
      vertex   -1.355230e+02 3.861318e+02 1.802848e+02
      vertex   -1.356726e+02 3.861423e+02 1.802848e+02
    endloop
  endfacet
  facet normal -0.000000e+00 0.000000e+00 -1.000000e+00
    outer loop
      vertex   -1.303356e+02 3.872829e+02 1.802848e+02
      vertex   -1.350892e+02 3.860173e+02 1.802848e+02
      vertex   -1.308535e+02 3.876614e+02 1.802848e+02
    endloop
  endfacet
  facet normal 0.000000e+00 0.000000e+00 -1.000000e+00
    outer loop
      vertex   -1.308535e+02 3.876614e+02 1.802848e+02
      vertex   -1.350892e+02 3.860173e+02 1.802848e+02
      vertex   -1.352300e+02 3.860690e+02 1.802848e+02
    endloop
  endfacet
  facet normal 0.000000e+00 0.000000e+00 -1.000000e+00
    outer loop
      vertex   -1.308535e+02 3.876614e+02 1.802848e+02
      vertex   -1.352300e+02 3.860690e+02 1.802848e+02
      vertex   -1.353750e+02 3.861073e+02 1.802848e+02
    endloop
  endfacet
  facet normal -0.000000e+00 0.000000e+00 -1.000000e+00
    outer loop
      vertex   -1.298097e+02 3.869157e+02 1.802848e+02
      vertex   -1.348251e+02 3.858757e+02 1.802848e+02
      vertex   -1.303356e+02 3.872829e+02 1.802848e+02
    endloop
  endfacet
  facet normal 0.000000e+00 0.000000e+00 -1.000000e+00
    outer loop
      vertex   -1.303356e+02 3.872829e+02 1.802848e+02
      vertex   -1.348251e+02 3.858757e+02 1.802848e+02
      vertex   -1.349538e+02 3.859527e+02 1.802848e+02
    endloop
  endfacet
  facet normal 0.000000e+00 0.000000e+00 -1.000000e+00
    outer loop
      vertex   -1.303356e+02 3.872829e+02 1.802848e+02
      vertex   -1.349538e+02 3.859527e+02 1.802848e+02
      vertex   -1.350892e+02 3.860173e+02 1.802848e+02
    endloop
  endfacet
  facet normal -0.000000e+00 0.000000e+00 -1.000000e+00
    outer loop
      vertex   -1.292760e+02 3.865598e+02 1.802848e+02
      vertex   -1.345921e+02 3.856873e+02 1.802848e+02
      vertex   -1.298097e+02 3.869157e+02 1.802848e+02
    endloop
  endfacet
  facet normal 0.000000e+00 0.000000e+00 -1.000000e+00
    outer loop
      vertex   -1.298097e+02 3.869157e+02 1.802848e+02
      vertex   -1.345921e+02 3.856873e+02 1.802848e+02
      vertex   -1.347042e+02 3.857870e+02 1.802848e+02
    endloop
  endfacet
  facet normal 0.000000e+00 0.000000e+00 -1.000000e+00
    outer loop
      vertex   -1.298097e+02 3.869157e+02 1.802848e+02
      vertex   -1.347042e+02 3.857870e+02 1.802848e+02
      vertex   -1.348251e+02 3.858757e+02 1.802848e+02
    endloop
  endfacet
  facet normal -0.000000e+00 0.000000e+00 -1.000000e+00
    outer loop
      vertex   -1.290955e+02 3.864350e+02 1.802848e+02
      vertex   -1.343983e+02 3.854588e+02 1.802848e+02
      vertex   -1.292760e+02 3.865598e+02 1.802848e+02
    endloop
  endfacet
  facet normal 0.000000e+00 0.000000e+00 -1.000000e+00
    outer loop
      vertex   -1.292760e+02 3.865598e+02 1.802848e+02
      vertex   -1.343983e+02 3.854588e+02 1.802848e+02
      vertex   -1.344898e+02 3.855776e+02 1.802848e+02
    endloop
  endfacet
  facet normal 0.000000e+00 0.000000e+00 -1.000000e+00
    outer loop
      vertex   -1.292760e+02 3.865598e+02 1.802848e+02
      vertex   -1.344898e+02 3.855776e+02 1.802848e+02
      vertex   -1.345921e+02 3.856873e+02 1.802848e+02
    endloop
  endfacet
  facet normal 0.000000e+00 -0.000000e+00 -1.000000e+00
    outer loop
      vertex   -1.290955e+02 3.864350e+02 1.802848e+02
      vertex   -1.289221e+02 3.863002e+02 1.802848e+02
      vertex   -1.343983e+02 3.854588e+02 1.802848e+02
    endloop
  endfacet
  facet normal 0.000000e+00 0.000000e+00 -1.000000e+00
    outer loop
      vertex   -1.343983e+02 3.854588e+02 1.802848e+02
      vertex   -1.289221e+02 3.863002e+02 1.802848e+02
      vertex   -1.343183e+02 3.853319e+02 1.802848e+02
    endloop
  endfacet
  facet normal 0.000000e+00 0.000000e+00 -1.000000e+00
    outer loop
      vertex   -1.343183e+02 3.853319e+02 1.802848e+02
      vertex   -1.289221e+02 3.863002e+02 1.802848e+02
      vertex   -1.287565e+02 3.861561e+02 1.802848e+02
    endloop
  endfacet
  facet normal 0.000000e+00 0.000000e+00 -1.000000e+00
    outer loop
      vertex   -1.343183e+02 3.853319e+02 1.802848e+02
      vertex   -1.287565e+02 3.861561e+02 1.802848e+02
      vertex   -1.285992e+02 3.860030e+02 1.802848e+02
    endloop
  endfacet
  facet normal 0.000000e+00 0.000000e+00 -1.000000e+00
    outer loop
      vertex   -1.343183e+02 3.853319e+02 1.802848e+02
      vertex   -1.285992e+02 3.860030e+02 1.802848e+02
      vertex   -1.342505e+02 3.851981e+02 1.802848e+02
    endloop
  endfacet
  facet normal 0.000000e+00 0.000000e+00 -1.000000e+00
    outer loop
      vertex   -1.342505e+02 3.851981e+02 1.802848e+02
      vertex   -1.285992e+02 3.860030e+02 1.802848e+02
      vertex   -1.284506e+02 3.858414e+02 1.802848e+02
    endloop
  endfacet
  facet normal 0.000000e+00 0.000000e+00 -1.000000e+00
    outer loop
      vertex   -1.342505e+02 3.851981e+02 1.802848e+02
      vertex   -1.284506e+02 3.858414e+02 1.802848e+02
      vertex   -1.341956e+02 3.850585e+02 1.802848e+02
    endloop
  endfacet
  facet normal 0.000000e+00 0.000000e+00 -1.000000e+00
    outer loop
      vertex   -1.341956e+02 3.850585e+02 1.802848e+02
      vertex   -1.284506e+02 3.858414e+02 1.802848e+02
      vertex   -1.283113e+02 3.856717e+02 1.802848e+02
    endloop
  endfacet
  facet normal 0.000000e+00 0.000000e+00 -1.000000e+00
    outer loop
      vertex   -1.341956e+02 3.850585e+02 1.802848e+02
      vertex   -1.283113e+02 3.856717e+02 1.802848e+02
      vertex   -1.281815e+02 3.854946e+02 1.802848e+02
    endloop
  endfacet
  facet normal 0.000000e+00 0.000000e+00 -1.000000e+00
    outer loop
      vertex   -1.341956e+02 3.850585e+02 1.802848e+02
      vertex   -1.281815e+02 3.854946e+02 1.802848e+02
      vertex   -1.341539e+02 3.849144e+02 1.802848e+02
    endloop
  endfacet
  facet normal 0.000000e+00 0.000000e+00 -1.000000e+00
    outer loop
      vertex   -1.341539e+02 3.849144e+02 1.802848e+02
      vertex   -1.281815e+02 3.854946e+02 1.802848e+02
      vertex   -1.280619e+02 3.853106e+02 1.802848e+02
    endloop
  endfacet
  facet normal 0.000000e+00 0.000000e+00 -1.000000e+00
    outer loop
      vertex   -1.341539e+02 3.849144e+02 1.802848e+02
      vertex   -1.280619e+02 3.853106e+02 1.802848e+02
      vertex   -1.341259e+02 3.847671e+02 1.802848e+02
    endloop
  endfacet
  facet normal 0.000000e+00 0.000000e+00 -1.000000e+00
    outer loop
      vertex   -1.341259e+02 3.847671e+02 1.802848e+02
      vertex   -1.280619e+02 3.853106e+02 1.802848e+02
      vertex   -1.279526e+02 3.851202e+02 1.802848e+02
    endloop
  endfacet
  facet normal 0.000000e+00 0.000000e+00 -1.000000e+00
    outer loop
      vertex   -1.341259e+02 3.847671e+02 1.802848e+02
      vertex   -1.279526e+02 3.851202e+02 1.802848e+02
      vertex   -1.341119e+02 3.846177e+02 1.802848e+02
    endloop
  endfacet
  facet normal 0.000000e+00 0.000000e+00 -1.000000e+00
    outer loop
      vertex   -1.341119e+02 3.846177e+02 1.802848e+02
      vertex   -1.279526e+02 3.851202e+02 1.802848e+02
      vertex   -1.278541e+02 3.849240e+02 1.802848e+02
    endloop
  endfacet
  facet normal 0.000000e+00 0.000000e+00 -1.000000e+00
    outer loop
      vertex   -1.341119e+02 3.846177e+02 1.802848e+02
      vertex   -1.278541e+02 3.849240e+02 1.802848e+02
      vertex   -1.277666e+02 3.847226e+02 1.802848e+02
    endloop
  endfacet
  facet normal 0.000000e+00 0.000000e+00 -1.000000e+00
    outer loop
      vertex   -1.341119e+02 3.846177e+02 1.802848e+02
      vertex   -1.277666e+02 3.847226e+02 1.802848e+02
      vertex   -1.341119e+02 3.844677e+02 1.802848e+02
    endloop
  endfacet
  facet normal 0.000000e+00 0.000000e+00 -1.000000e+00
    outer loop
      vertex   -1.341119e+02 3.844677e+02 1.802848e+02
      vertex   -1.277666e+02 3.847226e+02 1.802848e+02
      vertex   -1.276904e+02 3.845167e+02 1.802848e+02
    endloop
  endfacet
  facet normal 0.000000e+00 -0.000000e+00 -1.000000e+00
    outer loop
      vertex   -1.341119e+02 3.844677e+02 1.802848e+02
      vertex   -1.276904e+02 3.845167e+02 1.802848e+02
      vertex   -1.341259e+02 3.843184e+02 1.802848e+02
    endloop
  endfacet
  facet normal 0.000000e+00 0.000000e+00 -1.000000e+00
    outer loop
      vertex   -1.341259e+02 3.843184e+02 1.802848e+02
      vertex   -1.276904e+02 3.845167e+02 1.802848e+02
      vertex   -1.276356e+02 3.843749e+02 1.802848e+02
    endloop
  endfacet
  facet normal 0.000000e+00 -0.000000e+00 -1.000000e+00
    outer loop
      vertex   -1.341259e+02 3.843184e+02 1.802848e+02
      vertex   -1.276356e+02 3.843749e+02 1.802848e+02
      vertex   -1.341539e+02 3.841710e+02 1.802848e+02
    endloop
  endfacet
  facet normal 0.000000e+00 0.000000e+00 -1.000000e+00
    outer loop
      vertex   -1.341539e+02 3.841710e+02 1.802848e+02
      vertex   -1.276356e+02 3.843749e+02 1.802848e+02
      vertex   -1.275690e+02 3.842382e+02 1.802848e+02
    endloop
  endfacet
  facet normal 0.000000e+00 -0.000000e+00 -1.000000e+00
    outer loop
      vertex   -1.341539e+02 3.841710e+02 1.802848e+02
      vertex   -1.275690e+02 3.842382e+02 1.802848e+02
      vertex   -1.341956e+02 3.840270e+02 1.802848e+02
    endloop
  endfacet
  facet normal 0.000000e+00 0.000000e+00 -1.000000e+00
    outer loop
      vertex   -1.341956e+02 3.840270e+02 1.802848e+02
      vertex   -1.275690e+02 3.842382e+02 1.802848e+02
      vertex   -1.274912e+02 3.841076e+02 1.802848e+02
    endloop
  endfacet
  facet normal 0.000000e+00 -0.000000e+00 -1.000000e+00
    outer loop
      vertex   -1.341956e+02 3.840270e+02 1.802848e+02
      vertex   -1.274912e+02 3.841076e+02 1.802848e+02
      vertex   -1.342505e+02 3.838874e+02 1.802848e+02
    endloop
  endfacet
  facet normal 0.000000e+00 0.000000e+00 -1.000000e+00
    outer loop
      vertex   -1.342505e+02 3.838874e+02 1.802848e+02
      vertex   -1.274912e+02 3.841076e+02 1.802848e+02
      vertex   -1.274025e+02 3.839840e+02 1.802848e+02
    endloop
  endfacet
  facet normal 0.000000e+00 -0.000000e+00 -1.000000e+00
    outer loop
      vertex   -1.342505e+02 3.838874e+02 1.802848e+02
      vertex   -1.274025e+02 3.839840e+02 1.802848e+02
      vertex   -1.343183e+02 3.837536e+02 1.802848e+02
    endloop
  endfacet
  facet normal 0.000000e+00 0.000000e+00 -1.000000e+00
    outer loop
      vertex   -1.343183e+02 3.837536e+02 1.802848e+02
      vertex   -1.274025e+02 3.839840e+02 1.802848e+02
      vertex   -1.273038e+02 3.838684e+02 1.802848e+02
    endloop
  endfacet
  facet normal 0.000000e+00 -0.000000e+00 -1.000000e+00
    outer loop
      vertex   -1.343183e+02 3.837536e+02 1.802848e+02
      vertex   -1.273038e+02 3.838684e+02 1.802848e+02
      vertex   -1.343983e+02 3.836267e+02 1.802848e+02
    endloop
  endfacet
  facet normal 0.000000e+00 0.000000e+00 -1.000000e+00
    outer loop
      vertex   -1.343983e+02 3.836267e+02 1.802848e+02
      vertex   -1.273038e+02 3.838684e+02 1.802848e+02
      vertex   -1.271956e+02 3.837615e+02 1.802848e+02
    endloop
  endfacet
  facet normal 0.000000e+00 0.000000e+00 -1.000000e+00
    outer loop
      vertex   -1.352300e+02 3.830165e+02 1.802848e+02
      vertex   -1.350892e+02 3.830681e+02 1.802848e+02
      vertex   -1.350531e+02 3.814208e+02 1.802848e+02
    endloop
  endfacet
  facet normal 0.000000e+00 0.000000e+00 -1.000000e+00
    outer loop
      vertex   -1.350531e+02 3.814208e+02 1.802848e+02
      vertex   -1.350892e+02 3.830681e+02 1.802848e+02
      vertex   -1.349538e+02 3.831328e+02 1.802848e+02
    endloop
  endfacet
  facet normal 0.000000e+00 0.000000e+00 -1.000000e+00
    outer loop
      vertex   -1.347042e+02 3.832985e+02 1.802848e+02
      vertex   -1.345921e+02 3.833982e+02 1.802848e+02
      vertex   -1.294856e+02 3.814208e+02 1.802848e+02
    endloop
  endfacet
  facet normal 0.000000e+00 0.000000e+00 -1.000000e+00
    outer loop
      vertex   -1.294856e+02 3.814208e+02 1.802848e+02
      vertex   -1.345921e+02 3.833982e+02 1.802848e+02
      vertex   -1.344898e+02 3.835079e+02 1.802848e+02
    endloop
  endfacet
  facet normal -0.000000e+00 0.000000e+00 -1.000000e+00
    outer loop
      vertex   -1.356726e+02 3.861423e+02 1.802848e+02
      vertex   -1.358226e+02 3.861388e+02 1.802848e+02
      vertex   -1.313631e+02 3.880509e+02 1.802848e+02
    endloop
  endfacet
  facet normal -0.000000e+00 0.000000e+00 -1.000000e+00
    outer loop
      vertex   -1.361182e+02 3.860898e+02 1.802848e+02
      vertex   -1.362613e+02 3.860448e+02 1.802848e+02
      vertex   -1.415862e+02 3.880509e+02 1.802848e+02
    endloop
  endfacet
  facet normal 0.000000e+00 0.000000e+00 -1.000000e+00
    outer loop
      vertex   -1.415862e+02 3.880509e+02 1.802848e+02
      vertex   -1.362613e+02 3.860448e+02 1.802848e+02
      vertex   -1.363995e+02 3.859866e+02 1.802848e+02
    endloop
  endfacet
  facet normal -0.000000e+00 0.000000e+00 -1.000000e+00
    outer loop
      vertex   -1.366567e+02 3.858327e+02 1.802848e+02
      vertex   -1.367733e+02 3.857384e+02 1.802848e+02
      vertex   -1.415862e+02 3.858902e+02 1.802848e+02
    endloop
  endfacet
  facet normal 0.000000e+00 0.000000e+00 -1.000000e+00
    outer loop
      vertex   -1.415862e+02 3.858902e+02 1.802848e+02
      vertex   -1.367733e+02 3.857384e+02 1.802848e+02
      vertex   -1.368806e+02 3.856336e+02 1.802848e+02
    endloop
  endfacet
  facet normal -0.000000e+00 -1.000000e+00 -0.000000e+00
    outer loop
      vertex   -1.294856e+02 3.814208e+02 1.827848e+02
      vertex   -1.350531e+02 3.814208e+02 1.827848e+02
      vertex   -1.294856e+02 3.814208e+02 1.802848e+02
    endloop
  endfacet
  facet normal 0.000000e+00 -1.000000e+00 0.000000e+00
    outer loop
      vertex   -1.294856e+02 3.814208e+02 1.802848e+02
      vertex   -1.350531e+02 3.814208e+02 1.827848e+02
      vertex   -1.350531e+02 3.814208e+02 1.802848e+02
    endloop
  endfacet
  facet normal 0.000000e+00 -0.000000e+00 1.000000e+00
    outer loop
      vertex   -1.292530e+02 3.814275e+02 1.827848e+02
      vertex   -1.290212e+02 3.814478e+02 1.827848e+02
      vertex   -1.294856e+02 3.814208e+02 1.827848e+02
    endloop
  endfacet
  facet normal 0.000000e+00 0.000000e+00 1.000000e+00
    outer loop
      vertex   -1.294856e+02 3.814208e+02 1.827848e+02
      vertex   -1.290212e+02 3.814478e+02 1.827848e+02
      vertex   -1.287910e+02 3.814815e+02 1.827848e+02
    endloop
  endfacet
  facet normal 0.000000e+00 0.000000e+00 1.000000e+00
    outer loop
      vertex   -1.294856e+02 3.814208e+02 1.827848e+02
      vertex   -1.287910e+02 3.814815e+02 1.827848e+02
      vertex   -1.285631e+02 3.815286e+02 1.827848e+02
    endloop
  endfacet
  facet normal 0.000000e+00 -0.000000e+00 1.000000e+00
    outer loop
      vertex   -1.285631e+02 3.815286e+02 1.827848e+02
      vertex   -1.283383e+02 3.815888e+02 1.827848e+02
      vertex   -1.294856e+02 3.814208e+02 1.827848e+02
    endloop
  endfacet
  facet normal 0.000000e+00 0.000000e+00 1.000000e+00
    outer loop
      vertex   -1.294856e+02 3.814208e+02 1.827848e+02
      vertex   -1.283383e+02 3.815888e+02 1.827848e+02
      vertex   -1.281175e+02 3.816620e+02 1.827848e+02
    endloop
  endfacet
  facet normal 0.000000e+00 0.000000e+00 1.000000e+00
    outer loop
      vertex   -1.294856e+02 3.814208e+02 1.827848e+02
      vertex   -1.281175e+02 3.816620e+02 1.827848e+02
      vertex   -1.279012e+02 3.817479e+02 1.827848e+02
    endloop
  endfacet
  facet normal 0.000000e+00 -0.000000e+00 1.000000e+00
    outer loop
      vertex   -1.279012e+02 3.817479e+02 1.827848e+02
      vertex   -1.276904e+02 3.818462e+02 1.827848e+02
      vertex   -1.294856e+02 3.814208e+02 1.827848e+02
    endloop
  endfacet
  facet normal 0.000000e+00 0.000000e+00 1.000000e+00
    outer loop
      vertex   -1.294856e+02 3.814208e+02 1.827848e+02
      vertex   -1.276904e+02 3.818462e+02 1.827848e+02
      vertex   -1.274856e+02 3.819567e+02 1.827848e+02
    endloop
  endfacet
  facet normal 0.000000e+00 0.000000e+00 1.000000e+00
    outer loop
      vertex   -1.294856e+02 3.814208e+02 1.827848e+02
      vertex   -1.274856e+02 3.819567e+02 1.827848e+02
      vertex   -1.272875e+02 3.820788e+02 1.827848e+02
    endloop
  endfacet
  facet normal 0.000000e+00 -0.000000e+00 1.000000e+00
    outer loop
      vertex   -1.272875e+02 3.820788e+02 1.827848e+02
      vertex   -1.270969e+02 3.822123e+02 1.827848e+02
      vertex   -1.294856e+02 3.814208e+02 1.827848e+02
    endloop
  endfacet
  facet normal 0.000000e+00 0.000000e+00 1.000000e+00
    outer loop
      vertex   -1.294856e+02 3.814208e+02 1.827848e+02
      vertex   -1.270969e+02 3.822123e+02 1.827848e+02
      vertex   -1.269144e+02 3.823566e+02 1.827848e+02
    endloop
  endfacet
  facet normal 0.000000e+00 0.000000e+00 1.000000e+00
    outer loop
      vertex   -1.294856e+02 3.814208e+02 1.827848e+02
      vertex   -1.269144e+02 3.823566e+02 1.827848e+02
      vertex   -1.267406e+02 3.825113e+02 1.827848e+02
    endloop
  endfacet
  facet normal 0.000000e+00 -0.000000e+00 1.000000e+00
    outer loop
      vertex   -1.294856e+02 3.814208e+02 1.827848e+02
      vertex   -1.267406e+02 3.825113e+02 1.827848e+02
      vertex   -1.341539e+02 3.841710e+02 1.827848e+02
    endloop
  endfacet
  facet normal 0.000000e+00 0.000000e+00 1.000000e+00
    outer loop
      vertex   -1.341539e+02 3.841710e+02 1.827848e+02
      vertex   -1.267406e+02 3.825113e+02 1.827848e+02
      vertex   -1.265761e+02 3.826758e+02 1.827848e+02
    endloop
  endfacet
  facet normal 0.000000e+00 0.000000e+00 1.000000e+00
    outer loop
      vertex   -1.341539e+02 3.841710e+02 1.827848e+02
      vertex   -1.265761e+02 3.826758e+02 1.827848e+02
      vertex   -1.264214e+02 3.828496e+02 1.827848e+02
    endloop
  endfacet
  facet normal 0.000000e+00 -0.000000e+00 1.000000e+00
    outer loop
      vertex   -1.264214e+02 3.828496e+02 1.827848e+02
      vertex   -1.262771e+02 3.830321e+02 1.827848e+02
      vertex   -1.341539e+02 3.841710e+02 1.827848e+02
    endloop
  endfacet
  facet normal -0.000000e+00 0.000000e+00 1.000000e+00
    outer loop
      vertex   -1.341539e+02 3.841710e+02 1.827848e+02
      vertex   -1.262771e+02 3.830321e+02 1.827848e+02
      vertex   -1.341259e+02 3.843184e+02 1.827848e+02
    endloop
  endfacet
  facet normal 0.000000e+00 0.000000e+00 1.000000e+00
    outer loop
      vertex   -1.341259e+02 3.843184e+02 1.827848e+02
      vertex   -1.262771e+02 3.830321e+02 1.827848e+02
      vertex   -1.261436e+02 3.832227e+02 1.827848e+02
    endloop
  endfacet
  facet normal 0.000000e+00 0.000000e+00 1.000000e+00
    outer loop
      vertex   -1.341259e+02 3.843184e+02 1.827848e+02
      vertex   -1.261436e+02 3.832227e+02 1.827848e+02
      vertex   -1.260215e+02 3.834208e+02 1.827848e+02
    endloop
  endfacet
  facet normal -0.000000e+00 0.000000e+00 1.000000e+00
    outer loop
      vertex   -1.341259e+02 3.843184e+02 1.827848e+02
      vertex   -1.260215e+02 3.834208e+02 1.827848e+02
      vertex   -1.341119e+02 3.844677e+02 1.827848e+02
    endloop
  endfacet
  facet normal 0.000000e+00 0.000000e+00 1.000000e+00
    outer loop
      vertex   -1.341119e+02 3.844677e+02 1.827848e+02
      vertex   -1.260215e+02 3.834208e+02 1.827848e+02
      vertex   -1.259110e+02 3.836256e+02 1.827848e+02
    endloop
  endfacet
  facet normal 0.000000e+00 0.000000e+00 1.000000e+00
    outer loop
      vertex   -1.341119e+02 3.844677e+02 1.827848e+02
      vertex   -1.259110e+02 3.836256e+02 1.827848e+02
      vertex   -1.258127e+02 3.838364e+02 1.827848e+02
    endloop
  endfacet
  facet normal 0.000000e+00 -0.000000e+00 1.000000e+00
    outer loop
      vertex   -1.258127e+02 3.838364e+02 1.827848e+02
      vertex   -1.257268e+02 3.840527e+02 1.827848e+02
      vertex   -1.341119e+02 3.844677e+02 1.827848e+02
    endloop
  endfacet
  facet normal -0.000000e+00 0.000000e+00 1.000000e+00
    outer loop
      vertex   -1.341119e+02 3.844677e+02 1.827848e+02
      vertex   -1.257268e+02 3.840527e+02 1.827848e+02
      vertex   -1.341119e+02 3.846177e+02 1.827848e+02
    endloop
  endfacet
  facet normal 0.000000e+00 0.000000e+00 1.000000e+00
    outer loop
      vertex   -1.341119e+02 3.846177e+02 1.827848e+02
      vertex   -1.257268e+02 3.840527e+02 1.827848e+02
      vertex   -1.256536e+02 3.842735e+02 1.827848e+02
    endloop
  endfacet
  facet normal 0.000000e+00 0.000000e+00 1.000000e+00
    outer loop
      vertex   -1.341119e+02 3.846177e+02 1.827848e+02
      vertex   -1.256536e+02 3.842735e+02 1.827848e+02
      vertex   -1.255934e+02 3.844983e+02 1.827848e+02
    endloop
  endfacet
  facet normal -0.000000e+00 -0.000000e+00 1.000000e+00
    outer loop
      vertex   -1.341119e+02 3.846177e+02 1.827848e+02
      vertex   -1.255934e+02 3.844983e+02 1.827848e+02
      vertex   -1.341259e+02 3.847671e+02 1.827848e+02
    endloop
  endfacet
  facet normal 0.000000e+00 0.000000e+00 1.000000e+00
    outer loop
      vertex   -1.341259e+02 3.847671e+02 1.827848e+02
      vertex   -1.255934e+02 3.844983e+02 1.827848e+02
      vertex   -1.255463e+02 3.847262e+02 1.827848e+02
    endloop
  endfacet
  facet normal -0.000000e+00 0.000000e+00 1.000000e+00
    outer loop
      vertex   -1.341259e+02 3.847671e+02 1.827848e+02
      vertex   -1.255463e+02 3.847262e+02 1.827848e+02
      vertex   -1.255126e+02 3.849564e+02 1.827848e+02
    endloop
  endfacet
  facet normal 0.000000e+00 -0.000000e+00 1.000000e+00
    outer loop
      vertex   -1.341259e+02 3.847671e+02 1.827848e+02
      vertex   -1.255126e+02 3.849564e+02 1.827848e+02
      vertex   -1.341539e+02 3.849144e+02 1.827848e+02
    endloop
  endfacet
  facet normal 0.000000e+00 0.000000e+00 1.000000e+00
    outer loop
      vertex   -1.341539e+02 3.849144e+02 1.827848e+02
      vertex   -1.255126e+02 3.849564e+02 1.827848e+02
      vertex   -1.254923e+02 3.851882e+02 1.827848e+02
    endloop
  endfacet
  facet normal 0.000000e+00 0.000000e+00 1.000000e+00
    outer loop
      vertex   -1.341539e+02 3.849144e+02 1.827848e+02
      vertex   -1.254923e+02 3.851882e+02 1.827848e+02
      vertex   -1.254856e+02 3.854208e+02 1.827848e+02
    endloop
  endfacet
  facet normal 0.000000e+00 0.000000e+00 1.000000e+00
    outer loop
      vertex   -1.254856e+02 3.908645e+02 1.827848e+02
      vertex   -1.347042e+02 3.857870e+02 1.827848e+02
      vertex   -1.254856e+02 3.854208e+02 1.827848e+02
    endloop
  endfacet
  facet normal 0.000000e+00 0.000000e+00 1.000000e+00
    outer loop
      vertex   -1.254856e+02 3.854208e+02 1.827848e+02
      vertex   -1.347042e+02 3.857870e+02 1.827848e+02
      vertex   -1.345921e+02 3.856873e+02 1.827848e+02
    endloop
  endfacet
  facet normal 0.000000e+00 0.000000e+00 1.000000e+00
    outer loop
      vertex   -1.254856e+02 3.854208e+02 1.827848e+02
      vertex   -1.345921e+02 3.856873e+02 1.827848e+02
      vertex   -1.344898e+02 3.855776e+02 1.827848e+02
    endloop
  endfacet
  facet normal 0.000000e+00 0.000000e+00 1.000000e+00
    outer loop
      vertex   -1.415862e+02 3.908645e+02 1.827848e+02
      vertex   -1.355230e+02 3.861318e+02 1.827848e+02
      vertex   -1.254856e+02 3.908645e+02 1.827848e+02
    endloop
  endfacet
  facet normal 0.000000e+00 0.000000e+00 1.000000e+00
    outer loop
      vertex   -1.254856e+02 3.908645e+02 1.827848e+02
      vertex   -1.355230e+02 3.861318e+02 1.827848e+02
      vertex   -1.353750e+02 3.861073e+02 1.827848e+02
    endloop
  endfacet
  facet normal 0.000000e+00 0.000000e+00 1.000000e+00
    outer loop
      vertex   -1.254856e+02 3.908645e+02 1.827848e+02
      vertex   -1.353750e+02 3.861073e+02 1.827848e+02
      vertex   -1.352300e+02 3.860690e+02 1.827848e+02
    endloop
  endfacet
  facet normal 0.000000e+00 0.000000e+00 1.000000e+00
    outer loop
      vertex   -1.415862e+02 3.858902e+02 1.827848e+02
      vertex   -1.362613e+02 3.860448e+02 1.827848e+02
      vertex   -1.415862e+02 3.908645e+02 1.827848e+02
    endloop
  endfacet
  facet normal 0.000000e+00 0.000000e+00 1.000000e+00
    outer loop
      vertex   -1.415862e+02 3.908645e+02 1.827848e+02
      vertex   -1.362613e+02 3.860448e+02 1.827848e+02
      vertex   -1.361182e+02 3.860898e+02 1.827848e+02
    endloop
  endfacet
  facet normal 0.000000e+00 0.000000e+00 1.000000e+00
    outer loop
      vertex   -1.415862e+02 3.908645e+02 1.827848e+02
      vertex   -1.361182e+02 3.860898e+02 1.827848e+02
      vertex   -1.359715e+02 3.861212e+02 1.827848e+02
    endloop
  endfacet
  facet normal 5.371587e-14 9.852733e-13 1.000000e+00
    outer loop
      vertex   -1.415187e+02 3.857711e+02 1.827848e+02
      vertex   -1.368806e+02 3.856336e+02 1.827848e+02
      vertex   -1.415862e+02 3.858902e+02 1.827848e+02
    endloop
  endfacet
  facet normal 0.000000e+00 0.000000e+00 1.000000e+00
    outer loop
      vertex   -1.415862e+02 3.858902e+02 1.827848e+02
      vertex   -1.368806e+02 3.856336e+02 1.827848e+02
      vertex   -1.367733e+02 3.857384e+02 1.827848e+02
    endloop
  endfacet
  facet normal 0.000000e+00 0.000000e+00 1.000000e+00
    outer loop
      vertex   -1.415862e+02 3.858902e+02 1.827848e+02
      vertex   -1.367733e+02 3.857384e+02 1.827848e+02
      vertex   -1.366567e+02 3.858327e+02 1.827848e+02
    endloop
  endfacet
  facet normal 2.391054e-14 -2.027654e-14 1.000000e+00
    outer loop
      vertex   -1.368806e+02 3.856336e+02 1.827848e+02
      vertex   -1.415187e+02 3.857711e+02 1.827848e+02
      vertex   -1.369776e+02 3.855192e+02 1.827848e+02
    endloop
  endfacet
  facet normal -2.956845e-14 -9.844627e-13 1.000000e+00
    outer loop
      vertex   -1.369776e+02 3.855192e+02 1.827848e+02
      vertex   -1.415187e+02 3.857711e+02 1.827848e+02
      vertex   -1.414478e+02 3.856535e+02 1.827848e+02
    endloop
  endfacet
  facet normal 0.000000e+00 0.000000e+00 1.000000e+00
    outer loop
      vertex   -1.369776e+02 3.855192e+02 1.827848e+02
      vertex   -1.414478e+02 3.856535e+02 1.827848e+02
      vertex   -1.412970e+02 3.854228e+02 1.827848e+02
    endloop
  endfacet
  facet normal 0.000000e+00 0.000000e+00 1.000000e+00
    outer loop
      vertex   -1.369776e+02 3.855192e+02 1.827848e+02
      vertex   -1.412970e+02 3.854228e+02 1.827848e+02
      vertex   -1.370635e+02 3.853963e+02 1.827848e+02
    endloop
  endfacet
  facet normal 0.000000e+00 0.000000e+00 1.000000e+00
    outer loop
      vertex   -1.370635e+02 3.853963e+02 1.827848e+02
      vertex   -1.412970e+02 3.854228e+02 1.827848e+02
      vertex   -1.411350e+02 3.851981e+02 1.827848e+02
    endloop
  endfacet
  facet normal 0.000000e+00 0.000000e+00 1.000000e+00
    outer loop
      vertex   -1.370635e+02 3.853963e+02 1.827848e+02
      vertex   -1.411350e+02 3.851981e+02 1.827848e+02
      vertex   -1.371375e+02 3.852658e+02 1.827848e+02
    endloop
  endfacet
  facet normal 0.000000e+00 0.000000e+00 1.000000e+00
    outer loop
      vertex   -1.371375e+02 3.852658e+02 1.827848e+02
      vertex   -1.411350e+02 3.851981e+02 1.827848e+02
      vertex   -1.409632e+02 3.849798e+02 1.827848e+02
    endloop
  endfacet
  facet normal 0.000000e+00 0.000000e+00 1.000000e+00
    outer loop
      vertex   -1.371375e+02 3.852658e+02 1.827848e+02
      vertex   -1.409632e+02 3.849798e+02 1.827848e+02
      vertex   -1.371989e+02 3.851289e+02 1.827848e+02
    endloop
  endfacet
  facet normal 0.000000e+00 0.000000e+00 1.000000e+00
    outer loop
      vertex   -1.371989e+02 3.851289e+02 1.827848e+02
      vertex   -1.409632e+02 3.849798e+02 1.827848e+02
      vertex   -1.407830e+02 3.847680e+02 1.827848e+02
    endloop
  endfacet
  facet normal 0.000000e+00 0.000000e+00 1.000000e+00
    outer loop
      vertex   -1.371989e+02 3.851289e+02 1.827848e+02
      vertex   -1.407830e+02 3.847680e+02 1.827848e+02
      vertex   -1.372472e+02 3.849870e+02 1.827848e+02
    endloop
  endfacet
  facet normal 0.000000e+00 0.000000e+00 1.000000e+00
    outer loop
      vertex   -1.372472e+02 3.849870e+02 1.827848e+02
      vertex   -1.407830e+02 3.847680e+02 1.827848e+02
      vertex   -1.405957e+02 3.845628e+02 1.827848e+02
    endloop
  endfacet
  facet normal 0.000000e+00 0.000000e+00 1.000000e+00
    outer loop
      vertex   -1.372472e+02 3.849870e+02 1.827848e+02
      vertex   -1.405957e+02 3.845628e+02 1.827848e+02
      vertex   -1.372821e+02 3.848411e+02 1.827848e+02
    endloop
  endfacet
  facet normal 0.000000e+00 0.000000e+00 1.000000e+00
    outer loop
      vertex   -1.372821e+02 3.848411e+02 1.827848e+02
      vertex   -1.405957e+02 3.845628e+02 1.827848e+02
      vertex   -1.404027e+02 3.843646e+02 1.827848e+02
    endloop
  endfacet
  facet normal 0.000000e+00 0.000000e+00 1.000000e+00
    outer loop
      vertex   -1.372821e+02 3.848411e+02 1.827848e+02
      vertex   -1.404027e+02 3.843646e+02 1.827848e+02
      vertex   -1.373031e+02 3.846926e+02 1.827848e+02
    endloop
  endfacet
  facet normal 0.000000e+00 0.000000e+00 1.000000e+00
    outer loop
      vertex   -1.373031e+02 3.846926e+02 1.827848e+02
      vertex   -1.404027e+02 3.843646e+02 1.827848e+02
      vertex   -1.402053e+02 3.841733e+02 1.827848e+02
    endloop
  endfacet
  facet normal 0.000000e+00 0.000000e+00 1.000000e+00
    outer loop
      vertex   -1.373031e+02 3.846926e+02 1.827848e+02
      vertex   -1.402053e+02 3.841733e+02 1.827848e+02
      vertex   -1.373101e+02 3.845427e+02 1.827848e+02
    endloop
  endfacet
  facet normal 0.000000e+00 0.000000e+00 1.000000e+00
    outer loop
      vertex   -1.373101e+02 3.845427e+02 1.827848e+02
      vertex   -1.402053e+02 3.841733e+02 1.827848e+02
      vertex   -1.400289e+02 3.840109e+02 1.827848e+02
    endloop
  endfacet
  facet normal 0.000000e+00 0.000000e+00 1.000000e+00
    outer loop
      vertex   -1.373101e+02 3.845427e+02 1.827848e+02
      vertex   -1.400289e+02 3.840109e+02 1.827848e+02
      vertex   -1.373031e+02 3.843929e+02 1.827848e+02
    endloop
  endfacet
  facet normal 0.000000e+00 0.000000e+00 1.000000e+00
    outer loop
      vertex   -1.373031e+02 3.843929e+02 1.827848e+02
      vertex   -1.400289e+02 3.840109e+02 1.827848e+02
      vertex   -1.398473e+02 3.838509e+02 1.827848e+02
    endloop
  endfacet
  facet normal 0.000000e+00 0.000000e+00 1.000000e+00
    outer loop
      vertex   -1.373031e+02 3.843929e+02 1.827848e+02
      vertex   -1.398473e+02 3.838509e+02 1.827848e+02
      vertex   -1.372821e+02 3.842444e+02 1.827848e+02
    endloop
  endfacet
  facet normal 0.000000e+00 0.000000e+00 1.000000e+00
    outer loop
      vertex   -1.372821e+02 3.842444e+02 1.827848e+02
      vertex   -1.398473e+02 3.838509e+02 1.827848e+02
      vertex   -1.396608e+02 3.836935e+02 1.827848e+02
    endloop
  endfacet
  facet normal 0.000000e+00 0.000000e+00 1.000000e+00
    outer loop
      vertex   -1.372821e+02 3.842444e+02 1.827848e+02
      vertex   -1.396608e+02 3.836935e+02 1.827848e+02
      vertex   -1.372472e+02 3.840985e+02 1.827848e+02
    endloop
  endfacet
  facet normal 0.000000e+00 0.000000e+00 1.000000e+00
    outer loop
      vertex   -1.372472e+02 3.840985e+02 1.827848e+02
      vertex   -1.396608e+02 3.836935e+02 1.827848e+02
      vertex   -1.394698e+02 3.835385e+02 1.827848e+02
    endloop
  endfacet
  facet normal 0.000000e+00 0.000000e+00 1.000000e+00
    outer loop
      vertex   -1.372472e+02 3.840985e+02 1.827848e+02
      vertex   -1.394698e+02 3.835385e+02 1.827848e+02
      vertex   -1.371989e+02 3.839565e+02 1.827848e+02
    endloop
  endfacet
  facet normal 0.000000e+00 0.000000e+00 1.000000e+00
    outer loop
      vertex   -1.371989e+02 3.839565e+02 1.827848e+02
      vertex   -1.394698e+02 3.835385e+02 1.827848e+02
      vertex   -1.392746e+02 3.833862e+02 1.827848e+02
    endloop
  endfacet
  facet normal 0.000000e+00 0.000000e+00 1.000000e+00
    outer loop
      vertex   -1.371989e+02 3.839565e+02 1.827848e+02
      vertex   -1.392746e+02 3.833862e+02 1.827848e+02
      vertex   -1.390756e+02 3.832366e+02 1.827848e+02
    endloop
  endfacet
  facet normal 0.000000e+00 0.000000e+00 1.000000e+00
    outer loop
      vertex   -1.371989e+02 3.839565e+02 1.827848e+02
      vertex   -1.390756e+02 3.832366e+02 1.827848e+02
      vertex   -1.371375e+02 3.838197e+02 1.827848e+02
    endloop
  endfacet
  facet normal 0.000000e+00 0.000000e+00 1.000000e+00
    outer loop
      vertex   -1.371375e+02 3.838197e+02 1.827848e+02
      vertex   -1.390756e+02 3.832366e+02 1.827848e+02
      vertex   -1.388732e+02 3.830898e+02 1.827848e+02
    endloop
  endfacet
  facet normal 0.000000e+00 0.000000e+00 1.000000e+00
    outer loop
      vertex   -1.371375e+02 3.838197e+02 1.827848e+02
      vertex   -1.388732e+02 3.830898e+02 1.827848e+02
      vertex   -1.370635e+02 3.836892e+02 1.827848e+02
    endloop
  endfacet
  facet normal 0.000000e+00 0.000000e+00 1.000000e+00
    outer loop
      vertex   -1.370635e+02 3.836892e+02 1.827848e+02
      vertex   -1.388732e+02 3.830898e+02 1.827848e+02
      vertex   -1.386678e+02 3.829458e+02 1.827848e+02
    endloop
  endfacet
  facet normal 0.000000e+00 0.000000e+00 1.000000e+00
    outer loop
      vertex   -1.370635e+02 3.836892e+02 1.827848e+02
      vertex   -1.386678e+02 3.829458e+02 1.827848e+02
      vertex   -1.369776e+02 3.835662e+02 1.827848e+02
    endloop
  endfacet
  facet normal 0.000000e+00 0.000000e+00 1.000000e+00
    outer loop
      vertex   -1.369776e+02 3.835662e+02 1.827848e+02
      vertex   -1.386678e+02 3.829458e+02 1.827848e+02
      vertex   -1.384596e+02 3.828046e+02 1.827848e+02
    endloop
  endfacet
  facet normal 0.000000e+00 0.000000e+00 1.000000e+00
    outer loop
      vertex   -1.369776e+02 3.835662e+02 1.827848e+02
      vertex   -1.384596e+02 3.828046e+02 1.827848e+02
      vertex   -1.368806e+02 3.834518e+02 1.827848e+02
    endloop
  endfacet
  facet normal 0.000000e+00 0.000000e+00 1.000000e+00
    outer loop
      vertex   -1.368806e+02 3.834518e+02 1.827848e+02
      vertex   -1.384596e+02 3.828046e+02 1.827848e+02
      vertex   -1.367733e+02 3.833470e+02 1.827848e+02
    endloop
  endfacet
  facet normal 0.000000e+00 0.000000e+00 1.000000e+00
    outer loop
      vertex   -1.367733e+02 3.833470e+02 1.827848e+02
      vertex   -1.384596e+02 3.828046e+02 1.827848e+02
      vertex   -1.382492e+02 3.826665e+02 1.827848e+02
    endloop
  endfacet
  facet normal 0.000000e+00 0.000000e+00 1.000000e+00
    outer loop
      vertex   -1.367733e+02 3.833470e+02 1.827848e+02
      vertex   -1.382492e+02 3.826665e+02 1.827848e+02
      vertex   -1.366567e+02 3.832527e+02 1.827848e+02
    endloop
  endfacet
  facet normal 0.000000e+00 0.000000e+00 1.000000e+00
    outer loop
      vertex   -1.366567e+02 3.832527e+02 1.827848e+02
      vertex   -1.382492e+02 3.826665e+02 1.827848e+02
      vertex   -1.378227e+02 3.823993e+02 1.827848e+02
    endloop
  endfacet
  facet normal 0.000000e+00 0.000000e+00 1.000000e+00
    outer loop
      vertex   -1.366567e+02 3.832527e+02 1.827848e+02
      vertex   -1.378227e+02 3.823993e+02 1.827848e+02
      vertex   -1.365317e+02 3.831698e+02 1.827848e+02
    endloop
  endfacet
  facet normal 0.000000e+00 0.000000e+00 1.000000e+00
    outer loop
      vertex   -1.365317e+02 3.831698e+02 1.827848e+02
      vertex   -1.378227e+02 3.823993e+02 1.827848e+02
      vertex   -1.363995e+02 3.830989e+02 1.827848e+02
    endloop
  endfacet
  facet normal 0.000000e+00 0.000000e+00 1.000000e+00
    outer loop
      vertex   -1.363995e+02 3.830989e+02 1.827848e+02
      vertex   -1.378227e+02 3.823993e+02 1.827848e+02
      vertex   -1.373912e+02 3.821447e+02 1.827848e+02
    endloop
  endfacet
  facet normal 0.000000e+00 0.000000e+00 1.000000e+00
    outer loop
      vertex   -1.363995e+02 3.830989e+02 1.827848e+02
      vertex   -1.373912e+02 3.821447e+02 1.827848e+02
      vertex   -1.362613e+02 3.830407e+02 1.827848e+02
    endloop
  endfacet
  facet normal 0.000000e+00 0.000000e+00 1.000000e+00
    outer loop
      vertex   -1.362613e+02 3.830407e+02 1.827848e+02
      vertex   -1.373912e+02 3.821447e+02 1.827848e+02
      vertex   -1.361182e+02 3.829957e+02 1.827848e+02
    endloop
  endfacet
  facet normal 0.000000e+00 0.000000e+00 1.000000e+00
    outer loop
      vertex   -1.361182e+02 3.829957e+02 1.827848e+02
      vertex   -1.373912e+02 3.821447e+02 1.827848e+02
      vertex   -1.369577e+02 3.819033e+02 1.827848e+02
    endloop
  endfacet
  facet normal 0.000000e+00 0.000000e+00 1.000000e+00
    outer loop
      vertex   -1.361182e+02 3.829957e+02 1.827848e+02
      vertex   -1.369577e+02 3.819033e+02 1.827848e+02
      vertex   -1.359715e+02 3.829642e+02 1.827848e+02
    endloop
  endfacet
  facet normal 0.000000e+00 0.000000e+00 1.000000e+00
    outer loop
      vertex   -1.359715e+02 3.829642e+02 1.827848e+02
      vertex   -1.369577e+02 3.819033e+02 1.827848e+02
      vertex   -1.368483e+02 3.818462e+02 1.827848e+02
    endloop
  endfacet
  facet normal 0.000000e+00 0.000000e+00 1.000000e+00
    outer loop
      vertex   -1.359715e+02 3.829642e+02 1.827848e+02
      vertex   -1.368483e+02 3.818462e+02 1.827848e+02
      vertex   -1.358226e+02 3.829467e+02 1.827848e+02
    endloop
  endfacet
  facet normal 0.000000e+00 0.000000e+00 1.000000e+00
    outer loop
      vertex   -1.358226e+02 3.829467e+02 1.827848e+02
      vertex   -1.368483e+02 3.818462e+02 1.827848e+02
      vertex   -1.367370e+02 3.817926e+02 1.827848e+02
    endloop
  endfacet
  facet normal 0.000000e+00 0.000000e+00 1.000000e+00
    outer loop
      vertex   -1.358226e+02 3.829467e+02 1.827848e+02
      vertex   -1.367370e+02 3.817926e+02 1.827848e+02
      vertex   -1.366238e+02 3.817423e+02 1.827848e+02
    endloop
  endfacet
  facet normal -0.000000e+00 0.000000e+00 1.000000e+00
    outer loop
      vertex   -1.366238e+02 3.817423e+02 1.827848e+02
      vertex   -1.365089e+02 3.816954e+02 1.827848e+02
      vertex   -1.358226e+02 3.829467e+02 1.827848e+02
    endloop
  endfacet
  facet normal 0.000000e+00 0.000000e+00 1.000000e+00
    outer loop
      vertex   -1.358226e+02 3.829467e+02 1.827848e+02
      vertex   -1.365089e+02 3.816954e+02 1.827848e+02
      vertex   -1.363924e+02 3.816521e+02 1.827848e+02
    endloop
  endfacet
  facet normal 0.000000e+00 0.000000e+00 1.000000e+00
    outer loop
      vertex   -1.358226e+02 3.829467e+02 1.827848e+02
      vertex   -1.363924e+02 3.816521e+02 1.827848e+02
      vertex   -1.356726e+02 3.829432e+02 1.827848e+02
    endloop
  endfacet
  facet normal 0.000000e+00 0.000000e+00 1.000000e+00
    outer loop
      vertex   -1.356726e+02 3.829432e+02 1.827848e+02
      vertex   -1.363924e+02 3.816521e+02 1.827848e+02
      vertex   -1.362746e+02 3.816124e+02 1.827848e+02
    endloop
  endfacet
  facet normal 0.000000e+00 0.000000e+00 1.000000e+00
    outer loop
      vertex   -1.356726e+02 3.829432e+02 1.827848e+02
      vertex   -1.362746e+02 3.816124e+02 1.827848e+02
      vertex   -1.361555e+02 3.815763e+02 1.827848e+02
    endloop
  endfacet
  facet normal -0.000000e+00 0.000000e+00 1.000000e+00
    outer loop
      vertex   -1.361555e+02 3.815763e+02 1.827848e+02
      vertex   -1.360354e+02 3.815439e+02 1.827848e+02
      vertex   -1.356726e+02 3.829432e+02 1.827848e+02
    endloop
  endfacet
  facet normal 0.000000e+00 0.000000e+00 1.000000e+00
    outer loop
      vertex   -1.356726e+02 3.829432e+02 1.827848e+02
      vertex   -1.360354e+02 3.815439e+02 1.827848e+02
      vertex   -1.359142e+02 3.815152e+02 1.827848e+02
    endloop
  endfacet
  facet normal -0.000000e+00 0.000000e+00 1.000000e+00
    outer loop
      vertex   -1.356726e+02 3.829432e+02 1.827848e+02
      vertex   -1.359142e+02 3.815152e+02 1.827848e+02
      vertex   -1.355230e+02 3.829537e+02 1.827848e+02
    endloop
  endfacet
  facet normal 0.000000e+00 0.000000e+00 1.000000e+00
    outer loop
      vertex   -1.355230e+02 3.829537e+02 1.827848e+02
      vertex   -1.359142e+02 3.815152e+02 1.827848e+02
      vertex   -1.357923e+02 3.814902e+02 1.827848e+02
    endloop
  endfacet
  facet normal 0.000000e+00 0.000000e+00 1.000000e+00
    outer loop
      vertex   -1.355230e+02 3.829537e+02 1.827848e+02
      vertex   -1.357923e+02 3.814902e+02 1.827848e+02
      vertex   -1.356698e+02 3.814690e+02 1.827848e+02
    endloop
  endfacet
  facet normal -0.000000e+00 0.000000e+00 1.000000e+00
    outer loop
      vertex   -1.356698e+02 3.814690e+02 1.827848e+02
      vertex   -1.355468e+02 3.814517e+02 1.827848e+02
      vertex   -1.355230e+02 3.829537e+02 1.827848e+02
    endloop
  endfacet
  facet normal 0.000000e+00 0.000000e+00 1.000000e+00
    outer loop
      vertex   -1.355230e+02 3.829537e+02 1.827848e+02
      vertex   -1.355468e+02 3.814517e+02 1.827848e+02
      vertex   -1.354235e+02 3.814382e+02 1.827848e+02
    endloop
  endfacet
  facet normal 0.000000e+00 0.000000e+00 1.000000e+00
    outer loop
      vertex   -1.355230e+02 3.829537e+02 1.827848e+02
      vertex   -1.354235e+02 3.814382e+02 1.827848e+02
      vertex   -1.353000e+02 3.814285e+02 1.827848e+02
    endloop
  endfacet
  facet normal -0.000000e+00 -0.000000e+00 1.000000e+00
    outer loop
      vertex   -1.353000e+02 3.814285e+02 1.827848e+02
      vertex   -1.351765e+02 3.814227e+02 1.827848e+02
      vertex   -1.355230e+02 3.829537e+02 1.827848e+02
    endloop
  endfacet
  facet normal -0.000000e+00 0.000000e+00 1.000000e+00
    outer loop
      vertex   -1.355230e+02 3.829537e+02 1.827848e+02
      vertex   -1.351765e+02 3.814227e+02 1.827848e+02
      vertex   -1.353750e+02 3.829782e+02 1.827848e+02
    endloop
  endfacet
  facet normal 0.000000e+00 0.000000e+00 1.000000e+00
    outer loop
      vertex   -1.353750e+02 3.829782e+02 1.827848e+02
      vertex   -1.351765e+02 3.814227e+02 1.827848e+02
      vertex   -1.350531e+02 3.814208e+02 1.827848e+02
    endloop
  endfacet
  facet normal -0.000000e+00 0.000000e+00 1.000000e+00
    outer loop
      vertex   -1.353750e+02 3.829782e+02 1.827848e+02
      vertex   -1.350531e+02 3.814208e+02 1.827848e+02
      vertex   -1.352300e+02 3.830165e+02 1.827848e+02
    endloop
  endfacet
  facet normal -0.000000e+00 0.000000e+00 1.000000e+00
    outer loop
      vertex   -1.352300e+02 3.830165e+02 1.827848e+02
      vertex   -1.350531e+02 3.814208e+02 1.827848e+02
      vertex   -1.350892e+02 3.830681e+02 1.827848e+02
    endloop
  endfacet
  facet normal -0.000000e+00 0.000000e+00 1.000000e+00
    outer loop
      vertex   -1.350892e+02 3.830681e+02 1.827848e+02
      vertex   -1.350531e+02 3.814208e+02 1.827848e+02
      vertex   -1.349538e+02 3.831328e+02 1.827848e+02
    endloop
  endfacet
  facet normal -0.000000e+00 0.000000e+00 1.000000e+00
    outer loop
      vertex   -1.349538e+02 3.831328e+02 1.827848e+02
      vertex   -1.350531e+02 3.814208e+02 1.827848e+02
      vertex   -1.348251e+02 3.832098e+02 1.827848e+02
    endloop
  endfacet
  facet normal -0.000000e+00 0.000000e+00 1.000000e+00
    outer loop
      vertex   -1.348251e+02 3.832098e+02 1.827848e+02
      vertex   -1.350531e+02 3.814208e+02 1.827848e+02
      vertex   -1.347042e+02 3.832985e+02 1.827848e+02
    endloop
  endfacet
  facet normal 0.000000e+00 0.000000e+00 1.000000e+00
    outer loop
      vertex   -1.347042e+02 3.832985e+02 1.827848e+02
      vertex   -1.350531e+02 3.814208e+02 1.827848e+02
      vertex   -1.294856e+02 3.814208e+02 1.827848e+02
    endloop
  endfacet
  facet normal -0.000000e+00 0.000000e+00 1.000000e+00
    outer loop
      vertex   -1.347042e+02 3.832985e+02 1.827848e+02
      vertex   -1.294856e+02 3.814208e+02 1.827848e+02
      vertex   -1.345921e+02 3.833982e+02 1.827848e+02
    endloop
  endfacet
  facet normal -0.000000e+00 0.000000e+00 1.000000e+00
    outer loop
      vertex   -1.345921e+02 3.833982e+02 1.827848e+02
      vertex   -1.294856e+02 3.814208e+02 1.827848e+02
      vertex   -1.344898e+02 3.835079e+02 1.827848e+02
    endloop
  endfacet
  facet normal -0.000000e+00 0.000000e+00 1.000000e+00
    outer loop
      vertex   -1.344898e+02 3.835079e+02 1.827848e+02
      vertex   -1.294856e+02 3.814208e+02 1.827848e+02
      vertex   -1.343983e+02 3.836267e+02 1.827848e+02
    endloop
  endfacet
  facet normal -0.000000e+00 0.000000e+00 1.000000e+00
    outer loop
      vertex   -1.343983e+02 3.836267e+02 1.827848e+02
      vertex   -1.294856e+02 3.814208e+02 1.827848e+02
      vertex   -1.343183e+02 3.837536e+02 1.827848e+02
    endloop
  endfacet
  facet normal -0.000000e+00 0.000000e+00 1.000000e+00
    outer loop
      vertex   -1.343183e+02 3.837536e+02 1.827848e+02
      vertex   -1.294856e+02 3.814208e+02 1.827848e+02
      vertex   -1.342505e+02 3.838874e+02 1.827848e+02
    endloop
  endfacet
  facet normal -0.000000e+00 0.000000e+00 1.000000e+00
    outer loop
      vertex   -1.342505e+02 3.838874e+02 1.827848e+02
      vertex   -1.294856e+02 3.814208e+02 1.827848e+02
      vertex   -1.341956e+02 3.840270e+02 1.827848e+02
    endloop
  endfacet
  facet normal -0.000000e+00 0.000000e+00 1.000000e+00
    outer loop
      vertex   -1.341956e+02 3.840270e+02 1.827848e+02
      vertex   -1.294856e+02 3.814208e+02 1.827848e+02
      vertex   -1.341539e+02 3.841710e+02 1.827848e+02
    endloop
  endfacet
  facet normal 0.000000e+00 -0.000000e+00 1.000000e+00
    outer loop
      vertex   -1.366567e+02 3.858327e+02 1.827848e+02
      vertex   -1.365317e+02 3.859157e+02 1.827848e+02
      vertex   -1.415862e+02 3.858902e+02 1.827848e+02
    endloop
  endfacet
  facet normal 0.000000e+00 0.000000e+00 1.000000e+00
    outer loop
      vertex   -1.415862e+02 3.858902e+02 1.827848e+02
      vertex   -1.365317e+02 3.859157e+02 1.827848e+02
      vertex   -1.363995e+02 3.859866e+02 1.827848e+02
    endloop
  endfacet
  facet normal 0.000000e+00 0.000000e+00 1.000000e+00
    outer loop
      vertex   -1.415862e+02 3.858902e+02 1.827848e+02
      vertex   -1.363995e+02 3.859866e+02 1.827848e+02
      vertex   -1.362613e+02 3.860448e+02 1.827848e+02
    endloop
  endfacet
  facet normal 0.000000e+00 -0.000000e+00 1.000000e+00
    outer loop
      vertex   -1.359715e+02 3.861212e+02 1.827848e+02
      vertex   -1.358226e+02 3.861388e+02 1.827848e+02
      vertex   -1.415862e+02 3.908645e+02 1.827848e+02
    endloop
  endfacet
  facet normal 0.000000e+00 0.000000e+00 1.000000e+00
    outer loop
      vertex   -1.415862e+02 3.908645e+02 1.827848e+02
      vertex   -1.358226e+02 3.861388e+02 1.827848e+02
      vertex   -1.356726e+02 3.861423e+02 1.827848e+02
    endloop
  endfacet
  facet normal 0.000000e+00 0.000000e+00 1.000000e+00
    outer loop
      vertex   -1.415862e+02 3.908645e+02 1.827848e+02
      vertex   -1.356726e+02 3.861423e+02 1.827848e+02
      vertex   -1.355230e+02 3.861318e+02 1.827848e+02
    endloop
  endfacet
  facet normal -0.000000e+00 0.000000e+00 1.000000e+00
    outer loop
      vertex   -1.352300e+02 3.860690e+02 1.827848e+02
      vertex   -1.350892e+02 3.860173e+02 1.827848e+02
      vertex   -1.254856e+02 3.908645e+02 1.827848e+02
    endloop
  endfacet
  facet normal 0.000000e+00 0.000000e+00 1.000000e+00
    outer loop
      vertex   -1.254856e+02 3.908645e+02 1.827848e+02
      vertex   -1.350892e+02 3.860173e+02 1.827848e+02
      vertex   -1.349538e+02 3.859527e+02 1.827848e+02
    endloop
  endfacet
  facet normal 0.000000e+00 0.000000e+00 1.000000e+00
    outer loop
      vertex   -1.254856e+02 3.908645e+02 1.827848e+02
      vertex   -1.349538e+02 3.859527e+02 1.827848e+02
      vertex   -1.348251e+02 3.858757e+02 1.827848e+02
    endloop
  endfacet
  facet normal -0.000000e+00 0.000000e+00 1.000000e+00
    outer loop
      vertex   -1.348251e+02 3.858757e+02 1.827848e+02
      vertex   -1.347042e+02 3.857870e+02 1.827848e+02
      vertex   -1.254856e+02 3.908645e+02 1.827848e+02
    endloop
  endfacet
  facet normal 0.000000e+00 0.000000e+00 1.000000e+00
    outer loop
      vertex   -1.344898e+02 3.855776e+02 1.827848e+02
      vertex   -1.343983e+02 3.854588e+02 1.827848e+02
      vertex   -1.254856e+02 3.854208e+02 1.827848e+02
    endloop
  endfacet
  facet normal 0.000000e+00 0.000000e+00 1.000000e+00
    outer loop
      vertex   -1.254856e+02 3.854208e+02 1.827848e+02
      vertex   -1.343983e+02 3.854588e+02 1.827848e+02
      vertex   -1.343183e+02 3.853319e+02 1.827848e+02
    endloop
  endfacet
  facet normal 0.000000e+00 0.000000e+00 1.000000e+00
    outer loop
      vertex   -1.254856e+02 3.854208e+02 1.827848e+02
      vertex   -1.343183e+02 3.853319e+02 1.827848e+02
      vertex   -1.342505e+02 3.851981e+02 1.827848e+02
    endloop
  endfacet
  facet normal -0.000000e+00 0.000000e+00 1.000000e+00
    outer loop
      vertex   -1.342505e+02 3.851981e+02 1.827848e+02
      vertex   -1.341956e+02 3.850585e+02 1.827848e+02
      vertex   -1.254856e+02 3.854208e+02 1.827848e+02
    endloop
  endfacet
  facet normal 0.000000e+00 0.000000e+00 1.000000e+00
    outer loop
      vertex   -1.254856e+02 3.854208e+02 1.827848e+02
      vertex   -1.341956e+02 3.850585e+02 1.827848e+02
      vertex   -1.341539e+02 3.849144e+02 1.827848e+02
    endloop
  endfacet
  facet normal -1.568265e-02 -9.998770e-01 -0.000000e+00
    outer loop
      vertex   -1.350531e+02 3.814208e+02 1.827848e+02
      vertex   -1.351765e+02 3.814227e+02 1.827848e+02
      vertex   -1.350531e+02 3.814208e+02 1.802848e+02
    endloop
  endfacet
  facet normal -1.568265e-02 -9.998770e-01 2.023853e-14
    outer loop
      vertex   -1.350531e+02 3.814208e+02 1.802848e+02
      vertex   -1.351765e+02 3.814227e+02 1.827848e+02
      vertex   -1.351765e+02 3.814227e+02 1.802848e+02
    endloop
  endfacet
  facet normal -4.696197e-02 -9.988967e-01 1.523774e-14
    outer loop
      vertex   -1.351765e+02 3.814227e+02 1.802848e+02
      vertex   -1.351765e+02 3.814227e+02 1.827848e+02
      vertex   -1.353000e+02 3.814285e+02 1.827848e+02
    endloop
  endfacet
  facet normal -4.696197e-02 -9.988967e-01 1.096678e-14
    outer loop
      vertex   -1.351765e+02 3.814227e+02 1.802848e+02
      vertex   -1.353000e+02 3.814285e+02 1.827848e+02
      vertex   -1.353000e+02 3.814285e+02 1.802848e+02
    endloop
  endfacet
  facet normal -7.806615e-02 -9.969482e-01 3.142772e-15
    outer loop
      vertex   -1.353000e+02 3.814285e+02 1.802848e+02
      vertex   -1.353000e+02 3.814285e+02 1.827848e+02
      vertex   -1.354235e+02 3.814382e+02 1.827848e+02
    endloop
  endfacet
  facet normal -7.806615e-02 -9.969482e-01 4.581638e-14
    outer loop
      vertex   -1.353000e+02 3.814285e+02 1.802848e+02
      vertex   -1.354235e+02 3.814382e+02 1.827848e+02
      vertex   -1.354235e+02 3.814382e+02 1.802848e+02
    endloop
  endfacet
  facet normal -1.089852e-01 -9.940434e-01 3.683032e-14
    outer loop
      vertex   -1.354235e+02 3.814382e+02 1.802848e+02
      vertex   -1.354235e+02 3.814382e+02 1.827848e+02
      vertex   -1.355468e+02 3.814517e+02 1.827848e+02
    endloop
  endfacet
  facet normal -1.089852e-01 -9.940434e-01 1.422825e-14
    outer loop
      vertex   -1.354235e+02 3.814382e+02 1.802848e+02
      vertex   -1.355468e+02 3.814517e+02 1.827848e+02
      vertex   -1.355468e+02 3.814517e+02 1.802848e+02
    endloop
  endfacet
  facet normal -1.397100e-01 -9.901925e-01 5.320776e-15
    outer loop
      vertex   -1.355468e+02 3.814517e+02 1.802848e+02
      vertex   -1.355468e+02 3.814517e+02 1.827848e+02
      vertex   -1.356698e+02 3.814690e+02 1.827848e+02
    endloop
  endfacet
  facet normal -1.397100e-01 -9.901925e-01 5.511481e-14
    outer loop
      vertex   -1.355468e+02 3.814517e+02 1.802848e+02
      vertex   -1.356698e+02 3.814690e+02 1.827848e+02
      vertex   -1.356698e+02 3.814690e+02 1.802848e+02
    endloop
  endfacet
  facet normal -1.702316e-01 -9.854041e-01 4.704518e-14
    outer loop
      vertex   -1.356698e+02 3.814690e+02 1.802848e+02
      vertex   -1.356698e+02 3.814690e+02 1.827848e+02
      vertex   -1.357923e+02 3.814902e+02 1.827848e+02
    endloop
  endfacet
  facet normal -1.702316e-01 -9.854041e-01 1.384584e-14
    outer loop
      vertex   -1.356698e+02 3.814690e+02 1.802848e+02
      vertex   -1.357923e+02 3.814902e+02 1.827848e+02
      vertex   -1.357923e+02 3.814902e+02 1.802848e+02
    endloop
  endfacet
  facet normal -2.005415e-01 -9.796852e-01 8.072640e-15
    outer loop
      vertex   -1.357923e+02 3.814902e+02 1.802848e+02
      vertex   -1.357923e+02 3.814902e+02 1.827848e+02
      vertex   -1.359142e+02 3.815152e+02 1.827848e+02
    endloop
  endfacet
  facet normal -2.005415e-01 -9.796852e-01 -1.823952e-14
    outer loop
      vertex   -1.357923e+02 3.814902e+02 1.802848e+02
      vertex   -1.359142e+02 3.815152e+02 1.827848e+02
      vertex   -1.359142e+02 3.815152e+02 1.802848e+02
    endloop
  endfacet
  facet normal -2.306313e-01 -9.730412e-01 -2.097579e-14
    outer loop
      vertex   -1.359142e+02 3.815152e+02 1.802848e+02
      vertex   -1.359142e+02 3.815152e+02 1.827848e+02
      vertex   -1.360354e+02 3.815439e+02 1.827848e+02
    endloop
  endfacet
  facet normal -2.306313e-01 -9.730412e-01 2.212473e-14
    outer loop
      vertex   -1.359142e+02 3.815152e+02 1.802848e+02
      vertex   -1.360354e+02 3.815439e+02 1.827848e+02
      vertex   -1.360354e+02 3.815439e+02 1.802848e+02
    endloop
  endfacet
  facet normal -2.604924e-01 -9.654759e-01 2.195238e-14
    outer loop
      vertex   -1.360354e+02 3.815439e+02 1.802848e+02
      vertex   -1.360354e+02 3.815439e+02 1.827848e+02
      vertex   -1.361555e+02 3.815763e+02 1.827848e+02
    endloop
  endfacet
  facet normal -2.604924e-01 -9.654759e-01 1.739318e-15
    outer loop
      vertex   -1.360354e+02 3.815439e+02 1.802848e+02
      vertex   -1.361555e+02 3.815763e+02 1.827848e+02
      vertex   -1.361555e+02 3.815763e+02 1.802848e+02
    endloop
  endfacet
  facet normal -2.901159e-01 -9.569915e-01 4.626418e-15
    outer loop
      vertex   -1.361555e+02 3.815763e+02 1.802848e+02
      vertex   -1.361555e+02 3.815763e+02 1.827848e+02
      vertex   -1.362746e+02 3.816124e+02 1.827848e+02
    endloop
  endfacet
  facet normal -2.901159e-01 -9.569915e-01 9.251505e-15
    outer loop
      vertex   -1.361555e+02 3.815763e+02 1.802848e+02
      vertex   -1.362746e+02 3.816124e+02 1.827848e+02
      vertex   -1.362746e+02 3.816124e+02 1.802848e+02
    endloop
  endfacet
  facet normal -3.194925e-01 -9.475888e-01 1.502400e-14
    outer loop
      vertex   -1.362746e+02 3.816124e+02 1.802848e+02
      vertex   -1.362746e+02 3.816124e+02 1.827848e+02
      vertex   -1.363924e+02 3.816521e+02 1.827848e+02
    endloop
  endfacet
  facet normal -3.194925e-01 -9.475888e-01 -9.907626e-15
    outer loop
      vertex   -1.362746e+02 3.816124e+02 1.802848e+02
      vertex   -1.363924e+02 3.816521e+02 1.827848e+02
      vertex   -1.363924e+02 3.816521e+02 1.802848e+02
    endloop
  endfacet
  facet normal -3.486122e-01 -9.372671e-01 -2.015439e-15
    outer loop
      vertex   -1.363924e+02 3.816521e+02 1.802848e+02
      vertex   -1.363924e+02 3.816521e+02 1.827848e+02
      vertex   -1.365089e+02 3.816954e+02 1.827848e+02
    endloop
  endfacet
  facet normal -3.486122e-01 -9.372671e-01 1.383561e-14
    outer loop
      vertex   -1.363924e+02 3.816521e+02 1.802848e+02
      vertex   -1.365089e+02 3.816954e+02 1.827848e+02
      vertex   -1.365089e+02 3.816954e+02 1.802848e+02
    endloop
  endfacet
  facet normal -3.774642e-01 -9.260242e-01 2.306037e-14
    outer loop
      vertex   -1.365089e+02 3.816954e+02 1.802848e+02
      vertex   -1.365089e+02 3.816954e+02 1.827848e+02
      vertex   -1.366238e+02 3.817423e+02 1.827848e+02
    endloop
  endfacet
  facet normal -3.774642e-01 -9.260242e-01 1.876966e-14
    outer loop
      vertex   -1.365089e+02 3.816954e+02 1.802848e+02
      vertex   -1.366238e+02 3.817423e+02 1.827848e+02
      vertex   -1.366238e+02 3.817423e+02 1.802848e+02
    endloop
  endfacet
  facet normal -4.060366e-01 -9.138568e-01 2.767165e-14
    outer loop
      vertex   -1.366238e+02 3.817423e+02 1.802848e+02
      vertex   -1.366238e+02 3.817423e+02 1.827848e+02
      vertex   -1.367370e+02 3.817926e+02 1.827848e+02
    endloop
  endfacet
  facet normal -4.060366e-01 -9.138568e-01 1.843859e-14
    outer loop
      vertex   -1.366238e+02 3.817423e+02 1.802848e+02
      vertex   -1.367370e+02 3.817926e+02 1.827848e+02
      vertex   -1.367370e+02 3.817926e+02 1.802848e+02
    endloop
  endfacet
  facet normal -4.343165e-01 -9.007604e-01 2.670366e-14
    outer loop
      vertex   -1.367370e+02 3.817926e+02 1.802848e+02
      vertex   -1.367370e+02 3.817926e+02 1.827848e+02
      vertex   -1.368483e+02 3.818462e+02 1.827848e+02
    endloop
  endfacet
  facet normal -4.343165e-01 -9.007604e-01 7.683723e-15
    outer loop
      vertex   -1.367370e+02 3.817926e+02 1.802848e+02
      vertex   -1.368483e+02 3.818462e+02 1.827848e+02
      vertex   -1.368483e+02 3.818462e+02 1.802848e+02
    endloop
  endfacet
  facet normal -4.622893e-01 -8.867291e-01 1.309304e-14
    outer loop
      vertex   -1.368483e+02 3.818462e+02 1.802848e+02
      vertex   -1.368483e+02 3.818462e+02 1.827848e+02
      vertex   -1.369577e+02 3.819033e+02 1.827848e+02
    endloop
  endfacet
  facet normal -4.622893e-01 -8.867291e-01 3.067400e-14
    outer loop
      vertex   -1.368483e+02 3.818462e+02 1.802848e+02
      vertex   -1.369577e+02 3.819033e+02 1.827848e+02
      vertex   -1.369577e+02 3.819033e+02 1.802848e+02
    endloop
  endfacet
  facet normal -1.568265e-02 -9.998770e-01 -0.000000e+00
    outer loop
      vertex   -1.350531e+02 3.814208e+02 1.761848e+02
      vertex   -1.351765e+02 3.814227e+02 1.761848e+02
      vertex   -1.350531e+02 3.814208e+02 1.736848e+02
    endloop
  endfacet
  facet normal -1.568265e-02 -9.998770e-01 1.782473e-16
    outer loop
      vertex   -1.350531e+02 3.814208e+02 1.736848e+02
      vertex   -1.351765e+02 3.814227e+02 1.761848e+02
      vertex   -1.351765e+02 3.814227e+02 1.736848e+02
    endloop
  endfacet
  facet normal -4.696197e-02 -9.988967e-01 5.338958e-16
    outer loop
      vertex   -1.351765e+02 3.814227e+02 1.736848e+02
      vertex   -1.351765e+02 3.814227e+02 1.761848e+02
      vertex   -1.353000e+02 3.814285e+02 1.761848e+02
    endloop
  endfacet
  facet normal -4.696197e-02 -9.988967e-01 -2.164450e-14
    outer loop
      vertex   -1.351765e+02 3.814227e+02 1.736848e+02
      vertex   -1.353000e+02 3.814285e+02 1.761848e+02
      vertex   -1.353000e+02 3.814285e+02 1.736848e+02
    endloop
  endfacet
  facet normal -7.806615e-02 -9.969482e-01 -2.089296e-14
    outer loop
      vertex   -1.353000e+02 3.814285e+02 1.736848e+02
      vertex   -1.353000e+02 3.814285e+02 1.761848e+02
      vertex   -1.354235e+02 3.814382e+02 1.761848e+02
    endloop
  endfacet
  facet normal -7.806615e-02 -9.969482e-01 -4.178583e-14
    outer loop
      vertex   -1.353000e+02 3.814285e+02 1.736848e+02
      vertex   -1.354235e+02 3.814382e+02 1.761848e+02
      vertex   -1.354235e+02 3.814382e+02 1.736848e+02
    endloop
  endfacet
  facet normal -1.089852e-01 -9.940434e-01 -4.024778e-14
    outer loop
      vertex   -1.354235e+02 3.814382e+02 1.736848e+02
      vertex   -1.354235e+02 3.814382e+02 1.761848e+02
      vertex   -1.355468e+02 3.814517e+02 1.761848e+02
    endloop
  endfacet
  facet normal -1.089852e-01 -9.940434e-01 -5.913267e-14
    outer loop
      vertex   -1.354235e+02 3.814382e+02 1.736848e+02
      vertex   -1.355468e+02 3.814517e+02 1.761848e+02
      vertex   -1.355468e+02 3.814517e+02 1.736848e+02
    endloop
  endfacet
  facet normal -1.397100e-01 -9.901925e-01 -5.642488e-14
    outer loop
      vertex   -1.355468e+02 3.814517e+02 1.736848e+02
      vertex   -1.355468e+02 3.814517e+02 1.761848e+02
      vertex   -1.356698e+02 3.814690e+02 1.761848e+02
    endloop
  endfacet
  facet normal -1.397100e-01 -9.901925e-01 -2.755671e-14
    outer loop
      vertex   -1.355468e+02 3.814517e+02 1.736848e+02
      vertex   -1.356698e+02 3.814690e+02 1.761848e+02
      vertex   -1.356698e+02 3.814690e+02 1.736848e+02
    endloop
  endfacet
  facet normal -1.702316e-01 -9.854041e-01 -2.352259e-14
    outer loop
      vertex   -1.356698e+02 3.814690e+02 1.736848e+02
      vertex   -1.356698e+02 3.814690e+02 1.761848e+02
      vertex   -1.357923e+02 3.814902e+02 1.761848e+02
    endloop
  endfacet
  facet normal -1.702316e-01 -9.854041e-01 -5.865616e-14
    outer loop
      vertex   -1.356698e+02 3.814690e+02 1.736848e+02
      vertex   -1.357923e+02 3.814902e+02 1.761848e+02
      vertex   -1.357923e+02 3.814902e+02 1.736848e+02
    endloop
  endfacet
  facet normal -2.005415e-01 -9.796852e-01 -5.262357e-14
    outer loop
      vertex   -1.357923e+02 3.814902e+02 1.736848e+02
      vertex   -1.357923e+02 3.814902e+02 1.761848e+02
      vertex   -1.359142e+02 3.815152e+02 1.761848e+02
    endloop
  endfacet
  facet normal -2.005415e-01 -9.796852e-01 -6.577965e-14
    outer loop
      vertex   -1.357923e+02 3.814902e+02 1.736848e+02
      vertex   -1.359142e+02 3.815152e+02 1.761848e+02
      vertex   -1.359142e+02 3.815152e+02 1.736848e+02
    endloop
  endfacet
  facet normal -2.306313e-01 -9.730412e-01 -5.818250e-14
    outer loop
      vertex   -1.359142e+02 3.815152e+02 1.736848e+02
      vertex   -1.359142e+02 3.815152e+02 1.761848e+02
      vertex   -1.360354e+02 3.815439e+02 1.761848e+02
    endloop
  endfacet
  facet normal -2.306313e-01 -9.730412e-01 -4.769465e-14
    outer loop
      vertex   -1.359142e+02 3.815152e+02 1.736848e+02
      vertex   -1.360354e+02 3.815439e+02 1.761848e+02
      vertex   -1.360354e+02 3.815439e+02 1.736848e+02
    endloop
  endfacet
  facet normal -2.604924e-01 -9.654759e-01 -3.868698e-14
    outer loop
      vertex   -1.360354e+02 3.815439e+02 1.736848e+02
      vertex   -1.360354e+02 3.815439e+02 1.761848e+02
      vertex   -1.361555e+02 3.815763e+02 1.761848e+02
    endloop
  endfacet
  facet normal -2.604924e-01 -9.654759e-01 -2.980254e-14
    outer loop
      vertex   -1.360354e+02 3.815439e+02 1.736848e+02
      vertex   -1.361555e+02 3.815763e+02 1.761848e+02
      vertex   -1.361555e+02 3.815763e+02 1.736848e+02
    endloop
  endfacet
  facet normal -2.901159e-01 -9.569915e-01 -1.974498e-14
    outer loop
      vertex   -1.361555e+02 3.815763e+02 1.736848e+02
      vertex   -1.361555e+02 3.815763e+02 1.761848e+02
      vertex   -1.362746e+02 3.816124e+02 1.761848e+02
    endloop
  endfacet
  facet normal -2.901159e-01 -9.569915e-01 -9.848196e-15
    outer loop
      vertex   -1.361555e+02 3.815763e+02 1.736848e+02
      vertex   -1.362746e+02 3.816124e+02 1.761848e+02
      vertex   -1.362746e+02 3.816124e+02 1.736848e+02
    endloop
  endfacet
  facet normal -3.194925e-01 -9.475888e-01 1.237901e-15
    outer loop
      vertex   -1.362746e+02 3.816124e+02 1.736848e+02
      vertex   -1.362746e+02 3.816124e+02 1.761848e+02
      vertex   -1.363924e+02 3.816521e+02 1.761848e+02
    endloop
  endfacet
  facet normal -3.194925e-01 -9.475888e-01 -4.185421e-14
    outer loop
      vertex   -1.362746e+02 3.816124e+02 1.736848e+02
      vertex   -1.363924e+02 3.816521e+02 1.761848e+02
      vertex   -1.363924e+02 3.816521e+02 1.736848e+02
    endloop
  endfacet
  facet normal -3.486122e-01 -9.372671e-01 -3.027904e-14
    outer loop
      vertex   -1.363924e+02 3.816521e+02 1.736848e+02
      vertex   -1.363924e+02 3.816521e+02 1.761848e+02
      vertex   -1.365089e+02 3.816954e+02 1.761848e+02
    endloop
  endfacet
  facet normal -3.486122e-01 -9.372671e-01 4.418233e-15
    outer loop
      vertex   -1.363924e+02 3.816521e+02 1.736848e+02
      vertex   -1.365089e+02 3.816954e+02 1.761848e+02
      vertex   -1.365089e+02 3.816954e+02 1.736848e+02
    endloop
  endfacet
  facet normal -3.774642e-01 -9.260242e-01 1.487883e-14
    outer loop
      vertex   -1.365089e+02 3.816954e+02 1.736848e+02
      vertex   -1.365089e+02 3.816954e+02 1.761848e+02
      vertex   -1.366238e+02 3.817423e+02 1.761848e+02
    endloop
  endfacet
  facet normal -3.774642e-01 -9.260242e-01 2.735191e-14
    outer loop
      vertex   -1.365089e+02 3.816954e+02 1.736848e+02
      vertex   -1.366238e+02 3.817423e+02 1.761848e+02
      vertex   -1.366238e+02 3.817423e+02 1.736848e+02
    endloop
  endfacet
  facet normal -4.060366e-01 -9.138568e-01 3.690386e-14
    outer loop
      vertex   -1.366238e+02 3.817423e+02 1.736848e+02
      vertex   -1.366238e+02 3.817423e+02 1.761848e+02
      vertex   -1.367370e+02 3.817926e+02 1.761848e+02
    endloop
  endfacet
  facet normal -4.060366e-01 -9.138568e-01 -6.954735e-15
    outer loop
      vertex   -1.366238e+02 3.817423e+02 1.736848e+02
      vertex   -1.367370e+02 3.817926e+02 1.761848e+02
      vertex   -1.367370e+02 3.817926e+02 1.736848e+02
    endloop
  endfacet
  facet normal -4.343165e-01 -9.007604e-01 1.285138e-15
    outer loop
      vertex   -1.367370e+02 3.817926e+02 1.736848e+02
      vertex   -1.367370e+02 3.817926e+02 1.761848e+02
      vertex   -1.368483e+02 3.818462e+02 1.761848e+02
    endloop
  endfacet
  facet normal -4.343165e-01 -9.007604e-01 1.828883e-14
    outer loop
      vertex   -1.367370e+02 3.817926e+02 1.736848e+02
      vertex   -1.368483e+02 3.818462e+02 1.761848e+02
      vertex   -1.368483e+02 3.818462e+02 1.736848e+02
    endloop
  endfacet
  facet normal -4.622893e-01 -8.867291e-01 2.274368e-14
    outer loop
      vertex   -1.368483e+02 3.818462e+02 1.736848e+02
      vertex   -1.368483e+02 3.818462e+02 1.761848e+02
      vertex   -1.369577e+02 3.819033e+02 1.761848e+02
    endloop
  endfacet
  facet normal -4.622893e-01 -8.867291e-01 0.000000e+00
    outer loop
      vertex   -1.368483e+02 3.818462e+02 1.736848e+02
      vertex   -1.369577e+02 3.819033e+02 1.761848e+02
      vertex   -1.369577e+02 3.819033e+02 1.736848e+02
    endloop
  endfacet
  facet normal 0.000000e+00 -1.000000e+00 0.000000e+00
    outer loop
      vertex   -1.350531e+02 3.814208e+02 1.736848e+02
      vertex   -1.251445e+02 3.814208e+02 1.736848e+02
      vertex   -1.350531e+02 3.814208e+02 1.761848e+02
    endloop
  endfacet
  facet normal 0.000000e+00 -1.000000e+00 0.000000e+00
    outer loop
      vertex   -1.350531e+02 3.814208e+02 1.761848e+02
      vertex   -1.251445e+02 3.814208e+02 1.736848e+02
      vertex   -1.251445e+02 3.814208e+02 1.761848e+02
    endloop
  endfacet
  facet normal 0.000000e+00 0.000000e+00 -1.000000e+00
    outer loop
      vertex   -1.351765e+02 3.814227e+02 1.736848e+02
      vertex   -1.353750e+02 3.829782e+02 1.736848e+02
      vertex   -1.350531e+02 3.814208e+02 1.736848e+02
    endloop
  endfacet
  facet normal 0.000000e+00 0.000000e+00 -1.000000e+00
    outer loop
      vertex   -1.350531e+02 3.814208e+02 1.736848e+02
      vertex   -1.353750e+02 3.829782e+02 1.736848e+02
      vertex   -1.352300e+02 3.830165e+02 1.736848e+02
    endloop
  endfacet
  facet normal 0.000000e+00 0.000000e+00 -1.000000e+00
    outer loop
      vertex   -1.350531e+02 3.814208e+02 1.736848e+02
      vertex   -1.352300e+02 3.830165e+02 1.736848e+02
      vertex   -1.350892e+02 3.830681e+02 1.736848e+02
    endloop
  endfacet
  facet normal 0.000000e+00 -0.000000e+00 -1.000000e+00
    outer loop
      vertex   -1.353750e+02 3.829782e+02 1.736848e+02
      vertex   -1.351765e+02 3.814227e+02 1.736848e+02
      vertex   -1.355230e+02 3.829537e+02 1.736848e+02
    endloop
  endfacet
  facet normal 0.000000e+00 0.000000e+00 -1.000000e+00
    outer loop
      vertex   -1.355230e+02 3.829537e+02 1.736848e+02
      vertex   -1.351765e+02 3.814227e+02 1.736848e+02
      vertex   -1.353000e+02 3.814285e+02 1.736848e+02
    endloop
  endfacet
  facet normal 0.000000e+00 0.000000e+00 -1.000000e+00
    outer loop
      vertex   -1.355230e+02 3.829537e+02 1.736848e+02
      vertex   -1.353000e+02 3.814285e+02 1.736848e+02
      vertex   -1.354235e+02 3.814382e+02 1.736848e+02
    endloop
  endfacet
  facet normal 0.000000e+00 0.000000e+00 -1.000000e+00
    outer loop
      vertex   -1.354235e+02 3.814382e+02 1.736848e+02
      vertex   -1.355468e+02 3.814517e+02 1.736848e+02
      vertex   -1.355230e+02 3.829537e+02 1.736848e+02
    endloop
  endfacet
  facet normal 0.000000e+00 0.000000e+00 -1.000000e+00
    outer loop
      vertex   -1.355230e+02 3.829537e+02 1.736848e+02
      vertex   -1.355468e+02 3.814517e+02 1.736848e+02
      vertex   -1.356698e+02 3.814690e+02 1.736848e+02
    endloop
  endfacet
  facet normal 0.000000e+00 0.000000e+00 -1.000000e+00
    outer loop
      vertex   -1.355230e+02 3.829537e+02 1.736848e+02
      vertex   -1.356698e+02 3.814690e+02 1.736848e+02
      vertex   -1.357923e+02 3.814902e+02 1.736848e+02
    endloop
  endfacet
  facet normal 0.000000e+00 0.000000e+00 -1.000000e+00
    outer loop
      vertex   -1.355230e+02 3.829537e+02 1.736848e+02
      vertex   -1.357923e+02 3.814902e+02 1.736848e+02
      vertex   -1.356726e+02 3.829432e+02 1.736848e+02
    endloop
  endfacet
  facet normal 0.000000e+00 0.000000e+00 -1.000000e+00
    outer loop
      vertex   -1.356726e+02 3.829432e+02 1.736848e+02
      vertex   -1.357923e+02 3.814902e+02 1.736848e+02
      vertex   -1.359142e+02 3.815152e+02 1.736848e+02
    endloop
  endfacet
  facet normal 0.000000e+00 0.000000e+00 -1.000000e+00
    outer loop
      vertex   -1.356726e+02 3.829432e+02 1.736848e+02
      vertex   -1.359142e+02 3.815152e+02 1.736848e+02
      vertex   -1.360354e+02 3.815439e+02 1.736848e+02
    endloop
  endfacet
  facet normal 0.000000e+00 0.000000e+00 -1.000000e+00
    outer loop
      vertex   -1.360354e+02 3.815439e+02 1.736848e+02
      vertex   -1.361555e+02 3.815763e+02 1.736848e+02
      vertex   -1.356726e+02 3.829432e+02 1.736848e+02
    endloop
  endfacet
  facet normal 0.000000e+00 0.000000e+00 -1.000000e+00
    outer loop
      vertex   -1.356726e+02 3.829432e+02 1.736848e+02
      vertex   -1.361555e+02 3.815763e+02 1.736848e+02
      vertex   -1.362746e+02 3.816124e+02 1.736848e+02
    endloop
  endfacet
  facet normal -0.000000e+00 0.000000e+00 -1.000000e+00
    outer loop
      vertex   -1.356726e+02 3.829432e+02 1.736848e+02
      vertex   -1.362746e+02 3.816124e+02 1.736848e+02
      vertex   -1.358226e+02 3.829467e+02 1.736848e+02
    endloop
  endfacet
  facet normal 0.000000e+00 0.000000e+00 -1.000000e+00
    outer loop
      vertex   -1.358226e+02 3.829467e+02 1.736848e+02
      vertex   -1.362746e+02 3.816124e+02 1.736848e+02
      vertex   -1.363924e+02 3.816521e+02 1.736848e+02
    endloop
  endfacet
  facet normal 0.000000e+00 0.000000e+00 -1.000000e+00
    outer loop
      vertex   -1.358226e+02 3.829467e+02 1.736848e+02
      vertex   -1.363924e+02 3.816521e+02 1.736848e+02
      vertex   -1.365089e+02 3.816954e+02 1.736848e+02
    endloop
  endfacet
  facet normal 0.000000e+00 0.000000e+00 -1.000000e+00
    outer loop
      vertex   -1.365089e+02 3.816954e+02 1.736848e+02
      vertex   -1.366238e+02 3.817423e+02 1.736848e+02
      vertex   -1.358226e+02 3.829467e+02 1.736848e+02
    endloop
  endfacet
  facet normal 0.000000e+00 0.000000e+00 -1.000000e+00
    outer loop
      vertex   -1.358226e+02 3.829467e+02 1.736848e+02
      vertex   -1.366238e+02 3.817423e+02 1.736848e+02
      vertex   -1.367370e+02 3.817926e+02 1.736848e+02
    endloop
  endfacet
  facet normal -0.000000e+00 0.000000e+00 -1.000000e+00
    outer loop
      vertex   -1.358226e+02 3.829467e+02 1.736848e+02
      vertex   -1.367370e+02 3.817926e+02 1.736848e+02
      vertex   -1.359715e+02 3.829642e+02 1.736848e+02
    endloop
  endfacet
  facet normal 0.000000e+00 0.000000e+00 -1.000000e+00
    outer loop
      vertex   -1.359715e+02 3.829642e+02 1.736848e+02
      vertex   -1.367370e+02 3.817926e+02 1.736848e+02
      vertex   -1.368483e+02 3.818462e+02 1.736848e+02
    endloop
  endfacet
  facet normal 0.000000e+00 0.000000e+00 -1.000000e+00
    outer loop
      vertex   -1.359715e+02 3.829642e+02 1.736848e+02
      vertex   -1.368483e+02 3.818462e+02 1.736848e+02
      vertex   -1.369577e+02 3.819033e+02 1.736848e+02
    endloop
  endfacet
  facet normal -0.000000e+00 0.000000e+00 -1.000000e+00
    outer loop
      vertex   -1.359715e+02 3.829642e+02 1.736848e+02
      vertex   -1.369577e+02 3.819033e+02 1.736848e+02
      vertex   -1.361182e+02 3.829957e+02 1.736848e+02
    endloop
  endfacet
  facet normal 0.000000e+00 0.000000e+00 -1.000000e+00
    outer loop
      vertex   -1.361182e+02 3.829957e+02 1.736848e+02
      vertex   -1.369577e+02 3.819033e+02 1.736848e+02
      vertex   -1.371702e+02 3.820199e+02 1.736848e+02
    endloop
  endfacet
  facet normal -0.000000e+00 0.000000e+00 -1.000000e+00
    outer loop
      vertex   -1.361182e+02 3.829957e+02 1.736848e+02
      vertex   -1.371702e+02 3.820199e+02 1.736848e+02
      vertex   -1.362613e+02 3.830407e+02 1.736848e+02
    endloop
  endfacet
  facet normal 0.000000e+00 0.000000e+00 -1.000000e+00
    outer loop
      vertex   -1.362613e+02 3.830407e+02 1.736848e+02
      vertex   -1.371702e+02 3.820199e+02 1.736848e+02
      vertex   -1.373791e+02 3.821379e+02 1.736848e+02
    endloop
  endfacet
  facet normal -0.000000e+00 0.000000e+00 -1.000000e+00
    outer loop
      vertex   -1.362613e+02 3.830407e+02 1.736848e+02
      vertex   -1.373791e+02 3.821379e+02 1.736848e+02
      vertex   -1.363995e+02 3.830989e+02 1.736848e+02
    endloop
  endfacet
  facet normal -8.698118e-14 8.866750e-14 -1.000000e+00
    outer loop
      vertex   -1.363995e+02 3.830989e+02 1.736848e+02
      vertex   -1.373791e+02 3.821379e+02 1.736848e+02
      vertex   -1.375845e+02 3.822570e+02 1.736848e+02
    endloop
  endfacet
  facet normal -1.031862e-14 -1.923692e-14 -1.000000e+00
    outer loop
      vertex   -1.363995e+02 3.830989e+02 1.736848e+02
      vertex   -1.375845e+02 3.822570e+02 1.736848e+02
      vertex   -1.365317e+02 3.831698e+02 1.736848e+02
    endloop
  endfacet
  facet normal 7.255262e-14 -1.148193e-13 -1.000000e+00
    outer loop
      vertex   -1.365317e+02 3.831698e+02 1.736848e+02
      vertex   -1.375845e+02 3.822570e+02 1.736848e+02
      vertex   -1.377860e+02 3.823772e+02 1.736848e+02
    endloop
  endfacet
  facet normal -0.000000e+00 0.000000e+00 -1.000000e+00
    outer loop
      vertex   -1.365317e+02 3.831698e+02 1.736848e+02
      vertex   -1.377860e+02 3.823772e+02 1.736848e+02
      vertex   -1.366567e+02 3.832527e+02 1.736848e+02
    endloop
  endfacet
  facet normal 0.000000e+00 0.000000e+00 -1.000000e+00
    outer loop
      vertex   -1.366567e+02 3.832527e+02 1.736848e+02
      vertex   -1.377860e+02 3.823772e+02 1.736848e+02
      vertex   -1.379836e+02 3.824984e+02 1.736848e+02
    endloop
  endfacet
  facet normal -0.000000e+00 0.000000e+00 -1.000000e+00
    outer loop
      vertex   -1.366567e+02 3.832527e+02 1.736848e+02
      vertex   -1.379836e+02 3.824984e+02 1.736848e+02
      vertex   -1.367733e+02 3.833470e+02 1.736848e+02
    endloop
  endfacet
  facet normal 0.000000e+00 0.000000e+00 -1.000000e+00
    outer loop
      vertex   -1.367733e+02 3.833470e+02 1.736848e+02
      vertex   -1.379836e+02 3.824984e+02 1.736848e+02
      vertex   -1.381771e+02 3.826204e+02 1.736848e+02
    endloop
  endfacet
  facet normal -0.000000e+00 0.000000e+00 -1.000000e+00
    outer loop
      vertex   -1.367733e+02 3.833470e+02 1.736848e+02
      vertex   -1.381771e+02 3.826204e+02 1.736848e+02
      vertex   -1.368806e+02 3.834518e+02 1.736848e+02
    endloop
  endfacet
  facet normal 7.464262e-14 -1.163886e-13 -1.000000e+00
    outer loop
      vertex   -1.368806e+02 3.834518e+02 1.736848e+02
      vertex   -1.381771e+02 3.826204e+02 1.736848e+02
      vertex   -1.383664e+02 3.827432e+02 1.736848e+02
    endloop
  endfacet
  facet normal -1.169187e-13 2.852317e-13 -1.000000e+00
    outer loop
      vertex   -1.368806e+02 3.834518e+02 1.736848e+02
      vertex   -1.383664e+02 3.827432e+02 1.736848e+02
      vertex   -1.385515e+02 3.828666e+02 1.736848e+02
    endloop
  endfacet
  facet normal 5.398068e-14 -2.026735e-13 -1.000000e+00
    outer loop
      vertex   -1.368806e+02 3.834518e+02 1.736848e+02
      vertex   -1.385515e+02 3.828666e+02 1.736848e+02
      vertex   -1.369776e+02 3.835662e+02 1.736848e+02
    endloop
  endfacet
  facet normal 1.017504e-13 -3.101307e-13 -1.000000e+00
    outer loop
      vertex   -1.369776e+02 3.835662e+02 1.736848e+02
      vertex   -1.385515e+02 3.828666e+02 1.736848e+02
      vertex   -1.387321e+02 3.829906e+02 1.736848e+02
    endloop
  endfacet
  facet normal -0.000000e+00 0.000000e+00 -1.000000e+00
    outer loop
      vertex   -1.369776e+02 3.835662e+02 1.736848e+02
      vertex   -1.387321e+02 3.829906e+02 1.736848e+02
      vertex   -1.370635e+02 3.836892e+02 1.736848e+02
    endloop
  endfacet
  facet normal 0.000000e+00 0.000000e+00 -1.000000e+00
    outer loop
      vertex   -1.370635e+02 3.836892e+02 1.736848e+02
      vertex   -1.387321e+02 3.829906e+02 1.736848e+02
      vertex   -1.389083e+02 3.831151e+02 1.736848e+02
    endloop
  endfacet
  facet normal -0.000000e+00 0.000000e+00 -1.000000e+00
    outer loop
      vertex   -1.370635e+02 3.836892e+02 1.736848e+02
      vertex   -1.389083e+02 3.831151e+02 1.736848e+02
      vertex   -1.371375e+02 3.838197e+02 1.736848e+02
    endloop
  endfacet
  facet normal 0.000000e+00 0.000000e+00 -1.000000e+00
    outer loop
      vertex   -1.371375e+02 3.838197e+02 1.736848e+02
      vertex   -1.389083e+02 3.831151e+02 1.736848e+02
      vertex   -1.390800e+02 3.832401e+02 1.736848e+02
    endloop
  endfacet
  facet normal -0.000000e+00 0.000000e+00 -1.000000e+00
    outer loop
      vertex   -1.371375e+02 3.838197e+02 1.736848e+02
      vertex   -1.390800e+02 3.832401e+02 1.736848e+02
      vertex   -1.371989e+02 3.839565e+02 1.736848e+02
    endloop
  endfacet
  facet normal -1.145984e-13 3.008762e-13 -1.000000e+00
    outer loop
      vertex   -1.371989e+02 3.839565e+02 1.736848e+02
      vertex   -1.390800e+02 3.832401e+02 1.736848e+02
      vertex   -1.392470e+02 3.833654e+02 1.736848e+02
    endloop
  endfacet
  facet normal -2.526968e-14 -8.605439e-15 -1.000000e+00
    outer loop
      vertex   -1.371989e+02 3.839565e+02 1.736848e+02
      vertex   -1.392470e+02 3.833654e+02 1.736848e+02
      vertex   -1.372472e+02 3.840985e+02 1.736848e+02
    endloop
  endfacet
  facet normal -1.928414e-14 -2.493180e-14 -1.000000e+00
    outer loop
      vertex   -1.372472e+02 3.840985e+02 1.736848e+02
      vertex   -1.392470e+02 3.833654e+02 1.736848e+02
      vertex   -1.394094e+02 3.834910e+02 1.736848e+02
    endloop
  endfacet
  facet normal 2.749045e-14 -1.913934e-13 -1.000000e+00
    outer loop
      vertex   -1.372472e+02 3.840985e+02 1.736848e+02
      vertex   -1.394094e+02 3.834910e+02 1.736848e+02
      vertex   -1.395671e+02 3.836168e+02 1.736848e+02
    endloop
  endfacet
  facet normal -1.167255e-14 -2.787864e-15 -1.000000e+00
    outer loop
      vertex   -1.372472e+02 3.840985e+02 1.736848e+02
      vertex   -1.395671e+02 3.836168e+02 1.736848e+02
      vertex   -1.372821e+02 3.842444e+02 1.736848e+02
    endloop
  endfacet
  facet normal -9.329252e-15 -1.131961e-14 -1.000000e+00
    outer loop
      vertex   -1.372821e+02 3.842444e+02 1.736848e+02
      vertex   -1.395671e+02 3.836168e+02 1.736848e+02
      vertex   -1.397200e+02 3.837429e+02 1.736848e+02
    endloop
  endfacet
  facet normal -1.132796e-14 -1.604080e-15 -1.000000e+00
    outer loop
      vertex   -1.372821e+02 3.842444e+02 1.736848e+02
      vertex   -1.397200e+02 3.837429e+02 1.736848e+02
      vertex   -1.373031e+02 3.843929e+02 1.736848e+02
    endloop
  endfacet
  facet normal -8.937249e-15 -1.049286e-14 -1.000000e+00
    outer loop
      vertex   -1.373031e+02 3.843929e+02 1.736848e+02
      vertex   -1.397200e+02 3.837429e+02 1.736848e+02
      vertex   -1.398682e+02 3.838691e+02 1.736848e+02
    endloop
  endfacet
  facet normal -4.934731e-14 1.873821e-13 -1.000000e+00
    outer loop
      vertex   -1.373031e+02 3.843929e+02 1.736848e+02
      vertex   -1.398682e+02 3.838691e+02 1.736848e+02
      vertex   -1.373101e+02 3.845427e+02 1.736848e+02
    endloop
  endfacet
  facet normal 0.000000e+00 0.000000e+00 -1.000000e+00
    outer loop
      vertex   -1.373101e+02 3.845427e+02 1.736848e+02
      vertex   -1.398682e+02 3.838691e+02 1.736848e+02
      vertex   -1.400116e+02 3.839954e+02 1.736848e+02
    endloop
  endfacet
  facet normal 3.727410e-14 -1.839690e-13 -1.000000e+00
    outer loop
      vertex   -1.373101e+02 3.845427e+02 1.736848e+02
      vertex   -1.400116e+02 3.839954e+02 1.736848e+02
      vertex   -1.401502e+02 3.841218e+02 1.736848e+02
    endloop
  endfacet
  facet normal 3.839015e-14 -1.914990e-13 -1.000000e+00
    outer loop
      vertex   -1.373101e+02 3.845427e+02 1.736848e+02
      vertex   -1.401502e+02 3.841218e+02 1.736848e+02
      vertex   -1.373031e+02 3.846926e+02 1.736848e+02
    endloop
  endfacet
  facet normal 0.000000e+00 0.000000e+00 -1.000000e+00
    outer loop
      vertex   -1.373031e+02 3.846926e+02 1.736848e+02
      vertex   -1.401502e+02 3.841218e+02 1.736848e+02
      vertex   -1.402840e+02 3.842483e+02 1.736848e+02
    endloop
  endfacet
  facet normal -0.000000e+00 0.000000e+00 -1.000000e+00
    outer loop
      vertex   -1.373031e+02 3.846926e+02 1.736848e+02
      vertex   -1.402840e+02 3.842483e+02 1.736848e+02
      vertex   -1.372821e+02 3.848411e+02 1.736848e+02
    endloop
  endfacet
  facet normal -3.693329e-14 1.870268e-13 -1.000000e+00
    outer loop
      vertex   -1.372821e+02 3.848411e+02 1.736848e+02
      vertex   -1.402840e+02 3.842483e+02 1.736848e+02
      vertex   -1.404129e+02 3.843748e+02 1.736848e+02
    endloop
  endfacet
  facet normal -7.920548e-15 -7.771446e-15 -1.000000e+00
    outer loop
      vertex   -1.372821e+02 3.848411e+02 1.736848e+02
      vertex   -1.404129e+02 3.843748e+02 1.736848e+02
      vertex   -1.405370e+02 3.845013e+02 1.736848e+02
    endloop
  endfacet
  facet normal -8.955085e-15 2.138826e-15 -1.000000e+00
    outer loop
      vertex   -1.372821e+02 3.848411e+02 1.736848e+02
      vertex   -1.405370e+02 3.845013e+02 1.736848e+02
      vertex   -1.372472e+02 3.849870e+02 1.736848e+02
    endloop
  endfacet
  facet normal -7.583428e-15 -7.152340e-15 -1.000000e+00
    outer loop
      vertex   -1.372472e+02 3.849870e+02 1.736848e+02
      vertex   -1.405370e+02 3.845013e+02 1.736848e+02
      vertex   -1.406564e+02 3.846278e+02 1.736848e+02
    endloop
  endfacet
  facet normal 1.400268e-14 -2.120390e-13 -1.000000e+00
    outer loop
      vertex   -1.372472e+02 3.849870e+02 1.736848e+02
      vertex   -1.406564e+02 3.846278e+02 1.736848e+02
      vertex   -1.407709e+02 3.847543e+02 1.736848e+02
    endloop
  endfacet
  facet normal -0.000000e+00 0.000000e+00 -1.000000e+00
    outer loop
      vertex   -1.372472e+02 3.849870e+02 1.736848e+02
      vertex   -1.407709e+02 3.847543e+02 1.736848e+02
      vertex   -1.371989e+02 3.851289e+02 1.736848e+02
    endloop
  endfacet
  facet normal -4.322275e-14 4.120616e-13 -1.000000e+00
    outer loop
      vertex   -1.371989e+02 3.851289e+02 1.736848e+02
      vertex   -1.407709e+02 3.847543e+02 1.736848e+02
      vertex   -1.408805e+02 3.848807e+02 1.736848e+02
    endloop
  endfacet
  facet normal -2.637030e-16 -2.250796e-13 -1.000000e+00
    outer loop
      vertex   -1.371989e+02 3.851289e+02 1.736848e+02
      vertex   -1.408805e+02 3.848807e+02 1.736848e+02
      vertex   -1.409854e+02 3.850071e+02 1.736848e+02
    endloop
  endfacet
  facet normal -7.615980e-15 3.419419e-15 -1.000000e+00
    outer loop
      vertex   -1.371989e+02 3.851289e+02 1.736848e+02
      vertex   -1.409854e+02 3.850071e+02 1.736848e+02
      vertex   -1.371375e+02 3.852658e+02 1.736848e+02
    endloop
  endfacet
  facet normal -7.012600e-15 -5.556491e-15 -1.000000e+00
    outer loop
      vertex   -1.371375e+02 3.852658e+02 1.736848e+02
      vertex   -1.409854e+02 3.850071e+02 1.736848e+02
      vertex   -1.410856e+02 3.851335e+02 1.736848e+02
    endloop
  endfacet
  facet normal -7.021184e-15 -5.300355e-15 -1.000000e+00
    outer loop
      vertex   -1.371375e+02 3.852658e+02 1.736848e+02
      vertex   -1.410856e+02 3.851335e+02 1.736848e+02
      vertex   -1.411809e+02 3.852597e+02 1.736848e+02
    endloop
  endfacet
  facet normal -7.035065e-15 3.988720e-15 -1.000000e+00
    outer loop
      vertex   -1.371375e+02 3.852658e+02 1.736848e+02
      vertex   -1.411809e+02 3.852597e+02 1.736848e+02
      vertex   -1.370635e+02 3.853963e+02 1.736848e+02
    endloop
  endfacet
  facet normal 5.501184e-16 -2.247782e-13 -1.000000e+00
    outer loop
      vertex   -1.370635e+02 3.853963e+02 1.736848e+02
      vertex   -1.411809e+02 3.852597e+02 1.736848e+02
      vertex   -1.412715e+02 3.853860e+02 1.736848e+02
    endloop
  endfacet
  facet normal -0.000000e+00 0.000000e+00 -1.000000e+00
    outer loop
      vertex   -1.370635e+02 3.853963e+02 1.736848e+02
      vertex   -1.412715e+02 3.853860e+02 1.736848e+02
      vertex   -1.413573e+02 3.855121e+02 1.736848e+02
    endloop
  endfacet
  facet normal 0.000000e+00 0.000000e+00 -1.000000e+00
    outer loop
      vertex   -1.370635e+02 3.853963e+02 1.736848e+02
      vertex   -1.413573e+02 3.855121e+02 1.736848e+02
      vertex   -1.369776e+02 3.855192e+02 1.736848e+02
    endloop
  endfacet
  facet normal -3.660691e-16 2.251749e-13 -1.000000e+00
    outer loop
      vertex   -1.369776e+02 3.855192e+02 1.736848e+02
      vertex   -1.413573e+02 3.855121e+02 1.736848e+02
      vertex   -1.414383e+02 3.856382e+02 1.736848e+02
    endloop
  endfacet
  facet normal -6.476150e-15 -3.922181e-15 -1.000000e+00
    outer loop
      vertex   -1.369776e+02 3.855192e+02 1.736848e+02
      vertex   -1.414383e+02 3.856382e+02 1.736848e+02
      vertex   -1.415146e+02 3.857642e+02 1.736848e+02
    endloop
  endfacet
  facet normal 6.838204e-15 2.426511e-13 -1.000000e+00
    outer loop
      vertex   -1.369776e+02 3.855192e+02 1.736848e+02
      vertex   -1.415146e+02 3.857642e+02 1.736848e+02
      vertex   -1.368806e+02 3.856336e+02 1.736848e+02
    endloop
  endfacet
  facet normal 0.000000e+00 0.000000e+00 -1.000000e+00
    outer loop
      vertex   -1.368806e+02 3.856336e+02 1.736848e+02
      vertex   -1.415146e+02 3.857642e+02 1.736848e+02
      vertex   -1.415862e+02 3.858902e+02 1.736848e+02
    endloop
  endfacet
  facet normal 0.000000e+00 0.000000e+00 -1.000000e+00
    outer loop
      vertex   -1.368806e+02 3.856336e+02 1.736848e+02
      vertex   -1.415862e+02 3.858902e+02 1.736848e+02
      vertex   -1.367733e+02 3.857384e+02 1.736848e+02
    endloop
  endfacet
  facet normal 0.000000e+00 0.000000e+00 -1.000000e+00
    outer loop
      vertex   -1.367733e+02 3.857384e+02 1.736848e+02
      vertex   -1.415862e+02 3.858902e+02 1.736848e+02
      vertex   -1.366567e+02 3.858327e+02 1.736848e+02
    endloop
  endfacet
  facet normal 0.000000e+00 0.000000e+00 -1.000000e+00
    outer loop
      vertex   -1.366567e+02 3.858327e+02 1.736848e+02
      vertex   -1.415862e+02 3.858902e+02 1.736848e+02
      vertex   -1.365317e+02 3.859157e+02 1.736848e+02
    endloop
  endfacet
  facet normal -0.000000e+00 0.000000e+00 -1.000000e+00
    outer loop
      vertex   -1.365317e+02 3.859157e+02 1.736848e+02
      vertex   -1.415862e+02 3.858902e+02 1.736848e+02
      vertex   -1.363995e+02 3.859866e+02 1.736848e+02
    endloop
  endfacet
  facet normal -0.000000e+00 0.000000e+00 -1.000000e+00
    outer loop
      vertex   -1.363995e+02 3.859866e+02 1.736848e+02
      vertex   -1.415862e+02 3.858902e+02 1.736848e+02
      vertex   -1.362613e+02 3.860448e+02 1.736848e+02
    endloop
  endfacet
  facet normal -0.000000e+00 0.000000e+00 -1.000000e+00
    outer loop
      vertex   -1.362613e+02 3.860448e+02 1.736848e+02
      vertex   -1.415862e+02 3.858902e+02 1.736848e+02
      vertex   -1.361182e+02 3.860898e+02 1.736848e+02
    endloop
  endfacet
  facet normal -0.000000e+00 0.000000e+00 -1.000000e+00
    outer loop
      vertex   -1.361182e+02 3.860898e+02 1.736848e+02
      vertex   -1.415862e+02 3.858902e+02 1.736848e+02
      vertex   -1.415862e+02 3.953934e+02 1.736848e+02
    endloop
  endfacet
  facet normal 0.000000e+00 0.000000e+00 -1.000000e+00
    outer loop
      vertex   -1.361182e+02 3.860898e+02 1.736848e+02
      vertex   -1.415862e+02 3.953934e+02 1.736848e+02
      vertex   -1.359715e+02 3.861212e+02 1.736848e+02
    endloop
  endfacet
  facet normal 0.000000e+00 0.000000e+00 -1.000000e+00
    outer loop
      vertex   -1.359715e+02 3.861212e+02 1.736848e+02
      vertex   -1.415862e+02 3.953934e+02 1.736848e+02
      vertex   -1.358226e+02 3.861388e+02 1.736848e+02
    endloop
  endfacet
  facet normal 0.000000e+00 0.000000e+00 -1.000000e+00
    outer loop
      vertex   -1.358226e+02 3.861388e+02 1.736848e+02
      vertex   -1.415862e+02 3.953934e+02 1.736848e+02
      vertex   -1.356726e+02 3.861423e+02 1.736848e+02
    endloop
  endfacet
  facet normal 0.000000e+00 0.000000e+00 -1.000000e+00
    outer loop
      vertex   -1.356726e+02 3.861423e+02 1.736848e+02
      vertex   -1.415862e+02 3.953934e+02 1.736848e+02
      vertex   -1.355230e+02 3.861318e+02 1.736848e+02
    endloop
  endfacet
  facet normal 0.000000e+00 0.000000e+00 -1.000000e+00
    outer loop
      vertex   -1.355230e+02 3.861318e+02 1.736848e+02
      vertex   -1.415862e+02 3.953934e+02 1.736848e+02
      vertex   -1.353750e+02 3.861073e+02 1.736848e+02
    endloop
  endfacet
  facet normal 0.000000e+00 0.000000e+00 -1.000000e+00
    outer loop
      vertex   -1.353750e+02 3.861073e+02 1.736848e+02
      vertex   -1.415862e+02 3.953934e+02 1.736848e+02
      vertex   -1.224111e+02 3.932242e+02 1.736848e+02
    endloop
  endfacet
  facet normal 0.000000e+00 0.000000e+00 -1.000000e+00
    outer loop
      vertex   -1.353750e+02 3.861073e+02 1.736848e+02
      vertex   -1.224111e+02 3.932242e+02 1.736848e+02
      vertex   -1.223770e+02 3.931147e+02 1.736848e+02
    endloop
  endfacet
  facet normal -0.000000e+00 0.000000e+00 -1.000000e+00
    outer loop
      vertex   -1.213307e+02 3.953934e+02 1.736848e+02
      vertex   -1.221998e+02 3.940816e+02 1.736848e+02
      vertex   -1.415862e+02 3.953934e+02 1.736848e+02
    endloop
  endfacet
  facet normal 0.000000e+00 0.000000e+00 -1.000000e+00
    outer loop
      vertex   -1.415862e+02 3.953934e+02 1.736848e+02
      vertex   -1.221998e+02 3.940816e+02 1.736848e+02
      vertex   -1.222706e+02 3.939913e+02 1.736848e+02
    endloop
  endfacet
  facet normal 0.000000e+00 0.000000e+00 -1.000000e+00
    outer loop
      vertex   -1.415862e+02 3.953934e+02 1.736848e+02
      vertex   -1.222706e+02 3.939913e+02 1.736848e+02
      vertex   -1.223299e+02 3.938931e+02 1.736848e+02
    endloop
  endfacet
  facet normal -0.000000e+00 0.000000e+00 -1.000000e+00
    outer loop
      vertex   -1.211784e+02 3.953867e+02 1.736848e+02
      vertex   -1.213742e+02 3.943947e+02 1.736848e+02
      vertex   -1.213307e+02 3.953934e+02 1.736848e+02
    endloop
  endfacet
  facet normal 0.000000e+00 0.000000e+00 -1.000000e+00
    outer loop
      vertex   -1.213307e+02 3.953934e+02 1.736848e+02
      vertex   -1.213742e+02 3.943947e+02 1.736848e+02
      vertex   -1.214887e+02 3.944016e+02 1.736848e+02
    endloop
  endfacet
  facet normal 0.000000e+00 0.000000e+00 -1.000000e+00
    outer loop
      vertex   -1.213307e+02 3.953934e+02 1.736848e+02
      vertex   -1.214887e+02 3.944016e+02 1.736848e+02
      vertex   -1.216032e+02 3.943947e+02 1.736848e+02
    endloop
  endfacet
  facet normal 0.000000e+00 -0.000000e+00 -1.000000e+00
    outer loop
      vertex   -1.211784e+02 3.953867e+02 1.736848e+02
      vertex   -1.210274e+02 3.953669e+02 1.736848e+02
      vertex   -1.213742e+02 3.943947e+02 1.736848e+02
    endloop
  endfacet
  facet normal 0.000000e+00 0.000000e+00 -1.000000e+00
    outer loop
      vertex   -1.213742e+02 3.943947e+02 1.736848e+02
      vertex   -1.210274e+02 3.953669e+02 1.736848e+02
      vertex   -1.208786e+02 3.953340e+02 1.736848e+02
    endloop
  endfacet
  facet normal 0.000000e+00 0.000000e+00 -1.000000e+00
    outer loop
      vertex   -1.213742e+02 3.943947e+02 1.736848e+02
      vertex   -1.208786e+02 3.953340e+02 1.736848e+02
      vertex   -1.207333e+02 3.952883e+02 1.736848e+02
    endloop
  endfacet
  facet normal 0.000000e+00 0.000000e+00 -1.000000e+00
    outer loop
      vertex   -1.213742e+02 3.943947e+02 1.736848e+02
      vertex   -1.207333e+02 3.952883e+02 1.736848e+02
      vertex   -1.212614e+02 3.943740e+02 1.736848e+02
    endloop
  endfacet
  facet normal 0.000000e+00 0.000000e+00 -1.000000e+00
    outer loop
      vertex   -1.212614e+02 3.943740e+02 1.736848e+02
      vertex   -1.207333e+02 3.952883e+02 1.736848e+02
      vertex   -1.205925e+02 3.952301e+02 1.736848e+02
    endloop
  endfacet
  facet normal 0.000000e+00 0.000000e+00 -1.000000e+00
    outer loop
      vertex   -1.212614e+02 3.943740e+02 1.736848e+02
      vertex   -1.205925e+02 3.952301e+02 1.736848e+02
      vertex   -1.204573e+02 3.951599e+02 1.736848e+02
    endloop
  endfacet
  facet normal 0.000000e+00 -0.000000e+00 -1.000000e+00
    outer loop
      vertex   -1.204573e+02 3.951599e+02 1.736848e+02
      vertex   -1.203287e+02 3.950781e+02 1.736848e+02
      vertex   -1.212614e+02 3.943740e+02 1.736848e+02
    endloop
  endfacet
  facet normal 0.000000e+00 0.000000e+00 -1.000000e+00
    outer loop
      vertex   -1.212614e+02 3.943740e+02 1.736848e+02
      vertex   -1.203287e+02 3.950781e+02 1.736848e+02
      vertex   -1.211519e+02 3.943399e+02 1.736848e+02
    endloop
  endfacet
  facet normal 0.000000e+00 0.000000e+00 -1.000000e+00
    outer loop
      vertex   -1.211519e+02 3.943399e+02 1.736848e+02
      vertex   -1.203287e+02 3.950781e+02 1.736848e+02
      vertex   -1.202077e+02 3.949856e+02 1.736848e+02
    endloop
  endfacet
  facet normal 0.000000e+00 0.000000e+00 -1.000000e+00
    outer loop
      vertex   -1.211519e+02 3.943399e+02 1.736848e+02
      vertex   -1.202077e+02 3.949856e+02 1.736848e+02
      vertex   -1.200952e+02 3.948828e+02 1.736848e+02
    endloop
  endfacet
  facet normal 0.000000e+00 0.000000e+00 -1.000000e+00
    outer loop
      vertex   -1.211519e+02 3.943399e+02 1.736848e+02
      vertex   -1.200952e+02 3.948828e+02 1.736848e+02
      vertex   -1.210472e+02 3.942928e+02 1.736848e+02
    endloop
  endfacet
  facet normal 0.000000e+00 0.000000e+00 -1.000000e+00
    outer loop
      vertex   -1.210472e+02 3.942928e+02 1.736848e+02
      vertex   -1.200952e+02 3.948828e+02 1.736848e+02
      vertex   -1.199921e+02 3.947706e+02 1.736848e+02
    endloop
  endfacet
  facet normal 0.000000e+00 0.000000e+00 -1.000000e+00
    outer loop
      vertex   -1.210472e+02 3.942928e+02 1.736848e+02
      vertex   -1.199921e+02 3.947706e+02 1.736848e+02
      vertex   -1.209491e+02 3.942334e+02 1.736848e+02
    endloop
  endfacet
  facet normal 0.000000e+00 0.000000e+00 -1.000000e+00
    outer loop
      vertex   -1.209491e+02 3.942334e+02 1.736848e+02
      vertex   -1.199921e+02 3.947706e+02 1.736848e+02
      vertex   -1.198991e+02 3.946499e+02 1.736848e+02
    endloop
  endfacet
  facet normal 0.000000e+00 0.000000e+00 -1.000000e+00
    outer loop
      vertex   -1.209491e+02 3.942334e+02 1.736848e+02
      vertex   -1.198991e+02 3.946499e+02 1.736848e+02
      vertex   -1.208588e+02 3.941627e+02 1.736848e+02
    endloop
  endfacet
  facet normal 0.000000e+00 0.000000e+00 -1.000000e+00
    outer loop
      vertex   -1.208588e+02 3.941627e+02 1.736848e+02
      vertex   -1.198991e+02 3.946499e+02 1.736848e+02
      vertex   -1.198170e+02 3.945216e+02 1.736848e+02
    endloop
  endfacet
  facet normal 0.000000e+00 0.000000e+00 -1.000000e+00
    outer loop
      vertex   -1.208588e+02 3.941627e+02 1.736848e+02
      vertex   -1.198170e+02 3.945216e+02 1.736848e+02
      vertex   -1.197463e+02 3.943866e+02 1.736848e+02
    endloop
  endfacet
  facet normal 0.000000e+00 0.000000e+00 -1.000000e+00
    outer loop
      vertex   -1.208588e+02 3.941627e+02 1.736848e+02
      vertex   -1.197463e+02 3.943866e+02 1.736848e+02
      vertex   -1.207776e+02 3.940816e+02 1.736848e+02
    endloop
  endfacet
  facet normal 0.000000e+00 0.000000e+00 -1.000000e+00
    outer loop
      vertex   -1.207776e+02 3.940816e+02 1.736848e+02
      vertex   -1.197463e+02 3.943866e+02 1.736848e+02
      vertex   -1.196877e+02 3.942460e+02 1.736848e+02
    endloop
  endfacet
  facet normal 0.000000e+00 0.000000e+00 -1.000000e+00
    outer loop
      vertex   -1.207776e+02 3.940816e+02 1.736848e+02
      vertex   -1.196877e+02 3.942460e+02 1.736848e+02
      vertex   -1.207069e+02 3.939913e+02 1.736848e+02
    endloop
  endfacet
  facet normal 0.000000e+00 0.000000e+00 -1.000000e+00
    outer loop
      vertex   -1.207069e+02 3.939913e+02 1.736848e+02
      vertex   -1.196877e+02 3.942460e+02 1.736848e+02
      vertex   -1.196415e+02 3.941008e+02 1.736848e+02
    endloop
  endfacet
  facet normal 0.000000e+00 0.000000e+00 -1.000000e+00
    outer loop
      vertex   -1.207069e+02 3.939913e+02 1.736848e+02
      vertex   -1.196415e+02 3.941008e+02 1.736848e+02
      vertex   -1.206475e+02 3.938931e+02 1.736848e+02
    endloop
  endfacet
  facet normal 0.000000e+00 0.000000e+00 -1.000000e+00
    outer loop
      vertex   -1.206475e+02 3.938931e+02 1.736848e+02
      vertex   -1.196415e+02 3.941008e+02 1.736848e+02
      vertex   -1.196081e+02 3.939522e+02 1.736848e+02
    endloop
  endfacet
  facet normal 0.000000e+00 0.000000e+00 -1.000000e+00
    outer loop
      vertex   -1.206475e+02 3.938931e+02 1.736848e+02
      vertex   -1.196081e+02 3.939522e+02 1.736848e+02
      vertex   -1.206005e+02 3.937885e+02 1.736848e+02
    endloop
  endfacet
  facet normal 0.000000e+00 0.000000e+00 -1.000000e+00
    outer loop
      vertex   -1.206005e+02 3.937885e+02 1.736848e+02
      vertex   -1.196081e+02 3.939522e+02 1.736848e+02
      vertex   -1.195878e+02 3.938012e+02 1.736848e+02
    endloop
  endfacet
  facet normal 0.000000e+00 0.000000e+00 -1.000000e+00
    outer loop
      vertex   -1.206005e+02 3.937885e+02 1.736848e+02
      vertex   -1.195878e+02 3.938012e+02 1.736848e+02
      vertex   -1.205663e+02 3.936789e+02 1.736848e+02
    endloop
  endfacet
  facet normal 0.000000e+00 0.000000e+00 -1.000000e+00
    outer loop
      vertex   -1.205663e+02 3.936789e+02 1.736848e+02
      vertex   -1.195878e+02 3.938012e+02 1.736848e+02
      vertex   -1.195807e+02 3.936490e+02 1.736848e+02
    endloop
  endfacet
  facet normal 0.000000e+00 0.000000e+00 -1.000000e+00
    outer loop
      vertex   -1.205663e+02 3.936789e+02 1.736848e+02
      vertex   -1.195807e+02 3.936490e+02 1.736848e+02
      vertex   -1.205457e+02 3.935661e+02 1.736848e+02
    endloop
  endfacet
  facet normal 0.000000e+00 0.000000e+00 -1.000000e+00
    outer loop
      vertex   -1.205457e+02 3.935661e+02 1.736848e+02
      vertex   -1.195807e+02 3.936490e+02 1.736848e+02
      vertex   -1.205387e+02 3.934516e+02 1.736848e+02
    endloop
  endfacet
  facet normal 0.000000e+00 -0.000000e+00 -1.000000e+00
    outer loop
      vertex   -1.205387e+02 3.934516e+02 1.736848e+02
      vertex   -1.195807e+02 3.936490e+02 1.736848e+02
      vertex   -1.205457e+02 3.933371e+02 1.736848e+02
    endloop
  endfacet
  facet normal 0.000000e+00 -0.000000e+00 -1.000000e+00
    outer loop
      vertex   -1.205457e+02 3.933371e+02 1.736848e+02
      vertex   -1.195807e+02 3.936490e+02 1.736848e+02
      vertex   -1.205663e+02 3.932242e+02 1.736848e+02
    endloop
  endfacet
  facet normal 0.000000e+00 -0.000000e+00 -1.000000e+00
    outer loop
      vertex   -1.205663e+02 3.932242e+02 1.736848e+02
      vertex   -1.195807e+02 3.936490e+02 1.736848e+02
      vertex   -1.206005e+02 3.931147e+02 1.736848e+02
    endloop
  endfacet
  facet normal 0.000000e+00 0.000000e+00 -1.000000e+00
    outer loop
      vertex   -1.206005e+02 3.931147e+02 1.736848e+02
      vertex   -1.195807e+02 3.936490e+02 1.736848e+02
      vertex   -1.195759e+02 3.921566e+02 1.736848e+02
    endloop
  endfacet
  facet normal 0.000000e+00 -0.000000e+00 -1.000000e+00
    outer loop
      vertex   -1.206005e+02 3.931147e+02 1.736848e+02
      vertex   -1.195759e+02 3.921566e+02 1.736848e+02
      vertex   -1.206475e+02 3.930101e+02 1.736848e+02
    endloop
  endfacet
  facet normal 0.000000e+00 -0.000000e+00 -1.000000e+00
    outer loop
      vertex   -1.206475e+02 3.930101e+02 1.736848e+02
      vertex   -1.195759e+02 3.921566e+02 1.736848e+02
      vertex   -1.207069e+02 3.929119e+02 1.736848e+02
    endloop
  endfacet
  facet normal 0.000000e+00 -0.000000e+00 -1.000000e+00
    outer loop
      vertex   -1.207069e+02 3.929119e+02 1.736848e+02
      vertex   -1.195759e+02 3.921566e+02 1.736848e+02
      vertex   -1.207776e+02 3.928216e+02 1.736848e+02
    endloop
  endfacet
  facet normal 0.000000e+00 -0.000000e+00 -1.000000e+00
    outer loop
      vertex   -1.207776e+02 3.928216e+02 1.736848e+02
      vertex   -1.195759e+02 3.921566e+02 1.736848e+02
      vertex   -1.208588e+02 3.927405e+02 1.736848e+02
    endloop
  endfacet
  facet normal 0.000000e+00 -0.000000e+00 -1.000000e+00
    outer loop
      vertex   -1.208588e+02 3.927405e+02 1.736848e+02
      vertex   -1.195759e+02 3.921566e+02 1.736848e+02
      vertex   -1.209491e+02 3.926698e+02 1.736848e+02
    endloop
  endfacet
  facet normal 0.000000e+00 -0.000000e+00 -1.000000e+00
    outer loop
      vertex   -1.209491e+02 3.926698e+02 1.736848e+02
      vertex   -1.195759e+02 3.921566e+02 1.736848e+02
      vertex   -1.210472e+02 3.926104e+02 1.736848e+02
    endloop
  endfacet
  facet normal 0.000000e+00 -0.000000e+00 -1.000000e+00
    outer loop
      vertex   -1.210472e+02 3.926104e+02 1.736848e+02
      vertex   -1.195759e+02 3.921566e+02 1.736848e+02
      vertex   -1.211519e+02 3.925633e+02 1.736848e+02
    endloop
  endfacet
  facet normal 0.000000e+00 -0.000000e+00 -1.000000e+00
    outer loop
      vertex   -1.211519e+02 3.925633e+02 1.736848e+02
      vertex   -1.195759e+02 3.921566e+02 1.736848e+02
      vertex   -1.212614e+02 3.925292e+02 1.736848e+02
    endloop
  endfacet
  facet normal 0.000000e+00 -0.000000e+00 -1.000000e+00
    outer loop
      vertex   -1.212614e+02 3.925292e+02 1.736848e+02
      vertex   -1.195759e+02 3.921566e+02 1.736848e+02
      vertex   -1.213742e+02 3.925085e+02 1.736848e+02
    endloop
  endfacet
  facet normal 0.000000e+00 -0.000000e+00 -1.000000e+00
    outer loop
      vertex   -1.213742e+02 3.925085e+02 1.736848e+02
      vertex   -1.195759e+02 3.921566e+02 1.736848e+02
      vertex   -1.214887e+02 3.925016e+02 1.736848e+02
    endloop
  endfacet
  facet normal 0.000000e+00 0.000000e+00 -1.000000e+00
    outer loop
      vertex   -1.214887e+02 3.925016e+02 1.736848e+02
      vertex   -1.195759e+02 3.921566e+02 1.736848e+02
      vertex   -1.203251e+02 3.886601e+02 1.736848e+02
    endloop
  endfacet
  facet normal -0.000000e+00 -0.000000e+00 -1.000000e+00
    outer loop
      vertex   -1.214887e+02 3.925016e+02 1.736848e+02
      vertex   -1.203251e+02 3.886601e+02 1.736848e+02
      vertex   -1.216032e+02 3.925085e+02 1.736848e+02
    endloop
  endfacet
  facet normal -0.000000e+00 -0.000000e+00 -1.000000e+00
    outer loop
      vertex   -1.216032e+02 3.925085e+02 1.736848e+02
      vertex   -1.203251e+02 3.886601e+02 1.736848e+02
      vertex   -1.217161e+02 3.925292e+02 1.736848e+02
    endloop
  endfacet
  facet normal -0.000000e+00 -0.000000e+00 -1.000000e+00
    outer loop
      vertex   -1.217161e+02 3.925292e+02 1.736848e+02
      vertex   -1.203251e+02 3.886601e+02 1.736848e+02
      vertex   -1.218256e+02 3.925633e+02 1.736848e+02
    endloop
  endfacet
  facet normal -0.000000e+00 -0.000000e+00 -1.000000e+00
    outer loop
      vertex   -1.218256e+02 3.925633e+02 1.736848e+02
      vertex   -1.203251e+02 3.886601e+02 1.736848e+02
      vertex   -1.219302e+02 3.926104e+02 1.736848e+02
    endloop
  endfacet
  facet normal -0.000000e+00 -0.000000e+00 -1.000000e+00
    outer loop
      vertex   -1.219302e+02 3.926104e+02 1.736848e+02
      vertex   -1.203251e+02 3.886601e+02 1.736848e+02
      vertex   -1.220284e+02 3.926698e+02 1.736848e+02
    endloop
  endfacet
  facet normal -0.000000e+00 -0.000000e+00 -1.000000e+00
    outer loop
      vertex   -1.220284e+02 3.926698e+02 1.736848e+02
      vertex   -1.203251e+02 3.886601e+02 1.736848e+02
      vertex   -1.221187e+02 3.927405e+02 1.736848e+02
    endloop
  endfacet
  facet normal 0.000000e+00 -0.000000e+00 -1.000000e+00
    outer loop
      vertex   -1.221187e+02 3.927405e+02 1.736848e+02
      vertex   -1.203251e+02 3.886601e+02 1.736848e+02
      vertex   -1.348251e+02 3.858757e+02 1.736848e+02
    endloop
  endfacet
  facet normal 0.000000e+00 0.000000e+00 -1.000000e+00
    outer loop
      vertex   -1.221187e+02 3.927405e+02 1.736848e+02
      vertex   -1.348251e+02 3.858757e+02 1.736848e+02
      vertex   -1.349538e+02 3.859527e+02 1.736848e+02
    endloop
  endfacet
  facet normal -2.123046e-15 4.549136e-16 -1.000000e+00
    outer loop
      vertex   -1.210743e+02 3.851636e+02 1.736848e+02
      vertex   -1.343983e+02 3.854588e+02 1.736848e+02
      vertex   -1.203251e+02 3.886601e+02 1.736848e+02
    endloop
  endfacet
  facet normal 4.458131e-14 -2.048578e-13 -1.000000e+00
    outer loop
      vertex   -1.203251e+02 3.886601e+02 1.736848e+02
      vertex   -1.343983e+02 3.854588e+02 1.736848e+02
      vertex   -1.344898e+02 3.855776e+02 1.736848e+02
    endloop
  endfacet
  facet normal 0.000000e+00 0.000000e+00 -1.000000e+00
    outer loop
      vertex   -1.203251e+02 3.886601e+02 1.736848e+02
      vertex   -1.344898e+02 3.855776e+02 1.736848e+02
      vertex   -1.345921e+02 3.856873e+02 1.736848e+02
    endloop
  endfacet
  facet normal -1.441566e-16 -1.065016e-13 -1.000000e+00
    outer loop
      vertex   -1.211354e+02 3.848968e+02 1.736848e+02
      vertex   -1.341539e+02 3.849144e+02 1.736848e+02
      vertex   -1.210743e+02 3.851636e+02 1.736848e+02
    endloop
  endfacet
  facet normal -2.161083e-15 -6.245575e-16 -1.000000e+00
    outer loop
      vertex   -1.210743e+02 3.851636e+02 1.736848e+02
      vertex   -1.341539e+02 3.849144e+02 1.736848e+02
      vertex   -1.341956e+02 3.850585e+02 1.736848e+02
    endloop
  endfacet
  facet normal -2.159276e-15 -8.502366e-16 -1.000000e+00
    outer loop
      vertex   -1.210743e+02 3.851636e+02 1.736848e+02
      vertex   -1.341956e+02 3.850585e+02 1.736848e+02
      vertex   -1.342505e+02 3.851981e+02 1.736848e+02
    endloop
  endfacet
  facet normal -0.000000e+00 0.000000e+00 -1.000000e+00
    outer loop
      vertex   -1.211354e+02 3.848968e+02 1.736848e+02
      vertex   -1.212031e+02 3.846355e+02 1.736848e+02
      vertex   -1.341539e+02 3.849144e+02 1.736848e+02
    endloop
  endfacet
  facet normal 0.000000e+00 0.000000e+00 -1.000000e+00
    outer loop
      vertex   -1.341539e+02 3.849144e+02 1.736848e+02
      vertex   -1.212031e+02 3.846355e+02 1.736848e+02
      vertex   -1.341259e+02 3.847671e+02 1.736848e+02
    endloop
  endfacet
  facet normal 1.127775e-15 1.107820e-13 -1.000000e+00
    outer loop
      vertex   -1.341259e+02 3.847671e+02 1.736848e+02
      vertex   -1.212031e+02 3.846355e+02 1.736848e+02
      vertex   -1.212775e+02 3.843797e+02 1.736848e+02
    endloop
  endfacet
  facet normal -2.128232e-15 2.781275e-15 -1.000000e+00
    outer loop
      vertex   -1.341259e+02 3.847671e+02 1.736848e+02
      vertex   -1.212775e+02 3.843797e+02 1.736848e+02
      vertex   -1.251445e+02 3.814208e+02 1.736848e+02
    endloop
  endfacet
  facet normal 0.000000e+00 0.000000e+00 -1.000000e+00
    outer loop
      vertex   -1.251445e+02 3.814208e+02 1.736848e+02
      vertex   -1.212775e+02 3.843797e+02 1.736848e+02
      vertex   -1.213586e+02 3.841294e+02 1.736848e+02
    endloop
  endfacet
  facet normal 0.000000e+00 0.000000e+00 -1.000000e+00
    outer loop
      vertex   -1.251445e+02 3.814208e+02 1.736848e+02
      vertex   -1.213586e+02 3.841294e+02 1.736848e+02
      vertex   -1.214116e+02 3.839835e+02 1.736848e+02
    endloop
  endfacet
  facet normal 0.000000e+00 0.000000e+00 -1.000000e+00
    outer loop
      vertex   -1.214116e+02 3.839835e+02 1.736848e+02
      vertex   -1.214704e+02 3.838397e+02 1.736848e+02
      vertex   -1.251445e+02 3.814208e+02 1.736848e+02
    endloop
  endfacet
  facet normal 0.000000e+00 0.000000e+00 -1.000000e+00
    outer loop
      vertex   -1.251445e+02 3.814208e+02 1.736848e+02
      vertex   -1.214704e+02 3.838397e+02 1.736848e+02
      vertex   -1.215347e+02 3.836984e+02 1.736848e+02
    endloop
  endfacet
  facet normal 0.000000e+00 0.000000e+00 -1.000000e+00
    outer loop
      vertex   -1.251445e+02 3.814208e+02 1.736848e+02
      vertex   -1.215347e+02 3.836984e+02 1.736848e+02
      vertex   -1.216044e+02 3.835596e+02 1.736848e+02
    endloop
  endfacet
  facet normal 0.000000e+00 0.000000e+00 -1.000000e+00
    outer loop
      vertex   -1.216044e+02 3.835596e+02 1.736848e+02
      vertex   -1.216794e+02 3.834235e+02 1.736848e+02
      vertex   -1.251445e+02 3.814208e+02 1.736848e+02
    endloop
  endfacet
  facet normal 0.000000e+00 0.000000e+00 -1.000000e+00
    outer loop
      vertex   -1.251445e+02 3.814208e+02 1.736848e+02
      vertex   -1.216794e+02 3.834235e+02 1.736848e+02
      vertex   -1.217596e+02 3.832905e+02 1.736848e+02
    endloop
  endfacet
  facet normal 0.000000e+00 0.000000e+00 -1.000000e+00
    outer loop
      vertex   -1.251445e+02 3.814208e+02 1.736848e+02
      vertex   -1.217596e+02 3.832905e+02 1.736848e+02
      vertex   -1.218449e+02 3.831606e+02 1.736848e+02
    endloop
  endfacet
  facet normal 0.000000e+00 0.000000e+00 -1.000000e+00
    outer loop
      vertex   -1.218449e+02 3.831606e+02 1.736848e+02
      vertex   -1.219350e+02 3.830342e+02 1.736848e+02
      vertex   -1.251445e+02 3.814208e+02 1.736848e+02
    endloop
  endfacet
  facet normal 0.000000e+00 0.000000e+00 -1.000000e+00
    outer loop
      vertex   -1.251445e+02 3.814208e+02 1.736848e+02
      vertex   -1.219350e+02 3.830342e+02 1.736848e+02
      vertex   -1.220300e+02 3.829113e+02 1.736848e+02
    endloop
  endfacet
  facet normal 0.000000e+00 0.000000e+00 -1.000000e+00
    outer loop
      vertex   -1.251445e+02 3.814208e+02 1.736848e+02
      vertex   -1.220300e+02 3.829113e+02 1.736848e+02
      vertex   -1.221296e+02 3.827922e+02 1.736848e+02
    endloop
  endfacet
  facet normal 0.000000e+00 0.000000e+00 -1.000000e+00
    outer loop
      vertex   -1.221296e+02 3.827922e+02 1.736848e+02
      vertex   -1.222337e+02 3.826771e+02 1.736848e+02
      vertex   -1.251445e+02 3.814208e+02 1.736848e+02
    endloop
  endfacet
  facet normal 0.000000e+00 0.000000e+00 -1.000000e+00
    outer loop
      vertex   -1.251445e+02 3.814208e+02 1.736848e+02
      vertex   -1.222337e+02 3.826771e+02 1.736848e+02
      vertex   -1.223422e+02 3.825662e+02 1.736848e+02
    endloop
  endfacet
  facet normal -1.922811e-13 4.704161e-13 -1.000000e+00
    outer loop
      vertex   -1.251445e+02 3.814208e+02 1.736848e+02
      vertex   -1.223422e+02 3.825662e+02 1.736848e+02
      vertex   -1.224550e+02 3.824597e+02 1.736848e+02
    endloop
  endfacet
  facet normal 1.744567e-13 -4.789875e-13 -1.000000e+00
    outer loop
      vertex   -1.224550e+02 3.824597e+02 1.736848e+02
      vertex   -1.225718e+02 3.823577e+02 1.736848e+02
      vertex   -1.251445e+02 3.814208e+02 1.736848e+02
    endloop
  endfacet
  facet normal -1.948324e-13 5.349309e-13 -1.000000e+00
    outer loop
      vertex   -1.251445e+02 3.814208e+02 1.736848e+02
      vertex   -1.225718e+02 3.823577e+02 1.736848e+02
      vertex   -1.226927e+02 3.822606e+02 1.736848e+02
    endloop
  endfacet
  facet normal 1.746765e-13 -5.437731e-13 -1.000000e+00
    outer loop
      vertex   -1.251445e+02 3.814208e+02 1.736848e+02
      vertex   -1.226927e+02 3.822606e+02 1.736848e+02
      vertex   -1.228173e+02 3.821683e+02 1.736848e+02
    endloop
  endfacet
  facet normal 0.000000e+00 0.000000e+00 -1.000000e+00
    outer loop
      vertex   -1.228173e+02 3.821683e+02 1.736848e+02
      vertex   -1.229454e+02 3.820810e+02 1.736848e+02
      vertex   -1.251445e+02 3.814208e+02 1.736848e+02
    endloop
  endfacet
  facet normal 0.000000e+00 0.000000e+00 -1.000000e+00
    outer loop
      vertex   -1.251445e+02 3.814208e+02 1.736848e+02
      vertex   -1.229454e+02 3.820810e+02 1.736848e+02
      vertex   -1.230769e+02 3.819986e+02 1.736848e+02
    endloop
  endfacet
  facet normal 0.000000e+00 0.000000e+00 -1.000000e+00
    outer loop
      vertex   -1.251445e+02 3.814208e+02 1.736848e+02
      vertex   -1.230769e+02 3.819986e+02 1.736848e+02
      vertex   -1.232114e+02 3.819214e+02 1.736848e+02
    endloop
  endfacet
  facet normal -2.020366e-13 7.800721e-13 -1.000000e+00
    outer loop
      vertex   -1.232114e+02 3.819214e+02 1.736848e+02
      vertex   -1.233489e+02 3.818494e+02 1.736848e+02
      vertex   -1.251445e+02 3.814208e+02 1.736848e+02
    endloop
  endfacet
  facet normal 1.719558e-13 -7.866762e-13 -1.000000e+00
    outer loop
      vertex   -1.251445e+02 3.814208e+02 1.736848e+02
      vertex   -1.233489e+02 3.818494e+02 1.736848e+02
      vertex   -1.234890e+02 3.817826e+02 1.736848e+02
    endloop
  endfacet
  facet normal 0.000000e+00 0.000000e+00 -1.000000e+00
    outer loop
      vertex   -1.251445e+02 3.814208e+02 1.736848e+02
      vertex   -1.234890e+02 3.817826e+02 1.736848e+02
      vertex   -1.236315e+02 3.817212e+02 1.736848e+02
    endloop
  endfacet
  facet normal 0.000000e+00 0.000000e+00 -1.000000e+00
    outer loop
      vertex   -1.236315e+02 3.817212e+02 1.736848e+02
      vertex   -1.237763e+02 3.816653e+02 1.736848e+02
      vertex   -1.251445e+02 3.814208e+02 1.736848e+02
    endloop
  endfacet
  facet normal 0.000000e+00 0.000000e+00 -1.000000e+00
    outer loop
      vertex   -1.251445e+02 3.814208e+02 1.736848e+02
      vertex   -1.237763e+02 3.816653e+02 1.736848e+02
      vertex   -1.239232e+02 3.816149e+02 1.736848e+02
    endloop
  endfacet
  facet normal -2.132562e-13 1.341801e-12 -1.000000e+00
    outer loop
      vertex   -1.251445e+02 3.814208e+02 1.736848e+02
      vertex   -1.239232e+02 3.816149e+02 1.736848e+02
      vertex   -1.240718e+02 3.815701e+02 1.736848e+02
    endloop
  endfacet
  facet normal -5.693936e-14 2.187239e-13 -1.000000e+00
    outer loop
      vertex   -1.240718e+02 3.815701e+02 1.736848e+02
      vertex   -1.242220e+02 3.815310e+02 1.736848e+02
      vertex   -1.251445e+02 3.814208e+02 1.736848e+02
    endloop
  endfacet
  facet normal 1.557158e-13 -1.561404e-12 -1.000000e+00
    outer loop
      vertex   -1.251445e+02 3.814208e+02 1.736848e+02
      vertex   -1.242220e+02 3.815310e+02 1.736848e+02
      vertex   -1.243736e+02 3.814976e+02 1.736848e+02
    endloop
  endfacet
  facet normal 0.000000e+00 0.000000e+00 -1.000000e+00
    outer loop
      vertex   -1.251445e+02 3.814208e+02 1.736848e+02
      vertex   -1.243736e+02 3.814976e+02 1.736848e+02
      vertex   -1.245263e+02 3.814702e+02 1.736848e+02
    endloop
  endfacet
  facet normal 0.000000e+00 0.000000e+00 -1.000000e+00
    outer loop
      vertex   -1.245263e+02 3.814702e+02 1.736848e+02
      vertex   -1.246800e+02 3.814487e+02 1.736848e+02
      vertex   -1.251445e+02 3.814208e+02 1.736848e+02
    endloop
  endfacet
  facet normal 0.000000e+00 0.000000e+00 -1.000000e+00
    outer loop
      vertex   -1.251445e+02 3.814208e+02 1.736848e+02
      vertex   -1.246800e+02 3.814487e+02 1.736848e+02
      vertex   -1.248344e+02 3.814332e+02 1.736848e+02
    endloop
  endfacet
  facet normal 0.000000e+00 0.000000e+00 -1.000000e+00
    outer loop
      vertex   -1.251445e+02 3.814208e+02 1.736848e+02
      vertex   -1.248344e+02 3.814332e+02 1.736848e+02
      vertex   -1.249893e+02 3.814239e+02 1.736848e+02
    endloop
  endfacet
  facet normal 0.000000e+00 0.000000e+00 -1.000000e+00
    outer loop
      vertex   -1.350531e+02 3.814208e+02 1.736848e+02
      vertex   -1.344898e+02 3.835079e+02 1.736848e+02
      vertex   -1.251445e+02 3.814208e+02 1.736848e+02
    endloop
  endfacet
  facet normal 4.558010e-14 2.040883e-13 -1.000000e+00
    outer loop
      vertex   -1.251445e+02 3.814208e+02 1.736848e+02
      vertex   -1.344898e+02 3.835079e+02 1.736848e+02
      vertex   -1.343983e+02 3.836267e+02 1.736848e+02
    endloop
  endfacet
  facet normal -2.669931e-15 1.683872e-15 -1.000000e+00
    outer loop
      vertex   -1.251445e+02 3.814208e+02 1.736848e+02
      vertex   -1.343983e+02 3.836267e+02 1.736848e+02
      vertex   -1.343183e+02 3.837536e+02 1.736848e+02
    endloop
  endfacet
  facet normal -0.000000e+00 0.000000e+00 -1.000000e+00
    outer loop
      vertex   -1.216032e+02 3.943947e+02 1.736848e+02
      vertex   -1.217161e+02 3.943740e+02 1.736848e+02
      vertex   -1.213307e+02 3.953934e+02 1.736848e+02
    endloop
  endfacet
  facet normal 0.000000e+00 0.000000e+00 -1.000000e+00
    outer loop
      vertex   -1.213307e+02 3.953934e+02 1.736848e+02
      vertex   -1.217161e+02 3.943740e+02 1.736848e+02
      vertex   -1.218256e+02 3.943399e+02 1.736848e+02
    endloop
  endfacet
  facet normal 0.000000e+00 0.000000e+00 -1.000000e+00
    outer loop
      vertex   -1.213307e+02 3.953934e+02 1.736848e+02
      vertex   -1.218256e+02 3.943399e+02 1.736848e+02
      vertex   -1.219302e+02 3.942928e+02 1.736848e+02
    endloop
  endfacet
  facet normal -0.000000e+00 0.000000e+00 -1.000000e+00
    outer loop
      vertex   -1.219302e+02 3.942928e+02 1.736848e+02
      vertex   -1.220284e+02 3.942334e+02 1.736848e+02
      vertex   -1.213307e+02 3.953934e+02 1.736848e+02
    endloop
  endfacet
  facet normal 0.000000e+00 0.000000e+00 -1.000000e+00
    outer loop
      vertex   -1.213307e+02 3.953934e+02 1.736848e+02
      vertex   -1.220284e+02 3.942334e+02 1.736848e+02
      vertex   -1.221187e+02 3.941627e+02 1.736848e+02
    endloop
  endfacet
  facet normal 0.000000e+00 0.000000e+00 -1.000000e+00
    outer loop
      vertex   -1.213307e+02 3.953934e+02 1.736848e+02
      vertex   -1.221187e+02 3.941627e+02 1.736848e+02
      vertex   -1.221998e+02 3.940816e+02 1.736848e+02
    endloop
  endfacet
  facet normal -0.000000e+00 0.000000e+00 -1.000000e+00
    outer loop
      vertex   -1.223299e+02 3.938931e+02 1.736848e+02
      vertex   -1.223770e+02 3.937885e+02 1.736848e+02
      vertex   -1.415862e+02 3.953934e+02 1.736848e+02
    endloop
  endfacet
  facet normal 0.000000e+00 0.000000e+00 -1.000000e+00
    outer loop
      vertex   -1.415862e+02 3.953934e+02 1.736848e+02
      vertex   -1.223770e+02 3.937885e+02 1.736848e+02
      vertex   -1.224111e+02 3.936789e+02 1.736848e+02
    endloop
  endfacet
  facet normal 0.000000e+00 0.000000e+00 -1.000000e+00
    outer loop
      vertex   -1.415862e+02 3.953934e+02 1.736848e+02
      vertex   -1.224111e+02 3.936789e+02 1.736848e+02
      vertex   -1.224318e+02 3.935661e+02 1.736848e+02
    endloop
  endfacet
  facet normal -0.000000e+00 0.000000e+00 -1.000000e+00
    outer loop
      vertex   -1.224318e+02 3.935661e+02 1.736848e+02
      vertex   -1.224387e+02 3.934516e+02 1.736848e+02
      vertex   -1.415862e+02 3.953934e+02 1.736848e+02
    endloop
  endfacet
  facet normal 0.000000e+00 0.000000e+00 -1.000000e+00
    outer loop
      vertex   -1.415862e+02 3.953934e+02 1.736848e+02
      vertex   -1.224387e+02 3.934516e+02 1.736848e+02
      vertex   -1.224318e+02 3.933371e+02 1.736848e+02
    endloop
  endfacet
  facet normal 0.000000e+00 0.000000e+00 -1.000000e+00
    outer loop
      vertex   -1.415862e+02 3.953934e+02 1.736848e+02
      vertex   -1.224318e+02 3.933371e+02 1.736848e+02
      vertex   -1.224111e+02 3.932242e+02 1.736848e+02
    endloop
  endfacet
  facet normal 0.000000e+00 0.000000e+00 -1.000000e+00
    outer loop
      vertex   -1.353750e+02 3.861073e+02 1.736848e+02
      vertex   -1.223770e+02 3.931147e+02 1.736848e+02
      vertex   -1.352300e+02 3.860690e+02 1.736848e+02
    endloop
  endfacet
  facet normal 0.000000e+00 0.000000e+00 -1.000000e+00
    outer loop
      vertex   -1.352300e+02 3.860690e+02 1.736848e+02
      vertex   -1.223770e+02 3.931147e+02 1.736848e+02
      vertex   -1.223299e+02 3.930101e+02 1.736848e+02
    endloop
  endfacet
  facet normal 0.000000e+00 0.000000e+00 -1.000000e+00
    outer loop
      vertex   -1.352300e+02 3.860690e+02 1.736848e+02
      vertex   -1.223299e+02 3.930101e+02 1.736848e+02
      vertex   -1.350892e+02 3.860173e+02 1.736848e+02
    endloop
  endfacet
  facet normal 0.000000e+00 0.000000e+00 -1.000000e+00
    outer loop
      vertex   -1.350892e+02 3.860173e+02 1.736848e+02
      vertex   -1.223299e+02 3.930101e+02 1.736848e+02
      vertex   -1.222706e+02 3.929119e+02 1.736848e+02
    endloop
  endfacet
  facet normal 0.000000e+00 0.000000e+00 -1.000000e+00
    outer loop
      vertex   -1.350892e+02 3.860173e+02 1.736848e+02
      vertex   -1.222706e+02 3.929119e+02 1.736848e+02
      vertex   -1.221998e+02 3.928216e+02 1.736848e+02
    endloop
  endfacet
  facet normal 0.000000e+00 0.000000e+00 -1.000000e+00
    outer loop
      vertex   -1.350892e+02 3.860173e+02 1.736848e+02
      vertex   -1.221998e+02 3.928216e+02 1.736848e+02
      vertex   -1.349538e+02 3.859527e+02 1.736848e+02
    endloop
  endfacet
  facet normal 0.000000e+00 0.000000e+00 -1.000000e+00
    outer loop
      vertex   -1.349538e+02 3.859527e+02 1.736848e+02
      vertex   -1.221998e+02 3.928216e+02 1.736848e+02
      vertex   -1.221187e+02 3.927405e+02 1.736848e+02
    endloop
  endfacet
  facet normal 0.000000e+00 0.000000e+00 -1.000000e+00
    outer loop
      vertex   -1.350892e+02 3.830681e+02 1.736848e+02
      vertex   -1.349538e+02 3.831328e+02 1.736848e+02
      vertex   -1.350531e+02 3.814208e+02 1.736848e+02
    endloop
  endfacet
  facet normal 0.000000e+00 0.000000e+00 -1.000000e+00
    outer loop
      vertex   -1.350531e+02 3.814208e+02 1.736848e+02
      vertex   -1.349538e+02 3.831328e+02 1.736848e+02
      vertex   -1.348251e+02 3.832098e+02 1.736848e+02
    endloop
  endfacet
  facet normal 0.000000e+00 0.000000e+00 -1.000000e+00
    outer loop
      vertex   -1.350531e+02 3.814208e+02 1.736848e+02
      vertex   -1.348251e+02 3.832098e+02 1.736848e+02
      vertex   -1.347042e+02 3.832985e+02 1.736848e+02
    endloop
  endfacet
  facet normal 0.000000e+00 -0.000000e+00 -1.000000e+00
    outer loop
      vertex   -1.347042e+02 3.832985e+02 1.736848e+02
      vertex   -1.345921e+02 3.833982e+02 1.736848e+02
      vertex   -1.350531e+02 3.814208e+02 1.736848e+02
    endloop
  endfacet
  facet normal 0.000000e+00 0.000000e+00 -1.000000e+00
    outer loop
      vertex   -1.350531e+02 3.814208e+02 1.736848e+02
      vertex   -1.345921e+02 3.833982e+02 1.736848e+02
      vertex   -1.344898e+02 3.835079e+02 1.736848e+02
    endloop
  endfacet
  facet normal -2.744575e-15 1.390335e-15 -1.000000e+00
    outer loop
      vertex   -1.343183e+02 3.837536e+02 1.736848e+02
      vertex   -1.342505e+02 3.838874e+02 1.736848e+02
      vertex   -1.251445e+02 3.814208e+02 1.736848e+02
    endloop
  endfacet
  facet normal -2.820364e-15 1.110547e-15 -1.000000e+00
    outer loop
      vertex   -1.251445e+02 3.814208e+02 1.736848e+02
      vertex   -1.342505e+02 3.838874e+02 1.736848e+02
      vertex   -1.341956e+02 3.840270e+02 1.736848e+02
    endloop
  endfacet
  facet normal -2.898903e-15 8.377889e-16 -1.000000e+00
    outer loop
      vertex   -1.251445e+02 3.814208e+02 1.736848e+02
      vertex   -1.341956e+02 3.840270e+02 1.736848e+02
      vertex   -1.341539e+02 3.841710e+02 1.736848e+02
    endloop
  endfacet
  facet normal -2.981893e-15 5.659289e-16 -1.000000e+00
    outer loop
      vertex   -1.341539e+02 3.841710e+02 1.736848e+02
      vertex   -1.341259e+02 3.843184e+02 1.736848e+02
      vertex   -1.251445e+02 3.814208e+02 1.736848e+02
    endloop
  endfacet
  facet normal -3.071280e-15 2.888685e-16 -1.000000e+00
    outer loop
      vertex   -1.251445e+02 3.814208e+02 1.736848e+02
      vertex   -1.341259e+02 3.843184e+02 1.736848e+02
      vertex   -1.341119e+02 3.844677e+02 1.736848e+02
    endloop
  endfacet
  facet normal -3.169432e-15 0.000000e+00 -1.000000e+00
    outer loop
      vertex   -1.251445e+02 3.814208e+02 1.736848e+02
      vertex   -1.341119e+02 3.844677e+02 1.736848e+02
      vertex   -1.341119e+02 3.846177e+02 1.736848e+02
    endloop
  endfacet
  facet normal -3.279395e-15 -3.084428e-16 -1.000000e+00
    outer loop
      vertex   -1.341119e+02 3.846177e+02 1.736848e+02
      vertex   -1.341259e+02 3.847671e+02 1.736848e+02
      vertex   -1.251445e+02 3.814208e+02 1.736848e+02
    endloop
  endfacet
  facet normal -2.159915e-15 -1.094161e-15 -1.000000e+00
    outer loop
      vertex   -1.342505e+02 3.851981e+02 1.736848e+02
      vertex   -1.343183e+02 3.853319e+02 1.736848e+02
      vertex   -1.210743e+02 3.851636e+02 1.736848e+02
    endloop
  endfacet
  facet normal -2.163348e-15 -1.364380e-15 -1.000000e+00
    outer loop
      vertex   -1.210743e+02 3.851636e+02 1.736848e+02
      vertex   -1.343183e+02 3.853319e+02 1.736848e+02
      vertex   -1.343983e+02 3.854588e+02 1.736848e+02
    endloop
  endfacet
  facet normal 0.000000e+00 0.000000e+00 -1.000000e+00
    outer loop
      vertex   -1.345921e+02 3.856873e+02 1.736848e+02
      vertex   -1.347042e+02 3.857870e+02 1.736848e+02
      vertex   -1.203251e+02 3.886601e+02 1.736848e+02
    endloop
  endfacet
  facet normal 0.000000e+00 0.000000e+00 -1.000000e+00
    outer loop
      vertex   -1.203251e+02 3.886601e+02 1.736848e+02
      vertex   -1.347042e+02 3.857870e+02 1.736848e+02
      vertex   -1.348251e+02 3.858757e+02 1.736848e+02
    endloop
  endfacet
  facet normal 2.017495e-02 -9.997965e-01 0.000000e+00
    outer loop
      vertex   -1.251445e+02 3.814208e+02 1.736848e+02
      vertex   -1.249893e+02 3.814239e+02 1.736848e+02
      vertex   -1.251445e+02 3.814208e+02 1.761848e+02
    endloop
  endfacet
  facet normal 2.017495e-02 -9.997965e-01 -2.293867e-16
    outer loop
      vertex   -1.251445e+02 3.814208e+02 1.761848e+02
      vertex   -1.249893e+02 3.814239e+02 1.736848e+02
      vertex   -1.249893e+02 3.814239e+02 1.761848e+02
    endloop
  endfacet
  facet normal 6.017674e-02 -9.981877e-01 -6.841303e-16
    outer loop
      vertex   -1.249893e+02 3.814239e+02 1.761848e+02
      vertex   -1.249893e+02 3.814239e+02 1.736848e+02
      vertex   -1.248344e+02 3.814332e+02 1.736848e+02
    endloop
  endfacet
  facet normal 6.017674e-02 -9.981877e-01 4.505041e-14
    outer loop
      vertex   -1.249893e+02 3.814239e+02 1.761848e+02
      vertex   -1.248344e+02 3.814332e+02 1.736848e+02
      vertex   -1.248344e+02 3.814332e+02 1.761848e+02
    endloop
  endfacet
  facet normal 9.963758e-02 -9.950238e-01 4.468207e-14
    outer loop
      vertex   -1.248344e+02 3.814332e+02 1.761848e+02
      vertex   -1.248344e+02 3.814332e+02 1.736848e+02
      vertex   -1.246800e+02 3.814487e+02 1.736848e+02
    endloop
  endfacet
  facet normal 9.963758e-02 -9.950238e-01 4.468219e-14
    outer loop
      vertex   -1.248344e+02 3.814332e+02 1.761848e+02
      vertex   -1.246800e+02 3.814487e+02 1.736848e+02
      vertex   -1.246800e+02 3.814487e+02 1.761848e+02
    endloop
  endfacet
  facet normal 1.385454e-01 -9.903561e-01 4.424864e-14
    outer loop
      vertex   -1.246800e+02 3.814487e+02 1.761848e+02
      vertex   -1.246800e+02 3.814487e+02 1.736848e+02
      vertex   -1.245263e+02 3.814702e+02 1.736848e+02
    endloop
  endfacet
  facet normal 1.385454e-01 -9.903561e-01 -7.881591e-16
    outer loop
      vertex   -1.246800e+02 3.814487e+02 1.761848e+02
      vertex   -1.245263e+02 3.814702e+02 1.736848e+02
      vertex   -1.245263e+02 3.814702e+02 1.761848e+02
    endloop
  endfacet
  facet normal 1.768954e-01 -9.842297e-01 -1.005534e-15
    outer loop
      vertex   -1.245263e+02 3.814702e+02 1.761848e+02
      vertex   -1.245263e+02 3.814702e+02 1.736848e+02
      vertex   -1.243736e+02 3.814976e+02 1.736848e+02
    endloop
  endfacet
  facet normal 1.768954e-01 -9.842297e-01 1.835754e-14
    outer loop
      vertex   -1.245263e+02 3.814702e+02 1.761848e+02
      vertex   -1.243736e+02 3.814976e+02 1.736848e+02
      vertex   -1.243736e+02 3.814976e+02 1.761848e+02
    endloop
  endfacet
  facet normal 2.146882e-01 -9.766826e-01 1.732575e-14
    outer loop
      vertex   -1.243736e+02 3.814976e+02 1.761848e+02
      vertex   -1.243736e+02 3.814976e+02 1.736848e+02
      vertex   -1.242220e+02 3.815310e+02 1.736848e+02
    endloop
  endfacet
  facet normal 2.146882e-01 -9.766826e-01 1.854552e-14
    outer loop
      vertex   -1.243736e+02 3.814976e+02 1.761848e+02
      vertex   -1.242220e+02 3.815310e+02 1.736848e+02
      vertex   -1.242220e+02 3.815310e+02 1.761848e+02
    endloop
  endfacet
  facet normal 2.519287e-01 -9.677458e-01 1.770785e-14
    outer loop
      vertex   -1.242220e+02 3.815310e+02 1.761848e+02
      vertex   -1.242220e+02 3.815310e+02 1.736848e+02
      vertex   -1.240718e+02 3.815701e+02 1.736848e+02
    endloop
  endfacet
  facet normal 2.519287e-01 -9.677458e-01 3.828064e-14
    outer loop
      vertex   -1.242220e+02 3.815310e+02 1.761848e+02
      vertex   -1.240718e+02 3.815701e+02 1.736848e+02
      vertex   -1.240718e+02 3.815701e+02 1.761848e+02
    endloop
  endfacet
  facet normal 2.886242e-01 -9.574425e-01 3.697689e-14
    outer loop
      vertex   -1.240718e+02 3.815701e+02 1.761848e+02
      vertex   -1.240718e+02 3.815701e+02 1.736848e+02
      vertex   -1.239232e+02 3.816149e+02 1.736848e+02
    endloop
  endfacet
  facet normal 2.886242e-01 -9.574425e-01 5.546512e-14
    outer loop
      vertex   -1.240718e+02 3.815701e+02 1.761848e+02
      vertex   -1.239232e+02 3.816149e+02 1.736848e+02
      vertex   -1.239232e+02 3.816149e+02 1.761848e+02
    endloop
  endfacet
  facet normal 3.247835e-01 -9.457884e-01 5.343713e-14
    outer loop
      vertex   -1.239232e+02 3.816149e+02 1.761848e+02
      vertex   -1.239232e+02 3.816149e+02 1.736848e+02
      vertex   -1.237763e+02 3.816653e+02 1.736848e+02
    endloop
  endfacet
  facet normal 3.247835e-01 -9.457884e-01 3.041799e-15
    outer loop
      vertex   -1.239232e+02 3.816149e+02 1.761848e+02
      vertex   -1.237763e+02 3.816653e+02 1.736848e+02
      vertex   -1.237763e+02 3.816653e+02 1.761848e+02
    endloop
  endfacet
  facet normal 3.604152e-01 -9.327920e-01 7.219992e-16
    outer loop
      vertex   -1.237763e+02 3.816653e+02 1.761848e+02
      vertex   -1.237763e+02 3.816653e+02 1.736848e+02
      vertex   -1.236315e+02 3.817212e+02 1.736848e+02
    endloop
  endfacet
  facet normal 3.604152e-01 -9.327920e-01 2.192996e-14
    outer loop
      vertex   -1.237763e+02 3.816653e+02 1.761848e+02
      vertex   -1.236315e+02 3.817212e+02 1.736848e+02
      vertex   -1.236315e+02 3.817212e+02 1.761848e+02
    endloop
  endfacet
  facet normal 3.955267e-01 -9.184545e-01 1.928338e-14
    outer loop
      vertex   -1.236315e+02 3.817212e+02 1.761848e+02
      vertex   -1.236315e+02 3.817212e+02 1.736848e+02
      vertex   -1.234890e+02 3.817826e+02 1.736848e+02
    endloop
  endfacet
  facet normal 3.955267e-01 -9.184545e-01 1.029080e-14
    outer loop
      vertex   -1.236315e+02 3.817212e+02 1.761848e+02
      vertex   -1.234890e+02 3.817826e+02 1.736848e+02
      vertex   -1.234890e+02 3.817826e+02 1.761848e+02
    endloop
  endfacet
  facet normal 4.301228e-01 -9.027704e-01 6.823733e-15
    outer loop
      vertex   -1.234890e+02 3.817826e+02 1.761848e+02
      vertex   -1.234890e+02 3.817826e+02 1.736848e+02
      vertex   -1.233489e+02 3.818494e+02 1.736848e+02
    endloop
  endfacet
  facet normal 4.301228e-01 -9.027704e-01 4.542949e-14
    outer loop
      vertex   -1.234890e+02 3.817826e+02 1.761848e+02
      vertex   -1.233489e+02 3.818494e+02 1.736848e+02
      vertex   -1.233489e+02 3.818494e+02 1.761848e+02
    endloop
  endfacet
  facet normal 4.642045e-01 -8.857280e-01 4.097604e-14
    outer loop
      vertex   -1.233489e+02 3.818494e+02 1.761848e+02
      vertex   -1.233489e+02 3.818494e+02 1.736848e+02
      vertex   -1.232114e+02 3.819214e+02 1.736848e+02
    endloop
  endfacet
  facet normal 4.642045e-01 -8.857280e-01 4.792391e-14
    outer loop
      vertex   -1.233489e+02 3.818494e+02 1.761848e+02
      vertex   -1.232114e+02 3.819214e+02 1.736848e+02
      vertex   -1.232114e+02 3.819214e+02 1.761848e+02
    endloop
  endfacet
  facet normal 4.977682e-01 -8.673101e-01 4.201205e-14
    outer loop
      vertex   -1.232114e+02 3.819214e+02 1.761848e+02
      vertex   -1.232114e+02 3.819214e+02 1.736848e+02
      vertex   -1.230769e+02 3.819986e+02 1.736848e+02
    endloop
  endfacet
  facet normal 4.977682e-01 -8.673101e-01 4.201205e-14
    outer loop
      vertex   -1.232114e+02 3.819214e+02 1.761848e+02
      vertex   -1.230769e+02 3.819986e+02 1.736848e+02
      vertex   -1.230769e+02 3.819986e+02 1.761848e+02
    endloop
  endfacet
  facet normal 5.308042e-01 -8.474945e-01 3.600353e-14
    outer loop
      vertex   -1.230769e+02 3.819986e+02 1.761848e+02
      vertex   -1.230769e+02 3.819986e+02 1.736848e+02
      vertex   -1.229454e+02 3.820810e+02 1.736848e+02
    endloop
  endfacet
  facet normal 5.308042e-01 -8.474945e-01 4.621738e-14
    outer loop
      vertex   -1.230769e+02 3.819986e+02 1.761848e+02
      vertex   -1.229454e+02 3.820810e+02 1.736848e+02
      vertex   -1.229454e+02 3.820810e+02 1.761848e+02
    endloop
  endfacet
  facet normal 5.632959e-01 -8.262552e-01 3.907598e-14
    outer loop
      vertex   -1.229454e+02 3.820810e+02 1.761848e+02
      vertex   -1.229454e+02 3.820810e+02 1.736848e+02
      vertex   -1.228173e+02 3.821683e+02 1.736848e+02
    endloop
  endfacet
  facet normal 5.632959e-01 -8.262552e-01 -1.130711e-14
    outer loop
      vertex   -1.229454e+02 3.820810e+02 1.761848e+02
      vertex   -1.228173e+02 3.821683e+02 1.736848e+02
      vertex   -1.228173e+02 3.821683e+02 1.761848e+02
    endloop
  endfacet
  facet normal 5.952190e-01 -8.035635e-01 -1.826890e-14
    outer loop
      vertex   -1.228173e+02 3.821683e+02 1.761848e+02
      vertex   -1.228173e+02 3.821683e+02 1.736848e+02
      vertex   -1.226927e+02 3.822606e+02 1.736848e+02
    endloop
  endfacet
  facet normal 5.952190e-01 -8.035635e-01 1.150550e-14
    outer loop
      vertex   -1.228173e+02 3.821683e+02 1.761848e+02
      vertex   -1.226927e+02 3.822606e+02 1.736848e+02
      vertex   -1.226927e+02 3.822606e+02 1.761848e+02
    endloop
  endfacet
  facet normal 6.265404e-01 -7.793890e-01 3.044896e-15
    outer loop
      vertex   -1.226927e+02 3.822606e+02 1.761848e+02
      vertex   -1.226927e+02 3.822606e+02 1.736848e+02
      vertex   -1.225718e+02 3.823577e+02 1.736848e+02
    endloop
  endfacet
  facet normal 6.265404e-01 -7.793890e-01 -2.188390e-14
    outer loop
      vertex   -1.226927e+02 3.822606e+02 1.761848e+02
      vertex   -1.225718e+02 3.823577e+02 1.736848e+02
      vertex   -1.225718e+02 3.823577e+02 1.761848e+02
    endloop
  endfacet
  facet normal 6.571745e-01 -7.537385e-01 -3.165359e-14
    outer loop
      vertex   -1.225718e+02 3.823577e+02 1.761848e+02
      vertex   -1.225718e+02 3.823577e+02 1.736848e+02
      vertex   -1.224550e+02 3.824597e+02 1.736848e+02
    endloop
  endfacet
  facet normal 6.571745e-01 -7.537385e-01 -5.999676e-14
    outer loop
      vertex   -1.225718e+02 3.823577e+02 1.761848e+02
      vertex   -1.224550e+02 3.824597e+02 1.736848e+02
      vertex   -1.224550e+02 3.824597e+02 1.761848e+02
    endloop
  endfacet
  facet normal 6.866711e-01 -7.269683e-01 -6.958093e-14
    outer loop
      vertex   -1.224550e+02 3.824597e+02 1.761848e+02
      vertex   -1.224550e+02 3.824597e+02 1.736848e+02
      vertex   -1.223422e+02 3.825662e+02 1.736848e+02
    endloop
  endfacet
  facet normal 6.866711e-01 -7.269683e-01 -1.269743e-13
    outer loop
      vertex   -1.224550e+02 3.824597e+02 1.761848e+02
      vertex   -1.223422e+02 3.825662e+02 1.736848e+02
      vertex   -1.223422e+02 3.825662e+02 1.761848e+02
    endloop
  endfacet
  facet normal 7.148089e-01 -6.993199e-01 -1.347906e-13
    outer loop
      vertex   -1.223422e+02 3.825662e+02 1.761848e+02
      vertex   -1.223422e+02 3.825662e+02 1.736848e+02
      vertex   -1.222337e+02 3.826771e+02 1.736848e+02
    endloop
  endfacet
  facet normal 7.148089e-01 -6.993199e-01 -1.233043e-13
    outer loop
      vertex   -1.223422e+02 3.825662e+02 1.761848e+02
      vertex   -1.222337e+02 3.826771e+02 1.736848e+02
      vertex   -1.222337e+02 3.826771e+02 1.761848e+02
    endloop
  endfacet
  facet normal 7.416120e-01 -6.708291e-01 -1.329050e-13
    outer loop
      vertex   -1.222337e+02 3.826771e+02 1.761848e+02
      vertex   -1.222337e+02 3.826771e+02 1.736848e+02
      vertex   -1.221296e+02 3.827922e+02 1.736848e+02
    endloop
  endfacet
  facet normal 7.416120e-01 -6.708291e-01 -1.481579e-13
    outer loop
      vertex   -1.222337e+02 3.826771e+02 1.761848e+02
      vertex   -1.221296e+02 3.827922e+02 1.736848e+02
      vertex   -1.221296e+02 3.827922e+02 1.761848e+02
    endloop
  endfacet
  facet normal 7.671063e-01 -6.415200e-01 -1.568233e-13
    outer loop
      vertex   -1.221296e+02 3.827922e+02 1.761848e+02
      vertex   -1.221296e+02 3.827922e+02 1.736848e+02
      vertex   -1.220300e+02 3.829113e+02 1.736848e+02
    endloop
  endfacet
  facet normal 7.671063e-01 -6.415200e-01 -1.801315e-13
    outer loop
      vertex   -1.221296e+02 3.827922e+02 1.761848e+02
      vertex   -1.220300e+02 3.829113e+02 1.736848e+02
      vertex   -1.220300e+02 3.829113e+02 1.761848e+02
    endloop
  endfacet
  facet normal 7.913152e-01 -6.114084e-01 -1.881055e-13
    outer loop
      vertex   -1.220300e+02 3.829113e+02 1.761848e+02
      vertex   -1.220300e+02 3.829113e+02 1.736848e+02
      vertex   -1.219350e+02 3.830342e+02 1.736848e+02
    endloop
  endfacet
  facet normal 7.913152e-01 -6.114084e-01 -1.971034e-13
    outer loop
      vertex   -1.220300e+02 3.829113e+02 1.761848e+02
      vertex   -1.219350e+02 3.830342e+02 1.736848e+02
      vertex   -1.219350e+02 3.830342e+02 1.761848e+02
    endloop
  endfacet
  facet normal 8.142587e-01 -5.805022e-01 -2.050281e-13
    outer loop
      vertex   -1.219350e+02 3.830342e+02 1.761848e+02
      vertex   -1.219350e+02 3.830342e+02 1.736848e+02
      vertex   -1.218449e+02 3.831606e+02 1.736848e+02
    endloop
  endfacet
  facet normal 8.142587e-01 -5.805022e-01 -1.779433e-13
    outer loop
      vertex   -1.219350e+02 3.830342e+02 1.761848e+02
      vertex   -1.218449e+02 3.831606e+02 1.736848e+02
      vertex   -1.218449e+02 3.831606e+02 1.761848e+02
    endloop
  endfacet
  facet normal 8.359518e-01 -5.488029e-01 -1.859013e-13
    outer loop
      vertex   -1.218449e+02 3.831606e+02 1.761848e+02
      vertex   -1.218449e+02 3.831606e+02 1.736848e+02
      vertex   -1.217596e+02 3.832905e+02 1.736848e+02
    endloop
  endfacet
  facet normal 8.359518e-01 -5.488029e-01 -2.328393e-13
    outer loop
      vertex   -1.218449e+02 3.831606e+02 1.761848e+02
      vertex   -1.217596e+02 3.832905e+02 1.736848e+02
      vertex   -1.217596e+02 3.832905e+02 1.761848e+02
    endloop
  endfacet
  facet normal 8.564040e-01 -5.163064e-01 -2.385366e-13
    outer loop
      vertex   -1.217596e+02 3.832905e+02 1.761848e+02
      vertex   -1.217596e+02 3.832905e+02 1.736848e+02
      vertex   -1.216794e+02 3.834235e+02 1.736848e+02
    endloop
  endfacet
  facet normal 8.564040e-01 -5.163064e-01 -2.053226e-13
    outer loop
      vertex   -1.217596e+02 3.832905e+02 1.761848e+02
      vertex   -1.216794e+02 3.834235e+02 1.736848e+02
      vertex   -1.216794e+02 3.834235e+02 1.761848e+02
    endloop
  endfacet
  facet normal 8.756182e-01 -4.830038e-01 -2.119693e-13
    outer loop
      vertex   -1.216794e+02 3.834235e+02 1.761848e+02
      vertex   -1.216794e+02 3.834235e+02 1.736848e+02
      vertex   -1.216044e+02 3.835596e+02 1.736848e+02
    endloop
  endfacet
  facet normal 8.756182e-01 -4.830038e-01 -2.040683e-13
    outer loop
      vertex   -1.216794e+02 3.834235e+02 1.761848e+02
      vertex   -1.216044e+02 3.835596e+02 1.736848e+02
      vertex   -1.216044e+02 3.835596e+02 1.761848e+02
    endloop
  endfacet
  facet normal 8.935904e-01 -4.488834e-01 -2.082584e-13
    outer loop
      vertex   -1.216044e+02 3.835596e+02 1.761848e+02
      vertex   -1.216044e+02 3.835596e+02 1.736848e+02
      vertex   -1.215347e+02 3.836984e+02 1.736848e+02
    endloop
  endfacet
  facet normal 8.935904e-01 -4.488834e-01 -1.879879e-13
    outer loop
      vertex   -1.216044e+02 3.835596e+02 1.761848e+02
      vertex   -1.215347e+02 3.836984e+02 1.736848e+02
      vertex   -1.215347e+02 3.836984e+02 1.761848e+02
    endloop
  endfacet
  facet normal 9.103083e-01 -4.139310e-01 -1.905193e-13
    outer loop
      vertex   -1.215347e+02 3.836984e+02 1.761848e+02
      vertex   -1.215347e+02 3.836984e+02 1.736848e+02
      vertex   -1.214704e+02 3.838397e+02 1.736848e+02
    endloop
  endfacet
  facet normal 9.103083e-01 -4.139310e-01 -9.595307e-14
    outer loop
      vertex   -1.215347e+02 3.836984e+02 1.761848e+02
      vertex   -1.214704e+02 3.838397e+02 1.736848e+02
      vertex   -1.214704e+02 3.838397e+02 1.761848e+02
    endloop
  endfacet
  facet normal 9.257517e-01 -3.781319e-01 -1.005018e-13
    outer loop
      vertex   -1.214704e+02 3.838397e+02 1.761848e+02
      vertex   -1.214704e+02 3.838397e+02 1.736848e+02
      vertex   -1.214116e+02 3.839835e+02 1.736848e+02
    endloop
  endfacet
  facet normal 9.257517e-01 -3.781319e-01 -5.840733e-14
    outer loop
      vertex   -1.214704e+02 3.838397e+02 1.761848e+02
      vertex   -1.214116e+02 3.839835e+02 1.736848e+02
      vertex   -1.214116e+02 3.839835e+02 1.761848e+02
    endloop
  endfacet
  facet normal 9.398918e-01 -3.414724e-01 -6.219011e-14
    outer loop
      vertex   -1.214116e+02 3.839835e+02 1.761848e+02
      vertex   -1.214116e+02 3.839835e+02 1.736848e+02
      vertex   -1.213586e+02 3.841294e+02 1.736848e+02
    endloop
  endfacet
  facet normal 9.398918e-01 -3.414724e-01 0.000000e+00
    outer loop
      vertex   -1.214116e+02 3.839835e+02 1.761848e+02
      vertex   -1.213586e+02 3.841294e+02 1.736848e+02
      vertex   -1.213586e+02 3.841294e+02 1.761848e+02
    endloop
  endfacet
  facet normal 9.989077e-01 4.672733e-02 0.000000e+00
    outer loop
      vertex   -1.195679e+02 3.936490e+02 1.982848e+02
      vertex   -1.195679e+02 3.936490e+02 1.957848e+02
      vertex   -1.195750e+02 3.938012e+02 1.982848e+02
    endloop
  endfacet
  facet normal 9.989077e-01 4.672733e-02 0.000000e+00
    outer loop
      vertex   -1.195750e+02 3.938012e+02 1.982848e+02
      vertex   -1.195679e+02 3.936490e+02 1.957848e+02
      vertex   -1.195750e+02 3.938012e+02 1.957848e+02
    endloop
  endfacet
  facet normal 9.910577e-01 1.334339e-01 0.000000e+00
    outer loop
      vertex   -1.195750e+02 3.938012e+02 1.982848e+02
      vertex   -1.195750e+02 3.938012e+02 1.957848e+02
      vertex   -1.195953e+02 3.939522e+02 1.982848e+02
    endloop
  endfacet
  facet normal 9.910577e-01 1.334339e-01 0.000000e+00
    outer loop
      vertex   -1.195953e+02 3.939522e+02 1.982848e+02
      vertex   -1.195750e+02 3.938012e+02 1.957848e+02
      vertex   -1.195953e+02 3.939522e+02 1.957848e+02
    endloop
  endfacet
  facet normal 9.756959e-01 2.191290e-01 0.000000e+00
    outer loop
      vertex   -1.195953e+02 3.939522e+02 1.982848e+02
      vertex   -1.195953e+02 3.939522e+02 1.957848e+02
      vertex   -1.196287e+02 3.941008e+02 1.982848e+02
    endloop
  endfacet
  facet normal 9.756959e-01 2.191290e-01 0.000000e+00
    outer loop
      vertex   -1.196287e+02 3.941008e+02 1.982848e+02
      vertex   -1.195953e+02 3.939522e+02 1.957848e+02
      vertex   -1.196287e+02 3.941008e+02 1.957848e+02
    endloop
  endfacet
  facet normal 9.529386e-01 3.031633e-01 0.000000e+00
    outer loop
      vertex   -1.196287e+02 3.941008e+02 1.982848e+02
      vertex   -1.196287e+02 3.941008e+02 1.957848e+02
      vertex   -1.196749e+02 3.942460e+02 1.982848e+02
    endloop
  endfacet
  facet normal 9.529386e-01 3.031633e-01 0.000000e+00
    outer loop
      vertex   -1.196749e+02 3.942460e+02 1.982848e+02
      vertex   -1.196287e+02 3.941008e+02 1.957848e+02
      vertex   -1.196749e+02 3.942460e+02 1.957848e+02
    endloop
  endfacet
  facet normal 9.229584e-01 3.848996e-01 0.000000e+00
    outer loop
      vertex   -1.196749e+02 3.942460e+02 1.982848e+02
      vertex   -1.196749e+02 3.942460e+02 1.957848e+02
      vertex   -1.197335e+02 3.943866e+02 1.982848e+02
    endloop
  endfacet
  facet normal 9.229584e-01 3.848996e-01 0.000000e+00
    outer loop
      vertex   -1.197335e+02 3.943866e+02 1.982848e+02
      vertex   -1.196749e+02 3.942460e+02 1.957848e+02
      vertex   -1.197335e+02 3.943866e+02 1.957848e+02
    endloop
  endfacet
  facet normal 8.859825e-01 4.637186e-01 0.000000e+00
    outer loop
      vertex   -1.197335e+02 3.943866e+02 1.982848e+02
      vertex   -1.197335e+02 3.943866e+02 1.957848e+02
      vertex   -1.198042e+02 3.945216e+02 1.982848e+02
    endloop
  endfacet
  facet normal 8.859825e-01 4.637186e-01 0.000000e+00
    outer loop
      vertex   -1.198042e+02 3.945216e+02 1.982848e+02
      vertex   -1.197335e+02 3.943866e+02 1.957848e+02
      vertex   -1.198042e+02 3.945216e+02 1.957848e+02
    endloop
  endfacet
  facet normal 8.422912e-01 5.390228e-01 0.000000e+00
    outer loop
      vertex   -1.198042e+02 3.945216e+02 1.982848e+02
      vertex   -1.198042e+02 3.945216e+02 1.957848e+02
      vertex   -1.198863e+02 3.946499e+02 1.982848e+02
    endloop
  endfacet
  facet normal 8.422912e-01 5.390228e-01 0.000000e+00
    outer loop
      vertex   -1.198863e+02 3.946499e+02 1.982848e+02
      vertex   -1.198042e+02 3.945216e+02 1.957848e+02
      vertex   -1.198863e+02 3.946499e+02 1.957848e+02
    endloop
  endfacet
  facet normal 7.922156e-01 6.102413e-01 0.000000e+00
    outer loop
      vertex   -1.198863e+02 3.946499e+02 1.982848e+02
      vertex   -1.198863e+02 3.946499e+02 1.957848e+02
      vertex   -1.199793e+02 3.947706e+02 1.982848e+02
    endloop
  endfacet
  facet normal 7.922156e-01 6.102413e-01 0.000000e+00
    outer loop
      vertex   -1.199793e+02 3.947706e+02 1.982848e+02
      vertex   -1.198863e+02 3.946499e+02 1.957848e+02
      vertex   -1.199793e+02 3.947706e+02 1.957848e+02
    endloop
  endfacet
  facet normal 7.361353e-01 6.768344e-01 0.000000e+00
    outer loop
      vertex   -1.199793e+02 3.947706e+02 1.982848e+02
      vertex   -1.199793e+02 3.947706e+02 1.957848e+02
      vertex   -1.200824e+02 3.948828e+02 1.982848e+02
    endloop
  endfacet
  facet normal 7.361353e-01 6.768344e-01 3.077887e-14
    outer loop
      vertex   -1.200824e+02 3.948828e+02 1.982848e+02
      vertex   -1.199793e+02 3.947706e+02 1.957848e+02
      vertex   -1.200824e+02 3.948828e+02 1.957848e+02
    endloop
  endfacet
  facet normal 6.744753e-01 7.382974e-01 3.357388e-14
    outer loop
      vertex   -1.200824e+02 3.948828e+02 1.982848e+02
      vertex   -1.200824e+02 3.948828e+02 1.957848e+02
      vertex   -1.201949e+02 3.949856e+02 1.982848e+02
    endloop
  endfacet
  facet normal 6.744753e-01 7.382974e-01 0.000000e+00
    outer loop
      vertex   -1.201949e+02 3.949856e+02 1.982848e+02
      vertex   -1.200824e+02 3.948828e+02 1.957848e+02
      vertex   -1.201949e+02 3.949856e+02 1.957848e+02
    endloop
  endfacet
  facet normal 6.077031e-01 7.941643e-01 0.000000e+00
    outer loop
      vertex   -1.201949e+02 3.949856e+02 1.982848e+02
      vertex   -1.201949e+02 3.949856e+02 1.957848e+02
      vertex   -1.203159e+02 3.950781e+02 1.982848e+02
    endloop
  endfacet
  facet normal 6.077031e-01 7.941643e-01 0.000000e+00
    outer loop
      vertex   -1.203159e+02 3.950781e+02 1.982848e+02
      vertex   -1.201949e+02 3.949856e+02 1.957848e+02
      vertex   -1.203159e+02 3.950781e+02 1.957848e+02
    endloop
  endfacet
  facet normal 5.363247e-01 8.440118e-01 0.000000e+00
    outer loop
      vertex   -1.203159e+02 3.950781e+02 1.982848e+02
      vertex   -1.203159e+02 3.950781e+02 1.957848e+02
      vertex   -1.204445e+02 3.951599e+02 1.982848e+02
    endloop
  endfacet
  facet normal 5.363247e-01 8.440118e-01 0.000000e+00
    outer loop
      vertex   -1.204445e+02 3.951599e+02 1.982848e+02
      vertex   -1.203159e+02 3.950781e+02 1.957848e+02
      vertex   -1.204445e+02 3.951599e+02 1.957848e+02
    endloop
  endfacet
  facet normal 4.608811e-01 8.874619e-01 0.000000e+00
    outer loop
      vertex   -1.204445e+02 3.951599e+02 1.982848e+02
      vertex   -1.204445e+02 3.951599e+02 1.957848e+02
      vertex   -1.205797e+02 3.952301e+02 1.982848e+02
    endloop
  endfacet
  facet normal 4.608811e-01 8.874619e-01 0.000000e+00
    outer loop
      vertex   -1.205797e+02 3.952301e+02 1.982848e+02
      vertex   -1.204445e+02 3.951599e+02 1.957848e+02
      vertex   -1.205797e+02 3.952301e+02 1.957848e+02
    endloop
  endfacet
  facet normal 3.819442e-01 9.241854e-01 0.000000e+00
    outer loop
      vertex   -1.205797e+02 3.952301e+02 1.982848e+02
      vertex   -1.205797e+02 3.952301e+02 1.957848e+02
      vertex   -1.207205e+02 3.952883e+02 1.982848e+02
    endloop
  endfacet
  facet normal 3.819442e-01 9.241854e-01 0.000000e+00
    outer loop
      vertex   -1.207205e+02 3.952883e+02 1.982848e+02
      vertex   -1.205797e+02 3.952301e+02 1.957848e+02
      vertex   -1.207205e+02 3.952883e+02 1.957848e+02
    endloop
  endfacet
  facet normal 3.001123e-01 9.539039e-01 0.000000e+00
    outer loop
      vertex   -1.207205e+02 3.952883e+02 1.982848e+02
      vertex   -1.207205e+02 3.952883e+02 1.957848e+02
      vertex   -1.208658e+02 3.953340e+02 1.982848e+02
    endloop
  endfacet
  facet normal 3.001123e-01 9.539039e-01 0.000000e+00
    outer loop
      vertex   -1.208658e+02 3.953340e+02 1.982848e+02
      vertex   -1.207205e+02 3.952883e+02 1.957848e+02
      vertex   -1.208658e+02 3.953340e+02 1.957848e+02
    endloop
  endfacet
  facet normal 2.160057e-01 9.763921e-01 0.000000e+00
    outer loop
      vertex   -1.208658e+02 3.953340e+02 1.982848e+02
      vertex   -1.208658e+02 3.953340e+02 1.957848e+02
      vertex   -1.210146e+02 3.953669e+02 1.982848e+02
    endloop
  endfacet
  facet normal 2.160057e-01 9.763921e-01 0.000000e+00
    outer loop
      vertex   -1.210146e+02 3.953669e+02 1.982848e+02
      vertex   -1.208658e+02 3.953340e+02 1.957848e+02
      vertex   -1.210146e+02 3.953669e+02 1.957848e+02
    endloop
  endfacet
  facet normal 1.302618e-01 9.914796e-01 0.000000e+00
    outer loop
      vertex   -1.210146e+02 3.953669e+02 1.982848e+02
      vertex   -1.210146e+02 3.953669e+02 1.957848e+02
      vertex   -1.211656e+02 3.953867e+02 1.982848e+02
    endloop
  endfacet
  facet normal 1.302618e-01 9.914796e-01 0.000000e+00
    outer loop
      vertex   -1.211656e+02 3.953867e+02 1.982848e+02
      vertex   -1.210146e+02 3.953669e+02 1.957848e+02
      vertex   -1.211656e+02 3.953867e+02 1.957848e+02
    endloop
  endfacet
  facet normal 4.353058e-02 9.990521e-01 0.000000e+00
    outer loop
      vertex   -1.211656e+02 3.953867e+02 1.982848e+02
      vertex   -1.211656e+02 3.953867e+02 1.957848e+02
      vertex   -1.213179e+02 3.953934e+02 1.982848e+02
    endloop
  endfacet
  facet normal 4.353058e-02 9.990521e-01 0.000000e+00
    outer loop
      vertex   -1.213179e+02 3.953934e+02 1.982848e+02
      vertex   -1.211656e+02 3.953867e+02 1.957848e+02
      vertex   -1.213179e+02 3.953934e+02 1.957848e+02
    endloop
  endfacet
  facet normal 0.000000e+00 -0.000000e+00 1.000000e+00
    outer loop
      vertex   -1.213999e+02 3.908713e+02 1.982848e+02
      vertex   -1.212355e+02 3.908919e+02 1.982848e+02
      vertex   -1.215654e+02 3.908645e+02 1.982848e+02
    endloop
  endfacet
  facet normal 1.145578e-13 -1.379683e-12 1.000000e+00
    outer loop
      vertex   -1.215654e+02 3.908645e+02 1.982848e+02
      vertex   -1.212355e+02 3.908919e+02 1.982848e+02
      vertex   -1.210734e+02 3.909259e+02 1.982848e+02
    endloop
  endfacet
  facet normal -9.937834e-14 3.330878e-13 1.000000e+00
    outer loop
      vertex   -1.215654e+02 3.908645e+02 1.982848e+02
      vertex   -1.210734e+02 3.909259e+02 1.982848e+02
      vertex   -1.209147e+02 3.909733e+02 1.982848e+02
    endloop
  endfacet
  facet normal -7.630877e-14 1.951258e-13 1.000000e+00
    outer loop
      vertex   -1.209147e+02 3.909733e+02 1.982848e+02
      vertex   -1.207604e+02 3.910336e+02 1.982848e+02
      vertex   -1.215654e+02 3.908645e+02 1.982848e+02
    endloop
  endfacet
  facet normal -6.181569e-14 1.261497e-13 1.000000e+00
    outer loop
      vertex   -1.215654e+02 3.908645e+02 1.982848e+02
      vertex   -1.207604e+02 3.910336e+02 1.982848e+02
      vertex   -1.206117e+02 3.911065e+02 1.982848e+02
    endloop
  endfacet
  facet normal -5.181461e-14 8.674005e-14 1.000000e+00
    outer loop
      vertex   -1.215654e+02 3.908645e+02 1.982848e+02
      vertex   -1.206117e+02 3.911065e+02 1.982848e+02
      vertex   -1.204695e+02 3.911914e+02 1.982848e+02
    endloop
  endfacet
  facet normal -4.446746e-14 6.211449e-14 1.000000e+00
    outer loop
      vertex   -1.204695e+02 3.911914e+02 1.982848e+02
      vertex   -1.203348e+02 3.912878e+02 1.982848e+02
      vertex   -1.215654e+02 3.908645e+02 1.982848e+02
    endloop
  endfacet
  facet normal -3.882107e-14 4.570312e-14 1.000000e+00
    outer loop
      vertex   -1.215654e+02 3.908645e+02 1.982848e+02
      vertex   -1.203348e+02 3.912878e+02 1.982848e+02
      vertex   -1.202086e+02 3.913951e+02 1.982848e+02
    endloop
  endfacet
  facet normal -2.023143e-14 -1.831619e-15 1.000000e+00
    outer loop
      vertex   -1.215654e+02 3.908645e+02 1.982848e+02
      vertex   -1.202086e+02 3.913951e+02 1.982848e+02
      vertex   -1.217161e+02 3.925292e+02 1.982848e+02
    endloop
  endfacet
  facet normal -1.077391e-14 1.073949e-14 1.000000e+00
    outer loop
      vertex   -1.217161e+02 3.925292e+02 1.982848e+02
      vertex   -1.202086e+02 3.913951e+02 1.982848e+02
      vertex   -1.200916e+02 3.915124e+02 1.982848e+02
    endloop
  endfacet
  facet normal 7.242739e-15 3.952235e-14 1.000000e+00
    outer loop
      vertex   -1.217161e+02 3.925292e+02 1.982848e+02
      vertex   -1.200916e+02 3.915124e+02 1.982848e+02
      vertex   -1.216032e+02 3.925085e+02 1.982848e+02
    endloop
  endfacet
  facet normal -1.208268e-14 1.019687e-14 1.000000e+00
    outer loop
      vertex   -1.216032e+02 3.925085e+02 1.982848e+02
      vertex   -1.200916e+02 3.915124e+02 1.982848e+02
      vertex   -1.199848e+02 3.916390e+02 1.982848e+02
    endloop
  endfacet
  facet normal -1.270675e-14 9.035338e-15 1.000000e+00
    outer loop
      vertex   -1.216032e+02 3.925085e+02 1.982848e+02
      vertex   -1.199848e+02 3.916390e+02 1.982848e+02
      vertex   -1.198888e+02 3.917740e+02 1.982848e+02
    endloop
  endfacet
  facet normal -1.321922e-14 7.839281e-15 1.000000e+00
    outer loop
      vertex   -1.198888e+02 3.917740e+02 1.982848e+02
      vertex   -1.198043e+02 3.919164e+02 1.982848e+02
      vertex   -1.216032e+02 3.925085e+02 1.982848e+02
    endloop
  endfacet
  facet normal 3.557306e-15 5.880928e-14 1.000000e+00
    outer loop
      vertex   -1.216032e+02 3.925085e+02 1.982848e+02
      vertex   -1.198043e+02 3.919164e+02 1.982848e+02
      vertex   -1.214887e+02 3.925016e+02 1.982848e+02
    endloop
  endfacet
  facet normal -1.443592e-14 7.016669e-15 1.000000e+00
    outer loop
      vertex   -1.214887e+02 3.925016e+02 1.982848e+02
      vertex   -1.198043e+02 3.919164e+02 1.982848e+02
      vertex   -1.197319e+02 3.920654e+02 1.982848e+02
    endloop
  endfacet
  facet normal -1.475854e-14 5.717311e-15 1.000000e+00
    outer loop
      vertex   -1.214887e+02 3.925016e+02 1.982848e+02
      vertex   -1.197319e+02 3.920654e+02 1.982848e+02
      vertex   -1.196721e+02 3.922198e+02 1.982848e+02
    endloop
  endfacet
  facet normal -4.389784e-15 7.257178e-14 1.000000e+00
    outer loop
      vertex   -1.214887e+02 3.925016e+02 1.982848e+02
      vertex   -1.196721e+02 3.922198e+02 1.982848e+02
      vertex   -1.213742e+02 3.925085e+02 1.982848e+02
    endloop
  endfacet
  facet normal -1.590251e-14 4.689225e-15 1.000000e+00
    outer loop
      vertex   -1.213742e+02 3.925085e+02 1.982848e+02
      vertex   -1.196721e+02 3.922198e+02 1.982848e+02
      vertex   -1.196253e+02 3.923787e+02 1.982848e+02
    endloop
  endfacet
  facet normal -1.156632e-14 6.311535e-14 1.000000e+00
    outer loop
      vertex   -1.213742e+02 3.925085e+02 1.982848e+02
      vertex   -1.196253e+02 3.923787e+02 1.982848e+02
      vertex   -1.212614e+02 3.925292e+02 1.982848e+02
    endloop
  endfacet
  facet normal -1.341252e-14 4.304228e-14 1.000000e+00
    outer loop
      vertex   -1.212614e+02 3.925292e+02 1.982848e+02
      vertex   -1.196253e+02 3.923787e+02 1.982848e+02
      vertex   -1.211519e+02 3.925633e+02 1.982848e+02
    endloop
  endfacet
  facet normal 2.508971e-15 1.747021e-13 1.000000e+00
    outer loop
      vertex   -1.211519e+02 3.925633e+02 1.982848e+02
      vertex   -1.196253e+02 3.923787e+02 1.982848e+02
      vertex   -1.195917e+02 3.925409e+02 1.982848e+02
    endloop
  endfacet
  facet normal -0.000000e+00 0.000000e+00 1.000000e+00
    outer loop
      vertex   -1.211519e+02 3.925633e+02 1.982848e+02
      vertex   -1.195917e+02 3.925409e+02 1.982848e+02
      vertex   -1.210472e+02 3.926104e+02 1.982848e+02
    endloop
  endfacet
  facet normal -0.000000e+00 0.000000e+00 1.000000e+00
    outer loop
      vertex   -1.210472e+02 3.926104e+02 1.982848e+02
      vertex   -1.195917e+02 3.925409e+02 1.982848e+02
      vertex   -1.209491e+02 3.926698e+02 1.982848e+02
    endloop
  endfacet
  facet normal -0.000000e+00 0.000000e+00 1.000000e+00
    outer loop
      vertex   -1.209491e+02 3.926698e+02 1.982848e+02
      vertex   -1.195917e+02 3.925409e+02 1.982848e+02
      vertex   -1.195717e+02 3.927053e+02 1.982848e+02
    endloop
  endfacet
  facet normal 0.000000e+00 0.000000e+00 1.000000e+00
    outer loop
      vertex   -1.209491e+02 3.926698e+02 1.982848e+02
      vertex   -1.195717e+02 3.927053e+02 1.982848e+02
      vertex   -1.208588e+02 3.927405e+02 1.982848e+02
    endloop
  endfacet
  facet normal -0.000000e+00 0.000000e+00 1.000000e+00
    outer loop
      vertex   -1.208588e+02 3.927405e+02 1.982848e+02
      vertex   -1.195717e+02 3.927053e+02 1.982848e+02
      vertex   -1.207776e+02 3.928216e+02 1.982848e+02
    endloop
  endfacet
  facet normal -0.000000e+00 0.000000e+00 1.000000e+00
    outer loop
      vertex   -1.207776e+02 3.928216e+02 1.982848e+02
      vertex   -1.195717e+02 3.927053e+02 1.982848e+02
      vertex   -1.195654e+02 3.928709e+02 1.982848e+02
    endloop
  endfacet
  facet normal 0.000000e+00 0.000000e+00 1.000000e+00
    outer loop
      vertex   -1.207776e+02 3.928216e+02 1.982848e+02
      vertex   -1.195654e+02 3.928709e+02 1.982848e+02
      vertex   -1.207069e+02 3.929119e+02 1.982848e+02
    endloop
  endfacet
  facet normal -0.000000e+00 0.000000e+00 1.000000e+00
    outer loop
      vertex   -1.207069e+02 3.929119e+02 1.982848e+02
      vertex   -1.195654e+02 3.928709e+02 1.982848e+02
      vertex   -1.206475e+02 3.930101e+02 1.982848e+02
    endloop
  endfacet
  facet normal -0.000000e+00 0.000000e+00 1.000000e+00
    outer loop
      vertex   -1.206475e+02 3.930101e+02 1.982848e+02
      vertex   -1.195654e+02 3.928709e+02 1.982848e+02
      vertex   -1.206005e+02 3.931147e+02 1.982848e+02
    endloop
  endfacet
  facet normal -0.000000e+00 0.000000e+00 1.000000e+00
    outer loop
      vertex   -1.206005e+02 3.931147e+02 1.982848e+02
      vertex   -1.195654e+02 3.928709e+02 1.982848e+02
      vertex   -1.205663e+02 3.932242e+02 1.982848e+02
    endloop
  endfacet
  facet normal -0.000000e+00 0.000000e+00 1.000000e+00
    outer loop
      vertex   -1.205663e+02 3.932242e+02 1.982848e+02
      vertex   -1.195654e+02 3.928709e+02 1.982848e+02
      vertex   -1.195679e+02 3.936490e+02 1.982848e+02
    endloop
  endfacet
  facet normal 0.000000e+00 0.000000e+00 1.000000e+00
    outer loop
      vertex   -1.205663e+02 3.932242e+02 1.982848e+02
      vertex   -1.195679e+02 3.936490e+02 1.982848e+02
      vertex   -1.205457e+02 3.933371e+02 1.982848e+02
    endloop
  endfacet
  facet normal 0.000000e+00 0.000000e+00 1.000000e+00
    outer loop
      vertex   -1.205457e+02 3.933371e+02 1.982848e+02
      vertex   -1.195679e+02 3.936490e+02 1.982848e+02
      vertex   -1.205387e+02 3.934516e+02 1.982848e+02
    endloop
  endfacet
  facet normal 0.000000e+00 -0.000000e+00 1.000000e+00
    outer loop
      vertex   -1.205387e+02 3.934516e+02 1.982848e+02
      vertex   -1.195679e+02 3.936490e+02 1.982848e+02
      vertex   -1.205457e+02 3.935661e+02 1.982848e+02
    endloop
  endfacet
  facet normal 0.000000e+00 -0.000000e+00 1.000000e+00
    outer loop
      vertex   -1.205457e+02 3.935661e+02 1.982848e+02
      vertex   -1.195679e+02 3.936490e+02 1.982848e+02
      vertex   -1.205663e+02 3.936789e+02 1.982848e+02
    endloop
  endfacet
  facet normal -0.000000e+00 0.000000e+00 1.000000e+00
    outer loop
      vertex   -1.205663e+02 3.936789e+02 1.982848e+02
      vertex   -1.195679e+02 3.936490e+02 1.982848e+02
      vertex   -1.195750e+02 3.938012e+02 1.982848e+02
    endloop
  endfacet
  facet normal 0.000000e+00 -0.000000e+00 1.000000e+00
    outer loop
      vertex   -1.205663e+02 3.936789e+02 1.982848e+02
      vertex   -1.195750e+02 3.938012e+02 1.982848e+02
      vertex   -1.206005e+02 3.937885e+02 1.982848e+02
    endloop
  endfacet
  facet normal 0.000000e+00 -0.000000e+00 1.000000e+00
    outer loop
      vertex   -1.206005e+02 3.937885e+02 1.982848e+02
      vertex   -1.195750e+02 3.938012e+02 1.982848e+02
      vertex   -1.206475e+02 3.938931e+02 1.982848e+02
    endloop
  endfacet
  facet normal -0.000000e+00 0.000000e+00 1.000000e+00
    outer loop
      vertex   -1.206475e+02 3.938931e+02 1.982848e+02
      vertex   -1.195750e+02 3.938012e+02 1.982848e+02
      vertex   -1.195953e+02 3.939522e+02 1.982848e+02
    endloop
  endfacet
  facet normal 0.000000e+00 -0.000000e+00 1.000000e+00
    outer loop
      vertex   -1.206475e+02 3.938931e+02 1.982848e+02
      vertex   -1.195953e+02 3.939522e+02 1.982848e+02
      vertex   -1.207069e+02 3.939913e+02 1.982848e+02
    endloop
  endfacet
  facet normal -0.000000e+00 0.000000e+00 1.000000e+00
    outer loop
      vertex   -1.207069e+02 3.939913e+02 1.982848e+02
      vertex   -1.195953e+02 3.939522e+02 1.982848e+02
      vertex   -1.196287e+02 3.941008e+02 1.982848e+02
    endloop
  endfacet
  facet normal 0.000000e+00 -0.000000e+00 1.000000e+00
    outer loop
      vertex   -1.207069e+02 3.939913e+02 1.982848e+02
      vertex   -1.196287e+02 3.941008e+02 1.982848e+02
      vertex   -1.207776e+02 3.940816e+02 1.982848e+02
    endloop
  endfacet
  facet normal 0.000000e+00 -0.000000e+00 1.000000e+00
    outer loop
      vertex   -1.207776e+02 3.940816e+02 1.982848e+02
      vertex   -1.196287e+02 3.941008e+02 1.982848e+02
      vertex   -1.208588e+02 3.941627e+02 1.982848e+02
    endloop
  endfacet
  facet normal -0.000000e+00 0.000000e+00 1.000000e+00
    outer loop
      vertex   -1.208588e+02 3.941627e+02 1.982848e+02
      vertex   -1.196287e+02 3.941008e+02 1.982848e+02
      vertex   -1.196749e+02 3.942460e+02 1.982848e+02
    endloop
  endfacet
  facet normal 0.000000e+00 -0.000000e+00 1.000000e+00
    outer loop
      vertex   -1.208588e+02 3.941627e+02 1.982848e+02
      vertex   -1.196749e+02 3.942460e+02 1.982848e+02
      vertex   -1.209491e+02 3.942334e+02 1.982848e+02
    endloop
  endfacet
  facet normal 0.000000e+00 0.000000e+00 1.000000e+00
    outer loop
      vertex   -1.209491e+02 3.942334e+02 1.982848e+02
      vertex   -1.196749e+02 3.942460e+02 1.982848e+02
      vertex   -1.197335e+02 3.943866e+02 1.982848e+02
    endloop
  endfacet
  facet normal 0.000000e+00 -0.000000e+00 1.000000e+00
    outer loop
      vertex   -1.209491e+02 3.942334e+02 1.982848e+02
      vertex   -1.197335e+02 3.943866e+02 1.982848e+02
      vertex   -1.210472e+02 3.942928e+02 1.982848e+02
    endloop
  endfacet
  facet normal 0.000000e+00 -0.000000e+00 1.000000e+00
    outer loop
      vertex   -1.210472e+02 3.942928e+02 1.982848e+02
      vertex   -1.197335e+02 3.943866e+02 1.982848e+02
      vertex   -1.211519e+02 3.943399e+02 1.982848e+02
    endloop
  endfacet
  facet normal 0.000000e+00 0.000000e+00 1.000000e+00
    outer loop
      vertex   -1.211519e+02 3.943399e+02 1.982848e+02
      vertex   -1.197335e+02 3.943866e+02 1.982848e+02
      vertex   -1.198042e+02 3.945216e+02 1.982848e+02
    endloop
  endfacet
  facet normal 0.000000e+00 -0.000000e+00 1.000000e+00
    outer loop
      vertex   -1.211519e+02 3.943399e+02 1.982848e+02
      vertex   -1.198042e+02 3.945216e+02 1.982848e+02
      vertex   -1.212614e+02 3.943740e+02 1.982848e+02
    endloop
  endfacet
  facet normal 0.000000e+00 -0.000000e+00 1.000000e+00
    outer loop
      vertex   -1.212614e+02 3.943740e+02 1.982848e+02
      vertex   -1.198042e+02 3.945216e+02 1.982848e+02
      vertex   -1.213742e+02 3.943947e+02 1.982848e+02
    endloop
  endfacet
  facet normal 0.000000e+00 0.000000e+00 1.000000e+00
    outer loop
      vertex   -1.213742e+02 3.943947e+02 1.982848e+02
      vertex   -1.198042e+02 3.945216e+02 1.982848e+02
      vertex   -1.198863e+02 3.946499e+02 1.982848e+02
    endloop
  endfacet
  facet normal 0.000000e+00 -0.000000e+00 1.000000e+00
    outer loop
      vertex   -1.213742e+02 3.943947e+02 1.982848e+02
      vertex   -1.198863e+02 3.946499e+02 1.982848e+02
      vertex   -1.214887e+02 3.944016e+02 1.982848e+02
    endloop
  endfacet
  facet normal 0.000000e+00 0.000000e+00 1.000000e+00
    outer loop
      vertex   -1.214887e+02 3.944016e+02 1.982848e+02
      vertex   -1.198863e+02 3.946499e+02 1.982848e+02
      vertex   -1.199793e+02 3.947706e+02 1.982848e+02
    endloop
  endfacet
  facet normal 0.000000e+00 0.000000e+00 1.000000e+00
    outer loop
      vertex   -1.214887e+02 3.944016e+02 1.982848e+02
      vertex   -1.199793e+02 3.947706e+02 1.982848e+02
      vertex   -1.200824e+02 3.948828e+02 1.982848e+02
    endloop
  endfacet
  facet normal 0.000000e+00 -0.000000e+00 1.000000e+00
    outer loop
      vertex   -1.214887e+02 3.944016e+02 1.982848e+02
      vertex   -1.200824e+02 3.948828e+02 1.982848e+02
      vertex   -1.216032e+02 3.943947e+02 1.982848e+02
    endloop
  endfacet
  facet normal 0.000000e+00 0.000000e+00 1.000000e+00
    outer loop
      vertex   -1.216032e+02 3.943947e+02 1.982848e+02
      vertex   -1.200824e+02 3.948828e+02 1.982848e+02
      vertex   -1.201949e+02 3.949856e+02 1.982848e+02
    endloop
  endfacet
  facet normal 0.000000e+00 0.000000e+00 1.000000e+00
    outer loop
      vertex   -1.216032e+02 3.943947e+02 1.982848e+02
      vertex   -1.201949e+02 3.949856e+02 1.982848e+02
      vertex   -1.203159e+02 3.950781e+02 1.982848e+02
    endloop
  endfacet
  facet normal 0.000000e+00 0.000000e+00 1.000000e+00
    outer loop
      vertex   -1.216032e+02 3.943947e+02 1.982848e+02
      vertex   -1.203159e+02 3.950781e+02 1.982848e+02
      vertex   -1.213179e+02 3.953934e+02 1.982848e+02
    endloop
  endfacet
  facet normal 0.000000e+00 0.000000e+00 1.000000e+00
    outer loop
      vertex   -1.213179e+02 3.953934e+02 1.982848e+02
      vertex   -1.203159e+02 3.950781e+02 1.982848e+02
      vertex   -1.204445e+02 3.951599e+02 1.982848e+02
    endloop
  endfacet
  facet normal 0.000000e+00 0.000000e+00 1.000000e+00
    outer loop
      vertex   -1.213179e+02 3.953934e+02 1.982848e+02
      vertex   -1.204445e+02 3.951599e+02 1.982848e+02
      vertex   -1.205797e+02 3.952301e+02 1.982848e+02
    endloop
  endfacet
  facet normal 0.000000e+00 0.000000e+00 1.000000e+00
    outer loop
      vertex   -1.205797e+02 3.952301e+02 1.982848e+02
      vertex   -1.207205e+02 3.952883e+02 1.982848e+02
      vertex   -1.213179e+02 3.953934e+02 1.982848e+02
    endloop
  endfacet
  facet normal 0.000000e+00 0.000000e+00 1.000000e+00
    outer loop
      vertex   -1.213179e+02 3.953934e+02 1.982848e+02
      vertex   -1.207205e+02 3.952883e+02 1.982848e+02
      vertex   -1.208658e+02 3.953340e+02 1.982848e+02
    endloop
  endfacet
  facet normal 0.000000e+00 0.000000e+00 1.000000e+00
    outer loop
      vertex   -1.213179e+02 3.953934e+02 1.982848e+02
      vertex   -1.208658e+02 3.953340e+02 1.982848e+02
      vertex   -1.210146e+02 3.953669e+02 1.982848e+02
    endloop
  endfacet
  facet normal 0.000000e+00 0.000000e+00 1.000000e+00
    outer loop
      vertex   -1.210146e+02 3.953669e+02 1.982848e+02
      vertex   -1.211656e+02 3.953867e+02 1.982848e+02
      vertex   -1.213179e+02 3.953934e+02 1.982848e+02
    endloop
  endfacet
  facet normal -5.188394e-14 2.886768e-14 1.000000e+00
    outer loop
      vertex   -1.415862e+02 3.953934e+02 1.982848e+02
      vertex   -1.219302e+02 3.942928e+02 1.982848e+02
      vertex   -1.213179e+02 3.953934e+02 1.982848e+02
    endloop
  endfacet
  facet normal 0.000000e+00 0.000000e+00 1.000000e+00
    outer loop
      vertex   -1.213179e+02 3.953934e+02 1.982848e+02
      vertex   -1.219302e+02 3.942928e+02 1.982848e+02
      vertex   -1.218256e+02 3.943399e+02 1.982848e+02
    endloop
  endfacet
  facet normal 0.000000e+00 0.000000e+00 1.000000e+00
    outer loop
      vertex   -1.213179e+02 3.953934e+02 1.982848e+02
      vertex   -1.218256e+02 3.943399e+02 1.982848e+02
      vertex   -1.217161e+02 3.943740e+02 1.982848e+02
    endloop
  endfacet
  facet normal -3.343736e-14 8.393601e-28 1.000000e+00
    outer loop
      vertex   -1.415862e+02 3.908645e+02 1.982848e+02
      vertex   -1.330862e+02 3.908645e+02 1.982848e+02
      vertex   -1.415862e+02 3.953934e+02 1.982848e+02
    endloop
  endfacet
  facet normal -6.031713e-14 -5.044870e-14 1.000000e+00
    outer loop
      vertex   -1.415862e+02 3.953934e+02 1.982848e+02
      vertex   -1.330862e+02 3.908645e+02 1.982848e+02
      vertex   -1.224318e+02 3.933371e+02 1.982848e+02
    endloop
  endfacet
  facet normal -5.526015e-14 -3.342623e-15 1.000000e+00
    outer loop
      vertex   -1.415862e+02 3.953934e+02 1.982848e+02
      vertex   -1.224318e+02 3.933371e+02 1.982848e+02
      vertex   -1.224387e+02 3.934516e+02 1.982848e+02
    endloop
  endfacet
  facet normal -6.660828e-14 -6.030270e-15 1.000000e+00
    outer loop
      vertex   -1.215654e+02 3.908645e+02 1.982848e+02
      vertex   -1.217161e+02 3.925292e+02 1.982848e+02
      vertex   -1.330862e+02 3.908645e+02 1.982848e+02
    endloop
  endfacet
  facet normal -4.591690e-14 -1.473525e-13 1.000000e+00
    outer loop
      vertex   -1.330862e+02 3.908645e+02 1.982848e+02
      vertex   -1.217161e+02 3.925292e+02 1.982848e+02
      vertex   -1.218256e+02 3.925633e+02 1.982848e+02
    endloop
  endfacet
  facet normal -5.103872e-14 -1.134034e-13 1.000000e+00
    outer loop
      vertex   -1.330862e+02 3.908645e+02 1.982848e+02
      vertex   -1.218256e+02 3.925633e+02 1.982848e+02
      vertex   -1.219302e+02 3.926104e+02 1.982848e+02
    endloop
  endfacet
  facet normal -5.464085e-14 -9.038701e-14 1.000000e+00
    outer loop
      vertex   -1.219302e+02 3.926104e+02 1.982848e+02
      vertex   -1.220284e+02 3.926698e+02 1.982848e+02
      vertex   -1.330862e+02 3.908645e+02 1.982848e+02
    endloop
  endfacet
  facet normal -5.742985e-14 -7.330378e-14 1.000000e+00
    outer loop
      vertex   -1.330862e+02 3.908645e+02 1.982848e+02
      vertex   -1.220284e+02 3.926698e+02 1.982848e+02
      vertex   -1.221187e+02 3.927405e+02 1.982848e+02
    endloop
  endfacet
  facet normal -5.974853e-14 -5.974853e-14 1.000000e+00
    outer loop
      vertex   -1.330862e+02 3.908645e+02 1.982848e+02
      vertex   -1.221187e+02 3.927405e+02 1.982848e+02
      vertex   -1.221998e+02 3.928216e+02 1.982848e+02
    endloop
  endfacet
  facet normal -6.178745e-14 -4.840737e-14 1.000000e+00
    outer loop
      vertex   -1.221998e+02 3.928216e+02 1.982848e+02
      vertex   -1.222706e+02 3.929119e+02 1.982848e+02
      vertex   -1.330862e+02 3.908645e+02 1.982848e+02
    endloop
  endfacet
  facet normal -6.366541e-14 -3.848708e-14 1.000000e+00
    outer loop
      vertex   -1.330862e+02 3.908645e+02 1.982848e+02
      vertex   -1.222706e+02 3.929119e+02 1.982848e+02
      vertex   -1.223299e+02 3.930101e+02 1.982848e+02
    endloop
  endfacet
  facet normal -6.546540e-14 -2.946358e-14 1.000000e+00
    outer loop
      vertex   -1.330862e+02 3.908645e+02 1.982848e+02
      vertex   -1.223299e+02 3.930101e+02 1.982848e+02
      vertex   -1.223770e+02 3.931147e+02 1.982848e+02
    endloop
  endfacet
  facet normal -6.725286e-14 -2.095684e-14 1.000000e+00
    outer loop
      vertex   -1.223770e+02 3.931147e+02 1.982848e+02
      vertex   -1.224111e+02 3.932242e+02 1.982848e+02
      vertex   -1.330862e+02 3.908645e+02 1.982848e+02
    endloop
  endfacet
  facet normal -6.908677e-14 -1.266062e-14 1.000000e+00
    outer loop
      vertex   -1.330862e+02 3.908645e+02 1.982848e+02
      vertex   -1.224111e+02 3.932242e+02 1.982848e+02
      vertex   -1.224318e+02 3.933371e+02 1.982848e+02
    endloop
  endfacet
  facet normal -5.458632e-14 3.301864e-15 1.000000e+00
    outer loop
      vertex   -1.224387e+02 3.934516e+02 1.982848e+02
      vertex   -1.224318e+02 3.935661e+02 1.982848e+02
      vertex   -1.415862e+02 3.953934e+02 1.982848e+02
    endloop
  endfacet
  facet normal -5.395801e-14 9.888172e-15 1.000000e+00
    outer loop
      vertex   -1.415862e+02 3.953934e+02 1.982848e+02
      vertex   -1.224318e+02 3.935661e+02 1.982848e+02
      vertex   -1.224111e+02 3.936789e+02 1.982848e+02
    endloop
  endfacet
  facet normal -5.335556e-14 1.662626e-14 1.000000e+00
    outer loop
      vertex   -1.415862e+02 3.953934e+02 1.982848e+02
      vertex   -1.224111e+02 3.936789e+02 1.982848e+02
      vertex   -1.223770e+02 3.937885e+02 1.982848e+02
    endloop
  endfacet
  facet normal -5.276074e-14 2.374568e-14 1.000000e+00
    outer loop
      vertex   -1.223770e+02 3.937885e+02 1.982848e+02
      vertex   -1.223299e+02 3.938931e+02 1.982848e+02
      vertex   -1.415862e+02 3.953934e+02 1.982848e+02
    endloop
  endfacet
  facet normal -5.215438e-14 3.152842e-14 1.000000e+00
    outer loop
      vertex   -1.415862e+02 3.953934e+02 1.982848e+02
      vertex   -1.223299e+02 3.938931e+02 1.982848e+02
      vertex   -1.222706e+02 3.939913e+02 1.982848e+02
    endloop
  endfacet
  facet normal -5.151343e-14 4.035819e-14 1.000000e+00
    outer loop
      vertex   -1.415862e+02 3.953934e+02 1.982848e+02
      vertex   -1.222706e+02 3.939913e+02 1.982848e+02
      vertex   -1.221998e+02 3.940816e+02 1.982848e+02
    endloop
  endfacet
  facet normal -5.080643e-14 5.080643e-14 1.000000e+00
    outer loop
      vertex   -1.221998e+02 3.940816e+02 1.982848e+02
      vertex   -1.221187e+02 3.941627e+02 1.982848e+02
      vertex   -1.415862e+02 3.953934e+02 1.982848e+02
    endloop
  endfacet
  facet normal -4.998494e-14 6.380106e-14 1.000000e+00
    outer loop
      vertex   -1.415862e+02 3.953934e+02 1.982848e+02
      vertex   -1.221187e+02 3.941627e+02 1.982848e+02
      vertex   -1.220284e+02 3.942334e+02 1.982848e+02
    endloop
  endfacet
  facet normal -4.896501e-14 8.099802e-14 1.000000e+00
    outer loop
      vertex   -1.415862e+02 3.953934e+02 1.982848e+02
      vertex   -1.220284e+02 3.942334e+02 1.982848e+02
      vertex   -1.219302e+02 3.942928e+02 1.982848e+02
    endloop
  endfacet
  facet normal 0.000000e+00 0.000000e+00 1.000000e+00
    outer loop
      vertex   -1.217161e+02 3.943740e+02 1.982848e+02
      vertex   -1.216032e+02 3.943947e+02 1.982848e+02
      vertex   -1.213179e+02 3.953934e+02 1.982848e+02
    endloop
  endfacet
  facet normal 1.000000e+00 -0.000000e+00 0.000000e+00
    outer loop
      vertex   -1.254856e+02 3.854208e+02 1.827848e+02
      vertex   -1.254856e+02 3.854208e+02 1.761848e+02
      vertex   -1.254856e+02 3.908645e+02 1.827848e+02
    endloop
  endfacet
  facet normal 1.000000e+00 0.000000e+00 0.000000e+00
    outer loop
      vertex   -1.254856e+02 3.908645e+02 1.827848e+02
      vertex   -1.254856e+02 3.854208e+02 1.761848e+02
      vertex   -1.254856e+02 3.928225e+02 1.761848e+02
    endloop
  endfacet
  facet normal 1.000000e+00 3.446006e-13 1.022311e-13
    outer loop
      vertex   -1.254856e+02 3.908645e+02 1.827848e+02
      vertex   -1.254856e+02 3.928225e+02 1.761848e+02
      vertex   -1.254856e+02 3.928225e+02 1.957848e+02
    endloop
  endfacet
  facet normal 1.000000e+00 8.056233e-13 3.279427e-14
    outer loop
      vertex   -1.254856e+02 3.928225e+02 1.957848e+02
      vertex   -1.254856e+02 3.908645e+02 1.957848e+02
      vertex   -1.254856e+02 3.908645e+02 1.827848e+02
    endloop
  endfacet
  facet normal -4.865320e-01 -8.736628e-01 3.092725e-14
    outer loop
      vertex   -1.369577e+02 3.819033e+02 1.827848e+02
      vertex   -1.373912e+02 3.821447e+02 1.827848e+02
      vertex   -1.369577e+02 3.819033e+02 1.802848e+02
    endloop
  endfacet
  facet normal -4.865320e-01 -8.736628e-01 0.000000e+00
    outer loop
      vertex   -1.369577e+02 3.819033e+02 1.802848e+02
      vertex   -1.373912e+02 3.821447e+02 1.827848e+02
      vertex   -1.373912e+02 3.821447e+02 1.802848e+02
    endloop
  endfacet
  facet normal -5.081916e-01 -8.612441e-01 0.000000e+00
    outer loop
      vertex   -1.373912e+02 3.821447e+02 1.802848e+02
      vertex   -1.373912e+02 3.821447e+02 1.827848e+02
      vertex   -1.378227e+02 3.823993e+02 1.827848e+02
    endloop
  endfacet
  facet normal -5.081916e-01 -8.612441e-01 0.000000e+00
    outer loop
      vertex   -1.373912e+02 3.821447e+02 1.802848e+02
      vertex   -1.378227e+02 3.823993e+02 1.827848e+02
      vertex   -1.378227e+02 3.823993e+02 1.802848e+02
    endloop
  endfacet
  facet normal -5.309188e-01 -8.474227e-01 0.000000e+00
    outer loop
      vertex   -1.378227e+02 3.823993e+02 1.802848e+02
      vertex   -1.378227e+02 3.823993e+02 1.827848e+02
      vertex   -1.382492e+02 3.826665e+02 1.827848e+02
    endloop
  endfacet
  facet normal -5.309188e-01 -8.474227e-01 -6.033254e-15
    outer loop
      vertex   -1.378227e+02 3.823993e+02 1.802848e+02
      vertex   -1.382492e+02 3.826665e+02 1.827848e+02
      vertex   -1.382492e+02 3.826665e+02 1.802848e+02
    endloop
  endfacet
  facet normal -5.487749e-01 -8.359702e-01 -6.238848e-15
    outer loop
      vertex   -1.382492e+02 3.826665e+02 1.802848e+02
      vertex   -1.382492e+02 3.826665e+02 1.827848e+02
      vertex   -1.384596e+02 3.828046e+02 1.827848e+02
    endloop
  endfacet
  facet normal -5.487749e-01 -8.359702e-01 6.239489e-15
    outer loop
      vertex   -1.382492e+02 3.826665e+02 1.802848e+02
      vertex   -1.384596e+02 3.828046e+02 1.827848e+02
      vertex   -1.384596e+02 3.828046e+02 1.802848e+02
    endloop
  endfacet
  facet normal -5.611855e-01 -8.276901e-01 6.379940e-15
    outer loop
      vertex   -1.384596e+02 3.828046e+02 1.802848e+02
      vertex   -1.384596e+02 3.828046e+02 1.827848e+02
      vertex   -1.386678e+02 3.829458e+02 1.827848e+02
    endloop
  endfacet
  facet normal -5.611855e-01 -8.276901e-01 0.000000e+00
    outer loop
      vertex   -1.384596e+02 3.828046e+02 1.802848e+02
      vertex   -1.386678e+02 3.829458e+02 1.827848e+02
      vertex   -1.386678e+02 3.829458e+02 1.802848e+02
    endloop
  endfacet
  facet normal -5.740034e-01 -8.188529e-01 0.000000e+00
    outer loop
      vertex   -1.386678e+02 3.829458e+02 1.802848e+02
      vertex   -1.386678e+02 3.829458e+02 1.827848e+02
      vertex   -1.388732e+02 3.830898e+02 1.827848e+02
    endloop
  endfacet
  facet normal -5.740034e-01 -8.188529e-01 0.000000e+00
    outer loop
      vertex   -1.386678e+02 3.829458e+02 1.802848e+02
      vertex   -1.388732e+02 3.830898e+02 1.827848e+02
      vertex   -1.388732e+02 3.830898e+02 1.802848e+02
    endloop
  endfacet
  facet normal -5.872570e-01 -8.094005e-01 0.000000e+00
    outer loop
      vertex   -1.388732e+02 3.830898e+02 1.802848e+02
      vertex   -1.388732e+02 3.830898e+02 1.827848e+02
      vertex   -1.390756e+02 3.832366e+02 1.827848e+02
    endloop
  endfacet
  facet normal -5.872570e-01 -8.094005e-01 1.172726e-14
    outer loop
      vertex   -1.388732e+02 3.830898e+02 1.802848e+02
      vertex   -1.390756e+02 3.832366e+02 1.827848e+02
      vertex   -1.390756e+02 3.832366e+02 1.802848e+02
    endloop
  endfacet
  facet normal -6.009738e-01 -7.992687e-01 1.134099e-14
    outer loop
      vertex   -1.390756e+02 3.832366e+02 1.802848e+02
      vertex   -1.390756e+02 3.832366e+02 1.827848e+02
      vertex   -1.392746e+02 3.833862e+02 1.827848e+02
    endloop
  endfacet
  facet normal -6.009738e-01 -7.992687e-01 -1.816871e-14
    outer loop
      vertex   -1.390756e+02 3.832366e+02 1.802848e+02
      vertex   -1.392746e+02 3.833862e+02 1.827848e+02
      vertex   -1.392746e+02 3.833862e+02 1.802848e+02
    endloop
  endfacet
  facet normal -6.151809e-01 -7.883860e-01 -1.792582e-14
    outer loop
      vertex   -1.392746e+02 3.833862e+02 1.802848e+02
      vertex   -1.392746e+02 3.833862e+02 1.827848e+02
      vertex   -1.394698e+02 3.835385e+02 1.827848e+02
    endloop
  endfacet
  facet normal -6.151809e-01 -7.883860e-01 0.000000e+00
    outer loop
      vertex   -1.392746e+02 3.833862e+02 1.802848e+02
      vertex   -1.394698e+02 3.835385e+02 1.827848e+02
      vertex   -1.394698e+02 3.835385e+02 1.802848e+02
    endloop
  endfacet
  facet normal -6.299039e-01 -7.766731e-01 0.000000e+00
    outer loop
      vertex   -1.394698e+02 3.835385e+02 1.802848e+02
      vertex   -1.394698e+02 3.835385e+02 1.827848e+02
      vertex   -1.396608e+02 3.836935e+02 1.827848e+02
    endloop
  endfacet
  facet normal -6.299039e-01 -7.766731e-01 0.000000e+00
    outer loop
      vertex   -1.394698e+02 3.835385e+02 1.802848e+02
      vertex   -1.396608e+02 3.836935e+02 1.827848e+02
      vertex   -1.396608e+02 3.836935e+02 1.802848e+02
    endloop
  endfacet
  facet normal -6.451666e-01 -7.640420e-01 0.000000e+00
    outer loop
      vertex   -1.396608e+02 3.836935e+02 1.802848e+02
      vertex   -1.396608e+02 3.836935e+02 1.827848e+02
      vertex   -1.398473e+02 3.838509e+02 1.827848e+02
    endloop
  endfacet
  facet normal -6.451666e-01 -7.640420e-01 1.736870e-14
    outer loop
      vertex   -1.396608e+02 3.836935e+02 1.802848e+02
      vertex   -1.398473e+02 3.838509e+02 1.827848e+02
      vertex   -1.398473e+02 3.838509e+02 1.802848e+02
    endloop
  endfacet
  facet normal -6.609898e-01 -7.503949e-01 1.706200e-14
    outer loop
      vertex   -1.398473e+02 3.838509e+02 1.802848e+02
      vertex   -1.398473e+02 3.838509e+02 1.827848e+02
      vertex   -1.400289e+02 3.840109e+02 1.827848e+02
    endloop
  endfacet
  facet normal -6.609898e-01 -7.503949e-01 0.000000e+00
    outer loop
      vertex   -1.398473e+02 3.838509e+02 1.802848e+02
      vertex   -1.400289e+02 3.840109e+02 1.827848e+02
      vertex   -1.400289e+02 3.840109e+02 1.802848e+02
    endloop
  endfacet
  facet normal -6.773907e-01 -7.356234e-01 0.000000e+00
    outer loop
      vertex   -1.400289e+02 3.840109e+02 1.802848e+02
      vertex   -1.400289e+02 3.840109e+02 1.827848e+02
      vertex   -1.402053e+02 3.841733e+02 1.827848e+02
    endloop
  endfacet
  facet normal -6.773907e-01 -7.356234e-01 -7.704187e-15
    outer loop
      vertex   -1.400289e+02 3.840109e+02 1.802848e+02
      vertex   -1.402053e+02 3.841733e+02 1.827848e+02
      vertex   -1.402053e+02 3.841733e+02 1.802848e+02
    endloop
  endfacet
  facet normal -6.957948e-01 -7.182407e-01 -7.910270e-15
    outer loop
      vertex   -1.402053e+02 3.841733e+02 1.802848e+02
      vertex   -1.402053e+02 3.841733e+02 1.827848e+02
      vertex   -1.404027e+02 3.843646e+02 1.827848e+02
    endloop
  endfacet
  facet normal -6.957948e-01 -7.182407e-01 -8.422453e-15
    outer loop
      vertex   -1.402053e+02 3.841733e+02 1.802848e+02
      vertex   -1.404027e+02 3.843646e+02 1.827848e+02
      vertex   -1.404027e+02 3.843646e+02 1.802848e+02
    endloop
  endfacet
  facet normal -7.165511e-01 -6.975346e-01 -7.713858e-15
    outer loop
      vertex   -1.404027e+02 3.843646e+02 1.802848e+02
      vertex   -1.404027e+02 3.843646e+02 1.827848e+02
      vertex   -1.405957e+02 3.845628e+02 1.827848e+02
    endloop
  endfacet
  facet normal -7.165511e-01 -6.975346e-01 -8.144590e-15
    outer loop
      vertex   -1.404027e+02 3.843646e+02 1.802848e+02
      vertex   -1.405957e+02 3.845628e+02 1.827848e+02
      vertex   -1.405957e+02 3.845628e+02 1.802848e+02
    endloop
  endfacet
  facet normal -7.385182e-01 -6.742335e-01 -8.395980e-15
    outer loop
      vertex   -1.405957e+02 3.845628e+02 1.802848e+02
      vertex   -1.405957e+02 3.845628e+02 1.827848e+02
      vertex   -1.407830e+02 3.847680e+02 1.827848e+02
    endloop
  endfacet
  facet normal -7.385182e-01 -6.742335e-01 2.226183e-14
    outer loop
      vertex   -1.405957e+02 3.845628e+02 1.802848e+02
      vertex   -1.407830e+02 3.847680e+02 1.827848e+02
      vertex   -1.407830e+02 3.847680e+02 1.802848e+02
    endloop
  endfacet
  facet normal -7.616588e-01 -6.479783e-01 2.080758e-14
    outer loop
      vertex   -1.407830e+02 3.847680e+02 1.802848e+02
      vertex   -1.407830e+02 3.847680e+02 1.827848e+02
      vertex   -1.409632e+02 3.849798e+02 1.827848e+02
    endloop
  endfacet
  facet normal -7.616588e-01 -6.479783e-01 6.077835e-15
    outer loop
      vertex   -1.407830e+02 3.847680e+02 1.802848e+02
      vertex   -1.409632e+02 3.849798e+02 1.827848e+02
      vertex   -1.409632e+02 3.849798e+02 1.802848e+02
    endloop
  endfacet
  facet normal -7.858911e-01 -6.183650e-01 5.125445e-15
    outer loop
      vertex   -1.409632e+02 3.849798e+02 1.802848e+02
      vertex   -1.409632e+02 3.849798e+02 1.827848e+02
      vertex   -1.411350e+02 3.851981e+02 1.827848e+02
    endloop
  endfacet
  facet normal -7.858911e-01 -6.183650e-01 -1.918332e-14
    outer loop
      vertex   -1.409632e+02 3.849798e+02 1.802848e+02
      vertex   -1.411350e+02 3.851981e+02 1.827848e+02
      vertex   -1.411350e+02 3.851981e+02 1.802848e+02
    endloop
  endfacet
  facet normal -8.110712e-01 -5.849475e-01 -1.737952e-14
    outer loop
      vertex   -1.411350e+02 3.851981e+02 1.802848e+02
      vertex   -1.411350e+02 3.851981e+02 1.827848e+02
      vertex   -1.412970e+02 3.854228e+02 1.827848e+02
    endloop
  endfacet
  facet normal -8.110712e-01 -5.849475e-01 -9.220198e-15
    outer loop
      vertex   -1.411350e+02 3.851981e+02 1.802848e+02
      vertex   -1.412970e+02 3.854228e+02 1.827848e+02
      vertex   -1.412970e+02 3.854228e+02 1.802848e+02
    endloop
  endfacet
  facet normal -8.369719e-01 -5.472458e-01 -9.515269e-15
    outer loop
      vertex   -1.412970e+02 3.854228e+02 1.802848e+02
      vertex   -1.412970e+02 3.854228e+02 1.827848e+02
      vertex   -1.414478e+02 3.856535e+02 1.827848e+02
    endloop
  endfacet
  facet normal -8.369719e-01 -5.472458e-01 -1.244368e-14
    outer loop
      vertex   -1.412970e+02 3.854228e+02 1.802848e+02
      vertex   -1.414478e+02 3.856535e+02 1.827848e+02
      vertex   -1.414478e+02 3.856535e+02 1.802848e+02
    endloop
  endfacet
  facet normal -8.566114e-01 -5.159621e-01 -1.173162e-14
    outer loop
      vertex   -1.414478e+02 3.856535e+02 1.802848e+02
      vertex   -1.414478e+02 3.856535e+02 1.827848e+02
      vertex   -1.415187e+02 3.857711e+02 1.827848e+02
    endloop
  endfacet
  facet normal -8.566114e-01 -5.159621e-01 2.545190e-14
    outer loop
      vertex   -1.414478e+02 3.856535e+02 1.802848e+02
      vertex   -1.415187e+02 3.857711e+02 1.827848e+02
      vertex   -1.415187e+02 3.857711e+02 1.802848e+02
    endloop
  endfacet
  facet normal -8.697775e-01 -4.934441e-01 2.377064e-14
    outer loop
      vertex   -1.415187e+02 3.857711e+02 1.802848e+02
      vertex   -1.415187e+02 3.857711e+02 1.827848e+02
      vertex   -1.415862e+02 3.858902e+02 1.827848e+02
    endloop
  endfacet
  facet normal -8.697775e-01 -4.934441e-01 0.000000e+00
    outer loop
      vertex   -1.415187e+02 3.857711e+02 1.802848e+02
      vertex   -1.415862e+02 3.858902e+02 1.827848e+02
      vertex   -1.415862e+02 3.858902e+02 1.802848e+02
    endloop
  endfacet
  facet normal -4.812659e-01 -8.765747e-01 -0.000000e+00
    outer loop
      vertex   -1.369577e+02 3.819033e+02 1.761848e+02
      vertex   -1.371702e+02 3.820199e+02 1.761848e+02
      vertex   -1.369577e+02 3.819033e+02 1.736848e+02
    endloop
  endfacet
  facet normal -4.812659e-01 -8.765747e-01 -2.345116e-14
    outer loop
      vertex   -1.369577e+02 3.819033e+02 1.736848e+02
      vertex   -1.371702e+02 3.820199e+02 1.761848e+02
      vertex   -1.371702e+02 3.820199e+02 1.736848e+02
    endloop
  endfacet
  facet normal -4.915495e-01 -8.708496e-01 -2.283685e-14
    outer loop
      vertex   -1.371702e+02 3.820199e+02 1.736848e+02
      vertex   -1.371702e+02 3.820199e+02 1.761848e+02
      vertex   -1.373791e+02 3.821379e+02 1.761848e+02
    endloop
  endfacet
  facet normal -4.915495e-01 -8.708496e-01 -3.960445e-14
    outer loop
      vertex   -1.371702e+02 3.820199e+02 1.736848e+02
      vertex   -1.373791e+02 3.821379e+02 1.761848e+02
      vertex   -1.373791e+02 3.821379e+02 1.736848e+02
    endloop
  endfacet
  facet normal -5.018776e-01 -8.649386e-01 -3.933286e-14
    outer loop
      vertex   -1.373791e+02 3.821379e+02 1.736848e+02
      vertex   -1.373791e+02 3.821379e+02 1.761848e+02
      vertex   -1.375845e+02 3.822570e+02 1.761848e+02
    endloop
  endfacet
  facet normal -5.018776e-01 -8.649386e-01 1.141211e-14
    outer loop
      vertex   -1.373791e+02 3.821379e+02 1.736848e+02
      vertex   -1.375845e+02 3.822570e+02 1.761848e+02
      vertex   -1.375845e+02 3.822570e+02 1.736848e+02
    endloop
  endfacet
  facet normal -5.122717e-01 -8.588234e-01 1.164771e-14
    outer loop
      vertex   -1.375845e+02 3.822570e+02 1.736848e+02
      vertex   -1.375845e+02 3.822570e+02 1.761848e+02
      vertex   -1.377860e+02 3.823772e+02 1.761848e+02
    endloop
  endfacet
  facet normal -5.122717e-01 -8.588234e-01 0.000000e+00
    outer loop
      vertex   -1.375845e+02 3.822570e+02 1.736848e+02
      vertex   -1.377860e+02 3.823772e+02 1.761848e+02
      vertex   -1.377860e+02 3.823772e+02 1.736848e+02
    endloop
  endfacet
  facet normal -5.227524e-01 -8.524846e-01 0.000000e+00
    outer loop
      vertex   -1.377860e+02 3.823772e+02 1.736848e+02
      vertex   -1.377860e+02 3.823772e+02 1.761848e+02
      vertex   -1.379836e+02 3.824984e+02 1.761848e+02
    endloop
  endfacet
  facet normal -5.227524e-01 -8.524846e-01 0.000000e+00
    outer loop
      vertex   -1.377860e+02 3.823772e+02 1.736848e+02
      vertex   -1.379836e+02 3.824984e+02 1.761848e+02
      vertex   -1.379836e+02 3.824984e+02 1.736848e+02
    endloop
  endfacet
  facet normal -5.333395e-01 -8.459013e-01 0.000000e+00
    outer loop
      vertex   -1.379836e+02 3.824984e+02 1.736848e+02
      vertex   -1.379836e+02 3.824984e+02 1.761848e+02
      vertex   -1.381771e+02 3.826204e+02 1.761848e+02
    endloop
  endfacet
  facet normal -5.333395e-01 -8.459013e-01 -5.163573e-14
    outer loop
      vertex   -1.379836e+02 3.824984e+02 1.736848e+02
      vertex   -1.381771e+02 3.826204e+02 1.761848e+02
      vertex   -1.381771e+02 3.826204e+02 1.736848e+02
    endloop
  endfacet
  facet normal -5.440517e-01 -8.390517e-01 -5.104833e-14
    outer loop
      vertex   -1.381771e+02 3.826204e+02 1.736848e+02
      vertex   -1.381771e+02 3.826204e+02 1.761848e+02
      vertex   -1.383664e+02 3.827432e+02 1.761848e+02
    endloop
  endfacet
  facet normal -5.440517e-01 -8.390517e-01 0.000000e+00
    outer loop
      vertex   -1.381771e+02 3.826204e+02 1.736848e+02
      vertex   -1.383664e+02 3.827432e+02 1.761848e+02
      vertex   -1.383664e+02 3.827432e+02 1.736848e+02
    endloop
  endfacet
  facet normal -5.549065e-01 -8.319127e-01 0.000000e+00
    outer loop
      vertex   -1.383664e+02 3.827432e+02 1.736848e+02
      vertex   -1.383664e+02 3.827432e+02 1.761848e+02
      vertex   -1.385515e+02 3.828666e+02 1.761848e+02
    endloop
  endfacet
  facet normal -5.549065e-01 -8.319127e-01 1.261494e-14
    outer loop
      vertex   -1.383664e+02 3.827432e+02 1.736848e+02
      vertex   -1.385515e+02 3.828666e+02 1.761848e+02
      vertex   -1.385515e+02 3.828666e+02 1.736848e+02
    endloop
  endfacet
  facet normal -5.659201e-01 -8.244601e-01 1.286753e-14
    outer loop
      vertex   -1.385515e+02 3.828666e+02 1.736848e+02
      vertex   -1.385515e+02 3.828666e+02 1.761848e+02
      vertex   -1.387321e+02 3.829906e+02 1.761848e+02
    endloop
  endfacet
  facet normal -5.659201e-01 -8.244601e-01 2.517988e-14
    outer loop
      vertex   -1.385515e+02 3.828666e+02 1.736848e+02
      vertex   -1.387321e+02 3.829906e+02 1.761848e+02
      vertex   -1.387321e+02 3.829906e+02 1.736848e+02
    endloop
  endfacet
  facet normal -5.771067e-01 -8.166688e-01 2.512984e-14
    outer loop
      vertex   -1.387321e+02 3.829906e+02 1.736848e+02
      vertex   -1.387321e+02 3.829906e+02 1.761848e+02
      vertex   -1.389083e+02 3.831151e+02 1.761848e+02
    endloop
  endfacet
  facet normal -5.771067e-01 -8.166688e-01 -5.448108e-15
    outer loop
      vertex   -1.387321e+02 3.829906e+02 1.736848e+02
      vertex   -1.389083e+02 3.831151e+02 1.761848e+02
      vertex   -1.389083e+02 3.831151e+02 1.736848e+02
    endloop
  endfacet
  facet normal -5.884787e-01 -8.085127e-01 -5.002996e-15
    outer loop
      vertex   -1.389083e+02 3.831151e+02 1.736848e+02
      vertex   -1.389083e+02 3.831151e+02 1.761848e+02
      vertex   -1.390800e+02 3.832401e+02 1.761848e+02
    endloop
  endfacet
  facet normal -5.884787e-01 -8.085127e-01 -5.514910e-14
    outer loop
      vertex   -1.389083e+02 3.831151e+02 1.736848e+02
      vertex   -1.390800e+02 3.832401e+02 1.761848e+02
      vertex   -1.390800e+02 3.832401e+02 1.736848e+02
    endloop
  endfacet
  facet normal -6.000463e-01 -7.999653e-01 -5.456731e-14
    outer loop
      vertex   -1.390800e+02 3.832401e+02 1.736848e+02
      vertex   -1.390800e+02 3.832401e+02 1.761848e+02
      vertex   -1.392470e+02 3.833654e+02 1.761848e+02
    endloop
  endfacet
  facet normal -6.000463e-01 -7.999653e-01 -2.955414e-14
    outer loop
      vertex   -1.390800e+02 3.832401e+02 1.736848e+02
      vertex   -1.392470e+02 3.833654e+02 1.761848e+02
      vertex   -1.392470e+02 3.833654e+02 1.736848e+02
    endloop
  endfacet
  facet normal -6.118181e-01 -7.909985e-01 -2.901488e-14
    outer loop
      vertex   -1.392470e+02 3.833654e+02 1.736848e+02
      vertex   -1.392470e+02 3.833654e+02 1.761848e+02
      vertex   -1.394094e+02 3.834910e+02 1.761848e+02
    endloop
  endfacet
  facet normal -6.118181e-01 -7.909985e-01 0.000000e+00
    outer loop
      vertex   -1.392470e+02 3.833654e+02 1.736848e+02
      vertex   -1.394094e+02 3.834910e+02 1.761848e+02
      vertex   -1.394094e+02 3.834910e+02 1.736848e+02
    endloop
  endfacet
  facet normal -6.238010e-01 -7.815832e-01 0.000000e+00
    outer loop
      vertex   -1.394094e+02 3.834910e+02 1.736848e+02
      vertex   -1.394094e+02 3.834910e+02 1.761848e+02
      vertex   -1.395671e+02 3.836168e+02 1.761848e+02
    endloop
  endfacet
  facet normal -6.238010e-01 -7.815832e-01 0.000000e+00
    outer loop
      vertex   -1.394094e+02 3.834910e+02 1.736848e+02
      vertex   -1.395671e+02 3.836168e+02 1.761848e+02
      vertex   -1.395671e+02 3.836168e+02 1.736848e+02
    endloop
  endfacet
  facet normal -6.360004e-01 -7.716887e-01 0.000000e+00
    outer loop
      vertex   -1.395671e+02 3.836168e+02 1.736848e+02
      vertex   -1.395671e+02 3.836168e+02 1.761848e+02
      vertex   -1.397200e+02 3.837429e+02 1.761848e+02
    endloop
  endfacet
  facet normal -6.360004e-01 -7.716887e-01 -4.540909e-14
    outer loop
      vertex   -1.395671e+02 3.836168e+02 1.736848e+02
      vertex   -1.397200e+02 3.837429e+02 1.761848e+02
      vertex   -1.397200e+02 3.837429e+02 1.736848e+02
    endloop
  endfacet
  facet normal -6.484198e-01 -7.612830e-01 -4.455703e-14
    outer loop
      vertex   -1.397200e+02 3.837429e+02 1.736848e+02
      vertex   -1.397200e+02 3.837429e+02 1.761848e+02
      vertex   -1.398682e+02 3.838691e+02 1.761848e+02
    endloop
  endfacet
  facet normal -6.484198e-01 -7.612830e-01 -1.730452e-14
    outer loop
      vertex   -1.397200e+02 3.837429e+02 1.736848e+02
      vertex   -1.398682e+02 3.838691e+02 1.761848e+02
      vertex   -1.398682e+02 3.838691e+02 1.736848e+02
    endloop
  endfacet
  facet normal -6.610608e-01 -7.503323e-01 -1.706058e-14
    outer loop
      vertex   -1.398682e+02 3.838691e+02 1.736848e+02
      vertex   -1.398682e+02 3.838691e+02 1.761848e+02
      vertex   -1.400116e+02 3.839954e+02 1.761848e+02
    endloop
  endfacet
  facet normal -6.610608e-01 -7.503323e-01 -5.118349e-14
    outer loop
      vertex   -1.398682e+02 3.838691e+02 1.736848e+02
      vertex   -1.400116e+02 3.839954e+02 1.761848e+02
      vertex   -1.400116e+02 3.839954e+02 1.736848e+02
    endloop
  endfacet
  facet normal -6.739231e-01 -7.388015e-01 -5.039520e-14
    outer loop
      vertex   -1.400116e+02 3.839954e+02 1.736848e+02
      vertex   -1.400116e+02 3.839954e+02 1.761848e+02
      vertex   -1.401502e+02 3.841218e+02 1.761848e+02
    endloop
  endfacet
  facet normal -6.739231e-01 -7.388015e-01 0.000000e+00
    outer loop
      vertex   -1.400116e+02 3.839954e+02 1.736848e+02
      vertex   -1.401502e+02 3.841218e+02 1.761848e+02
      vertex   -1.401502e+02 3.841218e+02 1.736848e+02
    endloop
  endfacet
  facet normal -6.870037e-01 -7.266540e-01 0.000000e+00
    outer loop
      vertex   -1.401502e+02 3.841218e+02 1.736848e+02
      vertex   -1.401502e+02 3.841218e+02 1.761848e+02
      vertex   -1.402840e+02 3.842483e+02 1.761848e+02
    endloop
  endfacet
  facet normal -6.870037e-01 -7.266540e-01 3.304928e-14
    outer loop
      vertex   -1.401502e+02 3.841218e+02 1.736848e+02
      vertex   -1.402840e+02 3.842483e+02 1.761848e+02
      vertex   -1.402840e+02 3.842483e+02 1.736848e+02
    endloop
  endfacet
  facet normal -7.002966e-01 -7.138520e-01 3.246223e-14
    outer loop
      vertex   -1.402840e+02 3.842483e+02 1.736848e+02
      vertex   -1.402840e+02 3.842483e+02 1.761848e+02
      vertex   -1.404129e+02 3.843748e+02 1.761848e+02
    endloop
  endfacet
  facet normal -7.002966e-01 -7.138520e-01 3.277387e-14
    outer loop
      vertex   -1.402840e+02 3.842483e+02 1.736848e+02
      vertex   -1.404129e+02 3.843748e+02 1.761848e+02
      vertex   -1.404129e+02 3.843748e+02 1.736848e+02
    endloop
  endfacet
  facet normal -7.137933e-01 -7.003564e-01 3.154300e-14
    outer loop
      vertex   -1.404129e+02 3.843748e+02 1.736848e+02
      vertex   -1.404129e+02 3.843748e+02 1.761848e+02
      vertex   -1.405370e+02 3.845013e+02 1.761848e+02
    endloop
  endfacet
  facet normal -7.137933e-01 -7.003564e-01 -7.806552e-15
    outer loop
      vertex   -1.404129e+02 3.843748e+02 1.736848e+02
      vertex   -1.405370e+02 3.845013e+02 1.761848e+02
      vertex   -1.405370e+02 3.845013e+02 1.736848e+02
    endloop
  endfacet
  facet normal -7.274816e-01 -6.861271e-01 -7.330216e-15
    outer loop
      vertex   -1.405370e+02 3.845013e+02 1.736848e+02
      vertex   -1.405370e+02 3.845013e+02 1.761848e+02
      vertex   -1.406564e+02 3.846278e+02 1.761848e+02
    endloop
  endfacet
  facet normal -7.274816e-01 -6.861271e-01 -8.268047e-15
    outer loop
      vertex   -1.405370e+02 3.845013e+02 1.736848e+02
      vertex   -1.406564e+02 3.846278e+02 1.761848e+02
      vertex   -1.406564e+02 3.846278e+02 1.736848e+02
    endloop
  endfacet
  facet normal -7.413461e-01 -6.711229e-01 -8.428129e-15
    outer loop
      vertex   -1.406564e+02 3.846278e+02 1.736848e+02
      vertex   -1.406564e+02 3.846278e+02 1.761848e+02
      vertex   -1.407709e+02 3.847543e+02 1.761848e+02
    endloop
  endfacet
  facet normal -7.413461e-01 -6.711229e-01 1.526007e-14
    outer loop
      vertex   -1.406564e+02 3.846278e+02 1.736848e+02
      vertex   -1.407709e+02 3.847543e+02 1.761848e+02
      vertex   -1.407709e+02 3.847543e+02 1.736848e+02
    endloop
  endfacet
  facet normal -7.553673e-01 -6.553017e-01 1.489984e-14
    outer loop
      vertex   -1.407709e+02 3.847543e+02 1.736848e+02
      vertex   -1.407709e+02 3.847543e+02 1.761848e+02
      vertex   -1.408805e+02 3.848807e+02 1.761848e+02
    endloop
  endfacet
  facet normal -7.553673e-01 -6.553017e-01 0.000000e+00
    outer loop
      vertex   -1.407709e+02 3.847543e+02 1.736848e+02
      vertex   -1.408805e+02 3.848807e+02 1.761848e+02
      vertex   -1.408805e+02 3.848807e+02 1.736848e+02
    endloop
  endfacet
  facet normal -7.695218e-01 -6.386206e-01 0.000000e+00
    outer loop
      vertex   -1.408805e+02 3.848807e+02 1.736848e+02
      vertex   -1.408805e+02 3.848807e+02 1.761848e+02
      vertex   -1.409854e+02 3.850071e+02 1.761848e+02
    endloop
  endfacet
  facet normal -7.695218e-01 -6.386206e-01 -8.744700e-15
    outer loop
      vertex   -1.408805e+02 3.848807e+02 1.736848e+02
      vertex   -1.409854e+02 3.850071e+02 1.761848e+02
      vertex   -1.409854e+02 3.850071e+02 1.736848e+02
    endloop
  endfacet
  facet normal -7.837820e-01 -6.210361e-01 -8.910569e-15
    outer loop
      vertex   -1.409854e+02 3.850071e+02 1.736848e+02
      vertex   -1.409854e+02 3.850071e+02 1.761848e+02
      vertex   -1.410856e+02 3.851335e+02 1.761848e+02
    endloop
  endfacet
  facet normal -7.837820e-01 -6.210361e-01 -2.824244e-14
    outer loop
      vertex   -1.409854e+02 3.850071e+02 1.736848e+02
      vertex   -1.410856e+02 3.851335e+02 1.761848e+02
      vertex   -1.410856e+02 3.851335e+02 1.736848e+02
    endloop
  endfacet
  facet normal -7.981155e-01 -6.025045e-01 -2.739873e-14
    outer loop
      vertex   -1.410856e+02 3.851335e+02 1.736848e+02
      vertex   -1.410856e+02 3.851335e+02 1.761848e+02
      vertex   -1.411809e+02 3.852597e+02 1.761848e+02
    endloop
  endfacet
  facet normal -7.981155e-01 -6.025045e-01 -2.739974e-14
    outer loop
      vertex   -1.410856e+02 3.851335e+02 1.736848e+02
      vertex   -1.411809e+02 3.852597e+02 1.761848e+02
      vertex   -1.411809e+02 3.852597e+02 1.736848e+02
    endloop
  endfacet
  facet normal -8.124852e-01 -5.829818e-01 -2.651094e-14
    outer loop
      vertex   -1.411809e+02 3.852597e+02 1.736848e+02
      vertex   -1.411809e+02 3.852597e+02 1.761848e+02
      vertex   -1.412715e+02 3.853860e+02 1.761848e+02
    endloop
  endfacet
  facet normal -8.124852e-01 -5.829818e-01 -9.236815e-15
    outer loop
      vertex   -1.411809e+02 3.852597e+02 1.736848e+02
      vertex   -1.412715e+02 3.853860e+02 1.761848e+02
      vertex   -1.412715e+02 3.853860e+02 1.736848e+02
    endloop
  endfacet
  facet normal -8.268488e-01 -5.624243e-01 -9.400182e-15
    outer loop
      vertex   -1.412715e+02 3.853860e+02 1.736848e+02
      vertex   -1.412715e+02 3.853860e+02 1.761848e+02
      vertex   -1.413573e+02 3.855121e+02 1.761848e+02
    endloop
  endfacet
  facet normal -8.268488e-01 -5.624243e-01 2.557723e-14
    outer loop
      vertex   -1.412715e+02 3.853860e+02 1.736848e+02
      vertex   -1.413573e+02 3.855121e+02 1.761848e+02
      vertex   -1.413573e+02 3.855121e+02 1.736848e+02
    endloop
  endfacet
  facet normal -8.411581e-01 -5.407893e-01 2.459225e-14
    outer loop
      vertex   -1.413573e+02 3.855121e+02 1.736848e+02
      vertex   -1.413573e+02 3.855121e+02 1.761848e+02
      vertex   -1.414383e+02 3.856382e+02 1.761848e+02
    endloop
  endfacet
  facet normal -8.411581e-01 -5.407893e-01 1.229474e-14
    outer loop
      vertex   -1.413573e+02 3.855121e+02 1.736848e+02
      vertex   -1.414383e+02 3.856382e+02 1.761848e+02
      vertex   -1.414383e+02 3.856382e+02 1.736848e+02
    endloop
  endfacet
  facet normal -8.553593e-01 -5.180352e-01 1.177876e-14
    outer loop
      vertex   -1.414383e+02 3.856382e+02 1.736848e+02
      vertex   -1.414383e+02 3.856382e+02 1.761848e+02
      vertex   -1.415146e+02 3.857642e+02 1.761848e+02
    endloop
  endfacet
  facet normal -8.553593e-01 -5.180352e-01 2.150467e-14
    outer loop
      vertex   -1.414383e+02 3.856382e+02 1.736848e+02
      vertex   -1.415146e+02 3.857642e+02 1.761848e+02
      vertex   -1.415146e+02 3.857642e+02 1.736848e+02
    endloop
  endfacet
  facet normal -8.693922e-01 -4.941226e-01 2.111889e-14
    outer loop
      vertex   -1.415146e+02 3.857642e+02 1.736848e+02
      vertex   -1.415146e+02 3.857642e+02 1.761848e+02
      vertex   -1.415862e+02 3.858902e+02 1.761848e+02
    endloop
  endfacet
  facet normal -8.693922e-01 -4.941226e-01 0.000000e+00
    outer loop
      vertex   -1.415146e+02 3.857642e+02 1.736848e+02
      vertex   -1.415862e+02 3.858902e+02 1.761848e+02
      vertex   -1.415862e+02 3.858902e+02 1.736848e+02
    endloop
  endfacet
  facet normal -1.000000e+00 0.000000e+00 0.000000e+00
    outer loop
      vertex   -1.415862e+02 3.858902e+02 1.736848e+02
      vertex   -1.415862e+02 3.880509e+02 1.761848e+02
      vertex   -1.415862e+02 3.953934e+02 1.736848e+02
    endloop
  endfacet
  facet normal -1.000000e+00 0.000000e+00 0.000000e+00
    outer loop
      vertex   -1.415862e+02 3.953934e+02 1.736848e+02
      vertex   -1.415862e+02 3.880509e+02 1.761848e+02
      vertex   -1.415862e+02 3.908645e+02 1.827848e+02
    endloop
  endfacet
  facet normal -1.000000e+00 0.000000e+00 0.000000e+00
    outer loop
      vertex   -1.415862e+02 3.953934e+02 1.736848e+02
      vertex   -1.415862e+02 3.908645e+02 1.827848e+02
      vertex   -1.415862e+02 3.953934e+02 1.982848e+02
    endloop
  endfacet
  facet normal -1.000000e+00 2.510246e-14 -7.334635e-15
    outer loop
      vertex   -1.415862e+02 3.953934e+02 1.982848e+02
      vertex   -1.415862e+02 3.908645e+02 1.827848e+02
      vertex   -1.415862e+02 3.908645e+02 1.982848e+02
    endloop
  endfacet
  facet normal -1.000000e+00 0.000000e+00 0.000000e+00
    outer loop
      vertex   -1.415862e+02 3.858902e+02 1.736848e+02
      vertex   -1.415862e+02 3.858902e+02 1.761848e+02
      vertex   -1.415862e+02 3.880509e+02 1.761848e+02
    endloop
  endfacet
  facet normal -1.000000e+00 0.000000e+00 0.000000e+00
    outer loop
      vertex   -1.415862e+02 3.880509e+02 1.761848e+02
      vertex   -1.415862e+02 3.880509e+02 1.802848e+02
      vertex   -1.415862e+02 3.908645e+02 1.827848e+02
    endloop
  endfacet
  facet normal -1.000000e+00 -0.000000e+00 0.000000e+00
    outer loop
      vertex   -1.415862e+02 3.908645e+02 1.827848e+02
      vertex   -1.415862e+02 3.880509e+02 1.802848e+02
      vertex   -1.415862e+02 3.858902e+02 1.827848e+02
    endloop
  endfacet
  facet normal -1.000000e+00 0.000000e+00 0.000000e+00
    outer loop
      vertex   -1.415862e+02 3.858902e+02 1.827848e+02
      vertex   -1.415862e+02 3.880509e+02 1.802848e+02
      vertex   -1.415862e+02 3.858902e+02 1.802848e+02
    endloop
  endfacet
  facet normal 9.989009e-01 4.687226e-02 0.000000e+00
    outer loop
      vertex   -1.373031e+02 3.843929e+02 1.761848e+02
      vertex   -1.373031e+02 3.843929e+02 1.736848e+02
      vertex   -1.373101e+02 3.845427e+02 1.761848e+02
    endloop
  endfacet
  facet normal 9.989009e-01 4.687226e-02 0.000000e+00
    outer loop
      vertex   -1.373101e+02 3.845427e+02 1.761848e+02
      vertex   -1.373031e+02 3.843929e+02 1.736848e+02
      vertex   -1.373101e+02 3.845427e+02 1.736848e+02
    endloop
  endfacet
  facet normal 9.989009e-01 -4.687226e-02 0.000000e+00
    outer loop
      vertex   -1.373101e+02 3.845427e+02 1.761848e+02
      vertex   -1.373101e+02 3.845427e+02 1.736848e+02
      vertex   -1.373031e+02 3.846926e+02 1.761848e+02
    endloop
  endfacet
  facet normal 9.989009e-01 -4.687226e-02 0.000000e+00
    outer loop
      vertex   -1.373031e+02 3.846926e+02 1.761848e+02
      vertex   -1.373101e+02 3.845427e+02 1.736848e+02
      vertex   -1.373031e+02 3.846926e+02 1.736848e+02
    endloop
  endfacet
  facet normal 9.901225e-01 -1.402049e-01 0.000000e+00
    outer loop
      vertex   -1.373031e+02 3.846926e+02 1.761848e+02
      vertex   -1.373031e+02 3.846926e+02 1.736848e+02
      vertex   -1.372821e+02 3.848411e+02 1.761848e+02
    endloop
  endfacet
  facet normal 9.901225e-01 -1.402049e-01 0.000000e+00
    outer loop
      vertex   -1.372821e+02 3.848411e+02 1.761848e+02
      vertex   -1.373031e+02 3.846926e+02 1.736848e+02
      vertex   -1.372821e+02 3.848411e+02 1.736848e+02
    endloop
  endfacet
  facet normal 9.726429e-01 -2.323054e-01 0.000000e+00
    outer loop
      vertex   -1.372821e+02 3.848411e+02 1.761848e+02
      vertex   -1.372821e+02 3.848411e+02 1.736848e+02
      vertex   -1.372472e+02 3.849870e+02 1.761848e+02
    endloop
  endfacet
  facet normal 9.726429e-01 -2.323054e-01 0.000000e+00
    outer loop
      vertex   -1.372472e+02 3.849870e+02 1.761848e+02
      vertex   -1.372821e+02 3.848411e+02 1.736848e+02
      vertex   -1.372472e+02 3.849870e+02 1.736848e+02
    endloop
  endfacet
  facet normal 9.466157e-01 -3.223643e-01 0.000000e+00
    outer loop
      vertex   -1.372472e+02 3.849870e+02 1.761848e+02
      vertex   -1.372472e+02 3.849870e+02 1.736848e+02
      vertex   -1.371989e+02 3.851289e+02 1.761848e+02
    endloop
  endfacet
  facet normal 9.466157e-01 -3.223643e-01 0.000000e+00
    outer loop
      vertex   -1.371989e+02 3.851289e+02 1.761848e+02
      vertex   -1.372472e+02 3.849870e+02 1.736848e+02
      vertex   -1.371989e+02 3.851289e+02 1.736848e+02
    endloop
  endfacet
  facet normal 9.122696e-01 -4.095904e-01 0.000000e+00
    outer loop
      vertex   -1.371989e+02 3.851289e+02 1.761848e+02
      vertex   -1.371989e+02 3.851289e+02 1.736848e+02
      vertex   -1.371375e+02 3.852658e+02 1.761848e+02
    endloop
  endfacet
  facet normal 9.122696e-01 -4.095904e-01 0.000000e+00
    outer loop
      vertex   -1.371375e+02 3.852658e+02 1.761848e+02
      vertex   -1.371989e+02 3.851289e+02 1.736848e+02
      vertex   -1.371375e+02 3.852658e+02 1.736848e+02
    endloop
  endfacet
  facet normal 8.699064e-01 -4.932169e-01 0.000000e+00
    outer loop
      vertex   -1.371375e+02 3.852658e+02 1.761848e+02
      vertex   -1.371375e+02 3.852658e+02 1.736848e+02
      vertex   -1.370635e+02 3.853963e+02 1.761848e+02
    endloop
  endfacet
  facet normal 8.699064e-01 -4.932169e-01 0.000000e+00
    outer loop
      vertex   -1.370635e+02 3.853963e+02 1.761848e+02
      vertex   -1.371375e+02 3.852658e+02 1.736848e+02
      vertex   -1.370635e+02 3.853963e+02 1.736848e+02
    endloop
  endfacet
  facet normal 8.198984e-01 -5.725090e-01 0.000000e+00
    outer loop
      vertex   -1.370635e+02 3.853963e+02 1.761848e+02
      vertex   -1.370635e+02 3.853963e+02 1.736848e+02
      vertex   -1.369776e+02 3.855192e+02 1.761848e+02
    endloop
  endfacet
  facet normal 8.198984e-01 -5.725090e-01 0.000000e+00
    outer loop
      vertex   -1.369776e+02 3.855192e+02 1.761848e+02
      vertex   -1.370635e+02 3.853963e+02 1.736848e+02
      vertex   -1.369776e+02 3.855192e+02 1.736848e+02
    endloop
  endfacet
  facet normal 7.626852e-01 -6.467699e-01 0.000000e+00
    outer loop
      vertex   -1.369776e+02 3.855192e+02 1.761848e+02
      vertex   -1.369776e+02 3.855192e+02 1.736848e+02
      vertex   -1.368806e+02 3.856336e+02 1.761848e+02
    endloop
  endfacet
  facet normal 7.626852e-01 -6.467699e-01 0.000000e+00
    outer loop
      vertex   -1.368806e+02 3.856336e+02 1.761848e+02
      vertex   -1.369776e+02 3.855192e+02 1.736848e+02
      vertex   -1.368806e+02 3.856336e+02 1.736848e+02
    endloop
  endfacet
  facet normal 6.987694e-01 -7.153470e-01 0.000000e+00
    outer loop
      vertex   -1.368806e+02 3.856336e+02 1.761848e+02
      vertex   -1.368806e+02 3.856336e+02 1.736848e+02
      vertex   -1.367733e+02 3.857384e+02 1.761848e+02
    endloop
  endfacet
  facet normal 6.987694e-01 -7.153470e-01 0.000000e+00
    outer loop
      vertex   -1.367733e+02 3.857384e+02 1.761848e+02
      vertex   -1.368806e+02 3.856336e+02 1.736848e+02
      vertex   -1.367733e+02 3.857384e+02 1.736848e+02
    endloop
  endfacet
  facet normal 6.287129e-01 -7.776375e-01 0.000000e+00
    outer loop
      vertex   -1.367733e+02 3.857384e+02 1.761848e+02
      vertex   -1.367733e+02 3.857384e+02 1.736848e+02
      vertex   -1.366567e+02 3.858327e+02 1.761848e+02
    endloop
  endfacet
  facet normal 6.287129e-01 -7.776375e-01 0.000000e+00
    outer loop
      vertex   -1.366567e+02 3.858327e+02 1.761848e+02
      vertex   -1.367733e+02 3.857384e+02 1.736848e+02
      vertex   -1.366567e+02 3.858327e+02 1.736848e+02
    endloop
  endfacet
  facet normal 5.531312e-01 -8.330942e-01 0.000000e+00
    outer loop
      vertex   -1.366567e+02 3.858327e+02 1.761848e+02
      vertex   -1.366567e+02 3.858327e+02 1.736848e+02
      vertex   -1.365317e+02 3.859157e+02 1.761848e+02
    endloop
  endfacet
  facet normal 5.531312e-01 -8.330942e-01 0.000000e+00
    outer loop
      vertex   -1.365317e+02 3.859157e+02 1.761848e+02
      vertex   -1.366567e+02 3.858327e+02 1.736848e+02
      vertex   -1.365317e+02 3.859157e+02 1.736848e+02
    endloop
  endfacet
  facet normal 4.726885e-01 -8.812296e-01 0.000000e+00
    outer loop
      vertex   -1.365317e+02 3.859157e+02 1.761848e+02
      vertex   -1.365317e+02 3.859157e+02 1.736848e+02
      vertex   -1.363995e+02 3.859866e+02 1.761848e+02
    endloop
  endfacet
  facet normal 4.726885e-01 -8.812296e-01 0.000000e+00
    outer loop
      vertex   -1.363995e+02 3.859866e+02 1.761848e+02
      vertex   -1.365317e+02 3.859157e+02 1.736848e+02
      vertex   -1.363995e+02 3.859866e+02 1.736848e+02
    endloop
  endfacet
  facet normal 3.880919e-01 -9.216207e-01 0.000000e+00
    outer loop
      vertex   -1.363995e+02 3.859866e+02 1.761848e+02
      vertex   -1.363995e+02 3.859866e+02 1.736848e+02
      vertex   -1.362613e+02 3.860448e+02 1.761848e+02
    endloop
  endfacet
  facet normal 3.880919e-01 -9.216207e-01 0.000000e+00
    outer loop
      vertex   -1.362613e+02 3.860448e+02 1.761848e+02
      vertex   -1.363995e+02 3.859866e+02 1.736848e+02
      vertex   -1.362613e+02 3.860448e+02 1.736848e+02
    endloop
  endfacet
  facet normal 3.000846e-01 -9.539126e-01 0.000000e+00
    outer loop
      vertex   -1.362613e+02 3.860448e+02 1.761848e+02
      vertex   -1.362613e+02 3.860448e+02 1.736848e+02
      vertex   -1.361182e+02 3.860898e+02 1.761848e+02
    endloop
  endfacet
  facet normal 3.000846e-01 -9.539126e-01 0.000000e+00
    outer loop
      vertex   -1.361182e+02 3.860898e+02 1.761848e+02
      vertex   -1.362613e+02 3.860448e+02 1.736848e+02
      vertex   -1.361182e+02 3.860898e+02 1.736848e+02
    endloop
  endfacet
  facet normal 2.094403e-01 -9.778214e-01 0.000000e+00
    outer loop
      vertex   -1.361182e+02 3.860898e+02 1.761848e+02
      vertex   -1.361182e+02 3.860898e+02 1.736848e+02
      vertex   -1.359715e+02 3.861212e+02 1.761848e+02
    endloop
  endfacet
  facet normal 2.094403e-01 -9.778214e-01 0.000000e+00
    outer loop
      vertex   -1.359715e+02 3.861212e+02 1.761848e+02
      vertex   -1.361182e+02 3.860898e+02 1.736848e+02
      vertex   -1.359715e+02 3.861212e+02 1.736848e+02
    endloop
  endfacet
  facet normal 1.169553e-01 -9.931372e-01 0.000000e+00
    outer loop
      vertex   -1.359715e+02 3.861212e+02 1.761848e+02
      vertex   -1.359715e+02 3.861212e+02 1.736848e+02
      vertex   -1.358226e+02 3.861388e+02 1.761848e+02
    endloop
  endfacet
  facet normal 1.169553e-01 -9.931372e-01 0.000000e+00
    outer loop
      vertex   -1.358226e+02 3.861388e+02 1.761848e+02
      vertex   -1.359715e+02 3.861212e+02 1.736848e+02
      vertex   -1.358226e+02 3.861388e+02 1.736848e+02
    endloop
  endfacet
  facet normal 2.344257e-02 -9.997252e-01 0.000000e+00
    outer loop
      vertex   -1.358226e+02 3.861388e+02 1.761848e+02
      vertex   -1.358226e+02 3.861388e+02 1.736848e+02
      vertex   -1.356726e+02 3.861423e+02 1.761848e+02
    endloop
  endfacet
  facet normal 2.344257e-02 -9.997252e-01 0.000000e+00
    outer loop
      vertex   -1.356726e+02 3.861423e+02 1.761848e+02
      vertex   -1.358226e+02 3.861388e+02 1.736848e+02
      vertex   -1.356726e+02 3.861423e+02 1.736848e+02
    endloop
  endfacet
  facet normal -7.027619e-02 -9.975276e-01 -0.000000e+00
    outer loop
      vertex   -1.356726e+02 3.861423e+02 1.761848e+02
      vertex   -1.356726e+02 3.861423e+02 1.736848e+02
      vertex   -1.355230e+02 3.861318e+02 1.761848e+02
    endloop
  endfacet
  facet normal -7.027619e-02 -9.975276e-01 -0.000000e+00
    outer loop
      vertex   -1.355230e+02 3.861318e+02 1.761848e+02
      vertex   -1.356726e+02 3.861423e+02 1.736848e+02
      vertex   -1.355230e+02 3.861318e+02 1.736848e+02
    endloop
  endfacet
  facet normal -1.633774e-01 -9.865637e-01 -0.000000e+00
    outer loop
      vertex   -1.355230e+02 3.861318e+02 1.761848e+02
      vertex   -1.355230e+02 3.861318e+02 1.736848e+02
      vertex   -1.353750e+02 3.861073e+02 1.761848e+02
    endloop
  endfacet
  facet normal -1.633774e-01 -9.865637e-01 -0.000000e+00
    outer loop
      vertex   -1.353750e+02 3.861073e+02 1.761848e+02
      vertex   -1.355230e+02 3.861318e+02 1.736848e+02
      vertex   -1.353750e+02 3.861073e+02 1.736848e+02
    endloop
  endfacet
  facet normal -2.550428e-01 -9.669298e-01 -0.000000e+00
    outer loop
      vertex   -1.353750e+02 3.861073e+02 1.761848e+02
      vertex   -1.353750e+02 3.861073e+02 1.736848e+02
      vertex   -1.352300e+02 3.860690e+02 1.761848e+02
    endloop
  endfacet
  facet normal -2.550428e-01 -9.669298e-01 -0.000000e+00
    outer loop
      vertex   -1.352300e+02 3.860690e+02 1.761848e+02
      vertex   -1.353750e+02 3.861073e+02 1.736848e+02
      vertex   -1.352300e+02 3.860690e+02 1.736848e+02
    endloop
  endfacet
  facet normal -3.444669e-01 -9.387985e-01 -0.000000e+00
    outer loop
      vertex   -1.352300e+02 3.860690e+02 1.761848e+02
      vertex   -1.352300e+02 3.860690e+02 1.736848e+02
      vertex   -1.350892e+02 3.860173e+02 1.761848e+02
    endloop
  endfacet
  facet normal -3.444669e-01 -9.387985e-01 -0.000000e+00
    outer loop
      vertex   -1.350892e+02 3.860173e+02 1.761848e+02
      vertex   -1.352300e+02 3.860690e+02 1.736848e+02
      vertex   -1.350892e+02 3.860173e+02 1.736848e+02
    endloop
  endfacet
  facet normal -4.308637e-01 -9.024170e-01 -0.000000e+00
    outer loop
      vertex   -1.350892e+02 3.860173e+02 1.761848e+02
      vertex   -1.350892e+02 3.860173e+02 1.736848e+02
      vertex   -1.349538e+02 3.859527e+02 1.761848e+02
    endloop
  endfacet
  facet normal -4.308637e-01 -9.024170e-01 -0.000000e+00
    outer loop
      vertex   -1.349538e+02 3.859527e+02 1.761848e+02
      vertex   -1.350892e+02 3.860173e+02 1.736848e+02
      vertex   -1.349538e+02 3.859527e+02 1.736848e+02
    endloop
  endfacet
  facet normal -5.134742e-01 -8.581050e-01 -0.000000e+00
    outer loop
      vertex   -1.349538e+02 3.859527e+02 1.761848e+02
      vertex   -1.349538e+02 3.859527e+02 1.736848e+02
      vertex   -1.348251e+02 3.858757e+02 1.761848e+02
    endloop
  endfacet
  facet normal -5.134742e-01 -8.581050e-01 -0.000000e+00
    outer loop
      vertex   -1.348251e+02 3.858757e+02 1.761848e+02
      vertex   -1.349538e+02 3.859527e+02 1.736848e+02
      vertex   -1.348251e+02 3.858757e+02 1.736848e+02
    endloop
  endfacet
  facet normal -5.915722e-01 -8.062520e-01 -0.000000e+00
    outer loop
      vertex   -1.348251e+02 3.858757e+02 1.761848e+02
      vertex   -1.348251e+02 3.858757e+02 1.736848e+02
      vertex   -1.347042e+02 3.857870e+02 1.761848e+02
    endloop
  endfacet
  facet normal -5.915722e-01 -8.062520e-01 -0.000000e+00
    outer loop
      vertex   -1.347042e+02 3.857870e+02 1.761848e+02
      vertex   -1.348251e+02 3.858757e+02 1.736848e+02
      vertex   -1.347042e+02 3.857870e+02 1.736848e+02
    endloop
  endfacet
  facet normal -6.644715e-01 -7.473136e-01 -0.000000e+00
    outer loop
      vertex   -1.347042e+02 3.857870e+02 1.761848e+02
      vertex   -1.347042e+02 3.857870e+02 1.736848e+02
      vertex   -1.345921e+02 3.856873e+02 1.761848e+02
    endloop
  endfacet
  facet normal -6.644715e-01 -7.473136e-01 -0.000000e+00
    outer loop
      vertex   -1.345921e+02 3.856873e+02 1.761848e+02
      vertex   -1.347042e+02 3.857870e+02 1.736848e+02
      vertex   -1.345921e+02 3.856873e+02 1.736848e+02
    endloop
  endfacet
  facet normal -7.315313e-01 -6.818078e-01 -0.000000e+00
    outer loop
      vertex   -1.345921e+02 3.856873e+02 1.761848e+02
      vertex   -1.345921e+02 3.856873e+02 1.736848e+02
      vertex   -1.344898e+02 3.855776e+02 1.761848e+02
    endloop
  endfacet
  facet normal -7.315313e-01 -6.818078e-01 -0.000000e+00
    outer loop
      vertex   -1.344898e+02 3.855776e+02 1.761848e+02
      vertex   -1.345921e+02 3.856873e+02 1.736848e+02
      vertex   -1.344898e+02 3.855776e+02 1.736848e+02
    endloop
  endfacet
  facet normal -7.921625e-01 -6.103103e-01 -0.000000e+00
    outer loop
      vertex   -1.344898e+02 3.855776e+02 1.761848e+02
      vertex   -1.344898e+02 3.855776e+02 1.736848e+02
      vertex   -1.343983e+02 3.854588e+02 1.761848e+02
    endloop
  endfacet
  facet normal -7.921625e-01 -6.103103e-01 -0.000000e+00
    outer loop
      vertex   -1.343983e+02 3.854588e+02 1.761848e+02
      vertex   -1.344898e+02 3.855776e+02 1.736848e+02
      vertex   -1.343983e+02 3.854588e+02 1.736848e+02
    endloop
  endfacet
  facet normal -8.458321e-01 -5.334493e-01 -0.000000e+00
    outer loop
      vertex   -1.343983e+02 3.854588e+02 1.761848e+02
      vertex   -1.343983e+02 3.854588e+02 1.736848e+02
      vertex   -1.343183e+02 3.853319e+02 1.761848e+02
    endloop
  endfacet
  facet normal -8.458321e-01 -5.334493e-01 -0.000000e+00
    outer loop
      vertex   -1.343183e+02 3.853319e+02 1.761848e+02
      vertex   -1.343983e+02 3.854588e+02 1.736848e+02
      vertex   -1.343183e+02 3.853319e+02 1.736848e+02
    endloop
  endfacet
  facet normal -8.920684e-01 -4.519003e-01 -0.000000e+00
    outer loop
      vertex   -1.343183e+02 3.853319e+02 1.761848e+02
      vertex   -1.343183e+02 3.853319e+02 1.736848e+02
      vertex   -1.342505e+02 3.851981e+02 1.761848e+02
    endloop
  endfacet
  facet normal -8.920684e-01 -4.519003e-01 -0.000000e+00
    outer loop
      vertex   -1.342505e+02 3.851981e+02 1.761848e+02
      vertex   -1.343183e+02 3.853319e+02 1.736848e+02
      vertex   -1.342505e+02 3.851981e+02 1.736848e+02
    endloop
  endfacet
  facet normal -9.304653e-01 -3.663800e-01 -0.000000e+00
    outer loop
      vertex   -1.342505e+02 3.851981e+02 1.761848e+02
      vertex   -1.342505e+02 3.851981e+02 1.736848e+02
      vertex   -1.341956e+02 3.850585e+02 1.761848e+02
    endloop
  endfacet
  facet normal -9.304653e-01 -3.663800e-01 -0.000000e+00
    outer loop
      vertex   -1.341956e+02 3.850585e+02 1.761848e+02
      vertex   -1.342505e+02 3.851981e+02 1.736848e+02
      vertex   -1.341956e+02 3.850585e+02 1.736848e+02
    endloop
  endfacet
  facet normal -9.606852e-01 -2.776400e-01 -0.000000e+00
    outer loop
      vertex   -1.341956e+02 3.850585e+02 1.761848e+02
      vertex   -1.341956e+02 3.850585e+02 1.736848e+02
      vertex   -1.341539e+02 3.849144e+02 1.761848e+02
    endloop
  endfacet
  facet normal -9.606852e-01 -2.776400e-01 -0.000000e+00
    outer loop
      vertex   -1.341539e+02 3.849144e+02 1.761848e+02
      vertex   -1.341956e+02 3.850585e+02 1.736848e+02
      vertex   -1.341539e+02 3.849144e+02 1.736848e+02
    endloop
  endfacet
  facet normal -9.824625e-01 -1.864601e-01 -0.000000e+00
    outer loop
      vertex   -1.341539e+02 3.849144e+02 1.761848e+02
      vertex   -1.341539e+02 3.849144e+02 1.736848e+02
      vertex   -1.341259e+02 3.847671e+02 1.761848e+02
    endloop
  endfacet
  facet normal -9.824625e-01 -1.864601e-01 -0.000000e+00
    outer loop
      vertex   -1.341259e+02 3.847671e+02 1.761848e+02
      vertex   -1.341539e+02 3.849144e+02 1.736848e+02
      vertex   -1.341259e+02 3.847671e+02 1.736848e+02
    endloop
  endfacet
  facet normal -9.956060e-01 -9.364149e-02 -0.000000e+00
    outer loop
      vertex   -1.341259e+02 3.847671e+02 1.761848e+02
      vertex   -1.341259e+02 3.847671e+02 1.736848e+02
      vertex   -1.341119e+02 3.846177e+02 1.761848e+02
    endloop
  endfacet
  facet normal -9.956060e-01 -9.364149e-02 -0.000000e+00
    outer loop
      vertex   -1.341119e+02 3.846177e+02 1.761848e+02
      vertex   -1.341259e+02 3.847671e+02 1.736848e+02
      vertex   -1.341119e+02 3.846177e+02 1.736848e+02
    endloop
  endfacet
  facet normal -1.000000e+00 -0.000000e+00 -0.000000e+00
    outer loop
      vertex   -1.341119e+02 3.846177e+02 1.761848e+02
      vertex   -1.341119e+02 3.846177e+02 1.736848e+02
      vertex   -1.341119e+02 3.844677e+02 1.761848e+02
    endloop
  endfacet
  facet normal -1.000000e+00 0.000000e+00 0.000000e+00
    outer loop
      vertex   -1.341119e+02 3.844677e+02 1.761848e+02
      vertex   -1.341119e+02 3.846177e+02 1.736848e+02
      vertex   -1.341119e+02 3.844677e+02 1.736848e+02
    endloop
  endfacet
  facet normal -9.956060e-01 9.364149e-02 0.000000e+00
    outer loop
      vertex   -1.341119e+02 3.844677e+02 1.761848e+02
      vertex   -1.341119e+02 3.844677e+02 1.736848e+02
      vertex   -1.341259e+02 3.843184e+02 1.761848e+02
    endloop
  endfacet
  facet normal -9.956060e-01 9.364149e-02 0.000000e+00
    outer loop
      vertex   -1.341259e+02 3.843184e+02 1.761848e+02
      vertex   -1.341119e+02 3.844677e+02 1.736848e+02
      vertex   -1.341259e+02 3.843184e+02 1.736848e+02
    endloop
  endfacet
  facet normal -9.824625e-01 1.864601e-01 0.000000e+00
    outer loop
      vertex   -1.341259e+02 3.843184e+02 1.761848e+02
      vertex   -1.341259e+02 3.843184e+02 1.736848e+02
      vertex   -1.341539e+02 3.841710e+02 1.761848e+02
    endloop
  endfacet
  facet normal -9.824625e-01 1.864601e-01 0.000000e+00
    outer loop
      vertex   -1.341539e+02 3.841710e+02 1.761848e+02
      vertex   -1.341259e+02 3.843184e+02 1.736848e+02
      vertex   -1.341539e+02 3.841710e+02 1.736848e+02
    endloop
  endfacet
  facet normal -9.606852e-01 2.776400e-01 0.000000e+00
    outer loop
      vertex   -1.341539e+02 3.841710e+02 1.761848e+02
      vertex   -1.341539e+02 3.841710e+02 1.736848e+02
      vertex   -1.341956e+02 3.840270e+02 1.761848e+02
    endloop
  endfacet
  facet normal -9.606852e-01 2.776400e-01 0.000000e+00
    outer loop
      vertex   -1.341956e+02 3.840270e+02 1.761848e+02
      vertex   -1.341539e+02 3.841710e+02 1.736848e+02
      vertex   -1.341956e+02 3.840270e+02 1.736848e+02
    endloop
  endfacet
  facet normal -9.304653e-01 3.663800e-01 0.000000e+00
    outer loop
      vertex   -1.341956e+02 3.840270e+02 1.761848e+02
      vertex   -1.341956e+02 3.840270e+02 1.736848e+02
      vertex   -1.342505e+02 3.838874e+02 1.761848e+02
    endloop
  endfacet
  facet normal -9.304653e-01 3.663800e-01 0.000000e+00
    outer loop
      vertex   -1.342505e+02 3.838874e+02 1.761848e+02
      vertex   -1.341956e+02 3.840270e+02 1.736848e+02
      vertex   -1.342505e+02 3.838874e+02 1.736848e+02
    endloop
  endfacet
  facet normal -8.920684e-01 4.519003e-01 0.000000e+00
    outer loop
      vertex   -1.342505e+02 3.838874e+02 1.761848e+02
      vertex   -1.342505e+02 3.838874e+02 1.736848e+02
      vertex   -1.343183e+02 3.837536e+02 1.761848e+02
    endloop
  endfacet
  facet normal -8.920684e-01 4.519003e-01 0.000000e+00
    outer loop
      vertex   -1.343183e+02 3.837536e+02 1.761848e+02
      vertex   -1.342505e+02 3.838874e+02 1.736848e+02
      vertex   -1.343183e+02 3.837536e+02 1.736848e+02
    endloop
  endfacet
  facet normal -8.458321e-01 5.334493e-01 0.000000e+00
    outer loop
      vertex   -1.343183e+02 3.837536e+02 1.761848e+02
      vertex   -1.343183e+02 3.837536e+02 1.736848e+02
      vertex   -1.343983e+02 3.836267e+02 1.761848e+02
    endloop
  endfacet
  facet normal -8.458321e-01 5.334493e-01 0.000000e+00
    outer loop
      vertex   -1.343983e+02 3.836267e+02 1.761848e+02
      vertex   -1.343183e+02 3.837536e+02 1.736848e+02
      vertex   -1.343983e+02 3.836267e+02 1.736848e+02
    endloop
  endfacet
  facet normal -7.921625e-01 6.103103e-01 0.000000e+00
    outer loop
      vertex   -1.343983e+02 3.836267e+02 1.761848e+02
      vertex   -1.343983e+02 3.836267e+02 1.736848e+02
      vertex   -1.344898e+02 3.835079e+02 1.761848e+02
    endloop
  endfacet
  facet normal -7.921625e-01 6.103103e-01 0.000000e+00
    outer loop
      vertex   -1.344898e+02 3.835079e+02 1.761848e+02
      vertex   -1.343983e+02 3.836267e+02 1.736848e+02
      vertex   -1.344898e+02 3.835079e+02 1.736848e+02
    endloop
  endfacet
  facet normal -7.315313e-01 6.818078e-01 0.000000e+00
    outer loop
      vertex   -1.344898e+02 3.835079e+02 1.761848e+02
      vertex   -1.344898e+02 3.835079e+02 1.736848e+02
      vertex   -1.345921e+02 3.833982e+02 1.761848e+02
    endloop
  endfacet
  facet normal -7.315313e-01 6.818078e-01 0.000000e+00
    outer loop
      vertex   -1.345921e+02 3.833982e+02 1.761848e+02
      vertex   -1.344898e+02 3.835079e+02 1.736848e+02
      vertex   -1.345921e+02 3.833982e+02 1.736848e+02
    endloop
  endfacet
  facet normal -6.644715e-01 7.473136e-01 0.000000e+00
    outer loop
      vertex   -1.345921e+02 3.833982e+02 1.761848e+02
      vertex   -1.345921e+02 3.833982e+02 1.736848e+02
      vertex   -1.347042e+02 3.832985e+02 1.761848e+02
    endloop
  endfacet
  facet normal -6.644715e-01 7.473136e-01 0.000000e+00
    outer loop
      vertex   -1.347042e+02 3.832985e+02 1.761848e+02
      vertex   -1.345921e+02 3.833982e+02 1.736848e+02
      vertex   -1.347042e+02 3.832985e+02 1.736848e+02
    endloop
  endfacet
  facet normal -5.915722e-01 8.062520e-01 0.000000e+00
    outer loop
      vertex   -1.347042e+02 3.832985e+02 1.761848e+02
      vertex   -1.347042e+02 3.832985e+02 1.736848e+02
      vertex   -1.348251e+02 3.832098e+02 1.761848e+02
    endloop
  endfacet
  facet normal -5.915722e-01 8.062520e-01 0.000000e+00
    outer loop
      vertex   -1.348251e+02 3.832098e+02 1.761848e+02
      vertex   -1.347042e+02 3.832985e+02 1.736848e+02
      vertex   -1.348251e+02 3.832098e+02 1.736848e+02
    endloop
  endfacet
  facet normal -5.134742e-01 8.581050e-01 0.000000e+00
    outer loop
      vertex   -1.348251e+02 3.832098e+02 1.761848e+02
      vertex   -1.348251e+02 3.832098e+02 1.736848e+02
      vertex   -1.349538e+02 3.831328e+02 1.761848e+02
    endloop
  endfacet
  facet normal -5.134742e-01 8.581050e-01 0.000000e+00
    outer loop
      vertex   -1.349538e+02 3.831328e+02 1.761848e+02
      vertex   -1.348251e+02 3.832098e+02 1.736848e+02
      vertex   -1.349538e+02 3.831328e+02 1.736848e+02
    endloop
  endfacet
  facet normal -4.308637e-01 9.024170e-01 0.000000e+00
    outer loop
      vertex   -1.349538e+02 3.831328e+02 1.761848e+02
      vertex   -1.349538e+02 3.831328e+02 1.736848e+02
      vertex   -1.350892e+02 3.830681e+02 1.761848e+02
    endloop
  endfacet
  facet normal -4.308637e-01 9.024170e-01 0.000000e+00
    outer loop
      vertex   -1.350892e+02 3.830681e+02 1.761848e+02
      vertex   -1.349538e+02 3.831328e+02 1.736848e+02
      vertex   -1.350892e+02 3.830681e+02 1.736848e+02
    endloop
  endfacet
  facet normal -3.444669e-01 9.387985e-01 0.000000e+00
    outer loop
      vertex   -1.350892e+02 3.830681e+02 1.761848e+02
      vertex   -1.350892e+02 3.830681e+02 1.736848e+02
      vertex   -1.352300e+02 3.830165e+02 1.761848e+02
    endloop
  endfacet
  facet normal -3.444669e-01 9.387985e-01 -3.916135e-15
    outer loop
      vertex   -1.352300e+02 3.830165e+02 1.761848e+02
      vertex   -1.350892e+02 3.830681e+02 1.736848e+02
      vertex   -1.352300e+02 3.830165e+02 1.736848e+02
    endloop
  endfacet
  facet normal -2.550428e-01 9.669298e-01 -2.899501e-15
    outer loop
      vertex   -1.352300e+02 3.830165e+02 1.761848e+02
      vertex   -1.352300e+02 3.830165e+02 1.736848e+02
      vertex   -1.353750e+02 3.829782e+02 1.761848e+02
    endloop
  endfacet
  facet normal -2.550428e-01 9.669298e-01 0.000000e+00
    outer loop
      vertex   -1.353750e+02 3.829782e+02 1.761848e+02
      vertex   -1.352300e+02 3.830165e+02 1.736848e+02
      vertex   -1.353750e+02 3.829782e+02 1.736848e+02
    endloop
  endfacet
  facet normal -1.633774e-01 9.865637e-01 0.000000e+00
    outer loop
      vertex   -1.353750e+02 3.829782e+02 1.761848e+02
      vertex   -1.353750e+02 3.829782e+02 1.736848e+02
      vertex   -1.355230e+02 3.829537e+02 1.761848e+02
    endloop
  endfacet
  facet normal -1.633774e-01 9.865637e-01 0.000000e+00
    outer loop
      vertex   -1.355230e+02 3.829537e+02 1.761848e+02
      vertex   -1.353750e+02 3.829782e+02 1.736848e+02
      vertex   -1.355230e+02 3.829537e+02 1.736848e+02
    endloop
  endfacet
  facet normal -7.027619e-02 9.975276e-01 0.000000e+00
    outer loop
      vertex   -1.355230e+02 3.829537e+02 1.761848e+02
      vertex   -1.355230e+02 3.829537e+02 1.736848e+02
      vertex   -1.356726e+02 3.829432e+02 1.761848e+02
    endloop
  endfacet
  facet normal -7.027619e-02 9.975276e-01 0.000000e+00
    outer loop
      vertex   -1.356726e+02 3.829432e+02 1.761848e+02
      vertex   -1.355230e+02 3.829537e+02 1.736848e+02
      vertex   -1.356726e+02 3.829432e+02 1.736848e+02
    endloop
  endfacet
  facet normal 2.344257e-02 9.997252e-01 0.000000e+00
    outer loop
      vertex   -1.356726e+02 3.829432e+02 1.761848e+02
      vertex   -1.356726e+02 3.829432e+02 1.736848e+02
      vertex   -1.358226e+02 3.829467e+02 1.761848e+02
    endloop
  endfacet
  facet normal 2.344257e-02 9.997252e-01 0.000000e+00
    outer loop
      vertex   -1.358226e+02 3.829467e+02 1.761848e+02
      vertex   -1.356726e+02 3.829432e+02 1.736848e+02
      vertex   -1.358226e+02 3.829467e+02 1.736848e+02
    endloop
  endfacet
  facet normal 1.169553e-01 9.931372e-01 0.000000e+00
    outer loop
      vertex   -1.358226e+02 3.829467e+02 1.761848e+02
      vertex   -1.358226e+02 3.829467e+02 1.736848e+02
      vertex   -1.359715e+02 3.829642e+02 1.761848e+02
    endloop
  endfacet
  facet normal 1.169553e-01 9.931372e-01 0.000000e+00
    outer loop
      vertex   -1.359715e+02 3.829642e+02 1.761848e+02
      vertex   -1.358226e+02 3.829467e+02 1.736848e+02
      vertex   -1.359715e+02 3.829642e+02 1.736848e+02
    endloop
  endfacet
  facet normal 2.094403e-01 9.778214e-01 0.000000e+00
    outer loop
      vertex   -1.359715e+02 3.829642e+02 1.761848e+02
      vertex   -1.359715e+02 3.829642e+02 1.736848e+02
      vertex   -1.361182e+02 3.829957e+02 1.761848e+02
    endloop
  endfacet
  facet normal 2.094403e-01 9.778214e-01 0.000000e+00
    outer loop
      vertex   -1.361182e+02 3.829957e+02 1.761848e+02
      vertex   -1.359715e+02 3.829642e+02 1.736848e+02
      vertex   -1.361182e+02 3.829957e+02 1.736848e+02
    endloop
  endfacet
  facet normal 3.000846e-01 9.539126e-01 0.000000e+00
    outer loop
      vertex   -1.361182e+02 3.829957e+02 1.761848e+02
      vertex   -1.361182e+02 3.829957e+02 1.736848e+02
      vertex   -1.362613e+02 3.830407e+02 1.761848e+02
    endloop
  endfacet
  facet normal 3.000846e-01 9.539126e-01 0.000000e+00
    outer loop
      vertex   -1.362613e+02 3.830407e+02 1.761848e+02
      vertex   -1.361182e+02 3.829957e+02 1.736848e+02
      vertex   -1.362613e+02 3.830407e+02 1.736848e+02
    endloop
  endfacet
  facet normal 3.880919e-01 9.216207e-01 0.000000e+00
    outer loop
      vertex   -1.362613e+02 3.830407e+02 1.761848e+02
      vertex   -1.362613e+02 3.830407e+02 1.736848e+02
      vertex   -1.363995e+02 3.830989e+02 1.761848e+02
    endloop
  endfacet
  facet normal 3.880919e-01 9.216207e-01 0.000000e+00
    outer loop
      vertex   -1.363995e+02 3.830989e+02 1.761848e+02
      vertex   -1.362613e+02 3.830407e+02 1.736848e+02
      vertex   -1.363995e+02 3.830989e+02 1.736848e+02
    endloop
  endfacet
  facet normal 4.726885e-01 8.812296e-01 0.000000e+00
    outer loop
      vertex   -1.363995e+02 3.830989e+02 1.761848e+02
      vertex   -1.363995e+02 3.830989e+02 1.736848e+02
      vertex   -1.365317e+02 3.831698e+02 1.761848e+02
    endloop
  endfacet
  facet normal 4.726885e-01 8.812296e-01 0.000000e+00
    outer loop
      vertex   -1.365317e+02 3.831698e+02 1.761848e+02
      vertex   -1.363995e+02 3.830989e+02 1.736848e+02
      vertex   -1.365317e+02 3.831698e+02 1.736848e+02
    endloop
  endfacet
  facet normal 5.531312e-01 8.330942e-01 0.000000e+00
    outer loop
      vertex   -1.365317e+02 3.831698e+02 1.761848e+02
      vertex   -1.365317e+02 3.831698e+02 1.736848e+02
      vertex   -1.366567e+02 3.832527e+02 1.761848e+02
    endloop
  endfacet
  facet normal 5.531312e-01 8.330942e-01 0.000000e+00
    outer loop
      vertex   -1.366567e+02 3.832527e+02 1.761848e+02
      vertex   -1.365317e+02 3.831698e+02 1.736848e+02
      vertex   -1.366567e+02 3.832527e+02 1.736848e+02
    endloop
  endfacet
  facet normal 6.287129e-01 7.776375e-01 0.000000e+00
    outer loop
      vertex   -1.366567e+02 3.832527e+02 1.761848e+02
      vertex   -1.366567e+02 3.832527e+02 1.736848e+02
      vertex   -1.367733e+02 3.833470e+02 1.761848e+02
    endloop
  endfacet
  facet normal 6.287129e-01 7.776375e-01 0.000000e+00
    outer loop
      vertex   -1.367733e+02 3.833470e+02 1.761848e+02
      vertex   -1.366567e+02 3.832527e+02 1.736848e+02
      vertex   -1.367733e+02 3.833470e+02 1.736848e+02
    endloop
  endfacet
  facet normal 6.987694e-01 7.153470e-01 0.000000e+00
    outer loop
      vertex   -1.367733e+02 3.833470e+02 1.761848e+02
      vertex   -1.367733e+02 3.833470e+02 1.736848e+02
      vertex   -1.368806e+02 3.834518e+02 1.761848e+02
    endloop
  endfacet
  facet normal 6.987694e-01 7.153470e-01 0.000000e+00
    outer loop
      vertex   -1.368806e+02 3.834518e+02 1.761848e+02
      vertex   -1.367733e+02 3.833470e+02 1.736848e+02
      vertex   -1.368806e+02 3.834518e+02 1.736848e+02
    endloop
  endfacet
  facet normal 7.626852e-01 6.467699e-01 0.000000e+00
    outer loop
      vertex   -1.368806e+02 3.834518e+02 1.761848e+02
      vertex   -1.368806e+02 3.834518e+02 1.736848e+02
      vertex   -1.369776e+02 3.835662e+02 1.761848e+02
    endloop
  endfacet
  facet normal 7.626852e-01 6.467699e-01 0.000000e+00
    outer loop
      vertex   -1.369776e+02 3.835662e+02 1.761848e+02
      vertex   -1.368806e+02 3.834518e+02 1.736848e+02
      vertex   -1.369776e+02 3.835662e+02 1.736848e+02
    endloop
  endfacet
  facet normal 8.198984e-01 5.725090e-01 0.000000e+00
    outer loop
      vertex   -1.369776e+02 3.835662e+02 1.761848e+02
      vertex   -1.369776e+02 3.835662e+02 1.736848e+02
      vertex   -1.370635e+02 3.836892e+02 1.761848e+02
    endloop
  endfacet
  facet normal 8.198984e-01 5.725090e-01 0.000000e+00
    outer loop
      vertex   -1.370635e+02 3.836892e+02 1.761848e+02
      vertex   -1.369776e+02 3.835662e+02 1.736848e+02
      vertex   -1.370635e+02 3.836892e+02 1.736848e+02
    endloop
  endfacet
  facet normal 8.699064e-01 4.932169e-01 0.000000e+00
    outer loop
      vertex   -1.370635e+02 3.836892e+02 1.761848e+02
      vertex   -1.370635e+02 3.836892e+02 1.736848e+02
      vertex   -1.371375e+02 3.838197e+02 1.761848e+02
    endloop
  endfacet
  facet normal 8.699064e-01 4.932169e-01 0.000000e+00
    outer loop
      vertex   -1.371375e+02 3.838197e+02 1.761848e+02
      vertex   -1.370635e+02 3.836892e+02 1.736848e+02
      vertex   -1.371375e+02 3.838197e+02 1.736848e+02
    endloop
  endfacet
  facet normal 9.122696e-01 4.095904e-01 0.000000e+00
    outer loop
      vertex   -1.371375e+02 3.838197e+02 1.761848e+02
      vertex   -1.371375e+02 3.838197e+02 1.736848e+02
      vertex   -1.371989e+02 3.839565e+02 1.761848e+02
    endloop
  endfacet
  facet normal 9.122696e-01 4.095904e-01 0.000000e+00
    outer loop
      vertex   -1.371989e+02 3.839565e+02 1.761848e+02
      vertex   -1.371375e+02 3.838197e+02 1.736848e+02
      vertex   -1.371989e+02 3.839565e+02 1.736848e+02
    endloop
  endfacet
  facet normal 9.466157e-01 3.223643e-01 0.000000e+00
    outer loop
      vertex   -1.371989e+02 3.839565e+02 1.761848e+02
      vertex   -1.371989e+02 3.839565e+02 1.736848e+02
      vertex   -1.372472e+02 3.840985e+02 1.761848e+02
    endloop
  endfacet
  facet normal 9.466157e-01 3.223643e-01 0.000000e+00
    outer loop
      vertex   -1.372472e+02 3.840985e+02 1.761848e+02
      vertex   -1.371989e+02 3.839565e+02 1.736848e+02
      vertex   -1.372472e+02 3.840985e+02 1.736848e+02
    endloop
  endfacet
  facet normal 9.726429e-01 2.323054e-01 0.000000e+00
    outer loop
      vertex   -1.372472e+02 3.840985e+02 1.761848e+02
      vertex   -1.372472e+02 3.840985e+02 1.736848e+02
      vertex   -1.372821e+02 3.842444e+02 1.761848e+02
    endloop
  endfacet
  facet normal 9.726429e-01 2.323054e-01 0.000000e+00
    outer loop
      vertex   -1.372821e+02 3.842444e+02 1.761848e+02
      vertex   -1.372472e+02 3.840985e+02 1.736848e+02
      vertex   -1.372821e+02 3.842444e+02 1.736848e+02
    endloop
  endfacet
  facet normal 9.901225e-01 1.402049e-01 0.000000e+00
    outer loop
      vertex   -1.372821e+02 3.842444e+02 1.761848e+02
      vertex   -1.372821e+02 3.842444e+02 1.736848e+02
      vertex   -1.373031e+02 3.843929e+02 1.761848e+02
    endloop
  endfacet
  facet normal 9.901225e-01 1.402049e-01 0.000000e+00
    outer loop
      vertex   -1.373031e+02 3.843929e+02 1.761848e+02
      vertex   -1.372821e+02 3.842444e+02 1.736848e+02
      vertex   -1.373031e+02 3.843929e+02 1.736848e+02
    endloop
  endfacet
  facet normal 9.989009e-01 4.687226e-02 0.000000e+00
    outer loop
      vertex   -1.373031e+02 3.843929e+02 1.827848e+02
      vertex   -1.373031e+02 3.843929e+02 1.802848e+02
      vertex   -1.373101e+02 3.845427e+02 1.827848e+02
    endloop
  endfacet
  facet normal 9.989009e-01 4.687226e-02 3.974666e-13
    outer loop
      vertex   -1.373101e+02 3.845427e+02 1.827848e+02
      vertex   -1.373031e+02 3.843929e+02 1.802848e+02
      vertex   -1.373101e+02 3.845427e+02 1.802848e+02
    endloop
  endfacet
  facet normal 9.989009e-01 -4.687226e-02 3.974666e-13
    outer loop
      vertex   -1.373101e+02 3.845427e+02 1.827848e+02
      vertex   -1.373101e+02 3.845427e+02 1.802848e+02
      vertex   -1.373031e+02 3.846926e+02 1.827848e+02
    endloop
  endfacet
  facet normal 9.989009e-01 -4.687226e-02 0.000000e+00
    outer loop
      vertex   -1.373031e+02 3.846926e+02 1.827848e+02
      vertex   -1.373101e+02 3.845427e+02 1.802848e+02
      vertex   -1.373031e+02 3.846926e+02 1.802848e+02
    endloop
  endfacet
  facet normal 9.901225e-01 -1.402049e-01 0.000000e+00
    outer loop
      vertex   -1.373031e+02 3.846926e+02 1.827848e+02
      vertex   -1.373031e+02 3.846926e+02 1.802848e+02
      vertex   -1.372821e+02 3.848411e+02 1.827848e+02
    endloop
  endfacet
  facet normal 9.901225e-01 -1.402049e-01 0.000000e+00
    outer loop
      vertex   -1.372821e+02 3.848411e+02 1.827848e+02
      vertex   -1.373031e+02 3.846926e+02 1.802848e+02
      vertex   -1.372821e+02 3.848411e+02 1.802848e+02
    endloop
  endfacet
  facet normal 9.726429e-01 -2.323054e-01 0.000000e+00
    outer loop
      vertex   -1.372821e+02 3.848411e+02 1.827848e+02
      vertex   -1.372821e+02 3.848411e+02 1.802848e+02
      vertex   -1.372472e+02 3.849870e+02 1.827848e+02
    endloop
  endfacet
  facet normal 9.726429e-01 -2.323054e-01 0.000000e+00
    outer loop
      vertex   -1.372472e+02 3.849870e+02 1.827848e+02
      vertex   -1.372821e+02 3.848411e+02 1.802848e+02
      vertex   -1.372472e+02 3.849870e+02 1.802848e+02
    endloop
  endfacet
  facet normal 9.466157e-01 -3.223643e-01 0.000000e+00
    outer loop
      vertex   -1.372472e+02 3.849870e+02 1.827848e+02
      vertex   -1.372472e+02 3.849870e+02 1.802848e+02
      vertex   -1.371989e+02 3.851289e+02 1.827848e+02
    endloop
  endfacet
  facet normal 9.466157e-01 -3.223643e-01 0.000000e+00
    outer loop
      vertex   -1.371989e+02 3.851289e+02 1.827848e+02
      vertex   -1.372472e+02 3.849870e+02 1.802848e+02
      vertex   -1.371989e+02 3.851289e+02 1.802848e+02
    endloop
  endfacet
  facet normal 9.122696e-01 -4.095904e-01 0.000000e+00
    outer loop
      vertex   -1.371989e+02 3.851289e+02 1.827848e+02
      vertex   -1.371989e+02 3.851289e+02 1.802848e+02
      vertex   -1.371375e+02 3.852658e+02 1.827848e+02
    endloop
  endfacet
  facet normal 9.122696e-01 -4.095904e-01 0.000000e+00
    outer loop
      vertex   -1.371375e+02 3.852658e+02 1.827848e+02
      vertex   -1.371989e+02 3.851289e+02 1.802848e+02
      vertex   -1.371375e+02 3.852658e+02 1.802848e+02
    endloop
  endfacet
  facet normal 8.699064e-01 -4.932169e-01 0.000000e+00
    outer loop
      vertex   -1.371375e+02 3.852658e+02 1.827848e+02
      vertex   -1.371375e+02 3.852658e+02 1.802848e+02
      vertex   -1.370635e+02 3.853963e+02 1.827848e+02
    endloop
  endfacet
  facet normal 8.699064e-01 -4.932169e-01 0.000000e+00
    outer loop
      vertex   -1.370635e+02 3.853963e+02 1.827848e+02
      vertex   -1.371375e+02 3.852658e+02 1.802848e+02
      vertex   -1.370635e+02 3.853963e+02 1.802848e+02
    endloop
  endfacet
  facet normal 8.198984e-01 -5.725090e-01 0.000000e+00
    outer loop
      vertex   -1.370635e+02 3.853963e+02 1.827848e+02
      vertex   -1.370635e+02 3.853963e+02 1.802848e+02
      vertex   -1.369776e+02 3.855192e+02 1.827848e+02
    endloop
  endfacet
  facet normal 8.198984e-01 -5.725090e-01 0.000000e+00
    outer loop
      vertex   -1.369776e+02 3.855192e+02 1.827848e+02
      vertex   -1.370635e+02 3.853963e+02 1.802848e+02
      vertex   -1.369776e+02 3.855192e+02 1.802848e+02
    endloop
  endfacet
  facet normal 7.626852e-01 -6.467699e-01 0.000000e+00
    outer loop
      vertex   -1.369776e+02 3.855192e+02 1.827848e+02
      vertex   -1.369776e+02 3.855192e+02 1.802848e+02
      vertex   -1.368806e+02 3.856336e+02 1.827848e+02
    endloop
  endfacet
  facet normal 7.626852e-01 -6.467699e-01 0.000000e+00
    outer loop
      vertex   -1.368806e+02 3.856336e+02 1.827848e+02
      vertex   -1.369776e+02 3.855192e+02 1.802848e+02
      vertex   -1.368806e+02 3.856336e+02 1.802848e+02
    endloop
  endfacet
  facet normal 6.987694e-01 -7.153470e-01 0.000000e+00
    outer loop
      vertex   -1.368806e+02 3.856336e+02 1.827848e+02
      vertex   -1.368806e+02 3.856336e+02 1.802848e+02
      vertex   -1.367733e+02 3.857384e+02 1.827848e+02
    endloop
  endfacet
  facet normal 6.987694e-01 -7.153470e-01 0.000000e+00
    outer loop
      vertex   -1.367733e+02 3.857384e+02 1.827848e+02
      vertex   -1.368806e+02 3.856336e+02 1.802848e+02
      vertex   -1.367733e+02 3.857384e+02 1.802848e+02
    endloop
  endfacet
  facet normal 6.287129e-01 -7.776375e-01 0.000000e+00
    outer loop
      vertex   -1.367733e+02 3.857384e+02 1.827848e+02
      vertex   -1.367733e+02 3.857384e+02 1.802848e+02
      vertex   -1.366567e+02 3.858327e+02 1.827848e+02
    endloop
  endfacet
  facet normal 6.287129e-01 -7.776375e-01 0.000000e+00
    outer loop
      vertex   -1.366567e+02 3.858327e+02 1.827848e+02
      vertex   -1.367733e+02 3.857384e+02 1.802848e+02
      vertex   -1.366567e+02 3.858327e+02 1.802848e+02
    endloop
  endfacet
  facet normal 5.531312e-01 -8.330942e-01 0.000000e+00
    outer loop
      vertex   -1.366567e+02 3.858327e+02 1.827848e+02
      vertex   -1.366567e+02 3.858327e+02 1.802848e+02
      vertex   -1.365317e+02 3.859157e+02 1.827848e+02
    endloop
  endfacet
  facet normal 5.531312e-01 -8.330942e-01 0.000000e+00
    outer loop
      vertex   -1.365317e+02 3.859157e+02 1.827848e+02
      vertex   -1.366567e+02 3.858327e+02 1.802848e+02
      vertex   -1.365317e+02 3.859157e+02 1.802848e+02
    endloop
  endfacet
  facet normal 4.726885e-01 -8.812296e-01 0.000000e+00
    outer loop
      vertex   -1.365317e+02 3.859157e+02 1.827848e+02
      vertex   -1.365317e+02 3.859157e+02 1.802848e+02
      vertex   -1.363995e+02 3.859866e+02 1.827848e+02
    endloop
  endfacet
  facet normal 4.726885e-01 -8.812296e-01 0.000000e+00
    outer loop
      vertex   -1.363995e+02 3.859866e+02 1.827848e+02
      vertex   -1.365317e+02 3.859157e+02 1.802848e+02
      vertex   -1.363995e+02 3.859866e+02 1.802848e+02
    endloop
  endfacet
  facet normal 3.880919e-01 -9.216207e-01 0.000000e+00
    outer loop
      vertex   -1.363995e+02 3.859866e+02 1.827848e+02
      vertex   -1.363995e+02 3.859866e+02 1.802848e+02
      vertex   -1.362613e+02 3.860448e+02 1.827848e+02
    endloop
  endfacet
  facet normal 3.880919e-01 -9.216207e-01 0.000000e+00
    outer loop
      vertex   -1.362613e+02 3.860448e+02 1.827848e+02
      vertex   -1.363995e+02 3.859866e+02 1.802848e+02
      vertex   -1.362613e+02 3.860448e+02 1.802848e+02
    endloop
  endfacet
  facet normal 3.000846e-01 -9.539126e-01 0.000000e+00
    outer loop
      vertex   -1.362613e+02 3.860448e+02 1.827848e+02
      vertex   -1.362613e+02 3.860448e+02 1.802848e+02
      vertex   -1.361182e+02 3.860898e+02 1.827848e+02
    endloop
  endfacet
  facet normal 3.000846e-01 -9.539126e-01 0.000000e+00
    outer loop
      vertex   -1.361182e+02 3.860898e+02 1.827848e+02
      vertex   -1.362613e+02 3.860448e+02 1.802848e+02
      vertex   -1.361182e+02 3.860898e+02 1.802848e+02
    endloop
  endfacet
  facet normal 2.094403e-01 -9.778214e-01 0.000000e+00
    outer loop
      vertex   -1.361182e+02 3.860898e+02 1.827848e+02
      vertex   -1.361182e+02 3.860898e+02 1.802848e+02
      vertex   -1.359715e+02 3.861212e+02 1.827848e+02
    endloop
  endfacet
  facet normal 2.094403e-01 -9.778214e-01 0.000000e+00
    outer loop
      vertex   -1.359715e+02 3.861212e+02 1.827848e+02
      vertex   -1.361182e+02 3.860898e+02 1.802848e+02
      vertex   -1.359715e+02 3.861212e+02 1.802848e+02
    endloop
  endfacet
  facet normal 1.169553e-01 -9.931372e-01 0.000000e+00
    outer loop
      vertex   -1.359715e+02 3.861212e+02 1.827848e+02
      vertex   -1.359715e+02 3.861212e+02 1.802848e+02
      vertex   -1.358226e+02 3.861388e+02 1.827848e+02
    endloop
  endfacet
  facet normal 1.169553e-01 -9.931372e-01 0.000000e+00
    outer loop
      vertex   -1.358226e+02 3.861388e+02 1.827848e+02
      vertex   -1.359715e+02 3.861212e+02 1.802848e+02
      vertex   -1.358226e+02 3.861388e+02 1.802848e+02
    endloop
  endfacet
  facet normal 2.344257e-02 -9.997252e-01 0.000000e+00
    outer loop
      vertex   -1.358226e+02 3.861388e+02 1.827848e+02
      vertex   -1.358226e+02 3.861388e+02 1.802848e+02
      vertex   -1.356726e+02 3.861423e+02 1.827848e+02
    endloop
  endfacet
  facet normal 2.344257e-02 -9.997252e-01 0.000000e+00
    outer loop
      vertex   -1.356726e+02 3.861423e+02 1.827848e+02
      vertex   -1.358226e+02 3.861388e+02 1.802848e+02
      vertex   -1.356726e+02 3.861423e+02 1.802848e+02
    endloop
  endfacet
  facet normal -7.027619e-02 -9.975276e-01 -0.000000e+00
    outer loop
      vertex   -1.356726e+02 3.861423e+02 1.827848e+02
      vertex   -1.356726e+02 3.861423e+02 1.802848e+02
      vertex   -1.355230e+02 3.861318e+02 1.802848e+02
    endloop
  endfacet
  facet normal 9.901225e-01 1.402049e-01 -0.000000e+00
    outer loop
      vertex   -1.373031e+02 3.843929e+02 1.802848e+02
      vertex   -1.373031e+02 3.843929e+02 1.827848e+02
      vertex   -1.372821e+02 3.842444e+02 1.802848e+02
    endloop
  endfacet
  facet normal 9.901225e-01 1.402049e-01 -0.000000e+00
    outer loop
      vertex   -1.372821e+02 3.842444e+02 1.802848e+02
      vertex   -1.373031e+02 3.843929e+02 1.827848e+02
      vertex   -1.372821e+02 3.842444e+02 1.827848e+02
    endloop
  endfacet
  facet normal 9.726429e-01 2.323054e-01 -0.000000e+00
    outer loop
      vertex   -1.372821e+02 3.842444e+02 1.802848e+02
      vertex   -1.372821e+02 3.842444e+02 1.827848e+02
      vertex   -1.372472e+02 3.840985e+02 1.802848e+02
    endloop
  endfacet
  facet normal 9.726429e-01 2.323054e-01 -0.000000e+00
    outer loop
      vertex   -1.372472e+02 3.840985e+02 1.802848e+02
      vertex   -1.372821e+02 3.842444e+02 1.827848e+02
      vertex   -1.372472e+02 3.840985e+02 1.827848e+02
    endloop
  endfacet
  facet normal 9.466157e-01 3.223643e-01 -0.000000e+00
    outer loop
      vertex   -1.372472e+02 3.840985e+02 1.802848e+02
      vertex   -1.372472e+02 3.840985e+02 1.827848e+02
      vertex   -1.371989e+02 3.839565e+02 1.802848e+02
    endloop
  endfacet
  facet normal 9.466157e-01 3.223643e-01 -0.000000e+00
    outer loop
      vertex   -1.371989e+02 3.839565e+02 1.802848e+02
      vertex   -1.372472e+02 3.840985e+02 1.827848e+02
      vertex   -1.371989e+02 3.839565e+02 1.827848e+02
    endloop
  endfacet
  facet normal 9.122696e-01 4.095904e-01 -0.000000e+00
    outer loop
      vertex   -1.371989e+02 3.839565e+02 1.802848e+02
      vertex   -1.371989e+02 3.839565e+02 1.827848e+02
      vertex   -1.371375e+02 3.838197e+02 1.802848e+02
    endloop
  endfacet
  facet normal 9.122696e-01 4.095904e-01 -0.000000e+00
    outer loop
      vertex   -1.371375e+02 3.838197e+02 1.802848e+02
      vertex   -1.371989e+02 3.839565e+02 1.827848e+02
      vertex   -1.371375e+02 3.838197e+02 1.827848e+02
    endloop
  endfacet
  facet normal 8.699064e-01 4.932169e-01 -0.000000e+00
    outer loop
      vertex   -1.371375e+02 3.838197e+02 1.802848e+02
      vertex   -1.371375e+02 3.838197e+02 1.827848e+02
      vertex   -1.370635e+02 3.836892e+02 1.802848e+02
    endloop
  endfacet
  facet normal 8.699064e-01 4.932169e-01 -0.000000e+00
    outer loop
      vertex   -1.370635e+02 3.836892e+02 1.802848e+02
      vertex   -1.371375e+02 3.838197e+02 1.827848e+02
      vertex   -1.370635e+02 3.836892e+02 1.827848e+02
    endloop
  endfacet
  facet normal 8.198984e-01 5.725090e-01 -0.000000e+00
    outer loop
      vertex   -1.370635e+02 3.836892e+02 1.802848e+02
      vertex   -1.370635e+02 3.836892e+02 1.827848e+02
      vertex   -1.369776e+02 3.835662e+02 1.802848e+02
    endloop
  endfacet
  facet normal 8.198984e-01 5.725090e-01 -0.000000e+00
    outer loop
      vertex   -1.369776e+02 3.835662e+02 1.802848e+02
      vertex   -1.370635e+02 3.836892e+02 1.827848e+02
      vertex   -1.369776e+02 3.835662e+02 1.827848e+02
    endloop
  endfacet
  facet normal 7.626852e-01 6.467699e-01 -0.000000e+00
    outer loop
      vertex   -1.369776e+02 3.835662e+02 1.802848e+02
      vertex   -1.369776e+02 3.835662e+02 1.827848e+02
      vertex   -1.368806e+02 3.834518e+02 1.802848e+02
    endloop
  endfacet
  facet normal 7.626852e-01 6.467699e-01 -0.000000e+00
    outer loop
      vertex   -1.368806e+02 3.834518e+02 1.802848e+02
      vertex   -1.369776e+02 3.835662e+02 1.827848e+02
      vertex   -1.368806e+02 3.834518e+02 1.827848e+02
    endloop
  endfacet
  facet normal 6.987694e-01 7.153470e-01 -0.000000e+00
    outer loop
      vertex   -1.368806e+02 3.834518e+02 1.802848e+02
      vertex   -1.368806e+02 3.834518e+02 1.827848e+02
      vertex   -1.367733e+02 3.833470e+02 1.802848e+02
    endloop
  endfacet
  facet normal 6.987694e-01 7.153470e-01 -0.000000e+00
    outer loop
      vertex   -1.367733e+02 3.833470e+02 1.802848e+02
      vertex   -1.368806e+02 3.834518e+02 1.827848e+02
      vertex   -1.367733e+02 3.833470e+02 1.827848e+02
    endloop
  endfacet
  facet normal 6.287129e-01 7.776375e-01 -0.000000e+00
    outer loop
      vertex   -1.367733e+02 3.833470e+02 1.802848e+02
      vertex   -1.367733e+02 3.833470e+02 1.827848e+02
      vertex   -1.366567e+02 3.832527e+02 1.802848e+02
    endloop
  endfacet
  facet normal 6.287129e-01 7.776375e-01 -0.000000e+00
    outer loop
      vertex   -1.366567e+02 3.832527e+02 1.802848e+02
      vertex   -1.367733e+02 3.833470e+02 1.827848e+02
      vertex   -1.366567e+02 3.832527e+02 1.827848e+02
    endloop
  endfacet
  facet normal 5.531312e-01 8.330942e-01 -0.000000e+00
    outer loop
      vertex   -1.366567e+02 3.832527e+02 1.802848e+02
      vertex   -1.366567e+02 3.832527e+02 1.827848e+02
      vertex   -1.365317e+02 3.831698e+02 1.802848e+02
    endloop
  endfacet
  facet normal 5.531312e-01 8.330942e-01 -0.000000e+00
    outer loop
      vertex   -1.365317e+02 3.831698e+02 1.802848e+02
      vertex   -1.366567e+02 3.832527e+02 1.827848e+02
      vertex   -1.365317e+02 3.831698e+02 1.827848e+02
    endloop
  endfacet
  facet normal 4.726885e-01 8.812296e-01 -0.000000e+00
    outer loop
      vertex   -1.365317e+02 3.831698e+02 1.802848e+02
      vertex   -1.365317e+02 3.831698e+02 1.827848e+02
      vertex   -1.363995e+02 3.830989e+02 1.802848e+02
    endloop
  endfacet
  facet normal 4.726885e-01 8.812296e-01 -0.000000e+00
    outer loop
      vertex   -1.363995e+02 3.830989e+02 1.802848e+02
      vertex   -1.365317e+02 3.831698e+02 1.827848e+02
      vertex   -1.363995e+02 3.830989e+02 1.827848e+02
    endloop
  endfacet
  facet normal 3.880919e-01 9.216207e-01 -0.000000e+00
    outer loop
      vertex   -1.363995e+02 3.830989e+02 1.802848e+02
      vertex   -1.363995e+02 3.830989e+02 1.827848e+02
      vertex   -1.362613e+02 3.830407e+02 1.802848e+02
    endloop
  endfacet
  facet normal 3.880919e-01 9.216207e-01 -0.000000e+00
    outer loop
      vertex   -1.362613e+02 3.830407e+02 1.802848e+02
      vertex   -1.363995e+02 3.830989e+02 1.827848e+02
      vertex   -1.362613e+02 3.830407e+02 1.827848e+02
    endloop
  endfacet
  facet normal 3.000846e-01 9.539126e-01 -0.000000e+00
    outer loop
      vertex   -1.362613e+02 3.830407e+02 1.802848e+02
      vertex   -1.362613e+02 3.830407e+02 1.827848e+02
      vertex   -1.361182e+02 3.829957e+02 1.802848e+02
    endloop
  endfacet
  facet normal 3.000846e-01 9.539126e-01 -0.000000e+00
    outer loop
      vertex   -1.361182e+02 3.829957e+02 1.802848e+02
      vertex   -1.362613e+02 3.830407e+02 1.827848e+02
      vertex   -1.361182e+02 3.829957e+02 1.827848e+02
    endloop
  endfacet
  facet normal 2.094403e-01 9.778214e-01 -0.000000e+00
    outer loop
      vertex   -1.361182e+02 3.829957e+02 1.802848e+02
      vertex   -1.361182e+02 3.829957e+02 1.827848e+02
      vertex   -1.359715e+02 3.829642e+02 1.802848e+02
    endloop
  endfacet
  facet normal 2.094403e-01 9.778214e-01 -0.000000e+00
    outer loop
      vertex   -1.359715e+02 3.829642e+02 1.802848e+02
      vertex   -1.361182e+02 3.829957e+02 1.827848e+02
      vertex   -1.359715e+02 3.829642e+02 1.827848e+02
    endloop
  endfacet
  facet normal 1.169553e-01 9.931372e-01 -0.000000e+00
    outer loop
      vertex   -1.359715e+02 3.829642e+02 1.802848e+02
      vertex   -1.359715e+02 3.829642e+02 1.827848e+02
      vertex   -1.358226e+02 3.829467e+02 1.802848e+02
    endloop
  endfacet
  facet normal 1.169553e-01 9.931372e-01 -0.000000e+00
    outer loop
      vertex   -1.358226e+02 3.829467e+02 1.802848e+02
      vertex   -1.359715e+02 3.829642e+02 1.827848e+02
      vertex   -1.358226e+02 3.829467e+02 1.827848e+02
    endloop
  endfacet
  facet normal 2.344257e-02 9.997252e-01 -0.000000e+00
    outer loop
      vertex   -1.358226e+02 3.829467e+02 1.802848e+02
      vertex   -1.358226e+02 3.829467e+02 1.827848e+02
      vertex   -1.356726e+02 3.829432e+02 1.802848e+02
    endloop
  endfacet
  facet normal 2.344257e-02 9.997252e-01 -0.000000e+00
    outer loop
      vertex   -1.356726e+02 3.829432e+02 1.802848e+02
      vertex   -1.358226e+02 3.829467e+02 1.827848e+02
      vertex   -1.356726e+02 3.829432e+02 1.827848e+02
    endloop
  endfacet
  facet normal -7.027619e-02 9.975276e-01 0.000000e+00
    outer loop
      vertex   -1.356726e+02 3.829432e+02 1.802848e+02
      vertex   -1.356726e+02 3.829432e+02 1.827848e+02
      vertex   -1.355230e+02 3.829537e+02 1.802848e+02
    endloop
  endfacet
  facet normal -7.027619e-02 9.975276e-01 0.000000e+00
    outer loop
      vertex   -1.355230e+02 3.829537e+02 1.802848e+02
      vertex   -1.356726e+02 3.829432e+02 1.827848e+02
      vertex   -1.355230e+02 3.829537e+02 1.827848e+02
    endloop
  endfacet
  facet normal -1.633774e-01 9.865637e-01 0.000000e+00
    outer loop
      vertex   -1.355230e+02 3.829537e+02 1.802848e+02
      vertex   -1.355230e+02 3.829537e+02 1.827848e+02
      vertex   -1.353750e+02 3.829782e+02 1.802848e+02
    endloop
  endfacet
  facet normal -1.633774e-01 9.865637e-01 0.000000e+00
    outer loop
      vertex   -1.353750e+02 3.829782e+02 1.802848e+02
      vertex   -1.355230e+02 3.829537e+02 1.827848e+02
      vertex   -1.353750e+02 3.829782e+02 1.827848e+02
    endloop
  endfacet
  facet normal -2.550428e-01 9.669298e-01 0.000000e+00
    outer loop
      vertex   -1.353750e+02 3.829782e+02 1.802848e+02
      vertex   -1.353750e+02 3.829782e+02 1.827848e+02
      vertex   -1.352300e+02 3.830165e+02 1.802848e+02
    endloop
  endfacet
  facet normal -2.550428e-01 9.669298e-01 -2.899501e-15
    outer loop
      vertex   -1.352300e+02 3.830165e+02 1.802848e+02
      vertex   -1.353750e+02 3.829782e+02 1.827848e+02
      vertex   -1.352300e+02 3.830165e+02 1.827848e+02
    endloop
  endfacet
  facet normal -3.444669e-01 9.387985e-01 -3.916135e-15
    outer loop
      vertex   -1.352300e+02 3.830165e+02 1.802848e+02
      vertex   -1.352300e+02 3.830165e+02 1.827848e+02
      vertex   -1.350892e+02 3.830681e+02 1.802848e+02
    endloop
  endfacet
  facet normal -3.444669e-01 9.387985e-01 0.000000e+00
    outer loop
      vertex   -1.350892e+02 3.830681e+02 1.802848e+02
      vertex   -1.352300e+02 3.830165e+02 1.827848e+02
      vertex   -1.350892e+02 3.830681e+02 1.827848e+02
    endloop
  endfacet
  facet normal -4.308637e-01 9.024170e-01 0.000000e+00
    outer loop
      vertex   -1.350892e+02 3.830681e+02 1.802848e+02
      vertex   -1.350892e+02 3.830681e+02 1.827848e+02
      vertex   -1.349538e+02 3.831328e+02 1.802848e+02
    endloop
  endfacet
  facet normal -4.308637e-01 9.024170e-01 0.000000e+00
    outer loop
      vertex   -1.349538e+02 3.831328e+02 1.802848e+02
      vertex   -1.350892e+02 3.830681e+02 1.827848e+02
      vertex   -1.349538e+02 3.831328e+02 1.827848e+02
    endloop
  endfacet
  facet normal -5.134742e-01 8.581050e-01 0.000000e+00
    outer loop
      vertex   -1.349538e+02 3.831328e+02 1.802848e+02
      vertex   -1.349538e+02 3.831328e+02 1.827848e+02
      vertex   -1.348251e+02 3.832098e+02 1.802848e+02
    endloop
  endfacet
  facet normal -5.134742e-01 8.581050e-01 0.000000e+00
    outer loop
      vertex   -1.348251e+02 3.832098e+02 1.802848e+02
      vertex   -1.349538e+02 3.831328e+02 1.827848e+02
      vertex   -1.348251e+02 3.832098e+02 1.827848e+02
    endloop
  endfacet
  facet normal -5.915722e-01 8.062520e-01 0.000000e+00
    outer loop
      vertex   -1.348251e+02 3.832098e+02 1.802848e+02
      vertex   -1.348251e+02 3.832098e+02 1.827848e+02
      vertex   -1.347042e+02 3.832985e+02 1.802848e+02
    endloop
  endfacet
  facet normal -5.915722e-01 8.062520e-01 0.000000e+00
    outer loop
      vertex   -1.347042e+02 3.832985e+02 1.802848e+02
      vertex   -1.348251e+02 3.832098e+02 1.827848e+02
      vertex   -1.347042e+02 3.832985e+02 1.827848e+02
    endloop
  endfacet
  facet normal -6.644715e-01 7.473136e-01 0.000000e+00
    outer loop
      vertex   -1.347042e+02 3.832985e+02 1.802848e+02
      vertex   -1.347042e+02 3.832985e+02 1.827848e+02
      vertex   -1.345921e+02 3.833982e+02 1.802848e+02
    endloop
  endfacet
  facet normal -6.644715e-01 7.473136e-01 0.000000e+00
    outer loop
      vertex   -1.345921e+02 3.833982e+02 1.802848e+02
      vertex   -1.347042e+02 3.832985e+02 1.827848e+02
      vertex   -1.345921e+02 3.833982e+02 1.827848e+02
    endloop
  endfacet
  facet normal -7.315313e-01 6.818078e-01 0.000000e+00
    outer loop
      vertex   -1.345921e+02 3.833982e+02 1.802848e+02
      vertex   -1.345921e+02 3.833982e+02 1.827848e+02
      vertex   -1.344898e+02 3.835079e+02 1.802848e+02
    endloop
  endfacet
  facet normal -7.315313e-01 6.818078e-01 0.000000e+00
    outer loop
      vertex   -1.344898e+02 3.835079e+02 1.802848e+02
      vertex   -1.345921e+02 3.833982e+02 1.827848e+02
      vertex   -1.344898e+02 3.835079e+02 1.827848e+02
    endloop
  endfacet
  facet normal -7.921625e-01 6.103103e-01 0.000000e+00
    outer loop
      vertex   -1.344898e+02 3.835079e+02 1.802848e+02
      vertex   -1.344898e+02 3.835079e+02 1.827848e+02
      vertex   -1.343983e+02 3.836267e+02 1.802848e+02
    endloop
  endfacet
  facet normal -7.921625e-01 6.103103e-01 0.000000e+00
    outer loop
      vertex   -1.343983e+02 3.836267e+02 1.802848e+02
      vertex   -1.344898e+02 3.835079e+02 1.827848e+02
      vertex   -1.343983e+02 3.836267e+02 1.827848e+02
    endloop
  endfacet
  facet normal -8.458321e-01 5.334493e-01 0.000000e+00
    outer loop
      vertex   -1.343983e+02 3.836267e+02 1.802848e+02
      vertex   -1.343983e+02 3.836267e+02 1.827848e+02
      vertex   -1.343183e+02 3.837536e+02 1.802848e+02
    endloop
  endfacet
  facet normal -8.458321e-01 5.334493e-01 0.000000e+00
    outer loop
      vertex   -1.343183e+02 3.837536e+02 1.802848e+02
      vertex   -1.343983e+02 3.836267e+02 1.827848e+02
      vertex   -1.343183e+02 3.837536e+02 1.827848e+02
    endloop
  endfacet
  facet normal -8.920684e-01 4.519003e-01 0.000000e+00
    outer loop
      vertex   -1.343183e+02 3.837536e+02 1.802848e+02
      vertex   -1.343183e+02 3.837536e+02 1.827848e+02
      vertex   -1.342505e+02 3.838874e+02 1.802848e+02
    endloop
  endfacet
  facet normal -8.920684e-01 4.519003e-01 0.000000e+00
    outer loop
      vertex   -1.342505e+02 3.838874e+02 1.802848e+02
      vertex   -1.343183e+02 3.837536e+02 1.827848e+02
      vertex   -1.342505e+02 3.838874e+02 1.827848e+02
    endloop
  endfacet
  facet normal -9.304653e-01 3.663800e-01 0.000000e+00
    outer loop
      vertex   -1.342505e+02 3.838874e+02 1.802848e+02
      vertex   -1.342505e+02 3.838874e+02 1.827848e+02
      vertex   -1.341956e+02 3.840270e+02 1.802848e+02
    endloop
  endfacet
  facet normal -9.304653e-01 3.663800e-01 0.000000e+00
    outer loop
      vertex   -1.341956e+02 3.840270e+02 1.802848e+02
      vertex   -1.342505e+02 3.838874e+02 1.827848e+02
      vertex   -1.341956e+02 3.840270e+02 1.827848e+02
    endloop
  endfacet
  facet normal -9.606852e-01 2.776400e-01 0.000000e+00
    outer loop
      vertex   -1.341956e+02 3.840270e+02 1.802848e+02
      vertex   -1.341956e+02 3.840270e+02 1.827848e+02
      vertex   -1.341539e+02 3.841710e+02 1.802848e+02
    endloop
  endfacet
  facet normal -9.606852e-01 2.776400e-01 0.000000e+00
    outer loop
      vertex   -1.341539e+02 3.841710e+02 1.802848e+02
      vertex   -1.341956e+02 3.840270e+02 1.827848e+02
      vertex   -1.341539e+02 3.841710e+02 1.827848e+02
    endloop
  endfacet
  facet normal -9.824625e-01 1.864601e-01 0.000000e+00
    outer loop
      vertex   -1.341539e+02 3.841710e+02 1.802848e+02
      vertex   -1.341539e+02 3.841710e+02 1.827848e+02
      vertex   -1.341259e+02 3.843184e+02 1.802848e+02
    endloop
  endfacet
  facet normal -9.824625e-01 1.864601e-01 0.000000e+00
    outer loop
      vertex   -1.341259e+02 3.843184e+02 1.802848e+02
      vertex   -1.341539e+02 3.841710e+02 1.827848e+02
      vertex   -1.341259e+02 3.843184e+02 1.827848e+02
    endloop
  endfacet
  facet normal -9.956060e-01 9.364149e-02 0.000000e+00
    outer loop
      vertex   -1.341259e+02 3.843184e+02 1.802848e+02
      vertex   -1.341259e+02 3.843184e+02 1.827848e+02
      vertex   -1.341119e+02 3.844677e+02 1.802848e+02
    endloop
  endfacet
  facet normal -9.956060e-01 9.364149e-02 0.000000e+00
    outer loop
      vertex   -1.341119e+02 3.844677e+02 1.802848e+02
      vertex   -1.341259e+02 3.843184e+02 1.827848e+02
      vertex   -1.341119e+02 3.844677e+02 1.827848e+02
    endloop
  endfacet
  facet normal -1.000000e+00 0.000000e+00 0.000000e+00
    outer loop
      vertex   -1.341119e+02 3.844677e+02 1.802848e+02
      vertex   -1.341119e+02 3.844677e+02 1.827848e+02
      vertex   -1.341119e+02 3.846177e+02 1.802848e+02
    endloop
  endfacet
  facet normal -1.000000e+00 0.000000e+00 0.000000e+00
    outer loop
      vertex   -1.341119e+02 3.846177e+02 1.802848e+02
      vertex   -1.341119e+02 3.844677e+02 1.827848e+02
      vertex   -1.341119e+02 3.846177e+02 1.827848e+02
    endloop
  endfacet
  facet normal -9.956060e-01 -9.364149e-02 0.000000e+00
    outer loop
      vertex   -1.341119e+02 3.846177e+02 1.802848e+02
      vertex   -1.341119e+02 3.846177e+02 1.827848e+02
      vertex   -1.341259e+02 3.847671e+02 1.802848e+02
    endloop
  endfacet
  facet normal -9.956060e-01 -9.364149e-02 0.000000e+00
    outer loop
      vertex   -1.341259e+02 3.847671e+02 1.802848e+02
      vertex   -1.341119e+02 3.846177e+02 1.827848e+02
      vertex   -1.341259e+02 3.847671e+02 1.827848e+02
    endloop
  endfacet
  facet normal -9.824625e-01 -1.864601e-01 0.000000e+00
    outer loop
      vertex   -1.341259e+02 3.847671e+02 1.802848e+02
      vertex   -1.341259e+02 3.847671e+02 1.827848e+02
      vertex   -1.341539e+02 3.849144e+02 1.802848e+02
    endloop
  endfacet
  facet normal -9.824625e-01 -1.864601e-01 0.000000e+00
    outer loop
      vertex   -1.341539e+02 3.849144e+02 1.802848e+02
      vertex   -1.341259e+02 3.847671e+02 1.827848e+02
      vertex   -1.341539e+02 3.849144e+02 1.827848e+02
    endloop
  endfacet
  facet normal -9.606852e-01 -2.776400e-01 0.000000e+00
    outer loop
      vertex   -1.341539e+02 3.849144e+02 1.802848e+02
      vertex   -1.341539e+02 3.849144e+02 1.827848e+02
      vertex   -1.341956e+02 3.850585e+02 1.802848e+02
    endloop
  endfacet
  facet normal -9.606852e-01 -2.776400e-01 0.000000e+00
    outer loop
      vertex   -1.341956e+02 3.850585e+02 1.802848e+02
      vertex   -1.341539e+02 3.849144e+02 1.827848e+02
      vertex   -1.341956e+02 3.850585e+02 1.827848e+02
    endloop
  endfacet
  facet normal -9.304653e-01 -3.663800e-01 0.000000e+00
    outer loop
      vertex   -1.341956e+02 3.850585e+02 1.802848e+02
      vertex   -1.341956e+02 3.850585e+02 1.827848e+02
      vertex   -1.342505e+02 3.851981e+02 1.802848e+02
    endloop
  endfacet
  facet normal -9.304653e-01 -3.663800e-01 0.000000e+00
    outer loop
      vertex   -1.342505e+02 3.851981e+02 1.802848e+02
      vertex   -1.341956e+02 3.850585e+02 1.827848e+02
      vertex   -1.342505e+02 3.851981e+02 1.827848e+02
    endloop
  endfacet
  facet normal -8.920684e-01 -4.519003e-01 0.000000e+00
    outer loop
      vertex   -1.342505e+02 3.851981e+02 1.802848e+02
      vertex   -1.342505e+02 3.851981e+02 1.827848e+02
      vertex   -1.343183e+02 3.853319e+02 1.802848e+02
    endloop
  endfacet
  facet normal -8.920684e-01 -4.519003e-01 0.000000e+00
    outer loop
      vertex   -1.343183e+02 3.853319e+02 1.802848e+02
      vertex   -1.342505e+02 3.851981e+02 1.827848e+02
      vertex   -1.343183e+02 3.853319e+02 1.827848e+02
    endloop
  endfacet
  facet normal -8.458321e-01 -5.334493e-01 0.000000e+00
    outer loop
      vertex   -1.343183e+02 3.853319e+02 1.802848e+02
      vertex   -1.343183e+02 3.853319e+02 1.827848e+02
      vertex   -1.343983e+02 3.854588e+02 1.802848e+02
    endloop
  endfacet
  facet normal -8.458321e-01 -5.334493e-01 0.000000e+00
    outer loop
      vertex   -1.343983e+02 3.854588e+02 1.802848e+02
      vertex   -1.343183e+02 3.853319e+02 1.827848e+02
      vertex   -1.343983e+02 3.854588e+02 1.827848e+02
    endloop
  endfacet
  facet normal -7.921625e-01 -6.103103e-01 0.000000e+00
    outer loop
      vertex   -1.343983e+02 3.854588e+02 1.802848e+02
      vertex   -1.343983e+02 3.854588e+02 1.827848e+02
      vertex   -1.344898e+02 3.855776e+02 1.802848e+02
    endloop
  endfacet
  facet normal -7.921625e-01 -6.103103e-01 0.000000e+00
    outer loop
      vertex   -1.344898e+02 3.855776e+02 1.802848e+02
      vertex   -1.343983e+02 3.854588e+02 1.827848e+02
      vertex   -1.344898e+02 3.855776e+02 1.827848e+02
    endloop
  endfacet
  facet normal -7.315313e-01 -6.818078e-01 0.000000e+00
    outer loop
      vertex   -1.344898e+02 3.855776e+02 1.802848e+02
      vertex   -1.344898e+02 3.855776e+02 1.827848e+02
      vertex   -1.345921e+02 3.856873e+02 1.802848e+02
    endloop
  endfacet
  facet normal -7.315313e-01 -6.818078e-01 0.000000e+00
    outer loop
      vertex   -1.345921e+02 3.856873e+02 1.802848e+02
      vertex   -1.344898e+02 3.855776e+02 1.827848e+02
      vertex   -1.345921e+02 3.856873e+02 1.827848e+02
    endloop
  endfacet
  facet normal -6.644715e-01 -7.473136e-01 0.000000e+00
    outer loop
      vertex   -1.345921e+02 3.856873e+02 1.802848e+02
      vertex   -1.345921e+02 3.856873e+02 1.827848e+02
      vertex   -1.347042e+02 3.857870e+02 1.802848e+02
    endloop
  endfacet
  facet normal -6.644715e-01 -7.473136e-01 0.000000e+00
    outer loop
      vertex   -1.347042e+02 3.857870e+02 1.802848e+02
      vertex   -1.345921e+02 3.856873e+02 1.827848e+02
      vertex   -1.347042e+02 3.857870e+02 1.827848e+02
    endloop
  endfacet
  facet normal -5.915722e-01 -8.062520e-01 0.000000e+00
    outer loop
      vertex   -1.347042e+02 3.857870e+02 1.802848e+02
      vertex   -1.347042e+02 3.857870e+02 1.827848e+02
      vertex   -1.348251e+02 3.858757e+02 1.802848e+02
    endloop
  endfacet
  facet normal -5.915722e-01 -8.062520e-01 0.000000e+00
    outer loop
      vertex   -1.348251e+02 3.858757e+02 1.802848e+02
      vertex   -1.347042e+02 3.857870e+02 1.827848e+02
      vertex   -1.348251e+02 3.858757e+02 1.827848e+02
    endloop
  endfacet
  facet normal -5.134742e-01 -8.581050e-01 0.000000e+00
    outer loop
      vertex   -1.348251e+02 3.858757e+02 1.802848e+02
      vertex   -1.348251e+02 3.858757e+02 1.827848e+02
      vertex   -1.349538e+02 3.859527e+02 1.802848e+02
    endloop
  endfacet
  facet normal -5.134742e-01 -8.581050e-01 0.000000e+00
    outer loop
      vertex   -1.349538e+02 3.859527e+02 1.802848e+02
      vertex   -1.348251e+02 3.858757e+02 1.827848e+02
      vertex   -1.349538e+02 3.859527e+02 1.827848e+02
    endloop
  endfacet
  facet normal -4.308637e-01 -9.024170e-01 0.000000e+00
    outer loop
      vertex   -1.349538e+02 3.859527e+02 1.802848e+02
      vertex   -1.349538e+02 3.859527e+02 1.827848e+02
      vertex   -1.350892e+02 3.860173e+02 1.802848e+02
    endloop
  endfacet
  facet normal -4.308637e-01 -9.024170e-01 0.000000e+00
    outer loop
      vertex   -1.350892e+02 3.860173e+02 1.802848e+02
      vertex   -1.349538e+02 3.859527e+02 1.827848e+02
      vertex   -1.350892e+02 3.860173e+02 1.827848e+02
    endloop
  endfacet
  facet normal -3.444669e-01 -9.387985e-01 0.000000e+00
    outer loop
      vertex   -1.350892e+02 3.860173e+02 1.802848e+02
      vertex   -1.350892e+02 3.860173e+02 1.827848e+02
      vertex   -1.352300e+02 3.860690e+02 1.802848e+02
    endloop
  endfacet
  facet normal -3.444669e-01 -9.387985e-01 0.000000e+00
    outer loop
      vertex   -1.352300e+02 3.860690e+02 1.802848e+02
      vertex   -1.350892e+02 3.860173e+02 1.827848e+02
      vertex   -1.352300e+02 3.860690e+02 1.827848e+02
    endloop
  endfacet
  facet normal -2.550428e-01 -9.669298e-01 0.000000e+00
    outer loop
      vertex   -1.352300e+02 3.860690e+02 1.802848e+02
      vertex   -1.352300e+02 3.860690e+02 1.827848e+02
      vertex   -1.353750e+02 3.861073e+02 1.802848e+02
    endloop
  endfacet
  facet normal -2.550428e-01 -9.669298e-01 0.000000e+00
    outer loop
      vertex   -1.353750e+02 3.861073e+02 1.802848e+02
      vertex   -1.352300e+02 3.860690e+02 1.827848e+02
      vertex   -1.353750e+02 3.861073e+02 1.827848e+02
    endloop
  endfacet
  facet normal -1.633774e-01 -9.865637e-01 0.000000e+00
    outer loop
      vertex   -1.353750e+02 3.861073e+02 1.802848e+02
      vertex   -1.353750e+02 3.861073e+02 1.827848e+02
      vertex   -1.355230e+02 3.861318e+02 1.802848e+02
    endloop
  endfacet
  facet normal -1.633774e-01 -9.865637e-01 0.000000e+00
    outer loop
      vertex   -1.355230e+02 3.861318e+02 1.802848e+02
      vertex   -1.353750e+02 3.861073e+02 1.827848e+02
      vertex   -1.355230e+02 3.861318e+02 1.827848e+02
    endloop
  endfacet
  facet normal -7.027619e-02 -9.975276e-01 0.000000e+00
    outer loop
      vertex   -1.355230e+02 3.861318e+02 1.802848e+02
      vertex   -1.355230e+02 3.861318e+02 1.827848e+02
      vertex   -1.356726e+02 3.861423e+02 1.827848e+02
    endloop
  endfacet
  facet normal -9.981756e-01 6.037850e-02 0.000000e+00
    outer loop
      vertex   -1.205457e+02 3.933371e+02 1.957848e+02
      vertex   -1.205457e+02 3.933371e+02 1.982848e+02
      vertex   -1.205387e+02 3.934516e+02 1.957848e+02
    endloop
  endfacet
  facet normal -9.981756e-01 6.037850e-02 0.000000e+00
    outer loop
      vertex   -1.205387e+02 3.934516e+02 1.957848e+02
      vertex   -1.205457e+02 3.933371e+02 1.982848e+02
      vertex   -1.205387e+02 3.934516e+02 1.982848e+02
    endloop
  endfacet
  facet normal -9.981756e-01 -6.037850e-02 0.000000e+00
    outer loop
      vertex   -1.205387e+02 3.934516e+02 1.957848e+02
      vertex   -1.205387e+02 3.934516e+02 1.982848e+02
      vertex   -1.205457e+02 3.935661e+02 1.957848e+02
    endloop
  endfacet
  facet normal -9.981756e-01 -6.037850e-02 0.000000e+00
    outer loop
      vertex   -1.205457e+02 3.935661e+02 1.957848e+02
      vertex   -1.205387e+02 3.934516e+02 1.982848e+02
      vertex   -1.205457e+02 3.935661e+02 1.982848e+02
    endloop
  endfacet
  facet normal -9.836199e-01 -1.802550e-01 0.000000e+00
    outer loop
      vertex   -1.205457e+02 3.935661e+02 1.957848e+02
      vertex   -1.205457e+02 3.935661e+02 1.982848e+02
      vertex   -1.205663e+02 3.936789e+02 1.982848e+02
    endloop
  endfacet
  facet normal -9.836199e-01 1.802550e-01 0.000000e+00
    outer loop
      vertex   -1.205457e+02 3.933371e+02 1.957848e+02
      vertex   -1.205663e+02 3.932242e+02 1.957848e+02
      vertex   -1.205457e+02 3.933371e+02 1.982848e+02
    endloop
  endfacet
  facet normal -9.836199e-01 1.802550e-01 0.000000e+00
    outer loop
      vertex   -1.205457e+02 3.933371e+02 1.982848e+02
      vertex   -1.205663e+02 3.932242e+02 1.957848e+02
      vertex   -1.205663e+02 3.932242e+02 1.982848e+02
    endloop
  endfacet
  facet normal -9.547209e-01 2.975031e-01 0.000000e+00
    outer loop
      vertex   -1.205663e+02 3.932242e+02 1.982848e+02
      vertex   -1.205663e+02 3.932242e+02 1.957848e+02
      vertex   -1.206005e+02 3.931147e+02 1.957848e+02
    endloop
  endfacet
  facet normal -9.547209e-01 2.975031e-01 0.000000e+00
    outer loop
      vertex   -1.205663e+02 3.932242e+02 1.982848e+02
      vertex   -1.206005e+02 3.931147e+02 1.957848e+02
      vertex   -1.206005e+02 3.931147e+02 1.982848e+02
    endloop
  endfacet
  facet normal -9.118998e-01 4.104128e-01 0.000000e+00
    outer loop
      vertex   -1.206005e+02 3.931147e+02 1.982848e+02
      vertex   -1.206005e+02 3.931147e+02 1.957848e+02
      vertex   -1.206475e+02 3.930101e+02 1.957848e+02
    endloop
  endfacet
  facet normal -9.118998e-01 4.104128e-01 0.000000e+00
    outer loop
      vertex   -1.206005e+02 3.931147e+02 1.982848e+02
      vertex   -1.206475e+02 3.930101e+02 1.957848e+02
      vertex   -1.206475e+02 3.930101e+02 1.982848e+02
    endloop
  endfacet
  facet normal -8.557813e-01 5.173378e-01 0.000000e+00
    outer loop
      vertex   -1.206475e+02 3.930101e+02 1.982848e+02
      vertex   -1.206475e+02 3.930101e+02 1.957848e+02
      vertex   -1.207069e+02 3.929119e+02 1.957848e+02
    endloop
  endfacet
  facet normal -8.557813e-01 5.173378e-01 0.000000e+00
    outer loop
      vertex   -1.206475e+02 3.930101e+02 1.982848e+02
      vertex   -1.207069e+02 3.929119e+02 1.957848e+02
      vertex   -1.207069e+02 3.929119e+02 1.982848e+02
    endloop
  endfacet
  facet normal -7.871835e-01 6.167189e-01 0.000000e+00
    outer loop
      vertex   -1.207069e+02 3.929119e+02 1.982848e+02
      vertex   -1.207069e+02 3.929119e+02 1.957848e+02
      vertex   -1.207776e+02 3.928216e+02 1.957848e+02
    endloop
  endfacet
  facet normal -7.871835e-01 6.167189e-01 0.000000e+00
    outer loop
      vertex   -1.207069e+02 3.929119e+02 1.982848e+02
      vertex   -1.207776e+02 3.928216e+02 1.957848e+02
      vertex   -1.207776e+02 3.928216e+02 1.982848e+02
    endloop
  endfacet
  facet normal -7.071068e-01 7.071068e-01 0.000000e+00
    outer loop
      vertex   -1.207776e+02 3.928216e+02 1.982848e+02
      vertex   -1.207776e+02 3.928216e+02 1.957848e+02
      vertex   -1.208588e+02 3.927405e+02 1.957848e+02
    endloop
  endfacet
  facet normal -7.071068e-01 7.071068e-01 0.000000e+00
    outer loop
      vertex   -1.207776e+02 3.928216e+02 1.982848e+02
      vertex   -1.208588e+02 3.927405e+02 1.957848e+02
      vertex   -1.208588e+02 3.927405e+02 1.982848e+02
    endloop
  endfacet
  facet normal -6.167189e-01 7.871835e-01 0.000000e+00
    outer loop
      vertex   -1.208588e+02 3.927405e+02 1.982848e+02
      vertex   -1.208588e+02 3.927405e+02 1.957848e+02
      vertex   -1.209491e+02 3.926698e+02 1.957848e+02
    endloop
  endfacet
  facet normal -6.167189e-01 7.871835e-01 0.000000e+00
    outer loop
      vertex   -1.208588e+02 3.927405e+02 1.982848e+02
      vertex   -1.209491e+02 3.926698e+02 1.957848e+02
      vertex   -1.209491e+02 3.926698e+02 1.982848e+02
    endloop
  endfacet
  facet normal -5.173378e-01 8.557813e-01 0.000000e+00
    outer loop
      vertex   -1.209491e+02 3.926698e+02 1.982848e+02
      vertex   -1.209491e+02 3.926698e+02 1.957848e+02
      vertex   -1.210472e+02 3.926104e+02 1.957848e+02
    endloop
  endfacet
  facet normal -5.173378e-01 8.557813e-01 0.000000e+00
    outer loop
      vertex   -1.209491e+02 3.926698e+02 1.982848e+02
      vertex   -1.210472e+02 3.926104e+02 1.957848e+02
      vertex   -1.210472e+02 3.926104e+02 1.982848e+02
    endloop
  endfacet
  facet normal -4.104128e-01 9.118998e-01 0.000000e+00
    outer loop
      vertex   -1.210472e+02 3.926104e+02 1.982848e+02
      vertex   -1.210472e+02 3.926104e+02 1.957848e+02
      vertex   -1.211519e+02 3.925633e+02 1.957848e+02
    endloop
  endfacet
  facet normal -4.104128e-01 9.118998e-01 0.000000e+00
    outer loop
      vertex   -1.210472e+02 3.926104e+02 1.982848e+02
      vertex   -1.211519e+02 3.925633e+02 1.957848e+02
      vertex   -1.211519e+02 3.925633e+02 1.982848e+02
    endloop
  endfacet
  facet normal -2.975031e-01 9.547209e-01 0.000000e+00
    outer loop
      vertex   -1.211519e+02 3.925633e+02 1.982848e+02
      vertex   -1.211519e+02 3.925633e+02 1.957848e+02
      vertex   -1.212614e+02 3.925292e+02 1.957848e+02
    endloop
  endfacet
  facet normal -2.975031e-01 9.547209e-01 0.000000e+00
    outer loop
      vertex   -1.211519e+02 3.925633e+02 1.982848e+02
      vertex   -1.212614e+02 3.925292e+02 1.957848e+02
      vertex   -1.212614e+02 3.925292e+02 1.982848e+02
    endloop
  endfacet
  facet normal -1.802550e-01 9.836199e-01 0.000000e+00
    outer loop
      vertex   -1.212614e+02 3.925292e+02 1.982848e+02
      vertex   -1.212614e+02 3.925292e+02 1.957848e+02
      vertex   -1.213742e+02 3.925085e+02 1.957848e+02
    endloop
  endfacet
  facet normal -1.802550e-01 9.836199e-01 0.000000e+00
    outer loop
      vertex   -1.212614e+02 3.925292e+02 1.982848e+02
      vertex   -1.213742e+02 3.925085e+02 1.957848e+02
      vertex   -1.213742e+02 3.925085e+02 1.982848e+02
    endloop
  endfacet
  facet normal -6.037850e-02 9.981756e-01 0.000000e+00
    outer loop
      vertex   -1.213742e+02 3.925085e+02 1.982848e+02
      vertex   -1.213742e+02 3.925085e+02 1.957848e+02
      vertex   -1.214887e+02 3.925016e+02 1.957848e+02
    endloop
  endfacet
  facet normal -6.037850e-02 9.981756e-01 0.000000e+00
    outer loop
      vertex   -1.213742e+02 3.925085e+02 1.982848e+02
      vertex   -1.214887e+02 3.925016e+02 1.957848e+02
      vertex   -1.214887e+02 3.925016e+02 1.982848e+02
    endloop
  endfacet
  facet normal 6.037850e-02 9.981756e-01 0.000000e+00
    outer loop
      vertex   -1.214887e+02 3.925016e+02 1.982848e+02
      vertex   -1.214887e+02 3.925016e+02 1.957848e+02
      vertex   -1.216032e+02 3.925085e+02 1.957848e+02
    endloop
  endfacet
  facet normal 6.037850e-02 9.981756e-01 0.000000e+00
    outer loop
      vertex   -1.214887e+02 3.925016e+02 1.982848e+02
      vertex   -1.216032e+02 3.925085e+02 1.957848e+02
      vertex   -1.216032e+02 3.925085e+02 1.982848e+02
    endloop
  endfacet
  facet normal 1.802550e-01 9.836199e-01 0.000000e+00
    outer loop
      vertex   -1.216032e+02 3.925085e+02 1.982848e+02
      vertex   -1.216032e+02 3.925085e+02 1.957848e+02
      vertex   -1.217161e+02 3.925292e+02 1.957848e+02
    endloop
  endfacet
  facet normal 1.802550e-01 9.836199e-01 1.025236e-15
    outer loop
      vertex   -1.216032e+02 3.925085e+02 1.982848e+02
      vertex   -1.217161e+02 3.925292e+02 1.957848e+02
      vertex   -1.217161e+02 3.925292e+02 1.982848e+02
    endloop
  endfacet
  facet normal 2.975031e-01 9.547209e-01 1.691109e-15
    outer loop
      vertex   -1.217161e+02 3.925292e+02 1.982848e+02
      vertex   -1.217161e+02 3.925292e+02 1.957848e+02
      vertex   -1.218256e+02 3.925633e+02 1.957848e+02
    endloop
  endfacet
  facet normal 2.975031e-01 9.547209e-01 0.000000e+00
    outer loop
      vertex   -1.217161e+02 3.925292e+02 1.982848e+02
      vertex   -1.218256e+02 3.925633e+02 1.957848e+02
      vertex   -1.218256e+02 3.925633e+02 1.982848e+02
    endloop
  endfacet
  facet normal 4.104128e-01 9.118998e-01 0.000000e+00
    outer loop
      vertex   -1.218256e+02 3.925633e+02 1.982848e+02
      vertex   -1.218256e+02 3.925633e+02 1.957848e+02
      vertex   -1.219302e+02 3.926104e+02 1.957848e+02
    endloop
  endfacet
  facet normal 4.104128e-01 9.118998e-01 0.000000e+00
    outer loop
      vertex   -1.218256e+02 3.925633e+02 1.982848e+02
      vertex   -1.219302e+02 3.926104e+02 1.957848e+02
      vertex   -1.219302e+02 3.926104e+02 1.982848e+02
    endloop
  endfacet
  facet normal 5.173378e-01 8.557813e-01 0.000000e+00
    outer loop
      vertex   -1.219302e+02 3.926104e+02 1.982848e+02
      vertex   -1.219302e+02 3.926104e+02 1.957848e+02
      vertex   -1.220284e+02 3.926698e+02 1.957848e+02
    endloop
  endfacet
  facet normal 5.173378e-01 8.557813e-01 0.000000e+00
    outer loop
      vertex   -1.219302e+02 3.926104e+02 1.982848e+02
      vertex   -1.220284e+02 3.926698e+02 1.957848e+02
      vertex   -1.220284e+02 3.926698e+02 1.982848e+02
    endloop
  endfacet
  facet normal 6.167189e-01 7.871835e-01 0.000000e+00
    outer loop
      vertex   -1.220284e+02 3.926698e+02 1.982848e+02
      vertex   -1.220284e+02 3.926698e+02 1.957848e+02
      vertex   -1.221187e+02 3.927405e+02 1.957848e+02
    endloop
  endfacet
  facet normal 6.167189e-01 7.871835e-01 0.000000e+00
    outer loop
      vertex   -1.220284e+02 3.926698e+02 1.982848e+02
      vertex   -1.221187e+02 3.927405e+02 1.957848e+02
      vertex   -1.221187e+02 3.927405e+02 1.982848e+02
    endloop
  endfacet
  facet normal 7.071068e-01 7.071068e-01 0.000000e+00
    outer loop
      vertex   -1.221187e+02 3.927405e+02 1.982848e+02
      vertex   -1.221187e+02 3.927405e+02 1.957848e+02
      vertex   -1.221998e+02 3.928216e+02 1.957848e+02
    endloop
  endfacet
  facet normal 7.071068e-01 7.071068e-01 0.000000e+00
    outer loop
      vertex   -1.221187e+02 3.927405e+02 1.982848e+02
      vertex   -1.221998e+02 3.928216e+02 1.957848e+02
      vertex   -1.221998e+02 3.928216e+02 1.982848e+02
    endloop
  endfacet
  facet normal 7.871835e-01 6.167189e-01 0.000000e+00
    outer loop
      vertex   -1.221998e+02 3.928216e+02 1.982848e+02
      vertex   -1.221998e+02 3.928216e+02 1.957848e+02
      vertex   -1.222706e+02 3.929119e+02 1.957848e+02
    endloop
  endfacet
  facet normal 7.871835e-01 6.167189e-01 0.000000e+00
    outer loop
      vertex   -1.221998e+02 3.928216e+02 1.982848e+02
      vertex   -1.222706e+02 3.929119e+02 1.957848e+02
      vertex   -1.222706e+02 3.929119e+02 1.982848e+02
    endloop
  endfacet
  facet normal 8.557813e-01 5.173378e-01 0.000000e+00
    outer loop
      vertex   -1.222706e+02 3.929119e+02 1.982848e+02
      vertex   -1.222706e+02 3.929119e+02 1.957848e+02
      vertex   -1.223299e+02 3.930101e+02 1.957848e+02
    endloop
  endfacet
  facet normal 8.557813e-01 5.173378e-01 0.000000e+00
    outer loop
      vertex   -1.222706e+02 3.929119e+02 1.982848e+02
      vertex   -1.223299e+02 3.930101e+02 1.957848e+02
      vertex   -1.223299e+02 3.930101e+02 1.982848e+02
    endloop
  endfacet
  facet normal 9.118998e-01 4.104128e-01 0.000000e+00
    outer loop
      vertex   -1.223299e+02 3.930101e+02 1.982848e+02
      vertex   -1.223299e+02 3.930101e+02 1.957848e+02
      vertex   -1.223770e+02 3.931147e+02 1.957848e+02
    endloop
  endfacet
  facet normal 9.118998e-01 4.104128e-01 0.000000e+00
    outer loop
      vertex   -1.223299e+02 3.930101e+02 1.982848e+02
      vertex   -1.223770e+02 3.931147e+02 1.957848e+02
      vertex   -1.223770e+02 3.931147e+02 1.982848e+02
    endloop
  endfacet
  facet normal 9.547209e-01 2.975031e-01 0.000000e+00
    outer loop
      vertex   -1.223770e+02 3.931147e+02 1.982848e+02
      vertex   -1.223770e+02 3.931147e+02 1.957848e+02
      vertex   -1.224111e+02 3.932242e+02 1.957848e+02
    endloop
  endfacet
  facet normal 9.547209e-01 2.975031e-01 0.000000e+00
    outer loop
      vertex   -1.223770e+02 3.931147e+02 1.982848e+02
      vertex   -1.224111e+02 3.932242e+02 1.957848e+02
      vertex   -1.224111e+02 3.932242e+02 1.982848e+02
    endloop
  endfacet
  facet normal 9.836199e-01 1.802550e-01 0.000000e+00
    outer loop
      vertex   -1.224111e+02 3.932242e+02 1.982848e+02
      vertex   -1.224111e+02 3.932242e+02 1.957848e+02
      vertex   -1.224318e+02 3.933371e+02 1.957848e+02
    endloop
  endfacet
  facet normal 9.836199e-01 1.802550e-01 0.000000e+00
    outer loop
      vertex   -1.224111e+02 3.932242e+02 1.982848e+02
      vertex   -1.224318e+02 3.933371e+02 1.957848e+02
      vertex   -1.224318e+02 3.933371e+02 1.982848e+02
    endloop
  endfacet
  facet normal 9.981756e-01 6.037850e-02 0.000000e+00
    outer loop
      vertex   -1.224318e+02 3.933371e+02 1.982848e+02
      vertex   -1.224318e+02 3.933371e+02 1.957848e+02
      vertex   -1.224387e+02 3.934516e+02 1.957848e+02
    endloop
  endfacet
  facet normal 9.981756e-01 6.037850e-02 0.000000e+00
    outer loop
      vertex   -1.224318e+02 3.933371e+02 1.982848e+02
      vertex   -1.224387e+02 3.934516e+02 1.957848e+02
      vertex   -1.224387e+02 3.934516e+02 1.982848e+02
    endloop
  endfacet
  facet normal 9.981756e-01 -6.037850e-02 0.000000e+00
    outer loop
      vertex   -1.224387e+02 3.934516e+02 1.982848e+02
      vertex   -1.224387e+02 3.934516e+02 1.957848e+02
      vertex   -1.224318e+02 3.935661e+02 1.957848e+02
    endloop
  endfacet
  facet normal 9.981756e-01 -6.037850e-02 0.000000e+00
    outer loop
      vertex   -1.224387e+02 3.934516e+02 1.982848e+02
      vertex   -1.224318e+02 3.935661e+02 1.957848e+02
      vertex   -1.224318e+02 3.935661e+02 1.982848e+02
    endloop
  endfacet
  facet normal 9.836199e-01 -1.802550e-01 0.000000e+00
    outer loop
      vertex   -1.224318e+02 3.935661e+02 1.982848e+02
      vertex   -1.224318e+02 3.935661e+02 1.957848e+02
      vertex   -1.224111e+02 3.936789e+02 1.957848e+02
    endloop
  endfacet
  facet normal 9.836199e-01 -1.802550e-01 0.000000e+00
    outer loop
      vertex   -1.224318e+02 3.935661e+02 1.982848e+02
      vertex   -1.224111e+02 3.936789e+02 1.957848e+02
      vertex   -1.224111e+02 3.936789e+02 1.982848e+02
    endloop
  endfacet
  facet normal 9.547209e-01 -2.975031e-01 0.000000e+00
    outer loop
      vertex   -1.224111e+02 3.936789e+02 1.982848e+02
      vertex   -1.224111e+02 3.936789e+02 1.957848e+02
      vertex   -1.223770e+02 3.937885e+02 1.957848e+02
    endloop
  endfacet
  facet normal 9.547209e-01 -2.975031e-01 0.000000e+00
    outer loop
      vertex   -1.224111e+02 3.936789e+02 1.982848e+02
      vertex   -1.223770e+02 3.937885e+02 1.957848e+02
      vertex   -1.223770e+02 3.937885e+02 1.982848e+02
    endloop
  endfacet
  facet normal 9.118998e-01 -4.104128e-01 0.000000e+00
    outer loop
      vertex   -1.223770e+02 3.937885e+02 1.982848e+02
      vertex   -1.223770e+02 3.937885e+02 1.957848e+02
      vertex   -1.223299e+02 3.938931e+02 1.957848e+02
    endloop
  endfacet
  facet normal 9.118998e-01 -4.104128e-01 0.000000e+00
    outer loop
      vertex   -1.223770e+02 3.937885e+02 1.982848e+02
      vertex   -1.223299e+02 3.938931e+02 1.957848e+02
      vertex   -1.223299e+02 3.938931e+02 1.982848e+02
    endloop
  endfacet
  facet normal 8.557813e-01 -5.173378e-01 0.000000e+00
    outer loop
      vertex   -1.223299e+02 3.938931e+02 1.982848e+02
      vertex   -1.223299e+02 3.938931e+02 1.957848e+02
      vertex   -1.222706e+02 3.939913e+02 1.957848e+02
    endloop
  endfacet
  facet normal 8.557813e-01 -5.173378e-01 0.000000e+00
    outer loop
      vertex   -1.223299e+02 3.938931e+02 1.982848e+02
      vertex   -1.222706e+02 3.939913e+02 1.957848e+02
      vertex   -1.222706e+02 3.939913e+02 1.982848e+02
    endloop
  endfacet
  facet normal 7.871835e-01 -6.167189e-01 0.000000e+00
    outer loop
      vertex   -1.222706e+02 3.939913e+02 1.982848e+02
      vertex   -1.222706e+02 3.939913e+02 1.957848e+02
      vertex   -1.221998e+02 3.940816e+02 1.957848e+02
    endloop
  endfacet
  facet normal 7.871835e-01 -6.167189e-01 0.000000e+00
    outer loop
      vertex   -1.222706e+02 3.939913e+02 1.982848e+02
      vertex   -1.221998e+02 3.940816e+02 1.957848e+02
      vertex   -1.221998e+02 3.940816e+02 1.982848e+02
    endloop
  endfacet
  facet normal 7.071068e-01 -7.071068e-01 0.000000e+00
    outer loop
      vertex   -1.221998e+02 3.940816e+02 1.982848e+02
      vertex   -1.221998e+02 3.940816e+02 1.957848e+02
      vertex   -1.221187e+02 3.941627e+02 1.957848e+02
    endloop
  endfacet
  facet normal 7.071068e-01 -7.071068e-01 0.000000e+00
    outer loop
      vertex   -1.221998e+02 3.940816e+02 1.982848e+02
      vertex   -1.221187e+02 3.941627e+02 1.957848e+02
      vertex   -1.221187e+02 3.941627e+02 1.982848e+02
    endloop
  endfacet
  facet normal 6.167189e-01 -7.871835e-01 0.000000e+00
    outer loop
      vertex   -1.221187e+02 3.941627e+02 1.982848e+02
      vertex   -1.221187e+02 3.941627e+02 1.957848e+02
      vertex   -1.220284e+02 3.942334e+02 1.957848e+02
    endloop
  endfacet
  facet normal 6.167189e-01 -7.871835e-01 0.000000e+00
    outer loop
      vertex   -1.221187e+02 3.941627e+02 1.982848e+02
      vertex   -1.220284e+02 3.942334e+02 1.957848e+02
      vertex   -1.220284e+02 3.942334e+02 1.982848e+02
    endloop
  endfacet
  facet normal 5.173378e-01 -8.557813e-01 0.000000e+00
    outer loop
      vertex   -1.220284e+02 3.942334e+02 1.982848e+02
      vertex   -1.220284e+02 3.942334e+02 1.957848e+02
      vertex   -1.219302e+02 3.942928e+02 1.957848e+02
    endloop
  endfacet
  facet normal 5.173378e-01 -8.557813e-01 0.000000e+00
    outer loop
      vertex   -1.220284e+02 3.942334e+02 1.982848e+02
      vertex   -1.219302e+02 3.942928e+02 1.957848e+02
      vertex   -1.219302e+02 3.942928e+02 1.982848e+02
    endloop
  endfacet
  facet normal 4.104128e-01 -9.118998e-01 0.000000e+00
    outer loop
      vertex   -1.219302e+02 3.942928e+02 1.982848e+02
      vertex   -1.219302e+02 3.942928e+02 1.957848e+02
      vertex   -1.218256e+02 3.943399e+02 1.957848e+02
    endloop
  endfacet
  facet normal 4.104128e-01 -9.118998e-01 0.000000e+00
    outer loop
      vertex   -1.219302e+02 3.942928e+02 1.982848e+02
      vertex   -1.218256e+02 3.943399e+02 1.957848e+02
      vertex   -1.218256e+02 3.943399e+02 1.982848e+02
    endloop
  endfacet
  facet normal 2.975031e-01 -9.547209e-01 0.000000e+00
    outer loop
      vertex   -1.218256e+02 3.943399e+02 1.982848e+02
      vertex   -1.218256e+02 3.943399e+02 1.957848e+02
      vertex   -1.217161e+02 3.943740e+02 1.957848e+02
    endloop
  endfacet
  facet normal 2.975031e-01 -9.547209e-01 0.000000e+00
    outer loop
      vertex   -1.218256e+02 3.943399e+02 1.982848e+02
      vertex   -1.217161e+02 3.943740e+02 1.957848e+02
      vertex   -1.217161e+02 3.943740e+02 1.982848e+02
    endloop
  endfacet
  facet normal 1.802550e-01 -9.836199e-01 0.000000e+00
    outer loop
      vertex   -1.217161e+02 3.943740e+02 1.982848e+02
      vertex   -1.217161e+02 3.943740e+02 1.957848e+02
      vertex   -1.216032e+02 3.943947e+02 1.957848e+02
    endloop
  endfacet
  facet normal 1.802550e-01 -9.836199e-01 0.000000e+00
    outer loop
      vertex   -1.217161e+02 3.943740e+02 1.982848e+02
      vertex   -1.216032e+02 3.943947e+02 1.957848e+02
      vertex   -1.216032e+02 3.943947e+02 1.982848e+02
    endloop
  endfacet
  facet normal 6.037850e-02 -9.981756e-01 0.000000e+00
    outer loop
      vertex   -1.216032e+02 3.943947e+02 1.982848e+02
      vertex   -1.216032e+02 3.943947e+02 1.957848e+02
      vertex   -1.214887e+02 3.944016e+02 1.957848e+02
    endloop
  endfacet
  facet normal 6.037850e-02 -9.981756e-01 0.000000e+00
    outer loop
      vertex   -1.216032e+02 3.943947e+02 1.982848e+02
      vertex   -1.214887e+02 3.944016e+02 1.957848e+02
      vertex   -1.214887e+02 3.944016e+02 1.982848e+02
    endloop
  endfacet
  facet normal -6.037850e-02 -9.981756e-01 -0.000000e+00
    outer loop
      vertex   -1.214887e+02 3.944016e+02 1.982848e+02
      vertex   -1.214887e+02 3.944016e+02 1.957848e+02
      vertex   -1.213742e+02 3.943947e+02 1.957848e+02
    endloop
  endfacet
  facet normal -6.037850e-02 -9.981756e-01 0.000000e+00
    outer loop
      vertex   -1.214887e+02 3.944016e+02 1.982848e+02
      vertex   -1.213742e+02 3.943947e+02 1.957848e+02
      vertex   -1.213742e+02 3.943947e+02 1.982848e+02
    endloop
  endfacet
  facet normal -1.802550e-01 -9.836199e-01 -0.000000e+00
    outer loop
      vertex   -1.213742e+02 3.943947e+02 1.982848e+02
      vertex   -1.213742e+02 3.943947e+02 1.957848e+02
      vertex   -1.212614e+02 3.943740e+02 1.957848e+02
    endloop
  endfacet
  facet normal -1.802550e-01 -9.836199e-01 -1.025236e-15
    outer loop
      vertex   -1.213742e+02 3.943947e+02 1.982848e+02
      vertex   -1.212614e+02 3.943740e+02 1.957848e+02
      vertex   -1.212614e+02 3.943740e+02 1.982848e+02
    endloop
  endfacet
  facet normal -2.975031e-01 -9.547209e-01 -1.691109e-15
    outer loop
      vertex   -1.212614e+02 3.943740e+02 1.982848e+02
      vertex   -1.212614e+02 3.943740e+02 1.957848e+02
      vertex   -1.211519e+02 3.943399e+02 1.957848e+02
    endloop
  endfacet
  facet normal -2.975031e-01 -9.547209e-01 0.000000e+00
    outer loop
      vertex   -1.212614e+02 3.943740e+02 1.982848e+02
      vertex   -1.211519e+02 3.943399e+02 1.957848e+02
      vertex   -1.211519e+02 3.943399e+02 1.982848e+02
    endloop
  endfacet
  facet normal -4.104128e-01 -9.118998e-01 -0.000000e+00
    outer loop
      vertex   -1.211519e+02 3.943399e+02 1.982848e+02
      vertex   -1.211519e+02 3.943399e+02 1.957848e+02
      vertex   -1.210472e+02 3.942928e+02 1.957848e+02
    endloop
  endfacet
  facet normal -4.104128e-01 -9.118998e-01 0.000000e+00
    outer loop
      vertex   -1.211519e+02 3.943399e+02 1.982848e+02
      vertex   -1.210472e+02 3.942928e+02 1.957848e+02
      vertex   -1.210472e+02 3.942928e+02 1.982848e+02
    endloop
  endfacet
  facet normal -5.173378e-01 -8.557813e-01 -0.000000e+00
    outer loop
      vertex   -1.210472e+02 3.942928e+02 1.982848e+02
      vertex   -1.210472e+02 3.942928e+02 1.957848e+02
      vertex   -1.209491e+02 3.942334e+02 1.957848e+02
    endloop
  endfacet
  facet normal -5.173378e-01 -8.557813e-01 0.000000e+00
    outer loop
      vertex   -1.210472e+02 3.942928e+02 1.982848e+02
      vertex   -1.209491e+02 3.942334e+02 1.957848e+02
      vertex   -1.209491e+02 3.942334e+02 1.982848e+02
    endloop
  endfacet
  facet normal -6.167189e-01 -7.871835e-01 -0.000000e+00
    outer loop
      vertex   -1.209491e+02 3.942334e+02 1.982848e+02
      vertex   -1.209491e+02 3.942334e+02 1.957848e+02
      vertex   -1.208588e+02 3.941627e+02 1.957848e+02
    endloop
  endfacet
  facet normal -6.167189e-01 -7.871835e-01 0.000000e+00
    outer loop
      vertex   -1.209491e+02 3.942334e+02 1.982848e+02
      vertex   -1.208588e+02 3.941627e+02 1.957848e+02
      vertex   -1.208588e+02 3.941627e+02 1.982848e+02
    endloop
  endfacet
  facet normal -7.071068e-01 -7.071068e-01 -0.000000e+00
    outer loop
      vertex   -1.208588e+02 3.941627e+02 1.982848e+02
      vertex   -1.208588e+02 3.941627e+02 1.957848e+02
      vertex   -1.207776e+02 3.940816e+02 1.957848e+02
    endloop
  endfacet
  facet normal -7.071068e-01 -7.071068e-01 0.000000e+00
    outer loop
      vertex   -1.208588e+02 3.941627e+02 1.982848e+02
      vertex   -1.207776e+02 3.940816e+02 1.957848e+02
      vertex   -1.207776e+02 3.940816e+02 1.982848e+02
    endloop
  endfacet
  facet normal -7.871835e-01 -6.167189e-01 -0.000000e+00
    outer loop
      vertex   -1.207776e+02 3.940816e+02 1.982848e+02
      vertex   -1.207776e+02 3.940816e+02 1.957848e+02
      vertex   -1.207069e+02 3.939913e+02 1.957848e+02
    endloop
  endfacet
  facet normal -7.871835e-01 -6.167189e-01 0.000000e+00
    outer loop
      vertex   -1.207776e+02 3.940816e+02 1.982848e+02
      vertex   -1.207069e+02 3.939913e+02 1.957848e+02
      vertex   -1.207069e+02 3.939913e+02 1.982848e+02
    endloop
  endfacet
  facet normal -8.557813e-01 -5.173378e-01 -0.000000e+00
    outer loop
      vertex   -1.207069e+02 3.939913e+02 1.982848e+02
      vertex   -1.207069e+02 3.939913e+02 1.957848e+02
      vertex   -1.206475e+02 3.938931e+02 1.957848e+02
    endloop
  endfacet
  facet normal -8.557813e-01 -5.173378e-01 0.000000e+00
    outer loop
      vertex   -1.207069e+02 3.939913e+02 1.982848e+02
      vertex   -1.206475e+02 3.938931e+02 1.957848e+02
      vertex   -1.206475e+02 3.938931e+02 1.982848e+02
    endloop
  endfacet
  facet normal -9.118998e-01 -4.104128e-01 -0.000000e+00
    outer loop
      vertex   -1.206475e+02 3.938931e+02 1.982848e+02
      vertex   -1.206475e+02 3.938931e+02 1.957848e+02
      vertex   -1.206005e+02 3.937885e+02 1.957848e+02
    endloop
  endfacet
  facet normal -9.118998e-01 -4.104128e-01 0.000000e+00
    outer loop
      vertex   -1.206475e+02 3.938931e+02 1.982848e+02
      vertex   -1.206005e+02 3.937885e+02 1.957848e+02
      vertex   -1.206005e+02 3.937885e+02 1.982848e+02
    endloop
  endfacet
  facet normal -9.547209e-01 -2.975031e-01 -0.000000e+00
    outer loop
      vertex   -1.206005e+02 3.937885e+02 1.982848e+02
      vertex   -1.206005e+02 3.937885e+02 1.957848e+02
      vertex   -1.205663e+02 3.936789e+02 1.957848e+02
    endloop
  endfacet
  facet normal -9.547209e-01 -2.975031e-01 0.000000e+00
    outer loop
      vertex   -1.206005e+02 3.937885e+02 1.982848e+02
      vertex   -1.205663e+02 3.936789e+02 1.957848e+02
      vertex   -1.205663e+02 3.936789e+02 1.982848e+02
    endloop
  endfacet
  facet normal -9.836199e-01 -1.802550e-01 -0.000000e+00
    outer loop
      vertex   -1.205663e+02 3.936789e+02 1.982848e+02
      vertex   -1.205663e+02 3.936789e+02 1.957848e+02
      vertex   -1.205457e+02 3.935661e+02 1.957848e+02
    endloop
  endfacet
  facet normal 4.353058e-02 9.990521e-01 -0.000000e+00
    outer loop
      vertex   -1.213307e+02 3.953934e+02 1.736848e+02
      vertex   -1.213307e+02 3.953934e+02 1.761848e+02
      vertex   -1.211784e+02 3.953867e+02 1.736848e+02
    endloop
  endfacet
  facet normal 4.353058e-02 9.990521e-01 -0.000000e+00
    outer loop
      vertex   -1.211784e+02 3.953867e+02 1.736848e+02
      vertex   -1.213307e+02 3.953934e+02 1.761848e+02
      vertex   -1.211784e+02 3.953867e+02 1.761848e+02
    endloop
  endfacet
  facet normal 1.302618e-01 9.914796e-01 -0.000000e+00
    outer loop
      vertex   -1.211784e+02 3.953867e+02 1.736848e+02
      vertex   -1.211784e+02 3.953867e+02 1.761848e+02
      vertex   -1.210274e+02 3.953669e+02 1.736848e+02
    endloop
  endfacet
  facet normal 1.302618e-01 9.914796e-01 -0.000000e+00
    outer loop
      vertex   -1.210274e+02 3.953669e+02 1.736848e+02
      vertex   -1.211784e+02 3.953867e+02 1.761848e+02
      vertex   -1.210274e+02 3.953669e+02 1.761848e+02
    endloop
  endfacet
  facet normal 2.160057e-01 9.763921e-01 -0.000000e+00
    outer loop
      vertex   -1.210274e+02 3.953669e+02 1.736848e+02
      vertex   -1.210274e+02 3.953669e+02 1.761848e+02
      vertex   -1.208786e+02 3.953340e+02 1.736848e+02
    endloop
  endfacet
  facet normal 2.160057e-01 9.763921e-01 -0.000000e+00
    outer loop
      vertex   -1.208786e+02 3.953340e+02 1.736848e+02
      vertex   -1.210274e+02 3.953669e+02 1.761848e+02
      vertex   -1.208786e+02 3.953340e+02 1.761848e+02
    endloop
  endfacet
  facet normal 3.001123e-01 9.539039e-01 -0.000000e+00
    outer loop
      vertex   -1.208786e+02 3.953340e+02 1.736848e+02
      vertex   -1.208786e+02 3.953340e+02 1.761848e+02
      vertex   -1.207333e+02 3.952883e+02 1.736848e+02
    endloop
  endfacet
  facet normal 3.001123e-01 9.539039e-01 -0.000000e+00
    outer loop
      vertex   -1.207333e+02 3.952883e+02 1.736848e+02
      vertex   -1.208786e+02 3.953340e+02 1.761848e+02
      vertex   -1.207333e+02 3.952883e+02 1.761848e+02
    endloop
  endfacet
  facet normal 3.819442e-01 9.241854e-01 -0.000000e+00
    outer loop
      vertex   -1.207333e+02 3.952883e+02 1.736848e+02
      vertex   -1.207333e+02 3.952883e+02 1.761848e+02
      vertex   -1.205925e+02 3.952301e+02 1.736848e+02
    endloop
  endfacet
  facet normal 3.819442e-01 9.241854e-01 -0.000000e+00
    outer loop
      vertex   -1.205925e+02 3.952301e+02 1.736848e+02
      vertex   -1.207333e+02 3.952883e+02 1.761848e+02
      vertex   -1.205925e+02 3.952301e+02 1.761848e+02
    endloop
  endfacet
  facet normal 4.608811e-01 8.874619e-01 -0.000000e+00
    outer loop
      vertex   -1.205925e+02 3.952301e+02 1.736848e+02
      vertex   -1.205925e+02 3.952301e+02 1.761848e+02
      vertex   -1.204573e+02 3.951599e+02 1.736848e+02
    endloop
  endfacet
  facet normal 4.608811e-01 8.874619e-01 -0.000000e+00
    outer loop
      vertex   -1.204573e+02 3.951599e+02 1.736848e+02
      vertex   -1.205925e+02 3.952301e+02 1.761848e+02
      vertex   -1.204573e+02 3.951599e+02 1.761848e+02
    endloop
  endfacet
  facet normal 5.363247e-01 8.440118e-01 -0.000000e+00
    outer loop
      vertex   -1.204573e+02 3.951599e+02 1.736848e+02
      vertex   -1.204573e+02 3.951599e+02 1.761848e+02
      vertex   -1.203287e+02 3.950781e+02 1.736848e+02
    endloop
  endfacet
  facet normal 5.363247e-01 8.440118e-01 -0.000000e+00
    outer loop
      vertex   -1.203287e+02 3.950781e+02 1.736848e+02
      vertex   -1.204573e+02 3.951599e+02 1.761848e+02
      vertex   -1.203287e+02 3.950781e+02 1.761848e+02
    endloop
  endfacet
  facet normal 6.077031e-01 7.941643e-01 -0.000000e+00
    outer loop
      vertex   -1.203287e+02 3.950781e+02 1.736848e+02
      vertex   -1.203287e+02 3.950781e+02 1.761848e+02
      vertex   -1.202077e+02 3.949856e+02 1.736848e+02
    endloop
  endfacet
  facet normal 6.077031e-01 7.941643e-01 -0.000000e+00
    outer loop
      vertex   -1.202077e+02 3.949856e+02 1.736848e+02
      vertex   -1.203287e+02 3.950781e+02 1.761848e+02
      vertex   -1.202077e+02 3.949856e+02 1.761848e+02
    endloop
  endfacet
  facet normal 6.744753e-01 7.382974e-01 -0.000000e+00
    outer loop
      vertex   -1.202077e+02 3.949856e+02 1.736848e+02
      vertex   -1.202077e+02 3.949856e+02 1.761848e+02
      vertex   -1.200952e+02 3.948828e+02 1.736848e+02
    endloop
  endfacet
  facet normal 6.744753e-01 7.382974e-01 3.357388e-14
    outer loop
      vertex   -1.200952e+02 3.948828e+02 1.736848e+02
      vertex   -1.202077e+02 3.949856e+02 1.761848e+02
      vertex   -1.200952e+02 3.948828e+02 1.761848e+02
    endloop
  endfacet
  facet normal 7.361353e-01 6.768344e-01 3.077887e-14
    outer loop
      vertex   -1.200952e+02 3.948828e+02 1.736848e+02
      vertex   -1.200952e+02 3.948828e+02 1.761848e+02
      vertex   -1.199921e+02 3.947706e+02 1.736848e+02
    endloop
  endfacet
  facet normal 7.361353e-01 6.768344e-01 -0.000000e+00
    outer loop
      vertex   -1.199921e+02 3.947706e+02 1.736848e+02
      vertex   -1.200952e+02 3.948828e+02 1.761848e+02
      vertex   -1.199921e+02 3.947706e+02 1.761848e+02
    endloop
  endfacet
  facet normal 7.922156e-01 6.102413e-01 -0.000000e+00
    outer loop
      vertex   -1.199921e+02 3.947706e+02 1.736848e+02
      vertex   -1.199921e+02 3.947706e+02 1.761848e+02
      vertex   -1.198991e+02 3.946499e+02 1.736848e+02
    endloop
  endfacet
  facet normal 7.922156e-01 6.102413e-01 -0.000000e+00
    outer loop
      vertex   -1.198991e+02 3.946499e+02 1.736848e+02
      vertex   -1.199921e+02 3.947706e+02 1.761848e+02
      vertex   -1.198991e+02 3.946499e+02 1.761848e+02
    endloop
  endfacet
  facet normal 8.422912e-01 5.390228e-01 -0.000000e+00
    outer loop
      vertex   -1.198991e+02 3.946499e+02 1.736848e+02
      vertex   -1.198991e+02 3.946499e+02 1.761848e+02
      vertex   -1.198170e+02 3.945216e+02 1.736848e+02
    endloop
  endfacet
  facet normal 8.422912e-01 5.390228e-01 -0.000000e+00
    outer loop
      vertex   -1.198170e+02 3.945216e+02 1.736848e+02
      vertex   -1.198991e+02 3.946499e+02 1.761848e+02
      vertex   -1.198170e+02 3.945216e+02 1.761848e+02
    endloop
  endfacet
  facet normal 8.859825e-01 4.637186e-01 -0.000000e+00
    outer loop
      vertex   -1.198170e+02 3.945216e+02 1.736848e+02
      vertex   -1.198170e+02 3.945216e+02 1.761848e+02
      vertex   -1.197463e+02 3.943866e+02 1.736848e+02
    endloop
  endfacet
  facet normal 8.859825e-01 4.637186e-01 -0.000000e+00
    outer loop
      vertex   -1.197463e+02 3.943866e+02 1.736848e+02
      vertex   -1.198170e+02 3.945216e+02 1.761848e+02
      vertex   -1.197463e+02 3.943866e+02 1.761848e+02
    endloop
  endfacet
  facet normal 9.229584e-01 3.848996e-01 -0.000000e+00
    outer loop
      vertex   -1.197463e+02 3.943866e+02 1.736848e+02
      vertex   -1.197463e+02 3.943866e+02 1.761848e+02
      vertex   -1.196877e+02 3.942460e+02 1.736848e+02
    endloop
  endfacet
  facet normal 9.229584e-01 3.848996e-01 -0.000000e+00
    outer loop
      vertex   -1.196877e+02 3.942460e+02 1.736848e+02
      vertex   -1.197463e+02 3.943866e+02 1.761848e+02
      vertex   -1.196877e+02 3.942460e+02 1.761848e+02
    endloop
  endfacet
  facet normal 9.529386e-01 3.031633e-01 -0.000000e+00
    outer loop
      vertex   -1.196877e+02 3.942460e+02 1.736848e+02
      vertex   -1.196877e+02 3.942460e+02 1.761848e+02
      vertex   -1.196415e+02 3.941008e+02 1.736848e+02
    endloop
  endfacet
  facet normal 9.529386e-01 3.031633e-01 -0.000000e+00
    outer loop
      vertex   -1.196415e+02 3.941008e+02 1.736848e+02
      vertex   -1.196877e+02 3.942460e+02 1.761848e+02
      vertex   -1.196415e+02 3.941008e+02 1.761848e+02
    endloop
  endfacet
  facet normal 9.756959e-01 2.191290e-01 -0.000000e+00
    outer loop
      vertex   -1.196415e+02 3.941008e+02 1.736848e+02
      vertex   -1.196415e+02 3.941008e+02 1.761848e+02
      vertex   -1.196081e+02 3.939522e+02 1.736848e+02
    endloop
  endfacet
  facet normal 9.756959e-01 2.191290e-01 -0.000000e+00
    outer loop
      vertex   -1.196081e+02 3.939522e+02 1.736848e+02
      vertex   -1.196415e+02 3.941008e+02 1.761848e+02
      vertex   -1.196081e+02 3.939522e+02 1.761848e+02
    endloop
  endfacet
  facet normal 9.910577e-01 1.334339e-01 -0.000000e+00
    outer loop
      vertex   -1.196081e+02 3.939522e+02 1.736848e+02
      vertex   -1.196081e+02 3.939522e+02 1.761848e+02
      vertex   -1.195878e+02 3.938012e+02 1.736848e+02
    endloop
  endfacet
  facet normal 9.910577e-01 1.334339e-01 -0.000000e+00
    outer loop
      vertex   -1.195878e+02 3.938012e+02 1.736848e+02
      vertex   -1.196081e+02 3.939522e+02 1.761848e+02
      vertex   -1.195878e+02 3.938012e+02 1.761848e+02
    endloop
  endfacet
  facet normal 9.989077e-01 4.672733e-02 -0.000000e+00
    outer loop
      vertex   -1.195878e+02 3.938012e+02 1.736848e+02
      vertex   -1.195878e+02 3.938012e+02 1.761848e+02
      vertex   -1.195807e+02 3.936490e+02 1.736848e+02
    endloop
  endfacet
  facet normal 9.989077e-01 4.672733e-02 -4.031474e-13
    outer loop
      vertex   -1.195807e+02 3.936490e+02 1.736848e+02
      vertex   -1.195878e+02 3.938012e+02 1.761848e+02
      vertex   -1.195807e+02 3.936490e+02 1.761848e+02
    endloop
  endfacet
  facet normal 9.999949e-01 3.200004e-03 -4.035862e-13
    outer loop
      vertex   -1.195807e+02 3.936490e+02 1.761848e+02
      vertex   -1.195759e+02 3.921566e+02 1.761848e+02
      vertex   -1.195807e+02 3.936490e+02 1.736848e+02
    endloop
  endfacet
  facet normal 9.999949e-01 3.200004e-03 0.000000e+00
    outer loop
      vertex   -1.195807e+02 3.936490e+02 1.736848e+02
      vertex   -1.195759e+02 3.921566e+02 1.761848e+02
      vertex   -1.195759e+02 3.921566e+02 1.736848e+02
    endloop
  endfacet
  facet normal -9.981756e-01 6.037850e-02 0.000000e+00
    outer loop
      vertex   -1.205457e+02 3.933371e+02 1.736848e+02
      vertex   -1.205457e+02 3.933371e+02 1.761848e+02
      vertex   -1.205387e+02 3.934516e+02 1.736848e+02
    endloop
  endfacet
  facet normal -9.981756e-01 6.037850e-02 0.000000e+00
    outer loop
      vertex   -1.205387e+02 3.934516e+02 1.736848e+02
      vertex   -1.205457e+02 3.933371e+02 1.761848e+02
      vertex   -1.205387e+02 3.934516e+02 1.761848e+02
    endloop
  endfacet
  facet normal -9.981756e-01 -6.037850e-02 0.000000e+00
    outer loop
      vertex   -1.205387e+02 3.934516e+02 1.736848e+02
      vertex   -1.205387e+02 3.934516e+02 1.761848e+02
      vertex   -1.205457e+02 3.935661e+02 1.736848e+02
    endloop
  endfacet
  facet normal -9.981756e-01 -6.037850e-02 0.000000e+00
    outer loop
      vertex   -1.205457e+02 3.935661e+02 1.736848e+02
      vertex   -1.205387e+02 3.934516e+02 1.761848e+02
      vertex   -1.205457e+02 3.935661e+02 1.761848e+02
    endloop
  endfacet
  facet normal -9.836199e-01 -1.802550e-01 0.000000e+00
    outer loop
      vertex   -1.205457e+02 3.935661e+02 1.736848e+02
      vertex   -1.205457e+02 3.935661e+02 1.761848e+02
      vertex   -1.205663e+02 3.936789e+02 1.761848e+02
    endloop
  endfacet
  facet normal -9.836199e-01 1.802550e-01 0.000000e+00
    outer loop
      vertex   -1.205457e+02 3.933371e+02 1.736848e+02
      vertex   -1.205663e+02 3.932242e+02 1.736848e+02
      vertex   -1.205457e+02 3.933371e+02 1.761848e+02
    endloop
  endfacet
  facet normal -9.836199e-01 1.802550e-01 0.000000e+00
    outer loop
      vertex   -1.205457e+02 3.933371e+02 1.761848e+02
      vertex   -1.205663e+02 3.932242e+02 1.736848e+02
      vertex   -1.205663e+02 3.932242e+02 1.761848e+02
    endloop
  endfacet
  facet normal -9.547209e-01 2.975031e-01 0.000000e+00
    outer loop
      vertex   -1.205663e+02 3.932242e+02 1.761848e+02
      vertex   -1.205663e+02 3.932242e+02 1.736848e+02
      vertex   -1.206005e+02 3.931147e+02 1.736848e+02
    endloop
  endfacet
  facet normal -9.547209e-01 2.975031e-01 0.000000e+00
    outer loop
      vertex   -1.205663e+02 3.932242e+02 1.761848e+02
      vertex   -1.206005e+02 3.931147e+02 1.736848e+02
      vertex   -1.206005e+02 3.931147e+02 1.761848e+02
    endloop
  endfacet
  facet normal -9.118998e-01 4.104128e-01 0.000000e+00
    outer loop
      vertex   -1.206005e+02 3.931147e+02 1.761848e+02
      vertex   -1.206005e+02 3.931147e+02 1.736848e+02
      vertex   -1.206475e+02 3.930101e+02 1.736848e+02
    endloop
  endfacet
  facet normal -9.118998e-01 4.104128e-01 0.000000e+00
    outer loop
      vertex   -1.206005e+02 3.931147e+02 1.761848e+02
      vertex   -1.206475e+02 3.930101e+02 1.736848e+02
      vertex   -1.206475e+02 3.930101e+02 1.761848e+02
    endloop
  endfacet
  facet normal -8.557813e-01 5.173378e-01 0.000000e+00
    outer loop
      vertex   -1.206475e+02 3.930101e+02 1.761848e+02
      vertex   -1.206475e+02 3.930101e+02 1.736848e+02
      vertex   -1.207069e+02 3.929119e+02 1.736848e+02
    endloop
  endfacet
  facet normal -8.557813e-01 5.173378e-01 0.000000e+00
    outer loop
      vertex   -1.206475e+02 3.930101e+02 1.761848e+02
      vertex   -1.207069e+02 3.929119e+02 1.736848e+02
      vertex   -1.207069e+02 3.929119e+02 1.761848e+02
    endloop
  endfacet
  facet normal -7.871835e-01 6.167189e-01 0.000000e+00
    outer loop
      vertex   -1.207069e+02 3.929119e+02 1.761848e+02
      vertex   -1.207069e+02 3.929119e+02 1.736848e+02
      vertex   -1.207776e+02 3.928216e+02 1.736848e+02
    endloop
  endfacet
  facet normal -7.871835e-01 6.167189e-01 0.000000e+00
    outer loop
      vertex   -1.207069e+02 3.929119e+02 1.761848e+02
      vertex   -1.207776e+02 3.928216e+02 1.736848e+02
      vertex   -1.207776e+02 3.928216e+02 1.761848e+02
    endloop
  endfacet
  facet normal -7.071068e-01 7.071068e-01 0.000000e+00
    outer loop
      vertex   -1.207776e+02 3.928216e+02 1.761848e+02
      vertex   -1.207776e+02 3.928216e+02 1.736848e+02
      vertex   -1.208588e+02 3.927405e+02 1.736848e+02
    endloop
  endfacet
  facet normal -7.071068e-01 7.071068e-01 0.000000e+00
    outer loop
      vertex   -1.207776e+02 3.928216e+02 1.761848e+02
      vertex   -1.208588e+02 3.927405e+02 1.736848e+02
      vertex   -1.208588e+02 3.927405e+02 1.761848e+02
    endloop
  endfacet
  facet normal -6.167189e-01 7.871835e-01 0.000000e+00
    outer loop
      vertex   -1.208588e+02 3.927405e+02 1.761848e+02
      vertex   -1.208588e+02 3.927405e+02 1.736848e+02
      vertex   -1.209491e+02 3.926698e+02 1.736848e+02
    endloop
  endfacet
  facet normal -6.167189e-01 7.871835e-01 0.000000e+00
    outer loop
      vertex   -1.208588e+02 3.927405e+02 1.761848e+02
      vertex   -1.209491e+02 3.926698e+02 1.736848e+02
      vertex   -1.209491e+02 3.926698e+02 1.761848e+02
    endloop
  endfacet
  facet normal -5.173378e-01 8.557813e-01 0.000000e+00
    outer loop
      vertex   -1.209491e+02 3.926698e+02 1.761848e+02
      vertex   -1.209491e+02 3.926698e+02 1.736848e+02
      vertex   -1.210472e+02 3.926104e+02 1.736848e+02
    endloop
  endfacet
  facet normal -5.173378e-01 8.557813e-01 0.000000e+00
    outer loop
      vertex   -1.209491e+02 3.926698e+02 1.761848e+02
      vertex   -1.210472e+02 3.926104e+02 1.736848e+02
      vertex   -1.210472e+02 3.926104e+02 1.761848e+02
    endloop
  endfacet
  facet normal -4.104128e-01 9.118998e-01 0.000000e+00
    outer loop
      vertex   -1.210472e+02 3.926104e+02 1.761848e+02
      vertex   -1.210472e+02 3.926104e+02 1.736848e+02
      vertex   -1.211519e+02 3.925633e+02 1.736848e+02
    endloop
  endfacet
  facet normal -4.104128e-01 9.118998e-01 0.000000e+00
    outer loop
      vertex   -1.210472e+02 3.926104e+02 1.761848e+02
      vertex   -1.211519e+02 3.925633e+02 1.736848e+02
      vertex   -1.211519e+02 3.925633e+02 1.761848e+02
    endloop
  endfacet
  facet normal -2.975031e-01 9.547209e-01 0.000000e+00
    outer loop
      vertex   -1.211519e+02 3.925633e+02 1.761848e+02
      vertex   -1.211519e+02 3.925633e+02 1.736848e+02
      vertex   -1.212614e+02 3.925292e+02 1.736848e+02
    endloop
  endfacet
  facet normal -2.975031e-01 9.547209e-01 0.000000e+00
    outer loop
      vertex   -1.211519e+02 3.925633e+02 1.761848e+02
      vertex   -1.212614e+02 3.925292e+02 1.736848e+02
      vertex   -1.212614e+02 3.925292e+02 1.761848e+02
    endloop
  endfacet
  facet normal -1.802550e-01 9.836199e-01 0.000000e+00
    outer loop
      vertex   -1.212614e+02 3.925292e+02 1.761848e+02
      vertex   -1.212614e+02 3.925292e+02 1.736848e+02
      vertex   -1.213742e+02 3.925085e+02 1.736848e+02
    endloop
  endfacet
  facet normal -1.802550e-01 9.836199e-01 0.000000e+00
    outer loop
      vertex   -1.212614e+02 3.925292e+02 1.761848e+02
      vertex   -1.213742e+02 3.925085e+02 1.736848e+02
      vertex   -1.213742e+02 3.925085e+02 1.761848e+02
    endloop
  endfacet
  facet normal -6.037850e-02 9.981756e-01 0.000000e+00
    outer loop
      vertex   -1.213742e+02 3.925085e+02 1.761848e+02
      vertex   -1.213742e+02 3.925085e+02 1.736848e+02
      vertex   -1.214887e+02 3.925016e+02 1.736848e+02
    endloop
  endfacet
  facet normal -6.037850e-02 9.981756e-01 0.000000e+00
    outer loop
      vertex   -1.213742e+02 3.925085e+02 1.761848e+02
      vertex   -1.214887e+02 3.925016e+02 1.736848e+02
      vertex   -1.214887e+02 3.925016e+02 1.761848e+02
    endloop
  endfacet
  facet normal 6.037850e-02 9.981756e-01 0.000000e+00
    outer loop
      vertex   -1.214887e+02 3.925016e+02 1.761848e+02
      vertex   -1.214887e+02 3.925016e+02 1.736848e+02
      vertex   -1.216032e+02 3.925085e+02 1.736848e+02
    endloop
  endfacet
  facet normal 6.037850e-02 9.981756e-01 0.000000e+00
    outer loop
      vertex   -1.214887e+02 3.925016e+02 1.761848e+02
      vertex   -1.216032e+02 3.925085e+02 1.736848e+02
      vertex   -1.216032e+02 3.925085e+02 1.761848e+02
    endloop
  endfacet
  facet normal 1.802550e-01 9.836199e-01 0.000000e+00
    outer loop
      vertex   -1.216032e+02 3.925085e+02 1.761848e+02
      vertex   -1.216032e+02 3.925085e+02 1.736848e+02
      vertex   -1.217161e+02 3.925292e+02 1.736848e+02
    endloop
  endfacet
  facet normal 1.802550e-01 9.836199e-01 0.000000e+00
    outer loop
      vertex   -1.216032e+02 3.925085e+02 1.761848e+02
      vertex   -1.217161e+02 3.925292e+02 1.736848e+02
      vertex   -1.217161e+02 3.925292e+02 1.761848e+02
    endloop
  endfacet
  facet normal 2.975031e-01 9.547209e-01 0.000000e+00
    outer loop
      vertex   -1.217161e+02 3.925292e+02 1.761848e+02
      vertex   -1.217161e+02 3.925292e+02 1.736848e+02
      vertex   -1.218256e+02 3.925633e+02 1.736848e+02
    endloop
  endfacet
  facet normal 2.975031e-01 9.547209e-01 0.000000e+00
    outer loop
      vertex   -1.217161e+02 3.925292e+02 1.761848e+02
      vertex   -1.218256e+02 3.925633e+02 1.736848e+02
      vertex   -1.218256e+02 3.925633e+02 1.761848e+02
    endloop
  endfacet
  facet normal 4.104128e-01 9.118998e-01 0.000000e+00
    outer loop
      vertex   -1.218256e+02 3.925633e+02 1.761848e+02
      vertex   -1.218256e+02 3.925633e+02 1.736848e+02
      vertex   -1.219302e+02 3.926104e+02 1.736848e+02
    endloop
  endfacet
  facet normal 4.104128e-01 9.118998e-01 0.000000e+00
    outer loop
      vertex   -1.218256e+02 3.925633e+02 1.761848e+02
      vertex   -1.219302e+02 3.926104e+02 1.736848e+02
      vertex   -1.219302e+02 3.926104e+02 1.761848e+02
    endloop
  endfacet
  facet normal 5.173378e-01 8.557813e-01 0.000000e+00
    outer loop
      vertex   -1.219302e+02 3.926104e+02 1.761848e+02
      vertex   -1.219302e+02 3.926104e+02 1.736848e+02
      vertex   -1.220284e+02 3.926698e+02 1.736848e+02
    endloop
  endfacet
  facet normal 5.173378e-01 8.557813e-01 0.000000e+00
    outer loop
      vertex   -1.219302e+02 3.926104e+02 1.761848e+02
      vertex   -1.220284e+02 3.926698e+02 1.736848e+02
      vertex   -1.220284e+02 3.926698e+02 1.761848e+02
    endloop
  endfacet
  facet normal 6.167189e-01 7.871835e-01 0.000000e+00
    outer loop
      vertex   -1.220284e+02 3.926698e+02 1.761848e+02
      vertex   -1.220284e+02 3.926698e+02 1.736848e+02
      vertex   -1.221187e+02 3.927405e+02 1.736848e+02
    endloop
  endfacet
  facet normal 6.167189e-01 7.871835e-01 0.000000e+00
    outer loop
      vertex   -1.220284e+02 3.926698e+02 1.761848e+02
      vertex   -1.221187e+02 3.927405e+02 1.736848e+02
      vertex   -1.221187e+02 3.927405e+02 1.761848e+02
    endloop
  endfacet
  facet normal 7.071068e-01 7.071068e-01 0.000000e+00
    outer loop
      vertex   -1.221187e+02 3.927405e+02 1.761848e+02
      vertex   -1.221187e+02 3.927405e+02 1.736848e+02
      vertex   -1.221998e+02 3.928216e+02 1.736848e+02
    endloop
  endfacet
  facet normal 7.071068e-01 7.071068e-01 0.000000e+00
    outer loop
      vertex   -1.221187e+02 3.927405e+02 1.761848e+02
      vertex   -1.221998e+02 3.928216e+02 1.736848e+02
      vertex   -1.221998e+02 3.928216e+02 1.761848e+02
    endloop
  endfacet
  facet normal 7.871835e-01 6.167189e-01 0.000000e+00
    outer loop
      vertex   -1.221998e+02 3.928216e+02 1.761848e+02
      vertex   -1.221998e+02 3.928216e+02 1.736848e+02
      vertex   -1.222706e+02 3.929119e+02 1.736848e+02
    endloop
  endfacet
  facet normal 7.871835e-01 6.167189e-01 0.000000e+00
    outer loop
      vertex   -1.221998e+02 3.928216e+02 1.761848e+02
      vertex   -1.222706e+02 3.929119e+02 1.736848e+02
      vertex   -1.222706e+02 3.929119e+02 1.761848e+02
    endloop
  endfacet
  facet normal 8.557813e-01 5.173378e-01 0.000000e+00
    outer loop
      vertex   -1.222706e+02 3.929119e+02 1.761848e+02
      vertex   -1.222706e+02 3.929119e+02 1.736848e+02
      vertex   -1.223299e+02 3.930101e+02 1.736848e+02
    endloop
  endfacet
  facet normal 8.557813e-01 5.173378e-01 0.000000e+00
    outer loop
      vertex   -1.222706e+02 3.929119e+02 1.761848e+02
      vertex   -1.223299e+02 3.930101e+02 1.736848e+02
      vertex   -1.223299e+02 3.930101e+02 1.761848e+02
    endloop
  endfacet
  facet normal 9.118998e-01 4.104128e-01 0.000000e+00
    outer loop
      vertex   -1.223299e+02 3.930101e+02 1.761848e+02
      vertex   -1.223299e+02 3.930101e+02 1.736848e+02
      vertex   -1.223770e+02 3.931147e+02 1.736848e+02
    endloop
  endfacet
  facet normal 9.118998e-01 4.104128e-01 0.000000e+00
    outer loop
      vertex   -1.223299e+02 3.930101e+02 1.761848e+02
      vertex   -1.223770e+02 3.931147e+02 1.736848e+02
      vertex   -1.223770e+02 3.931147e+02 1.761848e+02
    endloop
  endfacet
  facet normal 9.547209e-01 2.975031e-01 0.000000e+00
    outer loop
      vertex   -1.223770e+02 3.931147e+02 1.761848e+02
      vertex   -1.223770e+02 3.931147e+02 1.736848e+02
      vertex   -1.224111e+02 3.932242e+02 1.736848e+02
    endloop
  endfacet
  facet normal 9.547209e-01 2.975031e-01 0.000000e+00
    outer loop
      vertex   -1.223770e+02 3.931147e+02 1.761848e+02
      vertex   -1.224111e+02 3.932242e+02 1.736848e+02
      vertex   -1.224111e+02 3.932242e+02 1.761848e+02
    endloop
  endfacet
  facet normal 9.836199e-01 1.802550e-01 0.000000e+00
    outer loop
      vertex   -1.224111e+02 3.932242e+02 1.761848e+02
      vertex   -1.224111e+02 3.932242e+02 1.736848e+02
      vertex   -1.224318e+02 3.933371e+02 1.736848e+02
    endloop
  endfacet
  facet normal 9.836199e-01 1.802550e-01 0.000000e+00
    outer loop
      vertex   -1.224111e+02 3.932242e+02 1.761848e+02
      vertex   -1.224318e+02 3.933371e+02 1.736848e+02
      vertex   -1.224318e+02 3.933371e+02 1.761848e+02
    endloop
  endfacet
  facet normal 9.981756e-01 6.037850e-02 0.000000e+00
    outer loop
      vertex   -1.224318e+02 3.933371e+02 1.761848e+02
      vertex   -1.224318e+02 3.933371e+02 1.736848e+02
      vertex   -1.224387e+02 3.934516e+02 1.736848e+02
    endloop
  endfacet
  facet normal 9.981756e-01 6.037850e-02 0.000000e+00
    outer loop
      vertex   -1.224318e+02 3.933371e+02 1.761848e+02
      vertex   -1.224387e+02 3.934516e+02 1.736848e+02
      vertex   -1.224387e+02 3.934516e+02 1.761848e+02
    endloop
  endfacet
  facet normal 9.981756e-01 -6.037850e-02 0.000000e+00
    outer loop
      vertex   -1.224387e+02 3.934516e+02 1.761848e+02
      vertex   -1.224387e+02 3.934516e+02 1.736848e+02
      vertex   -1.224318e+02 3.935661e+02 1.736848e+02
    endloop
  endfacet
  facet normal 9.981756e-01 -6.037850e-02 0.000000e+00
    outer loop
      vertex   -1.224387e+02 3.934516e+02 1.761848e+02
      vertex   -1.224318e+02 3.935661e+02 1.736848e+02
      vertex   -1.224318e+02 3.935661e+02 1.761848e+02
    endloop
  endfacet
  facet normal 9.836199e-01 -1.802550e-01 0.000000e+00
    outer loop
      vertex   -1.224318e+02 3.935661e+02 1.761848e+02
      vertex   -1.224318e+02 3.935661e+02 1.736848e+02
      vertex   -1.224111e+02 3.936789e+02 1.736848e+02
    endloop
  endfacet
  facet normal 9.836199e-01 -1.802550e-01 0.000000e+00
    outer loop
      vertex   -1.224318e+02 3.935661e+02 1.761848e+02
      vertex   -1.224111e+02 3.936789e+02 1.736848e+02
      vertex   -1.224111e+02 3.936789e+02 1.761848e+02
    endloop
  endfacet
  facet normal 9.547209e-01 -2.975031e-01 0.000000e+00
    outer loop
      vertex   -1.224111e+02 3.936789e+02 1.761848e+02
      vertex   -1.224111e+02 3.936789e+02 1.736848e+02
      vertex   -1.223770e+02 3.937885e+02 1.736848e+02
    endloop
  endfacet
  facet normal 9.547209e-01 -2.975031e-01 0.000000e+00
    outer loop
      vertex   -1.224111e+02 3.936789e+02 1.761848e+02
      vertex   -1.223770e+02 3.937885e+02 1.736848e+02
      vertex   -1.223770e+02 3.937885e+02 1.761848e+02
    endloop
  endfacet
  facet normal 9.118998e-01 -4.104128e-01 0.000000e+00
    outer loop
      vertex   -1.223770e+02 3.937885e+02 1.761848e+02
      vertex   -1.223770e+02 3.937885e+02 1.736848e+02
      vertex   -1.223299e+02 3.938931e+02 1.736848e+02
    endloop
  endfacet
  facet normal 9.118998e-01 -4.104128e-01 0.000000e+00
    outer loop
      vertex   -1.223770e+02 3.937885e+02 1.761848e+02
      vertex   -1.223299e+02 3.938931e+02 1.736848e+02
      vertex   -1.223299e+02 3.938931e+02 1.761848e+02
    endloop
  endfacet
  facet normal 8.557813e-01 -5.173378e-01 0.000000e+00
    outer loop
      vertex   -1.223299e+02 3.938931e+02 1.761848e+02
      vertex   -1.223299e+02 3.938931e+02 1.736848e+02
      vertex   -1.222706e+02 3.939913e+02 1.736848e+02
    endloop
  endfacet
  facet normal 8.557813e-01 -5.173378e-01 0.000000e+00
    outer loop
      vertex   -1.223299e+02 3.938931e+02 1.761848e+02
      vertex   -1.222706e+02 3.939913e+02 1.736848e+02
      vertex   -1.222706e+02 3.939913e+02 1.761848e+02
    endloop
  endfacet
  facet normal 7.871835e-01 -6.167189e-01 0.000000e+00
    outer loop
      vertex   -1.222706e+02 3.939913e+02 1.761848e+02
      vertex   -1.222706e+02 3.939913e+02 1.736848e+02
      vertex   -1.221998e+02 3.940816e+02 1.736848e+02
    endloop
  endfacet
  facet normal 7.871835e-01 -6.167189e-01 0.000000e+00
    outer loop
      vertex   -1.222706e+02 3.939913e+02 1.761848e+02
      vertex   -1.221998e+02 3.940816e+02 1.736848e+02
      vertex   -1.221998e+02 3.940816e+02 1.761848e+02
    endloop
  endfacet
  facet normal 7.071068e-01 -7.071068e-01 0.000000e+00
    outer loop
      vertex   -1.221998e+02 3.940816e+02 1.761848e+02
      vertex   -1.221998e+02 3.940816e+02 1.736848e+02
      vertex   -1.221187e+02 3.941627e+02 1.736848e+02
    endloop
  endfacet
  facet normal 7.071068e-01 -7.071068e-01 0.000000e+00
    outer loop
      vertex   -1.221998e+02 3.940816e+02 1.761848e+02
      vertex   -1.221187e+02 3.941627e+02 1.736848e+02
      vertex   -1.221187e+02 3.941627e+02 1.761848e+02
    endloop
  endfacet
  facet normal 6.167189e-01 -7.871835e-01 0.000000e+00
    outer loop
      vertex   -1.221187e+02 3.941627e+02 1.761848e+02
      vertex   -1.221187e+02 3.941627e+02 1.736848e+02
      vertex   -1.220284e+02 3.942334e+02 1.736848e+02
    endloop
  endfacet
  facet normal 6.167189e-01 -7.871835e-01 0.000000e+00
    outer loop
      vertex   -1.221187e+02 3.941627e+02 1.761848e+02
      vertex   -1.220284e+02 3.942334e+02 1.736848e+02
      vertex   -1.220284e+02 3.942334e+02 1.761848e+02
    endloop
  endfacet
  facet normal 5.173378e-01 -8.557813e-01 0.000000e+00
    outer loop
      vertex   -1.220284e+02 3.942334e+02 1.761848e+02
      vertex   -1.220284e+02 3.942334e+02 1.736848e+02
      vertex   -1.219302e+02 3.942928e+02 1.736848e+02
    endloop
  endfacet
  facet normal 5.173378e-01 -8.557813e-01 0.000000e+00
    outer loop
      vertex   -1.220284e+02 3.942334e+02 1.761848e+02
      vertex   -1.219302e+02 3.942928e+02 1.736848e+02
      vertex   -1.219302e+02 3.942928e+02 1.761848e+02
    endloop
  endfacet
  facet normal 4.104128e-01 -9.118998e-01 0.000000e+00
    outer loop
      vertex   -1.219302e+02 3.942928e+02 1.761848e+02
      vertex   -1.219302e+02 3.942928e+02 1.736848e+02
      vertex   -1.218256e+02 3.943399e+02 1.736848e+02
    endloop
  endfacet
  facet normal 4.104128e-01 -9.118998e-01 0.000000e+00
    outer loop
      vertex   -1.219302e+02 3.942928e+02 1.761848e+02
      vertex   -1.218256e+02 3.943399e+02 1.736848e+02
      vertex   -1.218256e+02 3.943399e+02 1.761848e+02
    endloop
  endfacet
  facet normal 2.975031e-01 -9.547209e-01 0.000000e+00
    outer loop
      vertex   -1.218256e+02 3.943399e+02 1.761848e+02
      vertex   -1.218256e+02 3.943399e+02 1.736848e+02
      vertex   -1.217161e+02 3.943740e+02 1.736848e+02
    endloop
  endfacet
  facet normal 2.975031e-01 -9.547209e-01 0.000000e+00
    outer loop
      vertex   -1.218256e+02 3.943399e+02 1.761848e+02
      vertex   -1.217161e+02 3.943740e+02 1.736848e+02
      vertex   -1.217161e+02 3.943740e+02 1.761848e+02
    endloop
  endfacet
  facet normal 1.802550e-01 -9.836199e-01 0.000000e+00
    outer loop
      vertex   -1.217161e+02 3.943740e+02 1.761848e+02
      vertex   -1.217161e+02 3.943740e+02 1.736848e+02
      vertex   -1.216032e+02 3.943947e+02 1.736848e+02
    endloop
  endfacet
  facet normal 1.802550e-01 -9.836199e-01 0.000000e+00
    outer loop
      vertex   -1.217161e+02 3.943740e+02 1.761848e+02
      vertex   -1.216032e+02 3.943947e+02 1.736848e+02
      vertex   -1.216032e+02 3.943947e+02 1.761848e+02
    endloop
  endfacet
  facet normal 6.037850e-02 -9.981756e-01 0.000000e+00
    outer loop
      vertex   -1.216032e+02 3.943947e+02 1.761848e+02
      vertex   -1.216032e+02 3.943947e+02 1.736848e+02
      vertex   -1.214887e+02 3.944016e+02 1.736848e+02
    endloop
  endfacet
  facet normal 6.037850e-02 -9.981756e-01 0.000000e+00
    outer loop
      vertex   -1.216032e+02 3.943947e+02 1.761848e+02
      vertex   -1.214887e+02 3.944016e+02 1.736848e+02
      vertex   -1.214887e+02 3.944016e+02 1.761848e+02
    endloop
  endfacet
  facet normal -6.037850e-02 -9.981756e-01 -0.000000e+00
    outer loop
      vertex   -1.214887e+02 3.944016e+02 1.761848e+02
      vertex   -1.214887e+02 3.944016e+02 1.736848e+02
      vertex   -1.213742e+02 3.943947e+02 1.736848e+02
    endloop
  endfacet
  facet normal -6.037850e-02 -9.981756e-01 0.000000e+00
    outer loop
      vertex   -1.214887e+02 3.944016e+02 1.761848e+02
      vertex   -1.213742e+02 3.943947e+02 1.736848e+02
      vertex   -1.213742e+02 3.943947e+02 1.761848e+02
    endloop
  endfacet
  facet normal -1.802550e-01 -9.836199e-01 -0.000000e+00
    outer loop
      vertex   -1.213742e+02 3.943947e+02 1.761848e+02
      vertex   -1.213742e+02 3.943947e+02 1.736848e+02
      vertex   -1.212614e+02 3.943740e+02 1.736848e+02
    endloop
  endfacet
  facet normal -1.802550e-01 -9.836199e-01 0.000000e+00
    outer loop
      vertex   -1.213742e+02 3.943947e+02 1.761848e+02
      vertex   -1.212614e+02 3.943740e+02 1.736848e+02
      vertex   -1.212614e+02 3.943740e+02 1.761848e+02
    endloop
  endfacet
  facet normal -2.975031e-01 -9.547209e-01 -0.000000e+00
    outer loop
      vertex   -1.212614e+02 3.943740e+02 1.761848e+02
      vertex   -1.212614e+02 3.943740e+02 1.736848e+02
      vertex   -1.211519e+02 3.943399e+02 1.736848e+02
    endloop
  endfacet
  facet normal -2.975031e-01 -9.547209e-01 0.000000e+00
    outer loop
      vertex   -1.212614e+02 3.943740e+02 1.761848e+02
      vertex   -1.211519e+02 3.943399e+02 1.736848e+02
      vertex   -1.211519e+02 3.943399e+02 1.761848e+02
    endloop
  endfacet
  facet normal -4.104128e-01 -9.118998e-01 -0.000000e+00
    outer loop
      vertex   -1.211519e+02 3.943399e+02 1.761848e+02
      vertex   -1.211519e+02 3.943399e+02 1.736848e+02
      vertex   -1.210472e+02 3.942928e+02 1.736848e+02
    endloop
  endfacet
  facet normal -4.104128e-01 -9.118998e-01 0.000000e+00
    outer loop
      vertex   -1.211519e+02 3.943399e+02 1.761848e+02
      vertex   -1.210472e+02 3.942928e+02 1.736848e+02
      vertex   -1.210472e+02 3.942928e+02 1.761848e+02
    endloop
  endfacet
  facet normal -5.173378e-01 -8.557813e-01 -0.000000e+00
    outer loop
      vertex   -1.210472e+02 3.942928e+02 1.761848e+02
      vertex   -1.210472e+02 3.942928e+02 1.736848e+02
      vertex   -1.209491e+02 3.942334e+02 1.736848e+02
    endloop
  endfacet
  facet normal -5.173378e-01 -8.557813e-01 0.000000e+00
    outer loop
      vertex   -1.210472e+02 3.942928e+02 1.761848e+02
      vertex   -1.209491e+02 3.942334e+02 1.736848e+02
      vertex   -1.209491e+02 3.942334e+02 1.761848e+02
    endloop
  endfacet
  facet normal -6.167189e-01 -7.871835e-01 -0.000000e+00
    outer loop
      vertex   -1.209491e+02 3.942334e+02 1.761848e+02
      vertex   -1.209491e+02 3.942334e+02 1.736848e+02
      vertex   -1.208588e+02 3.941627e+02 1.736848e+02
    endloop
  endfacet
  facet normal -6.167189e-01 -7.871835e-01 0.000000e+00
    outer loop
      vertex   -1.209491e+02 3.942334e+02 1.761848e+02
      vertex   -1.208588e+02 3.941627e+02 1.736848e+02
      vertex   -1.208588e+02 3.941627e+02 1.761848e+02
    endloop
  endfacet
  facet normal -7.071068e-01 -7.071068e-01 -0.000000e+00
    outer loop
      vertex   -1.208588e+02 3.941627e+02 1.761848e+02
      vertex   -1.208588e+02 3.941627e+02 1.736848e+02
      vertex   -1.207776e+02 3.940816e+02 1.736848e+02
    endloop
  endfacet
  facet normal -7.071068e-01 -7.071068e-01 0.000000e+00
    outer loop
      vertex   -1.208588e+02 3.941627e+02 1.761848e+02
      vertex   -1.207776e+02 3.940816e+02 1.736848e+02
      vertex   -1.207776e+02 3.940816e+02 1.761848e+02
    endloop
  endfacet
  facet normal -7.871835e-01 -6.167189e-01 -0.000000e+00
    outer loop
      vertex   -1.207776e+02 3.940816e+02 1.761848e+02
      vertex   -1.207776e+02 3.940816e+02 1.736848e+02
      vertex   -1.207069e+02 3.939913e+02 1.736848e+02
    endloop
  endfacet
  facet normal -7.871835e-01 -6.167189e-01 0.000000e+00
    outer loop
      vertex   -1.207776e+02 3.940816e+02 1.761848e+02
      vertex   -1.207069e+02 3.939913e+02 1.736848e+02
      vertex   -1.207069e+02 3.939913e+02 1.761848e+02
    endloop
  endfacet
  facet normal -8.557813e-01 -5.173378e-01 -0.000000e+00
    outer loop
      vertex   -1.207069e+02 3.939913e+02 1.761848e+02
      vertex   -1.207069e+02 3.939913e+02 1.736848e+02
      vertex   -1.206475e+02 3.938931e+02 1.736848e+02
    endloop
  endfacet
  facet normal -8.557813e-01 -5.173378e-01 0.000000e+00
    outer loop
      vertex   -1.207069e+02 3.939913e+02 1.761848e+02
      vertex   -1.206475e+02 3.938931e+02 1.736848e+02
      vertex   -1.206475e+02 3.938931e+02 1.761848e+02
    endloop
  endfacet
  facet normal -9.118998e-01 -4.104128e-01 -0.000000e+00
    outer loop
      vertex   -1.206475e+02 3.938931e+02 1.761848e+02
      vertex   -1.206475e+02 3.938931e+02 1.736848e+02
      vertex   -1.206005e+02 3.937885e+02 1.736848e+02
    endloop
  endfacet
  facet normal -9.118998e-01 -4.104128e-01 0.000000e+00
    outer loop
      vertex   -1.206475e+02 3.938931e+02 1.761848e+02
      vertex   -1.206005e+02 3.937885e+02 1.736848e+02
      vertex   -1.206005e+02 3.937885e+02 1.761848e+02
    endloop
  endfacet
  facet normal -9.547209e-01 -2.975031e-01 -0.000000e+00
    outer loop
      vertex   -1.206005e+02 3.937885e+02 1.761848e+02
      vertex   -1.206005e+02 3.937885e+02 1.736848e+02
      vertex   -1.205663e+02 3.936789e+02 1.736848e+02
    endloop
  endfacet
  facet normal -9.547209e-01 -2.975031e-01 0.000000e+00
    outer loop
      vertex   -1.206005e+02 3.937885e+02 1.761848e+02
      vertex   -1.205663e+02 3.936789e+02 1.736848e+02
      vertex   -1.205663e+02 3.936789e+02 1.761848e+02
    endloop
  endfacet
  facet normal -9.836199e-01 -1.802550e-01 -0.000000e+00
    outer loop
      vertex   -1.205663e+02 3.936789e+02 1.761848e+02
      vertex   -1.205663e+02 3.936789e+02 1.736848e+02
      vertex   -1.205457e+02 3.935661e+02 1.736848e+02
    endloop
  endfacet
  facet normal -5.688475e-01 -8.224431e-01 -0.000000e+00
    outer loop
      vertex   -1.292760e+02 3.865598e+02 1.802848e+02
      vertex   -1.292760e+02 3.865598e+02 1.761848e+02
      vertex   -1.290955e+02 3.864350e+02 1.802848e+02
    endloop
  endfacet
  facet normal -5.688475e-01 -8.224431e-01 -0.000000e+00
    outer loop
      vertex   -1.290955e+02 3.864350e+02 1.802848e+02
      vertex   -1.292760e+02 3.865598e+02 1.761848e+02
      vertex   -1.290955e+02 3.864350e+02 1.761848e+02
    endloop
  endfacet
  facet normal -6.136615e-01 -7.895693e-01 -0.000000e+00
    outer loop
      vertex   -1.290955e+02 3.864350e+02 1.802848e+02
      vertex   -1.290955e+02 3.864350e+02 1.761848e+02
      vertex   -1.289221e+02 3.863002e+02 1.761848e+02
    endloop
  endfacet
  facet normal -6.136615e-01 -7.895693e-01 0.000000e+00
    outer loop
      vertex   -1.290955e+02 3.864350e+02 1.802848e+02
      vertex   -1.289221e+02 3.863002e+02 1.761848e+02
      vertex   -1.289221e+02 3.863002e+02 1.802848e+02
    endloop
  endfacet
  facet normal -6.565799e-01 -7.542565e-01 -0.000000e+00
    outer loop
      vertex   -1.289221e+02 3.863002e+02 1.802848e+02
      vertex   -1.289221e+02 3.863002e+02 1.761848e+02
      vertex   -1.287565e+02 3.861561e+02 1.761848e+02
    endloop
  endfacet
  facet normal -6.565799e-01 -7.542565e-01 0.000000e+00
    outer loop
      vertex   -1.289221e+02 3.863002e+02 1.802848e+02
      vertex   -1.287565e+02 3.861561e+02 1.761848e+02
      vertex   -1.287565e+02 3.861561e+02 1.802848e+02
    endloop
  endfacet
  facet normal -6.974701e-01 -7.166138e-01 -0.000000e+00
    outer loop
      vertex   -1.287565e+02 3.861561e+02 1.802848e+02
      vertex   -1.287565e+02 3.861561e+02 1.761848e+02
      vertex   -1.285992e+02 3.860030e+02 1.761848e+02
    endloop
  endfacet
  facet normal -6.974701e-01 -7.166138e-01 0.000000e+00
    outer loop
      vertex   -1.287565e+02 3.861561e+02 1.802848e+02
      vertex   -1.285992e+02 3.860030e+02 1.761848e+02
      vertex   -1.285992e+02 3.860030e+02 1.802848e+02
    endloop
  endfacet
  facet normal -7.362059e-01 -6.767576e-01 -0.000000e+00
    outer loop
      vertex   -1.285992e+02 3.860030e+02 1.802848e+02
      vertex   -1.285992e+02 3.860030e+02 1.761848e+02
      vertex   -1.284506e+02 3.858414e+02 1.761848e+02
    endloop
  endfacet
  facet normal -7.362059e-01 -6.767576e-01 0.000000e+00
    outer loop
      vertex   -1.285992e+02 3.860030e+02 1.802848e+02
      vertex   -1.284506e+02 3.858414e+02 1.761848e+02
      vertex   -1.284506e+02 3.858414e+02 1.802848e+02
    endloop
  endfacet
  facet normal -7.726676e-01 -6.348108e-01 -0.000000e+00
    outer loop
      vertex   -1.284506e+02 3.858414e+02 1.802848e+02
      vertex   -1.284506e+02 3.858414e+02 1.761848e+02
      vertex   -1.283113e+02 3.856717e+02 1.761848e+02
    endloop
  endfacet
  facet normal -7.726676e-01 -6.348108e-01 0.000000e+00
    outer loop
      vertex   -1.284506e+02 3.858414e+02 1.802848e+02
      vertex   -1.283113e+02 3.856717e+02 1.761848e+02
      vertex   -1.283113e+02 3.856717e+02 1.802848e+02
    endloop
  endfacet
  facet normal -8.067425e-01 -5.909032e-01 -0.000000e+00
    outer loop
      vertex   -1.283113e+02 3.856717e+02 1.802848e+02
      vertex   -1.283113e+02 3.856717e+02 1.761848e+02
      vertex   -1.281815e+02 3.854946e+02 1.761848e+02
    endloop
  endfacet
  facet normal -8.067425e-01 -5.909032e-01 0.000000e+00
    outer loop
      vertex   -1.283113e+02 3.856717e+02 1.802848e+02
      vertex   -1.281815e+02 3.854946e+02 1.761848e+02
      vertex   -1.281815e+02 3.854946e+02 1.802848e+02
    endloop
  endfacet
  facet normal -8.383254e-01 -5.451702e-01 -0.000000e+00
    outer loop
      vertex   -1.281815e+02 3.854946e+02 1.802848e+02
      vertex   -1.281815e+02 3.854946e+02 1.761848e+02
      vertex   -1.280619e+02 3.853106e+02 1.761848e+02
    endloop
  endfacet
  facet normal -8.383254e-01 -5.451702e-01 0.000000e+00
    outer loop
      vertex   -1.281815e+02 3.854946e+02 1.802848e+02
      vertex   -1.280619e+02 3.853106e+02 1.761848e+02
      vertex   -1.280619e+02 3.853106e+02 1.802848e+02
    endloop
  endfacet
  facet normal -8.673187e-01 -4.977532e-01 -0.000000e+00
    outer loop
      vertex   -1.280619e+02 3.853106e+02 1.802848e+02
      vertex   -1.280619e+02 3.853106e+02 1.761848e+02
      vertex   -1.279526e+02 3.851202e+02 1.761848e+02
    endloop
  endfacet
  facet normal -8.673187e-01 -4.977532e-01 0.000000e+00
    outer loop
      vertex   -1.280619e+02 3.853106e+02 1.802848e+02
      vertex   -1.279526e+02 3.851202e+02 1.761848e+02
      vertex   -1.279526e+02 3.851202e+02 1.802848e+02
    endloop
  endfacet
  facet normal -8.936329e-01 -4.487987e-01 -0.000000e+00
    outer loop
      vertex   -1.279526e+02 3.851202e+02 1.802848e+02
      vertex   -1.279526e+02 3.851202e+02 1.761848e+02
      vertex   -1.278541e+02 3.849240e+02 1.761848e+02
    endloop
  endfacet
  facet normal -8.936329e-01 -4.487987e-01 0.000000e+00
    outer loop
      vertex   -1.279526e+02 3.851202e+02 1.802848e+02
      vertex   -1.278541e+02 3.849240e+02 1.761848e+02
      vertex   -1.278541e+02 3.849240e+02 1.802848e+02
    endloop
  endfacet
  facet normal -9.171867e-01 -3.984578e-01 -0.000000e+00
    outer loop
      vertex   -1.278541e+02 3.849240e+02 1.802848e+02
      vertex   -1.278541e+02 3.849240e+02 1.761848e+02
      vertex   -1.277666e+02 3.847226e+02 1.761848e+02
    endloop
  endfacet
  facet normal -9.171867e-01 -3.984578e-01 0.000000e+00
    outer loop
      vertex   -1.278541e+02 3.849240e+02 1.802848e+02
      vertex   -1.277666e+02 3.847226e+02 1.761848e+02
      vertex   -1.277666e+02 3.847226e+02 1.802848e+02
    endloop
  endfacet
  facet normal -9.379073e-01 -3.468861e-01 -0.000000e+00
    outer loop
      vertex   -1.277666e+02 3.847226e+02 1.802848e+02
      vertex   -1.277666e+02 3.847226e+02 1.761848e+02
      vertex   -1.276904e+02 3.845167e+02 1.802848e+02
    endloop
  endfacet
  facet normal -9.379073e-01 -3.468861e-01 -0.000000e+00
    outer loop
      vertex   -1.276904e+02 3.845167e+02 1.802848e+02
      vertex   -1.277666e+02 3.847226e+02 1.761848e+02
      vertex   -1.276904e+02 3.845167e+02 1.761848e+02
    endloop
  endfacet
  facet normal 9.513221e-01 -3.081983e-01 0.000000e+00
    outer loop
      vertex   -1.213586e+02 3.841294e+02 1.736848e+02
      vertex   -1.212775e+02 3.843797e+02 1.736848e+02
      vertex   -1.213586e+02 3.841294e+02 1.761848e+02
    endloop
  endfacet
  facet normal 9.513221e-01 -3.081983e-01 -8.911412e-14
    outer loop
      vertex   -1.213586e+02 3.841294e+02 1.761848e+02
      vertex   -1.212775e+02 3.843797e+02 1.736848e+02
      vertex   -1.212775e+02 3.843797e+02 1.761848e+02
    endloop
  endfacet
  facet normal 9.602030e-01 -2.793031e-01 -8.633430e-14
    outer loop
      vertex   -1.212775e+02 3.843797e+02 1.761848e+02
      vertex   -1.212775e+02 3.843797e+02 1.736848e+02
      vertex   -1.212031e+02 3.846355e+02 1.736848e+02
    endloop
  endfacet
  facet normal 9.602030e-01 -2.793031e-01 -1.270048e-14
    outer loop
      vertex   -1.212775e+02 3.843797e+02 1.761848e+02
      vertex   -1.212031e+02 3.846355e+02 1.736848e+02
      vertex   -1.212031e+02 3.846355e+02 1.761848e+02
    endloop
  endfacet
  facet normal 9.680000e-01 -2.509501e-01 -1.141189e-14
    outer loop
      vertex   -1.212031e+02 3.846355e+02 1.761848e+02
      vertex   -1.212031e+02 3.846355e+02 1.736848e+02
      vertex   -1.211354e+02 3.848968e+02 1.736848e+02
    endloop
  endfacet
  facet normal 9.680000e-01 -2.509501e-01 -1.671402e-14
    outer loop
      vertex   -1.212031e+02 3.846355e+02 1.761848e+02
      vertex   -1.211354e+02 3.848968e+02 1.736848e+02
      vertex   -1.211354e+02 3.848968e+02 1.761848e+02
    endloop
  endfacet
  facet normal 9.747778e-01 -2.231775e-01 -1.615641e-14
    outer loop
      vertex   -1.211354e+02 3.848968e+02 1.761848e+02
      vertex   -1.211354e+02 3.848968e+02 1.736848e+02
      vertex   -1.210743e+02 3.851636e+02 1.736848e+02
    endloop
  endfacet
  facet normal 9.747778e-01 -2.231775e-01 2.123094e-14
    outer loop
      vertex   -1.211354e+02 3.848968e+02 1.761848e+02
      vertex   -1.210743e+02 3.851636e+02 1.736848e+02
      vertex   -1.210743e+02 3.851636e+02 1.761848e+02
    endloop
  endfacet
  facet normal 9.778048e-01 -2.095182e-01 2.064414e-14
    outer loop
      vertex   -1.210743e+02 3.851636e+02 1.761848e+02
      vertex   -1.210743e+02 3.851636e+02 1.736848e+02
      vertex   -1.203251e+02 3.886601e+02 1.736848e+02
    endloop
  endfacet
  facet normal 9.778048e-01 -2.095182e-01 0.000000e+00
    outer loop
      vertex   -1.210743e+02 3.851636e+02 1.761848e+02
      vertex   -1.203251e+02 3.886601e+02 1.736848e+02
      vertex   -1.203251e+02 3.886601e+02 1.761848e+02
    endloop
  endfacet
  facet normal 9.778048e-01 -2.095182e-01 0.000000e+00
    outer loop
      vertex   -1.203251e+02 3.886601e+02 1.761848e+02
      vertex   -1.203251e+02 3.886601e+02 1.736848e+02
      vertex   -1.195759e+02 3.921566e+02 1.736848e+02
    endloop
  endfacet
  facet normal 9.778048e-01 -2.095182e-01 0.000000e+00
    outer loop
      vertex   -1.203251e+02 3.886601e+02 1.761848e+02
      vertex   -1.195759e+02 3.921566e+02 1.736848e+02
      vertex   -1.195759e+02 3.921566e+02 1.761848e+02
    endloop
  endfacet
  facet normal -6.072925e-01 -7.944783e-01 -0.000000e+00
    outer loop
      vertex   -1.313631e+02 3.880509e+02 1.802848e+02
      vertex   -1.313631e+02 3.880509e+02 1.761848e+02
      vertex   -1.308535e+02 3.876614e+02 1.802848e+02
    endloop
  endfacet
  facet normal -6.072925e-01 -7.944783e-01 -0.000000e+00
    outer loop
      vertex   -1.308535e+02 3.876614e+02 1.802848e+02
      vertex   -1.313631e+02 3.880509e+02 1.761848e+02
      vertex   -1.308535e+02 3.876614e+02 1.761848e+02
    endloop
  endfacet
  facet normal -5.900520e-01 -8.073652e-01 -0.000000e+00
    outer loop
      vertex   -1.308535e+02 3.876614e+02 1.802848e+02
      vertex   -1.308535e+02 3.876614e+02 1.761848e+02
      vertex   -1.303356e+02 3.872829e+02 1.802848e+02
    endloop
  endfacet
  facet normal -5.900520e-01 -8.073652e-01 -0.000000e+00
    outer loop
      vertex   -1.303356e+02 3.872829e+02 1.802848e+02
      vertex   -1.308535e+02 3.876614e+02 1.761848e+02
      vertex   -1.303356e+02 3.872829e+02 1.761848e+02
    endloop
  endfacet
  facet normal -5.725382e-01 -8.198781e-01 -0.000000e+00
    outer loop
      vertex   -1.303356e+02 3.872829e+02 1.802848e+02
      vertex   -1.303356e+02 3.872829e+02 1.761848e+02
      vertex   -1.298097e+02 3.869157e+02 1.802848e+02
    endloop
  endfacet
  facet normal -5.725382e-01 -8.198781e-01 -0.000000e+00
    outer loop
      vertex   -1.298097e+02 3.869157e+02 1.802848e+02
      vertex   -1.303356e+02 3.872829e+02 1.761848e+02
      vertex   -1.298097e+02 3.869157e+02 1.761848e+02
    endloop
  endfacet
  facet normal -5.547591e-01 -8.320110e-01 -0.000000e+00
    outer loop
      vertex   -1.298097e+02 3.869157e+02 1.802848e+02
      vertex   -1.298097e+02 3.869157e+02 1.761848e+02
      vertex   -1.292760e+02 3.865598e+02 1.802848e+02
    endloop
  endfacet
  facet normal -5.547591e-01 -8.320110e-01 -0.000000e+00
    outer loop
      vertex   -1.292760e+02 3.865598e+02 1.802848e+02
      vertex   -1.298097e+02 3.869157e+02 1.761848e+02
      vertex   -1.292760e+02 3.865598e+02 1.761848e+02
    endloop
  endfacet
  facet normal 0.000000e+00 -1.000000e+00 0.000000e+00
    outer loop
      vertex   -1.415862e+02 3.880509e+02 1.761848e+02
      vertex   -1.313631e+02 3.880509e+02 1.761848e+02
      vertex   -1.415862e+02 3.880509e+02 1.802848e+02
    endloop
  endfacet
  facet normal 0.000000e+00 -1.000000e+00 0.000000e+00
    outer loop
      vertex   -1.415862e+02 3.880509e+02 1.802848e+02
      vertex   -1.313631e+02 3.880509e+02 1.761848e+02
      vertex   -1.313631e+02 3.880509e+02 1.802848e+02
    endloop
  endfacet
endsolid
