solid ASCII
  facet normal 1.011024e-01 0.000000e+00 -9.948760e-01
    outer loop
      vertex   3.032304e+00 -8.325000e+00 -2.103319e+00
      vertex   3.032304e+00 -1.325000e+00 -2.103319e+00
      vertex   3.200931e+00 -4.825000e+00 -2.086183e+00
    endloop
  endfacet
  facet normal 1.011024e-01 -2.048932e-18 -9.948760e-01
    outer loop
      vertex   3.200931e+00 -4.825000e+00 -2.086183e+00
      vertex   3.032304e+00 -1.325000e+00 -2.103319e+00
      vertex   3.200931e+00 -1.325000e+00 -2.086183e+00
    endloop
  endfacet
  facet normal 1.682760e-01 -8.843969e-17 -9.857399e-01
    outer loop
      vertex   3.200931e+00 -4.825000e+00 -2.086183e+00
      vertex   3.200931e+00 -1.325000e+00 -2.086183e+00
      vertex   3.368009e+00 -4.825000e+00 -2.057661e+00
    endloop
  endfacet
  facet normal 1.682760e-01 1.528228e-17 -9.857399e-01
    outer loop
      vertex   3.368009e+00 -4.825000e+00 -2.057661e+00
      vertex   3.200931e+00 -1.325000e+00 -2.086183e+00
      vertex   3.368009e+00 -1.325000e+00 -2.057661e+00
    endloop
  endfacet
  facet normal 2.346820e-01 -8.086966e-17 -9.720722e-01
    outer loop
      vertex   3.368009e+00 -4.825000e+00 -2.057661e+00
      vertex   3.368009e+00 -1.325000e+00 -2.057661e+00
      vertex   3.532770e+00 -4.825000e+00 -2.017884e+00
    endloop
  endfacet
  facet normal 2.346820e-01 -5.109259e-17 -9.720722e-01
    outer loop
      vertex   3.532770e+00 -4.825000e+00 -2.017884e+00
      vertex   3.368009e+00 -1.325000e+00 -2.057661e+00
      vertex   3.532770e+00 -1.325000e+00 -2.017884e+00
    endloop
  endfacet
  facet normal 3.000094e-01 -1.385839e-16 -9.539363e-01
    outer loop
      vertex   3.532770e+00 -4.825000e+00 -2.017884e+00
      vertex   3.532770e+00 -1.325000e+00 -2.017884e+00
      vertex   3.694458e+00 -4.825000e+00 -1.967033e+00
    endloop
  endfacet
  facet normal 3.000094e-01 -5.561195e-17 -9.539363e-01
    outer loop
      vertex   3.694458e+00 -4.825000e+00 -1.967033e+00
      vertex   3.532770e+00 -1.325000e+00 -2.017884e+00
      vertex   3.694458e+00 -1.325000e+00 -1.967033e+00
    endloop
  endfacet
  facet normal 3.639577e-01 -1.534377e-16 -9.314155e-01
    outer loop
      vertex   3.694458e+00 -4.825000e+00 -1.967033e+00
      vertex   3.694458e+00 -1.325000e+00 -1.967033e+00
      vertex   3.852328e+00 -4.825000e+00 -1.905344e+00
    endloop
  endfacet
  facet normal 3.639577e-01 -8.143715e-17 -9.314155e-01
    outer loop
      vertex   3.852328e+00 -4.825000e+00 -1.905344e+00
      vertex   3.694458e+00 -1.325000e+00 -1.967033e+00
      vertex   3.852328e+00 -1.325000e+00 -1.905344e+00
    endloop
  endfacet
  facet normal 4.262331e-01 -1.898600e-16 -9.046134e-01
    outer loop
      vertex   3.852328e+00 -4.825000e+00 -1.905344e+00
      vertex   3.852328e+00 -1.325000e+00 -1.905344e+00
      vertex   4.005655e+00 -4.825000e+00 -1.833100e+00
    endloop
  endfacet
  facet normal 4.262331e-01 -1.390867e-16 -9.046134e-01
    outer loop
      vertex   4.005655e+00 -4.825000e+00 -1.833100e+00
      vertex   3.852328e+00 -1.325000e+00 -1.905344e+00
      vertex   4.005655e+00 -1.325000e+00 -1.833100e+00
    endloop
  endfacet
  facet normal 4.865492e-01 -2.293665e-16 -8.736532e-01
    outer loop
      vertex   4.005655e+00 -4.825000e+00 -1.833100e+00
      vertex   4.005655e+00 -1.325000e+00 -1.833100e+00
      vertex   4.153735e+00 -4.825000e+00 -1.750632e+00
    endloop
  endfacet
  facet normal 4.865492e-01 1.284235e-16 -8.736532e-01
    outer loop
      vertex   4.153735e+00 -4.825000e+00 -1.750632e+00
      vertex   4.005655e+00 -1.325000e+00 -1.833100e+00
      vertex   4.153735e+00 -1.325000e+00 -1.750632e+00
    endloop
  endfacet
  facet normal 5.446289e-01 6.423733e-17 -8.386771e-01
    outer loop
      vertex   4.153735e+00 -4.825000e+00 -1.750632e+00
      vertex   4.153735e+00 -1.325000e+00 -1.750632e+00
      vertex   4.295887e+00 -4.825000e+00 -1.658320e+00
    endloop
  endfacet
  facet normal 5.446289e-01 -2.121785e-16 -8.386771e-01
    outer loop
      vertex   4.295887e+00 -4.825000e+00 -1.658320e+00
      vertex   4.153735e+00 -1.325000e+00 -1.750632e+00
      vertex   4.295887e+00 -1.325000e+00 -1.658320e+00
    endloop
  endfacet
  facet normal 6.002052e-01 -3.048666e-16 -7.998461e-01
    outer loop
      vertex   4.295887e+00 -4.825000e+00 -1.658320e+00
      vertex   4.295887e+00 -1.325000e+00 -1.658320e+00
      vertex   4.431457e+00 -4.825000e+00 -1.556589e+00
    endloop
  endfacet
  facet normal 6.002052e-01 -2.441011e-19 -7.998461e-01
    outer loop
      vertex   4.431457e+00 -4.825000e+00 -1.556589e+00
      vertex   4.295887e+00 -1.325000e+00 -1.658320e+00
      vertex   4.431457e+00 -1.325000e+00 -1.556589e+00
    endloop
  endfacet
  facet normal 6.530226e-01 -6.472441e-17 -7.573384e-01
    outer loop
      vertex   4.431457e+00 -4.825000e+00 -1.556589e+00
      vertex   4.431457e+00 -1.325000e+00 -1.556589e+00
      vertex   4.559822e+00 -4.825000e+00 -1.445904e+00
    endloop
  endfacet
  facet normal 6.530226e-01 -1.667786e-17 -7.573384e-01
    outer loop
      vertex   4.559822e+00 -4.825000e+00 -1.445904e+00
      vertex   4.431457e+00 -1.325000e+00 -1.556589e+00
      vertex   4.559822e+00 -1.325000e+00 -1.445904e+00
    endloop
  endfacet
  facet normal 7.028383e-01 -8.377824e-17 -7.113497e-01
    outer loop
      vertex   4.559822e+00 -4.825000e+00 -1.445904e+00
      vertex   4.559822e+00 -1.325000e+00 -1.445904e+00
      vertex   4.680392e+00 -4.825000e+00 -1.326777e+00
    endloop
  endfacet
  facet normal 7.028383e-01 -8.377824e-17 -7.113497e-01
    outer loop
      vertex   4.680392e+00 -4.825000e+00 -1.326777e+00
      vertex   4.559822e+00 -1.325000e+00 -1.445904e+00
      vertex   4.680392e+00 -1.325000e+00 -1.326777e+00
    endloop
  endfacet
  facet normal 7.494234e-01 -1.504935e-16 -6.620911e-01
    outer loop
      vertex   4.680392e+00 -4.825000e+00 -1.326777e+00
      vertex   4.680392e+00 -1.325000e+00 -1.326777e+00
      vertex   4.792614e+00 -4.825000e+00 -1.199753e+00
    endloop
  endfacet
  facet normal 7.494234e-01 -1.504935e-16 -6.620911e-01
    outer loop
      vertex   4.792614e+00 -4.825000e+00 -1.199753e+00
      vertex   4.680392e+00 -1.325000e+00 -1.326777e+00
      vertex   4.792614e+00 -1.325000e+00 -1.199753e+00
    endloop
  endfacet
  facet normal 7.925636e-01 -2.165171e-16 -6.097892e-01
    outer loop
      vertex   4.792614e+00 -4.825000e+00 -1.199753e+00
      vertex   4.792614e+00 -1.325000e+00 -1.199753e+00
      vertex   4.895970e+00 -4.825000e+00 -1.065418e+00
    endloop
  endfacet
  facet normal 7.925636e-01 -1.539195e-17 -6.097892e-01
    outer loop
      vertex   4.895970e+00 -4.825000e+00 -1.065418e+00
      vertex   4.792614e+00 -1.325000e+00 -1.199753e+00
      vertex   4.895970e+00 -1.325000e+00 -1.065418e+00
    endloop
  endfacet
  facet normal 8.320609e-01 -7.039723e-17 -5.546844e-01
    outer loop
      vertex   4.895970e+00 -4.825000e+00 -1.065418e+00
      vertex   4.895970e+00 -1.325000e+00 -1.065418e+00
      vertex   4.989986e+00 -4.825000e+00 -9.243874e-01
    endloop
  endfacet
  facet normal 8.320609e-01 -2.815454e-16 -5.546844e-01
    outer loop
      vertex   4.989986e+00 -4.825000e+00 -9.243874e-01
      vertex   4.895970e+00 -1.325000e+00 -1.065418e+00
      vertex   4.989986e+00 -1.325000e+00 -9.243874e-01
    endloop
  endfacet
  facet normal 8.677334e-01 -3.452795e-16 -4.970299e-01
    outer loop
      vertex   4.989986e+00 -4.825000e+00 -9.243874e-01
      vertex   4.989986e+00 -1.325000e+00 -9.243874e-01
      vertex   5.074230e+00 -4.825000e+00 -7.773108e-01
    endloop
  endfacet
  facet normal 8.677334e-01 -3.768117e-16 -4.970299e-01
    outer loop
      vertex   5.074230e+00 -4.825000e+00 -7.773108e-01
      vertex   4.989986e+00 -1.325000e+00 -9.243874e-01
      vertex   5.074230e+00 -1.325000e+00 -7.773108e-01
    endloop
  endfacet
  facet normal 8.994174e-01 -4.351562e-16 -4.370907e-01
    outer loop
      vertex   5.074230e+00 -4.825000e+00 -7.773108e-01
      vertex   5.074230e+00 -1.325000e+00 -7.773108e-01
      vertex   5.148315e+00 -4.825000e+00 -6.248640e-01
    endloop
  endfacet
  facet normal 8.994174e-01 -1.930505e-16 -4.370907e-01
    outer loop
      vertex   5.148315e+00 -4.825000e+00 -6.248640e-01
      vertex   5.074230e+00 -1.325000e+00 -7.773108e-01
      vertex   5.148315e+00 -1.325000e+00 -6.248640e-01
    endloop
  endfacet
  facet normal 9.269672e-01 -2.443686e-16 -3.751425e-01
    outer loop
      vertex   5.148315e+00 -4.825000e+00 -6.248640e-01
      vertex   5.148315e+00 -1.325000e+00 -6.248640e-01
      vertex   5.211900e+00 -4.825000e+00 -4.677476e-01
    endloop
  endfacet
  facet normal 9.269672e-01 -5.673556e-17 -3.751425e-01
    outer loop
      vertex   5.211900e+00 -4.825000e+00 -4.677476e-01
      vertex   5.148315e+00 -1.325000e+00 -6.248640e-01
      vertex   5.211900e+00 -1.325000e+00 -4.677476e-01
    endloop
  endfacet
  facet normal 9.502560e-01 -9.294153e-17 -3.114699e-01
    outer loop
      vertex   5.211900e+00 -4.825000e+00 -4.677476e-01
      vertex   5.211900e+00 -1.325000e+00 -4.677476e-01
      vertex   5.264692e+00 -4.825000e+00 -3.066839e-01
    endloop
  endfacet
  facet normal 9.502560e-01 -6.246256e-16 -3.114699e-01
    outer loop
      vertex   5.264692e+00 -4.825000e+00 -3.066839e-01
      vertex   5.211900e+00 -1.325000e+00 -4.677476e-01
      vertex   5.264692e+00 -1.325000e+00 -3.066839e-01
    endloop
  endfacet
  facet normal 9.691770e-01 -6.596816e-16 -2.463656e-01
    outer loop
      vertex   5.264692e+00 -4.825000e+00 -3.066839e-01
      vertex   5.264692e+00 -1.325000e+00 -3.066839e-01
      vertex   5.306450e+00 -4.825000e+00 -1.424131e-01
    endloop
  endfacet
  facet normal 9.691770e-01 -1.599798e-16 -2.463656e-01
    outer loop
      vertex   5.306450e+00 -4.825000e+00 -1.424131e-01
      vertex   5.264692e+00 -1.325000e+00 -3.066839e-01
      vertex   5.306450e+00 -1.325000e+00 -1.424131e-01
    endloop
  endfacet
  facet normal 9.836430e-01 -1.867626e-16 -1.801288e-01
    outer loop
      vertex   5.306450e+00 -4.825000e+00 -1.424131e-01
      vertex   5.306450e+00 -1.325000e+00 -1.424131e-01
      vertex   5.336981e+00 -4.825000e+00 2.430954e-02
    endloop
  endfacet
  facet normal 9.836430e-01 -4.528042e-16 -1.801288e-01
    outer loop
      vertex   5.336981e+00 -4.825000e+00 2.430954e-02
      vertex   5.306450e+00 -1.325000e+00 -1.424131e-01
      vertex   5.336981e+00 -1.325000e+00 2.430954e-02
    endloop
  endfacet
  facet normal 9.935877e-01 -4.751360e-16 -1.130641e-01
    outer loop
      vertex   5.336981e+00 -4.825000e+00 2.430954e-02
      vertex   5.336981e+00 -1.325000e+00 2.430954e-02
      vertex   5.356145e+00 -4.825000e+00 1.927178e-01
    endloop
  endfacet
  facet normal 9.935877e-01 -2.324125e-16 -1.130641e-01
    outer loop
      vertex   5.356145e+00 -4.825000e+00 1.927178e-01
      vertex   5.336981e+00 -1.325000e+00 2.430954e-02
      vertex   5.356145e+00 -1.325000e+00 1.927178e-01
    endloop
  endfacet
  facet normal 9.989653e-01 -2.455681e-16 -4.547966e-02
    outer loop
      vertex   5.356145e+00 -4.825000e+00 1.927178e-01
      vertex   5.356145e+00 -1.325000e+00 1.927178e-01
      vertex   5.363854e+00 -4.825000e+00 3.620375e-01
    endloop
  endfacet
  facet normal 9.989653e-01 4.327934e-18 -4.547966e-02
    outer loop
      vertex   5.363854e+00 -4.825000e+00 3.620375e-01
      vertex   5.356145e+00 -1.325000e+00 1.927178e-01
      vertex   5.363854e+00 -1.325000e+00 3.620375e-01
    endloop
  endfacet
  facet normal 9.997510e-01 -2.123427e-18 2.231382e-02
    outer loop
      vertex   5.363854e+00 -4.825000e+00 3.620375e-01
      vertex   5.363854e+00 -1.325000e+00 3.620375e-01
      vertex   5.360071e+00 -1.325000e+00 5.314904e-01
    endloop
  endfacet
  facet normal 9.997510e-01 -2.537021e-16 2.231382e-02
    outer loop
      vertex   5.360071e+00 -1.325000e+00 5.314904e-01
      vertex   5.360071e+00 -8.325000e+00 5.314904e-01
      vertex   5.363854e+00 -4.825000e+00 3.620375e-01
    endloop
  endfacet
  facet normal 9.997510e-01 -2.515787e-16 2.231382e-02
    outer loop
      vertex   5.363854e+00 -4.825000e+00 3.620375e-01
      vertex   5.360071e+00 -8.325000e+00 5.314904e-01
      vertex   5.363854e+00 -8.325000e+00 3.620375e-01
    endloop
  endfacet
  facet normal 9.989653e-01 -2.578306e-16 -4.547966e-02
    outer loop
      vertex   5.363854e+00 -4.825000e+00 3.620375e-01
      vertex   5.363854e+00 -8.325000e+00 3.620375e-01
      vertex   5.356145e+00 -4.825000e+00 1.927178e-01
    endloop
  endfacet
  facet normal 9.989653e-01 -9.016530e-18 -4.547966e-02
    outer loop
      vertex   5.356145e+00 -4.825000e+00 1.927178e-01
      vertex   5.363854e+00 -8.325000e+00 3.620375e-01
      vertex   5.356145e+00 -8.325000e+00 1.927178e-01
    endloop
  endfacet
  facet normal 9.935877e-01 -2.241542e-17 -1.130641e-01
    outer loop
      vertex   5.356145e+00 -4.825000e+00 1.927178e-01
      vertex   5.356145e+00 -8.325000e+00 1.927178e-01
      vertex   5.336981e+00 -4.825000e+00 2.430954e-02
    endloop
  endfacet
  facet normal 9.935877e-01 -3.138159e-17 -1.130641e-01
    outer loop
      vertex   5.336981e+00 -4.825000e+00 2.430954e-02
      vertex   5.356145e+00 -8.325000e+00 1.927178e-01
      vertex   5.336981e+00 -8.325000e+00 2.430954e-02
    endloop
  endfacet
  facet normal 9.836430e-01 -4.999579e-17 -1.801288e-01
    outer loop
      vertex   5.336981e+00 -4.825000e+00 2.430954e-02
      vertex   5.336981e+00 -8.325000e+00 2.430954e-02
      vertex   5.306450e+00 -4.825000e+00 -1.424131e-01
    endloop
  endfacet
  facet normal 9.836430e-01 -7.142256e-17 -1.801288e-01
    outer loop
      vertex   5.306450e+00 -4.825000e+00 -1.424131e-01
      vertex   5.336981e+00 -8.325000e+00 2.430954e-02
      vertex   5.306450e+00 -8.325000e+00 -1.424131e-01
    endloop
  endfacet
  facet normal 9.691770e-01 -9.768597e-17 -2.463656e-01
    outer loop
      vertex   5.306450e+00 -4.825000e+00 -1.424131e-01
      vertex   5.306450e+00 -8.325000e+00 -1.424131e-01
      vertex   5.264692e+00 -4.825000e+00 -3.066839e-01
    endloop
  endfacet
  facet normal 9.691770e-01 3.942009e-16 -2.463656e-01
    outer loop
      vertex   5.264692e+00 -4.825000e+00 -3.066839e-01
      vertex   5.306450e+00 -8.325000e+00 -1.424131e-01
      vertex   5.264692e+00 -8.325000e+00 -3.066839e-01
    endloop
  endfacet
  facet normal 9.502560e-01 3.587836e-16 -3.114699e-01
    outer loop
      vertex   5.264692e+00 -4.825000e+00 -3.066839e-01
      vertex   5.264692e+00 -8.325000e+00 -3.066839e-01
      vertex   5.211900e+00 -4.825000e+00 -4.677476e-01
    endloop
  endfacet
  facet normal 9.502560e-01 -4.041625e-16 -3.114699e-01
    outer loop
      vertex   5.211900e+00 -4.825000e+00 -4.677476e-01
      vertex   5.264692e+00 -8.325000e+00 -3.066839e-01
      vertex   5.211900e+00 -8.325000e+00 -4.677476e-01
    endloop
  endfacet
  facet normal 9.269672e-01 -4.315782e-16 -3.751425e-01
    outer loop
      vertex   5.211900e+00 -4.825000e+00 -4.677476e-01
      vertex   5.211900e+00 -8.325000e+00 -4.677476e-01
      vertex   5.148315e+00 -4.825000e+00 -6.248640e-01
    endloop
  endfacet
  facet normal 9.269672e-01 -2.379953e-16 -3.751425e-01
    outer loop
      vertex   5.148315e+00 -4.825000e+00 -6.248640e-01
      vertex   5.211900e+00 -8.325000e+00 -4.677476e-01
      vertex   5.148315e+00 -8.325000e+00 -6.248640e-01
    endloop
  endfacet
  facet normal 8.994174e-01 -2.772961e-16 -4.370907e-01
    outer loop
      vertex   5.148315e+00 -4.825000e+00 -6.248640e-01
      vertex   5.148315e+00 -8.325000e+00 -6.248640e-01
      vertex   5.074230e+00 -4.825000e+00 -7.773108e-01
    endloop
  endfacet
  facet normal 8.994174e-01 1.791857e-16 -4.370907e-01
    outer loop
      vertex   5.074230e+00 -4.825000e+00 -7.773108e-01
      vertex   5.148315e+00 -8.325000e+00 -6.248640e-01
      vertex   5.074230e+00 -8.325000e+00 -7.773108e-01
    endloop
  endfacet
  facet normal 8.677334e-01 1.250789e-16 -4.970299e-01
    outer loop
      vertex   5.074230e+00 -4.825000e+00 -7.773108e-01
      vertex   5.074230e+00 -8.325000e+00 -7.773108e-01
      vertex   4.989986e+00 -4.825000e+00 -9.243874e-01
    endloop
  endfacet
  facet normal 8.677334e-01 -1.266539e-16 -4.970299e-01
    outer loop
      vertex   4.989986e+00 -4.825000e+00 -9.243874e-01
      vertex   5.074230e+00 -8.325000e+00 -7.773108e-01
      vertex   4.989986e+00 -8.325000e+00 -9.243874e-01
    endloop
  endfacet
  facet normal 8.320609e-01 -1.759408e-16 -5.546844e-01
    outer loop
      vertex   4.989986e+00 -4.825000e+00 -9.243874e-01
      vertex   4.989986e+00 -8.325000e+00 -9.243874e-01
      vertex   4.895970e+00 -4.825000e+00 -1.065418e+00
    endloop
  endfacet
  facet normal 8.320609e-01 3.520732e-17 -5.546844e-01
    outer loop
      vertex   4.895970e+00 -4.825000e+00 -1.065418e+00
      vertex   4.989986e+00 -8.325000e+00 -9.243874e-01
      vertex   4.895970e+00 -8.325000e+00 -1.065418e+00
    endloop
  endfacet
  facet normal 7.925636e-01 -2.329388e-17 -6.097892e-01
    outer loop
      vertex   4.895970e+00 -4.825000e+00 -1.065418e+00
      vertex   4.895970e+00 -8.325000e+00 -1.065418e+00
      vertex   4.792614e+00 -4.825000e+00 -1.199753e+00
    endloop
  endfacet
  facet normal 7.925636e-01 -1.857332e-16 -6.097892e-01
    outer loop
      vertex   4.792614e+00 -4.825000e+00 -1.199753e+00
      vertex   4.895970e+00 -8.325000e+00 -1.065418e+00
      vertex   4.792614e+00 -8.325000e+00 -1.199753e+00
    endloop
  endfacet
  facet normal 7.494234e-01 -2.298617e-16 -6.620911e-01
    outer loop
      vertex   4.792614e+00 -4.825000e+00 -1.199753e+00
      vertex   4.792614e+00 -8.325000e+00 -1.199753e+00
      vertex   4.680392e+00 -4.825000e+00 -1.326777e+00
    endloop
  endfacet
  facet normal 7.494234e-01 -1.656959e-16 -6.620911e-01
    outer loop
      vertex   4.680392e+00 -4.825000e+00 -1.326777e+00
      vertex   4.792614e+00 -8.325000e+00 -1.199753e+00
      vertex   4.680392e+00 -8.325000e+00 -1.326777e+00
    endloop
  endfacet
  facet normal 7.028383e-01 -2.299646e-16 -7.113497e-01
    outer loop
      vertex   4.680392e+00 -4.825000e+00 -1.326777e+00
      vertex   4.680392e+00 -8.325000e+00 -1.326777e+00
      vertex   4.559822e+00 -4.825000e+00 -1.445904e+00
    endloop
  endfacet
  facet normal 7.028383e-01 -6.479676e-18 -7.113497e-01
    outer loop
      vertex   4.559822e+00 -4.825000e+00 -1.445904e+00
      vertex   4.680392e+00 -8.325000e+00 -1.326777e+00
      vertex   4.559822e+00 -8.325000e+00 -1.445904e+00
    endloop
  endfacet
  facet normal 6.530226e-01 -7.941524e-17 -7.573384e-01
    outer loop
      vertex   4.559822e+00 -4.825000e+00 -1.445904e+00
      vertex   4.559822e+00 -8.325000e+00 -1.445904e+00
      vertex   4.431457e+00 -4.825000e+00 -1.556589e+00
    endloop
  endfacet
  facet normal 6.530226e-01 1.667786e-17 -7.573384e-01
    outer loop
      vertex   4.431457e+00 -4.825000e+00 -1.556589e+00
      vertex   4.559822e+00 -8.325000e+00 -1.445904e+00
      vertex   4.431457e+00 -8.325000e+00 -1.556589e+00
    endloop
  endfacet
  facet normal 6.002052e-01 -5.049919e-17 -7.998461e-01
    outer loop
      vertex   4.431457e+00 -4.825000e+00 -1.556589e+00
      vertex   4.431457e+00 -8.325000e+00 -1.556589e+00
      vertex   4.295887e+00 -4.825000e+00 -1.658320e+00
    endloop
  endfacet
  facet normal 6.002052e-01 -5.049919e-17 -7.998461e-01
    outer loop
      vertex   4.295887e+00 -4.825000e+00 -1.658320e+00
      vertex   4.431457e+00 -8.325000e+00 -1.556589e+00
      vertex   4.295887e+00 -8.325000e+00 -1.658320e+00
    endloop
  endfacet
  facet normal 5.446289e-01 -1.174441e-16 -8.386771e-01
    outer loop
      vertex   4.295887e+00 -4.825000e+00 -1.658320e+00
      vertex   4.295887e+00 -8.325000e+00 -1.658320e+00
      vertex   4.153735e+00 -4.825000e+00 -1.750632e+00
    endloop
  endfacet
  facet normal 5.446289e-01 -1.174441e-16 -8.386771e-01
    outer loop
      vertex   4.153735e+00 -4.825000e+00 -1.750632e+00
      vertex   4.295887e+00 -8.325000e+00 -1.658320e+00
      vertex   4.153735e+00 -8.325000e+00 -1.750632e+00
    endloop
  endfacet
  facet normal 4.865492e-01 -1.838492e-16 -8.736532e-01
    outer loop
      vertex   4.153735e+00 -4.825000e+00 -1.750632e+00
      vertex   4.153735e+00 -8.325000e+00 -1.750632e+00
      vertex   4.005655e+00 -4.825000e+00 -1.833100e+00
    endloop
  endfacet
  facet normal 4.865492e-01 5.047152e-17 -8.736532e-01
    outer loop
      vertex   4.005655e+00 -4.825000e+00 -1.833100e+00
      vertex   4.153735e+00 -8.325000e+00 -1.750632e+00
      vertex   4.005655e+00 -8.325000e+00 -1.833100e+00
    endloop
  endfacet
  facet normal 4.262331e-01 -2.646632e-17 -9.046134e-01
    outer loop
      vertex   4.005655e+00 -4.825000e+00 -1.833100e+00
      vertex   4.005655e+00 -8.325000e+00 -1.833100e+00
      vertex   3.852328e+00 -4.825000e+00 -1.905344e+00
    endloop
  endfacet
  facet normal 4.262331e-01 2.761526e-17 -9.046134e-01
    outer loop
      vertex   3.852328e+00 -4.825000e+00 -1.905344e+00
      vertex   4.005655e+00 -8.325000e+00 -1.833100e+00
      vertex   3.852328e+00 -8.325000e+00 -1.905344e+00
    endloop
  endfacet
  facet normal 3.639577e-01 -5.710259e-17 -9.314155e-01
    outer loop
      vertex   3.852328e+00 -4.825000e+00 -1.905344e+00
      vertex   3.852328e+00 -8.325000e+00 -1.905344e+00
      vertex   3.694458e+00 -4.825000e+00 -1.967033e+00
    endloop
  endfacet
  facet normal 3.639577e-01 -4.419228e-17 -9.314155e-01
    outer loop
      vertex   3.694458e+00 -4.825000e+00 -1.967033e+00
      vertex   3.852328e+00 -8.325000e+00 -1.905344e+00
      vertex   3.694458e+00 -8.325000e+00 -1.967033e+00
    endloop
  endfacet
  facet normal 3.000094e-01 -1.191050e-16 -9.539363e-01
    outer loop
      vertex   3.694458e+00 -4.825000e+00 -1.967033e+00
      vertex   3.694458e+00 -8.325000e+00 -1.967033e+00
      vertex   3.532770e+00 -4.825000e+00 -2.017884e+00
    endloop
  endfacet
  facet normal 3.000094e-01 1.754597e-17 -9.539363e-01
    outer loop
      vertex   3.532770e+00 -4.825000e+00 -2.017884e+00
      vertex   3.694458e+00 -8.325000e+00 -1.967033e+00
      vertex   3.532770e+00 -8.325000e+00 -2.017884e+00
    endloop
  endfacet
  facet normal 2.346820e-01 -7.224649e-17 -9.720722e-01
    outer loop
      vertex   3.532770e+00 -4.825000e+00 -2.017884e+00
      vertex   3.532770e+00 -8.325000e+00 -2.017884e+00
      vertex   3.368009e+00 -4.825000e+00 -2.057661e+00
    endloop
  endfacet
  facet normal 2.346820e-01 5.109259e-17 -9.720722e-01
    outer loop
      vertex   3.368009e+00 -4.825000e+00 -2.057661e+00
      vertex   3.532770e+00 -8.325000e+00 -2.017884e+00
      vertex   3.368009e+00 -8.325000e+00 -2.057661e+00
    endloop
  endfacet
  facet normal 1.682760e-01 -3.663358e-17 -9.857399e-01
    outer loop
      vertex   3.368009e+00 -4.825000e+00 -2.057661e+00
      vertex   3.368009e+00 -8.325000e+00 -2.057661e+00
      vertex   3.200931e+00 -4.825000e+00 -2.086183e+00
    endloop
  endfacet
  facet normal 1.682760e-01 -5.798488e-17 -9.857399e-01
    outer loop
      vertex   3.200931e+00 -4.825000e+00 -2.086183e+00
      vertex   3.368009e+00 -8.325000e+00 -2.057661e+00
      vertex   3.200931e+00 -8.325000e+00 -2.086183e+00
    endloop
  endfacet
  facet normal 1.011024e-01 -1.370117e-16 -9.948760e-01
    outer loop
      vertex   3.200931e+00 -4.825000e+00 -2.086183e+00
      vertex   3.200931e+00 -8.325000e+00 -2.086183e+00
      vertex   3.032304e+00 -8.325000e+00 -2.103319e+00
    endloop
  endfacet
  facet normal -9.739155e-01 -0.000000e+00 -2.269111e-01
    outer loop
      vertex   -7.009923e+00 -1.325000e+00 5.909050e+00
      vertex   -7.009923e+00 -8.325000e+00 5.909050e+00
      vertex   -7.046052e+00 -4.825000e+00 6.064121e+00
    endloop
  endfacet
  facet normal -9.739155e-01 -0.000000e+00 -2.269111e-01
    outer loop
      vertex   -7.046052e+00 -4.825000e+00 6.064121e+00
      vertex   -7.009923e+00 -8.325000e+00 5.909050e+00
      vertex   -7.046052e+00 -8.325000e+00 6.064121e+00
    endloop
  endfacet
  facet normal -9.875245e-01 -0.000000e+00 -1.574657e-01
    outer loop
      vertex   -7.046052e+00 -4.825000e+00 6.064121e+00
      vertex   -7.046052e+00 -8.325000e+00 6.064121e+00
      vertex   -7.071125e+00 -4.825000e+00 6.221359e+00
    endloop
  endfacet
  facet normal -9.875245e-01 -0.000000e+00 -1.574657e-01
    outer loop
      vertex   -7.071125e+00 -4.825000e+00 6.221359e+00
      vertex   -7.046052e+00 -8.325000e+00 6.064121e+00
      vertex   -7.071125e+00 -8.325000e+00 6.221359e+00
    endloop
  endfacet
  facet normal -9.961880e-01 -0.000000e+00 -8.723173e-02
    outer loop
      vertex   -7.071125e+00 -4.825000e+00 6.221359e+00
      vertex   -7.071125e+00 -8.325000e+00 6.221359e+00
      vertex   -7.085014e+00 -4.825000e+00 6.379976e+00
    endloop
  endfacet
  facet normal -9.961880e-01 -0.000000e+00 -8.723173e-02
    outer loop
      vertex   -7.085014e+00 -4.825000e+00 6.379976e+00
      vertex   -7.071125e+00 -8.325000e+00 6.221359e+00
      vertex   -7.085014e+00 -8.325000e+00 6.379976e+00
    endloop
  endfacet
  facet normal -9.998629e-01 -0.000000e+00 -1.656091e-02
    outer loop
      vertex   -7.085014e+00 -4.825000e+00 6.379976e+00
      vertex   -7.085014e+00 -8.325000e+00 6.379976e+00
      vertex   -7.087651e+00 -4.825000e+00 6.539178e+00
    endloop
  endfacet
  facet normal -9.998629e-01 2.537305e-16 -1.656091e-02
    outer loop
      vertex   -7.087651e+00 -4.825000e+00 6.539178e+00
      vertex   -7.085014e+00 -8.325000e+00 6.379976e+00
      vertex   -7.087651e+00 -8.325000e+00 6.539178e+00
    endloop
  endfacet
  facet normal -9.985305e-01 2.533924e-16 5.419283e-02
    outer loop
      vertex   -7.087651e+00 -4.825000e+00 6.539178e+00
      vertex   -7.087651e+00 -8.325000e+00 6.539178e+00
      vertex   -7.079022e+00 -4.825000e+00 6.698169e+00
    endloop
  endfacet
  facet normal -9.985305e-01 2.533924e-16 5.419283e-02
    outer loop
      vertex   -7.079022e+00 -4.825000e+00 6.698169e+00
      vertex   -7.087651e+00 -8.325000e+00 6.539178e+00
      vertex   -7.079022e+00 -8.325000e+00 6.698169e+00
    endloop
  endfacet
  facet normal -9.921976e-01 2.517853e-16 1.246752e-01
    outer loop
      vertex   -7.079022e+00 -4.825000e+00 6.698169e+00
      vertex   -7.079022e+00 -8.325000e+00 6.698169e+00
      vertex   -7.059171e+00 -4.825000e+00 6.856150e+00
    endloop
  endfacet
  facet normal -9.921976e-01 0.000000e+00 1.246752e-01
    outer loop
      vertex   -7.059171e+00 -4.825000e+00 6.856150e+00
      vertex   -7.079022e+00 -8.325000e+00 6.698169e+00
      vertex   -7.059171e+00 -8.325000e+00 6.856150e+00
    endloop
  endfacet
  facet normal -9.808959e-01 0.000000e+00 1.945332e-01
    outer loop
      vertex   -7.059171e+00 -4.825000e+00 6.856150e+00
      vertex   -7.059171e+00 -8.325000e+00 6.856150e+00
      vertex   -7.028196e+00 -4.825000e+00 7.012333e+00
    endloop
  endfacet
  facet normal -9.808959e-01 -4.936577e-17 1.945332e-01
    outer loop
      vertex   -7.028196e+00 -4.825000e+00 7.012333e+00
      vertex   -7.059171e+00 -8.325000e+00 6.856150e+00
      vertex   -7.028196e+00 -8.325000e+00 7.012333e+00
    endloop
  endfacet
  facet normal -9.646821e-01 -6.684608e-17 2.634170e-01
    outer loop
      vertex   -7.028196e+00 -4.825000e+00 7.012333e+00
      vertex   -7.028196e+00 -8.325000e+00 7.012333e+00
      vertex   -6.986254e+00 -4.825000e+00 7.165934e+00
    endloop
  endfacet
  facet normal -9.646821e-01 2.448028e-16 2.634170e-01
    outer loop
      vertex   -6.986254e+00 -4.825000e+00 7.165934e+00
      vertex   -7.028196e+00 -8.325000e+00 7.012333e+00
      vertex   -6.986254e+00 -8.325000e+00 7.165934e+00
    endloop
  endfacet
  facet normal -9.436372e-01 2.394623e-16 3.309816e-01
    outer loop
      vertex   -6.986254e+00 -4.825000e+00 7.165934e+00
      vertex   -6.986254e+00 -8.325000e+00 7.165934e+00
      vertex   -6.933554e+00 -4.825000e+00 7.316183e+00
    endloop
  endfacet
  facet normal -9.436372e-01 0.000000e+00 3.309816e-01
    outer loop
      vertex   -6.933554e+00 -4.825000e+00 7.316183e+00
      vertex   -6.986254e+00 -8.325000e+00 7.165934e+00
      vertex   -6.933554e+00 -8.325000e+00 7.316183e+00
    endloop
  endfacet
  facet normal -9.178667e-01 0.000000e+00 3.968888e-01
    outer loop
      vertex   -6.933554e+00 -4.825000e+00 7.316183e+00
      vertex   -6.933554e+00 -8.325000e+00 7.316183e+00
      vertex   -6.870360e+00 -4.825000e+00 7.462330e+00
    endloop
  endfacet
  facet normal -9.178667e-01 -2.014332e-16 3.968888e-01
    outer loop
      vertex   -6.870360e+00 -4.825000e+00 7.462330e+00
      vertex   -6.933554e+00 -8.325000e+00 7.316183e+00
      vertex   -6.870360e+00 -8.325000e+00 7.462330e+00
    endloop
  endfacet
  facet normal -8.874997e-01 -2.338743e-16 4.608083e-01
    outer loop
      vertex   -6.870360e+00 -4.825000e+00 7.462330e+00
      vertex   -6.870360e+00 -8.325000e+00 7.462330e+00
      vertex   -6.796988e+00 -4.825000e+00 7.603641e+00
    endloop
  endfacet
  facet normal -8.874997e-01 0.000000e+00 4.608083e-01
    outer loop
      vertex   -6.796988e+00 -4.825000e+00 7.603641e+00
      vertex   -6.870360e+00 -8.325000e+00 7.462330e+00
      vertex   -6.796988e+00 -8.325000e+00 7.603641e+00
    endloop
  endfacet
  facet normal -8.526882e-01 0.000000e+00 5.224202e-01
    outer loop
      vertex   -6.796988e+00 -4.825000e+00 7.603641e+00
      vertex   -6.796988e+00 -8.325000e+00 7.603641e+00
      vertex   -6.713806e+00 -4.825000e+00 7.739410e+00
    endloop
  endfacet
  facet normal -8.526882e-01 2.163826e-16 5.224202e-01
    outer loop
      vertex   -6.713806e+00 -4.825000e+00 7.739410e+00
      vertex   -6.796988e+00 -8.325000e+00 7.603641e+00
      vertex   -6.713806e+00 -8.325000e+00 7.739410e+00
    endloop
  endfacet
  facet normal -8.136065e-01 2.064651e-16 5.814159e-01
    outer loop
      vertex   -6.713806e+00 -4.825000e+00 7.739410e+00
      vertex   -6.713806e+00 -8.325000e+00 7.739410e+00
      vertex   -6.621230e+00 -4.825000e+00 7.868956e+00
    endloop
  endfacet
  facet normal -8.136065e-01 0.000000e+00 5.814159e-01
    outer loop
      vertex   -6.621230e+00 -4.825000e+00 7.868956e+00
      vertex   -6.713806e+00 -8.325000e+00 7.739410e+00
      vertex   -6.621230e+00 -8.325000e+00 7.868956e+00
    endloop
  endfacet
  facet normal -7.704504e-01 0.000000e+00 6.375000e-01
    outer loop
      vertex   -6.621230e+00 -4.825000e+00 7.868956e+00
      vertex   -6.621230e+00 -8.325000e+00 7.868956e+00
      vertex   -6.519725e+00 -4.825000e+00 7.991630e+00
    endloop
  endfacet
  facet normal -7.704504e-01 -1.617753e-16 6.375000e-01
    outer loop
      vertex   -6.519725e+00 -4.825000e+00 7.991630e+00
      vertex   -6.621230e+00 -8.325000e+00 7.868956e+00
      vertex   -6.519725e+00 -8.325000e+00 7.991630e+00
    endloop
  endfacet
  facet normal -7.234360e-01 -1.751974e-16 6.903915e-01
    outer loop
      vertex   -6.519725e+00 -4.825000e+00 7.991630e+00
      vertex   -6.519725e+00 -8.325000e+00 7.991630e+00
      vertex   -6.409798e+00 -4.825000e+00 8.106818e+00
    endloop
  endfacet
  facet normal -7.234360e-01 -3.503947e-16 6.903915e-01
    outer loop
      vertex   -6.409798e+00 -4.825000e+00 8.106818e+00
      vertex   -6.519725e+00 -8.325000e+00 7.991630e+00
      vertex   -6.409798e+00 -8.325000e+00 8.106818e+00
    endloop
  endfacet
  facet normal -6.727987e-01 -3.754841e-16 7.398256e-01
    outer loop
      vertex   -6.409798e+00 -4.825000e+00 8.106818e+00
      vertex   -6.409798e+00 -8.325000e+00 8.106818e+00
      vertex   -6.292000e+00 -4.825000e+00 8.213944e+00
    endloop
  endfacet
  facet normal -6.727987e-01 0.000000e+00 7.398256e-01
    outer loop
      vertex   -6.292000e+00 -4.825000e+00 8.213944e+00
      vertex   -6.409798e+00 -8.325000e+00 8.106818e+00
      vertex   -6.292000e+00 -8.325000e+00 8.213944e+00
    endloop
  endfacet
  facet normal -6.187921e-01 0.000000e+00 7.855548e-01
    outer loop
      vertex   -6.292000e+00 -4.825000e+00 8.213944e+00
      vertex   -6.292000e+00 -8.325000e+00 8.213944e+00
      vertex   -6.166921e+00 -4.825000e+00 8.312471e+00
    endloop
  endfacet
  facet normal -6.187921e-01 1.570279e-16 7.855548e-01
    outer loop
      vertex   -6.166921e+00 -4.825000e+00 8.312471e+00
      vertex   -6.292000e+00 -8.325000e+00 8.213944e+00
      vertex   -6.166921e+00 -8.325000e+00 8.312471e+00
    endloop
  endfacet
  facet normal -5.616867e-01 1.425366e-16 8.273500e-01
    outer loop
      vertex   -6.166921e+00 -4.825000e+00 8.312471e+00
      vertex   -6.166921e+00 -8.325000e+00 8.312471e+00
      vertex   -6.035186e+00 -4.825000e+00 8.401905e+00
    endloop
  endfacet
  facet normal -5.616867e-01 1.425366e-16 8.273500e-01
    outer loop
      vertex   -6.035186e+00 -4.825000e+00 8.401905e+00
      vertex   -6.166921e+00 -8.325000e+00 8.312471e+00
      vertex   -6.035186e+00 -8.325000e+00 8.401905e+00
    endloop
  endfacet
  facet normal -5.017685e-01 1.273314e-16 8.650020e-01
    outer loop
      vertex   -6.035186e+00 -4.825000e+00 8.401905e+00
      vertex   -6.035186e+00 -8.325000e+00 8.401905e+00
      vertex   -5.897457e+00 -4.825000e+00 8.481799e+00
    endloop
  endfacet
  facet normal -5.017685e-01 0.000000e+00 8.650020e-01
    outer loop
      vertex   -5.897457e+00 -4.825000e+00 8.481799e+00
      vertex   -6.035186e+00 -8.325000e+00 8.401905e+00
      vertex   -5.897457e+00 -8.325000e+00 8.481799e+00
    endloop
  endfacet
  facet normal -4.393374e-01 0.000000e+00 8.983221e-01
    outer loop
      vertex   -5.897457e+00 -4.825000e+00 8.481799e+00
      vertex   -5.897457e+00 -8.325000e+00 8.481799e+00
      vertex   -5.754423e+00 -4.825000e+00 8.551752e+00
    endloop
  endfacet
  facet normal -4.393374e-01 1.114886e-16 8.983221e-01
    outer loop
      vertex   -5.754423e+00 -4.825000e+00 8.551752e+00
      vertex   -5.897457e+00 -8.325000e+00 8.481799e+00
      vertex   -5.754423e+00 -8.325000e+00 8.551752e+00
    endloop
  endfacet
  facet normal -3.747062e-01 9.508742e-17 9.271436e-01
    outer loop
      vertex   -5.754423e+00 -4.825000e+00 8.551752e+00
      vertex   -5.754423e+00 -8.325000e+00 8.551752e+00
      vertex   -5.606799e+00 -4.825000e+00 8.611414e+00
    endloop
  endfacet
  facet normal -3.747062e-01 9.508742e-17 9.271436e-01
    outer loop
      vertex   -5.606799e+00 -4.825000e+00 8.611414e+00
      vertex   -5.754423e+00 -8.325000e+00 8.551752e+00
      vertex   -5.606799e+00 -8.325000e+00 8.611414e+00
    endloop
  endfacet
  facet normal -3.081985e-01 7.821008e-17 9.513221e-01
    outer loop
      vertex   -5.606799e+00 -4.825000e+00 8.611414e+00
      vertex   -5.606799e+00 -8.325000e+00 8.611414e+00
      vertex   -5.455326e+00 -4.825000e+00 8.660487e+00
    endloop
  endfacet
  facet normal -3.081985e-01 7.821008e-17 9.513221e-01
    outer loop
      vertex   -5.455326e+00 -4.825000e+00 8.660487e+00
      vertex   -5.606799e+00 -8.325000e+00 8.611414e+00
      vertex   -5.455326e+00 -8.325000e+00 8.660487e+00
    endloop
  endfacet
  facet normal -2.401475e-01 6.094108e-17 9.707364e-01
    outer loop
      vertex   -5.455326e+00 -4.825000e+00 8.660487e+00
      vertex   -5.455326e+00 -8.325000e+00 8.660487e+00
      vertex   -5.300761e+00 -8.325000e+00 8.698724e+00
    endloop
  endfacet
  facet normal -2.401475e-01 6.094108e-17 9.707364e-01
    outer loop
      vertex   -5.300761e+00 -8.325000e+00 8.698724e+00
      vertex   -5.300761e+00 -1.325000e+00 8.698724e+00
      vertex   -5.455326e+00 -4.825000e+00 8.660487e+00
    endloop
  endfacet
  facet normal -2.401475e-01 0.000000e+00 9.707364e-01
    outer loop
      vertex   -5.455326e+00 -4.825000e+00 8.660487e+00
      vertex   -5.300761e+00 -1.325000e+00 8.698724e+00
      vertex   -5.455326e+00 -1.325000e+00 8.660487e+00
    endloop
  endfacet
  facet normal -3.081985e-01 0.000000e+00 9.513221e-01
    outer loop
      vertex   -5.455326e+00 -4.825000e+00 8.660487e+00
      vertex   -5.455326e+00 -1.325000e+00 8.660487e+00
      vertex   -5.606799e+00 -4.825000e+00 8.611414e+00
    endloop
  endfacet
  facet normal -3.081985e-01 0.000000e+00 9.513221e-01
    outer loop
      vertex   -5.606799e+00 -4.825000e+00 8.611414e+00
      vertex   -5.455326e+00 -1.325000e+00 8.660487e+00
      vertex   -5.606799e+00 -1.325000e+00 8.611414e+00
    endloop
  endfacet
  facet normal -3.747062e-01 0.000000e+00 9.271436e-01
    outer loop
      vertex   -5.606799e+00 -4.825000e+00 8.611414e+00
      vertex   -5.606799e+00 -1.325000e+00 8.611414e+00
      vertex   -5.754423e+00 -4.825000e+00 8.551752e+00
    endloop
  endfacet
  facet normal -3.747062e-01 0.000000e+00 9.271436e-01
    outer loop
      vertex   -5.754423e+00 -4.825000e+00 8.551752e+00
      vertex   -5.606799e+00 -1.325000e+00 8.611414e+00
      vertex   -5.754423e+00 -1.325000e+00 8.551752e+00
    endloop
  endfacet
  facet normal -4.393374e-01 0.000000e+00 8.983221e-01
    outer loop
      vertex   -5.754423e+00 -4.825000e+00 8.551752e+00
      vertex   -5.754423e+00 -1.325000e+00 8.551752e+00
      vertex   -5.897457e+00 -4.825000e+00 8.481799e+00
    endloop
  endfacet
  facet normal -4.393374e-01 1.114886e-16 8.983221e-01
    outer loop
      vertex   -5.897457e+00 -4.825000e+00 8.481799e+00
      vertex   -5.754423e+00 -1.325000e+00 8.551752e+00
      vertex   -5.897457e+00 -1.325000e+00 8.481799e+00
    endloop
  endfacet
  facet normal -5.017685e-01 1.273314e-16 8.650020e-01
    outer loop
      vertex   -5.897457e+00 -4.825000e+00 8.481799e+00
      vertex   -5.897457e+00 -1.325000e+00 8.481799e+00
      vertex   -6.035186e+00 -4.825000e+00 8.401905e+00
    endloop
  endfacet
  facet normal -5.017685e-01 0.000000e+00 8.650020e-01
    outer loop
      vertex   -6.035186e+00 -4.825000e+00 8.401905e+00
      vertex   -5.897457e+00 -1.325000e+00 8.481799e+00
      vertex   -6.035186e+00 -1.325000e+00 8.401905e+00
    endloop
  endfacet
  facet normal -5.616867e-01 0.000000e+00 8.273500e-01
    outer loop
      vertex   -6.035186e+00 -4.825000e+00 8.401905e+00
      vertex   -6.035186e+00 -1.325000e+00 8.401905e+00
      vertex   -6.166921e+00 -4.825000e+00 8.312471e+00
    endloop
  endfacet
  facet normal -5.616867e-01 0.000000e+00 8.273500e-01
    outer loop
      vertex   -6.166921e+00 -4.825000e+00 8.312471e+00
      vertex   -6.035186e+00 -1.325000e+00 8.401905e+00
      vertex   -6.166921e+00 -1.325000e+00 8.312471e+00
    endloop
  endfacet
  facet normal -6.187921e-01 0.000000e+00 7.855548e-01
    outer loop
      vertex   -6.166921e+00 -4.825000e+00 8.312471e+00
      vertex   -6.166921e+00 -1.325000e+00 8.312471e+00
      vertex   -6.292000e+00 -4.825000e+00 8.213944e+00
    endloop
  endfacet
  facet normal -6.187921e-01 1.570279e-16 7.855548e-01
    outer loop
      vertex   -6.292000e+00 -4.825000e+00 8.213944e+00
      vertex   -6.166921e+00 -1.325000e+00 8.312471e+00
      vertex   -6.292000e+00 -1.325000e+00 8.213944e+00
    endloop
  endfacet
  facet normal -6.727987e-01 1.707329e-16 7.398256e-01
    outer loop
      vertex   -6.292000e+00 -4.825000e+00 8.213944e+00
      vertex   -6.292000e+00 -1.325000e+00 8.213944e+00
      vertex   -6.409798e+00 -4.825000e+00 8.106818e+00
    endloop
  endfacet
  facet normal -6.727987e-01 1.707329e-16 7.398256e-01
    outer loop
      vertex   -6.409798e+00 -4.825000e+00 8.106818e+00
      vertex   -6.292000e+00 -1.325000e+00 8.213944e+00
      vertex   -6.409798e+00 -1.325000e+00 8.106818e+00
    endloop
  endfacet
  facet normal -7.234360e-01 1.835829e-16 6.903915e-01
    outer loop
      vertex   -6.409798e+00 -4.825000e+00 8.106818e+00
      vertex   -6.409798e+00 -1.325000e+00 8.106818e+00
      vertex   -6.519725e+00 -4.825000e+00 7.991630e+00
    endloop
  endfacet
  facet normal -7.234360e-01 1.835829e-16 6.903915e-01
    outer loop
      vertex   -6.519725e+00 -4.825000e+00 7.991630e+00
      vertex   -6.409798e+00 -1.325000e+00 8.106818e+00
      vertex   -6.519725e+00 -1.325000e+00 7.991630e+00
    endloop
  endfacet
  facet normal -7.704504e-01 1.955135e-16 6.375000e-01
    outer loop
      vertex   -6.519725e+00 -4.825000e+00 7.991630e+00
      vertex   -6.519725e+00 -1.325000e+00 7.991630e+00
      vertex   -6.621230e+00 -4.825000e+00 7.868956e+00
    endloop
  endfacet
  facet normal -7.704504e-01 1.955135e-16 6.375000e-01
    outer loop
      vertex   -6.621230e+00 -4.825000e+00 7.868956e+00
      vertex   -6.519725e+00 -1.325000e+00 7.991630e+00
      vertex   -6.621230e+00 -1.325000e+00 7.868956e+00
    endloop
  endfacet
  facet normal -8.136065e-01 2.064651e-16 5.814159e-01
    outer loop
      vertex   -6.621230e+00 -4.825000e+00 7.868956e+00
      vertex   -6.621230e+00 -1.325000e+00 7.868956e+00
      vertex   -6.713806e+00 -4.825000e+00 7.739410e+00
    endloop
  endfacet
  facet normal -8.136065e-01 1.178438e-16 5.814159e-01
    outer loop
      vertex   -6.713806e+00 -4.825000e+00 7.739410e+00
      vertex   -6.621230e+00 -1.325000e+00 7.868956e+00
      vertex   -6.713806e+00 -1.325000e+00 7.739410e+00
    endloop
  endfacet
  facet normal -8.526882e-01 1.676211e-16 5.224202e-01
    outer loop
      vertex   -6.713806e+00 -4.825000e+00 7.739410e+00
      vertex   -6.713806e+00 -1.325000e+00 7.739410e+00
      vertex   -6.796988e+00 -4.825000e+00 7.603641e+00
    endloop
  endfacet
  facet normal -8.526882e-01 2.163826e-16 5.224202e-01
    outer loop
      vertex   -6.796988e+00 -4.825000e+00 7.603641e+00
      vertex   -6.713806e+00 -1.325000e+00 7.739410e+00
      vertex   -6.796988e+00 -1.325000e+00 7.603641e+00
    endloop
  endfacet
  facet normal -8.874997e-01 2.252166e-16 4.608083e-01
    outer loop
      vertex   -6.796988e+00 -4.825000e+00 7.603641e+00
      vertex   -6.796988e+00 -1.325000e+00 7.603641e+00
      vertex   -6.870360e+00 -4.825000e+00 7.462330e+00
    endloop
  endfacet
  facet normal -8.874997e-01 4.504332e-16 4.608083e-01
    outer loop
      vertex   -6.870360e+00 -4.825000e+00 7.462330e+00
      vertex   -6.796988e+00 -1.325000e+00 7.603641e+00
      vertex   -6.870360e+00 -1.325000e+00 7.462330e+00
    endloop
  endfacet
  facet normal -9.178667e-01 4.658454e-16 3.968888e-01
    outer loop
      vertex   -6.870360e+00 -4.825000e+00 7.462330e+00
      vertex   -6.870360e+00 -1.325000e+00 7.462330e+00
      vertex   -6.933554e+00 -4.825000e+00 7.316183e+00
    endloop
  endfacet
  facet normal -9.178667e-01 3.651288e-16 3.968888e-01
    outer loop
      vertex   -6.933554e+00 -4.825000e+00 7.316183e+00
      vertex   -6.870360e+00 -1.325000e+00 7.462330e+00
      vertex   -6.933554e+00 -1.325000e+00 7.316183e+00
    endloop
  endfacet
  facet normal -9.436372e-01 3.949330e-16 3.309816e-01
    outer loop
      vertex   -6.933554e+00 -4.825000e+00 7.316183e+00
      vertex   -6.933554e+00 -1.325000e+00 7.316183e+00
      vertex   -6.986254e+00 -4.825000e+00 7.165934e+00
    endloop
  endfacet
  facet normal -9.436372e-01 1.554707e-16 3.309816e-01
    outer loop
      vertex   -6.986254e+00 -4.825000e+00 7.165934e+00
      vertex   -6.933554e+00 -1.325000e+00 7.316183e+00
      vertex   -6.986254e+00 -1.325000e+00 7.165934e+00
    endloop
  endfacet
  facet normal -9.646821e-01 1.779567e-16 2.634170e-01
    outer loop
      vertex   -6.986254e+00 -4.825000e+00 7.165934e+00
      vertex   -6.986254e+00 -1.325000e+00 7.165934e+00
      vertex   -7.028196e+00 -4.825000e+00 7.012333e+00
    endloop
  endfacet
  facet normal -9.646821e-01 2.448028e-16 2.634170e-01
    outer loop
      vertex   -7.028196e+00 -4.825000e+00 7.012333e+00
      vertex   -6.986254e+00 -1.325000e+00 7.165934e+00
      vertex   -7.028196e+00 -1.325000e+00 7.012333e+00
    endloop
  endfacet
  facet normal -9.808959e-01 2.489173e-16 1.945332e-01
    outer loop
      vertex   -7.028196e+00 -4.825000e+00 7.012333e+00
      vertex   -7.028196e+00 -1.325000e+00 7.012333e+00
      vertex   -7.059171e+00 -4.825000e+00 6.856150e+00
    endloop
  endfacet
  facet normal -9.808959e-01 2.489173e-16 1.945332e-01
    outer loop
      vertex   -7.059171e+00 -4.825000e+00 6.856150e+00
      vertex   -7.028196e+00 -1.325000e+00 7.012333e+00
      vertex   -7.059171e+00 -1.325000e+00 6.856150e+00
    endloop
  endfacet
  facet normal -9.921976e-01 2.517853e-16 1.246752e-01
    outer loop
      vertex   -7.059171e+00 -4.825000e+00 6.856150e+00
      vertex   -7.059171e+00 -1.325000e+00 6.856150e+00
      vertex   -7.079022e+00 -4.825000e+00 6.698169e+00
    endloop
  endfacet
  facet normal -9.921976e-01 0.000000e+00 1.246752e-01
    outer loop
      vertex   -7.079022e+00 -4.825000e+00 6.698169e+00
      vertex   -7.059171e+00 -1.325000e+00 6.856150e+00
      vertex   -7.079022e+00 -1.325000e+00 6.698169e+00
    endloop
  endfacet
  facet normal -9.985305e-01 0.000000e+00 5.419283e-02
    outer loop
      vertex   -7.079022e+00 -4.825000e+00 6.698169e+00
      vertex   -7.079022e+00 -1.325000e+00 6.698169e+00
      vertex   -7.087651e+00 -4.825000e+00 6.539178e+00
    endloop
  endfacet
  facet normal -9.985305e-01 0.000000e+00 5.419283e-02
    outer loop
      vertex   -7.087651e+00 -4.825000e+00 6.539178e+00
      vertex   -7.079022e+00 -1.325000e+00 6.698169e+00
      vertex   -7.087651e+00 -1.325000e+00 6.539178e+00
    endloop
  endfacet
  facet normal -9.998629e-01 0.000000e+00 -1.656091e-02
    outer loop
      vertex   -7.087651e+00 -4.825000e+00 6.539178e+00
      vertex   -7.087651e+00 -1.325000e+00 6.539178e+00
      vertex   -7.085014e+00 -4.825000e+00 6.379976e+00
    endloop
  endfacet
  facet normal -9.998629e-01 2.621356e-16 -1.656091e-02
    outer loop
      vertex   -7.085014e+00 -4.825000e+00 6.379976e+00
      vertex   -7.087651e+00 -1.325000e+00 6.539178e+00
      vertex   -7.085014e+00 -1.325000e+00 6.379976e+00
    endloop
  endfacet
  facet normal -9.961880e-01 2.970707e-16 -8.723173e-02
    outer loop
      vertex   -7.085014e+00 -4.825000e+00 6.379976e+00
      vertex   -7.085014e+00 -1.325000e+00 6.379976e+00
      vertex   -7.071125e+00 -4.825000e+00 6.221359e+00
    endloop
  endfacet
  facet normal -9.961880e-01 5.055958e-16 -8.723173e-02
    outer loop
      vertex   -7.071125e+00 -4.825000e+00 6.221359e+00
      vertex   -7.085014e+00 -1.325000e+00 6.379976e+00
      vertex   -7.071125e+00 -1.325000e+00 6.221359e+00
    endloop
  endfacet
  facet normal -9.875245e-01 5.011988e-16 -1.574657e-01
    outer loop
      vertex   -7.071125e+00 -4.825000e+00 6.221359e+00
      vertex   -7.071125e+00 -1.325000e+00 6.221359e+00
      vertex   -7.046052e+00 -4.825000e+00 6.064121e+00
    endloop
  endfacet
  facet normal -9.875245e-01 3.305180e-16 -1.574657e-01
    outer loop
      vertex   -7.046052e+00 -4.825000e+00 6.064121e+00
      vertex   -7.071125e+00 -1.325000e+00 6.221359e+00
      vertex   -7.046052e+00 -1.325000e+00 6.064121e+00
    endloop
  endfacet
  facet normal -9.739155e-01 3.623102e-16 -2.269111e-01
    outer loop
      vertex   -7.046052e+00 -4.825000e+00 6.064121e+00
      vertex   -7.046052e+00 -1.325000e+00 6.064121e+00
      vertex   -7.009923e+00 -1.325000e+00 5.909050e+00
    endloop
  endfacet
  facet normal -8.020156e-01 -6.877363e-16 -5.973031e-01
    outer loop
      vertex   -3.369437e+00 -1.325000e+00 6.351553e-02
      vertex   -3.369437e+00 -2.325000e+00 6.351553e-02
      vertex   -3.399413e+00 -1.325000e+00 1.037659e-01
    endloop
  endfacet
  facet normal -8.020156e-01 6.481036e-17 -5.973031e-01
    outer loop
      vertex   -3.399413e+00 -1.325000e+00 1.037659e-01
      vertex   -3.369437e+00 -2.325000e+00 6.351553e-02
      vertex   -3.369437e+00 -3.325000e+00 6.351553e-02
    endloop
  endfacet
  facet normal -8.020156e-01 3.975036e-16 -5.973031e-01
    outer loop
      vertex   -3.399413e+00 -1.325000e+00 1.037659e-01
      vertex   -3.369437e+00 -3.325000e+00 6.351553e-02
      vertex   -3.369437e+00 -4.325000e+00 6.351553e-02
    endloop
  endfacet
  facet normal -6.912215e-01 3.571074e-16 -7.226430e-01
    outer loop
      vertex   -3.369437e+00 -4.325000e+00 6.351553e-02
      vertex   -3.369437e+00 -3.325000e+00 6.351553e-02
      vertex   -3.333170e+00 -4.325000e+00 2.882553e-02
    endloop
  endfacet
  facet normal -6.912215e-01 4.752760e-17 -7.226430e-01
    outer loop
      vertex   -3.369437e+00 -4.325000e+00 6.351553e-02
      vertex   -3.333170e+00 -4.325000e+00 2.882553e-02
      vertex   -3.333170e+00 -5.325000e+00 2.882553e-02
    endloop
  endfacet
  facet normal -5.610833e-01 5.743734e-17 -8.277594e-01
    outer loop
      vertex   -3.333170e+00 -5.325000e+00 2.882553e-02
      vertex   -3.333170e+00 -4.325000e+00 2.882553e-02
      vertex   -3.291627e+00 -5.325000e+00 6.667150e-04
    endloop
  endfacet
  facet normal -5.610833e-01 1.166587e-16 -8.277594e-01
    outer loop
      vertex   -3.333170e+00 -5.325000e+00 2.882553e-02
      vertex   -3.291627e+00 -5.325000e+00 6.667150e-04
      vertex   -3.291627e+00 -6.325000e+00 6.667150e-04
    endloop
  endfacet
  facet normal -4.152429e-01 1.262477e-16 -9.097106e-01
    outer loop
      vertex   -3.291627e+00 -6.325000e+00 6.667150e-04
      vertex   -3.291627e+00 -5.325000e+00 6.667150e-04
      vertex   -3.245972e+00 -6.325000e+00 -2.017288e-02
    endloop
  endfacet
  facet normal -4.152429e-01 6.265002e-17 -9.097106e-01
    outer loop
      vertex   -3.291627e+00 -6.325000e+00 6.667150e-04
      vertex   -3.245972e+00 -6.325000e+00 -2.017288e-02
      vertex   -3.245972e+00 -7.325000e+00 -2.017288e-02
    endloop
  endfacet
  facet normal -2.577818e-01 6.704381e-17 -9.662031e-01
    outer loop
      vertex   -3.245972e+00 -7.325000e+00 -2.017288e-02
      vertex   -3.245972e+00 -6.325000e+00 -2.017288e-02
      vertex   -3.197482e+00 -7.325000e+00 -3.311006e-02
    endloop
  endfacet
  facet normal -2.577818e-01 7.345174e-17 -9.662031e-01
    outer loop
      vertex   -3.245972e+00 -7.325000e+00 -2.017288e-02
      vertex   -3.197482e+00 -7.325000e+00 -3.311006e-02
      vertex   -3.197482e+00 -8.325000e+00 -3.311006e-02
    endloop
  endfacet
  facet normal -9.310662e-02 7.599628e-17 -9.956561e-01
    outer loop
      vertex   -3.197482e+00 -8.325000e+00 -3.311006e-02
      vertex   -3.197482e+00 -7.325000e+00 -3.311006e-02
      vertex   -3.147513e+00 -8.325000e+00 -3.778275e-02
    endloop
  endfacet
  facet normal -9.310662e-02 -2.763501e-17 -9.956561e-01
    outer loop
      vertex   -3.147513e+00 -8.325000e+00 -3.778275e-02
      vertex   -3.197482e+00 -7.325000e+00 -3.311006e-02
      vertex   -3.147513e+00 -7.325000e+00 -3.778275e-02
    endloop
  endfacet
  facet normal 7.417424e-02 -2.767912e-17 -9.972453e-01
    outer loop
      vertex   -3.147513e+00 -8.325000e+00 -3.778275e-02
      vertex   -3.147513e+00 -7.325000e+00 -3.778275e-02
      vertex   -3.097465e+00 -8.325000e+00 -3.406021e-02
    endloop
  endfacet
  facet normal 7.417424e-02 -1.176362e-16 -9.972453e-01
    outer loop
      vertex   -3.097465e+00 -8.325000e+00 -3.406021e-02
      vertex   -3.147513e+00 -7.325000e+00 -3.778275e-02
      vertex   -3.097465e+00 -7.325000e+00 -3.406021e-02
    endloop
  endfacet
  facet normal 2.393793e-01 -1.145316e-16 -9.709261e-01
    outer loop
      vertex   -3.097465e+00 -8.325000e+00 -3.406021e-02
      vertex   -3.097465e+00 -7.325000e+00 -3.406021e-02
      vertex   -3.048738e+00 -8.325000e+00 -2.204659e-02
    endloop
  endfacet
  facet normal 2.393793e-01 -7.410869e-17 -9.709261e-01
    outer loop
      vertex   -3.048738e+00 -8.325000e+00 -2.204659e-02
      vertex   -3.097465e+00 -7.325000e+00 -3.406021e-02
      vertex   -3.048738e+00 -7.325000e+00 -2.204659e-02
    endloop
  endfacet
  facet normal 3.978852e-01 -7.002584e-17 -9.174352e-01
    outer loop
      vertex   -3.048738e+00 -8.325000e+00 -2.204659e-02
      vertex   -3.048738e+00 -7.325000e+00 -2.204659e-02
      vertex   -3.002695e+00 -8.325000e+00 -2.078119e-03
    endloop
  endfacet
  facet normal 3.978852e-01 -1.372666e-16 -9.174352e-01
    outer loop
      vertex   -3.002695e+00 -8.325000e+00 -2.078119e-03
      vertex   -3.048738e+00 -7.325000e+00 -2.204659e-02
      vertex   -3.002695e+00 -7.325000e+00 -2.078119e-03
    endloop
  endfacet
  facet normal 5.452562e-01 -1.254218e-16 -8.382695e-01
    outer loop
      vertex   -3.002695e+00 -8.325000e+00 -2.078119e-03
      vertex   -3.002695e+00 -7.325000e+00 -2.078119e-03
      vertex   -2.960625e+00 -8.325000e+00 2.528639e-02
    endloop
  endfacet
  facet normal 5.452562e-01 1.163333e-17 -8.382695e-01
    outer loop
      vertex   -2.960625e+00 -8.325000e+00 2.528639e-02
      vertex   -3.002695e+00 -7.325000e+00 -2.078119e-03
      vertex   -2.960625e+00 -7.325000e+00 2.528639e-02
    endloop
  endfacet
  facet normal 6.773679e-01 1.020912e-17 -7.356444e-01
    outer loop
      vertex   -2.960625e+00 -8.325000e+00 2.528639e-02
      vertex   -2.960625e+00 -7.325000e+00 2.528639e-02
      vertex   -2.923705e+00 -8.325000e+00 5.928113e-02
    endloop
  endfacet
  facet normal 6.773679e-01 -2.552279e-17 -7.356444e-01
    outer loop
      vertex   -2.923705e+00 -8.325000e+00 5.928113e-02
      vertex   -2.960625e+00 -7.325000e+00 2.528639e-02
      vertex   -2.923705e+00 -7.325000e+00 5.928113e-02
    endloop
  endfacet
  facet normal 7.905232e-01 -2.124801e-17 -6.124321e-01
    outer loop
      vertex   -2.923705e+00 -8.325000e+00 5.928113e-02
      vertex   -2.923705e+00 -7.325000e+00 5.928113e-02
      vertex   -2.892970e+00 -8.325000e+00 9.895474e-02
    endloop
  endfacet
  facet normal 7.905232e-01 -8.499202e-17 -6.124321e-01
    outer loop
      vertex   -2.892970e+00 -8.325000e+00 9.895474e-02
      vertex   -2.923705e+00 -7.325000e+00 5.928113e-02
      vertex   -2.892970e+00 -7.325000e+00 9.895474e-02
    endloop
  endfacet
  facet normal 8.815554e-01 -6.551434e-17 -4.720806e-01
    outer loop
      vertex   -2.892970e+00 -8.325000e+00 9.895474e-02
      vertex   -2.892970e+00 -7.325000e+00 9.895474e-02
      vertex   -2.869278e+00 -8.325000e+00 1.431969e-01
    endloop
  endfacet
  facet normal 8.815554e-01 -9.172007e-17 -4.720806e-01
    outer loop
      vertex   -2.869278e+00 -8.325000e+00 1.431969e-01
      vertex   -2.892970e+00 -7.325000e+00 9.895474e-02
      vertex   -2.869278e+00 -7.325000e+00 1.431969e-01
    endloop
  endfacet
  facet normal 9.479169e-01 -6.188449e-17 -3.185177e-01
    outer loop
      vertex   -2.869278e+00 -8.325000e+00 1.431969e-01
      vertex   -2.869278e+00 -7.325000e+00 1.431969e-01
      vertex   -2.853292e+00 -8.325000e+00 1.907696e-01
    endloop
  endfacet
  facet normal 9.479169e-01 4.209597e-16 -3.185177e-01
    outer loop
      vertex   -2.853292e+00 -8.325000e+00 1.907696e-01
      vertex   -2.869278e+00 -7.325000e+00 1.431969e-01
      vertex   -2.853292e+00 -7.325000e+00 1.907696e-01
    endloop
  endfacet
  facet normal 9.877506e-01 4.386494e-16 -1.560410e-01
    outer loop
      vertex   -2.853292e+00 -8.325000e+00 1.907696e-01
      vertex   -2.853292e+00 -7.325000e+00 1.907696e-01
      vertex   -2.845461e+00 -8.325000e+00 2.403414e-01
    endloop
  endfacet
  facet normal 9.877506e-01 -4.385501e-16 -1.560410e-01
    outer loop
      vertex   -2.845461e+00 -8.325000e+00 2.403414e-01
      vertex   -2.853292e+00 -7.325000e+00 1.907696e-01
      vertex   -2.853292e+00 -6.325000e+00 1.907696e-01
    endloop
  endfacet
  facet normal 9.877506e-01 -1.296207e-17 -1.560410e-01
    outer loop
      vertex   -2.845461e+00 -8.325000e+00 2.403414e-01
      vertex   -2.853292e+00 -6.325000e+00 1.907696e-01
      vertex   -2.853292e+00 -5.325000e+00 1.907696e-01
    endloop
  endfacet
  facet normal 9.479169e-01 -2.652192e-17 -3.185177e-01
    outer loop
      vertex   -2.853292e+00 -5.325000e+00 1.907696e-01
      vertex   -2.853292e+00 -6.325000e+00 1.907696e-01
      vertex   -2.869278e+00 -5.325000e+00 1.431969e-01
    endloop
  endfacet
  facet normal 9.479169e-01 -2.592414e-17 -3.185177e-01
    outer loop
      vertex   -2.853292e+00 -5.325000e+00 1.907696e-01
      vertex   -2.869278e+00 -5.325000e+00 1.431969e-01
      vertex   -2.869278e+00 -4.325000e+00 1.431969e-01
    endloop
  endfacet
  facet normal 8.815554e-01 -3.930860e-17 -4.720806e-01
    outer loop
      vertex   -2.869278e+00 -4.325000e+00 1.431969e-01
      vertex   -2.869278e+00 -5.325000e+00 1.431969e-01
      vertex   -2.892970e+00 -4.325000e+00 9.895474e-02
    endloop
  endfacet
  facet normal 8.815554e-01 -4.234277e-16 -4.720806e-01
    outer loop
      vertex   -2.869278e+00 -4.325000e+00 1.431969e-01
      vertex   -2.892970e+00 -4.325000e+00 9.895474e-02
      vertex   -2.892970e+00 -3.325000e+00 9.895474e-02
    endloop
  endfacet
  facet normal 7.905232e-01 -3.935588e-16 -6.124321e-01
    outer loop
      vertex   -2.892970e+00 -3.325000e+00 9.895474e-02
      vertex   -2.892970e+00 -4.325000e+00 9.895474e-02
      vertex   -2.923705e+00 -3.325000e+00 5.928113e-02
    endloop
  endfacet
  facet normal 7.905232e-01 -8.641382e-17 -6.124321e-01
    outer loop
      vertex   -2.892970e+00 -3.325000e+00 9.895474e-02
      vertex   -2.923705e+00 -3.325000e+00 5.928113e-02
      vertex   -2.923705e+00 -2.325000e+00 5.928113e-02
    endloop
  endfacet
  facet normal 6.773679e-01 -1.020912e-16 -7.356444e-01
    outer loop
      vertex   -2.923705e+00 -2.325000e+00 5.928113e-02
      vertex   -2.923705e+00 -3.325000e+00 5.928113e-02
      vertex   -2.960625e+00 -2.325000e+00 2.528639e-02
    endloop
  endfacet
  facet normal 6.773679e-01 9.419106e-16 -7.356444e-01
    outer loop
      vertex   -2.923705e+00 -2.325000e+00 5.928113e-02
      vertex   -2.960625e+00 -2.325000e+00 2.528639e-02
      vertex   -2.960625e+00 -1.325000e+00 2.528639e-02
    endloop
  endfacet
  facet normal 5.452562e-01 8.769095e-16 -8.382695e-01
    outer loop
      vertex   -2.960625e+00 -1.325000e+00 2.528639e-02
      vertex   -2.960625e+00 -2.325000e+00 2.528639e-02
      vertex   -3.002695e+00 -1.325000e+00 -2.078119e-03
    endloop
  endfacet
  facet normal 5.452562e-01 6.874806e-16 -8.382695e-01
    outer loop
      vertex   -3.002695e+00 -1.325000e+00 -2.078119e-03
      vertex   -2.960625e+00 -2.325000e+00 2.528639e-02
      vertex   -3.002695e+00 -2.325000e+00 -2.078119e-03
    endloop
  endfacet
  facet normal 3.978852e-01 6.640923e-16 -9.174352e-01
    outer loop
      vertex   -3.002695e+00 -1.325000e+00 -2.078119e-03
      vertex   -3.002695e+00 -2.325000e+00 -2.078119e-03
      vertex   -3.048738e+00 -1.325000e+00 -2.204659e-02
    endloop
  endfacet
  facet normal 3.978852e-01 3.246653e-16 -9.174352e-01
    outer loop
      vertex   -3.048738e+00 -1.325000e+00 -2.204659e-02
      vertex   -3.002695e+00 -2.325000e+00 -2.078119e-03
      vertex   -3.048738e+00 -2.325000e+00 -2.204659e-02
    endloop
  endfacet
  facet normal 2.393793e-01 3.435948e-16 -9.709261e-01
    outer loop
      vertex   -3.048738e+00 -1.325000e+00 -2.204659e-02
      vertex   -3.048738e+00 -2.325000e+00 -2.204659e-02
      vertex   -3.097465e+00 -1.325000e+00 -3.406021e-02
    endloop
  endfacet
  facet normal 2.393793e-01 2.155889e-16 -9.709261e-01
    outer loop
      vertex   -3.097465e+00 -1.325000e+00 -3.406021e-02
      vertex   -3.048738e+00 -2.325000e+00 -2.204659e-02
      vertex   -3.097465e+00 -2.325000e+00 -3.406021e-02
    endloop
  endfacet
  facet normal 7.417424e-02 2.214329e-16 -9.972453e-01
    outer loop
      vertex   -3.097465e+00 -1.325000e+00 -3.406021e-02
      vertex   -3.097465e+00 -2.325000e+00 -3.406021e-02
      vertex   -3.147513e+00 -1.325000e+00 -3.778275e-02
    endloop
  endfacet
  facet normal 7.417424e-02 -6.919779e-18 -9.972453e-01
    outer loop
      vertex   -3.147513e+00 -1.325000e+00 -3.778275e-02
      vertex   -3.097465e+00 -2.325000e+00 -3.406021e-02
      vertex   -3.147513e+00 -2.325000e+00 -3.778275e-02
    endloop
  endfacet
  facet normal -9.310662e-02 -6.908752e-18 -9.956561e-01
    outer loop
      vertex   -3.147513e+00 -1.325000e+00 -3.778275e-02
      vertex   -3.147513e+00 -2.325000e+00 -3.778275e-02
      vertex   -3.197482e+00 -1.325000e+00 -3.311006e-02
    endloop
  endfacet
  facet normal -9.310662e-02 -2.210801e-16 -9.956561e-01
    outer loop
      vertex   -3.197482e+00 -1.325000e+00 -3.311006e-02
      vertex   -3.147513e+00 -2.325000e+00 -3.778275e-02
      vertex   -3.197482e+00 -2.325000e+00 -3.311006e-02
    endloop
  endfacet
  facet normal -2.577818e-01 -2.145402e-16 -9.662031e-01
    outer loop
      vertex   -3.197482e+00 -1.325000e+00 -3.311006e-02
      vertex   -3.197482e+00 -2.325000e+00 -3.311006e-02
      vertex   -3.245972e+00 -1.325000e+00 -2.017288e-02
    endloop
  endfacet
  facet normal -2.577818e-01 -3.855019e-16 -9.662031e-01
    outer loop
      vertex   -3.245972e+00 -1.325000e+00 -2.017288e-02
      vertex   -3.197482e+00 -2.325000e+00 -3.311006e-02
      vertex   -3.245972e+00 -2.325000e+00 -2.017288e-02
    endloop
  endfacet
  facet normal -4.152429e-01 -3.629621e-16 -9.097106e-01
    outer loop
      vertex   -3.245972e+00 -1.325000e+00 -2.017288e-02
      vertex   -3.245972e+00 -2.325000e+00 -2.017288e-02
      vertex   -3.291627e+00 -1.325000e+00 6.667150e-04
    endloop
  endfacet
  facet normal -4.152429e-01 -2.840573e-16 -9.097106e-01
    outer loop
      vertex   -3.291627e+00 -1.325000e+00 6.667150e-04
      vertex   -3.245972e+00 -2.325000e+00 -2.017288e-02
      vertex   -3.291627e+00 -2.325000e+00 6.667150e-04
    endloop
  endfacet
  facet normal -5.610833e-01 -2.584680e-16 -8.277594e-01
    outer loop
      vertex   -3.291627e+00 -1.325000e+00 6.667150e-04
      vertex   -3.291627e+00 -2.325000e+00 6.667150e-04
      vertex   -3.333170e+00 -1.325000e+00 2.882553e-02
    endloop
  endfacet
  facet normal -5.610833e-01 -5.880514e-16 -8.277594e-01
    outer loop
      vertex   -3.333170e+00 -1.325000e+00 2.882553e-02
      vertex   -3.291627e+00 -2.325000e+00 6.667150e-04
      vertex   -3.333170e+00 -2.325000e+00 2.882553e-02
    endloop
  endfacet
  facet normal -6.912215e-01 -6.028102e-16 -7.226430e-01
    outer loop
      vertex   -3.333170e+00 -1.325000e+00 2.882553e-02
      vertex   -3.333170e+00 -2.325000e+00 2.882553e-02
      vertex   -3.369437e+00 -1.325000e+00 6.351553e-02
    endloop
  endfacet
  facet normal -6.912215e-01 -7.081114e-16 -7.226430e-01
    outer loop
      vertex   -3.369437e+00 -1.325000e+00 6.351553e-02
      vertex   -3.333170e+00 -2.325000e+00 2.882553e-02
      vertex   -3.369437e+00 -2.325000e+00 6.351553e-02
    endloop
  endfacet
  facet normal 6.773679e-01 6.265002e-16 -7.356444e-01
    outer loop
      vertex   -2.960625e+00 -1.325000e+00 2.528639e-02
      vertex   -2.923705e+00 -1.325000e+00 5.928113e-02
      vertex   -2.923705e+00 -2.325000e+00 5.928113e-02
    endloop
  endfacet
  facet normal 7.905232e-01 6.230373e-16 -6.124321e-01
    outer loop
      vertex   -2.923705e+00 -2.325000e+00 5.928113e-02
      vertex   -2.923705e+00 -1.325000e+00 5.928113e-02
      vertex   -2.892970e+00 -2.325000e+00 9.895474e-02
    endloop
  endfacet
  facet normal 7.905232e-01 -4.320691e-17 -6.124321e-01
    outer loop
      vertex   -2.923705e+00 -2.325000e+00 5.928113e-02
      vertex   -2.892970e+00 -2.325000e+00 9.895474e-02
      vertex   -2.892970e+00 -3.325000e+00 9.895474e-02
    endloop
  endfacet
  facet normal 8.815554e-01 -3.275717e-17 -4.720806e-01
    outer loop
      vertex   -2.892970e+00 -3.325000e+00 9.895474e-02
      vertex   -2.892970e+00 -2.325000e+00 9.895474e-02
      vertex   -2.869278e+00 -3.325000e+00 1.431969e-01
    endloop
  endfacet
  facet normal 8.815554e-01 -8.079692e-16 -4.720806e-01
    outer loop
      vertex   -2.892970e+00 -3.325000e+00 9.895474e-02
      vertex   -2.869278e+00 -3.325000e+00 1.431969e-01
      vertex   -2.869278e+00 -4.325000e+00 1.431969e-01
    endloop
  endfacet
  facet normal 9.479169e-01 -8.596006e-16 -3.185177e-01
    outer loop
      vertex   -2.869278e+00 -4.325000e+00 1.431969e-01
      vertex   -2.869278e+00 -3.325000e+00 1.431969e-01
      vertex   -2.853292e+00 -4.325000e+00 1.907696e-01
    endloop
  endfacet
  facet normal 9.479169e-01 0.000000e+00 -3.185177e-01
    outer loop
      vertex   -2.869278e+00 -4.325000e+00 1.431969e-01
      vertex   -2.853292e+00 -4.325000e+00 1.907696e-01
      vertex   -2.853292e+00 -5.325000e+00 1.907696e-01
    endloop
  endfacet
  facet normal 9.877506e-01 0.000000e+00 -1.560410e-01
    outer loop
      vertex   -2.853292e+00 -5.325000e+00 1.907696e-01
      vertex   -2.853292e+00 -4.325000e+00 1.907696e-01
      vertex   -2.845461e+00 -8.325000e+00 2.403414e-01
    endloop
  endfacet
  facet normal 7.905232e-01 1.391262e-15 -6.124321e-01
    outer loop
      vertex   -2.923705e+00 -1.325000e+00 5.928113e-02
      vertex   -2.892970e+00 -1.325000e+00 9.895474e-02
      vertex   -2.892970e+00 -2.325000e+00 9.895474e-02
    endloop
  endfacet
  facet normal 8.815554e-01 1.436525e-15 -4.720806e-01
    outer loop
      vertex   -2.892970e+00 -2.325000e+00 9.895474e-02
      vertex   -2.892970e+00 -1.325000e+00 9.895474e-02
      vertex   -2.869278e+00 -2.325000e+00 1.431969e-01
    endloop
  endfacet
  facet normal 8.815554e-01 -1.296207e-17 -4.720806e-01
    outer loop
      vertex   -2.892970e+00 -2.325000e+00 9.895474e-02
      vertex   -2.869278e+00 -2.325000e+00 1.431969e-01
      vertex   -2.869278e+00 -3.325000e+00 1.431969e-01
    endloop
  endfacet
  facet normal 9.479169e-01 -8.840642e-18 -3.185177e-01
    outer loop
      vertex   -2.869278e+00 -3.325000e+00 1.431969e-01
      vertex   -2.869278e+00 -2.325000e+00 1.431969e-01
      vertex   -2.853292e+00 -3.325000e+00 1.907696e-01
    endloop
  endfacet
  facet normal 9.479169e-01 -4.212674e-16 -3.185177e-01
    outer loop
      vertex   -2.869278e+00 -3.325000e+00 1.431969e-01
      vertex   -2.853292e+00 -3.325000e+00 1.907696e-01
      vertex   -2.853292e+00 -4.325000e+00 1.907696e-01
    endloop
  endfacet
  facet normal 9.877506e-01 -4.386494e-16 -1.560410e-01
    outer loop
      vertex   -2.853292e+00 -4.325000e+00 1.907696e-01
      vertex   -2.853292e+00 -3.325000e+00 1.907696e-01
      vertex   -2.845461e+00 -1.325000e+00 2.403414e-01
    endloop
  endfacet
  facet normal 9.877506e-01 0.000000e+00 -1.560410e-01
    outer loop
      vertex   -2.853292e+00 -4.325000e+00 1.907696e-01
      vertex   -2.845461e+00 -1.325000e+00 2.403414e-01
      vertex   -2.845461e+00 -8.325000e+00 2.403414e-01
    endloop
  endfacet
  facet normal 8.815554e-01 1.399904e-15 -4.720806e-01
    outer loop
      vertex   -2.892970e+00 -1.325000e+00 9.895474e-02
      vertex   -2.869278e+00 -1.325000e+00 1.431969e-01
      vertex   -2.869278e+00 -2.325000e+00 1.431969e-01
    endloop
  endfacet
  facet normal 9.479169e-01 1.413170e-15 -3.185177e-01
    outer loop
      vertex   -2.869278e+00 -2.325000e+00 1.431969e-01
      vertex   -2.869278e+00 -1.325000e+00 1.431969e-01
      vertex   -2.853292e+00 -2.325000e+00 1.907696e-01
    endloop
  endfacet
  facet normal 9.479169e-01 -1.728276e-17 -3.185177e-01
    outer loop
      vertex   -2.869278e+00 -2.325000e+00 1.431969e-01
      vertex   -2.853292e+00 -2.325000e+00 1.907696e-01
      vertex   -2.853292e+00 -3.325000e+00 1.907696e-01
    endloop
  endfacet
  facet normal 9.877506e-01 -8.662013e-18 -1.560410e-01
    outer loop
      vertex   -2.853292e+00 -3.325000e+00 1.907696e-01
      vertex   -2.853292e+00 -2.325000e+00 1.907696e-01
      vertex   -2.845461e+00 -1.325000e+00 2.403414e-01
    endloop
  endfacet
  facet normal 9.479169e-01 4.666346e-16 -3.185177e-01
    outer loop
      vertex   -2.869278e+00 -1.325000e+00 1.431969e-01
      vertex   -2.853292e+00 -1.325000e+00 1.907696e-01
      vertex   -2.853292e+00 -2.325000e+00 1.907696e-01
    endloop
  endfacet
  facet normal 9.877506e-01 4.603044e-16 -1.560410e-01
    outer loop
      vertex   -2.853292e+00 -2.325000e+00 1.907696e-01
      vertex   -2.853292e+00 -1.325000e+00 1.907696e-01
      vertex   -2.845461e+00 -1.325000e+00 2.403414e-01
    endloop
  endfacet
  facet normal -2.577818e-01 4.104656e-17 -9.662031e-01
    outer loop
      vertex   -3.197482e+00 -8.325000e+00 -3.311006e-02
      vertex   -3.245972e+00 -8.325000e+00 -2.017288e-02
      vertex   -3.245972e+00 -7.325000e+00 -2.017288e-02
    endloop
  endfacet
  facet normal -4.152429e-01 3.787431e-17 -9.097106e-01
    outer loop
      vertex   -3.245972e+00 -7.325000e+00 -2.017288e-02
      vertex   -3.245972e+00 -8.325000e+00 -2.017288e-02
      vertex   -3.291627e+00 -7.325000e+00 6.667150e-04
    endloop
  endfacet
  facet normal -4.152429e-01 3.240518e-17 -9.097106e-01
    outer loop
      vertex   -3.245972e+00 -7.325000e+00 -2.017288e-02
      vertex   -3.291627e+00 -7.325000e+00 6.667150e-04
      vertex   -3.291627e+00 -6.325000e+00 6.667150e-04
    endloop
  endfacet
  facet normal -5.610833e-01 2.871867e-17 -8.277594e-01
    outer loop
      vertex   -3.291627e+00 -6.325000e+00 6.667150e-04
      vertex   -3.291627e+00 -7.325000e+00 6.667150e-04
      vertex   -3.333170e+00 -6.325000e+00 2.882553e-02
    endloop
  endfacet
  facet normal -5.610833e-01 8.641382e-17 -8.277594e-01
    outer loop
      vertex   -3.291627e+00 -6.325000e+00 6.667150e-04
      vertex   -3.333170e+00 -6.325000e+00 2.882553e-02
      vertex   -3.333170e+00 -5.325000e+00 2.882553e-02
    endloop
  endfacet
  facet normal -6.912215e-01 7.521514e-17 -7.226430e-01
    outer loop
      vertex   -3.333170e+00 -5.325000e+00 2.882553e-02
      vertex   -3.333170e+00 -6.325000e+00 2.882553e-02
      vertex   -3.369437e+00 -5.325000e+00 6.351553e-02
    endloop
  endfacet
  facet normal -6.912215e-01 -2.592414e-16 -7.226430e-01
    outer loop
      vertex   -3.333170e+00 -5.325000e+00 2.882553e-02
      vertex   -3.369437e+00 -5.325000e+00 6.351553e-02
      vertex   -3.369437e+00 -4.325000e+00 6.351553e-02
    endloop
  endfacet
  facet normal -8.020156e-01 -3.147202e-16 -5.973031e-01
    outer loop
      vertex   -3.369437e+00 -4.325000e+00 6.351553e-02
      vertex   -3.369437e+00 -5.325000e+00 6.351553e-02
      vertex   -3.399413e+00 -1.325000e+00 1.037659e-01
    endloop
  endfacet
  facet normal -4.152429e-01 -2.592414e-17 -9.097106e-01
    outer loop
      vertex   -3.245972e+00 -8.325000e+00 -2.017288e-02
      vertex   -3.291627e+00 -8.325000e+00 6.667150e-04
      vertex   -3.291627e+00 -7.325000e+00 6.667150e-04
    endloop
  endfacet
  facet normal -5.610833e-01 -2.153900e-17 -8.277594e-01
    outer loop
      vertex   -3.291627e+00 -7.325000e+00 6.667150e-04
      vertex   -3.291627e+00 -8.325000e+00 6.667150e-04
      vertex   -3.333170e+00 -7.325000e+00 2.882553e-02
    endloop
  endfacet
  facet normal -5.610833e-01 8.641382e-17 -8.277594e-01
    outer loop
      vertex   -3.291627e+00 -7.325000e+00 6.667150e-04
      vertex   -3.333170e+00 -7.325000e+00 2.882553e-02
      vertex   -3.333170e+00 -6.325000e+00 2.882553e-02
    endloop
  endfacet
  facet normal -6.912215e-01 7.521514e-17 -7.226430e-01
    outer loop
      vertex   -3.333170e+00 -6.325000e+00 2.882553e-02
      vertex   -3.333170e+00 -7.325000e+00 2.882553e-02
      vertex   -3.369437e+00 -6.325000e+00 6.351553e-02
    endloop
  endfacet
  facet normal -6.912215e-01 7.777243e-17 -7.226430e-01
    outer loop
      vertex   -3.333170e+00 -6.325000e+00 2.882553e-02
      vertex   -3.369437e+00 -6.325000e+00 6.351553e-02
      vertex   -3.369437e+00 -5.325000e+00 6.351553e-02
    endloop
  endfacet
  facet normal -8.020156e-01 6.631397e-17 -5.973031e-01
    outer loop
      vertex   -3.369437e+00 -5.325000e+00 6.351553e-02
      vertex   -3.369437e+00 -6.325000e+00 6.351553e-02
      vertex   -3.399413e+00 -8.325000e+00 1.037659e-01
    endloop
  endfacet
  facet normal -8.020156e-01 0.000000e+00 -5.973031e-01
    outer loop
      vertex   -3.369437e+00 -5.325000e+00 6.351553e-02
      vertex   -3.399413e+00 -8.325000e+00 1.037659e-01
      vertex   -3.399413e+00 -1.325000e+00 1.037659e-01
    endloop
  endfacet
  facet normal -5.610833e-01 8.641382e-18 -8.277594e-01
    outer loop
      vertex   -3.291627e+00 -8.325000e+00 6.667150e-04
      vertex   -3.333170e+00 -8.325000e+00 2.882553e-02
      vertex   -3.333170e+00 -7.325000e+00 2.882553e-02
    endloop
  endfacet
  facet normal -6.912215e-01 1.253586e-17 -7.226430e-01
    outer loop
      vertex   -3.333170e+00 -7.325000e+00 2.882553e-02
      vertex   -3.333170e+00 -8.325000e+00 2.882553e-02
      vertex   -3.369437e+00 -7.325000e+00 6.351553e-02
    endloop
  endfacet
  facet normal -6.912215e-01 3.283725e-16 -7.226430e-01
    outer loop
      vertex   -3.333170e+00 -7.325000e+00 2.882553e-02
      vertex   -3.369437e+00 -7.325000e+00 6.351553e-02
      vertex   -3.369437e+00 -6.325000e+00 6.351553e-02
    endloop
  endfacet
  facet normal -8.020156e-01 3.727450e-16 -5.973031e-01
    outer loop
      vertex   -3.369437e+00 -6.325000e+00 6.351553e-02
      vertex   -3.369437e+00 -7.325000e+00 6.351553e-02
      vertex   -3.399413e+00 -8.325000e+00 1.037659e-01
    endloop
  endfacet
  facet normal -6.912215e-01 1.209793e-16 -7.226430e-01
    outer loop
      vertex   -3.333170e+00 -8.325000e+00 2.882553e-02
      vertex   -3.369437e+00 -8.325000e+00 6.351553e-02
      vertex   -3.369437e+00 -7.325000e+00 6.351553e-02
    endloop
  endfacet
  facet normal -8.020156e-01 9.947095e-17 -5.973031e-01
    outer loop
      vertex   -3.369437e+00 -7.325000e+00 6.351553e-02
      vertex   -3.369437e+00 -8.325000e+00 6.351553e-02
      vertex   -3.399413e+00 -8.325000e+00 1.037659e-01
    endloop
  endfacet
  facet normal -6.912215e-01 8.022949e-17 -7.226430e-01
    outer loop
      vertex   -3.369437e+00 -3.325000e+00 6.351553e-02
      vertex   -3.369437e+00 -2.325000e+00 6.351553e-02
      vertex   -3.333170e+00 -3.325000e+00 2.882553e-02
    endloop
  endfacet
  facet normal -6.912215e-01 7.521514e-17 -7.226430e-01
    outer loop
      vertex   -3.333170e+00 -3.325000e+00 2.882553e-02
      vertex   -3.369437e+00 -2.325000e+00 6.351553e-02
      vertex   -3.333170e+00 -2.325000e+00 2.882553e-02
    endloop
  endfacet
  facet normal -5.610833e-01 8.615601e-17 -8.277594e-01
    outer loop
      vertex   -3.333170e+00 -3.325000e+00 2.882553e-02
      vertex   -3.333170e+00 -2.325000e+00 2.882553e-02
      vertex   -3.291627e+00 -3.325000e+00 6.667150e-04
    endloop
  endfacet
  facet normal -5.610833e-01 -2.204524e-16 -8.277594e-01
    outer loop
      vertex   -3.291627e+00 -3.325000e+00 6.667150e-04
      vertex   -3.333170e+00 -2.325000e+00 2.882553e-02
      vertex   -3.291627e+00 -2.325000e+00 6.667150e-04
    endloop
  endfacet
  facet normal -4.152429e-01 -1.528430e-16 -9.097106e-01
    outer loop
      vertex   -3.291627e+00 -3.325000e+00 6.667150e-04
      vertex   -3.291627e+00 -2.325000e+00 6.667150e-04
      vertex   -3.245972e+00 -3.325000e+00 -2.017288e-02
    endloop
  endfacet
  facet normal -4.152429e-01 6.312385e-17 -9.097106e-01
    outer loop
      vertex   -3.245972e+00 -3.325000e+00 -2.017288e-02
      vertex   -3.291627e+00 -2.325000e+00 6.667150e-04
      vertex   -3.245972e+00 -2.325000e+00 -2.017288e-02
    endloop
  endfacet
  facet normal -2.577818e-01 6.704381e-17 -9.662031e-01
    outer loop
      vertex   -3.245972e+00 -3.325000e+00 -2.017288e-02
      vertex   -3.245972e+00 -2.325000e+00 -2.017288e-02
      vertex   -3.197482e+00 -3.325000e+00 -3.311006e-02
    endloop
  endfacet
  facet normal -2.577818e-01 3.352191e-17 -9.662031e-01
    outer loop
      vertex   -3.197482e+00 -3.325000e+00 -3.311006e-02
      vertex   -3.245972e+00 -2.325000e+00 -2.017288e-02
      vertex   -3.197482e+00 -2.325000e+00 -3.311006e-02
    endloop
  endfacet
  facet normal -9.310662e-02 3.454376e-17 -9.956561e-01
    outer loop
      vertex   -3.197482e+00 -3.325000e+00 -3.311006e-02
      vertex   -3.197482e+00 -2.325000e+00 -3.311006e-02
      vertex   -3.147513e+00 -3.325000e+00 -3.778275e-02
    endloop
  endfacet
  facet normal -9.310662e-02 3.454376e-17 -9.956561e-01
    outer loop
      vertex   -3.147513e+00 -3.325000e+00 -3.778275e-02
      vertex   -3.197482e+00 -2.325000e+00 -3.311006e-02
      vertex   -3.147513e+00 -2.325000e+00 -3.778275e-02
    endloop
  endfacet
  facet normal 7.417424e-02 3.459890e-17 -9.972453e-01
    outer loop
      vertex   -3.147513e+00 -3.325000e+00 -3.778275e-02
      vertex   -3.147513e+00 -2.325000e+00 -3.778275e-02
      vertex   -3.097465e+00 -3.325000e+00 -3.406021e-02
    endloop
  endfacet
  facet normal 7.417424e-02 0.000000e+00 -9.972453e-01
    outer loop
      vertex   -3.097465e+00 -3.325000e+00 -3.406021e-02
      vertex   -3.147513e+00 -2.325000e+00 -3.778275e-02
      vertex   -3.097465e+00 -2.325000e+00 -3.406021e-02
    endloop
  endfacet
  facet normal 2.393793e-01 0.000000e+00 -9.709261e-01
    outer loop
      vertex   -3.097465e+00 -3.325000e+00 -3.406021e-02
      vertex   -3.097465e+00 -2.325000e+00 -3.406021e-02
      vertex   -3.048738e+00 -3.325000e+00 -2.204659e-02
    endloop
  endfacet
  facet normal 2.393793e-01 -6.737153e-17 -9.709261e-01
    outer loop
      vertex   -3.048738e+00 -3.325000e+00 -2.204659e-02
      vertex   -3.097465e+00 -2.325000e+00 -3.406021e-02
      vertex   -3.048738e+00 -2.325000e+00 -2.204659e-02
    endloop
  endfacet
  facet normal 3.978852e-01 -6.365986e-17 -9.174352e-01
    outer loop
      vertex   -3.048738e+00 -3.325000e+00 -2.204659e-02
      vertex   -3.048738e+00 -2.325000e+00 -2.204659e-02
      vertex   -3.002695e+00 -3.325000e+00 -2.078119e-03
    endloop
  endfacet
  facet normal 3.978852e-01 -6.365986e-17 -9.174352e-01
    outer loop
      vertex   -3.002695e+00 -3.325000e+00 -2.078119e-03
      vertex   -3.048738e+00 -2.325000e+00 -2.204659e-02
      vertex   -3.002695e+00 -2.325000e+00 -2.078119e-03
    endloop
  endfacet
  facet normal 5.452562e-01 -5.816663e-17 -8.382695e-01
    outer loop
      vertex   -3.002695e+00 -3.325000e+00 -2.078119e-03
      vertex   -3.002695e+00 -2.325000e+00 -2.078119e-03
      vertex   -2.960625e+00 -3.325000e+00 2.528639e-02
    endloop
  endfacet
  facet normal 5.452562e-01 -8.724994e-17 -8.382695e-01
    outer loop
      vertex   -2.960625e+00 -3.325000e+00 2.528639e-02
      vertex   -3.002695e+00 -2.325000e+00 -2.078119e-03
      vertex   -2.960625e+00 -2.325000e+00 2.528639e-02
    endloop
  endfacet
  facet normal 6.773679e-01 -7.656838e-17 -7.356444e-01
    outer loop
      vertex   -2.960625e+00 -3.325000e+00 2.528639e-02
      vertex   -2.960625e+00 -2.325000e+00 2.528639e-02
      vertex   -2.923705e+00 -3.325000e+00 5.928113e-02
    endloop
  endfacet
  facet normal -6.912215e-01 3.542966e-16 -7.226430e-01
    outer loop
      vertex   -3.369437e+00 -3.325000e+00 6.351553e-02
      vertex   -3.333170e+00 -3.325000e+00 2.882553e-02
      vertex   -3.333170e+00 -4.325000e+00 2.882553e-02
    endloop
  endfacet
  facet normal -5.610833e-01 3.066084e-16 -8.277594e-01
    outer loop
      vertex   -3.333170e+00 -4.325000e+00 2.882553e-02
      vertex   -3.333170e+00 -3.325000e+00 2.882553e-02
      vertex   -3.291627e+00 -4.325000e+00 6.667150e-04
    endloop
  endfacet
  facet normal -5.610833e-01 3.024484e-17 -8.277594e-01
    outer loop
      vertex   -3.333170e+00 -4.325000e+00 2.882553e-02
      vertex   -3.291627e+00 -4.325000e+00 6.667150e-04
      vertex   -3.291627e+00 -5.325000e+00 6.667150e-04
    endloop
  endfacet
  facet normal -4.152429e-01 3.156193e-17 -9.097106e-01
    outer loop
      vertex   -3.291627e+00 -5.325000e+00 6.667150e-04
      vertex   -3.291627e+00 -4.325000e+00 6.667150e-04
      vertex   -3.245972e+00 -5.325000e+00 -2.017288e-02
    endloop
  endfacet
  facet normal -4.152429e-01 6.265002e-17 -9.097106e-01
    outer loop
      vertex   -3.291627e+00 -5.325000e+00 6.667150e-04
      vertex   -3.245972e+00 -5.325000e+00 -2.017288e-02
      vertex   -3.245972e+00 -6.325000e+00 -2.017288e-02
    endloop
  endfacet
  facet normal -2.577818e-01 6.704381e-17 -9.662031e-01
    outer loop
      vertex   -3.245972e+00 -6.325000e+00 -2.017288e-02
      vertex   -3.245972e+00 -5.325000e+00 -2.017288e-02
      vertex   -3.197482e+00 -6.325000e+00 -3.311006e-02
    endloop
  endfacet
  facet normal -2.577818e-01 3.456553e-17 -9.662031e-01
    outer loop
      vertex   -3.245972e+00 -6.325000e+00 -2.017288e-02
      vertex   -3.197482e+00 -6.325000e+00 -3.311006e-02
      vertex   -3.197482e+00 -7.325000e+00 -3.311006e-02
    endloop
  endfacet
  facet normal -9.310662e-02 3.454376e-17 -9.956561e-01
    outer loop
      vertex   -3.197482e+00 -7.325000e+00 -3.311006e-02
      vertex   -3.197482e+00 -6.325000e+00 -3.311006e-02
      vertex   -3.147513e+00 -7.325000e+00 -3.778275e-02
    endloop
  endfacet
  facet normal -5.610833e-01 3.353270e-16 -8.277594e-01
    outer loop
      vertex   -3.291627e+00 -4.325000e+00 6.667150e-04
      vertex   -3.333170e+00 -3.325000e+00 2.882553e-02
      vertex   -3.291627e+00 -3.325000e+00 6.667150e-04
    endloop
  endfacet
  facet normal -4.152429e-01 2.790907e-16 -9.097106e-01
    outer loop
      vertex   -3.291627e+00 -4.325000e+00 6.667150e-04
      vertex   -3.291627e+00 -3.325000e+00 6.667150e-04
      vertex   -3.245972e+00 -4.325000e+00 -2.017288e-02
    endloop
  endfacet
  facet normal -4.152429e-01 6.312385e-17 -9.097106e-01
    outer loop
      vertex   -3.245972e+00 -4.325000e+00 -2.017288e-02
      vertex   -3.291627e+00 -3.325000e+00 6.667150e-04
      vertex   -3.245972e+00 -3.325000e+00 -2.017288e-02
    endloop
  endfacet
  facet normal -2.577818e-01 6.704381e-17 -9.662031e-01
    outer loop
      vertex   -3.245972e+00 -4.325000e+00 -2.017288e-02
      vertex   -3.245972e+00 -3.325000e+00 -2.017288e-02
      vertex   -3.197482e+00 -4.325000e+00 -3.311006e-02
    endloop
  endfacet
  facet normal -2.577818e-01 6.704381e-17 -9.662031e-01
    outer loop
      vertex   -3.197482e+00 -4.325000e+00 -3.311006e-02
      vertex   -3.245972e+00 -3.325000e+00 -2.017288e-02
      vertex   -3.197482e+00 -3.325000e+00 -3.311006e-02
    endloop
  endfacet
  facet normal -9.310662e-02 6.908752e-17 -9.956561e-01
    outer loop
      vertex   -3.197482e+00 -4.325000e+00 -3.311006e-02
      vertex   -3.197482e+00 -3.325000e+00 -3.311006e-02
      vertex   -3.147513e+00 -4.325000e+00 -3.778275e-02
    endloop
  endfacet
  facet normal -9.310662e-02 -3.454376e-17 -9.956561e-01
    outer loop
      vertex   -3.147513e+00 -4.325000e+00 -3.778275e-02
      vertex   -3.197482e+00 -3.325000e+00 -3.311006e-02
      vertex   -3.147513e+00 -3.325000e+00 -3.778275e-02
    endloop
  endfacet
  facet normal 7.417424e-02 -3.459890e-17 -9.972453e-01
    outer loop
      vertex   -3.147513e+00 -4.325000e+00 -3.778275e-02
      vertex   -3.147513e+00 -3.325000e+00 -3.778275e-02
      vertex   -3.097465e+00 -4.325000e+00 -3.406021e-02
    endloop
  endfacet
  facet normal 7.417424e-02 -3.459890e-17 -9.972453e-01
    outer loop
      vertex   -3.097465e+00 -4.325000e+00 -3.406021e-02
      vertex   -3.147513e+00 -3.325000e+00 -3.778275e-02
      vertex   -3.097465e+00 -3.325000e+00 -3.406021e-02
    endloop
  endfacet
  facet normal 2.393793e-01 -3.368577e-17 -9.709261e-01
    outer loop
      vertex   -3.097465e+00 -4.325000e+00 -3.406021e-02
      vertex   -3.097465e+00 -3.325000e+00 -3.406021e-02
      vertex   -3.048738e+00 -4.325000e+00 -2.204659e-02
    endloop
  endfacet
  facet normal 2.393793e-01 -3.368577e-17 -9.709261e-01
    outer loop
      vertex   -3.048738e+00 -4.325000e+00 -2.204659e-02
      vertex   -3.097465e+00 -3.325000e+00 -3.406021e-02
      vertex   -3.048738e+00 -3.325000e+00 -2.204659e-02
    endloop
  endfacet
  facet normal 3.978852e-01 -3.182993e-17 -9.174352e-01
    outer loop
      vertex   -3.048738e+00 -4.325000e+00 -2.204659e-02
      vertex   -3.048738e+00 -3.325000e+00 -2.204659e-02
      vertex   -3.002695e+00 -4.325000e+00 -2.078119e-03
    endloop
  endfacet
  facet normal 3.978852e-01 -2.403564e-16 -9.174352e-01
    outer loop
      vertex   -3.002695e+00 -4.325000e+00 -2.078119e-03
      vertex   -3.048738e+00 -3.325000e+00 -2.204659e-02
      vertex   -3.002695e+00 -3.325000e+00 -2.078119e-03
    endloop
  endfacet
  facet normal 5.452562e-01 -3.003090e-16 -8.382695e-01
    outer loop
      vertex   -3.002695e+00 -4.325000e+00 -2.078119e-03
      vertex   -3.002695e+00 -3.325000e+00 -2.078119e-03
      vertex   -2.960625e+00 -4.325000e+00 2.528639e-02
    endloop
  endfacet
  facet normal 5.452562e-01 -5.715347e-16 -8.382695e-01
    outer loop
      vertex   -2.960625e+00 -4.325000e+00 2.528639e-02
      vertex   -3.002695e+00 -3.325000e+00 -2.078119e-03
      vertex   -2.960625e+00 -3.325000e+00 2.528639e-02
    endloop
  endfacet
  facet normal 6.773679e-01 -6.781919e-16 -7.356444e-01
    outer loop
      vertex   -2.960625e+00 -4.325000e+00 2.528639e-02
      vertex   -2.960625e+00 -3.325000e+00 2.528639e-02
      vertex   -2.923705e+00 -4.325000e+00 5.928113e-02
    endloop
  endfacet
  facet normal 6.773679e-01 -3.518574e-16 -7.356444e-01
    outer loop
      vertex   -2.923705e+00 -4.325000e+00 5.928113e-02
      vertex   -2.960625e+00 -3.325000e+00 2.528639e-02
      vertex   -2.923705e+00 -3.325000e+00 5.928113e-02
    endloop
  endfacet
  facet normal 7.905232e-01 -3.935588e-16 -6.124321e-01
    outer loop
      vertex   -2.923705e+00 -4.325000e+00 5.928113e-02
      vertex   -2.923705e+00 -3.325000e+00 5.928113e-02
      vertex   -2.892970e+00 -4.325000e+00 9.895474e-02
    endloop
  endfacet
  facet normal -4.152429e-01 6.481036e-17 -9.097106e-01
    outer loop
      vertex   -3.291627e+00 -4.325000e+00 6.667150e-04
      vertex   -3.245972e+00 -4.325000e+00 -2.017288e-02
      vertex   -3.245972e+00 -5.325000e+00 -2.017288e-02
    endloop
  endfacet
  facet normal -2.577818e-01 6.704381e-17 -9.662031e-01
    outer loop
      vertex   -3.245972e+00 -5.325000e+00 -2.017288e-02
      vertex   -3.245972e+00 -4.325000e+00 -2.017288e-02
      vertex   -3.197482e+00 -5.325000e+00 -3.311006e-02
    endloop
  endfacet
  facet normal -2.577818e-01 3.240518e-17 -9.662031e-01
    outer loop
      vertex   -3.245972e+00 -5.325000e+00 -2.017288e-02
      vertex   -3.197482e+00 -5.325000e+00 -3.311006e-02
      vertex   -3.197482e+00 -6.325000e+00 -3.311006e-02
    endloop
  endfacet
  facet normal -9.310662e-02 3.454376e-17 -9.956561e-01
    outer loop
      vertex   -3.197482e+00 -6.325000e+00 -3.311006e-02
      vertex   -3.197482e+00 -5.325000e+00 -3.311006e-02
      vertex   -3.147513e+00 -6.325000e+00 -3.778275e-02
    endloop
  endfacet
  facet normal -9.310662e-02 0.000000e+00 -9.956561e-01
    outer loop
      vertex   -3.197482e+00 -6.325000e+00 -3.311006e-02
      vertex   -3.147513e+00 -6.325000e+00 -3.778275e-02
      vertex   -3.147513e+00 -7.325000e+00 -3.778275e-02
    endloop
  endfacet
  facet normal 7.417424e-02 0.000000e+00 -9.972453e-01
    outer loop
      vertex   -3.147513e+00 -7.325000e+00 -3.778275e-02
      vertex   -3.147513e+00 -6.325000e+00 -3.778275e-02
      vertex   -3.097465e+00 -7.325000e+00 -3.406021e-02
    endloop
  endfacet
  facet normal -2.577818e-01 -3.352191e-17 -9.662031e-01
    outer loop
      vertex   -3.197482e+00 -5.325000e+00 -3.311006e-02
      vertex   -3.245972e+00 -4.325000e+00 -2.017288e-02
      vertex   -3.197482e+00 -4.325000e+00 -3.311006e-02
    endloop
  endfacet
  facet normal -9.310662e-02 -3.454376e-17 -9.956561e-01
    outer loop
      vertex   -3.197482e+00 -5.325000e+00 -3.311006e-02
      vertex   -3.197482e+00 -4.325000e+00 -3.311006e-02
      vertex   -3.147513e+00 -5.325000e+00 -3.778275e-02
    endloop
  endfacet
  facet normal -9.310662e-02 0.000000e+00 -9.956561e-01
    outer loop
      vertex   -3.147513e+00 -5.325000e+00 -3.778275e-02
      vertex   -3.197482e+00 -4.325000e+00 -3.311006e-02
      vertex   -3.147513e+00 -4.325000e+00 -3.778275e-02
    endloop
  endfacet
  facet normal 7.417424e-02 0.000000e+00 -9.972453e-01
    outer loop
      vertex   -3.147513e+00 -5.325000e+00 -3.778275e-02
      vertex   -3.147513e+00 -4.325000e+00 -3.778275e-02
      vertex   -3.097465e+00 -5.325000e+00 -3.406021e-02
    endloop
  endfacet
  facet normal 7.417424e-02 0.000000e+00 -9.972453e-01
    outer loop
      vertex   -3.097465e+00 -5.325000e+00 -3.406021e-02
      vertex   -3.147513e+00 -4.325000e+00 -3.778275e-02
      vertex   -3.097465e+00 -4.325000e+00 -3.406021e-02
    endloop
  endfacet
  facet normal 2.393793e-01 0.000000e+00 -9.709261e-01
    outer loop
      vertex   -3.097465e+00 -5.325000e+00 -3.406021e-02
      vertex   -3.097465e+00 -4.325000e+00 -3.406021e-02
      vertex   -3.048738e+00 -5.325000e+00 -2.204659e-02
    endloop
  endfacet
  facet normal 2.393793e-01 -1.010573e-16 -9.709261e-01
    outer loop
      vertex   -3.048738e+00 -5.325000e+00 -2.204659e-02
      vertex   -3.097465e+00 -4.325000e+00 -3.406021e-02
      vertex   -3.048738e+00 -4.325000e+00 -2.204659e-02
    endloop
  endfacet
  facet normal 3.978852e-01 -9.548978e-17 -9.174352e-01
    outer loop
      vertex   -3.048738e+00 -5.325000e+00 -2.204659e-02
      vertex   -3.048738e+00 -4.325000e+00 -2.204659e-02
      vertex   -3.002695e+00 -5.325000e+00 -2.078119e-03
    endloop
  endfacet
  facet normal 3.978852e-01 -6.365986e-17 -9.174352e-01
    outer loop
      vertex   -3.002695e+00 -5.325000e+00 -2.078119e-03
      vertex   -3.048738e+00 -4.325000e+00 -2.204659e-02
      vertex   -3.002695e+00 -4.325000e+00 -2.078119e-03
    endloop
  endfacet
  facet normal 5.452562e-01 -5.816663e-17 -8.382695e-01
    outer loop
      vertex   -3.002695e+00 -5.325000e+00 -2.078119e-03
      vertex   -3.002695e+00 -4.325000e+00 -2.078119e-03
      vertex   -2.960625e+00 -5.325000e+00 2.528639e-02
    endloop
  endfacet
  facet normal 5.452562e-01 -8.724994e-17 -8.382695e-01
    outer loop
      vertex   -2.960625e+00 -5.325000e+00 2.528639e-02
      vertex   -3.002695e+00 -4.325000e+00 -2.078119e-03
      vertex   -2.960625e+00 -4.325000e+00 2.528639e-02
    endloop
  endfacet
  facet normal 6.773679e-01 -7.656838e-17 -7.356444e-01
    outer loop
      vertex   -2.960625e+00 -5.325000e+00 2.528639e-02
      vertex   -2.960625e+00 -4.325000e+00 2.528639e-02
      vertex   -2.923705e+00 -5.325000e+00 5.928113e-02
    endloop
  endfacet
  facet normal 6.773679e-01 -5.104559e-17 -7.356444e-01
    outer loop
      vertex   -2.923705e+00 -5.325000e+00 5.928113e-02
      vertex   -2.960625e+00 -4.325000e+00 2.528639e-02
      vertex   -2.923705e+00 -4.325000e+00 5.928113e-02
    endloop
  endfacet
  facet normal 7.905232e-01 -4.249601e-17 -6.124321e-01
    outer loop
      vertex   -2.923705e+00 -5.325000e+00 5.928113e-02
      vertex   -2.923705e+00 -4.325000e+00 5.928113e-02
      vertex   -2.892970e+00 -5.325000e+00 9.895474e-02
    endloop
  endfacet
  facet normal 7.905232e-01 -6.799362e-17 -6.124321e-01
    outer loop
      vertex   -2.892970e+00 -5.325000e+00 9.895474e-02
      vertex   -2.923705e+00 -4.325000e+00 5.928113e-02
      vertex   -2.892970e+00 -4.325000e+00 9.895474e-02
    endloop
  endfacet
  facet normal 8.815554e-01 -5.241147e-17 -4.720806e-01
    outer loop
      vertex   -2.892970e+00 -5.325000e+00 9.895474e-02
      vertex   -2.892970e+00 -4.325000e+00 9.895474e-02
      vertex   -2.869278e+00 -5.325000e+00 1.431969e-01
    endloop
  endfacet
  facet normal -9.310662e-02 3.456553e-17 -9.956561e-01
    outer loop
      vertex   -3.197482e+00 -5.325000e+00 -3.311006e-02
      vertex   -3.147513e+00 -5.325000e+00 -3.778275e-02
      vertex   -3.147513e+00 -6.325000e+00 -3.778275e-02
    endloop
  endfacet
  facet normal 7.417424e-02 3.459890e-17 -9.972453e-01
    outer loop
      vertex   -3.147513e+00 -6.325000e+00 -3.778275e-02
      vertex   -3.147513e+00 -5.325000e+00 -3.778275e-02
      vertex   -3.097465e+00 -6.325000e+00 -3.406021e-02
    endloop
  endfacet
  facet normal 7.417424e-02 0.000000e+00 -9.972453e-01
    outer loop
      vertex   -3.147513e+00 -6.325000e+00 -3.778275e-02
      vertex   -3.097465e+00 -6.325000e+00 -3.406021e-02
      vertex   -3.097465e+00 -7.325000e+00 -3.406021e-02
    endloop
  endfacet
  facet normal 2.393793e-01 0.000000e+00 -9.709261e-01
    outer loop
      vertex   -3.097465e+00 -7.325000e+00 -3.406021e-02
      vertex   -3.097465e+00 -6.325000e+00 -3.406021e-02
      vertex   -3.048738e+00 -7.325000e+00 -2.204659e-02
    endloop
  endfacet
  facet normal 7.417424e-02 -6.919779e-17 -9.972453e-01
    outer loop
      vertex   -3.097465e+00 -6.325000e+00 -3.406021e-02
      vertex   -3.147513e+00 -5.325000e+00 -3.778275e-02
      vertex   -3.097465e+00 -5.325000e+00 -3.406021e-02
    endloop
  endfacet
  facet normal 2.393793e-01 -6.737153e-17 -9.709261e-01
    outer loop
      vertex   -3.097465e+00 -6.325000e+00 -3.406021e-02
      vertex   -3.097465e+00 -5.325000e+00 -3.406021e-02
      vertex   -3.048738e+00 -6.325000e+00 -2.204659e-02
    endloop
  endfacet
  facet normal 2.393793e-01 -3.368577e-17 -9.709261e-01
    outer loop
      vertex   -3.048738e+00 -6.325000e+00 -2.204659e-02
      vertex   -3.097465e+00 -5.325000e+00 -3.406021e-02
      vertex   -3.048738e+00 -5.325000e+00 -2.204659e-02
    endloop
  endfacet
  facet normal 3.978852e-01 -3.182993e-17 -9.174352e-01
    outer loop
      vertex   -3.048738e+00 -6.325000e+00 -2.204659e-02
      vertex   -3.048738e+00 -5.325000e+00 -2.204659e-02
      vertex   -3.002695e+00 -6.325000e+00 -2.078119e-03
    endloop
  endfacet
  facet normal 3.978852e-01 1.130367e-16 -9.174352e-01
    outer loop
      vertex   -3.002695e+00 -6.325000e+00 -2.078119e-03
      vertex   -3.048738e+00 -5.325000e+00 -2.204659e-02
      vertex   -3.002695e+00 -5.325000e+00 -2.078119e-03
    endloop
  endfacet
  facet normal 5.452562e-01 1.839758e-16 -8.382695e-01
    outer loop
      vertex   -3.002695e+00 -6.325000e+00 -2.078119e-03
      vertex   -3.002695e+00 -5.325000e+00 -2.078119e-03
      vertex   -2.960625e+00 -6.325000e+00 2.528639e-02
    endloop
  endfacet
  facet normal 5.452562e-01 -8.724994e-17 -8.382695e-01
    outer loop
      vertex   -2.960625e+00 -6.325000e+00 2.528639e-02
      vertex   -3.002695e+00 -5.325000e+00 -2.078119e-03
      vertex   -2.960625e+00 -5.325000e+00 2.528639e-02
    endloop
  endfacet
  facet normal 6.773679e-01 -7.656838e-17 -7.356444e-01
    outer loop
      vertex   -2.960625e+00 -6.325000e+00 2.528639e-02
      vertex   -2.960625e+00 -5.325000e+00 2.528639e-02
      vertex   -2.923705e+00 -6.325000e+00 5.928113e-02
    endloop
  endfacet
  facet normal 6.773679e-01 2.497662e-16 -7.356444e-01
    outer loop
      vertex   -2.923705e+00 -6.325000e+00 5.928113e-02
      vertex   -2.960625e+00 -5.325000e+00 2.528639e-02
      vertex   -2.923705e+00 -5.325000e+00 5.928113e-02
    endloop
  endfacet
  facet normal 7.905232e-01 3.085668e-16 -6.124321e-01
    outer loop
      vertex   -2.923705e+00 -6.325000e+00 5.928113e-02
      vertex   -2.923705e+00 -5.325000e+00 5.928113e-02
      vertex   -2.892970e+00 -6.325000e+00 9.895474e-02
    endloop
  endfacet
  facet normal 7.905232e-01 -5.949442e-17 -6.124321e-01
    outer loop
      vertex   -2.892970e+00 -6.325000e+00 9.895474e-02
      vertex   -2.923705e+00 -5.325000e+00 5.928113e-02
      vertex   -2.892970e+00 -5.325000e+00 9.895474e-02
    endloop
  endfacet
  facet normal 8.815554e-01 -4.586004e-17 -4.720806e-01
    outer loop
      vertex   -2.892970e+00 -6.325000e+00 9.895474e-02
      vertex   -2.892970e+00 -5.325000e+00 9.895474e-02
      vertex   -2.869278e+00 -6.325000e+00 1.431969e-01
    endloop
  endfacet
  facet normal 8.815554e-01 -5.241147e-17 -4.720806e-01
    outer loop
      vertex   -2.869278e+00 -6.325000e+00 1.431969e-01
      vertex   -2.892970e+00 -5.325000e+00 9.895474e-02
      vertex   -2.869278e+00 -5.325000e+00 1.431969e-01
    endloop
  endfacet
  facet normal 9.479169e-01 -3.536257e-17 -3.185177e-01
    outer loop
      vertex   -2.869278e+00 -6.325000e+00 1.431969e-01
      vertex   -2.869278e+00 -5.325000e+00 1.431969e-01
      vertex   -2.853292e+00 -6.325000e+00 1.907696e-01
    endloop
  endfacet
  facet normal 3.978852e-01 -3.024484e-17 -9.174352e-01
    outer loop
      vertex   -3.002695e+00 -7.325000e+00 -2.078119e-03
      vertex   -3.048738e+00 -7.325000e+00 -2.204659e-02
      vertex   -3.048738e+00 -6.325000e+00 -2.204659e-02
    endloop
  endfacet
  facet normal 2.393793e-01 -3.368577e-17 -9.709261e-01
    outer loop
      vertex   -3.048738e+00 -6.325000e+00 -2.204659e-02
      vertex   -3.048738e+00 -7.325000e+00 -2.204659e-02
      vertex   -3.097465e+00 -6.325000e+00 -3.406021e-02
    endloop
  endfacet
  facet normal 3.978852e-01 -2.721863e-16 -9.174352e-01
    outer loop
      vertex   -3.002695e+00 -7.325000e+00 -2.078119e-03
      vertex   -3.048738e+00 -6.325000e+00 -2.204659e-02
      vertex   -3.002695e+00 -6.325000e+00 -2.078119e-03
    endloop
  endfacet
  facet normal 5.452562e-01 -3.283725e-16 -8.382695e-01
    outer loop
      vertex   -2.960625e+00 -7.325000e+00 2.528639e-02
      vertex   -3.002695e+00 -7.325000e+00 -2.078119e-03
      vertex   -3.002695e+00 -6.325000e+00 -2.078119e-03
    endloop
  endfacet
  facet normal 5.452562e-01 -5.816663e-17 -8.382695e-01
    outer loop
      vertex   -2.960625e+00 -7.325000e+00 2.528639e-02
      vertex   -3.002695e+00 -6.325000e+00 -2.078119e-03
      vertex   -2.960625e+00 -6.325000e+00 2.528639e-02
    endloop
  endfacet
  facet normal 6.773679e-01 -5.184829e-17 -7.356444e-01
    outer loop
      vertex   -2.923705e+00 -7.325000e+00 5.928113e-02
      vertex   -2.960625e+00 -7.325000e+00 2.528639e-02
      vertex   -2.960625e+00 -6.325000e+00 2.528639e-02
    endloop
  endfacet
  facet normal 6.773679e-01 -3.773802e-16 -7.356444e-01
    outer loop
      vertex   -2.923705e+00 -7.325000e+00 5.928113e-02
      vertex   -2.960625e+00 -6.325000e+00 2.528639e-02
      vertex   -2.923705e+00 -6.325000e+00 5.928113e-02
    endloop
  endfacet
  facet normal 7.905232e-01 -4.147863e-16 -6.124321e-01
    outer loop
      vertex   -2.892970e+00 -7.325000e+00 9.895474e-02
      vertex   -2.923705e+00 -7.325000e+00 5.928113e-02
      vertex   -2.923705e+00 -6.325000e+00 5.928113e-02
    endloop
  endfacet
  facet normal 7.905232e-01 -7.446217e-16 -6.124321e-01
    outer loop
      vertex   -2.892970e+00 -7.325000e+00 9.895474e-02
      vertex   -2.923705e+00 -6.325000e+00 5.928113e-02
      vertex   -2.892970e+00 -6.325000e+00 9.895474e-02
    endloop
  endfacet
  facet normal 8.815554e-01 -8.122899e-16 -4.720806e-01
    outer loop
      vertex   -2.869278e+00 -7.325000e+00 1.431969e-01
      vertex   -2.892970e+00 -7.325000e+00 9.895474e-02
      vertex   -2.892970e+00 -6.325000e+00 9.895474e-02
    endloop
  endfacet
  facet normal 8.815554e-01 -4.045921e-16 -4.720806e-01
    outer loop
      vertex   -2.869278e+00 -7.325000e+00 1.431969e-01
      vertex   -2.892970e+00 -6.325000e+00 9.895474e-02
      vertex   -2.869278e+00 -6.325000e+00 1.431969e-01
    endloop
  endfacet
  facet normal 9.479169e-01 -4.299087e-16 -3.185177e-01
    outer loop
      vertex   -2.853292e+00 -7.325000e+00 1.907696e-01
      vertex   -2.869278e+00 -7.325000e+00 1.431969e-01
      vertex   -2.869278e+00 -6.325000e+00 1.431969e-01
    endloop
  endfacet
  facet normal 9.479169e-01 -4.209597e-16 -3.185177e-01
    outer loop
      vertex   -2.853292e+00 -7.325000e+00 1.907696e-01
      vertex   -2.869278e+00 -6.325000e+00 1.431969e-01
      vertex   -2.853292e+00 -6.325000e+00 1.907696e-01
    endloop
  endfacet
  facet normal 3.238186e-02 -1.365528e-03 9.994746e-01
    outer loop
      vertex   -2.044260e-01 -3.250000e-01 -2.791962e+00
      vertex   -1.388287e-01 -1.325000e+00 -2.795454e+00
      vertex   -2.111952e-02 -3.250000e-01 -2.797901e+00
    endloop
  endfacet
  facet normal 9.534551e-03 1.324983e-03 9.999537e-01
    outer loop
      vertex   -2.111952e-02 -3.250000e-01 -2.797901e+00
      vertex   -1.388287e-01 -1.325000e+00 -2.795454e+00
      vertex   4.261613e-02 -1.325000e+00 -2.797184e+00
    endloop
  endfacet
  facet normal -3.238186e-02 -1.346930e-03 9.994747e-01
    outer loop
      vertex   -2.111952e-02 -3.250000e-01 -2.797901e+00
      vertex   4.261613e-02 -1.325000e+00 -2.797184e+00
      vertex   1.621870e-01 -3.250000e-01 -2.791962e+00
    endloop
  endfacet
  facet normal -5.452450e-02 1.305713e-03 9.985116e-01
    outer loop
      vertex   1.621870e-01 -3.250000e-01 -2.791962e+00
      vertex   4.261613e-02 -1.325000e+00 -2.797184e+00
      vertex   2.237993e-01 -1.325000e+00 -2.787290e+00
    endloop
  endfacet
  facet normal -9.700977e-02 -1.326989e-03 9.952825e-01
    outer loop
      vertex   1.621870e-01 -3.250000e-01 -2.791962e+00
      vertex   2.237993e-01 -1.325000e+00 -2.787290e+00
      vertex   3.447246e-01 -3.250000e-01 -2.774170e+00
    endloop
  endfacet
  facet normal -1.183597e-01 1.285100e-03 9.929700e-01
    outer loop
      vertex   3.447246e-01 -3.250000e-01 -2.774170e+00
      vertex   2.237993e-01 -1.325000e+00 -2.787290e+00
      vertex   4.039769e-01 -1.325000e+00 -2.765813e+00
    endloop
  endfacet
  facet normal -1.612308e-01 -1.305704e-03 9.869159e-01
    outer loop
      vertex   3.447246e-01 -3.250000e-01 -2.774170e+00
      vertex   4.039769e-01 -1.325000e+00 -2.765813e+00
      vertex   5.257278e-01 -3.250000e-01 -2.744600e+00
    endloop
  endfacet
  facet normal -1.817090e-01 1.263143e-03 9.833515e-01
    outer loop
      vertex   5.257278e-01 -3.250000e-01 -2.744600e+00
      vertex   4.039769e-01 -1.325000e+00 -2.765813e+00
      vertex   5.824093e-01 -1.325000e+00 -2.732842e+00
    endloop
  endfacet
  facet normal -2.247755e-01 -1.283075e-03 9.744097e-01
    outer loop
      vertex   5.257278e-01 -3.250000e-01 -2.744600e+00
      vertex   5.824093e-01 -1.325000e+00 -2.732842e+00
      vertex   7.044373e-01 -3.250000e-01 -2.703376e+00
    endloop
  endfacet
  facet normal -2.443122e-01 1.239843e-03 9.696958e-01
    outer loop
      vertex   7.044373e-01 -3.250000e-01 -2.703376e+00
      vertex   5.824093e-01 -1.325000e+00 -2.732842e+00
      vertex   7.583637e-01 -1.325000e+00 -2.688510e+00
    endloop
  endfacet
  facet normal -2.873775e-01 -1.259103e-03 9.578166e-01
    outer loop
      vertex   7.044373e-01 -3.250000e-01 -2.703376e+00
      vertex   7.583637e-01 -1.325000e+00 -2.688510e+00
      vertex   8.801036e-01 -3.250000e-01 -2.650670e+00
    endloop
  endfacet
  facet normal -3.059124e-01 1.215200e-03 9.520589e-01
    outer loop
      vertex   8.801036e-01 -3.250000e-01 -2.650670e+00
      vertex   7.583637e-01 -1.325000e+00 -2.688510e+00
      vertex   9.311179e-01 -1.325000e+00 -2.633002e+00
    endloop
  endfacet
  facet normal -3.487741e-01 -1.233788e-03 9.372060e-01
    outer loop
      vertex   8.801036e-01 -3.250000e-01 -2.650670e+00
      vertex   9.311179e-01 -1.325000e+00 -2.633002e+00
      vertex   1.051990e+00 -3.250000e-01 -2.586704e+00
    endloop
  endfacet
  facet normal -3.662566e-01 1.189212e-03 9.305131e-01
    outer loop
      vertex   1.051990e+00 -3.250000e-01 -2.586704e+00
      vertex   9.311179e-01 -1.325000e+00 -2.633002e+00
      vertex   1.099963e+00 -1.325000e+00 -2.566543e+00
    endloop
  endfacet
  facet normal -4.087079e-01 -1.207129e-03 9.126645e-01
    outer loop
      vertex   1.051990e+00 -3.250000e-01 -2.586704e+00
      vertex   1.099963e+00 -1.325000e+00 -2.566543e+00
      vertex   1.219375e+00 -3.250000e-01 -2.511745e+00
    endloop
  endfacet
  facet normal -4.250971e-01 1.161882e-03 9.051470e-01
    outer loop
      vertex   1.219375e+00 -3.250000e-01 -2.511745e+00
      vertex   1.099963e+00 -1.325000e+00 -2.566543e+00
      vertex   1.264204e+00 -1.325000e+00 -2.489408e+00
    endloop
  endfacet
  facet normal -4.669274e-01 -1.179127e-03 8.842949e-01
    outer loop
      vertex   1.219375e+00 -3.250000e-01 -2.511745e+00
      vertex   1.264204e+00 -1.325000e+00 -2.489408e+00
      vertex   1.381557e+00 -3.250000e-01 -2.426110e+00
    endloop
  endfacet
  facet normal -4.821923e-01 1.133208e-03 8.760647e-01
    outer loop
      vertex   1.381557e+00 -3.250000e-01 -2.426110e+00
      vertex   1.264204e+00 -1.325000e+00 -2.489408e+00
      vertex   1.423169e+00 -1.325000e+00 -2.401913e+00
    endloop
  endfacet
  facet normal -5.231884e-01 -1.149781e-03 8.522163e-01
    outer loop
      vertex   1.381557e+00 -3.250000e-01 -2.426110e+00
      vertex   1.423169e+00 -1.325000e+00 -2.401913e+00
      vertex   1.537856e+00 -3.250000e-01 -2.330155e+00
    endloop
  endfacet
  facet normal -5.373078e-01 1.103190e-03 8.433855e-01
    outer loop
      vertex   1.537856e+00 -3.250000e-01 -2.330155e+00
      vertex   1.423169e+00 -1.325000e+00 -2.401913e+00
      vertex   1.576204e+00 -1.325000e+00 -2.304416e+00
    endloop
  endfacet
  facet normal -5.772550e-01 -1.119092e-03 8.165632e-01
    outer loop
      vertex   1.537856e+00 -3.250000e-01 -2.330155e+00
      vertex   1.576204e+00 -1.325000e+00 -2.304416e+00
      vertex   1.687616e+00 -3.250000e-01 -2.224285e+00
    endloop
  endfacet
  facet normal -5.902172e-01 1.071830e-03 8.072437e-01
    outer loop
      vertex   1.687616e+00 -3.250000e-01 -2.224285e+00
      vertex   1.576204e+00 -1.325000e+00 -2.304416e+00
      vertex   1.722681e+00 -1.325000e+00 -2.197320e+00
    endloop
  endfacet
  facet normal -6.289004e-01 -1.087059e-03 7.774851e-01
    outer loop
      vertex   1.687616e+00 -3.250000e-01 -2.224285e+00
      vertex   1.722681e+00 -1.325000e+00 -2.197320e+00
      vertex   1.830209e+00 -3.250000e-01 -2.108943e+00
    endloop
  endfacet
  facet normal -6.407035e-01 1.039125e-03 7.677877e-01
    outer loop
      vertex   1.830209e+00 -3.250000e-01 -2.108943e+00
      vertex   1.722681e+00 -1.325000e+00 -2.197320e+00
      vertex   1.861999e+00 -1.325000e+00 -2.081062e+00
    endloop
  endfacet
  facet normal -6.779080e-01 -1.053684e-03 7.351460e-01
    outer loop
      vertex   1.830209e+00 -3.250000e-01 -2.108943e+00
      vertex   1.861999e+00 -1.325000e+00 -2.081062e+00
      vertex   1.965037e+00 -3.250000e-01 -1.984613e+00
    endloop
  endfacet
  facet normal -6.885593e-01 1.005078e-03 7.251793e-01
    outer loop
      vertex   1.965037e+00 -3.250000e-01 -1.984613e+00
      vertex   1.861999e+00 -1.325000e+00 -2.081062e+00
      vertex   1.993585e+00 -1.325000e+00 -1.956121e+00
    endloop
  endfacet
  facet normal -7.240722e-01 -1.018964e-03 6.897234e-01
    outer loop
      vertex   1.965037e+00 -3.250000e-01 -1.984613e+00
      vertex   1.993585e+00 -1.325000e+00 -1.956121e+00
      vertex   2.091534e+00 -3.250000e-01 -1.851816e+00
    endloop
  endfacet
  facet normal -7.335881e-01 9.696868e-04 6.795937e-01
    outer loop
      vertex   2.091534e+00 -3.250000e-01 -1.851816e+00
      vertex   1.993585e+00 -1.325000e+00 -1.956121e+00
      vertex   2.116899e+00 -1.325000e+00 -1.823009e+00
    endloop
  endfacet
  facet normal -7.671994e-01 -9.829017e-04 6.414079e-01
    outer loop
      vertex   2.091534e+00 -3.250000e-01 -1.851816e+00
      vertex   2.116899e+00 -1.325000e+00 -1.823009e+00
      vertex   2.209170e+00 -3.250000e-01 -1.711110e+00
    endloop
  endfacet
  facet normal -7.756050e-01 9.329526e-04 6.312178e-01
    outer loop
      vertex   2.209170e+00 -3.250000e-01 -1.711110e+00
      vertex   2.116899e+00 -1.325000e+00 -1.823009e+00
      vertex   2.231436e+00 -1.325000e+00 -1.682273e+00
    endloop
  endfacet
  facet normal -8.071087e-01 -9.454957e-04 5.904021e-01
    outer loop
      vertex   2.209170e+00 -3.250000e-01 -1.711110e+00
      vertex   2.231436e+00 -1.325000e+00 -1.682273e+00
      vertex   2.317451e+00 -3.250000e-01 -1.563084e+00
    endloop
  endfacet
  facet normal -8.144376e-01 8.948750e-04 5.802504e-01
    outer loop
      vertex   2.317451e+00 -3.250000e-01 -1.563084e+00
      vertex   2.231436e+00 -1.325000e+00 -1.682273e+00
      vertex   2.336724e+00 -1.325000e+00 -1.534490e+00
    endloop
  endfacet
  facet normal -8.436327e-01 -9.067465e-04 5.369200e-01
    outer loop
      vertex   2.317451e+00 -3.250000e-01 -1.563084e+00
      vertex   2.336724e+00 -1.325000e+00 -1.534490e+00
      vertex   2.415924e+00 -3.250000e-01 -1.408359e+00
    endloop
  endfacet
  facet normal -8.499264e-01 8.554540e-04 5.269007e-01
    outer loop
      vertex   2.415924e+00 -3.250000e-01 -1.408359e+00
      vertex   2.336724e+00 -1.325000e+00 -1.534490e+00
      vertex   2.432332e+00 -1.325000e+00 -1.380269e+00
    endloop
  endfacet
  facet normal -8.766182e-01 -8.666539e-04 4.811858e-01
    outer loop
      vertex   2.415924e+00 -3.250000e-01 -1.408359e+00
      vertex   2.432332e+00 -1.325000e+00 -1.380269e+00
      vertex   2.504175e+00 -3.250000e-01 -1.247585e+00
    endloop
  endfacet
  facet normal -8.793679e-01 1.065049e-16 4.761429e-01
    outer loop
      vertex   2.504175e+00 -3.250000e-01 -1.247585e+00
      vertex   2.432332e+00 -1.325000e+00 -1.380269e+00
      vertex   2.504175e+00 -3.991667e+00 -1.247585e+00
    endloop
  endfacet
  facet normal -9.059272e-01 1.097216e-16 4.234335e-01
    outer loop
      vertex   2.504175e+00 -3.250000e-01 -1.247585e+00
      vertex   2.504175e+00 -3.991667e+00 -1.247585e+00
      vertex   2.581834e+00 -3.250000e-01 -1.081435e+00
    endloop
  endfacet
  facet normal -9.059272e-01 8.407947e-17 4.234335e-01
    outer loop
      vertex   2.581834e+00 -3.250000e-01 -1.081435e+00
      vertex   2.504175e+00 -3.991667e+00 -1.247585e+00
      vertex   2.581834e+00 -3.991667e+00 -1.081435e+00
    endloop
  endfacet
  facet normal -9.314361e-01 9.077389e-17 3.639049e-01
    outer loop
      vertex   2.581834e+00 -3.250000e-01 -1.081435e+00
      vertex   2.581834e+00 -3.991667e+00 -1.081435e+00
      vertex   2.648575e+00 -3.250000e-01 -9.106075e-01
    endloop
  endfacet
  facet normal -9.314361e-01 6.873667e-17 3.639049e-01
    outer loop
      vertex   2.648575e+00 -3.250000e-01 -9.106075e-01
      vertex   2.581834e+00 -3.991667e+00 -1.081435e+00
      vertex   2.648575e+00 -3.991667e+00 -9.106075e-01
    endloop
  endfacet
  facet normal -9.530382e-01 7.874769e-17 3.028501e-01
    outer loop
      vertex   2.648575e+00 -3.250000e-01 -9.106075e-01
      vertex   2.648575e+00 -3.991667e+00 -9.106075e-01
      vertex   2.704118e+00 -3.250000e-01 -7.358177e-01
    endloop
  endfacet
  facet normal -9.530382e-01 -1.833988e-17 3.028501e-01
    outer loop
      vertex   2.704118e+00 -3.250000e-01 -7.358177e-01
      vertex   2.648575e+00 -3.991667e+00 -9.106075e-01
      vertex   2.704118e+00 -3.991667e+00 -7.358177e-01
    endloop
  endfacet
  facet normal -9.706430e-01 -1.456562e-17 2.405250e-01
    outer loop
      vertex   2.704118e+00 -3.250000e-01 -7.358177e-01
      vertex   2.704118e+00 -3.991667e+00 -7.358177e-01
      vertex   2.748231e+00 -3.250000e-01 -5.577992e-01
    endloop
  endfacet
  facet normal -9.706430e-01 2.132709e-16 2.405250e-01
    outer loop
      vertex   2.748231e+00 -3.250000e-01 -5.577992e-01
      vertex   2.704118e+00 -3.991667e+00 -7.358177e-01
      vertex   2.748231e+00 -3.991667e+00 -5.577992e-01
    endloop
  endfacet
  facet normal -9.841765e-01 2.223021e-16 1.771910e-01
    outer loop
      vertex   2.748231e+00 -3.250000e-01 -5.577992e-01
      vertex   2.748231e+00 -3.991667e+00 -5.577992e-01
      vertex   2.780729e+00 -3.250000e-01 -3.772985e-01
    endloop
  endfacet
  facet normal -9.841765e-01 2.169370e-16 1.771910e-01
    outer loop
      vertex   2.780729e+00 -3.250000e-01 -3.772985e-01
      vertex   2.748231e+00 -3.991667e+00 -5.577992e-01
      vertex   2.780729e+00 -3.991667e+00 -3.772985e-01
    endloop
  endfacet
  facet normal -9.935820e-01 2.269760e-16 1.131138e-01
    outer loop
      vertex   2.780729e+00 -3.250000e-01 -3.772985e-01
      vertex   2.780729e+00 -3.991667e+00 -3.772985e-01
      vertex   2.801474e+00 -3.250000e-01 -1.950729e-01
    endloop
  endfacet
  facet normal -9.935820e-01 2.295448e-16 1.131138e-01
    outer loop
      vertex   2.801474e+00 -3.250000e-01 -1.950729e-01
      vertex   2.780729e+00 -3.991667e+00 -3.772985e-01
      vertex   2.801474e+00 -3.991667e+00 -1.950729e-01
    endloop
  endfacet
  facet normal -9.988202e-01 2.371659e-16 4.856222e-02
    outer loop
      vertex   2.801474e+00 -3.250000e-01 -1.950729e-01
      vertex   2.801474e+00 -3.991667e+00 -1.950729e-01
      vertex   2.810380e+00 -3.250000e-01 -1.188661e-02
    endloop
  endfacet
  facet normal -9.988202e-01 1.161016e-16 4.856222e-02
    outer loop
      vertex   2.810380e+00 -3.250000e-01 -1.188661e-02
      vertex   2.801474e+00 -3.991667e+00 -1.950729e-01
      vertex   2.810380e+00 -3.991667e+00 -1.188661e-02
    endloop
  endfacet
  facet normal -9.998689e-01 1.227235e-16 -1.619307e-02
    outer loop
      vertex   2.810380e+00 -3.250000e-01 -1.188661e-02
      vertex   2.810380e+00 -3.991667e+00 -1.188661e-02
      vertex   2.807411e+00 -3.250000e-01 1.714920e-01
    endloop
  endfacet
  facet normal -9.998689e-01 3.647690e-16 -1.619307e-02
    outer loop
      vertex   2.807411e+00 -3.250000e-01 1.714920e-01
      vertex   2.810380e+00 -3.991667e+00 -1.188661e-02
      vertex   2.807411e+00 -3.991667e+00 1.714920e-01
    endloop
  endfacet
  facet normal -9.967238e-01 3.695022e-16 -8.088044e-02
    outer loop
      vertex   2.807411e+00 -3.250000e-01 1.714920e-01
      vertex   2.807411e+00 -3.991667e+00 1.714920e-01
      vertex   2.792577e+00 -3.250000e-01 3.542939e-01
    endloop
  endfacet
  facet normal -9.967238e-01 1.280653e-16 -8.088044e-02
    outer loop
      vertex   2.792577e+00 -3.250000e-01 3.542939e-01
      vertex   2.807411e+00 -3.991667e+00 1.714920e-01
      vertex   2.792577e+00 -3.991667e+00 3.542939e-01
    endloop
  endfacet
  facet normal -9.893981e-01 1.330232e-16 -1.452286e-01
    outer loop
      vertex   2.792577e+00 -3.250000e-01 3.542939e-01
      vertex   2.792577e+00 -3.991667e+00 3.542939e-01
      vertex   2.765942e+00 -3.250000e-01 5.357521e-01
    endloop
  endfacet
  facet normal -9.893981e-01 4.925168e-16 -1.452286e-01
    outer loop
      vertex   2.765942e+00 -3.250000e-01 5.357521e-01
      vertex   2.792577e+00 -3.991667e+00 3.542939e-01
      vertex   2.765942e+00 -3.991667e+00 5.357521e-01
    endloop
  endfacet
  facet normal -9.779226e-01 4.927472e-16 -2.089676e-01
    outer loop
      vertex   2.765942e+00 -3.250000e-01 5.357521e-01
      vertex   2.765942e+00 -3.991667e+00 5.357521e-01
      vertex   2.727616e+00 -3.250000e-01 7.151058e-01
    endloop
  endfacet
  facet normal -9.779226e-01 1.437505e-16 -2.089676e-01
    outer loop
      vertex   2.727616e+00 -3.250000e-01 7.151058e-01
      vertex   2.765942e+00 -3.991667e+00 5.357521e-01
      vertex   2.727616e+00 -3.991667e+00 7.151058e-01
    endloop
  endfacet
  facet normal -9.623453e-01 1.494774e-16 -2.718301e-01
    outer loop
      vertex   2.727616e+00 -3.250000e-01 7.151058e-01
      vertex   2.727616e+00 -3.991667e+00 7.151058e-01
      vertex   2.677762e+00 -3.250000e-01 8.916025e-01
    endloop
  endfacet
  facet normal -9.623453e-01 3.825868e-16 -2.718301e-01
    outer loop
      vertex   2.677762e+00 -3.250000e-01 8.916025e-01
      vertex   2.727616e+00 -3.991667e+00 7.151058e-01
      vertex   2.677762e+00 -3.991667e+00 8.916025e-01
    endloop
  endfacet
  facet normal -9.427315e-01 3.829358e-16 -3.335524e-01
    outer loop
      vertex   2.677762e+00 -3.250000e-01 8.916025e-01
      vertex   2.677762e+00 -3.991667e+00 8.916025e-01
      vertex   2.616588e+00 -3.250000e-01 1.064502e+00
    endloop
  endfacet
  facet normal -9.427315e-01 3.829358e-16 -3.335524e-01
    outer loop
      vertex   2.616588e+00 -3.250000e-01 1.064502e+00
      vertex   2.677762e+00 -3.991667e+00 8.916025e-01
      vertex   2.616588e+00 -3.991667e+00 1.064502e+00
    endloop
  endfacet
  facet normal -9.191637e-01 3.816785e-16 -3.938758e-01
    outer loop
      vertex   2.616588e+00 -3.250000e-01 1.064502e+00
      vertex   2.616588e+00 -3.991667e+00 1.064502e+00
      vertex   2.544350e+00 -3.250000e-01 1.233079e+00
    endloop
  endfacet
  facet normal -9.191637e-01 3.816785e-16 -3.938758e-01
    outer loop
      vertex   2.544350e+00 -3.250000e-01 1.233079e+00
      vertex   2.616588e+00 -3.991667e+00 1.064502e+00
      vertex   2.544350e+00 -3.991667e+00 1.233079e+00
    endloop
  endfacet
  facet normal -8.917405e-01 3.788204e-16 -4.525470e-01
    outer loop
      vertex   2.544350e+00 -3.250000e-01 1.233079e+00
      vertex   2.544350e+00 -3.991667e+00 1.233079e+00
      vertex   2.461351e+00 -3.250000e-01 1.396627e+00
    endloop
  endfacet
  facet normal -8.917405e-01 1.902189e-16 -4.525470e-01
    outer loop
      vertex   2.461351e+00 -3.250000e-01 1.396627e+00
      vertex   2.544350e+00 -3.991667e+00 1.233079e+00
      vertex   2.461351e+00 -3.991667e+00 1.396627e+00
    endloop
  endfacet
  facet normal -8.605771e-01 1.967587e-16 -5.093202e-01
    outer loop
      vertex   2.461351e+00 -3.250000e-01 1.396627e+00
      vertex   2.461351e+00 -3.991667e+00 1.396627e+00
      vertex   2.367941e+00 -3.250000e-01 1.554459e+00
    endloop
  endfacet
  facet normal -8.605771e-01 2.701444e-16 -5.093202e-01
    outer loop
      vertex   2.367941e+00 -3.250000e-01 1.554459e+00
      vertex   2.461351e+00 -3.991667e+00 1.396627e+00
      vertex   2.367941e+00 -3.991667e+00 1.554459e+00
    endloop
  endfacet
  facet normal -8.258041e-01 2.683387e-16 -5.639570e-01
    outer loop
      vertex   2.367941e+00 -3.250000e-01 1.554459e+00
      vertex   2.367941e+00 -3.991667e+00 1.554459e+00
      vertex   2.264509e+00 -3.250000e-01 1.705914e+00
    endloop
  endfacet
  facet normal -8.258041e-01 1.683213e-16 -5.639570e-01
    outer loop
      vertex   2.264509e+00 -3.250000e-01 1.705914e+00
      vertex   2.367941e+00 -3.991667e+00 1.554459e+00
      vertex   2.264509e+00 -3.991667e+00 1.705914e+00
    endloop
  endfacet
  facet normal -7.875674e-01 1.700211e-16 -6.162285e-01
    outer loop
      vertex   2.264509e+00 -3.250000e-01 1.705914e+00
      vertex   2.264509e+00 -3.991667e+00 1.705914e+00
      vertex   2.151491e+00 -3.250000e-01 1.850356e+00
    endloop
  endfacet
  facet normal -7.875674e-01 1.700211e-16 -6.162285e-01
    outer loop
      vertex   2.151491e+00 -3.250000e-01 1.850356e+00
      vertex   2.264509e+00 -3.991667e+00 1.705914e+00
      vertex   2.151491e+00 -3.991667e+00 1.850356e+00
    endloop
  endfacet
  facet normal -7.460274e-01 1.710078e-16 -6.659152e-01
    outer loop
      vertex   2.151491e+00 -3.250000e-01 1.850356e+00
      vertex   2.151491e+00 -3.991667e+00 1.850356e+00
      vertex   2.029361e+00 -3.250000e-01 1.987179e+00
    endloop
  endfacet
  facet normal -7.460274e-01 1.710078e-16 -6.659152e-01
    outer loop
      vertex   2.029361e+00 -3.250000e-01 1.987179e+00
      vertex   2.151491e+00 -3.991667e+00 1.850356e+00
      vertex   2.029361e+00 -3.991667e+00 1.987179e+00
    endloop
  endfacet
  facet normal -7.013583e-01 1.712772e-16 -7.128089e-01
    outer loop
      vertex   2.029361e+00 -3.250000e-01 1.987179e+00
      vertex   2.029361e+00 -3.991667e+00 1.987179e+00
      vertex   1.898630e+00 -3.250000e-01 2.115810e+00
    endloop
  endfacet
  facet normal -7.013583e-01 2.137498e-16 -7.128089e-01
    outer loop
      vertex   1.898630e+00 -3.250000e-01 2.115810e+00
      vertex   2.029361e+00 -3.991667e+00 1.987179e+00
      vertex   1.898630e+00 -3.991667e+00 2.115810e+00
    endloop
  endfacet
  facet normal -6.537474e-01 2.104176e-16 -7.567128e-01
    outer loop
      vertex   1.898630e+00 -3.250000e-01 2.115810e+00
      vertex   1.898630e+00 -3.991667e+00 2.115810e+00
      vertex   1.759847e+00 -3.250000e-01 2.235709e+00
    endloop
  endfacet
  facet normal -6.537474e-01 2.624777e-16 -7.567128e-01
    outer loop
      vertex   1.759847e+00 -3.250000e-01 2.235709e+00
      vertex   1.898630e+00 -3.991667e+00 2.115810e+00
      vertex   1.759847e+00 -3.991667e+00 2.235709e+00
    endloop
  endfacet
  facet normal -6.033945e-01 2.662452e-16 -7.974428e-01
    outer loop
      vertex   1.759847e+00 -3.250000e-01 2.235709e+00
      vertex   1.759847e+00 -3.991667e+00 2.235709e+00
      vertex   1.613593e+00 -3.250000e-01 2.346373e+00
    endloop
  endfacet
  facet normal -6.033945e-01 3.393255e-16 -7.974428e-01
    outer loop
      vertex   1.613593e+00 -3.250000e-01 2.346373e+00
      vertex   1.759847e+00 -3.991667e+00 2.235709e+00
      vertex   1.613593e+00 -3.991667e+00 2.346373e+00
    endloop
  endfacet
  facet normal -5.505108e-01 3.355713e-16 -8.348281e-01
    outer loop
      vertex   1.613593e+00 -3.250000e-01 2.346373e+00
      vertex   1.613593e+00 -3.991667e+00 2.346373e+00
      vertex   1.460484e+00 -3.250000e-01 2.447338e+00
    endloop
  endfacet
  facet normal -5.505108e-01 2.011233e-16 -8.348281e-01
    outer loop
      vertex   1.460484e+00 -3.250000e-01 2.447338e+00
      vertex   1.613593e+00 -3.991667e+00 2.346373e+00
      vertex   1.460484e+00 -3.991667e+00 2.447338e+00
    endloop
  endfacet
  facet normal -4.953180e-01 1.952001e-16 -8.687117e-01
    outer loop
      vertex   1.460484e+00 -3.250000e-01 2.447338e+00
      vertex   1.460484e+00 -3.991667e+00 2.447338e+00
      vertex   1.301160e+00 -3.250000e-01 2.538181e+00
    endloop
  endfacet
  facet normal -4.953180e-01 8.998584e-17 -8.687117e-01
    outer loop
      vertex   1.301160e+00 -3.250000e-01 2.538181e+00
      vertex   1.460484e+00 -3.991667e+00 2.447338e+00
      vertex   1.301160e+00 -3.991667e+00 2.538181e+00
    endloop
  endfacet
  facet normal -4.380477e-01 7.958137e-17 -8.989517e-01
    outer loop
      vertex   1.301160e+00 -3.250000e-01 2.538181e+00
      vertex   1.301160e+00 -3.991667e+00 2.538181e+00
      vertex   1.136289e+00 -3.250000e-01 2.618520e+00
    endloop
  endfacet
  facet normal -4.380477e-01 2.149853e-16 -8.989517e-01
    outer loop
      vertex   1.136289e+00 -3.250000e-01 2.618520e+00
      vertex   1.301160e+00 -3.991667e+00 2.538181e+00
      vertex   1.136289e+00 -3.991667e+00 2.618520e+00
    endloop
  endfacet
  facet normal -3.789400e-01 2.038734e-16 -9.254212e-01
    outer loop
      vertex   1.136289e+00 -3.250000e-01 2.618520e+00
      vertex   1.136289e+00 -3.991667e+00 2.618520e+00
      vertex   9.665647e-01 -3.250000e-01 2.688019e+00
    endloop
  endfacet
  facet normal -3.789400e-01 2.930083e-16 -9.254212e-01
    outer loop
      vertex   9.665647e-01 -3.250000e-01 2.688019e+00
      vertex   1.136289e+00 -3.991667e+00 2.618520e+00
      vertex   9.665647e-01 -3.991667e+00 2.688019e+00
    endloop
  endfacet
  facet normal -3.182430e-01 2.874528e-16 -9.480092e-01
    outer loop
      vertex   9.665647e-01 -3.250000e-01 2.688019e+00
      vertex   9.665647e-01 -3.991667e+00 2.688019e+00
      vertex   7.926973e-01 -3.250000e-01 2.746385e+00
    endloop
  endfacet
  facet normal -3.182430e-01 1.629985e-16 -9.480092e-01
    outer loop
      vertex   7.926973e-01 -3.250000e-01 2.746385e+00
      vertex   9.665647e-01 -3.991667e+00 2.688019e+00
      vertex   7.926973e-01 -3.991667e+00 2.746385e+00
    endloop
  endfacet
  facet normal -2.562111e-01 1.558614e-16 -9.666209e-01
    outer loop
      vertex   7.926973e-01 -3.250000e-01 2.746385e+00
      vertex   7.926973e-01 -3.991667e+00 2.746385e+00
      vertex   6.154164e-01 -3.250000e-01 2.793375e+00
    endloop
  endfacet
  facet normal -2.562111e-01 1.481036e-16 -9.666209e-01
    outer loop
      vertex   6.154164e-01 -3.250000e-01 2.793375e+00
      vertex   7.926973e-01 -3.991667e+00 2.746385e+00
      vertex   6.154164e-01 -3.991667e+00 2.793375e+00
    endloop
  endfacet
  facet normal -1.931046e-01 1.422235e-16 -9.811782e-01
    outer loop
      vertex   6.154164e-01 -3.250000e-01 2.793375e+00
      vertex   6.154164e-01 -3.991667e+00 2.793375e+00
      vertex   4.354657e-01 -3.250000e-01 2.828791e+00
    endloop
  endfacet
  facet normal -1.931046e-01 1.480705e-16 -9.811782e-01
    outer loop
      vertex   4.354657e-01 -3.250000e-01 2.828791e+00
      vertex   6.154164e-01 -3.991667e+00 2.793375e+00
      vertex   4.354657e-01 -3.991667e+00 2.828791e+00
    endloop
  endfacet
  facet normal -1.291881e-01 1.396586e-16 -9.916201e-01
    outer loop
      vertex   4.354657e-01 -3.250000e-01 2.828791e+00
      vertex   4.354657e-01 -3.991667e+00 2.828791e+00
      vertex   2.535999e-01 -3.250000e-01 2.852485e+00
    endloop
  endfacet
  facet normal -1.291881e-01 1.416145e-16 -9.916201e-01
    outer loop
      vertex   2.535999e-01 -3.250000e-01 2.852485e+00
      vertex   4.354657e-01 -3.991667e+00 2.828791e+00
      vertex   2.535999e-01 -3.991667e+00 2.852485e+00
    endloop
  endfacet
  facet normal -6.472982e-02 1.316409e-16 -9.979028e-01
    outer loop
      vertex   2.535999e-01 -3.250000e-01 2.852485e+00
      vertex   2.535999e-01 -3.991667e+00 2.852485e+00
      vertex   7.058182e-02 -3.250000e-01 2.864356e+00
    endloop
  endfacet
  facet normal -6.472982e-02 1.304160e-16 -9.979028e-01
    outer loop
      vertex   7.058182e-02 -3.250000e-01 2.864356e+00
      vertex   2.535999e-01 -3.991667e+00 2.852485e+00
      vertex   7.058182e-02 -3.991667e+00 2.864356e+00
    endloop
  endfacet
  facet normal 2.421389e-15 1.211152e-16 -1.000000e+00
    outer loop
      vertex   7.058182e-02 -3.250000e-01 2.864356e+00
      vertex   7.058182e-02 -3.991667e+00 2.864356e+00
      vertex   -1.128209e-01 -3.250000e-01 2.864356e+00
    endloop
  endfacet
  facet normal 4.842777e-15 2.422305e-16 -1.000000e+00
    outer loop
      vertex   -1.128209e-01 -3.250000e-01 2.864356e+00
      vertex   7.058182e-02 -3.991667e+00 2.864356e+00
      vertex   -1.128209e-01 -3.991667e+00 2.864356e+00
    endloop
  endfacet
  facet normal 6.472982e-02 2.326577e-16 -9.979028e-01
    outer loop
      vertex   -1.128209e-01 -3.250000e-01 2.864356e+00
      vertex   -1.128209e-01 -3.991667e+00 2.864356e+00
      vertex   -2.958389e-01 -3.250000e-01 2.852485e+00
    endloop
  endfacet
  facet normal 6.472982e-02 1.120415e-16 -9.979028e-01
    outer loop
      vertex   -2.958389e-01 -3.250000e-01 2.852485e+00
      vertex   -1.128209e-01 -3.991667e+00 2.864356e+00
      vertex   -2.958389e-01 -3.991667e+00 2.852485e+00
    endloop
  endfacet
  facet normal 1.291881e-01 1.024978e-16 -9.916201e-01
    outer loop
      vertex   -2.958389e-01 -3.250000e-01 2.852485e+00
      vertex   -2.958389e-01 -3.991667e+00 2.852485e+00
      vertex   -4.777047e-01 -3.250000e-01 2.828791e+00
    endloop
  endfacet
  facet normal 1.291881e-01 1.064095e-16 -9.916201e-01
    outer loop
      vertex   -4.777047e-01 -3.250000e-01 2.828791e+00
      vertex   -2.958389e-01 -3.991667e+00 2.852485e+00
      vertex   -4.777047e-01 -3.991667e+00 2.828791e+00
    endloop
  endfacet
  facet normal 1.931046e-01 9.837121e-17 -9.811782e-01
    outer loop
      vertex   -4.777047e-01 -3.250000e-01 2.828791e+00
      vertex   -4.777047e-01 -3.991667e+00 2.828791e+00
      vertex   -6.576554e-01 -3.250000e-01 2.793375e+00
    endloop
  endfacet
  facet normal 1.931046e-01 1.071417e-16 -9.811782e-01
    outer loop
      vertex   -6.576554e-01 -3.250000e-01 2.793375e+00
      vertex   -4.777047e-01 -3.991667e+00 2.828791e+00
      vertex   -6.576554e-01 -3.991667e+00 2.793375e+00
    endloop
  endfacet
  facet normal 2.562111e-01 1.015570e-16 -9.666209e-01
    outer loop
      vertex   -6.576554e-01 -3.250000e-01 2.793375e+00
      vertex   -6.576554e-01 -3.991667e+00 2.793375e+00
      vertex   -8.349363e-01 -3.250000e-01 2.746385e+00
    endloop
  endfacet
  facet normal 2.562111e-01 2.031140e-16 -9.666209e-01
    outer loop
      vertex   -8.349363e-01 -3.250000e-01 2.746385e+00
      vertex   -6.576554e-01 -3.991667e+00 2.793375e+00
      vertex   -8.349363e-01 -3.991667e+00 2.746385e+00
    endloop
  endfacet
  facet normal 3.182430e-01 1.910926e-16 -9.480092e-01
    outer loop
      vertex   -8.349363e-01 -3.250000e-01 2.746385e+00
      vertex   -8.349363e-01 -3.991667e+00 2.746385e+00
      vertex   -1.008804e+00 -3.250000e-01 2.688019e+00
    endloop
  endfacet
  facet normal 3.182430e-01 9.554632e-17 -9.480092e-01
    outer loop
      vertex   -1.008804e+00 -3.250000e-01 2.688019e+00
      vertex   -8.349363e-01 -3.991667e+00 2.746385e+00
      vertex   -1.008804e+00 -3.991667e+00 2.688019e+00
    endloop
  endfacet
  facet normal 3.789400e-01 8.913491e-17 -9.254212e-01
    outer loop
      vertex   -1.008804e+00 -3.250000e-01 2.688019e+00
      vertex   -1.008804e+00 -3.991667e+00 2.688019e+00
      vertex   -1.178528e+00 -3.250000e-01 2.618520e+00
    endloop
  endfacet
  facet normal 3.789400e-01 6.618720e-17 -9.254212e-01
    outer loop
      vertex   -1.178528e+00 -3.250000e-01 2.618520e+00
      vertex   -1.008804e+00 -3.991667e+00 2.688019e+00
      vertex   -1.178528e+00 -3.991667e+00 2.618520e+00
    endloop
  endfacet
  facet normal 4.380477e-01 5.582251e-17 -8.989517e-01
    outer loop
      vertex   -1.178528e+00 -3.250000e-01 2.618520e+00
      vertex   -1.178528e+00 -3.991667e+00 2.618520e+00
      vertex   -1.343399e+00 -3.250000e-01 2.538181e+00
    endloop
  endfacet
  facet normal 4.380477e-01 8.234963e-17 -8.989517e-01
    outer loop
      vertex   -1.343399e+00 -3.250000e-01 2.538181e+00
      vertex   -1.178528e+00 -3.991667e+00 2.618520e+00
      vertex   -1.343399e+00 -3.991667e+00 2.538181e+00
    endloop
  endfacet
  facet normal 4.953180e-01 7.521895e-17 -8.687117e-01
    outer loop
      vertex   -1.343399e+00 -3.250000e-01 2.538181e+00
      vertex   -1.343399e+00 -3.991667e+00 2.538181e+00
      vertex   -1.502723e+00 -3.250000e-01 2.447338e+00
    endloop
  endfacet
  facet normal 4.953180e-01 1.052142e-16 -8.687117e-01
    outer loop
      vertex   -1.502723e+00 -3.250000e-01 2.447338e+00
      vertex   -1.343399e+00 -3.991667e+00 2.538181e+00
      vertex   -1.502723e+00 -3.991667e+00 2.447338e+00
    endloop
  endfacet
  facet normal 5.505108e-01 1.011104e-16 -8.348281e-01
    outer loop
      vertex   -1.502723e+00 -3.250000e-01 2.447338e+00
      vertex   -1.502723e+00 -3.991667e+00 2.447338e+00
      vertex   -1.655832e+00 -3.250000e-01 2.346373e+00
    endloop
  endfacet
  facet normal 5.505108e-01 2.355584e-16 -8.348281e-01
    outer loop
      vertex   -1.655832e+00 -3.250000e-01 2.346373e+00
      vertex   -1.502723e+00 -3.991667e+00 2.447338e+00
      vertex   -1.655832e+00 -3.991667e+00 2.346373e+00
    endloop
  endfacet
  facet normal 6.033945e-01 2.297051e-16 -7.974428e-01
    outer loop
      vertex   -1.655832e+00 -3.250000e-01 2.346373e+00
      vertex   -1.655832e+00 -3.991667e+00 2.346373e+00
      vertex   -1.802086e+00 -3.250000e-01 2.235709e+00
    endloop
  endfacet
  facet normal 6.033945e-01 1.931650e-16 -7.974428e-01
    outer loop
      vertex   -1.802086e+00 -3.250000e-01 2.235709e+00
      vertex   -1.655832e+00 -3.991667e+00 2.346373e+00
      vertex   -1.802086e+00 -3.991667e+00 2.235709e+00
    endloop
  endfacet
  facet normal 6.537474e-01 1.832989e-16 -7.567128e-01
    outer loop
      vertex   -1.802086e+00 -3.250000e-01 2.235709e+00
      vertex   -1.802086e+00 -3.991667e+00 2.235709e+00
      vertex   -1.940869e+00 -3.250000e-01 2.115810e+00
    endloop
  endfacet
  facet normal 6.537474e-01 2.228883e-16 -7.567128e-01
    outer loop
      vertex   -1.940869e+00 -3.250000e-01 2.115810e+00
      vertex   -1.802086e+00 -3.991667e+00 2.235709e+00
      vertex   -1.940869e+00 -3.991667e+00 2.115810e+00
    endloop
  endfacet
  facet normal 7.013583e-01 2.151366e-16 -7.128089e-01
    outer loop
      vertex   -1.940869e+00 -3.250000e-01 2.115810e+00
      vertex   -1.940869e+00 -3.991667e+00 2.115810e+00
      vertex   -2.071600e+00 -3.250000e-01 1.987179e+00
    endloop
  endfacet
  facet normal 7.013583e-01 1.726640e-16 -7.128089e-01
    outer loop
      vertex   -2.071600e+00 -3.250000e-01 1.987179e+00
      vertex   -1.940869e+00 -3.991667e+00 2.115810e+00
      vertex   -2.071600e+00 -3.991667e+00 1.987179e+00
    endloop
  endfacet
  facet normal 7.460274e-01 1.613050e-16 -6.659152e-01
    outer loop
      vertex   -2.071600e+00 -3.250000e-01 1.987179e+00
      vertex   -2.071600e+00 -3.991667e+00 1.987179e+00
      vertex   -2.193730e+00 -3.250000e-01 1.850356e+00
    endloop
  endfacet
  facet normal 7.460274e-01 1.613050e-16 -6.659152e-01
    outer loop
      vertex   -2.193730e+00 -3.250000e-01 1.850356e+00
      vertex   -2.071600e+00 -3.991667e+00 1.987179e+00
      vertex   -2.193730e+00 -3.991667e+00 1.850356e+00
    endloop
  endfacet
  facet normal 7.875674e-01 1.492693e-16 -6.162285e-01
    outer loop
      vertex   -2.193730e+00 -3.250000e-01 1.850356e+00
      vertex   -2.193730e+00 -3.991667e+00 1.850356e+00
      vertex   -2.306748e+00 -3.250000e-01 1.705914e+00
    endloop
  endfacet
  facet normal 7.875674e-01 1.492693e-16 -6.162285e-01
    outer loop
      vertex   -2.306748e+00 -3.250000e-01 1.705914e+00
      vertex   -2.193730e+00 -3.991667e+00 1.850356e+00
      vertex   -2.306748e+00 -3.991667e+00 1.705914e+00
    endloop
  endfacet
  facet normal 8.258041e-01 1.366076e-16 -5.639570e-01
    outer loop
      vertex   -2.306748e+00 -3.250000e-01 1.705914e+00
      vertex   -2.306748e+00 -3.991667e+00 1.705914e+00
      vertex   -2.410180e+00 -3.250000e-01 1.554459e+00
    endloop
  endfacet
  facet normal 8.258041e-01 6.830379e-17 -5.639570e-01
    outer loop
      vertex   -2.410180e+00 -3.250000e-01 1.554459e+00
      vertex   -2.306748e+00 -3.991667e+00 1.705914e+00
      vertex   -2.410180e+00 -3.991667e+00 1.554459e+00
    endloop
  endfacet
  facet normal 8.605771e-01 6.168643e-17 -5.093202e-01
    outer loop
      vertex   -2.410180e+00 -3.250000e-01 1.554459e+00
      vertex   -2.410180e+00 -3.991667e+00 1.554459e+00
      vertex   -2.503590e+00 -3.250000e-01 1.396627e+00
    endloop
  endfacet
  facet normal 8.605771e-01 -8.508514e-17 -5.093202e-01
    outer loop
      vertex   -2.503590e+00 -3.250000e-01 1.396627e+00
      vertex   -2.410180e+00 -3.991667e+00 1.554459e+00
      vertex   -2.503590e+00 -3.991667e+00 1.396627e+00
    endloop
  endfacet
  facet normal 8.917405e-01 -1.063861e-16 -4.525470e-01
    outer loop
      vertex   -2.503590e+00 -3.250000e-01 1.396627e+00
      vertex   -2.503590e+00 -3.991667e+00 1.396627e+00
      vertex   -2.586589e+00 -3.250000e-01 1.233079e+00
    endloop
  endfacet
  facet normal 8.917405e-01 8.221551e-17 -4.525470e-01
    outer loop
      vertex   -2.586589e+00 -3.250000e-01 1.233079e+00
      vertex   -2.503590e+00 -3.991667e+00 1.396627e+00
      vertex   -2.586589e+00 -3.991667e+00 1.233079e+00
    endloop
  endfacet
  facet normal 9.191637e-01 7.155653e-17 -3.938758e-01
    outer loop
      vertex   -2.586589e+00 -3.250000e-01 1.233079e+00
      vertex   -2.586589e+00 -3.991667e+00 1.233079e+00
      vertex   -2.658827e+00 -3.250000e-01 1.064502e+00
    endloop
  endfacet
  facet normal 9.191637e-01 -6.362037e-17 -3.938758e-01
    outer loop
      vertex   -2.658827e+00 -3.250000e-01 1.064502e+00
      vertex   -2.586589e+00 -3.991667e+00 1.233079e+00
      vertex   -2.658827e+00 -3.991667e+00 1.064502e+00
    endloop
  endfacet
  facet normal 9.427315e-01 -7.378087e-17 -3.335524e-01
    outer loop
      vertex   -2.658827e+00 -3.250000e-01 1.064502e+00
      vertex   -2.658827e+00 -3.991667e+00 1.064502e+00
      vertex   -2.720001e+00 -3.250000e-01 8.916025e-01
    endloop
  endfacet
  facet normal 9.427315e-01 -1.879600e-16 -3.335524e-01
    outer loop
      vertex   -2.720001e+00 -3.250000e-01 8.916025e-01
      vertex   -2.658827e+00 -3.991667e+00 1.064502e+00
      vertex   -2.720001e+00 -3.991667e+00 8.916025e-01
    endloop
  endfacet
  facet normal 9.623453e-01 -2.001866e-16 -2.718301e-01
    outer loop
      vertex   -2.720001e+00 -3.250000e-01 8.916025e-01
      vertex   -2.720001e+00 -3.991667e+00 8.916025e-01
      vertex   -2.769855e+00 -3.250000e-01 7.151058e-01
    endloop
  endfacet
  facet normal 9.623453e-01 -8.363191e-17 -2.718301e-01
    outer loop
      vertex   -2.769855e+00 -3.250000e-01 7.151058e-01
      vertex   -2.720001e+00 -3.991667e+00 8.916025e-01
      vertex   -2.769855e+00 -3.991667e+00 7.151058e-01
    endloop
  endfacet
  facet normal 9.779226e-01 -9.313217e-17 -2.089676e-01
    outer loop
      vertex   -2.769855e+00 -3.250000e-01 7.151058e-01
      vertex   -2.769855e+00 -3.991667e+00 7.151058e-01
      vertex   -2.808181e+00 -3.250000e-01 5.357521e-01
    endloop
  endfacet
  facet normal 9.779226e-01 -3.300148e-16 -2.089676e-01
    outer loop
      vertex   -2.808181e+00 -3.250000e-01 5.357521e-01
      vertex   -2.769855e+00 -3.991667e+00 7.151058e-01
      vertex   -2.808181e+00 -3.991667e+00 5.357521e-01
    endloop
  endfacet
  facet normal 9.893981e-01 -3.419042e-16 -1.452286e-01
    outer loop
      vertex   -2.808181e+00 -3.250000e-01 5.357521e-01
      vertex   -2.808181e+00 -3.991667e+00 5.357521e-01
      vertex   -2.834816e+00 -3.250000e-01 3.542939e-01
    endloop
  endfacet
  facet normal 9.893981e-01 -1.066391e-16 -1.452286e-01
    outer loop
      vertex   -2.834816e+00 -3.250000e-01 3.542939e-01
      vertex   -2.808181e+00 -3.991667e+00 5.357521e-01
      vertex   -2.834816e+00 -3.991667e+00 3.542939e-01
    endloop
  endfacet
  facet normal 9.956649e-01 -1.121412e-16 -9.301317e-02
    outer loop
      vertex   -2.834816e+00 -3.250000e-01 3.542939e-01
      vertex   -2.834816e+00 -3.991667e+00 3.542939e-01
      vertex   -2.845461e+00 -1.325000e+00 2.403414e-01
    endloop
  endfacet
  facet normal 9.956649e-01 0.000000e+00 -9.301317e-02
    outer loop
      vertex   -2.845461e+00 -1.325000e+00 2.403414e-01
      vertex   -2.834816e+00 -3.991667e+00 3.542939e-01
      vertex   -2.845461e+00 -8.325000e+00 2.403414e-01
    endloop
  endfacet
  facet normal 9.956649e-01 -2.413098e-16 -9.301317e-02
    outer loop
      vertex   -2.845461e+00 -8.325000e+00 2.403414e-01
      vertex   -2.834816e+00 -3.991667e+00 3.542939e-01
      vertex   -2.834816e+00 -7.658333e+00 3.542939e-01
    endloop
  endfacet
  facet normal 9.956649e-01 -1.054116e-16 -9.301317e-02
    outer loop
      vertex   -2.845461e+00 -8.325000e+00 2.403414e-01
      vertex   -2.834816e+00 -7.658333e+00 3.542939e-01
      vertex   -2.834816e+00 -1.132500e+01 3.542939e-01
    endloop
  endfacet
  facet normal 9.893981e-01 -9.564578e-17 -1.452286e-01
    outer loop
      vertex   -2.834816e+00 -1.132500e+01 3.542939e-01
      vertex   -2.834816e+00 -7.658333e+00 3.542939e-01
      vertex   -2.808181e+00 -1.132500e+01 5.357521e-01
    endloop
  endfacet
  facet normal 9.893981e-01 2.198674e-17 -1.452286e-01
    outer loop
      vertex   -2.808181e+00 -1.132500e+01 5.357521e-01
      vertex   -2.834816e+00 -7.658333e+00 3.542939e-01
      vertex   -2.808181e+00 -7.658333e+00 5.357521e-01
    endloop
  endfacet
  facet normal 9.779226e-01 3.163645e-17 -2.089676e-01
    outer loop
      vertex   -2.808181e+00 -1.132500e+01 5.357521e-01
      vertex   -2.808181e+00 -7.658333e+00 5.357521e-01
      vertex   -2.769855e+00 -1.132500e+01 7.151058e-01
    endloop
  endfacet
  facet normal 9.779226e-01 -8.680488e-17 -2.089676e-01
    outer loop
      vertex   -2.769855e+00 -1.132500e+01 7.151058e-01
      vertex   -2.808181e+00 -7.658333e+00 5.357521e-01
      vertex   -2.769855e+00 -7.658333e+00 7.151058e-01
    endloop
  endfacet
  facet normal 9.623453e-01 -7.540122e-17 -2.718301e-01
    outer loop
      vertex   -2.769855e+00 -1.132500e+01 7.151058e-01
      vertex   -2.769855e+00 -7.658333e+00 7.151058e-01
      vertex   -2.720001e+00 -1.132500e+01 8.916025e-01
    endloop
  endfacet
  facet normal 9.623453e-01 -7.540122e-17 -2.718301e-01
    outer loop
      vertex   -2.720001e+00 -1.132500e+01 8.916025e-01
      vertex   -2.769855e+00 -7.658333e+00 7.151058e-01
      vertex   -2.720001e+00 -7.658333e+00 8.916025e-01
    endloop
  endfacet
  facet normal 9.427315e-01 -6.368130e-17 -3.335524e-01
    outer loop
      vertex   -2.720001e+00 -1.132500e+01 8.916025e-01
      vertex   -2.720001e+00 -7.658333e+00 8.916025e-01
      vertex   -2.658827e+00 -1.132500e+01 1.064502e+00
    endloop
  endfacet
  facet normal 9.427315e-01 -5.358173e-17 -3.335524e-01
    outer loop
      vertex   -2.658827e+00 -1.132500e+01 1.064502e+00
      vertex   -2.720001e+00 -7.658333e+00 8.916025e-01
      vertex   -2.658827e+00 -7.658333e+00 1.064502e+00
    endloop
  endfacet
  facet normal 9.191637e-01 -3.976820e-17 -3.938758e-01
    outer loop
      vertex   -2.658827e+00 -1.132500e+01 1.064502e+00
      vertex   -2.658827e+00 -7.658333e+00 1.064502e+00
      vertex   -2.586589e+00 -1.132500e+01 1.233079e+00
    endloop
  endfacet
  facet normal 9.191637e-01 -6.362037e-17 -3.938758e-01
    outer loop
      vertex   -2.586589e+00 -1.132500e+01 1.233079e+00
      vertex   -2.658827e+00 -7.658333e+00 1.064502e+00
      vertex   -2.586589e+00 -7.658333e+00 1.233079e+00
    endloop
  endfacet
  facet normal 8.917405e-01 -5.319303e-17 -4.525470e-01
    outer loop
      vertex   -2.586589e+00 -1.132500e+01 1.233079e+00
      vertex   -2.586589e+00 -7.658333e+00 1.233079e+00
      vertex   -2.503590e+00 -1.132500e+01 1.396627e+00
    endloop
  endfacet
  facet normal 8.917405e-01 -1.080034e-16 -4.525470e-01
    outer loop
      vertex   -2.503590e+00 -1.132500e+01 1.396627e+00
      vertex   -2.586589e+00 -7.658333e+00 1.233079e+00
      vertex   -2.503590e+00 -7.658333e+00 1.396627e+00
    endloop
  endfacet
  facet normal 8.605771e-01 -1.042290e-16 -5.093202e-01
    outer loop
      vertex   -2.503590e+00 -1.132500e+01 1.396627e+00
      vertex   -2.503590e+00 -7.658333e+00 1.396627e+00
      vertex   -2.410180e+00 -1.132500e+01 1.554459e+00
    endloop
  endfacet
  facet normal 8.605771e-01 -1.159284e-16 -5.093202e-01
    outer loop
      vertex   -2.410180e+00 -1.132500e+01 1.554459e+00
      vertex   -2.503590e+00 -7.658333e+00 1.396627e+00
      vertex   -2.410180e+00 -7.658333e+00 1.554459e+00
    endloop
  endfacet
  facet normal 8.258041e-01 -9.757924e-17 -5.639570e-01
    outer loop
      vertex   -2.410180e+00 -1.132500e+01 1.554459e+00
      vertex   -2.410180e+00 -7.658333e+00 1.554459e+00
      vertex   -2.306748e+00 -1.132500e+01 1.705914e+00
    endloop
  endfacet
  facet normal 8.258041e-01 -2.000349e-16 -5.639570e-01
    outer loop
      vertex   -2.306748e+00 -1.132500e+01 1.705914e+00
      vertex   -2.410180e+00 -7.658333e+00 1.554459e+00
      vertex   -2.306748e+00 -7.658333e+00 1.705914e+00
    endloop
  endfacet
  facet normal 7.875674e-01 -1.907728e-16 -6.162285e-01
    outer loop
      vertex   -2.306748e+00 -1.132500e+01 1.705914e+00
      vertex   -2.306748e+00 -7.658333e+00 1.705914e+00
      vertex   -2.193730e+00 -1.132500e+01 1.850356e+00
    endloop
  endfacet
  facet normal 7.875674e-01 -5.806909e-17 -6.162285e-01
    outer loop
      vertex   -2.193730e+00 -1.132500e+01 1.850356e+00
      vertex   -2.306748e+00 -7.658333e+00 1.705914e+00
      vertex   -2.193730e+00 -7.658333e+00 1.850356e+00
    endloop
  endfacet
  facet normal 7.460274e-01 -5.002905e-17 -6.659152e-01
    outer loop
      vertex   -2.193730e+00 -1.132500e+01 1.850356e+00
      vertex   -2.193730e+00 -7.658333e+00 1.850356e+00
      vertex   -2.071600e+00 -1.132500e+01 1.987179e+00
    endloop
  endfacet
  facet normal 7.460274e-01 -1.807106e-16 -6.659152e-01
    outer loop
      vertex   -2.071600e+00 -1.132500e+01 1.987179e+00
      vertex   -2.193730e+00 -7.658333e+00 1.850356e+00
      vertex   -2.071600e+00 -7.658333e+00 1.987179e+00
    endloop
  endfacet
  facet normal 7.013583e-01 -1.698904e-16 -7.128089e-01
    outer loop
      vertex   -2.071600e+00 -1.132500e+01 1.987179e+00
      vertex   -2.071600e+00 -7.658333e+00 1.987179e+00
      vertex   -1.940869e+00 -1.132500e+01 2.115810e+00
    endloop
  endfacet
  facet normal 7.013583e-01 -1.698904e-16 -7.128089e-01
    outer loop
      vertex   -1.940869e+00 -1.132500e+01 2.115810e+00
      vertex   -2.071600e+00 -7.658333e+00 1.987179e+00
      vertex   -1.940869e+00 -7.658333e+00 2.115810e+00
    endloop
  endfacet
  facet normal 6.537474e-01 -1.583576e-16 -7.567128e-01
    outer loop
      vertex   -1.940869e+00 -1.132500e+01 2.115810e+00
      vertex   -1.940869e+00 -7.658333e+00 2.115810e+00
      vertex   -1.802086e+00 -1.132500e+01 2.235709e+00
    endloop
  endfacet
  facet normal 6.537474e-01 -1.583576e-16 -7.567128e-01
    outer loop
      vertex   -1.802086e+00 -1.132500e+01 2.235709e+00
      vertex   -1.940869e+00 -7.658333e+00 2.115810e+00
      vertex   -1.802086e+00 -7.658333e+00 2.235709e+00
    endloop
  endfacet
  facet normal 6.033945e-01 -1.461605e-16 -7.974428e-01
    outer loop
      vertex   -1.802086e+00 -1.132500e+01 2.235709e+00
      vertex   -1.802086e+00 -7.658333e+00 2.235709e+00
      vertex   -1.655832e+00 -1.132500e+01 2.346373e+00
    endloop
  endfacet
  facet normal 6.033945e-01 -1.827007e-16 -7.974428e-01
    outer loop
      vertex   -1.655832e+00 -1.132500e+01 2.346373e+00
      vertex   -1.802086e+00 -7.658333e+00 2.235709e+00
      vertex   -1.655832e+00 -7.658333e+00 2.346373e+00
    endloop
  endfacet
  facet normal 5.505108e-01 -1.666881e-16 -8.348281e-01
    outer loop
      vertex   -1.655832e+00 -1.132500e+01 2.346373e+00
      vertex   -1.655832e+00 -7.658333e+00 2.346373e+00
      vertex   -1.502723e+00 -1.132500e+01 2.447338e+00
    endloop
  endfacet
  facet normal 5.505108e-01 -6.667525e-17 -8.348281e-01
    outer loop
      vertex   -1.502723e+00 -1.132500e+01 2.447338e+00
      vertex   -1.655832e+00 -7.658333e+00 2.346373e+00
      vertex   -1.502723e+00 -7.658333e+00 2.447338e+00
    endloop
  endfacet
  facet normal 4.953180e-01 -5.999056e-17 -8.687117e-01
    outer loop
      vertex   -1.502723e+00 -1.132500e+01 2.447338e+00
      vertex   -1.502723e+00 -7.658333e+00 2.447338e+00
      vertex   -1.343399e+00 -1.132500e+01 2.538181e+00
    endloop
  endfacet
  facet normal 4.953180e-01 -5.999056e-17 -8.687117e-01
    outer loop
      vertex   -1.343399e+00 -1.132500e+01 2.538181e+00
      vertex   -1.502723e+00 -7.658333e+00 2.447338e+00
      vertex   -1.343399e+00 -7.658333e+00 2.538181e+00
    endloop
  endfacet
  facet normal 4.380477e-01 -5.305425e-17 -8.989517e-01
    outer loop
      vertex   -1.343399e+00 -1.132500e+01 2.538181e+00
      vertex   -1.343399e+00 -7.658333e+00 2.538181e+00
      vertex   -1.178528e+00 -1.132500e+01 2.618520e+00
    endloop
  endfacet
  facet normal 4.380477e-01 -5.305425e-17 -8.989517e-01
    outer loop
      vertex   -1.178528e+00 -1.132500e+01 2.618520e+00
      vertex   -1.343399e+00 -7.658333e+00 2.538181e+00
      vertex   -1.178528e+00 -7.658333e+00 2.618520e+00
    endloop
  endfacet
  facet normal 3.789400e-01 -4.589541e-17 -9.254212e-01
    outer loop
      vertex   -1.178528e+00 -1.132500e+01 2.618520e+00
      vertex   -1.178528e+00 -7.658333e+00 2.618520e+00
      vertex   -1.008804e+00 -1.132500e+01 2.688019e+00
    endloop
  endfacet
  facet normal 3.789400e-01 -4.589541e-17 -9.254212e-01
    outer loop
      vertex   -1.008804e+00 -1.132500e+01 2.688019e+00
      vertex   -1.178528e+00 -7.658333e+00 2.618520e+00
      vertex   -1.008804e+00 -7.658333e+00 2.688019e+00
    endloop
  endfacet
  facet normal 3.182430e-01 -3.854407e-17 -9.480092e-01
    outer loop
      vertex   -1.008804e+00 -1.132500e+01 2.688019e+00
      vertex   -1.008804e+00 -7.658333e+00 2.688019e+00
      vertex   -8.349363e-01 -1.132500e+01 2.746385e+00
    endloop
  endfacet
  facet normal 3.182430e-01 -5.781611e-17 -9.480092e-01
    outer loop
      vertex   -8.349363e-01 -1.132500e+01 2.746385e+00
      vertex   -1.008804e+00 -7.658333e+00 2.688019e+00
      vertex   -8.349363e-01 -7.658333e+00 2.746385e+00
    endloop
  endfacet
  facet normal 2.562111e-01 -4.654660e-17 -9.666209e-01
    outer loop
      vertex   -8.349363e-01 -1.132500e+01 2.746385e+00
      vertex   -8.349363e-01 -7.658333e+00 2.746385e+00
      vertex   -6.576554e-01 -1.132500e+01 2.793375e+00
    endloop
  endfacet
  facet normal 2.562111e-01 -4.654660e-17 -9.666209e-01
    outer loop
      vertex   -6.576554e-01 -1.132500e+01 2.793375e+00
      vertex   -8.349363e-01 -7.658333e+00 2.746385e+00
      vertex   -6.576554e-01 -7.658333e+00 2.793375e+00
    endloop
  endfacet
  facet normal 1.931046e-01 -3.508186e-17 -9.811782e-01
    outer loop
      vertex   -6.576554e-01 -1.132500e+01 2.793375e+00
      vertex   -6.576554e-01 -7.658333e+00 2.793375e+00
      vertex   -4.777047e-01 -1.132500e+01 2.828791e+00
    endloop
  endfacet
  facet normal 1.931046e-01 -3.508186e-17 -9.811782e-01
    outer loop
      vertex   -4.777047e-01 -1.132500e+01 2.828791e+00
      vertex   -6.576554e-01 -7.658333e+00 2.793375e+00
      vertex   -4.777047e-01 -7.658333e+00 2.828791e+00
    endloop
  endfacet
  facet normal 1.291881e-01 -2.346998e-17 -9.916201e-01
    outer loop
      vertex   -4.777047e-01 -1.132500e+01 2.828791e+00
      vertex   -4.777047e-01 -7.658333e+00 2.828791e+00
      vertex   -2.958389e-01 -1.132500e+01 2.852485e+00
    endloop
  endfacet
  facet normal 1.291881e-01 -2.151415e-17 -9.916201e-01
    outer loop
      vertex   -2.958389e-01 -1.132500e+01 2.852485e+00
      vertex   -4.777047e-01 -7.658333e+00 2.828791e+00
      vertex   -2.958389e-01 -7.658333e+00 2.852485e+00
    endloop
  endfacet
  facet normal 6.472982e-02 -1.077968e-17 -9.979028e-01
    outer loop
      vertex   -2.958389e-01 -1.132500e+01 2.852485e+00
      vertex   -2.958389e-01 -7.658333e+00 2.852485e+00
      vertex   -1.128209e-01 -1.132500e+01 2.864356e+00
    endloop
  endfacet
  facet normal 6.472982e-02 -9.309724e-18 -9.979028e-01
    outer loop
      vertex   -1.128209e-01 -1.132500e+01 2.864356e+00
      vertex   -2.958389e-01 -7.658333e+00 2.852485e+00
      vertex   -1.128209e-01 -7.658333e+00 2.864356e+00
    endloop
  endfacet
  facet normal 4.842777e-15 -6.965093e-31 -1.000000e+00
    outer loop
      vertex   -1.128209e-01 -1.132500e+01 2.864356e+00
      vertex   -1.128209e-01 -7.658333e+00 2.864356e+00
      vertex   7.058182e-02 -1.132500e+01 2.864356e+00
    endloop
  endfacet
  facet normal 4.842777e-15 -6.781801e-31 -1.000000e+00
    outer loop
      vertex   7.058182e-02 -1.132500e+01 2.864356e+00
      vertex   -1.128209e-01 -7.658333e+00 2.864356e+00
      vertex   7.058182e-02 -7.658333e+00 2.864356e+00
    endloop
  endfacet
  facet normal -6.472982e-02 9.064731e-18 -9.979028e-01
    outer loop
      vertex   7.058182e-02 -1.132500e+01 2.864356e+00
      vertex   7.058182e-02 -7.658333e+00 2.864356e+00
      vertex   2.535999e-01 -1.132500e+01 2.852485e+00
    endloop
  endfacet
  facet normal -6.472982e-02 9.799709e-18 -9.979028e-01
    outer loop
      vertex   2.535999e-01 -1.132500e+01 2.852485e+00
      vertex   7.058182e-02 -7.658333e+00 2.864356e+00
      vertex   2.535999e-01 -7.658333e+00 2.852485e+00
    endloop
  endfacet
  facet normal -1.291881e-01 1.955832e-17 -9.916201e-01
    outer loop
      vertex   2.535999e-01 -1.132500e+01 2.852485e+00
      vertex   2.535999e-01 -7.658333e+00 2.852485e+00
      vertex   4.354657e-01 -1.132500e+01 2.828791e+00
    endloop
  endfacet
  facet normal -1.291881e-01 1.955832e-17 -9.916201e-01
    outer loop
      vertex   4.354657e-01 -1.132500e+01 2.828791e+00
      vertex   2.535999e-01 -7.658333e+00 2.852485e+00
      vertex   4.354657e-01 -7.658333e+00 2.828791e+00
    endloop
  endfacet
  facet normal -1.931046e-01 2.923489e-17 -9.811782e-01
    outer loop
      vertex   4.354657e-01 -1.132500e+01 2.828791e+00
      vertex   4.354657e-01 -7.658333e+00 2.828791e+00
      vertex   6.154164e-01 -1.132500e+01 2.793375e+00
    endloop
  endfacet
  facet normal -1.931046e-01 2.338791e-17 -9.811782e-01
    outer loop
      vertex   6.154164e-01 -1.132500e+01 2.793375e+00
      vertex   4.354657e-01 -7.658333e+00 2.828791e+00
      vertex   6.154164e-01 -7.658333e+00 2.793375e+00
    endloop
  endfacet
  facet normal -2.562111e-01 3.103107e-17 -9.666209e-01
    outer loop
      vertex   6.154164e-01 -1.132500e+01 2.793375e+00
      vertex   6.154164e-01 -7.658333e+00 2.793375e+00
      vertex   7.926973e-01 -1.132500e+01 2.746385e+00
    endloop
  endfacet
  facet normal -2.562111e-01 3.878884e-17 -9.666209e-01
    outer loop
      vertex   7.926973e-01 -1.132500e+01 2.746385e+00
      vertex   6.154164e-01 -7.658333e+00 2.793375e+00
      vertex   7.926973e-01 -7.658333e+00 2.746385e+00
    endloop
  endfacet
  facet normal -3.182430e-01 4.818009e-17 -9.480092e-01
    outer loop
      vertex   7.926973e-01 -1.132500e+01 2.746385e+00
      vertex   7.926973e-01 -7.658333e+00 2.746385e+00
      vertex   9.665647e-01 -1.132500e+01 2.688019e+00
    endloop
  endfacet
  facet normal -3.182430e-01 3.854407e-17 -9.480092e-01
    outer loop
      vertex   9.665647e-01 -1.132500e+01 2.688019e+00
      vertex   7.926973e-01 -7.658333e+00 2.746385e+00
      vertex   9.665647e-01 -7.658333e+00 2.688019e+00
    endloop
  endfacet
  facet normal -3.789400e-01 4.589541e-17 -9.254212e-01
    outer loop
      vertex   9.665647e-01 -1.132500e+01 2.688019e+00
      vertex   9.665647e-01 -7.658333e+00 2.688019e+00
      vertex   1.136289e+00 -1.132500e+01 2.618520e+00
    endloop
  endfacet
  facet normal -3.789400e-01 2.294771e-17 -9.254212e-01
    outer loop
      vertex   1.136289e+00 -1.132500e+01 2.618520e+00
      vertex   9.665647e-01 -7.658333e+00 2.688019e+00
      vertex   1.136289e+00 -7.658333e+00 2.618520e+00
    endloop
  endfacet
  facet normal -4.380477e-01 2.652712e-17 -8.989517e-01
    outer loop
      vertex   1.136289e+00 -1.132500e+01 2.618520e+00
      vertex   1.136289e+00 -7.658333e+00 2.618520e+00
      vertex   1.301160e+00 -1.132500e+01 2.538181e+00
    endloop
  endfacet
  facet normal -4.380477e-01 2.973349e-16 -8.989517e-01
    outer loop
      vertex   1.301160e+00 -1.132500e+01 2.538181e+00
      vertex   1.136289e+00 -7.658333e+00 2.618520e+00
      vertex   1.301160e+00 -7.658333e+00 2.538181e+00
    endloop
  endfacet
  facet normal -4.953180e-01 3.004143e-16 -8.687117e-01
    outer loop
      vertex   1.301160e+00 -1.132500e+01 2.538181e+00
      vertex   1.301160e+00 -7.658333e+00 2.538181e+00
      vertex   1.460484e+00 -1.132500e+01 2.447338e+00
    endloop
  endfacet
  facet normal -4.953180e-01 8.998584e-17 -8.687117e-01
    outer loop
      vertex   1.460484e+00 -1.132500e+01 2.447338e+00
      vertex   1.301160e+00 -7.658333e+00 2.538181e+00
      vertex   1.460484e+00 -7.658333e+00 2.447338e+00
    endloop
  endfacet
  facet normal -5.505108e-01 1.000129e-16 -8.348281e-01
    outer loop
      vertex   1.460484e+00 -1.132500e+01 2.447338e+00
      vertex   1.460484e+00 -7.658333e+00 2.447338e+00
      vertex   1.613593e+00 -1.132500e+01 2.346373e+00
    endloop
  endfacet
  facet normal -5.505108e-01 6.667525e-17 -8.348281e-01
    outer loop
      vertex   1.613593e+00 -1.132500e+01 2.346373e+00
      vertex   1.460484e+00 -7.658333e+00 2.447338e+00
      vertex   1.613593e+00 -7.658333e+00 2.346373e+00
    endloop
  endfacet
  facet normal -6.033945e-01 7.308027e-17 -7.974428e-01
    outer loop
      vertex   1.613593e+00 -1.132500e+01 2.346373e+00
      vertex   1.613593e+00 -7.658333e+00 2.346373e+00
      vertex   1.759847e+00 -1.132500e+01 2.235709e+00
    endloop
  endfacet
  facet normal -6.033945e-01 7.308027e-17 -7.974428e-01
    outer loop
      vertex   1.759847e+00 -1.132500e+01 2.235709e+00
      vertex   1.613593e+00 -7.658333e+00 2.346373e+00
      vertex   1.759847e+00 -7.658333e+00 2.235709e+00
    endloop
  endfacet
  facet normal -6.537474e-01 7.917878e-17 -7.567128e-01
    outer loop
      vertex   1.759847e+00 -1.132500e+01 2.235709e+00
      vertex   1.759847e+00 -7.658333e+00 2.235709e+00
      vertex   1.898630e+00 -1.132500e+01 2.115810e+00
    endloop
  endfacet
  facet normal -6.537474e-01 3.958939e-17 -7.567128e-01
    outer loop
      vertex   1.898630e+00 -1.132500e+01 2.115810e+00
      vertex   1.759847e+00 -7.658333e+00 2.235709e+00
      vertex   1.898630e+00 -7.658333e+00 2.115810e+00
    endloop
  endfacet
  facet normal -7.013583e-01 4.247259e-17 -7.128089e-01
    outer loop
      vertex   1.898630e+00 -1.132500e+01 2.115810e+00
      vertex   1.898630e+00 -7.658333e+00 2.115810e+00
      vertex   2.029361e+00 -1.132500e+01 1.987179e+00
    endloop
  endfacet
  facet normal -7.013583e-01 2.130564e-16 -7.128089e-01
    outer loop
      vertex   2.029361e+00 -1.132500e+01 1.987179e+00
      vertex   1.898630e+00 -7.658333e+00 2.115810e+00
      vertex   2.029361e+00 -7.658333e+00 1.987179e+00
    endloop
  endfacet
  facet normal -7.460274e-01 2.210368e-16 -6.659152e-01
    outer loop
      vertex   2.029361e+00 -1.132500e+01 1.987179e+00
      vertex   2.029361e+00 -7.658333e+00 1.987179e+00
      vertex   2.151491e+00 -1.132500e+01 1.850356e+00
    endloop
  endfacet
  facet normal -7.460274e-01 1.306815e-16 -6.659152e-01
    outer loop
      vertex   2.151491e+00 -1.132500e+01 1.850356e+00
      vertex   2.029361e+00 -7.658333e+00 1.987179e+00
      vertex   2.151491e+00 -7.658333e+00 1.850356e+00
    endloop
  endfacet
  facet normal -7.875674e-01 1.327037e-16 -6.162285e-01
    outer loop
      vertex   2.151491e+00 -1.132500e+01 1.850356e+00
      vertex   2.151491e+00 -7.658333e+00 1.850356e+00
      vertex   2.264509e+00 -1.132500e+01 1.705914e+00
    endloop
  endfacet
  facet normal -7.875674e-01 1.327037e-16 -6.162285e-01
    outer loop
      vertex   2.264509e+00 -1.132500e+01 1.705914e+00
      vertex   2.151491e+00 -7.658333e+00 1.850356e+00
      vertex   2.264509e+00 -7.658333e+00 1.705914e+00
    endloop
  endfacet
  facet normal -8.258041e-01 1.341694e-16 -5.639570e-01
    outer loop
      vertex   2.264509e+00 -1.132500e+01 1.705914e+00
      vertex   2.264509e+00 -7.658333e+00 1.705914e+00
      vertex   2.367941e+00 -1.132500e+01 1.554459e+00
    endloop
  endfacet
  facet normal -8.258041e-01 1.000175e-16 -5.639570e-01
    outer loop
      vertex   2.367941e+00 -1.132500e+01 1.554459e+00
      vertex   2.264509e+00 -7.658333e+00 1.705914e+00
      vertex   2.367941e+00 -7.658333e+00 1.554459e+00
    endloop
  endfacet
  facet normal -8.605771e-01 1.042290e-16 -5.093202e-01
    outer loop
      vertex   2.367941e+00 -1.132500e+01 1.554459e+00
      vertex   2.367941e+00 -7.658333e+00 1.554459e+00
      vertex   2.461351e+00 -1.132500e+01 1.396627e+00
    endloop
  endfacet
  facet normal -8.605771e-01 2.084580e-16 -5.093202e-01
    outer loop
      vertex   2.461351e+00 -1.132500e+01 1.396627e+00
      vertex   2.367941e+00 -7.658333e+00 1.554459e+00
      vertex   2.461351e+00 -7.658333e+00 1.396627e+00
    endloop
  endfacet
  facet normal -8.917405e-01 2.160067e-16 -4.525470e-01
    outer loop
      vertex   2.461351e+00 -1.132500e+01 1.396627e+00
      vertex   2.461351e+00 -7.658333e+00 1.396627e+00
      vertex   2.544350e+00 -1.132500e+01 1.233079e+00
    endloop
  endfacet
  facet normal -8.917405e-01 0.000000e+00 -4.525470e-01
    outer loop
      vertex   2.544350e+00 -1.132500e+01 1.233079e+00
      vertex   2.461351e+00 -7.658333e+00 1.396627e+00
      vertex   2.544350e+00 -7.658333e+00 1.233079e+00
    endloop
  endfacet
  facet normal -9.191637e-01 0.000000e+00 -3.938758e-01
    outer loop
      vertex   2.544350e+00 -1.132500e+01 1.233079e+00
      vertex   2.544350e+00 -7.658333e+00 1.233079e+00
      vertex   2.616588e+00 -1.132500e+01 1.064502e+00
    endloop
  endfacet
  facet normal -9.191637e-01 0.000000e+00 -3.938758e-01
    outer loop
      vertex   2.616588e+00 -1.132500e+01 1.064502e+00
      vertex   2.544350e+00 -7.658333e+00 1.233079e+00
      vertex   2.616588e+00 -7.658333e+00 1.064502e+00
    endloop
  endfacet
  facet normal -9.427315e-01 0.000000e+00 -3.335524e-01
    outer loop
      vertex   2.616588e+00 -1.132500e+01 1.064502e+00
      vertex   2.616588e+00 -7.658333e+00 1.064502e+00
      vertex   2.677762e+00 -1.132500e+01 8.916025e-01
    endloop
  endfacet
  facet normal -9.427315e-01 1.141792e-16 -3.335524e-01
    outer loop
      vertex   2.677762e+00 -1.132500e+01 8.916025e-01
      vertex   2.616588e+00 -7.658333e+00 1.064502e+00
      vertex   2.677762e+00 -7.658333e+00 8.916025e-01
    endloop
  endfacet
  facet normal -9.623453e-01 1.165547e-16 -2.718301e-01
    outer loop
      vertex   2.677762e+00 -1.132500e+01 8.916025e-01
      vertex   2.677762e+00 -7.658333e+00 8.916025e-01
      vertex   2.727616e+00 -1.132500e+01 7.151058e-01
    endloop
  endfacet
  facet normal -9.623453e-01 1.165547e-16 -2.718301e-01
    outer loop
      vertex   2.727616e+00 -1.132500e+01 7.151058e-01
      vertex   2.677762e+00 -7.658333e+00 8.916025e-01
      vertex   2.727616e+00 -7.658333e+00 7.151058e-01
    endloop
  endfacet
  facet normal -9.779226e-01 1.184413e-16 -2.089676e-01
    outer loop
      vertex   2.727616e+00 -1.132500e+01 7.151058e-01
      vertex   2.727616e+00 -7.658333e+00 7.151058e-01
      vertex   2.765942e+00 -1.132500e+01 5.357521e-01
    endloop
  endfacet
  facet normal -9.779226e-01 0.000000e+00 -2.089676e-01
    outer loop
      vertex   2.765942e+00 -1.132500e+01 5.357521e-01
      vertex   2.727616e+00 -7.658333e+00 7.151058e-01
      vertex   2.765942e+00 -7.658333e+00 5.357521e-01
    endloop
  endfacet
  facet normal -9.893981e-01 0.000000e+00 -1.452286e-01
    outer loop
      vertex   2.765942e+00 -1.132500e+01 5.357521e-01
      vertex   2.765942e+00 -7.658333e+00 5.357521e-01
      vertex   2.792577e+00 -1.132500e+01 3.542939e-01
    endloop
  endfacet
  facet normal -9.893981e-01 2.396624e-16 -1.452286e-01
    outer loop
      vertex   2.792577e+00 -1.132500e+01 3.542939e-01
      vertex   2.765942e+00 -7.658333e+00 5.357521e-01
      vertex   2.792577e+00 -7.658333e+00 3.542939e-01
    endloop
  endfacet
  facet normal -9.967238e-01 2.414369e-16 -8.088044e-02
    outer loop
      vertex   2.792577e+00 -1.132500e+01 3.542939e-01
      vertex   2.792577e+00 -7.658333e+00 3.542939e-01
      vertex   2.807411e+00 -1.132500e+01 1.714920e-01
    endloop
  endfacet
  facet normal -9.967238e-01 0.000000e+00 -8.088044e-02
    outer loop
      vertex   2.807411e+00 -1.132500e+01 1.714920e-01
      vertex   2.792577e+00 -7.658333e+00 3.542939e-01
      vertex   2.807411e+00 -7.658333e+00 1.714920e-01
    endloop
  endfacet
  facet normal -9.998689e-01 0.000000e+00 -1.619307e-02
    outer loop
      vertex   2.807411e+00 -1.132500e+01 1.714920e-01
      vertex   2.807411e+00 -7.658333e+00 1.714920e-01
      vertex   2.810380e+00 -1.132500e+01 -1.188661e-02
    endloop
  endfacet
  facet normal -9.998689e-01 1.210764e-16 -1.619307e-02
    outer loop
      vertex   2.810380e+00 -1.132500e+01 -1.188661e-02
      vertex   2.807411e+00 -7.658333e+00 1.714920e-01
      vertex   2.810380e+00 -7.658333e+00 -1.188661e-02
    endloop
  endfacet
  facet normal -9.988202e-01 1.210413e-16 4.856222e-02
    outer loop
      vertex   2.810380e+00 -1.132500e+01 -1.188661e-02
      vertex   2.810380e+00 -7.658333e+00 -1.188661e-02
      vertex   2.801474e+00 -1.132500e+01 -1.950729e-01
    endloop
  endfacet
  facet normal -9.988202e-01 0.000000e+00 4.856222e-02
    outer loop
      vertex   2.801474e+00 -1.132500e+01 -1.950729e-01
      vertex   2.810380e+00 -7.658333e+00 -1.188661e-02
      vertex   2.801474e+00 -7.658333e+00 -1.950729e-01
    endloop
  endfacet
  facet normal -9.935820e-01 0.000000e+00 1.131138e-01
    outer loop
      vertex   2.801474e+00 -1.132500e+01 -1.950729e-01
      vertex   2.801474e+00 -7.658333e+00 -1.950729e-01
      vertex   2.780729e+00 -1.132500e+01 -3.772985e-01
    endloop
  endfacet
  facet normal -9.935820e-01 1.203379e-16 1.131138e-01
    outer loop
      vertex   2.780729e+00 -1.132500e+01 -3.772985e-01
      vertex   2.801474e+00 -7.658333e+00 -1.950729e-01
      vertex   2.780729e+00 -7.658333e+00 -3.772985e-01
    endloop
  endfacet
  facet normal -9.841765e-01 1.191988e-16 1.771910e-01
    outer loop
      vertex   2.780729e+00 -1.132500e+01 -3.772985e-01
      vertex   2.780729e+00 -7.658333e+00 -3.772985e-01
      vertex   2.748231e+00 -1.132500e+01 -5.577992e-01
    endloop
  endfacet
  facet normal -9.841765e-01 0.000000e+00 1.771910e-01
    outer loop
      vertex   2.748231e+00 -1.132500e+01 -5.577992e-01
      vertex   2.780729e+00 -7.658333e+00 -3.772985e-01
      vertex   2.748231e+00 -7.658333e+00 -5.577992e-01
    endloop
  endfacet
  facet normal -9.706430e-01 0.000000e+00 2.405250e-01
    outer loop
      vertex   2.748231e+00 -1.132500e+01 -5.577992e-01
      vertex   2.748231e+00 -7.658333e+00 -5.577992e-01
      vertex   2.704118e+00 -1.132500e+01 -7.358177e-01
    endloop
  endfacet
  facet normal -9.706430e-01 1.175597e-16 2.405250e-01
    outer loop
      vertex   2.704118e+00 -1.132500e+01 -7.358177e-01
      vertex   2.748231e+00 -7.658333e+00 -5.577992e-01
      vertex   2.704118e+00 -7.658333e+00 -7.358177e-01
    endloop
  endfacet
  facet normal -9.530382e-01 1.154275e-16 3.028501e-01
    outer loop
      vertex   2.704118e+00 -1.132500e+01 -7.358177e-01
      vertex   2.704118e+00 -7.658333e+00 -7.358177e-01
      vertex   2.648575e+00 -1.132500e+01 -9.106075e-01
    endloop
  endfacet
  facet normal -9.530382e-01 2.308549e-16 3.028501e-01
    outer loop
      vertex   2.648575e+00 -1.132500e+01 -9.106075e-01
      vertex   2.704118e+00 -7.658333e+00 -7.358177e-01
      vertex   2.648575e+00 -7.658333e+00 -9.106075e-01
    endloop
  endfacet
  facet normal -9.314361e-01 2.256222e-16 3.639049e-01
    outer loop
      vertex   2.648575e+00 -1.132500e+01 -9.106075e-01
      vertex   2.648575e+00 -7.658333e+00 -9.106075e-01
      vertex   2.581834e+00 -1.132500e+01 -1.081435e+00
    endloop
  endfacet
  facet normal -9.314361e-01 0.000000e+00 3.639049e-01
    outer loop
      vertex   2.581834e+00 -1.132500e+01 -1.081435e+00
      vertex   2.648575e+00 -7.658333e+00 -9.106075e-01
      vertex   2.581834e+00 -7.658333e+00 -1.081435e+00
    endloop
  endfacet
  facet normal -9.059272e-01 0.000000e+00 4.234335e-01
    outer loop
      vertex   2.581834e+00 -1.132500e+01 -1.081435e+00
      vertex   2.581834e+00 -7.658333e+00 -1.081435e+00
      vertex   2.504175e+00 -1.132500e+01 -1.247585e+00
    endloop
  endfacet
  facet normal -9.059272e-01 0.000000e+00 4.234335e-01
    outer loop
      vertex   2.504175e+00 -1.132500e+01 -1.247585e+00
      vertex   2.581834e+00 -7.658333e+00 -1.081435e+00
      vertex   2.504175e+00 -7.658333e+00 -1.247585e+00
    endloop
  endfacet
  facet normal -8.793679e-01 0.000000e+00 4.761429e-01
    outer loop
      vertex   2.504175e+00 -1.132500e+01 -1.247585e+00
      vertex   2.504175e+00 -7.658333e+00 -1.247585e+00
      vertex   2.432332e+00 -8.325000e+00 -1.380269e+00
    endloop
  endfacet
  facet normal -8.793679e-01 1.755900e-16 4.761429e-01
    outer loop
      vertex   2.432332e+00 -8.325000e+00 -1.380269e+00
      vertex   2.504175e+00 -7.658333e+00 -1.247585e+00
      vertex   2.504175e+00 -3.991667e+00 -1.247585e+00
    endloop
  endfacet
  facet normal -8.793679e-01 0.000000e+00 4.761429e-01
    outer loop
      vertex   2.432332e+00 -8.325000e+00 -1.380269e+00
      vertex   2.504175e+00 -3.991667e+00 -1.247585e+00
      vertex   2.432332e+00 -1.325000e+00 -1.380269e+00
    endloop
  endfacet
  facet normal 7.355446e-02 1.342909e-03 9.972903e-01
    outer loop
      vertex   -1.388287e-01 -1.325000e+00 -2.795454e+00
      vertex   -2.044260e-01 -3.250000e-01 -2.791962e+00
      vertex   -3.197903e-01 -1.325000e+00 -2.782107e+00
    endloop
  endfacet
  facet normal 9.700976e-02 -1.382783e-03 9.952825e-01
    outer loop
      vertex   -3.197903e-01 -1.325000e+00 -2.782107e+00
      vertex   -2.044260e-01 -3.250000e-01 -2.791962e+00
      vertex   -3.869637e-01 -3.250000e-01 -2.774170e+00
    endloop
  endfacet
  facet normal 1.372724e-01 1.359492e-03 9.905324e-01
    outer loop
      vertex   -3.197903e-01 -1.325000e+00 -2.782107e+00
      vertex   -3.869637e-01 -3.250000e-01 -2.774170e+00
      vertex   -4.995257e-01 -1.325000e+00 -2.757199e+00
    endloop
  endfacet
  facet normal 1.612308e-01 -1.398694e-03 9.869157e-01
    outer loop
      vertex   -4.995257e-01 -1.325000e+00 -2.757199e+00
      vertex   -3.869637e-01 -3.250000e-01 -2.774170e+00
      vertex   -5.679669e-01 -3.250000e-01 -2.744600e+00
    endloop
  endfacet
  facet normal 2.004267e-01 1.374731e-03 9.797077e-01
    outer loop
      vertex   -4.995257e-01 -1.325000e+00 -2.757199e+00
      vertex   -5.679669e-01 -3.250000e-01 -2.744600e+00
      vertex   -6.772969e-01 -1.325000e+00 -2.720830e+00
    endloop
  endfacet
  facet normal 2.247755e-01 -1.413261e-03 9.744096e-01
    outer loop
      vertex   -6.772969e-01 -1.325000e+00 -2.720830e+00
      vertex   -5.679669e-01 -3.250000e-01 -2.744600e+00
      vertex   -7.466764e-01 -3.250000e-01 -2.703376e+00
    endloop
  endfacet
  facet normal 2.627581e-01 1.388627e-03 9.648607e-01
    outer loop
      vertex   -6.772969e-01 -1.325000e+00 -2.720830e+00
      vertex   -7.466764e-01 -3.250000e-01 -2.703376e+00
      vertex   -8.523740e-01 -1.325000e+00 -2.673152e+00
    endloop
  endfacet
  facet normal 2.873775e-01 -1.426485e-03 9.578163e-01
    outer loop
      vertex   -8.523740e-01 -1.325000e+00 -2.673152e+00
      vertex   -7.466764e-01 -3.250000e-01 -2.703376e+00
      vertex   -9.223427e-01 -3.250000e-01 -2.650670e+00
    endloop
  endfacet
  facet normal 3.240108e-01 1.401179e-03 9.460524e-01
    outer loop
      vertex   -8.523740e-01 -1.325000e+00 -2.673152e+00
      vertex   -9.223427e-01 -3.250000e-01 -2.650670e+00
      vertex   -1.024038e+00 -1.325000e+00 -2.614359e+00
    endloop
  endfacet
  facet normal 3.487741e-01 -1.438365e-03 9.372057e-01
    outer loop
      vertex   -1.024038e+00 -1.325000e+00 -2.614359e+00
      vertex   -9.223427e-01 -3.250000e-01 -2.650670e+00
      vertex   -1.094229e+00 -3.250000e-01 -2.586704e+00
    endloop
  endfacet
  facet normal 3.839331e-01 1.412388e-03 9.233598e-01
    outer loop
      vertex   -1.024038e+00 -1.325000e+00 -2.614359e+00
      vertex   -1.094229e+00 -3.250000e-01 -2.586704e+00
      vertex   -1.191585e+00 -1.325000e+00 -2.544693e+00
    endloop
  endfacet
  facet normal 4.087078e-01 -1.448902e-03 9.126642e-01
    outer loop
      vertex   -1.191585e+00 -1.325000e+00 -2.544693e+00
      vertex   -1.094229e+00 -3.250000e-01 -2.586704e+00
      vertex   -1.261614e+00 -3.250000e-01 -2.511745e+00
    endloop
  endfacet
  facet normal 4.422792e-01 1.422253e-03 8.968763e-01
    outer loop
      vertex   -1.191585e+00 -1.325000e+00 -2.544693e+00
      vertex   -1.261614e+00 -3.250000e-01 -2.511745e+00
      vertex   -1.354326e+00 -1.325000e+00 -2.464440e+00
    endloop
  endfacet
  facet normal 4.669272e-01 -1.458095e-03 8.842946e-01
    outer loop
      vertex   -1.354326e+00 -1.325000e+00 -2.464440e+00
      vertex   -1.261614e+00 -3.250000e-01 -2.511745e+00
      vertex   -1.423796e+00 -3.250000e-01 -2.426110e+00
    endloop
  endfacet
  facet normal 4.988094e-01 1.430774e-03 8.667105e-01
    outer loop
      vertex   -1.354326e+00 -1.325000e+00 -2.464440e+00
      vertex   -1.423796e+00 -3.250000e-01 -2.426110e+00
      vertex   -1.511594e+00 -1.325000e+00 -2.373930e+00
    endloop
  endfacet
  facet normal 5.231882e-01 -1.465945e-03 8.522159e-01
    outer loop
      vertex   -1.511594e+00 -1.325000e+00 -2.373930e+00
      vertex   -1.423796e+00 -3.250000e-01 -2.426110e+00
      vertex   -1.580095e+00 -3.250000e-01 -2.330155e+00
    endloop
  endfacet
  facet normal 5.532917e-01 1.437952e-03 8.329863e-01
    outer loop
      vertex   -1.511594e+00 -1.325000e+00 -2.373930e+00
      vertex   -1.580095e+00 -3.250000e-01 -2.330155e+00
      vertex   -1.662742e+00 -1.325000e+00 -2.273533e+00
    endloop
  endfacet
  facet normal 5.772548e-01 -1.472451e-03 8.165628e-01
    outer loop
      vertex   -1.662742e+00 -1.325000e+00 -2.273533e+00
      vertex   -1.580095e+00 -3.250000e-01 -2.330155e+00
      vertex   -1.729855e+00 -3.250000e-01 -2.224285e+00
    endloop
  endfacet
  facet normal 6.055024e-01 1.443787e-03 7.958422e-01
    outer loop
      vertex   -1.662742e+00 -1.325000e+00 -2.273533e+00
      vertex   -1.729855e+00 -3.250000e-01 -2.224285e+00
      vertex   -1.807150e+00 -1.325000e+00 -2.163663e+00
    endloop
  endfacet
  facet normal 6.289001e-01 -1.477614e-03 7.774847e-01
    outer loop
      vertex   -1.807150e+00 -1.325000e+00 -2.163663e+00
      vertex   -1.729855e+00 -3.250000e-01 -2.224285e+00
      vertex   -1.872448e+00 -3.250000e-01 -2.108943e+00
    endloop
  endfacet
  facet normal 6.552271e-01 1.448277e-03 7.554306e-01
    outer loop
      vertex   -1.807150e+00 -1.325000e+00 -2.163663e+00
      vertex   -1.872448e+00 -3.250000e-01 -2.108943e+00
      vertex   -1.944225e+00 -1.325000e+00 -2.044770e+00
    endloop
  endfacet
  facet normal 6.779076e-01 -1.481433e-03 7.351456e-01
    outer loop
      vertex   -1.944225e+00 -1.325000e+00 -2.044770e+00
      vertex   -1.872448e+00 -3.250000e-01 -2.108943e+00
      vertex   -2.007276e+00 -3.250000e-01 -1.984613e+00
    endloop
  endfacet
  facet normal 7.022616e-01 1.451425e-03 7.119175e-01
    outer loop
      vertex   -1.944225e+00 -1.325000e+00 -2.044770e+00
      vertex   -2.007276e+00 -3.250000e-01 -1.984613e+00
      vertex   -2.073405e+00 -1.325000e+00 -1.917342e+00
    endloop
  endfacet
  facet normal 7.240718e-01 -1.483909e-03 6.897230e-01
    outer loop
      vertex   -2.073405e+00 -1.325000e+00 -1.917342e+00
      vertex   -2.007276e+00 -3.250000e-01 -1.984613e+00
      vertex   -2.133773e+00 -3.250000e-01 -1.851816e+00
    endloop
  endfacet
  facet normal 7.464129e-01 1.453228e-03 6.654815e-01
    outer loop
      vertex   -2.073405e+00 -1.325000e+00 -1.917342e+00
      vertex   -2.133773e+00 -3.250000e-01 -1.851816e+00
      vertex   -2.194159e+00 -1.325000e+00 -1.781903e+00
    endloop
  endfacet
  facet normal 7.671989e-01 -1.485040e-03 6.414075e-01
    outer loop
      vertex   -2.194159e+00 -1.325000e+00 -1.781903e+00
      vertex   -2.133773e+00 -3.250000e-01 -1.851816e+00
      vertex   -2.251409e+00 -3.250000e-01 -1.711110e+00
    endloop
  endfacet
  facet normal 7.874997e-01 1.453689e-03 6.163133e-01
    outer loop
      vertex   -2.194159e+00 -1.325000e+00 -1.781903e+00
      vertex   -2.251409e+00 -3.250000e-01 -1.711110e+00
      vertex   -2.305991e+00 -1.325000e+00 -1.639008e+00
    endloop
  endfacet
  facet normal 8.071082e-01 -1.484829e-03 5.904017e-01
    outer loop
      vertex   -2.305991e+00 -1.325000e+00 -1.639008e+00
      vertex   -2.251409e+00 -3.250000e-01 -1.711110e+00
      vertex   -2.359690e+00 -3.250000e-01 -1.563084e+00
    endloop
  endfacet
  facet normal 8.253534e-01 1.452805e-03 5.646147e-01
    outer loop
      vertex   -2.305991e+00 -1.325000e+00 -1.639008e+00
      vertex   -2.359690e+00 -3.250000e-01 -1.563084e+00
      vertex   -2.408442e+00 -1.325000e+00 -1.489245e+00
    endloop
  endfacet
  facet normal 8.436321e-01 -1.483274e-03 5.369196e-01
    outer loop
      vertex   -2.408442e+00 -1.325000e+00 -1.489245e+00
      vertex   -2.359690e+00 -3.250000e-01 -1.563084e+00
      vertex   -2.458163e+00 -3.250000e-01 -1.408359e+00
    endloop
  endfacet
  facet normal 8.598184e-01 1.450578e-03 5.105980e-01
    outer loop
      vertex   -2.408442e+00 -1.325000e+00 -1.489245e+00
      vertex   -2.458163e+00 -3.250000e-01 -1.408359e+00
      vertex   -2.501092e+00 -1.325000e+00 -1.333228e+00
    endloop
  endfacet
  facet normal 8.766176e-01 -1.480375e-03 4.811854e-01
    outer loop
      vertex   -2.501092e+00 -1.325000e+00 -1.333228e+00
      vertex   -2.458163e+00 -3.250000e-01 -1.408359e+00
      vertex   -2.546414e+00 -3.250000e-01 -1.247585e+00
    endloop
  endfacet
  facet normal 8.907533e-01 1.447008e-03 4.544849e-01
    outer loop
      vertex   -2.501092e+00 -1.325000e+00 -1.333228e+00
      vertex   -2.546414e+00 -3.250000e-01 -1.247585e+00
      vertex   -2.583560e+00 -1.325000e+00 -1.171598e+00
    endloop
  endfacet
  facet normal 9.059262e-01 -1.476133e-03 4.234330e-01
    outer loop
      vertex   -2.583560e+00 -1.325000e+00 -1.171598e+00
      vertex   -2.546414e+00 -3.250000e-01 -1.247585e+00
      vertex   -2.624073e+00 -3.250000e-01 -1.081435e+00
    endloop
  endfacet
  facet normal 9.180310e-01 1.442094e-03 3.965059e-01
    outer loop
      vertex   -2.583560e+00 -1.325000e+00 -1.171598e+00
      vertex   -2.624073e+00 -3.250000e-01 -1.081435e+00
      vertex   -2.655507e+00 -1.325000e+00 -1.005019e+00
    endloop
  endfacet
  facet normal 9.314351e-01 -1.470547e-03 3.639045e-01
    outer loop
      vertex   -2.655507e+00 -1.325000e+00 -1.005019e+00
      vertex   -2.624073e+00 -3.250000e-01 -1.081435e+00
      vertex   -2.690814e+00 -3.250000e-01 -9.106075e-01
    endloop
  endfacet
  facet normal 9.415397e-01 1.435836e-03 3.368990e-01
    outer loop
      vertex   -2.655507e+00 -1.325000e+00 -1.005019e+00
      vertex   -2.690814e+00 -3.250000e-01 -9.106075e-01
      vertex   -2.716638e+00 -1.325000e+00 -8.341731e-01
    endloop
  endfacet
  facet normal 9.530372e-01 -1.463617e-03 3.028498e-01
    outer loop
      vertex   -2.716638e+00 -1.325000e+00 -8.341731e-01
      vertex   -2.690814e+00 -3.250000e-01 -9.106075e-01
      vertex   -2.746357e+00 -3.250000e-01 -7.358177e-01
    endloop
  endfacet
  facet normal 9.611827e-01 1.428235e-03 2.759089e-01
    outer loop
      vertex   -2.716638e+00 -1.325000e+00 -8.341731e-01
      vertex   -2.746357e+00 -3.250000e-01 -7.358177e-01
      vertex   -2.766703e+00 -1.325000e+00 -6.597633e-01
    endloop
  endfacet
  facet normal 9.706419e-01 -1.455344e-03 2.405247e-01
    outer loop
      vertex   -2.766703e+00 -1.325000e+00 -6.597633e-01
      vertex   -2.746357e+00 -3.250000e-01 -7.358177e-01
      vertex   -2.790470e+00 -3.250000e-01 -5.577992e-01
    endloop
  endfacet
  facet normal 9.768795e-01 1.419290e-03 2.137860e-01
    outer loop
      vertex   -2.766703e+00 -1.325000e+00 -6.597633e-01
      vertex   -2.790470e+00 -3.250000e-01 -5.577992e-01
      vertex   -2.805495e+00 -1.325000e+00 -4.825053e-01
    endloop
  endfacet
  facet normal 9.841755e-01 -1.445728e-03 1.771908e-01
    outer loop
      vertex   -2.805495e+00 -1.325000e+00 -4.825053e-01
      vertex   -2.790470e+00 -3.250000e-01 -5.577992e-01
      vertex   -2.822968e+00 -3.250000e-01 -3.772985e-01
    endloop
  endfacet
  facet normal 9.885655e-01 1.409002e-03 1.507854e-01
    outer loop
      vertex   -2.805495e+00 -1.325000e+00 -4.825053e-01
      vertex   -2.822968e+00 -3.250000e-01 -3.772985e-01
      vertex   -2.832856e+00 -1.325000e+00 -3.031268e-01
    endloop
  endfacet
  facet normal 9.935810e-01 -1.434768e-03 1.131137e-01
    outer loop
      vertex   -2.832856e+00 -1.325000e+00 -3.031268e-01
      vertex   -2.822968e+00 -3.250000e-01 -3.772985e-01
      vertex   -2.843713e+00 -3.250000e-01 -1.950729e-01
    endloop
  endfacet
  facet normal 9.961928e-01 1.397370e-03 8.716574e-02
    outer loop
      vertex   -2.832856e+00 -1.325000e+00 -3.031268e-01
      vertex   -2.843713e+00 -3.250000e-01 -1.950729e-01
      vertex   -2.848672e+00 -1.325000e+00 -1.223644e-01
    endloop
  endfacet
  facet normal 9.988191e-01 -1.422464e-03 4.856217e-02
    outer loop
      vertex   -2.848672e+00 -1.325000e+00 -1.223644e-01
      vertex   -2.843713e+00 -3.250000e-01 -1.950729e-01
      vertex   -2.852619e+00 -3.250000e-01 -1.188661e-02
    endloop
  endfacet
  facet normal 9.997302e-01 1.384394e-03 2.318817e-02
    outer loop
      vertex   -2.848672e+00 -1.325000e+00 -1.223644e-01
      vertex   -2.852619e+00 -3.250000e-01 -1.188661e-02
      vertex   -2.852880e+00 -1.325000e+00 5.903996e-02
    endloop
  endfacet
  facet normal 9.998679e-01 -1.408817e-03 -1.619305e-02
    outer loop
      vertex   -2.852880e+00 -1.325000e+00 5.903996e-02
      vertex   -2.852619e+00 -3.250000e-01 -1.188661e-02
      vertex   -2.849650e+00 -3.250000e-01 1.714920e-01
    endloop
  endfacet
  facet normal 9.991629e-01 1.370075e-03 -4.088460e-02
    outer loop
      vertex   -2.852880e+00 -1.325000e+00 5.903996e-02
      vertex   -2.849650e+00 -3.250000e-01 1.714920e-01
      vertex   -2.845461e+00 -1.325000e+00 2.403414e-01
    endloop
  endfacet
  facet normal 9.967228e-01 -1.393826e-03 -8.088036e-02
    outer loop
      vertex   -2.845461e+00 -1.325000e+00 2.403414e-01
      vertex   -2.849650e+00 -3.250000e-01 1.714920e-01
      vertex   -2.834816e+00 -3.250000e-01 3.542939e-01
    endloop
  endfacet
  facet normal -8.766185e-01 2.888847e-04 4.811859e-01
    outer loop
      vertex   2.504175e+00 -1.132500e+01 -1.247585e+00
      vertex   2.432332e+00 -8.325000e+00 -1.380269e+00
      vertex   2.415924e+00 -1.132500e+01 -1.408359e+00
    endloop
  endfacet
  facet normal -8.499267e-01 -2.851514e-04 5.269009e-01
    outer loop
      vertex   2.415924e+00 -1.132500e+01 -1.408359e+00
      vertex   2.432332e+00 -8.325000e+00 -1.380269e+00
      vertex   2.336724e+00 -8.325000e+00 -1.534490e+00
    endloop
  endfacet
  facet normal -8.436330e-01 3.022489e-04 5.369201e-01
    outer loop
      vertex   2.415924e+00 -1.132500e+01 -1.408359e+00
      vertex   2.336724e+00 -8.325000e+00 -1.534490e+00
      vertex   2.317451e+00 -1.132500e+01 -1.563084e+00
    endloop
  endfacet
  facet normal -8.144379e-01 -2.982918e-04 5.802506e-01
    outer loop
      vertex   2.317451e+00 -1.132500e+01 -1.563084e+00
      vertex   2.336724e+00 -8.325000e+00 -1.534490e+00
      vertex   2.231436e+00 -8.325000e+00 -1.682273e+00
    endloop
  endfacet
  facet normal -8.071090e-01 3.151654e-04 5.904023e-01
    outer loop
      vertex   2.317451e+00 -1.132500e+01 -1.563084e+00
      vertex   2.231436e+00 -8.325000e+00 -1.682273e+00
      vertex   2.209170e+00 -1.132500e+01 -1.711110e+00
    endloop
  endfacet
  facet normal -7.756053e-01 -3.109843e-04 6.312181e-01
    outer loop
      vertex   2.209170e+00 -1.132500e+01 -1.711110e+00
      vertex   2.231436e+00 -8.325000e+00 -1.682273e+00
      vertex   2.116899e+00 -8.325000e+00 -1.823009e+00
    endloop
  endfacet
  facet normal -7.671997e-01 3.276340e-04 6.414082e-01
    outer loop
      vertex   2.209170e+00 -1.132500e+01 -1.711110e+00
      vertex   2.116899e+00 -8.325000e+00 -1.823009e+00
      vertex   2.091534e+00 -1.132500e+01 -1.851816e+00
    endloop
  endfacet
  facet normal -7.335884e-01 -3.232291e-04 6.795940e-01
    outer loop
      vertex   2.091534e+00 -1.132500e+01 -1.851816e+00
      vertex   2.116899e+00 -8.325000e+00 -1.823009e+00
      vertex   1.993585e+00 -8.325000e+00 -1.956121e+00
    endloop
  endfacet
  facet normal -7.240725e-01 3.396549e-04 6.897237e-01
    outer loop
      vertex   2.091534e+00 -1.132500e+01 -1.851816e+00
      vertex   1.993585e+00 -8.325000e+00 -1.956121e+00
      vertex   1.965037e+00 -1.132500e+01 -1.984613e+00
    endloop
  endfacet
  facet normal -6.885596e-01 -3.350261e-04 7.251797e-01
    outer loop
      vertex   1.965037e+00 -1.132500e+01 -1.984613e+00
      vertex   1.993585e+00 -8.325000e+00 -1.956121e+00
      vertex   1.861999e+00 -8.325000e+00 -2.081062e+00
    endloop
  endfacet
  facet normal -6.779083e-01 3.512280e-04 7.351463e-01
    outer loop
      vertex   1.965037e+00 -1.132500e+01 -1.984613e+00
      vertex   1.861999e+00 -8.325000e+00 -2.081062e+00
      vertex   1.830209e+00 -1.132500e+01 -2.108943e+00
    endloop
  endfacet
  facet normal -6.407038e-01 -3.463753e-04 7.677880e-01
    outer loop
      vertex   1.830209e+00 -1.132500e+01 -2.108943e+00
      vertex   1.861999e+00 -8.325000e+00 -2.081062e+00
      vertex   1.722681e+00 -8.325000e+00 -2.197320e+00
    endloop
  endfacet
  facet normal -6.289008e-01 3.623533e-04 7.774855e-01
    outer loop
      vertex   1.830209e+00 -1.132500e+01 -2.108943e+00
      vertex   1.722681e+00 -8.325000e+00 -2.197320e+00
      vertex   1.687616e+00 -1.132500e+01 -2.224285e+00
    endloop
  endfacet
  facet normal -5.902176e-01 -3.572767e-04 8.072441e-01
    outer loop
      vertex   1.687616e+00 -1.132500e+01 -2.224285e+00
      vertex   1.722681e+00 -8.325000e+00 -2.197320e+00
      vertex   1.576204e+00 -8.325000e+00 -2.304416e+00
    endloop
  endfacet
  facet normal -5.772553e-01 3.730309e-04 8.165636e-01
    outer loop
      vertex   1.687616e+00 -1.132500e+01 -2.224285e+00
      vertex   1.576204e+00 -8.325000e+00 -2.304416e+00
      vertex   1.537856e+00 -1.132500e+01 -2.330155e+00
    endloop
  endfacet
  facet normal -5.373080e-01 -3.677303e-04 8.433860e-01
    outer loop
      vertex   1.537856e+00 -1.132500e+01 -2.330155e+00
      vertex   1.576204e+00 -8.325000e+00 -2.304416e+00
      vertex   1.423169e+00 -8.325000e+00 -2.401913e+00
    endloop
  endfacet
  facet normal -5.231887e-01 3.832606e-04 8.522168e-01
    outer loop
      vertex   1.537856e+00 -1.132500e+01 -2.330155e+00
      vertex   1.423169e+00 -8.325000e+00 -2.401913e+00
      vertex   1.381557e+00 -1.132500e+01 -2.426110e+00
    endloop
  endfacet
  facet normal -4.821925e-01 -3.777362e-04 8.760652e-01
    outer loop
      vertex   1.381557e+00 -1.132500e+01 -2.426110e+00
      vertex   1.423169e+00 -8.325000e+00 -2.401913e+00
      vertex   1.264204e+00 -8.325000e+00 -2.489408e+00
    endloop
  endfacet
  facet normal -4.669277e-01 3.930425e-04 8.842954e-01
    outer loop
      vertex   1.381557e+00 -1.132500e+01 -2.426110e+00
      vertex   1.264204e+00 -8.325000e+00 -2.489408e+00
      vertex   1.219375e+00 -1.132500e+01 -2.511745e+00
    endloop
  endfacet
  facet normal -4.250973e-01 -3.872942e-04 9.051476e-01
    outer loop
      vertex   1.219375e+00 -1.132500e+01 -2.511745e+00
      vertex   1.264204e+00 -8.325000e+00 -2.489408e+00
      vertex   1.099963e+00 -8.325000e+00 -2.566543e+00
    endloop
  endfacet
  facet normal -4.087082e-01 4.023766e-04 9.126650e-01
    outer loop
      vertex   1.219375e+00 -1.132500e+01 -2.511745e+00
      vertex   1.099963e+00 -8.325000e+00 -2.566543e+00
      vertex   1.051990e+00 -1.132500e+01 -2.586704e+00
    endloop
  endfacet
  facet normal -3.662568e-01 -3.964044e-04 9.305137e-01
    outer loop
      vertex   1.051990e+00 -1.132500e+01 -2.586704e+00
      vertex   1.099963e+00 -8.325000e+00 -2.566543e+00
      vertex   9.311179e-01 -8.325000e+00 -2.633002e+00
    endloop
  endfacet
  facet normal -3.487744e-01 4.112629e-04 9.372066e-01
    outer loop
      vertex   1.051990e+00 -1.132500e+01 -2.586704e+00
      vertex   9.311179e-01 -8.325000e+00 -2.633002e+00
      vertex   8.801036e-01 -1.132500e+01 -2.650670e+00
    endloop
  endfacet
  facet normal -3.059126e-01 -4.050668e-04 9.520595e-01
    outer loop
      vertex   8.801036e-01 -1.132500e+01 -2.650670e+00
      vertex   9.311179e-01 -8.325000e+00 -2.633002e+00
      vertex   7.583637e-01 -8.325000e+00 -2.688510e+00
    endloop
  endfacet
  facet normal -2.873777e-01 4.197014e-04 9.578172e-01
    outer loop
      vertex   8.801036e-01 -1.132500e+01 -2.650670e+00
      vertex   7.583637e-01 -8.325000e+00 -2.688510e+00
      vertex   7.044373e-01 -1.132500e+01 -2.703376e+00
    endloop
  endfacet
  facet normal -2.443124e-01 -4.132813e-04 9.696965e-01
    outer loop
      vertex   7.044373e-01 -1.132500e+01 -2.703376e+00
      vertex   7.583637e-01 -8.325000e+00 -2.688510e+00
      vertex   5.824093e-01 -8.325000e+00 -2.732842e+00
    endloop
  endfacet
  facet normal -2.247757e-01 4.276921e-04 9.744104e-01
    outer loop
      vertex   7.044373e-01 -1.132500e+01 -2.703376e+00
      vertex   5.824093e-01 -8.325000e+00 -2.732842e+00
      vertex   5.257278e-01 -1.132500e+01 -2.744600e+00
    endloop
  endfacet
  facet normal -1.817091e-01 -4.210481e-04 9.833522e-01
    outer loop
      vertex   5.257278e-01 -1.132500e+01 -2.744600e+00
      vertex   5.824093e-01 -8.325000e+00 -2.732842e+00
      vertex   4.039769e-01 -8.325000e+00 -2.765813e+00
    endloop
  endfacet
  facet normal -1.612309e-01 4.352349e-04 9.869166e-01
    outer loop
      vertex   5.257278e-01 -1.132500e+01 -2.744600e+00
      vertex   4.039769e-01 -8.325000e+00 -2.765813e+00
      vertex   3.447246e-01 -1.132500e+01 -2.774170e+00
    endloop
  endfacet
  facet normal -1.183598e-01 -4.283670e-04 9.929707e-01
    outer loop
      vertex   3.447246e-01 -1.132500e+01 -2.774170e+00
      vertex   4.039769e-01 -8.325000e+00 -2.765813e+00
      vertex   2.237993e-01 -8.325000e+00 -2.787290e+00
    endloop
  endfacet
  facet normal -9.700984e-02 4.423299e-04 9.952833e-01
    outer loop
      vertex   3.447246e-01 -1.132500e+01 -2.774170e+00
      vertex   2.237993e-01 -8.325000e+00 -2.787290e+00
      vertex   1.621870e-01 -1.132500e+01 -2.791962e+00
    endloop
  endfacet
  facet normal -5.452454e-02 -4.352381e-04 9.985123e-01
    outer loop
      vertex   1.621870e-01 -1.132500e+01 -2.791962e+00
      vertex   2.237993e-01 -8.325000e+00 -2.787290e+00
      vertex   4.261613e-02 -8.325000e+00 -2.797184e+00
    endloop
  endfacet
  facet normal -3.238189e-02 4.489771e-04 9.994755e-01
    outer loop
      vertex   1.621870e-01 -1.132500e+01 -2.791962e+00
      vertex   4.261613e-02 -8.325000e+00 -2.797184e+00
      vertex   -2.111952e-02 -1.132500e+01 -2.797901e+00
    endloop
  endfacet
  facet normal 9.534559e-03 -4.416614e-04 9.999544e-01
    outer loop
      vertex   -2.111952e-02 -1.132500e+01 -2.797901e+00
      vertex   4.261613e-02 -8.325000e+00 -2.797184e+00
      vertex   -1.388287e-01 -8.325000e+00 -2.795454e+00
    endloop
  endfacet
  facet normal 3.238189e-02 4.551764e-04 9.994755e-01
    outer loop
      vertex   -2.111952e-02 -1.132500e+01 -2.797901e+00
      vertex   -1.388287e-01 -8.325000e+00 -2.795454e+00
      vertex   -2.044260e-01 -1.132500e+01 -2.791962e+00
    endloop
  endfacet
  facet normal 7.355452e-02 -4.476368e-04 9.972911e-01
    outer loop
      vertex   -2.044260e-01 -1.132500e+01 -2.791962e+00
      vertex   -1.388287e-01 -8.325000e+00 -2.795454e+00
      vertex   -3.197903e-01 -8.325000e+00 -2.782107e+00
    endloop
  endfacet
  facet normal 9.700984e-02 4.609279e-04 9.952833e-01
    outer loop
      vertex   -2.044260e-01 -1.132500e+01 -2.791962e+00
      vertex   -3.197903e-01 -8.325000e+00 -2.782107e+00
      vertex   -3.869637e-01 -1.132500e+01 -2.774170e+00
    endloop
  endfacet
  facet normal 1.372725e-01 -4.531644e-04 9.905332e-01
    outer loop
      vertex   -3.869637e-01 -1.132500e+01 -2.774170e+00
      vertex   -3.197903e-01 -8.325000e+00 -2.782107e+00
      vertex   -4.995257e-01 -8.325000e+00 -2.757199e+00
    endloop
  endfacet
  facet normal 1.612309e-01 4.662316e-04 9.869166e-01
    outer loop
      vertex   -3.869637e-01 -1.132500e+01 -2.774170e+00
      vertex   -4.995257e-01 -8.325000e+00 -2.757199e+00
      vertex   -5.679669e-01 -1.132500e+01 -2.744600e+00
    endloop
  endfacet
  facet normal 2.004269e-01 -4.582442e-04 9.797086e-01
    outer loop
      vertex   -5.679669e-01 -1.132500e+01 -2.744600e+00
      vertex   -4.995257e-01 -8.325000e+00 -2.757199e+00
      vertex   -6.772969e-01 -8.325000e+00 -2.720830e+00
    endloop
  endfacet
  facet normal 2.247757e-01 4.710874e-04 9.744104e-01
    outer loop
      vertex   -5.679669e-01 -1.132500e+01 -2.744600e+00
      vertex   -6.772969e-01 -8.325000e+00 -2.720830e+00
      vertex   -7.466764e-01 -1.132500e+01 -2.703376e+00
    endloop
  endfacet
  facet normal 2.627584e-01 -4.628761e-04 9.648616e-01
    outer loop
      vertex   -7.466764e-01 -1.132500e+01 -2.703376e+00
      vertex   -6.772969e-01 -8.325000e+00 -2.720830e+00
      vertex   -8.523740e-01 -8.325000e+00 -2.673152e+00
    endloop
  endfacet
  facet normal 2.873777e-01 4.754954e-04 9.578172e-01
    outer loop
      vertex   -7.466764e-01 -1.132500e+01 -2.703376e+00
      vertex   -8.523740e-01 -8.325000e+00 -2.673152e+00
      vertex   -9.223427e-01 -1.132500e+01 -2.650670e+00
    endloop
  endfacet
  facet normal 3.240110e-01 -4.670601e-04 9.460532e-01
    outer loop
      vertex   -9.223427e-01 -1.132500e+01 -2.650670e+00
      vertex   -8.523740e-01 -8.325000e+00 -2.673152e+00
      vertex   -1.024038e+00 -8.325000e+00 -2.614359e+00
    endloop
  endfacet
  facet normal 3.487744e-01 4.794556e-04 9.372066e-01
    outer loop
      vertex   -9.223427e-01 -1.132500e+01 -2.650670e+00
      vertex   -1.024038e+00 -8.325000e+00 -2.614359e+00
      vertex   -1.094229e+00 -1.132500e+01 -2.586704e+00
    endloop
  endfacet
  facet normal 3.839335e-01 -4.707963e-04 9.233606e-01
    outer loop
      vertex   -1.094229e+00 -1.132500e+01 -2.586704e+00
      vertex   -1.024038e+00 -8.325000e+00 -2.614359e+00
      vertex   -1.191585e+00 -8.325000e+00 -2.544693e+00
    endloop
  endfacet
  facet normal 4.087081e-01 4.829678e-04 9.126650e-01
    outer loop
      vertex   -1.094229e+00 -1.132500e+01 -2.586704e+00
      vertex   -1.191585e+00 -8.325000e+00 -2.544693e+00
      vertex   -1.261614e+00 -1.132500e+01 -2.511745e+00
    endloop
  endfacet
  facet normal 4.422796e-01 -4.740847e-04 8.968771e-01
    outer loop
      vertex   -1.261614e+00 -1.132500e+01 -2.511745e+00
      vertex   -1.191585e+00 -8.325000e+00 -2.544693e+00
      vertex   -1.354326e+00 -8.325000e+00 -2.464440e+00
    endloop
  endfacet
  facet normal 4.669277e-01 4.860323e-04 8.842954e-01
    outer loop
      vertex   -1.261614e+00 -1.132500e+01 -2.511745e+00
      vertex   -1.354326e+00 -8.325000e+00 -2.464440e+00
      vertex   -1.423796e+00 -1.132500e+01 -2.426110e+00
    endloop
  endfacet
  facet normal 4.988099e-01 -4.769252e-04 8.667113e-01
    outer loop
      vertex   -1.423796e+00 -1.132500e+01 -2.426110e+00
      vertex   -1.354326e+00 -8.325000e+00 -2.464440e+00
      vertex   -1.511594e+00 -8.325000e+00 -2.373930e+00
    endloop
  endfacet
  facet normal 5.231887e-01 4.886489e-04 8.522167e-01
    outer loop
      vertex   -1.423796e+00 -1.132500e+01 -2.426110e+00
      vertex   -1.511594e+00 -8.325000e+00 -2.373930e+00
      vertex   -1.580095e+00 -1.132500e+01 -2.330155e+00
    endloop
  endfacet
  facet normal 5.532922e-01 -4.793179e-04 8.329871e-01
    outer loop
      vertex   -1.580095e+00 -1.132500e+01 -2.330155e+00
      vertex   -1.511594e+00 -8.325000e+00 -2.373930e+00
      vertex   -1.662742e+00 -8.325000e+00 -2.273533e+00
    endloop
  endfacet
  facet normal 5.772553e-01 4.908176e-04 8.165636e-01
    outer loop
      vertex   -1.580095e+00 -1.132500e+01 -2.330155e+00
      vertex   -1.662742e+00 -8.325000e+00 -2.273533e+00
      vertex   -1.729855e+00 -1.132500e+01 -2.224285e+00
    endloop
  endfacet
  facet normal 6.055029e-01 -4.812627e-04 7.958429e-01
    outer loop
      vertex   -1.729855e+00 -1.132500e+01 -2.224285e+00
      vertex   -1.662742e+00 -8.325000e+00 -2.273533e+00
      vertex   -1.807150e+00 -8.325000e+00 -2.163663e+00
    endloop
  endfacet
  facet normal 6.289007e-01 4.925385e-04 7.774855e-01
    outer loop
      vertex   -1.729855e+00 -1.132500e+01 -2.224285e+00
      vertex   -1.807150e+00 -8.325000e+00 -2.163663e+00
      vertex   -1.872448e+00 -1.132500e+01 -2.108943e+00
    endloop
  endfacet
  facet normal 6.552277e-01 -4.827596e-04 7.554313e-01
    outer loop
      vertex   -1.872448e+00 -1.132500e+01 -2.108943e+00
      vertex   -1.807150e+00 -8.325000e+00 -2.163663e+00
      vertex   -1.944225e+00 -8.325000e+00 -2.044770e+00
    endloop
  endfacet
  facet normal 6.779083e-01 4.938115e-04 7.351463e-01
    outer loop
      vertex   -1.872448e+00 -1.132500e+01 -2.108943e+00
      vertex   -1.944225e+00 -8.325000e+00 -2.044770e+00
      vertex   -2.007276e+00 -1.132500e+01 -1.984613e+00
    endloop
  endfacet
  facet normal 7.022623e-01 -4.838087e-04 7.119182e-01
    outer loop
      vertex   -2.007276e+00 -1.132500e+01 -1.984613e+00
      vertex   -1.944225e+00 -8.325000e+00 -2.044770e+00
      vertex   -2.073405e+00 -8.325000e+00 -1.917342e+00
    endloop
  endfacet
  facet normal 7.240725e-01 4.946367e-04 6.897237e-01
    outer loop
      vertex   -2.007276e+00 -1.132500e+01 -1.984613e+00
      vertex   -2.073405e+00 -8.325000e+00 -1.917342e+00
      vertex   -2.133773e+00 -1.132500e+01 -1.851816e+00
    endloop
  endfacet
  facet normal 7.464136e-01 -4.844100e-04 6.654821e-01
    outer loop
      vertex   -2.133773e+00 -1.132500e+01 -1.851816e+00
      vertex   -2.073405e+00 -8.325000e+00 -1.917342e+00
      vertex   -2.194159e+00 -8.325000e+00 -1.781903e+00
    endloop
  endfacet
  facet normal 7.671997e-01 4.950140e-04 6.414081e-01
    outer loop
      vertex   -2.133773e+00 -1.132500e+01 -1.851816e+00
      vertex   -2.194159e+00 -8.325000e+00 -1.781903e+00
      vertex   -2.251409e+00 -1.132500e+01 -1.711110e+00
    endloop
  endfacet
  facet normal 7.875005e-01 -4.845633e-04 6.163138e-01
    outer loop
      vertex   -2.251409e+00 -1.132500e+01 -1.711110e+00
      vertex   -2.194159e+00 -8.325000e+00 -1.781903e+00
      vertex   -2.305991e+00 -8.325000e+00 -1.639008e+00
    endloop
  endfacet
  facet normal 8.071090e-01 4.949434e-04 5.904023e-01
    outer loop
      vertex   -2.251409e+00 -1.132500e+01 -1.711110e+00
      vertex   -2.305991e+00 -8.325000e+00 -1.639008e+00
      vertex   -2.359690e+00 -1.132500e+01 -1.563084e+00
    endloop
  endfacet
  facet normal 8.253541e-01 -4.842689e-04 5.646152e-01
    outer loop
      vertex   -2.359690e+00 -1.132500e+01 -1.563084e+00
      vertex   -2.305991e+00 -8.325000e+00 -1.639008e+00
      vertex   -2.408442e+00 -8.325000e+00 -1.489245e+00
    endloop
  endfacet
  facet normal 8.436329e-01 4.944250e-04 5.369201e-01
    outer loop
      vertex   -2.359690e+00 -1.132500e+01 -1.563084e+00
      vertex   -2.408442e+00 -8.325000e+00 -1.489245e+00
      vertex   -2.458163e+00 -1.132500e+01 -1.408359e+00
    endloop
  endfacet
  facet normal 8.598192e-01 -4.835265e-04 5.105984e-01
    outer loop
      vertex   -2.458163e+00 -1.132500e+01 -1.408359e+00
      vertex   -2.408442e+00 -8.325000e+00 -1.489245e+00
      vertex   -2.501092e+00 -8.325000e+00 -1.333228e+00
    endloop
  endfacet
  facet normal 8.766184e-01 4.934588e-04 4.811859e-01
    outer loop
      vertex   -2.458163e+00 -1.132500e+01 -1.408359e+00
      vertex   -2.501092e+00 -8.325000e+00 -1.333228e+00
      vertex   -2.546414e+00 -1.132500e+01 -1.247585e+00
    endloop
  endfacet
  facet normal 8.907541e-01 -4.823363e-04 4.544853e-01
    outer loop
      vertex   -2.546414e+00 -1.132500e+01 -1.247585e+00
      vertex   -2.501092e+00 -8.325000e+00 -1.333228e+00
      vertex   -2.583560e+00 -8.325000e+00 -1.171598e+00
    endloop
  endfacet
  facet normal 9.059271e-01 4.920447e-04 4.234334e-01
    outer loop
      vertex   -2.546414e+00 -1.132500e+01 -1.247585e+00
      vertex   -2.583560e+00 -8.325000e+00 -1.171598e+00
      vertex   -2.624073e+00 -1.132500e+01 -1.081435e+00
    endloop
  endfacet
  facet normal 9.180319e-01 -4.806983e-04 3.965063e-01
    outer loop
      vertex   -2.624073e+00 -1.132500e+01 -1.081435e+00
      vertex   -2.583560e+00 -8.325000e+00 -1.171598e+00
      vertex   -2.655507e+00 -8.325000e+00 -1.005019e+00
    endloop
  endfacet
  facet normal 9.314360e-01 4.901827e-04 3.639049e-01
    outer loop
      vertex   -2.624073e+00 -1.132500e+01 -1.081435e+00
      vertex   -2.655507e+00 -8.325000e+00 -1.005019e+00
      vertex   -2.690814e+00 -1.132500e+01 -9.106075e-01
    endloop
  endfacet
  facet normal 9.415406e-01 -4.786124e-04 3.368993e-01
    outer loop
      vertex   -2.690814e+00 -1.132500e+01 -9.106075e-01
      vertex   -2.655507e+00 -8.325000e+00 -1.005019e+00
      vertex   -2.716638e+00 -8.325000e+00 -8.341731e-01
    endloop
  endfacet
  facet normal 9.530381e-01 4.878729e-04 3.028500e-01
    outer loop
      vertex   -2.690814e+00 -1.132500e+01 -9.106075e-01
      vertex   -2.716638e+00 -8.325000e+00 -8.341731e-01
      vertex   -2.746357e+00 -1.132500e+01 -7.358177e-01
    endloop
  endfacet
  facet normal 9.611836e-01 -4.760787e-04 2.759092e-01
    outer loop
      vertex   -2.746357e+00 -1.132500e+01 -7.358177e-01
      vertex   -2.716638e+00 -8.325000e+00 -8.341731e-01
      vertex   -2.766703e+00 -8.325000e+00 -6.597633e-01
    endloop
  endfacet
  facet normal 9.706428e-01 4.851152e-04 2.405249e-01
    outer loop
      vertex   -2.746357e+00 -1.132500e+01 -7.358177e-01
      vertex   -2.766703e+00 -8.325000e+00 -6.597633e-01
      vertex   -2.790470e+00 -1.132500e+01 -5.577992e-01
    endloop
  endfacet
  facet normal 9.768804e-01 -4.730971e-04 2.137862e-01
    outer loop
      vertex   -2.790470e+00 -1.132500e+01 -5.577992e-01
      vertex   -2.766703e+00 -8.325000e+00 -6.597633e-01
      vertex   -2.805495e+00 -8.325000e+00 -4.825053e-01
    endloop
  endfacet
  facet normal 9.841764e-01 4.819097e-04 1.771910e-01
    outer loop
      vertex   -2.790470e+00 -1.132500e+01 -5.577992e-01
      vertex   -2.805495e+00 -8.325000e+00 -4.825053e-01
      vertex   -2.822968e+00 -1.132500e+01 -3.772985e-01
    endloop
  endfacet
  facet normal 9.885664e-01 -4.696676e-04 1.507856e-01
    outer loop
      vertex   -2.822968e+00 -1.132500e+01 -3.772985e-01
      vertex   -2.805495e+00 -8.325000e+00 -4.825053e-01
      vertex   -2.832856e+00 -8.325000e+00 -3.031268e-01
    endloop
  endfacet
  facet normal 9.935819e-01 4.782563e-04 1.131138e-01
    outer loop
      vertex   -2.822968e+00 -1.132500e+01 -3.772985e-01
      vertex   -2.832856e+00 -8.325000e+00 -3.031268e-01
      vertex   -2.843713e+00 -1.132500e+01 -1.950729e-01
    endloop
  endfacet
  facet normal 9.961937e-01 -4.657903e-04 8.716581e-02
    outer loop
      vertex   -2.843713e+00 -1.132500e+01 -1.950729e-01
      vertex   -2.832856e+00 -8.325000e+00 -3.031268e-01
      vertex   -2.848672e+00 -8.325000e+00 -1.223644e-01
    endloop
  endfacet
  facet normal 9.988200e-01 4.741551e-04 4.856222e-02
    outer loop
      vertex   -2.843713e+00 -1.132500e+01 -1.950729e-01
      vertex   -2.848672e+00 -8.325000e+00 -1.223644e-01
      vertex   -2.852619e+00 -1.132500e+01 -1.188661e-02
    endloop
  endfacet
  facet normal 9.997310e-01 -4.614652e-04 2.318819e-02
    outer loop
      vertex   -2.852619e+00 -1.132500e+01 -1.188661e-02
      vertex   -2.848672e+00 -8.325000e+00 -1.223644e-01
      vertex   -2.852880e+00 -8.325000e+00 5.903996e-02
    endloop
  endfacet
  facet normal 9.998688e-01 4.696060e-04 -1.619307e-02
    outer loop
      vertex   -2.852619e+00 -1.132500e+01 -1.188661e-02
      vertex   -2.852880e+00 -8.325000e+00 5.903996e-02
      vertex   -2.849650e+00 -1.132500e+01 1.714920e-01
    endloop
  endfacet
  facet normal 9.991638e-01 -4.566922e-04 -4.088463e-02
    outer loop
      vertex   -2.849650e+00 -1.132500e+01 1.714920e-01
      vertex   -2.852880e+00 -8.325000e+00 5.903996e-02
      vertex   -2.845461e+00 -8.325000e+00 2.403414e-01
    endloop
  endfacet
  facet normal 9.967237e-01 4.646091e-04 -8.088043e-02
    outer loop
      vertex   -2.849650e+00 -1.132500e+01 1.714920e-01
      vertex   -2.845461e+00 -8.325000e+00 2.403414e-01
      vertex   -2.834816e+00 -1.132500e+01 3.542939e-01
    endloop
  endfacet
  facet normal 9.893981e-01 -2.399032e-16 -1.452286e-01
    outer loop
      vertex   -2.808181e+00 -7.658333e+00 5.357521e-01
      vertex   -2.834816e+00 -7.658333e+00 3.542939e-01
      vertex   -2.834816e+00 -3.991667e+00 3.542939e-01
    endloop
  endfacet
  facet normal 9.893981e-01 -1.198312e-16 -1.452286e-01
    outer loop
      vertex   -2.808181e+00 -7.658333e+00 5.357521e-01
      vertex   -2.834816e+00 -3.991667e+00 3.542939e-01
      vertex   -2.808181e+00 -3.991667e+00 5.357521e-01
    endloop
  endfacet
  facet normal 9.779226e-01 -1.186618e-16 -2.089676e-01
    outer loop
      vertex   -2.769855e+00 -7.658333e+00 7.151058e-01
      vertex   -2.808181e+00 -7.658333e+00 5.357521e-01
      vertex   -2.808181e+00 -3.991667e+00 5.357521e-01
    endloop
  endfacet
  facet normal 9.779226e-01 -1.184413e-16 -2.089676e-01
    outer loop
      vertex   -2.769855e+00 -7.658333e+00 7.151058e-01
      vertex   -2.808181e+00 -3.991667e+00 5.357521e-01
      vertex   -2.769855e+00 -3.991667e+00 7.151058e-01
    endloop
  endfacet
  facet normal 9.623453e-01 -1.186618e-16 -2.718301e-01
    outer loop
      vertex   -2.720001e+00 -7.658333e+00 8.916025e-01
      vertex   -2.769855e+00 -7.658333e+00 7.151058e-01
      vertex   -2.769855e+00 -3.991667e+00 7.151058e-01
    endloop
  endfacet
  facet normal 9.623453e-01 -1.165547e-16 -2.718301e-01
    outer loop
      vertex   -2.720001e+00 -7.658333e+00 8.916025e-01
      vertex   -2.769855e+00 -3.991667e+00 7.151058e-01
      vertex   -2.720001e+00 -3.991667e+00 8.916025e-01
    endloop
  endfacet
  facet normal 9.427315e-01 -1.160822e-16 -3.335524e-01
    outer loop
      vertex   -2.658827e+00 -7.658333e+00 1.064502e+00
      vertex   -2.720001e+00 -7.658333e+00 8.916025e-01
      vertex   -2.720001e+00 -3.991667e+00 8.916025e-01
    endloop
  endfacet
  facet normal 9.427315e-01 -2.283583e-16 -3.335524e-01
    outer loop
      vertex   -2.658827e+00 -7.658333e+00 1.064502e+00
      vertex   -2.720001e+00 -3.991667e+00 8.916025e-01
      vertex   -2.658827e+00 -3.991667e+00 1.064502e+00
    endloop
  endfacet
  facet normal 9.191637e-01 -2.218460e-16 -3.938758e-01
    outer loop
      vertex   -2.586589e+00 -7.658333e+00 1.233079e+00
      vertex   -2.658827e+00 -7.658333e+00 1.064502e+00
      vertex   -2.658827e+00 -3.991667e+00 1.064502e+00
    endloop
  endfacet
  facet normal 9.191637e-01 -2.226495e-16 -3.938758e-01
    outer loop
      vertex   -2.586589e+00 -7.658333e+00 1.233079e+00
      vertex   -2.658827e+00 -3.991667e+00 1.064502e+00
      vertex   -2.586589e+00 -3.991667e+00 1.233079e+00
    endloop
  endfacet
  facet normal 8.917405e-01 -2.166868e-16 -4.525470e-01
    outer loop
      vertex   -2.503590e+00 -7.658333e+00 1.396627e+00
      vertex   -2.586589e+00 -7.658333e+00 1.233079e+00
      vertex   -2.586589e+00 -3.991667e+00 1.233079e+00
    endloop
  endfacet
  facet normal 8.917405e-01 -1.080034e-16 -4.525470e-01
    outer loop
      vertex   -2.503590e+00 -7.658333e+00 1.396627e+00
      vertex   -2.586589e+00 -3.991667e+00 1.233079e+00
      vertex   -2.503590e+00 -3.991667e+00 1.396627e+00
    endloop
  endfacet
  facet normal 8.605771e-01 -1.031842e-16 -5.093202e-01
    outer loop
      vertex   -2.410180e+00 -7.658333e+00 1.554459e+00
      vertex   -2.503590e+00 -7.658333e+00 1.396627e+00
      vertex   -2.503590e+00 -3.991667e+00 1.396627e+00
    endloop
  endfacet
  facet normal 8.605771e-01 -1.042290e-16 -5.093202e-01
    outer loop
      vertex   -2.410180e+00 -7.658333e+00 1.554459e+00
      vertex   -2.503590e+00 -3.991667e+00 1.396627e+00
      vertex   -2.410180e+00 -3.991667e+00 1.554459e+00
    endloop
  endfacet
  facet normal 8.258041e-01 -9.802497e-17 -5.639570e-01
    outer loop
      vertex   -2.306748e+00 -7.658333e+00 1.705914e+00
      vertex   -2.410180e+00 -7.658333e+00 1.554459e+00
      vertex   -2.410180e+00 -3.991667e+00 1.554459e+00
    endloop
  endfacet
  facet normal 8.258041e-01 -1.658830e-16 -5.639570e-01
    outer loop
      vertex   -2.306748e+00 -7.658333e+00 1.705914e+00
      vertex   -2.410180e+00 -3.991667e+00 1.554459e+00
      vertex   -2.306748e+00 -3.991667e+00 1.705914e+00
    endloop
  endfacet
  facet normal 7.875674e-01 -1.547763e-16 -6.162285e-01
    outer loop
      vertex   -2.193730e+00 -7.658333e+00 1.850356e+00
      vertex   -2.306748e+00 -7.658333e+00 1.705914e+00
      vertex   -2.306748e+00 -3.991667e+00 1.705914e+00
    endloop
  endfacet
  facet normal 7.875674e-01 -1.907728e-16 -6.162285e-01
    outer loop
      vertex   -2.193730e+00 -7.658333e+00 1.850356e+00
      vertex   -2.306748e+00 -3.991667e+00 1.705914e+00
      vertex   -2.193730e+00 -3.991667e+00 1.850356e+00
    endloop
  endfacet
  facet normal 7.460274e-01 -1.805723e-16 -6.659152e-01
    outer loop
      vertex   -2.071600e+00 -7.658333e+00 1.987179e+00
      vertex   -2.193730e+00 -7.658333e+00 1.850356e+00
      vertex   -2.193730e+00 -3.991667e+00 1.850356e+00
    endloop
  endfacet
  facet normal 7.460274e-01 -1.807106e-16 -6.659152e-01
    outer loop
      vertex   -2.071600e+00 -7.658333e+00 1.987179e+00
      vertex   -2.193730e+00 -3.991667e+00 1.850356e+00
      vertex   -2.071600e+00 -3.991667e+00 1.987179e+00
    endloop
  endfacet
  facet normal 7.013583e-01 -1.650947e-16 -7.128089e-01
    outer loop
      vertex   -1.940869e+00 -7.658333e+00 2.115810e+00
      vertex   -2.071600e+00 -7.658333e+00 1.987179e+00
      vertex   -2.071600e+00 -3.991667e+00 1.987179e+00
    endloop
  endfacet
  facet normal 7.013583e-01 -1.274178e-16 -7.128089e-01
    outer loop
      vertex   -1.940869e+00 -7.658333e+00 2.115810e+00
      vertex   -2.071600e+00 -3.991667e+00 1.987179e+00
      vertex   -1.940869e+00 -3.991667e+00 2.115810e+00
    endloop
  endfacet
  facet normal 6.537474e-01 -1.238210e-16 -7.567128e-01
    outer loop
      vertex   -1.802086e+00 -7.658333e+00 2.235709e+00
      vertex   -1.940869e+00 -7.658333e+00 2.115810e+00
      vertex   -1.940869e+00 -3.991667e+00 2.115810e+00
    endloop
  endfacet
  facet normal 6.537474e-01 -1.187682e-16 -7.567128e-01
    outer loop
      vertex   -1.802086e+00 -7.658333e+00 2.235709e+00
      vertex   -1.940869e+00 -3.991667e+00 2.115810e+00
      vertex   -1.802086e+00 -3.991667e+00 2.235709e+00
    endloop
  endfacet
  facet normal 6.033945e-01 -1.083434e-16 -7.974428e-01
    outer loop
      vertex   -1.655832e+00 -7.658333e+00 2.346373e+00
      vertex   -1.802086e+00 -7.658333e+00 2.235709e+00
      vertex   -1.802086e+00 -3.991667e+00 2.235709e+00
    endloop
  endfacet
  facet normal 6.033945e-01 -1.461605e-16 -7.974428e-01
    outer loop
      vertex   -1.655832e+00 -7.658333e+00 2.346373e+00
      vertex   -1.802086e+00 -3.991667e+00 2.235709e+00
      vertex   -1.655832e+00 -3.991667e+00 2.346373e+00
    endloop
  endfacet
  facet normal 5.505108e-01 -1.341394e-16 -8.348281e-01
    outer loop
      vertex   -1.502723e+00 -7.658333e+00 2.447338e+00
      vertex   -1.655832e+00 -7.658333e+00 2.346373e+00
      vertex   -1.655832e+00 -3.991667e+00 2.346373e+00
    endloop
  endfacet
  facet normal 5.505108e-01 -6.557771e-17 -8.348281e-01
    outer loop
      vertex   -1.502723e+00 -7.658333e+00 2.447338e+00
      vertex   -1.655832e+00 -3.991667e+00 2.346373e+00
      vertex   -1.502723e+00 -3.991667e+00 2.447338e+00
    endloop
  endfacet
  facet normal 4.953180e-01 -4.643288e-17 -8.687117e-01
    outer loop
      vertex   -1.343399e+00 -7.658333e+00 2.538181e+00
      vertex   -1.502723e+00 -7.658333e+00 2.447338e+00
      vertex   -1.502723e+00 -3.991667e+00 2.447338e+00
    endloop
  endfacet
  facet normal 4.953180e-01 -1.199811e-16 -8.687117e-01
    outer loop
      vertex   -1.343399e+00 -7.658333e+00 2.538181e+00
      vertex   -1.502723e+00 -3.991667e+00 2.447338e+00
      vertex   -1.343399e+00 -3.991667e+00 2.538181e+00
    endloop
  endfacet
  facet normal 4.380477e-01 -1.057638e-16 -8.989517e-01
    outer loop
      vertex   -1.178528e+00 -7.658333e+00 2.618520e+00
      vertex   -1.343399e+00 -7.658333e+00 2.538181e+00
      vertex   -1.343399e+00 -3.991667e+00 2.538181e+00
    endloop
  endfacet
  facet normal 4.380477e-01 -7.958137e-17 -8.989517e-01
    outer loop
      vertex   -1.178528e+00 -7.658333e+00 2.618520e+00
      vertex   -1.343399e+00 -3.991667e+00 2.538181e+00
      vertex   -1.178528e+00 -3.991667e+00 2.618520e+00
    endloop
  endfacet
  facet normal 3.789400e-01 -6.964932e-17 -9.254212e-01
    outer loop
      vertex   -1.008804e+00 -7.658333e+00 2.688019e+00
      vertex   -1.178528e+00 -7.658333e+00 2.618520e+00
      vertex   -1.178528e+00 -3.991667e+00 2.618520e+00
    endloop
  endfacet
  facet normal 3.789400e-01 -9.179083e-17 -9.254212e-01
    outer loop
      vertex   -1.008804e+00 -7.658333e+00 2.688019e+00
      vertex   -1.178528e+00 -3.991667e+00 2.618520e+00
      vertex   -1.008804e+00 -3.991667e+00 2.688019e+00
    endloop
  endfacet
  facet normal 3.182430e-01 -7.738813e-17 -9.480092e-01
    outer loop
      vertex   -8.349363e-01 -7.658333e+00 2.746385e+00
      vertex   -1.008804e+00 -7.658333e+00 2.688019e+00
      vertex   -1.008804e+00 -3.991667e+00 2.688019e+00
    endloop
  endfacet
  facet normal 3.182430e-01 -4.818009e-17 -9.480092e-01
    outer loop
      vertex   -8.349363e-01 -7.658333e+00 2.746385e+00
      vertex   -1.008804e+00 -3.991667e+00 2.688019e+00
      vertex   -8.349363e-01 -3.991667e+00 2.746385e+00
    endloop
  endfacet
  facet normal 2.562111e-01 -3.869407e-17 -9.666209e-01
    outer loop
      vertex   -6.576554e-01 -7.658333e+00 2.793375e+00
      vertex   -8.349363e-01 -7.658333e+00 2.746385e+00
      vertex   -8.349363e-01 -3.991667e+00 2.746385e+00
    endloop
  endfacet
  facet normal 2.562111e-01 -4.654660e-17 -9.666209e-01
    outer loop
      vertex   -6.576554e-01 -7.658333e+00 2.793375e+00
      vertex   -8.349363e-01 -3.991667e+00 2.746385e+00
      vertex   -6.576554e-01 -3.991667e+00 2.793375e+00
    endloop
  endfacet
  facet normal 1.931046e-01 -3.482466e-17 -9.811782e-01
    outer loop
      vertex   -4.777047e-01 -7.658333e+00 2.828791e+00
      vertex   -6.576554e-01 -7.658333e+00 2.793375e+00
      vertex   -6.576554e-01 -3.991667e+00 2.793375e+00
    endloop
  endfacet
  facet normal 1.931046e-01 -2.923489e-17 -9.811782e-01
    outer loop
      vertex   -4.777047e-01 -7.658333e+00 2.828791e+00
      vertex   -6.576554e-01 -3.991667e+00 2.793375e+00
      vertex   -4.777047e-01 -3.991667e+00 2.828791e+00
    endloop
  endfacet
  facet normal 1.291881e-01 -1.934703e-17 -9.916201e-01
    outer loop
      vertex   -2.958389e-01 -7.658333e+00 2.852485e+00
      vertex   -4.777047e-01 -7.658333e+00 2.828791e+00
      vertex   -4.777047e-01 -3.991667e+00 2.828791e+00
    endloop
  endfacet
  facet normal 1.291881e-01 -1.760248e-17 -9.916201e-01
    outer loop
      vertex   -2.958389e-01 -7.658333e+00 2.852485e+00
      vertex   -4.777047e-01 -3.991667e+00 2.828791e+00
      vertex   -2.958389e-01 -3.991667e+00 2.852485e+00
    endloop
  endfacet
  facet normal 6.472982e-02 -9.028616e-18 -9.979028e-01
    outer loop
      vertex   -1.128209e-01 -7.658333e+00 2.864356e+00
      vertex   -2.958389e-01 -7.658333e+00 2.852485e+00
      vertex   -2.958389e-01 -3.991667e+00 2.852485e+00
    endloop
  endfacet
  facet normal 6.472982e-02 -9.554717e-18 -9.979028e-01
    outer loop
      vertex   -1.128209e-01 -7.658333e+00 2.864356e+00
      vertex   -2.958389e-01 -3.991667e+00 2.852485e+00
      vertex   -1.128209e-01 -3.991667e+00 2.864356e+00
    endloop
  endfacet
  facet normal 4.842777e-15 -7.331677e-31 -1.000000e+00
    outer loop
      vertex   7.058182e-02 -7.658333e+00 2.864356e+00
      vertex   -1.128209e-01 -7.658333e+00 2.864356e+00
      vertex   -1.128209e-01 -3.991667e+00 2.864356e+00
    endloop
  endfacet
  facet normal 4.842777e-15 -7.148385e-31 -1.000000e+00
    outer loop
      vertex   7.058182e-02 -7.658333e+00 2.864356e+00
      vertex   -1.128209e-01 -3.991667e+00 2.864356e+00
      vertex   7.058182e-02 -3.991667e+00 2.864356e+00
    endloop
  endfacet
  facet normal -6.472982e-02 9.028616e-18 -9.979028e-01
    outer loop
      vertex   2.535999e-01 -7.658333e+00 2.852485e+00
      vertex   7.058182e-02 -7.658333e+00 2.864356e+00
      vertex   7.058182e-02 -3.991667e+00 2.864356e+00
    endloop
  endfacet
  facet normal -6.472982e-02 7.839767e-18 -9.979028e-01
    outer loop
      vertex   2.535999e-01 -7.658333e+00 2.852485e+00
      vertex   7.058182e-02 -3.991667e+00 2.864356e+00
      vertex   2.535999e-01 -3.991667e+00 2.852485e+00
    endloop
  endfacet
  facet normal -1.291881e-01 1.547763e-17 -9.916201e-01
    outer loop
      vertex   4.354657e-01 -7.658333e+00 2.828791e+00
      vertex   2.535999e-01 -7.658333e+00 2.852485e+00
      vertex   2.535999e-01 -3.991667e+00 2.852485e+00
    endloop
  endfacet
  facet normal -1.291881e-01 1.760248e-17 -9.916201e-01
    outer loop
      vertex   4.354657e-01 -7.658333e+00 2.828791e+00
      vertex   2.535999e-01 -3.991667e+00 2.852485e+00
      vertex   4.354657e-01 -3.991667e+00 2.828791e+00
    endloop
  endfacet
  facet normal -1.931046e-01 2.708585e-17 -9.811782e-01
    outer loop
      vertex   6.154164e-01 -7.658333e+00 2.793375e+00
      vertex   4.354657e-01 -7.658333e+00 2.828791e+00
      vertex   4.354657e-01 -3.991667e+00 2.828791e+00
    endloop
  endfacet
  facet normal -1.931046e-01 3.508186e-17 -9.811782e-01
    outer loop
      vertex   6.154164e-01 -7.658333e+00 2.793375e+00
      vertex   4.354657e-01 -3.991667e+00 2.828791e+00
      vertex   6.154164e-01 -3.991667e+00 2.793375e+00
    endloop
  endfacet
  facet normal -2.562111e-01 4.643288e-17 -9.666209e-01
    outer loop
      vertex   7.926973e-01 -7.658333e+00 2.746385e+00
      vertex   6.154164e-01 -7.658333e+00 2.793375e+00
      vertex   6.154164e-01 -3.991667e+00 2.793375e+00
    endloop
  endfacet
  facet normal -2.562111e-01 3.878884e-17 -9.666209e-01
    outer loop
      vertex   7.926973e-01 -7.658333e+00 2.746385e+00
      vertex   6.154164e-01 -3.991667e+00 2.793375e+00
      vertex   7.926973e-01 -3.991667e+00 2.746385e+00
    endloop
  endfacet
  facet normal -3.182430e-01 4.901248e-17 -9.480092e-01
    outer loop
      vertex   9.665647e-01 -7.658333e+00 2.688019e+00
      vertex   7.926973e-01 -7.658333e+00 2.746385e+00
      vertex   7.926973e-01 -3.991667e+00 2.746385e+00
    endloop
  endfacet
  facet normal -3.182430e-01 3.854407e-17 -9.480092e-01
    outer loop
      vertex   9.665647e-01 -7.658333e+00 2.688019e+00
      vertex   7.926973e-01 -3.991667e+00 2.746385e+00
      vertex   9.665647e-01 -3.991667e+00 2.688019e+00
    endloop
  endfacet
  facet normal -3.789400e-01 4.643288e-17 -9.254212e-01
    outer loop
      vertex   1.136289e+00 -7.658333e+00 2.618520e+00
      vertex   9.665647e-01 -7.658333e+00 2.688019e+00
      vertex   9.665647e-01 -3.991667e+00 2.688019e+00
    endloop
  endfacet
  facet normal -3.789400e-01 4.589541e-17 -9.254212e-01
    outer loop
      vertex   1.136289e+00 -7.658333e+00 2.618520e+00
      vertex   9.665647e-01 -3.991667e+00 2.688019e+00
      vertex   1.136289e+00 -3.991667e+00 2.618520e+00
    endloop
  endfacet
  facet normal -4.380477e-01 5.159209e-17 -8.989517e-01
    outer loop
      vertex   1.301160e+00 -7.658333e+00 2.538181e+00
      vertex   1.136289e+00 -7.658333e+00 2.618520e+00
      vertex   1.136289e+00 -3.991667e+00 2.618520e+00
    endloop
  endfacet
  facet normal -4.380477e-01 5.305425e-17 -8.989517e-01
    outer loop
      vertex   1.301160e+00 -7.658333e+00 2.538181e+00
      vertex   1.136289e+00 -3.991667e+00 2.618520e+00
      vertex   1.301160e+00 -3.991667e+00 2.538181e+00
    endloop
  endfacet
  facet normal -4.953180e-01 5.933090e-17 -8.687117e-01
    outer loop
      vertex   1.460484e+00 -7.658333e+00 2.447338e+00
      vertex   1.301160e+00 -7.658333e+00 2.538181e+00
      vertex   1.301160e+00 -3.991667e+00 2.538181e+00
    endloop
  endfacet
  facet normal -4.953180e-01 1.652048e-16 -8.687117e-01
    outer loop
      vertex   1.460484e+00 -7.658333e+00 2.447338e+00
      vertex   1.301160e+00 -3.991667e+00 2.538181e+00
      vertex   1.460484e+00 -3.991667e+00 2.447338e+00
    endloop
  endfacet
  facet normal -5.505108e-01 1.676743e-16 -8.348281e-01
    outer loop
      vertex   1.613593e+00 -7.658333e+00 2.346373e+00
      vertex   1.460484e+00 -7.658333e+00 2.447338e+00
      vertex   1.460484e+00 -3.991667e+00 2.447338e+00
    endloop
  endfacet
  facet normal -5.505108e-01 1.677856e-16 -8.348281e-01
    outer loop
      vertex   1.613593e+00 -7.658333e+00 2.346373e+00
      vertex   1.460484e+00 -3.991667e+00 2.447338e+00
      vertex   1.613593e+00 -3.991667e+00 2.346373e+00
    endloop
  endfacet
  facet normal -6.033945e-01 1.702539e-16 -7.974428e-01
    outer loop
      vertex   1.759847e+00 -7.658333e+00 2.235709e+00
      vertex   1.613593e+00 -7.658333e+00 2.346373e+00
      vertex   1.613593e+00 -3.991667e+00 2.346373e+00
    endloop
  endfacet
  facet normal -6.033945e-01 2.062029e-16 -7.974428e-01
    outer loop
      vertex   1.759847e+00 -7.658333e+00 2.235709e+00
      vertex   1.613593e+00 -3.991667e+00 2.346373e+00
      vertex   1.759847e+00 -3.991667e+00 2.235709e+00
    endloop
  endfacet
  facet normal -6.537474e-01 2.115276e-16 -7.567128e-01
    outer loop
      vertex   1.898630e+00 -7.658333e+00 2.115810e+00
      vertex   1.759847e+00 -7.658333e+00 2.235709e+00
      vertex   1.759847e+00 -3.991667e+00 2.235709e+00
    endloop
  endfacet
  facet normal -6.537474e-01 1.708282e-16 -7.567128e-01
    outer loop
      vertex   1.898630e+00 -7.658333e+00 2.115810e+00
      vertex   1.759847e+00 -3.991667e+00 2.235709e+00
      vertex   1.898630e+00 -3.991667e+00 2.115810e+00
    endloop
  endfacet
  facet normal -7.013583e-01 1.702539e-16 -7.128089e-01
    outer loop
      vertex   2.029361e+00 -7.658333e+00 1.987179e+00
      vertex   1.898630e+00 -7.658333e+00 2.115810e+00
      vertex   1.898630e+00 -3.991667e+00 2.115810e+00
    endloop
  endfacet
  facet normal -7.013583e-01 1.712772e-16 -7.128089e-01
    outer loop
      vertex   2.029361e+00 -7.658333e+00 1.987179e+00
      vertex   1.898630e+00 -3.991667e+00 2.115810e+00
      vertex   2.029361e+00 -3.991667e+00 1.987179e+00
    endloop
  endfacet
  facet normal -7.460274e-01 1.702539e-16 -6.659152e-01
    outer loop
      vertex   2.151491e+00 -7.658333e+00 1.850356e+00
      vertex   2.029361e+00 -7.658333e+00 1.987179e+00
      vertex   2.029361e+00 -3.991667e+00 1.987179e+00
    endloop
  endfacet
  facet normal -7.460274e-01 1.710078e-16 -6.659152e-01
    outer loop
      vertex   2.151491e+00 -7.658333e+00 1.850356e+00
      vertex   2.029361e+00 -3.991667e+00 1.987179e+00
      vertex   2.151491e+00 -3.991667e+00 1.850356e+00
    endloop
  endfacet
  facet normal -7.875674e-01 1.702539e-16 -6.162285e-01
    outer loop
      vertex   2.264509e+00 -7.658333e+00 1.705914e+00
      vertex   2.151491e+00 -7.658333e+00 1.850356e+00
      vertex   2.151491e+00 -3.991667e+00 1.850356e+00
    endloop
  endfacet
  facet normal -7.875674e-01 2.280902e-16 -6.162285e-01
    outer loop
      vertex   2.264509e+00 -7.658333e+00 1.705914e+00
      vertex   2.151491e+00 -3.991667e+00 1.850356e+00
      vertex   2.264509e+00 -3.991667e+00 1.705914e+00
    endloop
  endfacet
  facet normal -8.258041e-01 2.321644e-16 -5.639570e-01
    outer loop
      vertex   2.367941e+00 -7.658333e+00 1.554459e+00
      vertex   2.264509e+00 -7.658333e+00 1.705914e+00
      vertex   2.264509e+00 -3.991667e+00 1.705914e+00
    endloop
  endfacet
  facet normal -8.258041e-01 2.024732e-16 -5.639570e-01
    outer loop
      vertex   2.367941e+00 -7.658333e+00 1.554459e+00
      vertex   2.264509e+00 -3.991667e+00 1.705914e+00
      vertex   2.367941e+00 -3.991667e+00 1.554459e+00
    endloop
  endfacet
  facet normal -8.605771e-01 1.960499e-16 -5.093202e-01
    outer loop
      vertex   2.461351e+00 -7.658333e+00 1.396627e+00
      vertex   2.367941e+00 -7.658333e+00 1.554459e+00
      vertex   2.367941e+00 -3.991667e+00 1.554459e+00
    endloop
  endfacet
  facet normal -8.605771e-01 1.659154e-16 -5.093202e-01
    outer loop
      vertex   2.461351e+00 -7.658333e+00 1.396627e+00
      vertex   2.367941e+00 -3.991667e+00 1.554459e+00
      vertex   2.461351e+00 -3.991667e+00 1.396627e+00
    endloop
  endfacet
  facet normal -8.917405e-01 1.625151e-16 -4.525470e-01
    outer loop
      vertex   2.544350e+00 -7.658333e+00 1.233079e+00
      vertex   2.461351e+00 -7.658333e+00 1.396627e+00
      vertex   2.461351e+00 -3.991667e+00 1.396627e+00
    endloop
  endfacet
  facet normal -8.917405e-01 5.481034e-17 -4.525470e-01
    outer loop
      vertex   2.544350e+00 -7.658333e+00 1.233079e+00
      vertex   2.461351e+00 -3.991667e+00 1.396627e+00
      vertex   2.544350e+00 -3.991667e+00 1.233079e+00
    endloop
  endfacet
  facet normal -9.191637e-01 4.901248e-17 -3.938758e-01
    outer loop
      vertex   2.616588e+00 -7.658333e+00 1.064502e+00
      vertex   2.544350e+00 -7.658333e+00 1.233079e+00
      vertex   2.544350e+00 -3.991667e+00 1.233079e+00
    endloop
  endfacet
  facet normal -9.191637e-01 1.590291e-16 -3.938758e-01
    outer loop
      vertex   2.616588e+00 -7.658333e+00 1.064502e+00
      vertex   2.544350e+00 -3.991667e+00 1.233079e+00
      vertex   2.616588e+00 -3.991667e+00 1.064502e+00
    endloop
  endfacet
  facet normal -9.427315e-01 1.547763e-16 -3.335524e-01
    outer loop
      vertex   2.677762e+00 -7.658333e+00 8.916025e-01
      vertex   2.616588e+00 -7.658333e+00 1.064502e+00
      vertex   2.616588e+00 -3.991667e+00 1.064502e+00
    endloop
  endfacet
  facet normal -9.427315e-01 5.049785e-17 -3.335524e-01
    outer loop
      vertex   2.677762e+00 -7.658333e+00 8.916025e-01
      vertex   2.616588e+00 -3.991667e+00 1.064502e+00
      vertex   2.677762e+00 -3.991667e+00 8.916025e-01
    endloop
  endfacet
  facet normal -9.623453e-01 4.127367e-17 -2.718301e-01
    outer loop
      vertex   2.727616e+00 -7.658333e+00 7.151058e-01
      vertex   2.677762e+00 -7.658333e+00 8.916025e-01
      vertex   2.677762e+00 -3.991667e+00 8.916025e-01
    endloop
  endfacet
  facet normal -9.623453e-01 2.742628e-16 -2.718301e-01
    outer loop
      vertex   2.727616e+00 -7.658333e+00 7.151058e-01
      vertex   2.677762e+00 -3.991667e+00 8.916025e-01
      vertex   2.727616e+00 -3.991667e+00 7.151058e-01
    endloop
  endfacet
  facet normal -9.779226e-01 2.682789e-16 -2.089676e-01
    outer loop
      vertex   2.765942e+00 -7.658333e+00 5.357521e-01
      vertex   2.727616e+00 -7.658333e+00 7.151058e-01
      vertex   2.727616e+00 -3.991667e+00 7.151058e-01
    endloop
  endfacet
  facet normal -9.779226e-01 3.796373e-17 -2.089676e-01
    outer loop
      vertex   2.765942e+00 -7.658333e+00 5.357521e-01
      vertex   2.727616e+00 -3.991667e+00 7.151058e-01
      vertex   2.765942e+00 -3.991667e+00 5.357521e-01
    endloop
  endfacet
  facet normal -9.893981e-01 2.579604e-17 -1.452286e-01
    outer loop
      vertex   2.792577e+00 -7.658333e+00 3.542939e-01
      vertex   2.765942e+00 -7.658333e+00 5.357521e-01
      vertex   2.765942e+00 -3.991667e+00 5.357521e-01
    endloop
  endfacet
  facet normal -9.893981e-01 1.462153e-16 -1.452286e-01
    outer loop
      vertex   2.792577e+00 -7.658333e+00 3.542939e-01
      vertex   2.765942e+00 -3.991667e+00 5.357521e-01
      vertex   2.792577e+00 -3.991667e+00 3.542939e-01
    endloop
  endfacet
  facet normal -9.967238e-01 1.354292e-16 -8.088044e-02
    outer loop
      vertex   2.807411e+00 -7.658333e+00 1.714920e-01
      vertex   2.792577e+00 -7.658333e+00 3.542939e-01
      vertex   2.792577e+00 -3.991667e+00 3.542939e-01
    endloop
  endfacet
  facet normal -9.967238e-01 1.354122e-16 -8.088044e-02
    outer loop
      vertex   2.807411e+00 -7.658333e+00 1.714920e-01
      vertex   2.792577e+00 -3.991667e+00 3.542939e-01
      vertex   2.807411e+00 -3.991667e+00 1.714920e-01
    endloop
  endfacet
  facet normal -9.998689e-01 1.239822e-16 -1.619307e-02
    outer loop
      vertex   2.810380e+00 -7.658333e+00 -1.188661e-02
      vertex   2.807411e+00 -7.658333e+00 1.714920e-01
      vertex   2.807411e+00 -3.991667e+00 1.714920e-01
    endloop
  endfacet
  facet normal -9.998689e-01 2.449950e-16 -1.619307e-02
    outer loop
      vertex   2.810380e+00 -7.658333e+00 -1.188661e-02
      vertex   2.807411e+00 -3.991667e+00 1.714920e-01
      vertex   2.810380e+00 -3.991667e+00 -1.188661e-02
    endloop
  endfacet
  facet normal -9.988202e-01 2.334542e-16 4.856222e-02
    outer loop
      vertex   2.801474e+00 -7.658333e+00 -1.950729e-01
      vertex   2.810380e+00 -7.658333e+00 -1.188661e-02
      vertex   2.810380e+00 -3.991667e+00 -1.188661e-02
    endloop
  endfacet
  facet normal -9.988202e-01 1.125175e-16 4.856222e-02
    outer loop
      vertex   2.801474e+00 -7.658333e+00 -1.950729e-01
      vertex   2.810380e+00 -3.991667e+00 -1.188661e-02
      vertex   2.801474e+00 -3.991667e+00 -1.950729e-01
    endloop
  endfacet
  facet normal -9.935820e-01 1.006046e-16 1.131138e-01
    outer loop
      vertex   2.780729e+00 -7.658333e+00 -3.772985e-01
      vertex   2.801474e+00 -7.658333e+00 -1.950729e-01
      vertex   2.801474e+00 -3.991667e+00 -1.950729e-01
    endloop
  endfacet
  facet normal -9.935820e-01 1.015007e-16 1.131138e-01
    outer loop
      vertex   2.780729e+00 -7.658333e+00 -3.772985e-01
      vertex   2.801474e+00 -3.991667e+00 -1.950729e-01
      vertex   2.780729e+00 -3.991667e+00 -3.772985e-01
    endloop
  endfacet
  facet normal -9.841765e-01 8.899635e-17 1.771910e-01
    outer loop
      vertex   2.748231e+00 -7.658333e+00 -5.577992e-01
      vertex   2.780729e+00 -7.658333e+00 -3.772985e-01
      vertex   2.780729e+00 -3.991667e+00 -3.772985e-01
    endloop
  endfacet
  facet normal -9.841765e-01 8.700798e-17 1.771910e-01
    outer loop
      vertex   2.748231e+00 -7.658333e+00 -5.577992e-01
      vertex   2.780729e+00 -3.991667e+00 -3.772985e-01
      vertex   2.748231e+00 -3.991667e+00 -5.577992e-01
    endloop
  endfacet
  facet normal -9.706430e-01 7.222892e-17 2.405250e-01
    outer loop
      vertex   2.704118e+00 -7.658333e+00 -7.358177e-01
      vertex   2.748231e+00 -7.658333e+00 -5.577992e-01
      vertex   2.748231e+00 -3.991667e+00 -5.577992e-01
    endloop
  endfacet
  facet normal -9.706430e-01 3.089821e-16 2.405250e-01
    outer loop
      vertex   2.704118e+00 -7.658333e+00 -7.358177e-01
      vertex   2.748231e+00 -3.991667e+00 -5.577992e-01
      vertex   2.704118e+00 -3.991667e+00 -7.358177e-01
    endloop
  endfacet
  facet normal -9.530382e-01 2.914953e-16 3.028501e-01
    outer loop
      vertex   2.648575e+00 -7.658333e+00 -9.106075e-01
      vertex   2.704118e+00 -7.658333e+00 -7.358177e-01
      vertex   2.704118e+00 -3.991667e+00 -7.358177e-01
    endloop
  endfacet
  facet normal -9.530382e-01 6.957775e-17 3.028501e-01
    outer loop
      vertex   2.648575e+00 -7.658333e+00 -9.106075e-01
      vertex   2.704118e+00 -3.991667e+00 -7.358177e-01
      vertex   2.648575e+00 -3.991667e+00 -9.106075e-01
    endloop
  endfacet
  facet normal -9.314361e-01 5.675130e-17 3.639049e-01
    outer loop
      vertex   2.581834e+00 -7.658333e+00 -1.081435e+00
      vertex   2.648575e+00 -7.658333e+00 -9.106075e-01
      vertex   2.648575e+00 -3.991667e+00 -9.106075e-01
    endloop
  endfacet
  facet normal -9.314361e-01 4.669946e-17 3.639049e-01
    outer loop
      vertex   2.581834e+00 -7.658333e+00 -1.081435e+00
      vertex   2.648575e+00 -3.991667e+00 -9.106075e-01
      vertex   2.581834e+00 -3.991667e+00 -1.081435e+00
    endloop
  endfacet
  facet normal -9.059272e-01 3.353486e-17 4.234335e-01
    outer loop
      vertex   2.504175e+00 -7.658333e+00 -1.247585e+00
      vertex   2.581834e+00 -7.658333e+00 -1.081435e+00
      vertex   2.581834e+00 -3.991667e+00 -1.081435e+00
    endloop
  endfacet
  facet normal -9.059272e-01 2.009542e-16 4.234335e-01
    outer loop
      vertex   2.504175e+00 -7.658333e+00 -1.247585e+00
      vertex   2.581834e+00 -3.991667e+00 -1.081435e+00
      vertex   2.504175e+00 -3.991667e+00 -1.247585e+00
    endloop
  endfacet
  facet normal -9.006235e-01 -6.402964e-16 4.346001e-01
    outer loop
      vertex   2.400499e+00 -1.325000e+00 -1.446237e+00
      vertex   2.400499e+00 -2.725000e+00 -1.446237e+00
      vertex   2.432332e+00 -1.325000e+00 -1.380269e+00
    endloop
  endfacet
  facet normal -9.006235e-01 2.833520e-16 4.346001e-01
    outer loop
      vertex   2.432332e+00 -1.325000e+00 -1.380269e+00
      vertex   2.400499e+00 -2.725000e+00 -1.446237e+00
      vertex   2.400499e+00 -4.125000e+00 -1.446237e+00
    endloop
  endfacet
  facet normal -9.006235e-01 6.766616e-17 4.346001e-01
    outer loop
      vertex   2.432332e+00 -1.325000e+00 -1.380269e+00
      vertex   2.400499e+00 -4.125000e+00 -1.446237e+00
      vertex   2.400499e+00 -5.525000e+00 -1.446237e+00
    endloop
  endfacet
  facet normal -9.544550e-01 4.732007e-17 2.983549e-01
    outer loop
      vertex   2.400499e+00 -5.525000e+00 -1.446237e+00
      vertex   2.400499e+00 -4.125000e+00 -1.446237e+00
      vertex   2.378645e+00 -5.525000e+00 -1.516148e+00
    endloop
  endfacet
  facet normal -9.544550e-01 0.000000e+00 2.983549e-01
    outer loop
      vertex   2.400499e+00 -5.525000e+00 -1.446237e+00
      vertex   2.378645e+00 -5.525000e+00 -1.516148e+00
      vertex   2.378645e+00 -6.925000e+00 -1.516148e+00
    endloop
  endfacet
  facet normal -9.878033e-01 0.000000e+00 1.557069e-01
    outer loop
      vertex   2.378645e+00 -6.925000e+00 -1.516148e+00
      vertex   2.378645e+00 -5.525000e+00 -1.516148e+00
      vertex   2.367240e+00 -6.925000e+00 -1.588502e+00
    endloop
  endfacet
  facet normal -9.878033e-01 0.000000e+00 1.557069e-01
    outer loop
      vertex   2.378645e+00 -6.925000e+00 -1.516148e+00
      vertex   2.367240e+00 -6.925000e+00 -1.588502e+00
      vertex   2.367240e+00 -8.325000e+00 -1.588502e+00
    endloop
  endfacet
  facet normal -9.999528e-01 0.000000e+00 9.717248e-03
    outer loop
      vertex   2.367240e+00 -8.325000e+00 -1.588502e+00
      vertex   2.367240e+00 -6.925000e+00 -1.588502e+00
      vertex   2.366528e+00 -8.325000e+00 -1.661745e+00
    endloop
  endfacet
  facet normal -9.999528e-01 3.156504e-16 9.717248e-03
    outer loop
      vertex   2.366528e+00 -8.325000e+00 -1.661745e+00
      vertex   2.367240e+00 -6.925000e+00 -1.588502e+00
      vertex   2.366528e+00 -6.925000e+00 -1.661745e+00
    endloop
  endfacet
  facet normal -9.906427e-01 3.358847e-16 -1.364809e-01
    outer loop
      vertex   2.366528e+00 -8.325000e+00 -1.661745e+00
      vertex   2.366528e+00 -6.925000e+00 -1.661745e+00
      vertex   2.376525e+00 -8.325000e+00 -1.734307e+00
    endloop
  endfacet
  facet normal -9.906427e-01 3.358847e-16 -1.364809e-01
    outer loop
      vertex   2.376525e+00 -8.325000e+00 -1.734307e+00
      vertex   2.366528e+00 -6.925000e+00 -1.661745e+00
      vertex   2.376525e+00 -6.925000e+00 -1.734307e+00
    endloop
  endfacet
  facet normal -9.600729e-01 3.489107e-16 -2.797501e-01
    outer loop
      vertex   2.376525e+00 -8.325000e+00 -1.734307e+00
      vertex   2.376525e+00 -6.925000e+00 -1.734307e+00
      vertex   2.397016e+00 -8.325000e+00 -1.804630e+00
    endloop
  endfacet
  facet normal -9.600729e-01 0.000000e+00 -2.797501e-01
    outer loop
      vertex   2.397016e+00 -8.325000e+00 -1.804630e+00
      vertex   2.376525e+00 -6.925000e+00 -1.734307e+00
      vertex   2.397016e+00 -6.925000e+00 -1.804630e+00
    endloop
  endfacet
  facet normal -9.088993e-01 0.000000e+00 -4.170157e-01
    outer loop
      vertex   2.397016e+00 -8.325000e+00 -1.804630e+00
      vertex   2.397016e+00 -6.925000e+00 -1.804630e+00
      vertex   2.427561e+00 -8.325000e+00 -1.871204e+00
    endloop
  endfacet
  facet normal -9.088993e-01 0.000000e+00 -4.170157e-01
    outer loop
      vertex   2.427561e+00 -8.325000e+00 -1.871204e+00
      vertex   2.397016e+00 -6.925000e+00 -1.804630e+00
      vertex   2.427561e+00 -6.925000e+00 -1.871204e+00
    endloop
  endfacet
  facet normal -8.382202e-01 0.000000e+00 -5.453319e-01
    outer loop
      vertex   2.427561e+00 -8.325000e+00 -1.871204e+00
      vertex   2.427561e+00 -6.925000e+00 -1.871204e+00
      vertex   2.467505e+00 -8.325000e+00 -1.932601e+00
    endloop
  endfacet
  facet normal -8.382202e-01 1.729829e-16 -5.453319e-01
    outer loop
      vertex   2.467505e+00 -8.325000e+00 -1.932601e+00
      vertex   2.427561e+00 -6.925000e+00 -1.871204e+00
      vertex   2.467505e+00 -6.925000e+00 -1.932601e+00
    endloop
  endfacet
  facet normal -7.495525e-01 2.099733e-16 -6.619449e-01
    outer loop
      vertex   2.467505e+00 -8.325000e+00 -1.932601e+00
      vertex   2.467505e+00 -6.925000e+00 -1.932601e+00
      vertex   2.515991e+00 -8.325000e+00 -1.987504e+00
    endloop
  endfacet
  facet normal -7.495525e-01 1.049866e-16 -6.619449e-01
    outer loop
      vertex   2.515991e+00 -8.325000e+00 -1.987504e+00
      vertex   2.467505e+00 -6.925000e+00 -1.932601e+00
      vertex   2.515991e+00 -6.925000e+00 -1.987504e+00
    endloop
  endfacet
  facet normal -6.447989e-01 1.212288e-16 -7.643523e-01
    outer loop
      vertex   2.515991e+00 -8.325000e+00 -1.987504e+00
      vertex   2.515991e+00 -6.925000e+00 -1.987504e+00
      vertex   2.571977e+00 -8.325000e+00 -2.034733e+00
    endloop
  endfacet
  facet normal -6.447989e-01 0.000000e+00 -7.643523e-01
    outer loop
      vertex   2.571977e+00 -8.325000e+00 -2.034733e+00
      vertex   2.515991e+00 -6.925000e+00 -1.987504e+00
      vertex   2.571977e+00 -6.925000e+00 -2.034733e+00
    endloop
  endfacet
  facet normal -5.262076e-01 0.000000e+00 -8.503562e-01
    outer loop
      vertex   2.571977e+00 -8.325000e+00 -2.034733e+00
      vertex   2.571977e+00 -6.925000e+00 -2.034733e+00
      vertex   2.634263e+00 -8.325000e+00 -2.073277e+00
    endloop
  endfacet
  facet normal -5.262076e-01 0.000000e+00 -8.503562e-01
    outer loop
      vertex   2.634263e+00 -8.325000e+00 -2.073277e+00
      vertex   2.571977e+00 -6.925000e+00 -2.034733e+00
      vertex   2.634263e+00 -6.925000e+00 -2.073277e+00
    endloop
  endfacet
  facet normal -3.963235e-01 0.000000e+00 -9.181109e-01
    outer loop
      vertex   2.634263e+00 -8.325000e+00 -2.073277e+00
      vertex   2.634263e+00 -6.925000e+00 -2.073277e+00
      vertex   2.701512e+00 -8.325000e+00 -2.102306e+00
    endloop
  endfacet
  facet normal -3.963235e-01 -1.257164e-16 -9.181109e-01
    outer loop
      vertex   2.701512e+00 -8.325000e+00 -2.102306e+00
      vertex   2.634263e+00 -6.925000e+00 -2.073277e+00
      vertex   2.701512e+00 -6.925000e+00 -2.102306e+00
    endloop
  endfacet
  facet normal -2.579341e-01 -8.181841e-17 -9.661625e-01
    outer loop
      vertex   2.701512e+00 -8.325000e+00 -2.102306e+00
      vertex   2.701512e+00 -6.925000e+00 -2.102306e+00
      vertex   2.772281e+00 -8.325000e+00 -2.121199e+00
    endloop
  endfacet
  facet normal -2.579341e-01 -8.181841e-17 -9.661625e-01
    outer loop
      vertex   2.772281e+00 -8.325000e+00 -2.121199e+00
      vertex   2.701512e+00 -6.925000e+00 -2.102306e+00
      vertex   2.772281e+00 -6.925000e+00 -2.121199e+00
    endloop
  endfacet
  facet normal -1.140094e-01 -3.616452e-17 -9.934797e-01
    outer loop
      vertex   2.772281e+00 -8.325000e+00 -2.121199e+00
      vertex   2.772281e+00 -6.925000e+00 -2.121199e+00
      vertex   2.845051e+00 -8.325000e+00 -2.129550e+00
    endloop
  endfacet
  facet normal -1.140094e-01 0.000000e+00 -9.934797e-01
    outer loop
      vertex   2.845051e+00 -8.325000e+00 -2.129550e+00
      vertex   2.772281e+00 -6.925000e+00 -2.121199e+00
      vertex   2.845051e+00 -6.925000e+00 -2.129550e+00
    endloop
  endfacet
  facet normal 3.236215e-02 0.000000e+00 -9.994762e-01
    outer loop
      vertex   2.845051e+00 -8.325000e+00 -2.129550e+00
      vertex   2.845051e+00 -6.925000e+00 -2.129550e+00
      vertex   2.918259e+00 -8.325000e+00 -2.127179e+00
    endloop
  endfacet
  facet normal 3.236215e-02 0.000000e+00 -9.994762e-01
    outer loop
      vertex   2.918259e+00 -8.325000e+00 -2.127179e+00
      vertex   2.845051e+00 -6.925000e+00 -2.129550e+00
      vertex   2.918259e+00 -6.925000e+00 -2.127179e+00
    endloop
  endfacet
  facet normal 1.780391e-01 0.000000e+00 -9.840234e-01
    outer loop
      vertex   2.918259e+00 -8.325000e+00 -2.127179e+00
      vertex   2.918259e+00 -6.925000e+00 -2.127179e+00
      vertex   2.990336e+00 -8.325000e+00 -2.114139e+00
    endloop
  endfacet
  facet normal 1.780391e-01 0.000000e+00 -9.840234e-01
    outer loop
      vertex   2.990336e+00 -8.325000e+00 -2.114139e+00
      vertex   2.918259e+00 -6.925000e+00 -2.127179e+00
      vertex   2.918259e+00 -5.525000e+00 -2.127179e+00
    endloop
  endfacet
  facet normal 1.780391e-01 0.000000e+00 -9.840234e-01
    outer loop
      vertex   2.990336e+00 -8.325000e+00 -2.114139e+00
      vertex   2.918259e+00 -5.525000e+00 -2.127179e+00
      vertex   2.918259e+00 -4.125000e+00 -2.127179e+00
    endloop
  endfacet
  facet normal 3.236215e-02 0.000000e+00 -9.994762e-01
    outer loop
      vertex   2.918259e+00 -4.125000e+00 -2.127179e+00
      vertex   2.918259e+00 -5.525000e+00 -2.127179e+00
      vertex   2.845051e+00 -4.125000e+00 -2.129550e+00
    endloop
  endfacet
  facet normal 3.236215e-02 0.000000e+00 -9.994762e-01
    outer loop
      vertex   2.918259e+00 -4.125000e+00 -2.127179e+00
      vertex   2.845051e+00 -4.125000e+00 -2.129550e+00
      vertex   2.845051e+00 -2.725000e+00 -2.129550e+00
    endloop
  endfacet
  facet normal -1.140094e-01 -0.000000e+00 -9.934797e-01
    outer loop
      vertex   2.845051e+00 -2.725000e+00 -2.129550e+00
      vertex   2.845051e+00 -4.125000e+00 -2.129550e+00
      vertex   2.772281e+00 -2.725000e+00 -2.121199e+00
    endloop
  endfacet
  facet normal -1.140094e-01 -3.594765e-17 -9.934797e-01
    outer loop
      vertex   2.845051e+00 -2.725000e+00 -2.129550e+00
      vertex   2.772281e+00 -2.725000e+00 -2.121199e+00
      vertex   2.772281e+00 -1.325000e+00 -2.121199e+00
    endloop
  endfacet
  facet normal -2.579341e-01 -8.181841e-17 -9.661625e-01
    outer loop
      vertex   2.772281e+00 -1.325000e+00 -2.121199e+00
      vertex   2.772281e+00 -2.725000e+00 -2.121199e+00
      vertex   2.701512e+00 -1.325000e+00 -2.102306e+00
    endloop
  endfacet
  facet normal -2.579341e-01 -3.064731e-16 -9.661625e-01
    outer loop
      vertex   2.701512e+00 -1.325000e+00 -2.102306e+00
      vertex   2.772281e+00 -2.725000e+00 -2.121199e+00
      vertex   2.701512e+00 -2.725000e+00 -2.102306e+00
    endloop
  endfacet
  facet normal -3.963235e-01 -2.912308e-16 -9.181109e-01
    outer loop
      vertex   2.701512e+00 -1.325000e+00 -2.102306e+00
      vertex   2.701512e+00 -2.725000e+00 -2.102306e+00
      vertex   2.634263e+00 -1.325000e+00 -2.073277e+00
    endloop
  endfacet
  facet normal -3.963235e-01 -4.169473e-16 -9.181109e-01
    outer loop
      vertex   2.634263e+00 -1.325000e+00 -2.073277e+00
      vertex   2.701512e+00 -2.725000e+00 -2.102306e+00
      vertex   2.634263e+00 -2.725000e+00 -2.073277e+00
    endloop
  endfacet
  facet normal -5.262076e-01 -4.366551e-16 -8.503562e-01
    outer loop
      vertex   2.634263e+00 -1.325000e+00 -2.073277e+00
      vertex   2.634263e+00 -2.725000e+00 -2.073277e+00
      vertex   2.571977e+00 -1.325000e+00 -2.034733e+00
    endloop
  endfacet
  facet normal -5.262076e-01 -6.035716e-16 -8.503562e-01
    outer loop
      vertex   2.571977e+00 -1.325000e+00 -2.034733e+00
      vertex   2.634263e+00 -2.725000e+00 -2.073277e+00
      vertex   2.571977e+00 -2.725000e+00 -2.034733e+00
    endloop
  endfacet
  facet normal -6.447989e-01 -6.515265e-16 -7.643523e-01
    outer loop
      vertex   2.571977e+00 -1.325000e+00 -2.034733e+00
      vertex   2.571977e+00 -2.725000e+00 -2.034733e+00
      vertex   2.515991e+00 -1.325000e+00 -1.987504e+00
    endloop
  endfacet
  facet normal -6.447989e-01 -4.469920e-16 -7.643523e-01
    outer loop
      vertex   2.515991e+00 -1.325000e+00 -1.987504e+00
      vertex   2.571977e+00 -2.725000e+00 -2.034733e+00
      vertex   2.515991e+00 -2.725000e+00 -1.987504e+00
    endloop
  endfacet
  facet normal -7.495525e-01 -4.477363e-16 -6.619449e-01
    outer loop
      vertex   2.515991e+00 -1.325000e+00 -1.987504e+00
      vertex   2.515991e+00 -2.725000e+00 -1.987504e+00
      vertex   2.467505e+00 -1.325000e+00 -1.932601e+00
    endloop
  endfacet
  facet normal -7.495525e-01 -7.904859e-16 -6.619449e-01
    outer loop
      vertex   2.467505e+00 -1.325000e+00 -1.932601e+00
      vertex   2.515991e+00 -2.725000e+00 -1.987504e+00
      vertex   2.467505e+00 -2.725000e+00 -1.932601e+00
    endloop
  endfacet
  facet normal -8.382202e-01 -7.912522e-16 -5.453319e-01
    outer loop
      vertex   2.467505e+00 -1.325000e+00 -1.932601e+00
      vertex   2.467505e+00 -2.725000e+00 -1.932601e+00
      vertex   2.427561e+00 -1.325000e+00 -1.871204e+00
    endloop
  endfacet
  facet normal -8.382202e-01 -7.047608e-16 -5.453319e-01
    outer loop
      vertex   2.427561e+00 -1.325000e+00 -1.871204e+00
      vertex   2.467505e+00 -2.725000e+00 -1.932601e+00
      vertex   2.427561e+00 -2.725000e+00 -1.871204e+00
    endloop
  endfacet
  facet normal -9.088993e-01 -7.088978e-16 -4.170157e-01
    outer loop
      vertex   2.427561e+00 -1.325000e+00 -1.871204e+00
      vertex   2.427561e+00 -2.725000e+00 -1.871204e+00
      vertex   2.397016e+00 -1.325000e+00 -1.804630e+00
    endloop
  endfacet
  facet normal -9.088993e-01 -3.544489e-16 -4.170157e-01
    outer loop
      vertex   2.397016e+00 -1.325000e+00 -1.804630e+00
      vertex   2.427561e+00 -2.725000e+00 -1.871204e+00
      vertex   2.397016e+00 -2.725000e+00 -1.804630e+00
    endloop
  endfacet
  facet normal -9.600729e-01 -3.489107e-16 -2.797501e-01
    outer loop
      vertex   2.397016e+00 -1.325000e+00 -1.804630e+00
      vertex   2.397016e+00 -2.725000e+00 -1.804630e+00
      vertex   2.376525e+00 -1.325000e+00 -1.734307e+00
    endloop
  endfacet
  facet normal -9.600729e-01 -9.136243e-16 -2.797501e-01
    outer loop
      vertex   2.376525e+00 -1.325000e+00 -1.734307e+00
      vertex   2.397016e+00 -2.725000e+00 -1.804630e+00
      vertex   2.376525e+00 -2.725000e+00 -1.734307e+00
    endloop
  endfacet
  facet normal -9.906427e-01 -9.427151e-16 -1.364809e-01
    outer loop
      vertex   2.376525e+00 -1.325000e+00 -1.734307e+00
      vertex   2.376525e+00 -2.725000e+00 -1.734307e+00
      vertex   2.366528e+00 -1.325000e+00 -1.661745e+00
    endloop
  endfacet
  facet normal -9.906427e-01 -9.427151e-16 -1.364809e-01
    outer loop
      vertex   2.366528e+00 -1.325000e+00 -1.661745e+00
      vertex   2.376525e+00 -2.725000e+00 -1.734307e+00
      vertex   2.366528e+00 -2.725000e+00 -1.661745e+00
    endloop
  endfacet
  facet normal -9.999528e-01 -9.515748e-16 9.717248e-03
    outer loop
      vertex   2.366528e+00 -1.325000e+00 -1.661745e+00
      vertex   2.366528e+00 -2.725000e+00 -1.661745e+00
      vertex   2.367240e+00 -1.325000e+00 -1.588502e+00
    endloop
  endfacet
  facet normal -9.999528e-01 -6.343832e-16 9.717248e-03
    outer loop
      vertex   2.367240e+00 -1.325000e+00 -1.588502e+00
      vertex   2.366528e+00 -2.725000e+00 -1.661745e+00
      vertex   2.367240e+00 -2.725000e+00 -1.588502e+00
    endloop
  endfacet
  facet normal -9.878033e-01 -6.266754e-16 1.557069e-01
    outer loop
      vertex   2.367240e+00 -1.325000e+00 -1.588502e+00
      vertex   2.367240e+00 -2.725000e+00 -1.588502e+00
      vertex   2.378645e+00 -1.325000e+00 -1.516148e+00
    endloop
  endfacet
  facet normal -9.878033e-01 -3.133377e-16 1.557069e-01
    outer loop
      vertex   2.378645e+00 -1.325000e+00 -1.516148e+00
      vertex   2.367240e+00 -2.725000e+00 -1.588502e+00
      vertex   2.378645e+00 -2.725000e+00 -1.516148e+00
    endloop
  endfacet
  facet normal -9.544550e-01 -3.027594e-16 2.983549e-01
    outer loop
      vertex   2.378645e+00 -1.325000e+00 -1.516148e+00
      vertex   2.378645e+00 -2.725000e+00 -1.516148e+00
      vertex   2.400499e+00 -1.325000e+00 -1.446237e+00
    endloop
  endfacet
  facet normal -9.544550e-01 -6.528389e-16 2.983549e-01
    outer loop
      vertex   2.400499e+00 -1.325000e+00 -1.446237e+00
      vertex   2.378645e+00 -2.725000e+00 -1.516148e+00
      vertex   2.400499e+00 -2.725000e+00 -1.446237e+00
    endloop
  endfacet
  facet normal -1.140094e-01 0.000000e+00 -9.934797e-01
    outer loop
      vertex   2.772281e+00 -1.325000e+00 -2.121199e+00
      vertex   2.845051e+00 -1.325000e+00 -2.129550e+00
      vertex   2.845051e+00 -2.725000e+00 -2.129550e+00
    endloop
  endfacet
  facet normal 3.236215e-02 0.000000e+00 -9.994762e-01
    outer loop
      vertex   2.845051e+00 -2.725000e+00 -2.129550e+00
      vertex   2.845051e+00 -1.325000e+00 -2.129550e+00
      vertex   2.918259e+00 -2.725000e+00 -2.127179e+00
    endloop
  endfacet
  facet normal 3.236215e-02 0.000000e+00 -9.994762e-01
    outer loop
      vertex   2.845051e+00 -2.725000e+00 -2.129550e+00
      vertex   2.918259e+00 -2.725000e+00 -2.127179e+00
      vertex   2.918259e+00 -4.125000e+00 -2.127179e+00
    endloop
  endfacet
  facet normal 1.780391e-01 0.000000e+00 -9.840234e-01
    outer loop
      vertex   2.918259e+00 -4.125000e+00 -2.127179e+00
      vertex   2.918259e+00 -2.725000e+00 -2.127179e+00
      vertex   2.990336e+00 -1.325000e+00 -2.114139e+00
    endloop
  endfacet
  facet normal 1.780391e-01 0.000000e+00 -9.840234e-01
    outer loop
      vertex   2.918259e+00 -4.125000e+00 -2.127179e+00
      vertex   2.990336e+00 -1.325000e+00 -2.114139e+00
      vertex   2.990336e+00 -8.325000e+00 -2.114139e+00
    endloop
  endfacet
  facet normal 3.236215e-02 0.000000e+00 -9.994762e-01
    outer loop
      vertex   2.845051e+00 -1.325000e+00 -2.129550e+00
      vertex   2.918259e+00 -1.325000e+00 -2.127179e+00
      vertex   2.918259e+00 -2.725000e+00 -2.127179e+00
    endloop
  endfacet
  facet normal 1.780391e-01 0.000000e+00 -9.840234e-01
    outer loop
      vertex   2.918259e+00 -2.725000e+00 -2.127179e+00
      vertex   2.918259e+00 -1.325000e+00 -2.127179e+00
      vertex   2.990336e+00 -1.325000e+00 -2.114139e+00
    endloop
  endfacet
  facet normal -9.878033e-01 0.000000e+00 1.557069e-01
    outer loop
      vertex   2.367240e+00 -8.325000e+00 -1.588502e+00
      vertex   2.378645e+00 -8.325000e+00 -1.516148e+00
      vertex   2.378645e+00 -6.925000e+00 -1.516148e+00
    endloop
  endfacet
  facet normal -9.544550e-01 0.000000e+00 2.983549e-01
    outer loop
      vertex   2.378645e+00 -6.925000e+00 -1.516148e+00
      vertex   2.378645e+00 -8.325000e+00 -1.516148e+00
      vertex   2.400499e+00 -6.925000e+00 -1.446237e+00
    endloop
  endfacet
  facet normal -9.544550e-01 3.023832e-16 2.983549e-01
    outer loop
      vertex   2.378645e+00 -6.925000e+00 -1.516148e+00
      vertex   2.400499e+00 -6.925000e+00 -1.446237e+00
      vertex   2.400499e+00 -5.525000e+00 -1.446237e+00
    endloop
  endfacet
  facet normal -9.006235e-01 2.856837e-16 4.346001e-01
    outer loop
      vertex   2.400499e+00 -5.525000e+00 -1.446237e+00
      vertex   2.400499e+00 -6.925000e+00 -1.446237e+00
      vertex   2.432332e+00 -8.325000e+00 -1.380269e+00
    endloop
  endfacet
  facet normal -9.006235e-01 0.000000e+00 4.346001e-01
    outer loop
      vertex   2.400499e+00 -5.525000e+00 -1.446237e+00
      vertex   2.432332e+00 -8.325000e+00 -1.380269e+00
      vertex   2.432332e+00 -1.325000e+00 -1.380269e+00
    endloop
  endfacet
  facet normal -9.544550e-01 0.000000e+00 2.983549e-01
    outer loop
      vertex   2.378645e+00 -8.325000e+00 -1.516148e+00
      vertex   2.400499e+00 -8.325000e+00 -1.446237e+00
      vertex   2.400499e+00 -6.925000e+00 -1.446237e+00
    endloop
  endfacet
  facet normal -9.006235e-01 0.000000e+00 4.346001e-01
    outer loop
      vertex   2.400499e+00 -6.925000e+00 -1.446237e+00
      vertex   2.400499e+00 -8.325000e+00 -1.446237e+00
      vertex   2.432332e+00 -8.325000e+00 -1.380269e+00
    endloop
  endfacet
  facet normal -9.544550e-01 3.027594e-16 2.983549e-01
    outer loop
      vertex   2.400499e+00 -4.125000e+00 -1.446237e+00
      vertex   2.400499e+00 -2.725000e+00 -1.446237e+00
      vertex   2.378645e+00 -4.125000e+00 -1.516148e+00
    endloop
  endfacet
  facet normal -9.544550e-01 3.027594e-16 2.983549e-01
    outer loop
      vertex   2.378645e+00 -4.125000e+00 -1.516148e+00
      vertex   2.400499e+00 -2.725000e+00 -1.446237e+00
      vertex   2.378645e+00 -2.725000e+00 -1.516148e+00
    endloop
  endfacet
  facet normal -9.878033e-01 3.133377e-16 1.557069e-01
    outer loop
      vertex   2.378645e+00 -4.125000e+00 -1.516148e+00
      vertex   2.378645e+00 -2.725000e+00 -1.516148e+00
      vertex   2.367240e+00 -4.125000e+00 -1.588502e+00
    endloop
  endfacet
  facet normal -9.878033e-01 0.000000e+00 1.557069e-01
    outer loop
      vertex   2.367240e+00 -4.125000e+00 -1.588502e+00
      vertex   2.378645e+00 -2.725000e+00 -1.516148e+00
      vertex   2.367240e+00 -2.725000e+00 -1.588502e+00
    endloop
  endfacet
  facet normal -9.999528e-01 0.000000e+00 9.717248e-03
    outer loop
      vertex   2.367240e+00 -4.125000e+00 -1.588502e+00
      vertex   2.367240e+00 -2.725000e+00 -1.588502e+00
      vertex   2.366528e+00 -4.125000e+00 -1.661745e+00
    endloop
  endfacet
  facet normal -9.999528e-01 3.171916e-16 9.717248e-03
    outer loop
      vertex   2.366528e+00 -4.125000e+00 -1.661745e+00
      vertex   2.367240e+00 -2.725000e+00 -1.588502e+00
      vertex   2.366528e+00 -2.725000e+00 -1.661745e+00
    endloop
  endfacet
  facet normal -9.906427e-01 3.142384e-16 -1.364809e-01
    outer loop
      vertex   2.366528e+00 -4.125000e+00 -1.661745e+00
      vertex   2.366528e+00 -2.725000e+00 -1.661745e+00
      vertex   2.376525e+00 -4.125000e+00 -1.734307e+00
    endloop
  endfacet
  facet normal -9.906427e-01 3.142384e-16 -1.364809e-01
    outer loop
      vertex   2.376525e+00 -4.125000e+00 -1.734307e+00
      vertex   2.366528e+00 -2.725000e+00 -1.661745e+00
      vertex   2.376525e+00 -2.725000e+00 -1.734307e+00
    endloop
  endfacet
  facet normal -9.600729e-01 3.045414e-16 -2.797501e-01
    outer loop
      vertex   2.376525e+00 -4.125000e+00 -1.734307e+00
      vertex   2.376525e+00 -2.725000e+00 -1.734307e+00
      vertex   2.397016e+00 -4.125000e+00 -1.804630e+00
    endloop
  endfacet
  facet normal -9.600729e-01 0.000000e+00 -2.797501e-01
    outer loop
      vertex   2.397016e+00 -4.125000e+00 -1.804630e+00
      vertex   2.376525e+00 -2.725000e+00 -1.734307e+00
      vertex   2.397016e+00 -2.725000e+00 -1.804630e+00
    endloop
  endfacet
  facet normal -9.088993e-01 0.000000e+00 -4.170157e-01
    outer loop
      vertex   2.397016e+00 -4.125000e+00 -1.804630e+00
      vertex   2.397016e+00 -2.725000e+00 -1.804630e+00
      vertex   2.427561e+00 -4.125000e+00 -1.871204e+00
    endloop
  endfacet
  facet normal -9.088993e-01 3.544489e-16 -4.170157e-01
    outer loop
      vertex   2.427561e+00 -4.125000e+00 -1.871204e+00
      vertex   2.397016e+00 -2.725000e+00 -1.804630e+00
      vertex   2.427561e+00 -2.725000e+00 -1.871204e+00
    endloop
  endfacet
  facet normal -8.382202e-01 3.523804e-16 -5.453319e-01
    outer loop
      vertex   2.427561e+00 -4.125000e+00 -1.871204e+00
      vertex   2.427561e+00 -2.725000e+00 -1.871204e+00
      vertex   2.467505e+00 -4.125000e+00 -1.932601e+00
    endloop
  endfacet
  facet normal -8.382202e-01 0.000000e+00 -5.453319e-01
    outer loop
      vertex   2.467505e+00 -4.125000e+00 -1.932601e+00
      vertex   2.427561e+00 -2.725000e+00 -1.871204e+00
      vertex   2.467505e+00 -2.725000e+00 -1.932601e+00
    endloop
  endfacet
  facet normal -7.495525e-01 0.000000e+00 -6.619449e-01
    outer loop
      vertex   2.467505e+00 -4.125000e+00 -1.932601e+00
      vertex   2.467505e+00 -2.725000e+00 -1.932601e+00
      vertex   2.515991e+00 -4.125000e+00 -1.987504e+00
    endloop
  endfacet
  facet normal -7.495525e-01 2.377630e-16 -6.619449e-01
    outer loop
      vertex   2.515991e+00 -4.125000e+00 -1.987504e+00
      vertex   2.467505e+00 -2.725000e+00 -1.932601e+00
      vertex   2.515991e+00 -2.725000e+00 -1.987504e+00
    endloop
  endfacet
  facet normal -6.447989e-01 2.045345e-16 -7.643523e-01
    outer loop
      vertex   2.515991e+00 -4.125000e+00 -1.987504e+00
      vertex   2.515991e+00 -2.725000e+00 -1.987504e+00
      vertex   2.571977e+00 -4.125000e+00 -2.034733e+00
    endloop
  endfacet
  facet normal -6.447989e-01 4.090689e-16 -7.643523e-01
    outer loop
      vertex   2.571977e+00 -4.125000e+00 -2.034733e+00
      vertex   2.515991e+00 -2.725000e+00 -1.987504e+00
      vertex   2.571977e+00 -2.725000e+00 -2.034733e+00
    endloop
  endfacet
  facet normal -5.262076e-01 3.338330e-16 -8.503562e-01
    outer loop
      vertex   2.571977e+00 -4.125000e+00 -2.034733e+00
      vertex   2.571977e+00 -2.725000e+00 -2.034733e+00
      vertex   2.634263e+00 -4.125000e+00 -2.073277e+00
    endloop
  endfacet
  facet normal -5.262076e-01 1.669165e-16 -8.503562e-01
    outer loop
      vertex   2.634263e+00 -4.125000e+00 -2.073277e+00
      vertex   2.571977e+00 -2.725000e+00 -2.034733e+00
      vertex   2.634263e+00 -2.725000e+00 -2.073277e+00
    endloop
  endfacet
  facet normal -3.963235e-01 1.257164e-16 -9.181109e-01
    outer loop
      vertex   2.634263e+00 -4.125000e+00 -2.073277e+00
      vertex   2.634263e+00 -2.725000e+00 -2.073277e+00
      vertex   2.701512e+00 -4.125000e+00 -2.102306e+00
    endloop
  endfacet
  facet normal -3.963235e-01 0.000000e+00 -9.181109e-01
    outer loop
      vertex   2.701512e+00 -4.125000e+00 -2.102306e+00
      vertex   2.634263e+00 -2.725000e+00 -2.073277e+00
      vertex   2.701512e+00 -2.725000e+00 -2.102306e+00
    endloop
  endfacet
  facet normal -2.579341e-01 0.000000e+00 -9.661625e-01
    outer loop
      vertex   2.701512e+00 -4.125000e+00 -2.102306e+00
      vertex   2.701512e+00 -2.725000e+00 -2.102306e+00
      vertex   2.772281e+00 -4.125000e+00 -2.121199e+00
    endloop
  endfacet
  facet normal -2.579341e-01 8.181841e-17 -9.661625e-01
    outer loop
      vertex   2.772281e+00 -4.125000e+00 -2.121199e+00
      vertex   2.701512e+00 -2.725000e+00 -2.102306e+00
      vertex   2.772281e+00 -2.725000e+00 -2.121199e+00
    endloop
  endfacet
  facet normal -1.140094e-01 3.616452e-17 -9.934797e-01
    outer loop
      vertex   2.772281e+00 -4.125000e+00 -2.121199e+00
      vertex   2.772281e+00 -2.725000e+00 -2.121199e+00
      vertex   2.845051e+00 -4.125000e+00 -2.129550e+00
    endloop
  endfacet
  facet normal -9.544550e-01 0.000000e+00 2.983549e-01
    outer loop
      vertex   2.400499e+00 -4.125000e+00 -1.446237e+00
      vertex   2.378645e+00 -4.125000e+00 -1.516148e+00
      vertex   2.378645e+00 -5.525000e+00 -1.516148e+00
    endloop
  endfacet
  facet normal -9.878033e-01 0.000000e+00 1.557069e-01
    outer loop
      vertex   2.378645e+00 -5.525000e+00 -1.516148e+00
      vertex   2.378645e+00 -4.125000e+00 -1.516148e+00
      vertex   2.367240e+00 -5.525000e+00 -1.588502e+00
    endloop
  endfacet
  facet normal -9.878033e-01 3.140133e-16 1.557069e-01
    outer loop
      vertex   2.378645e+00 -5.525000e+00 -1.516148e+00
      vertex   2.367240e+00 -5.525000e+00 -1.588502e+00
      vertex   2.367240e+00 -6.925000e+00 -1.588502e+00
    endloop
  endfacet
  facet normal -9.999528e-01 3.171916e-16 9.717248e-03
    outer loop
      vertex   2.367240e+00 -6.925000e+00 -1.588502e+00
      vertex   2.367240e+00 -5.525000e+00 -1.588502e+00
      vertex   2.366528e+00 -6.925000e+00 -1.661745e+00
    endloop
  endfacet
  facet normal -9.878033e-01 3.133377e-16 1.557069e-01
    outer loop
      vertex   2.367240e+00 -5.525000e+00 -1.588502e+00
      vertex   2.378645e+00 -4.125000e+00 -1.516148e+00
      vertex   2.367240e+00 -4.125000e+00 -1.588502e+00
    endloop
  endfacet
  facet normal -9.999528e-01 3.171916e-16 9.717248e-03
    outer loop
      vertex   2.367240e+00 -5.525000e+00 -1.588502e+00
      vertex   2.367240e+00 -4.125000e+00 -1.588502e+00
      vertex   2.366528e+00 -5.525000e+00 -1.661745e+00
    endloop
  endfacet
  facet normal -9.999528e-01 0.000000e+00 9.717248e-03
    outer loop
      vertex   2.366528e+00 -5.525000e+00 -1.661745e+00
      vertex   2.367240e+00 -4.125000e+00 -1.588502e+00
      vertex   2.366528e+00 -4.125000e+00 -1.661745e+00
    endloop
  endfacet
  facet normal -9.906427e-01 0.000000e+00 -1.364809e-01
    outer loop
      vertex   2.366528e+00 -5.525000e+00 -1.661745e+00
      vertex   2.366528e+00 -4.125000e+00 -1.661745e+00
      vertex   2.376525e+00 -5.525000e+00 -1.734307e+00
    endloop
  endfacet
  facet normal -9.906427e-01 3.358847e-16 -1.364809e-01
    outer loop
      vertex   2.376525e+00 -5.525000e+00 -1.734307e+00
      vertex   2.366528e+00 -4.125000e+00 -1.661745e+00
      vertex   2.376525e+00 -4.125000e+00 -1.734307e+00
    endloop
  endfacet
  facet normal -9.600729e-01 3.489107e-16 -2.797501e-01
    outer loop
      vertex   2.376525e+00 -5.525000e+00 -1.734307e+00
      vertex   2.376525e+00 -4.125000e+00 -1.734307e+00
      vertex   2.397016e+00 -5.525000e+00 -1.804630e+00
    endloop
  endfacet
  facet normal -9.600729e-01 3.045414e-16 -2.797501e-01
    outer loop
      vertex   2.397016e+00 -5.525000e+00 -1.804630e+00
      vertex   2.376525e+00 -4.125000e+00 -1.734307e+00
      vertex   2.397016e+00 -4.125000e+00 -1.804630e+00
    endloop
  endfacet
  facet normal -9.088993e-01 2.883088e-16 -4.170157e-01
    outer loop
      vertex   2.397016e+00 -5.525000e+00 -1.804630e+00
      vertex   2.397016e+00 -4.125000e+00 -1.804630e+00
      vertex   2.427561e+00 -5.525000e+00 -1.871204e+00
    endloop
  endfacet
  facet normal -9.088993e-01 0.000000e+00 -4.170157e-01
    outer loop
      vertex   2.427561e+00 -5.525000e+00 -1.871204e+00
      vertex   2.397016e+00 -4.125000e+00 -1.804630e+00
      vertex   2.427561e+00 -4.125000e+00 -1.871204e+00
    endloop
  endfacet
  facet normal -8.382202e-01 0.000000e+00 -5.453319e-01
    outer loop
      vertex   2.427561e+00 -5.525000e+00 -1.871204e+00
      vertex   2.427561e+00 -4.125000e+00 -1.871204e+00
      vertex   2.467505e+00 -5.525000e+00 -1.932601e+00
    endloop
  endfacet
  facet normal -8.382202e-01 3.523804e-16 -5.453319e-01
    outer loop
      vertex   2.467505e+00 -5.525000e+00 -1.932601e+00
      vertex   2.427561e+00 -4.125000e+00 -1.871204e+00
      vertex   2.467505e+00 -4.125000e+00 -1.932601e+00
    endloop
  endfacet
  facet normal -7.495525e-01 3.427496e-16 -6.619449e-01
    outer loop
      vertex   2.467505e+00 -5.525000e+00 -1.932601e+00
      vertex   2.467505e+00 -4.125000e+00 -1.932601e+00
      vertex   2.515991e+00 -5.525000e+00 -1.987504e+00
    endloop
  endfacet
  facet normal -7.495525e-01 -1.327763e-16 -6.619449e-01
    outer loop
      vertex   2.515991e+00 -5.525000e+00 -1.987504e+00
      vertex   2.467505e+00 -4.125000e+00 -1.932601e+00
      vertex   2.515991e+00 -4.125000e+00 -1.987504e+00
    endloop
  endfacet
  facet normal -6.447989e-01 -8.330567e-17 -7.643523e-01
    outer loop
      vertex   2.515991e+00 -5.525000e+00 -1.987504e+00
      vertex   2.515991e+00 -4.125000e+00 -1.987504e+00
      vertex   2.571977e+00 -5.525000e+00 -2.034733e+00
    endloop
  endfacet
  facet normal -6.447989e-01 0.000000e+00 -7.643523e-01
    outer loop
      vertex   2.571977e+00 -5.525000e+00 -2.034733e+00
      vertex   2.515991e+00 -4.125000e+00 -1.987504e+00
      vertex   2.571977e+00 -4.125000e+00 -2.034733e+00
    endloop
  endfacet
  facet normal -5.262076e-01 0.000000e+00 -8.503562e-01
    outer loop
      vertex   2.571977e+00 -5.525000e+00 -2.034733e+00
      vertex   2.571977e+00 -4.125000e+00 -2.034733e+00
      vertex   2.634263e+00 -5.525000e+00 -2.073277e+00
    endloop
  endfacet
  facet normal -5.262076e-01 2.697386e-16 -8.503562e-01
    outer loop
      vertex   2.634263e+00 -5.525000e+00 -2.073277e+00
      vertex   2.571977e+00 -4.125000e+00 -2.034733e+00
      vertex   2.634263e+00 -4.125000e+00 -2.073277e+00
    endloop
  endfacet
  facet normal -3.963235e-01 2.912308e-16 -9.181109e-01
    outer loop
      vertex   2.634263e+00 -5.525000e+00 -2.073277e+00
      vertex   2.634263e+00 -4.125000e+00 -2.073277e+00
      vertex   2.701512e+00 -5.525000e+00 -2.102306e+00
    endloop
  endfacet
  facet normal -3.963235e-01 2.912308e-16 -9.181109e-01
    outer loop
      vertex   2.701512e+00 -5.525000e+00 -2.102306e+00
      vertex   2.634263e+00 -4.125000e+00 -2.073277e+00
      vertex   2.701512e+00 -4.125000e+00 -2.102306e+00
    endloop
  endfacet
  facet normal -2.579341e-01 3.064731e-16 -9.661625e-01
    outer loop
      vertex   2.701512e+00 -5.525000e+00 -2.102306e+00
      vertex   2.701512e+00 -4.125000e+00 -2.102306e+00
      vertex   2.772281e+00 -5.525000e+00 -2.121199e+00
    endloop
  endfacet
  facet normal -2.579341e-01 -8.181841e-17 -9.661625e-01
    outer loop
      vertex   2.772281e+00 -5.525000e+00 -2.121199e+00
      vertex   2.701512e+00 -4.125000e+00 -2.102306e+00
      vertex   2.772281e+00 -4.125000e+00 -2.121199e+00
    endloop
  endfacet
  facet normal -1.140094e-01 -3.616452e-17 -9.934797e-01
    outer loop
      vertex   2.772281e+00 -5.525000e+00 -2.121199e+00
      vertex   2.772281e+00 -4.125000e+00 -2.121199e+00
      vertex   2.845051e+00 -5.525000e+00 -2.129550e+00
    endloop
  endfacet
  facet normal -1.140094e-01 0.000000e+00 -9.934797e-01
    outer loop
      vertex   2.845051e+00 -5.525000e+00 -2.129550e+00
      vertex   2.772281e+00 -4.125000e+00 -2.121199e+00
      vertex   2.845051e+00 -4.125000e+00 -2.129550e+00
    endloop
  endfacet
  facet normal 3.236215e-02 0.000000e+00 -9.994762e-01
    outer loop
      vertex   2.845051e+00 -5.525000e+00 -2.129550e+00
      vertex   2.845051e+00 -4.125000e+00 -2.129550e+00
      vertex   2.918259e+00 -5.525000e+00 -2.127179e+00
    endloop
  endfacet
  facet normal -9.906427e-01 3.140133e-16 -1.364809e-01
    outer loop
      vertex   2.376525e+00 -6.925000e+00 -1.734307e+00
      vertex   2.366528e+00 -6.925000e+00 -1.661745e+00
      vertex   2.366528e+00 -5.525000e+00 -1.661745e+00
    endloop
  endfacet
  facet normal -9.999528e-01 3.171916e-16 9.717248e-03
    outer loop
      vertex   2.366528e+00 -5.525000e+00 -1.661745e+00
      vertex   2.366528e+00 -6.925000e+00 -1.661745e+00
      vertex   2.367240e+00 -5.525000e+00 -1.588502e+00
    endloop
  endfacet
  facet normal -9.906427e-01 0.000000e+00 -1.364809e-01
    outer loop
      vertex   2.376525e+00 -6.925000e+00 -1.734307e+00
      vertex   2.366528e+00 -5.525000e+00 -1.661745e+00
      vertex   2.376525e+00 -5.525000e+00 -1.734307e+00
    endloop
  endfacet
  facet normal -9.600729e-01 0.000000e+00 -2.797501e-01
    outer loop
      vertex   2.397016e+00 -6.925000e+00 -1.804630e+00
      vertex   2.376525e+00 -6.925000e+00 -1.734307e+00
      vertex   2.376525e+00 -5.525000e+00 -1.734307e+00
    endloop
  endfacet
  facet normal -9.600729e-01 4.436928e-17 -2.797501e-01
    outer loop
      vertex   2.397016e+00 -6.925000e+00 -1.804630e+00
      vertex   2.376525e+00 -5.525000e+00 -1.734307e+00
      vertex   2.397016e+00 -5.525000e+00 -1.804630e+00
    endloop
  endfacet
  facet normal -9.088993e-01 6.766616e-17 -4.170157e-01
    outer loop
      vertex   2.427561e+00 -6.925000e+00 -1.871204e+00
      vertex   2.397016e+00 -6.925000e+00 -1.804630e+00
      vertex   2.397016e+00 -5.525000e+00 -1.804630e+00
    endloop
  endfacet
  facet normal -9.088993e-01 3.544489e-16 -4.170157e-01
    outer loop
      vertex   2.427561e+00 -6.925000e+00 -1.871204e+00
      vertex   2.397016e+00 -5.525000e+00 -1.804630e+00
      vertex   2.427561e+00 -5.525000e+00 -1.871204e+00
    endloop
  endfacet
  facet normal -8.382202e-01 3.552473e-16 -5.453319e-01
    outer loop
      vertex   2.467505e+00 -6.925000e+00 -1.932601e+00
      vertex   2.427561e+00 -6.925000e+00 -1.871204e+00
      vertex   2.427561e+00 -5.525000e+00 -1.871204e+00
    endloop
  endfacet
  facet normal -8.382202e-01 2.658890e-16 -5.453319e-01
    outer loop
      vertex   2.467505e+00 -6.925000e+00 -1.932601e+00
      vertex   2.427561e+00 -5.525000e+00 -1.871204e+00
      vertex   2.467505e+00 -5.525000e+00 -1.932601e+00
    endloop
  endfacet
  facet normal -7.495525e-01 2.368316e-16 -6.619449e-01
    outer loop
      vertex   2.515991e+00 -6.925000e+00 -1.987504e+00
      vertex   2.467505e+00 -6.925000e+00 -1.932601e+00
      vertex   2.467505e+00 -5.525000e+00 -1.932601e+00
    endloop
  endfacet
  facet normal -7.495525e-01 2.377630e-16 -6.619449e-01
    outer loop
      vertex   2.515991e+00 -6.925000e+00 -1.987504e+00
      vertex   2.467505e+00 -5.525000e+00 -1.932601e+00
      vertex   2.515991e+00 -5.525000e+00 -1.987504e+00
    endloop
  endfacet
  facet normal -6.447989e-01 2.072276e-16 -7.643523e-01
    outer loop
      vertex   2.571977e+00 -6.925000e+00 -2.034733e+00
      vertex   2.515991e+00 -6.925000e+00 -1.987504e+00
      vertex   2.515991e+00 -5.525000e+00 -1.987504e+00
    endloop
  endfacet
  facet normal -6.447989e-01 2.424576e-16 -7.643523e-01
    outer loop
      vertex   2.571977e+00 -6.925000e+00 -2.034733e+00
      vertex   2.515991e+00 -5.525000e+00 -1.987504e+00
      vertex   2.571977e+00 -5.525000e+00 -2.034733e+00
    endloop
  endfacet
  facet normal -5.262076e-01 2.706646e-16 -8.503562e-01
    outer loop
      vertex   2.634263e+00 -6.925000e+00 -2.073277e+00
      vertex   2.571977e+00 -6.925000e+00 -2.034733e+00
      vertex   2.571977e+00 -5.525000e+00 -2.034733e+00
    endloop
  endfacet
  facet normal -5.262076e-01 0.000000e+00 -8.503562e-01
    outer loop
      vertex   2.634263e+00 -6.925000e+00 -2.073277e+00
      vertex   2.571977e+00 -5.525000e+00 -2.034733e+00
      vertex   2.634263e+00 -5.525000e+00 -2.073277e+00
    endloop
  endfacet
  facet normal -3.963235e-01 0.000000e+00 -9.181109e-01
    outer loop
      vertex   2.701512e+00 -6.925000e+00 -2.102306e+00
      vertex   2.634263e+00 -6.925000e+00 -2.073277e+00
      vertex   2.634263e+00 -5.525000e+00 -2.073277e+00
    endloop
  endfacet
  facet normal -3.963235e-01 1.257164e-16 -9.181109e-01
    outer loop
      vertex   2.701512e+00 -6.925000e+00 -2.102306e+00
      vertex   2.634263e+00 -5.525000e+00 -2.073277e+00
      vertex   2.701512e+00 -5.525000e+00 -2.102306e+00
    endloop
  endfacet
  facet normal -2.579341e-01 8.246813e-17 -9.661625e-01
    outer loop
      vertex   2.772281e+00 -6.925000e+00 -2.121199e+00
      vertex   2.701512e+00 -6.925000e+00 -2.102306e+00
      vertex   2.701512e+00 -5.525000e+00 -2.102306e+00
    endloop
  endfacet
  facet normal -2.579341e-01 0.000000e+00 -9.661625e-01
    outer loop
      vertex   2.772281e+00 -6.925000e+00 -2.121199e+00
      vertex   2.701512e+00 -5.525000e+00 -2.102306e+00
      vertex   2.772281e+00 -5.525000e+00 -2.121199e+00
    endloop
  endfacet
  facet normal -1.140094e-01 0.000000e+00 -9.934797e-01
    outer loop
      vertex   2.845051e+00 -6.925000e+00 -2.129550e+00
      vertex   2.772281e+00 -6.925000e+00 -2.121199e+00
      vertex   2.772281e+00 -5.525000e+00 -2.121199e+00
    endloop
  endfacet
  facet normal -1.140094e-01 0.000000e+00 -9.934797e-01
    outer loop
      vertex   2.845051e+00 -6.925000e+00 -2.129550e+00
      vertex   2.772281e+00 -5.525000e+00 -2.121199e+00
      vertex   2.845051e+00 -5.525000e+00 -2.129550e+00
    endloop
  endfacet
  facet normal 3.236215e-02 0.000000e+00 -9.994762e-01
    outer loop
      vertex   2.918259e+00 -6.925000e+00 -2.127179e+00
      vertex   2.845051e+00 -6.925000e+00 -2.129550e+00
      vertex   2.845051e+00 -5.525000e+00 -2.129550e+00
    endloop
  endfacet
  facet normal 3.236215e-02 0.000000e+00 -9.994762e-01
    outer loop
      vertex   2.918259e+00 -6.925000e+00 -2.127179e+00
      vertex   2.845051e+00 -5.525000e+00 -2.129550e+00
      vertex   2.918259e+00 -5.525000e+00 -2.127179e+00
    endloop
  endfacet
  facet normal 2.496378e-01 0.000000e+00 -9.683393e-01
    outer loop
      vertex   2.990336e+00 -1.325000e+00 -2.114139e+00
      vertex   3.032304e+00 -1.325000e+00 -2.103319e+00
      vertex   2.990336e+00 -8.325000e+00 -2.114139e+00
    endloop
  endfacet
  facet normal 2.496378e-01 0.000000e+00 -9.683393e-01
    outer loop
      vertex   2.990336e+00 -8.325000e+00 -2.114139e+00
      vertex   3.032304e+00 -1.325000e+00 -2.103319e+00
      vertex   3.032304e+00 -8.325000e+00 -2.103319e+00
    endloop
  endfacet
  facet normal -8.491660e-01 0.000000e+00 -5.281260e-01
    outer loop
      vertex   -3.399413e+00 -8.325000e+00 1.037659e-01
      vertex   -7.009923e+00 -8.325000e+00 5.909050e+00
      vertex   -3.399413e+00 -1.325000e+00 1.037659e-01
    endloop
  endfacet
  facet normal -8.491660e-01 0.000000e+00 -5.281260e-01
    outer loop
      vertex   -3.399413e+00 -1.325000e+00 1.037659e-01
      vertex   -7.009923e+00 -8.325000e+00 5.909050e+00
      vertex   -7.009923e+00 -1.325000e+00 5.909050e+00
    endloop
  endfacet
  facet normal 0.000000e+00 -1.000000e+00 0.000000e+00
    outer loop
      vertex   -3.803307e+00 -1.132500e+01 -8.814125e+00
      vertex   -3.479941e+00 -1.132500e+01 -8.820032e+00
      vertex   -2.852619e+00 -1.132500e+01 -1.188661e-02
    endloop
  endfacet
  facet normal 0.000000e+00 -1.000000e+00 0.000000e+00
    outer loop
      vertex   -2.852619e+00 -1.132500e+01 -1.188661e-02
      vertex   -3.479941e+00 -1.132500e+01 -8.820032e+00
      vertex   -3.156575e+00 -1.132500e+01 -8.814125e+00
    endloop
  endfacet
  facet normal 0.000000e+00 -1.000000e+00 -0.000000e+00
    outer loop
      vertex   -2.852619e+00 -1.132500e+01 -1.188661e-02
      vertex   -3.156575e+00 -1.132500e+01 -8.814125e+00
      vertex   -2.843713e+00 -1.132500e+01 -1.950729e-01
    endloop
  endfacet
  facet normal 0.000000e+00 -1.000000e+00 -0.000000e+00
    outer loop
      vertex   -2.843713e+00 -1.132500e+01 -1.950729e-01
      vertex   -3.156575e+00 -1.132500e+01 -8.814125e+00
      vertex   -2.822968e+00 -1.132500e+01 -3.772985e-01
    endloop
  endfacet
  facet normal 0.000000e+00 -1.000000e+00 -0.000000e+00
    outer loop
      vertex   -2.822968e+00 -1.132500e+01 -3.772985e-01
      vertex   -3.156575e+00 -1.132500e+01 -8.814125e+00
      vertex   -2.790470e+00 -1.132500e+01 -5.577992e-01
    endloop
  endfacet
  facet normal 0.000000e+00 -1.000000e+00 -0.000000e+00
    outer loop
      vertex   -2.790470e+00 -1.132500e+01 -5.577992e-01
      vertex   -3.156575e+00 -1.132500e+01 -8.814125e+00
      vertex   -2.746357e+00 -1.132500e+01 -7.358177e-01
    endloop
  endfacet
  facet normal 0.000000e+00 -1.000000e+00 -0.000000e+00
    outer loop
      vertex   -2.746357e+00 -1.132500e+01 -7.358177e-01
      vertex   -3.156575e+00 -1.132500e+01 -8.814125e+00
      vertex   -2.690814e+00 -1.132500e+01 -9.106075e-01
    endloop
  endfacet
  facet normal 0.000000e+00 -1.000000e+00 -0.000000e+00
    outer loop
      vertex   -2.690814e+00 -1.132500e+01 -9.106075e-01
      vertex   -3.156575e+00 -1.132500e+01 -8.814125e+00
      vertex   -2.624073e+00 -1.132500e+01 -1.081435e+00
    endloop
  endfacet
  facet normal 0.000000e+00 -1.000000e+00 -0.000000e+00
    outer loop
      vertex   -2.624073e+00 -1.132500e+01 -1.081435e+00
      vertex   -3.156575e+00 -1.132500e+01 -8.814125e+00
      vertex   -2.546414e+00 -1.132500e+01 -1.247585e+00
    endloop
  endfacet
  facet normal 0.000000e+00 -1.000000e+00 -0.000000e+00
    outer loop
      vertex   -2.546414e+00 -1.132500e+01 -1.247585e+00
      vertex   -3.156575e+00 -1.132500e+01 -8.814125e+00
      vertex   -2.458163e+00 -1.132500e+01 -1.408359e+00
    endloop
  endfacet
  facet normal 0.000000e+00 -1.000000e+00 -0.000000e+00
    outer loop
      vertex   -2.458163e+00 -1.132500e+01 -1.408359e+00
      vertex   -3.156575e+00 -1.132500e+01 -8.814125e+00
      vertex   -2.359690e+00 -1.132500e+01 -1.563084e+00
    endloop
  endfacet
  facet normal 0.000000e+00 -1.000000e+00 -0.000000e+00
    outer loop
      vertex   -2.359690e+00 -1.132500e+01 -1.563084e+00
      vertex   -3.156575e+00 -1.132500e+01 -8.814125e+00
      vertex   -2.251409e+00 -1.132500e+01 -1.711110e+00
    endloop
  endfacet
  facet normal 0.000000e+00 -1.000000e+00 -0.000000e+00
    outer loop
      vertex   -2.251409e+00 -1.132500e+01 -1.711110e+00
      vertex   -3.156575e+00 -1.132500e+01 -8.814125e+00
      vertex   -2.133773e+00 -1.132500e+01 -1.851816e+00
    endloop
  endfacet
  facet normal 0.000000e+00 -1.000000e+00 -0.000000e+00
    outer loop
      vertex   -2.133773e+00 -1.132500e+01 -1.851816e+00
      vertex   -3.156575e+00 -1.132500e+01 -8.814125e+00
      vertex   -2.007276e+00 -1.132500e+01 -1.984613e+00
    endloop
  endfacet
  facet normal 0.000000e+00 -1.000000e+00 -0.000000e+00
    outer loop
      vertex   -2.007276e+00 -1.132500e+01 -1.984613e+00
      vertex   -3.156575e+00 -1.132500e+01 -8.814125e+00
      vertex   -1.872448e+00 -1.132500e+01 -2.108943e+00
    endloop
  endfacet
  facet normal 0.000000e+00 -1.000000e+00 -0.000000e+00
    outer loop
      vertex   -1.872448e+00 -1.132500e+01 -2.108943e+00
      vertex   -3.156575e+00 -1.132500e+01 -8.814125e+00
      vertex   -1.729855e+00 -1.132500e+01 -2.224285e+00
    endloop
  endfacet
  facet normal 0.000000e+00 -1.000000e+00 -0.000000e+00
    outer loop
      vertex   -1.729855e+00 -1.132500e+01 -2.224285e+00
      vertex   -3.156575e+00 -1.132500e+01 -8.814125e+00
      vertex   -1.580095e+00 -1.132500e+01 -2.330155e+00
    endloop
  endfacet
  facet normal 0.000000e+00 -1.000000e+00 -0.000000e+00
    outer loop
      vertex   -1.580095e+00 -1.132500e+01 -2.330155e+00
      vertex   -3.156575e+00 -1.132500e+01 -8.814125e+00
      vertex   -1.423796e+00 -1.132500e+01 -2.426110e+00
    endloop
  endfacet
  facet normal 0.000000e+00 -1.000000e+00 0.000000e+00
    outer loop
      vertex   -1.423796e+00 -1.132500e+01 -2.426110e+00
      vertex   -3.156575e+00 -1.132500e+01 -8.814125e+00
      vertex   -2.833640e+00 -1.132500e+01 -8.796412e+00
    endloop
  endfacet
  facet normal 0.000000e+00 -1.000000e+00 0.000000e+00
    outer loop
      vertex   -1.423796e+00 -1.132500e+01 -2.426110e+00
      vertex   -2.833640e+00 -1.132500e+01 -8.796412e+00
      vertex   -2.511568e+00 -1.132500e+01 -8.766916e+00
    endloop
  endfacet
  facet normal 0.000000e+00 -1.000000e+00 -0.000000e+00
    outer loop
      vertex   -1.423796e+00 -1.132500e+01 -2.426110e+00
      vertex   -2.511568e+00 -1.132500e+01 -8.766916e+00
      vertex   -1.261614e+00 -1.132500e+01 -2.511745e+00
    endloop
  endfacet
  facet normal 0.000000e+00 -1.000000e+00 0.000000e+00
    outer loop
      vertex   -1.261614e+00 -1.132500e+01 -2.511745e+00
      vertex   -2.511568e+00 -1.132500e+01 -8.766916e+00
      vertex   -2.190788e+00 -1.132500e+01 -8.725678e+00
    endloop
  endfacet
  facet normal 0.000000e+00 -1.000000e+00 0.000000e+00
    outer loop
      vertex   -1.261614e+00 -1.132500e+01 -2.511745e+00
      vertex   -2.190788e+00 -1.132500e+01 -8.725678e+00
      vertex   -1.871728e+00 -1.132500e+01 -8.672751e+00
    endloop
  endfacet
  facet normal 0.000000e+00 -1.000000e+00 -0.000000e+00
    outer loop
      vertex   -1.261614e+00 -1.132500e+01 -2.511745e+00
      vertex   -1.871728e+00 -1.132500e+01 -8.672751e+00
      vertex   -1.094229e+00 -1.132500e+01 -2.586704e+00
    endloop
  endfacet
  facet normal 0.000000e+00 -1.000000e+00 0.000000e+00
    outer loop
      vertex   -1.094229e+00 -1.132500e+01 -2.586704e+00
      vertex   -1.871728e+00 -1.132500e+01 -8.672751e+00
      vertex   -1.554814e+00 -1.132500e+01 -8.608207e+00
    endloop
  endfacet
  facet normal 0.000000e+00 -1.000000e+00 0.000000e+00
    outer loop
      vertex   -1.094229e+00 -1.132500e+01 -2.586704e+00
      vertex   -1.554814e+00 -1.132500e+01 -8.608207e+00
      vertex   -1.240468e+00 -1.132500e+01 -8.532132e+00
    endloop
  endfacet
  facet normal 0.000000e+00 -1.000000e+00 -0.000000e+00
    outer loop
      vertex   -1.094229e+00 -1.132500e+01 -2.586704e+00
      vertex   -1.240468e+00 -1.132500e+01 -8.532132e+00
      vertex   -9.223427e-01 -1.132500e+01 -2.650670e+00
    endloop
  endfacet
  facet normal 0.000000e+00 -1.000000e+00 0.000000e+00
    outer loop
      vertex   -9.223427e-01 -1.132500e+01 -2.650670e+00
      vertex   -1.240468e+00 -1.132500e+01 -8.532132e+00
      vertex   -9.291110e-01 -1.132500e+01 -8.444627e+00
    endloop
  endfacet
  facet normal 0.000000e+00 -1.000000e+00 -0.000000e+00
    outer loop
      vertex   -9.223427e-01 -1.132500e+01 -2.650670e+00
      vertex   -9.291110e-01 -1.132500e+01 -8.444627e+00
      vertex   -7.466764e-01 -1.132500e+01 -2.703376e+00
    endloop
  endfacet
  facet normal 0.000000e+00 -1.000000e+00 -0.000000e+00
    outer loop
      vertex   -7.466764e-01 -1.132500e+01 -2.703376e+00
      vertex   -9.291110e-01 -1.132500e+01 -8.444627e+00
      vertex   -6.211573e-01 -1.132500e+01 -8.345809e+00
    endloop
  endfacet
  facet normal 0.000000e+00 -1.000000e+00 0.000000e+00
    outer loop
      vertex   -7.466764e-01 -1.132500e+01 -2.703376e+00
      vertex   -6.211573e-01 -1.132500e+01 -8.345809e+00
      vertex   -3.170180e-01 -1.132500e+01 -8.235810e+00
    endloop
  endfacet
  facet normal 0.000000e+00 -1.000000e+00 0.000000e+00
    outer loop
      vertex   -7.466764e-01 -1.132500e+01 -2.703376e+00
      vertex   -3.170180e-01 -1.132500e+01 -8.235810e+00
      vertex   -5.679669e-01 -1.132500e+01 -2.744600e+00
    endloop
  endfacet
  facet normal 0.000000e+00 -1.000000e+00 0.000000e+00
    outer loop
      vertex   -5.679669e-01 -1.132500e+01 -2.744600e+00
      vertex   -3.170180e-01 -1.132500e+01 -8.235810e+00
      vertex   -1.709908e-02 -1.132500e+01 -8.114777e+00
    endloop
  endfacet
  facet normal 0.000000e+00 -1.000000e+00 0.000000e+00
    outer loop
      vertex   -5.679669e-01 -1.132500e+01 -2.744600e+00
      vertex   -1.709908e-02 -1.132500e+01 -8.114777e+00
      vertex   2.781994e-01 -1.132500e+01 -7.982870e+00
    endloop
  endfacet
  facet normal 0.000000e+00 -1.000000e+00 0.000000e+00
    outer loop
      vertex   -5.679669e-01 -1.132500e+01 -2.744600e+00
      vertex   2.781994e-01 -1.132500e+01 -7.982870e+00
      vertex   -3.869637e-01 -1.132500e+01 -2.774170e+00
    endloop
  endfacet
  facet normal 0.000000e+00 -1.000000e+00 0.000000e+00
    outer loop
      vertex   -3.869637e-01 -1.132500e+01 -2.774170e+00
      vertex   2.781994e-01 -1.132500e+01 -7.982870e+00
      vertex   5.684834e-01 -1.132500e+01 -7.840267e+00
    endloop
  endfacet
  facet normal 0.000000e+00 -1.000000e+00 0.000000e+00
    outer loop
      vertex   -3.869637e-01 -1.132500e+01 -2.774170e+00
      vertex   5.684834e-01 -1.132500e+01 -7.840267e+00
      vertex   -2.044260e-01 -1.132500e+01 -2.791962e+00
    endloop
  endfacet
  facet normal 0.000000e+00 -1.000000e+00 0.000000e+00
    outer loop
      vertex   -2.044260e-01 -1.132500e+01 -2.791962e+00
      vertex   5.684834e-01 -1.132500e+01 -7.840267e+00
      vertex   8.533655e-01 -1.132500e+01 -7.687157e+00
    endloop
  endfacet
  facet normal 0.000000e+00 -1.000000e+00 0.000000e+00
    outer loop
      vertex   -2.044260e-01 -1.132500e+01 -2.791962e+00
      vertex   8.533655e-01 -1.132500e+01 -7.687157e+00
      vertex   1.132466e+00 -1.132500e+01 -7.523745e+00
    endloop
  endfacet
  facet normal 1.652847e-12 -1.000000e+00 4.669864e-13
    outer loop
      vertex   -2.044260e-01 -1.132500e+01 -2.791962e+00
      vertex   1.132466e+00 -1.132500e+01 -7.523745e+00
      vertex   -2.111952e-02 -1.132500e+01 -2.797901e+00
    endloop
  endfacet
  facet normal -3.495499e-14 -1.000000e+00 5.499140e-14
    outer loop
      vertex   -2.111952e-02 -1.132500e+01 -2.797901e+00
      vertex   1.132466e+00 -1.132500e+01 -7.523745e+00
      vertex   1.405412e+00 -1.132500e+01 -7.350248e+00
    endloop
  endfacet
  facet normal -1.623373e-12 -1.000000e+00 -4.427579e-13
    outer loop
      vertex   -2.111952e-02 -1.132500e+01 -2.797901e+00
      vertex   1.405412e+00 -1.132500e+01 -7.350248e+00
      vertex   1.621870e-01 -1.132500e+01 -2.791962e+00
    endloop
  endfacet
  facet normal 0.000000e+00 -1.000000e+00 0.000000e+00
    outer loop
      vertex   1.621870e-01 -1.132500e+01 -2.791962e+00
      vertex   1.405412e+00 -1.132500e+01 -7.350248e+00
      vertex   1.671839e+00 -1.132500e+01 -7.166899e+00
    endloop
  endfacet
  facet normal 0.000000e+00 -1.000000e+00 0.000000e+00
    outer loop
      vertex   1.621870e-01 -1.132500e+01 -2.791962e+00
      vertex   1.671839e+00 -1.132500e+01 -7.166899e+00
      vertex   1.931392e+00 -1.132500e+01 -6.973941e+00
    endloop
  endfacet
  facet normal 0.000000e+00 -1.000000e+00 0.000000e+00
    outer loop
      vertex   1.621870e-01 -1.132500e+01 -2.791962e+00
      vertex   1.931392e+00 -1.132500e+01 -6.973941e+00
      vertex   3.447246e-01 -1.132500e+01 -2.774170e+00
    endloop
  endfacet
  facet normal 0.000000e+00 -1.000000e+00 0.000000e+00
    outer loop
      vertex   3.447246e-01 -1.132500e+01 -2.774170e+00
      vertex   1.931392e+00 -1.132500e+01 -6.973941e+00
      vertex   2.183725e+00 -1.132500e+01 -6.771633e+00
    endloop
  endfacet
  facet normal 0.000000e+00 -1.000000e+00 0.000000e+00
    outer loop
      vertex   3.447246e-01 -1.132500e+01 -2.774170e+00
      vertex   2.183725e+00 -1.132500e+01 -6.771633e+00
      vertex   5.257278e-01 -1.132500e+01 -2.744600e+00
    endloop
  endfacet
  facet normal 0.000000e+00 -1.000000e+00 0.000000e+00
    outer loop
      vertex   5.257278e-01 -1.132500e+01 -2.744600e+00
      vertex   2.183725e+00 -1.132500e+01 -6.771633e+00
      vertex   2.428501e+00 -1.132500e+01 -6.560244e+00
    endloop
  endfacet
  facet normal 0.000000e+00 -1.000000e+00 0.000000e+00
    outer loop
      vertex   5.257278e-01 -1.132500e+01 -2.744600e+00
      vertex   2.428501e+00 -1.132500e+01 -6.560244e+00
      vertex   2.665393e+00 -1.132500e+01 -6.340056e+00
    endloop
  endfacet
  facet normal 0.000000e+00 -1.000000e+00 0.000000e+00
    outer loop
      vertex   5.257278e-01 -1.132500e+01 -2.744600e+00
      vertex   2.665393e+00 -1.132500e+01 -6.340056e+00
      vertex   7.044373e-01 -1.132500e+01 -2.703376e+00
    endloop
  endfacet
  facet normal 0.000000e+00 -1.000000e+00 0.000000e+00
    outer loop
      vertex   7.044373e-01 -1.132500e+01 -2.703376e+00
      vertex   2.665393e+00 -1.132500e+01 -6.340056e+00
      vertex   2.894086e+00 -1.132500e+01 -6.111364e+00
    endloop
  endfacet
  facet normal 0.000000e+00 -1.000000e+00 0.000000e+00
    outer loop
      vertex   7.044373e-01 -1.132500e+01 -2.703376e+00
      vertex   2.894086e+00 -1.132500e+01 -6.111364e+00
      vertex   8.801036e-01 -1.132500e+01 -2.650670e+00
    endloop
  endfacet
  facet normal 0.000000e+00 -1.000000e+00 0.000000e+00
    outer loop
      vertex   8.801036e-01 -1.132500e+01 -2.650670e+00
      vertex   2.894086e+00 -1.132500e+01 -6.111364e+00
      vertex   1.051990e+00 -1.132500e+01 -2.586704e+00
    endloop
  endfacet
  facet normal 0.000000e+00 -1.000000e+00 0.000000e+00
    outer loop
      vertex   1.051990e+00 -1.132500e+01 -2.586704e+00
      vertex   2.894086e+00 -1.132500e+01 -6.111364e+00
      vertex   1.219375e+00 -1.132500e+01 -2.511745e+00
    endloop
  endfacet
  facet normal 0.000000e+00 -1.000000e+00 0.000000e+00
    outer loop
      vertex   1.219375e+00 -1.132500e+01 -2.511745e+00
      vertex   2.894086e+00 -1.132500e+01 -6.111364e+00
      vertex   1.381557e+00 -1.132500e+01 -2.426110e+00
    endloop
  endfacet
  facet normal 0.000000e+00 -1.000000e+00 0.000000e+00
    outer loop
      vertex   1.381557e+00 -1.132500e+01 -2.426110e+00
      vertex   2.894086e+00 -1.132500e+01 -6.111364e+00
      vertex   1.537856e+00 -1.132500e+01 -2.330155e+00
    endloop
  endfacet
  facet normal 0.000000e+00 -1.000000e+00 0.000000e+00
    outer loop
      vertex   1.537856e+00 -1.132500e+01 -2.330155e+00
      vertex   2.894086e+00 -1.132500e+01 -6.111364e+00
      vertex   1.687616e+00 -1.132500e+01 -2.224285e+00
    endloop
  endfacet
  facet normal 0.000000e+00 -1.000000e+00 0.000000e+00
    outer loop
      vertex   1.687616e+00 -1.132500e+01 -2.224285e+00
      vertex   2.894086e+00 -1.132500e+01 -6.111364e+00
      vertex   1.830209e+00 -1.132500e+01 -2.108943e+00
    endloop
  endfacet
  facet normal 0.000000e+00 -1.000000e+00 0.000000e+00
    outer loop
      vertex   1.830209e+00 -1.132500e+01 -2.108943e+00
      vertex   2.894086e+00 -1.132500e+01 -6.111364e+00
      vertex   1.965037e+00 -1.132500e+01 -1.984613e+00
    endloop
  endfacet
  facet normal 0.000000e+00 -1.000000e+00 0.000000e+00
    outer loop
      vertex   1.965037e+00 -1.132500e+01 -1.984613e+00
      vertex   2.894086e+00 -1.132500e+01 -6.111364e+00
      vertex   2.091534e+00 -1.132500e+01 -1.851816e+00
    endloop
  endfacet
  facet normal 0.000000e+00 -1.000000e+00 0.000000e+00
    outer loop
      vertex   2.091534e+00 -1.132500e+01 -1.851816e+00
      vertex   2.894086e+00 -1.132500e+01 -6.111364e+00
      vertex   2.209170e+00 -1.132500e+01 -1.711110e+00
    endloop
  endfacet
  facet normal 0.000000e+00 -1.000000e+00 0.000000e+00
    outer loop
      vertex   2.209170e+00 -1.132500e+01 -1.711110e+00
      vertex   2.894086e+00 -1.132500e+01 -6.111364e+00
      vertex   2.317451e+00 -1.132500e+01 -1.563084e+00
    endloop
  endfacet
  facet normal 0.000000e+00 -1.000000e+00 0.000000e+00
    outer loop
      vertex   2.317451e+00 -1.132500e+01 -1.563084e+00
      vertex   2.894086e+00 -1.132500e+01 -6.111364e+00
      vertex   2.415924e+00 -1.132500e+01 -1.408359e+00
    endloop
  endfacet
  facet normal 0.000000e+00 -1.000000e+00 0.000000e+00
    outer loop
      vertex   2.415924e+00 -1.132500e+01 -1.408359e+00
      vertex   2.894086e+00 -1.132500e+01 -6.111364e+00
      vertex   2.504175e+00 -1.132500e+01 -1.247585e+00
    endloop
  endfacet
  facet normal 0.000000e+00 -1.000000e+00 0.000000e+00
    outer loop
      vertex   2.504175e+00 -1.132500e+01 -1.247585e+00
      vertex   2.894086e+00 -1.132500e+01 -6.111364e+00
      vertex   2.581834e+00 -1.132500e+01 -1.081435e+00
    endloop
  endfacet
  facet normal 0.000000e+00 -1.000000e+00 0.000000e+00
    outer loop
      vertex   2.581834e+00 -1.132500e+01 -1.081435e+00
      vertex   2.894086e+00 -1.132500e+01 -6.111364e+00
      vertex   2.648575e+00 -1.132500e+01 -9.106075e-01
    endloop
  endfacet
  facet normal 0.000000e+00 -1.000000e+00 0.000000e+00
    outer loop
      vertex   2.648575e+00 -1.132500e+01 -9.106075e-01
      vertex   2.894086e+00 -1.132500e+01 -6.111364e+00
      vertex   2.704118e+00 -1.132500e+01 -7.358177e-01
    endloop
  endfacet
  facet normal 0.000000e+00 -1.000000e+00 0.000000e+00
    outer loop
      vertex   2.704118e+00 -1.132500e+01 -7.358177e-01
      vertex   2.894086e+00 -1.132500e+01 -6.111364e+00
      vertex   2.748231e+00 -1.132500e+01 -5.577992e-01
    endloop
  endfacet
  facet normal 0.000000e+00 -1.000000e+00 0.000000e+00
    outer loop
      vertex   2.748231e+00 -1.132500e+01 -5.577992e-01
      vertex   2.894086e+00 -1.132500e+01 -6.111364e+00
      vertex   2.780729e+00 -1.132500e+01 -3.772985e-01
    endloop
  endfacet
  facet normal 0.000000e+00 -1.000000e+00 0.000000e+00
    outer loop
      vertex   2.780729e+00 -1.132500e+01 -3.772985e-01
      vertex   2.894086e+00 -1.132500e+01 -6.111364e+00
      vertex   2.801474e+00 -1.132500e+01 -1.950729e-01
    endloop
  endfacet
  facet normal 0.000000e+00 -1.000000e+00 0.000000e+00
    outer loop
      vertex   2.801474e+00 -1.132500e+01 -1.950729e-01
      vertex   2.894086e+00 -1.132500e+01 -6.111364e+00
      vertex   2.810380e+00 -1.132500e+01 -1.188661e-02
    endloop
  endfacet
  facet normal 0.000000e+00 -1.000000e+00 0.000000e+00
    outer loop
      vertex   2.810380e+00 -1.132500e+01 -1.188661e-02
      vertex   2.894086e+00 -1.132500e+01 -6.111364e+00
      vertex   3.114273e+00 -1.132500e+01 -5.874472e+00
    endloop
  endfacet
  facet normal 0.000000e+00 -1.000000e+00 0.000000e+00
    outer loop
      vertex   2.810380e+00 -1.132500e+01 -1.188661e-02
      vertex   3.114273e+00 -1.132500e+01 -5.874472e+00
      vertex   3.325662e+00 -1.132500e+01 -5.629696e+00
    endloop
  endfacet
  facet normal 0.000000e+00 -1.000000e+00 0.000000e+00
    outer loop
      vertex   3.325662e+00 -1.132500e+01 -5.629696e+00
      vertex   3.527970e+00 -1.132500e+01 -5.377363e+00
      vertex   2.810380e+00 -1.132500e+01 -1.188661e-02
    endloop
  endfacet
  facet normal 0.000000e+00 -1.000000e+00 0.000000e+00
    outer loop
      vertex   2.810380e+00 -1.132500e+01 -1.188661e-02
      vertex   3.527970e+00 -1.132500e+01 -5.377363e+00
      vertex   3.720928e+00 -1.132500e+01 -5.117810e+00
    endloop
  endfacet
  facet normal 0.000000e+00 -1.000000e+00 0.000000e+00
    outer loop
      vertex   2.810380e+00 -1.132500e+01 -1.188661e-02
      vertex   3.720928e+00 -1.132500e+01 -5.117810e+00
      vertex   3.904277e+00 -1.132500e+01 -4.851382e+00
    endloop
  endfacet
  facet normal 0.000000e+00 -1.000000e+00 0.000000e+00
    outer loop
      vertex   3.904277e+00 -1.132500e+01 -4.851382e+00
      vertex   4.077774e+00 -1.132500e+01 -4.578437e+00
      vertex   2.810380e+00 -1.132500e+01 -1.188661e-02
    endloop
  endfacet
  facet normal 0.000000e+00 -1.000000e+00 0.000000e+00
    outer loop
      vertex   2.810380e+00 -1.132500e+01 -1.188661e-02
      vertex   4.077774e+00 -1.132500e+01 -4.578437e+00
      vertex   4.241186e+00 -1.132500e+01 -4.299336e+00
    endloop
  endfacet
  facet normal 0.000000e+00 -1.000000e+00 0.000000e+00
    outer loop
      vertex   2.810380e+00 -1.132500e+01 -1.188661e-02
      vertex   4.241186e+00 -1.132500e+01 -4.299336e+00
      vertex   4.394296e+00 -1.132500e+01 -4.014454e+00
    endloop
  endfacet
  facet normal -6.899118e-15 -1.000000e+00 -2.730153e-15
    outer loop
      vertex   4.394296e+00 -1.132500e+01 -4.014454e+00
      vertex   4.536899e+00 -1.132500e+01 -3.724170e+00
      vertex   2.810380e+00 -1.132500e+01 -1.188661e-02
    endloop
  endfacet
  facet normal -9.899825e-16 -1.000000e+00 1.808411e-17
    outer loop
      vertex   2.810380e+00 -1.132500e+01 -1.188661e-02
      vertex   4.536899e+00 -1.132500e+01 -3.724170e+00
      vertex   4.668806e+00 -1.132500e+01 3.496812e+00
    endloop
  endfacet
  facet normal -9.274807e-16 -1.000000e+00 -1.502073e-17
    outer loop
      vertex   2.810380e+00 -1.132500e+01 -1.188661e-02
      vertex   4.668806e+00 -1.132500e+01 3.496812e+00
      vertex   2.807411e+00 -1.132500e+01 1.714920e-01
    endloop
  endfacet
  facet normal -8.334880e-16 -1.000000e+00 -6.763446e-17
    outer loop
      vertex   2.807411e+00 -1.132500e+01 1.714920e-01
      vertex   4.668806e+00 -1.132500e+01 3.496812e+00
      vertex   2.792577e+00 -1.132500e+01 3.542939e-01
    endloop
  endfacet
  facet normal -7.599379e-16 -1.000000e+00 -1.115473e-16
    outer loop
      vertex   2.792577e+00 -1.132500e+01 3.542939e-01
      vertex   4.668806e+00 -1.132500e+01 3.496812e+00
      vertex   2.765942e+00 -1.132500e+01 5.357521e-01
    endloop
  endfacet
  facet normal -7.005670e-16 -1.000000e+00 -1.497008e-16
    outer loop
      vertex   2.765942e+00 -1.132500e+01 5.357521e-01
      vertex   4.668806e+00 -1.132500e+01 3.496812e+00
      vertex   2.727616e+00 -1.132500e+01 7.151058e-01
    endloop
  endfacet
  facet normal -6.514133e-16 -1.000000e+00 -1.840023e-16
    outer loop
      vertex   2.727616e+00 -1.132500e+01 7.151058e-01
      vertex   4.668806e+00 -1.132500e+01 3.496812e+00
      vertex   2.677762e+00 -1.132500e+01 8.916025e-01
    endloop
  endfacet
  facet normal -6.098439e-16 -1.000000e+00 -2.157719e-16
    outer loop
      vertex   2.677762e+00 -1.132500e+01 8.916025e-01
      vertex   4.668806e+00 -1.132500e+01 3.496812e+00
      vertex   2.616588e+00 -1.132500e+01 1.064502e+00
    endloop
  endfacet
  facet normal -5.659525e-16 -1.000000e+00 -2.528045e-16
    outer loop
      vertex   2.616588e+00 -1.132500e+01 1.064502e+00
      vertex   4.668806e+00 -1.132500e+01 3.496812e+00
      vertex   4.536899e+00 -1.132500e+01 3.792110e+00
    endloop
  endfacet
  facet normal -5.750340e-16 -1.000000e+00 -2.464109e-16
    outer loop
      vertex   2.616588e+00 -1.132500e+01 1.064502e+00
      vertex   4.536899e+00 -1.132500e+01 3.792110e+00
      vertex   2.544350e+00 -1.132500e+01 1.233079e+00
    endloop
  endfacet
  facet normal -5.397250e-16 -1.000000e+00 -2.739036e-16
    outer loop
      vertex   2.544350e+00 -1.132500e+01 1.233079e+00
      vertex   4.536899e+00 -1.132500e+01 3.792110e+00
      vertex   2.461351e+00 -1.132500e+01 1.396627e+00
    endloop
  endfacet
  facet normal -5.085068e-16 -1.000000e+00 -3.009524e-16
    outer loop
      vertex   2.461351e+00 -1.132500e+01 1.396627e+00
      vertex   4.536899e+00 -1.132500e+01 3.792110e+00
      vertex   2.367941e+00 -1.132500e+01 1.554459e+00
    endloop
  endfacet
  facet normal -4.804740e-16 -1.000000e+00 -3.281246e-16
    outer loop
      vertex   2.367941e+00 -1.132500e+01 1.554459e+00
      vertex   4.536899e+00 -1.132500e+01 3.792110e+00
      vertex   2.264509e+00 -1.132500e+01 1.705914e+00
    endloop
  endfacet
  facet normal -4.549250e-16 -1.000000e+00 -3.559539e-16
    outer loop
      vertex   2.264509e+00 -1.132500e+01 1.705914e+00
      vertex   4.536899e+00 -1.132500e+01 3.792110e+00
      vertex   2.151491e+00 -1.132500e+01 1.850356e+00
    endloop
  endfacet
  facet normal -4.312962e-16 -1.000000e+00 -3.849814e-16
    outer loop
      vertex   2.151491e+00 -1.132500e+01 1.850356e+00
      vertex   4.536899e+00 -1.132500e+01 3.792110e+00
      vertex   2.029361e+00 -1.132500e+01 1.987179e+00
    endloop
  endfacet
  facet normal -4.091161e-16 -1.000000e+00 -4.157955e-16
    outer loop
      vertex   2.029361e+00 -1.132500e+01 1.987179e+00
      vertex   4.536899e+00 -1.132500e+01 3.792110e+00
      vertex   1.898630e+00 -1.132500e+01 2.115810e+00
    endloop
  endfacet
  facet normal -3.476344e-15 -1.000000e+00 4.411606e-15
    outer loop
      vertex   1.898630e+00 -1.132500e+01 2.115810e+00
      vertex   4.536899e+00 -1.132500e+01 3.792110e+00
      vertex   4.394296e+00 -1.132500e+01 4.082394e+00
    endloop
  endfacet
  facet normal 0.000000e+00 -1.000000e+00 0.000000e+00
    outer loop
      vertex   1.898630e+00 -1.132500e+01 2.115810e+00
      vertex   4.394296e+00 -1.132500e+01 4.082394e+00
      vertex   1.759847e+00 -1.132500e+01 2.235709e+00
    endloop
  endfacet
  facet normal 0.000000e+00 -1.000000e+00 0.000000e+00
    outer loop
      vertex   1.759847e+00 -1.132500e+01 2.235709e+00
      vertex   4.394296e+00 -1.132500e+01 4.082394e+00
      vertex   4.241186e+00 -1.132500e+01 4.367277e+00
    endloop
  endfacet
  facet normal 0.000000e+00 -1.000000e+00 0.000000e+00
    outer loop
      vertex   1.759847e+00 -1.132500e+01 2.235709e+00
      vertex   4.241186e+00 -1.132500e+01 4.367277e+00
      vertex   1.613593e+00 -1.132500e+01 2.346373e+00
    endloop
  endfacet
  facet normal 0.000000e+00 -1.000000e+00 0.000000e+00
    outer loop
      vertex   1.613593e+00 -1.132500e+01 2.346373e+00
      vertex   4.241186e+00 -1.132500e+01 4.367277e+00
      vertex   4.077774e+00 -1.132500e+01 4.646377e+00
    endloop
  endfacet
  facet normal 0.000000e+00 -1.000000e+00 0.000000e+00
    outer loop
      vertex   1.613593e+00 -1.132500e+01 2.346373e+00
      vertex   4.077774e+00 -1.132500e+01 4.646377e+00
      vertex   3.904277e+00 -1.132500e+01 4.919323e+00
    endloop
  endfacet
  facet normal 0.000000e+00 -1.000000e+00 0.000000e+00
    outer loop
      vertex   4.536899e+00 -1.132500e+01 -3.724170e+00
      vertex   4.668806e+00 -1.132500e+01 -3.428872e+00
      vertex   4.668806e+00 -1.132500e+01 3.496812e+00
    endloop
  endfacet
  facet normal 0.000000e+00 -1.000000e+00 0.000000e+00
    outer loop
      vertex   4.668806e+00 -1.132500e+01 3.496812e+00
      vertex   4.668806e+00 -1.132500e+01 -3.428872e+00
      vertex   4.789839e+00 -1.132500e+01 3.196893e+00
    endloop
  endfacet
  facet normal 0.000000e+00 -1.000000e+00 -0.000000e+00
    outer loop
      vertex   4.789839e+00 -1.132500e+01 3.196893e+00
      vertex   4.668806e+00 -1.132500e+01 -3.428872e+00
      vertex   4.789839e+00 -1.132500e+01 -3.128953e+00
    endloop
  endfacet
  facet normal 0.000000e+00 -1.000000e+00 0.000000e+00
    outer loop
      vertex   4.789839e+00 -1.132500e+01 3.196893e+00
      vertex   4.789839e+00 -1.132500e+01 -3.128953e+00
      vertex   4.899838e+00 -1.132500e+01 2.892754e+00
    endloop
  endfacet
  facet normal 0.000000e+00 -1.000000e+00 -0.000000e+00
    outer loop
      vertex   4.899838e+00 -1.132500e+01 2.892754e+00
      vertex   4.789839e+00 -1.132500e+01 -3.128953e+00
      vertex   4.899838e+00 -1.132500e+01 -2.824814e+00
    endloop
  endfacet
  facet normal 0.000000e+00 -1.000000e+00 0.000000e+00
    outer loop
      vertex   4.899838e+00 -1.132500e+01 2.892754e+00
      vertex   4.899838e+00 -1.132500e+01 -2.824814e+00
      vertex   4.998656e+00 -1.132500e+01 2.584800e+00
    endloop
  endfacet
  facet normal 0.000000e+00 -1.000000e+00 -0.000000e+00
    outer loop
      vertex   4.998656e+00 -1.132500e+01 2.584800e+00
      vertex   4.899838e+00 -1.132500e+01 -2.824814e+00
      vertex   4.998656e+00 -1.132500e+01 -2.516860e+00
    endloop
  endfacet
  facet normal 0.000000e+00 -1.000000e+00 0.000000e+00
    outer loop
      vertex   4.998656e+00 -1.132500e+01 2.584800e+00
      vertex   4.998656e+00 -1.132500e+01 -2.516860e+00
      vertex   5.086161e+00 -1.132500e+01 2.273443e+00
    endloop
  endfacet
  facet normal 0.000000e+00 -1.000000e+00 -0.000000e+00
    outer loop
      vertex   5.086161e+00 -1.132500e+01 2.273443e+00
      vertex   4.998656e+00 -1.132500e+01 -2.516860e+00
      vertex   5.086161e+00 -1.132500e+01 -2.205503e+00
    endloop
  endfacet
  facet normal 0.000000e+00 -1.000000e+00 0.000000e+00
    outer loop
      vertex   5.086161e+00 -1.132500e+01 2.273443e+00
      vertex   5.086161e+00 -1.132500e+01 -2.205503e+00
      vertex   5.162237e+00 -1.132500e+01 1.959097e+00
    endloop
  endfacet
  facet normal 0.000000e+00 -1.000000e+00 -0.000000e+00
    outer loop
      vertex   5.162237e+00 -1.132500e+01 1.959097e+00
      vertex   5.086161e+00 -1.132500e+01 -2.205503e+00
      vertex   5.162237e+00 -1.132500e+01 -1.891157e+00
    endloop
  endfacet
  facet normal 0.000000e+00 -1.000000e+00 0.000000e+00
    outer loop
      vertex   5.162237e+00 -1.132500e+01 1.959097e+00
      vertex   5.162237e+00 -1.132500e+01 -1.891157e+00
      vertex   5.226780e+00 -1.132500e+01 1.642183e+00
    endloop
  endfacet
  facet normal 0.000000e+00 -1.000000e+00 -0.000000e+00
    outer loop
      vertex   5.226780e+00 -1.132500e+01 1.642183e+00
      vertex   5.162237e+00 -1.132500e+01 -1.891157e+00
      vertex   5.226780e+00 -1.132500e+01 -1.574243e+00
    endloop
  endfacet
  facet normal 0.000000e+00 -1.000000e+00 0.000000e+00
    outer loop
      vertex   5.226780e+00 -1.132500e+01 1.642183e+00
      vertex   5.226780e+00 -1.132500e+01 -1.574243e+00
      vertex   5.279707e+00 -1.132500e+01 1.323123e+00
    endloop
  endfacet
  facet normal 0.000000e+00 -1.000000e+00 -0.000000e+00
    outer loop
      vertex   5.279707e+00 -1.132500e+01 1.323123e+00
      vertex   5.226780e+00 -1.132500e+01 -1.574243e+00
      vertex   5.279707e+00 -1.132500e+01 -1.255183e+00
    endloop
  endfacet
  facet normal 0.000000e+00 -1.000000e+00 0.000000e+00
    outer loop
      vertex   5.279707e+00 -1.132500e+01 1.323123e+00
      vertex   5.279707e+00 -1.132500e+01 -1.255183e+00
      vertex   5.320945e+00 -1.132500e+01 1.002343e+00
    endloop
  endfacet
  facet normal 0.000000e+00 -1.000000e+00 -0.000000e+00
    outer loop
      vertex   5.320945e+00 -1.132500e+01 1.002343e+00
      vertex   5.279707e+00 -1.132500e+01 -1.255183e+00
      vertex   5.320945e+00 -1.132500e+01 -9.344028e-01
    endloop
  endfacet
  facet normal 0.000000e+00 -1.000000e+00 0.000000e+00
    outer loop
      vertex   5.320945e+00 -1.132500e+01 1.002343e+00
      vertex   5.320945e+00 -1.132500e+01 -9.344028e-01
      vertex   5.350441e+00 -1.132500e+01 6.802707e-01
    endloop
  endfacet
  facet normal 0.000000e+00 -1.000000e+00 -0.000000e+00
    outer loop
      vertex   5.350441e+00 -1.132500e+01 6.802707e-01
      vertex   5.320945e+00 -1.132500e+01 -9.344028e-01
      vertex   5.350441e+00 -1.132500e+01 -6.123306e-01
    endloop
  endfacet
  facet normal 0.000000e+00 -1.000000e+00 0.000000e+00
    outer loop
      vertex   5.350441e+00 -1.132500e+01 6.802707e-01
      vertex   5.350441e+00 -1.132500e+01 -6.123306e-01
      vertex   5.368154e+00 -1.132500e+01 3.573361e-01
    endloop
  endfacet
  facet normal 0.000000e+00 -1.000000e+00 -0.000000e+00
    outer loop
      vertex   5.368154e+00 -1.132500e+01 3.573361e-01
      vertex   5.350441e+00 -1.132500e+01 -6.123306e-01
      vertex   5.368154e+00 -1.132500e+01 -2.893960e-01
    endloop
  endfacet
  facet normal 0.000000e+00 -1.000000e+00 0.000000e+00
    outer loop
      vertex   5.368154e+00 -1.132500e+01 3.573361e-01
      vertex   5.368154e+00 -1.132500e+01 -2.893960e-01
      vertex   5.374061e+00 -1.132500e+01 3.397007e-02
    endloop
  endfacet
  facet normal 0.000000e+00 -1.000000e+00 0.000000e+00
    outer loop
      vertex   1.613593e+00 -1.132500e+01 2.346373e+00
      vertex   3.904277e+00 -1.132500e+01 4.919323e+00
      vertex   1.460484e+00 -1.132500e+01 2.447338e+00
    endloop
  endfacet
  facet normal 0.000000e+00 -1.000000e+00 0.000000e+00
    outer loop
      vertex   1.460484e+00 -1.132500e+01 2.447338e+00
      vertex   3.904277e+00 -1.132500e+01 4.919323e+00
      vertex   3.720928e+00 -1.132500e+01 5.185750e+00
    endloop
  endfacet
  facet normal 0.000000e+00 -1.000000e+00 0.000000e+00
    outer loop
      vertex   1.460484e+00 -1.132500e+01 2.447338e+00
      vertex   3.720928e+00 -1.132500e+01 5.185750e+00
      vertex   1.301160e+00 -1.132500e+01 2.538181e+00
    endloop
  endfacet
  facet normal 0.000000e+00 -1.000000e+00 0.000000e+00
    outer loop
      vertex   1.301160e+00 -1.132500e+01 2.538181e+00
      vertex   3.720928e+00 -1.132500e+01 5.185750e+00
      vertex   3.527970e+00 -1.132500e+01 5.445303e+00
    endloop
  endfacet
  facet normal 0.000000e+00 -1.000000e+00 0.000000e+00
    outer loop
      vertex   1.301160e+00 -1.132500e+01 2.538181e+00
      vertex   3.527970e+00 -1.132500e+01 5.445303e+00
      vertex   1.136289e+00 -1.132500e+01 2.618520e+00
    endloop
  endfacet
  facet normal 0.000000e+00 -1.000000e+00 0.000000e+00
    outer loop
      vertex   1.136289e+00 -1.132500e+01 2.618520e+00
      vertex   3.527970e+00 -1.132500e+01 5.445303e+00
      vertex   3.325662e+00 -1.132500e+01 5.697636e+00
    endloop
  endfacet
  facet normal 0.000000e+00 -1.000000e+00 0.000000e+00
    outer loop
      vertex   1.136289e+00 -1.132500e+01 2.618520e+00
      vertex   3.325662e+00 -1.132500e+01 5.697636e+00
      vertex   9.665647e-01 -1.132500e+01 2.688019e+00
    endloop
  endfacet
  facet normal 0.000000e+00 -1.000000e+00 0.000000e+00
    outer loop
      vertex   9.665647e-01 -1.132500e+01 2.688019e+00
      vertex   3.325662e+00 -1.132500e+01 5.697636e+00
      vertex   3.114273e+00 -1.132500e+01 5.942412e+00
    endloop
  endfacet
  facet normal 0.000000e+00 -1.000000e+00 0.000000e+00
    outer loop
      vertex   9.665647e-01 -1.132500e+01 2.688019e+00
      vertex   3.114273e+00 -1.132500e+01 5.942412e+00
      vertex   7.926973e-01 -1.132500e+01 2.746385e+00
    endloop
  endfacet
  facet normal 0.000000e+00 -1.000000e+00 0.000000e+00
    outer loop
      vertex   7.926973e-01 -1.132500e+01 2.746385e+00
      vertex   3.114273e+00 -1.132500e+01 5.942412e+00
      vertex   2.894086e+00 -1.132500e+01 6.179304e+00
    endloop
  endfacet
  facet normal 0.000000e+00 -1.000000e+00 0.000000e+00
    outer loop
      vertex   7.926973e-01 -1.132500e+01 2.746385e+00
      vertex   2.894086e+00 -1.132500e+01 6.179304e+00
      vertex   2.665393e+00 -1.132500e+01 6.407997e+00
    endloop
  endfacet
  facet normal 0.000000e+00 -1.000000e+00 0.000000e+00
    outer loop
      vertex   7.926973e-01 -1.132500e+01 2.746385e+00
      vertex   2.665393e+00 -1.132500e+01 6.407997e+00
      vertex   6.154164e-01 -1.132500e+01 2.793375e+00
    endloop
  endfacet
  facet normal 0.000000e+00 -1.000000e+00 0.000000e+00
    outer loop
      vertex   6.154164e-01 -1.132500e+01 2.793375e+00
      vertex   2.665393e+00 -1.132500e+01 6.407997e+00
      vertex   2.428501e+00 -1.132500e+01 6.628184e+00
    endloop
  endfacet
  facet normal 0.000000e+00 -1.000000e+00 0.000000e+00
    outer loop
      vertex   6.154164e-01 -1.132500e+01 2.793375e+00
      vertex   2.428501e+00 -1.132500e+01 6.628184e+00
      vertex   4.354657e-01 -1.132500e+01 2.828791e+00
    endloop
  endfacet
  facet normal 0.000000e+00 -1.000000e+00 0.000000e+00
    outer loop
      vertex   4.354657e-01 -1.132500e+01 2.828791e+00
      vertex   2.428501e+00 -1.132500e+01 6.628184e+00
      vertex   2.183725e+00 -1.132500e+01 6.839573e+00
    endloop
  endfacet
  facet normal 0.000000e+00 -1.000000e+00 0.000000e+00
    outer loop
      vertex   4.354657e-01 -1.132500e+01 2.828791e+00
      vertex   2.183725e+00 -1.132500e+01 6.839573e+00
      vertex   2.535999e-01 -1.132500e+01 2.852485e+00
    endloop
  endfacet
  facet normal 0.000000e+00 -1.000000e+00 0.000000e+00
    outer loop
      vertex   2.535999e-01 -1.132500e+01 2.852485e+00
      vertex   2.183725e+00 -1.132500e+01 6.839573e+00
      vertex   1.931392e+00 -1.132500e+01 7.041881e+00
    endloop
  endfacet
  facet normal 0.000000e+00 -1.000000e+00 0.000000e+00
    outer loop
      vertex   2.535999e-01 -1.132500e+01 2.852485e+00
      vertex   1.931392e+00 -1.132500e+01 7.041881e+00
      vertex   1.671839e+00 -1.132500e+01 7.234839e+00
    endloop
  endfacet
  facet normal 0.000000e+00 -1.000000e+00 0.000000e+00
    outer loop
      vertex   2.535999e-01 -1.132500e+01 2.852485e+00
      vertex   1.671839e+00 -1.132500e+01 7.234839e+00
      vertex   7.058182e-02 -1.132500e+01 2.864356e+00
    endloop
  endfacet
  facet normal 0.000000e+00 -1.000000e+00 0.000000e+00
    outer loop
      vertex   7.058182e-02 -1.132500e+01 2.864356e+00
      vertex   1.671839e+00 -1.132500e+01 7.234839e+00
      vertex   1.405412e+00 -1.132500e+01 7.418188e+00
    endloop
  endfacet
  facet normal -0.000000e+00 -1.000000e+00 0.000000e+00
    outer loop
      vertex   7.058182e-02 -1.132500e+01 2.864356e+00
      vertex   1.405412e+00 -1.132500e+01 7.418188e+00
      vertex   -1.128209e-01 -1.132500e+01 2.864356e+00
    endloop
  endfacet
  facet normal 0.000000e+00 -1.000000e+00 0.000000e+00
    outer loop
      vertex   -1.128209e-01 -1.132500e+01 2.864356e+00
      vertex   1.405412e+00 -1.132500e+01 7.418188e+00
      vertex   1.132466e+00 -1.132500e+01 7.591685e+00
    endloop
  endfacet
  facet normal 0.000000e+00 -1.000000e+00 0.000000e+00
    outer loop
      vertex   -1.128209e-01 -1.132500e+01 2.864356e+00
      vertex   1.132466e+00 -1.132500e+01 7.591685e+00
      vertex   8.533655e-01 -1.132500e+01 7.755097e+00
    endloop
  endfacet
  facet normal -0.000000e+00 -1.000000e+00 0.000000e+00
    outer loop
      vertex   -1.128209e-01 -1.132500e+01 2.864356e+00
      vertex   8.533655e-01 -1.132500e+01 7.755097e+00
      vertex   -2.958389e-01 -1.132500e+01 2.852485e+00
    endloop
  endfacet
  facet normal 0.000000e+00 -1.000000e+00 0.000000e+00
    outer loop
      vertex   -2.958389e-01 -1.132500e+01 2.852485e+00
      vertex   8.533655e-01 -1.132500e+01 7.755097e+00
      vertex   5.684834e-01 -1.132500e+01 7.908207e+00
    endloop
  endfacet
  facet normal -0.000000e+00 -1.000000e+00 0.000000e+00
    outer loop
      vertex   -2.958389e-01 -1.132500e+01 2.852485e+00
      vertex   5.684834e-01 -1.132500e+01 7.908207e+00
      vertex   -4.777047e-01 -1.132500e+01 2.828791e+00
    endloop
  endfacet
  facet normal 0.000000e+00 -1.000000e+00 0.000000e+00
    outer loop
      vertex   -4.777047e-01 -1.132500e+01 2.828791e+00
      vertex   5.684834e-01 -1.132500e+01 7.908207e+00
      vertex   2.781994e-01 -1.132500e+01 8.050810e+00
    endloop
  endfacet
  facet normal 0.000000e+00 -1.000000e+00 0.000000e+00
    outer loop
      vertex   -4.777047e-01 -1.132500e+01 2.828791e+00
      vertex   2.781994e-01 -1.132500e+01 8.050810e+00
      vertex   -1.709908e-02 -1.132500e+01 8.182717e+00
    endloop
  endfacet
  facet normal -0.000000e+00 -1.000000e+00 0.000000e+00
    outer loop
      vertex   -4.777047e-01 -1.132500e+01 2.828791e+00
      vertex   -1.709908e-02 -1.132500e+01 8.182717e+00
      vertex   -6.576554e-01 -1.132500e+01 2.793375e+00
    endloop
  endfacet
  facet normal 0.000000e+00 -1.000000e+00 0.000000e+00
    outer loop
      vertex   -6.576554e-01 -1.132500e+01 2.793375e+00
      vertex   -1.709908e-02 -1.132500e+01 8.182717e+00
      vertex   -3.170180e-01 -1.132500e+01 8.303750e+00
    endloop
  endfacet
  facet normal 0.000000e+00 -1.000000e+00 0.000000e+00
    outer loop
      vertex   -6.576554e-01 -1.132500e+01 2.793375e+00
      vertex   -3.170180e-01 -1.132500e+01 8.303750e+00
      vertex   -6.211573e-01 -1.132500e+01 8.413749e+00
    endloop
  endfacet
  facet normal -0.000000e+00 -1.000000e+00 0.000000e+00
    outer loop
      vertex   -6.576554e-01 -1.132500e+01 2.793375e+00
      vertex   -6.211573e-01 -1.132500e+01 8.413749e+00
      vertex   -8.349363e-01 -1.132500e+01 2.746385e+00
    endloop
  endfacet
  facet normal 0.000000e+00 -1.000000e+00 0.000000e+00
    outer loop
      vertex   -8.349363e-01 -1.132500e+01 2.746385e+00
      vertex   -6.211573e-01 -1.132500e+01 8.413749e+00
      vertex   -9.291110e-01 -1.132500e+01 8.512567e+00
    endloop
  endfacet
  facet normal -0.000000e+00 -1.000000e+00 0.000000e+00
    outer loop
      vertex   -8.349363e-01 -1.132500e+01 2.746385e+00
      vertex   -9.291110e-01 -1.132500e+01 8.512567e+00
      vertex   -1.008804e+00 -1.132500e+01 2.688019e+00
    endloop
  endfacet
  facet normal 0.000000e+00 -1.000000e+00 0.000000e+00
    outer loop
      vertex   -1.008804e+00 -1.132500e+01 2.688019e+00
      vertex   -9.291110e-01 -1.132500e+01 8.512567e+00
      vertex   -1.240468e+00 -1.132500e+01 8.600072e+00
    endloop
  endfacet
  facet normal 0.000000e+00 -1.000000e+00 0.000000e+00
    outer loop
      vertex   -1.008804e+00 -1.132500e+01 2.688019e+00
      vertex   -1.240468e+00 -1.132500e+01 8.600072e+00
      vertex   -1.554814e+00 -1.132500e+01 8.676147e+00
    endloop
  endfacet
  facet normal -0.000000e+00 -1.000000e+00 0.000000e+00
    outer loop
      vertex   -1.008804e+00 -1.132500e+01 2.688019e+00
      vertex   -1.554814e+00 -1.132500e+01 8.676147e+00
      vertex   -1.178528e+00 -1.132500e+01 2.618520e+00
    endloop
  endfacet
  facet normal 0.000000e+00 -1.000000e+00 0.000000e+00
    outer loop
      vertex   -1.178528e+00 -1.132500e+01 2.618520e+00
      vertex   -1.554814e+00 -1.132500e+01 8.676147e+00
      vertex   -1.871728e+00 -1.132500e+01 8.740691e+00
    endloop
  endfacet
  facet normal 0.000000e+00 -1.000000e+00 0.000000e+00
    outer loop
      vertex   -1.178528e+00 -1.132500e+01 2.618520e+00
      vertex   -1.871728e+00 -1.132500e+01 8.740691e+00
      vertex   -2.190788e+00 -1.132500e+01 8.793618e+00
    endloop
  endfacet
  facet normal -0.000000e+00 -1.000000e+00 0.000000e+00
    outer loop
      vertex   -1.178528e+00 -1.132500e+01 2.618520e+00
      vertex   -2.190788e+00 -1.132500e+01 8.793618e+00
      vertex   -1.343399e+00 -1.132500e+01 2.538181e+00
    endloop
  endfacet
  facet normal 0.000000e+00 -1.000000e+00 0.000000e+00
    outer loop
      vertex   -1.343399e+00 -1.132500e+01 2.538181e+00
      vertex   -2.190788e+00 -1.132500e+01 8.793618e+00
      vertex   -2.511568e+00 -1.132500e+01 8.834856e+00
    endloop
  endfacet
  facet normal 0.000000e+00 -1.000000e+00 0.000000e+00
    outer loop
      vertex   -1.343399e+00 -1.132500e+01 2.538181e+00
      vertex   -2.511568e+00 -1.132500e+01 8.834856e+00
      vertex   -2.833640e+00 -1.132500e+01 8.864352e+00
    endloop
  endfacet
  facet normal -0.000000e+00 -1.000000e+00 0.000000e+00
    outer loop
      vertex   -1.343399e+00 -1.132500e+01 2.538181e+00
      vertex   -2.833640e+00 -1.132500e+01 8.864352e+00
      vertex   -1.502723e+00 -1.132500e+01 2.447338e+00
    endloop
  endfacet
  facet normal 0.000000e+00 -1.000000e+00 0.000000e+00
    outer loop
      vertex   -1.502723e+00 -1.132500e+01 2.447338e+00
      vertex   -2.833640e+00 -1.132500e+01 8.864352e+00
      vertex   -3.156575e+00 -1.132500e+01 8.882065e+00
    endloop
  endfacet
  facet normal 0.000000e+00 -1.000000e+00 0.000000e+00
    outer loop
      vertex   -1.502723e+00 -1.132500e+01 2.447338e+00
      vertex   -3.156575e+00 -1.132500e+01 8.882065e+00
      vertex   -3.479941e+00 -1.132500e+01 8.887972e+00
    endloop
  endfacet
  facet normal -0.000000e+00 -1.000000e+00 0.000000e+00
    outer loop
      vertex   -1.502723e+00 -1.132500e+01 2.447338e+00
      vertex   -3.479941e+00 -1.132500e+01 8.887972e+00
      vertex   -1.655832e+00 -1.132500e+01 2.346373e+00
    endloop
  endfacet
  facet normal 0.000000e+00 -1.000000e+00 0.000000e+00
    outer loop
      vertex   -1.655832e+00 -1.132500e+01 2.346373e+00
      vertex   -3.479941e+00 -1.132500e+01 8.887972e+00
      vertex   -3.803307e+00 -1.132500e+01 8.882065e+00
    endloop
  endfacet
  facet normal 0.000000e+00 -1.000000e+00 0.000000e+00
    outer loop
      vertex   -1.655832e+00 -1.132500e+01 2.346373e+00
      vertex   -3.803307e+00 -1.132500e+01 8.882065e+00
      vertex   -4.126242e+00 -1.132500e+01 8.864352e+00
    endloop
  endfacet
  facet normal -0.000000e+00 -1.000000e+00 0.000000e+00
    outer loop
      vertex   -1.655832e+00 -1.132500e+01 2.346373e+00
      vertex   -4.126242e+00 -1.132500e+01 8.864352e+00
      vertex   -1.802086e+00 -1.132500e+01 2.235709e+00
    endloop
  endfacet
  facet normal 0.000000e+00 -1.000000e+00 0.000000e+00
    outer loop
      vertex   -1.802086e+00 -1.132500e+01 2.235709e+00
      vertex   -4.126242e+00 -1.132500e+01 8.864352e+00
      vertex   -4.448314e+00 -1.132500e+01 8.834856e+00
    endloop
  endfacet
  facet normal 0.000000e+00 -1.000000e+00 0.000000e+00
    outer loop
      vertex   -1.802086e+00 -1.132500e+01 2.235709e+00
      vertex   -4.448314e+00 -1.132500e+01 8.834856e+00
      vertex   -4.769094e+00 -1.132500e+01 8.793618e+00
    endloop
  endfacet
  facet normal 0.000000e+00 -1.000000e+00 -0.000000e+00
    outer loop
      vertex   -4.769094e+00 -1.132500e+01 8.793618e+00
      vertex   -5.088154e+00 -1.132500e+01 8.740691e+00
      vertex   -1.802086e+00 -1.132500e+01 2.235709e+00
    endloop
  endfacet
  facet normal -0.000000e+00 -1.000000e+00 0.000000e+00
    outer loop
      vertex   -1.802086e+00 -1.132500e+01 2.235709e+00
      vertex   -5.088154e+00 -1.132500e+01 8.740691e+00
      vertex   -1.940869e+00 -1.132500e+01 2.115810e+00
    endloop
  endfacet
  facet normal 0.000000e+00 -1.000000e+00 0.000000e+00
    outer loop
      vertex   -1.940869e+00 -1.132500e+01 2.115810e+00
      vertex   -5.088154e+00 -1.132500e+01 8.740691e+00
      vertex   -5.405068e+00 -1.132500e+01 8.676147e+00
    endloop
  endfacet
  facet normal 0.000000e+00 -1.000000e+00 0.000000e+00
    outer loop
      vertex   -1.940869e+00 -1.132500e+01 2.115810e+00
      vertex   -5.405068e+00 -1.132500e+01 8.676147e+00
      vertex   -5.719414e+00 -1.132500e+01 8.600072e+00
    endloop
  endfacet
  facet normal -0.000000e+00 -1.000000e+00 0.000000e+00
    outer loop
      vertex   -1.940869e+00 -1.132500e+01 2.115810e+00
      vertex   -5.719414e+00 -1.132500e+01 8.600072e+00
      vertex   -2.071600e+00 -1.132500e+01 1.987179e+00
    endloop
  endfacet
  facet normal 0.000000e+00 -1.000000e+00 0.000000e+00
    outer loop
      vertex   -2.071600e+00 -1.132500e+01 1.987179e+00
      vertex   -5.719414e+00 -1.132500e+01 8.600072e+00
      vertex   -6.030771e+00 -1.132500e+01 8.512567e+00
    endloop
  endfacet
  facet normal 0.000000e+00 -1.000000e+00 0.000000e+00
    outer loop
      vertex   -2.071600e+00 -1.132500e+01 1.987179e+00
      vertex   -6.030771e+00 -1.132500e+01 8.512567e+00
      vertex   -6.338725e+00 -1.132500e+01 8.413749e+00
    endloop
  endfacet
  facet normal -0.000000e+00 -1.000000e+00 0.000000e+00
    outer loop
      vertex   -2.071600e+00 -1.132500e+01 1.987179e+00
      vertex   -6.338725e+00 -1.132500e+01 8.413749e+00
      vertex   -2.193730e+00 -1.132500e+01 1.850356e+00
    endloop
  endfacet
  facet normal 0.000000e+00 -1.000000e+00 0.000000e+00
    outer loop
      vertex   -2.193730e+00 -1.132500e+01 1.850356e+00
      vertex   -6.338725e+00 -1.132500e+01 8.413749e+00
      vertex   -6.642864e+00 -1.132500e+01 8.303750e+00
    endloop
  endfacet
  facet normal 0.000000e+00 -1.000000e+00 0.000000e+00
    outer loop
      vertex   -2.193730e+00 -1.132500e+01 1.850356e+00
      vertex   -6.642864e+00 -1.132500e+01 8.303750e+00
      vertex   -6.942783e+00 -1.132500e+01 8.182717e+00
    endloop
  endfacet
  facet normal 0.000000e+00 -1.000000e+00 -0.000000e+00
    outer loop
      vertex   -6.942783e+00 -1.132500e+01 8.182717e+00
      vertex   -7.238081e+00 -1.132500e+01 8.050810e+00
      vertex   -2.193730e+00 -1.132500e+01 1.850356e+00
    endloop
  endfacet
  facet normal -0.000000e+00 -1.000000e+00 0.000000e+00
    outer loop
      vertex   -2.193730e+00 -1.132500e+01 1.850356e+00
      vertex   -7.238081e+00 -1.132500e+01 8.050810e+00
      vertex   -2.306748e+00 -1.132500e+01 1.705914e+00
    endloop
  endfacet
  facet normal 0.000000e+00 -1.000000e+00 0.000000e+00
    outer loop
      vertex   -2.306748e+00 -1.132500e+01 1.705914e+00
      vertex   -7.238081e+00 -1.132500e+01 8.050810e+00
      vertex   -7.528365e+00 -1.132500e+01 7.908207e+00
    endloop
  endfacet
  facet normal 0.000000e+00 -1.000000e+00 0.000000e+00
    outer loop
      vertex   -2.306748e+00 -1.132500e+01 1.705914e+00
      vertex   -7.528365e+00 -1.132500e+01 7.908207e+00
      vertex   -7.813247e+00 -1.132500e+01 7.755097e+00
    endloop
  endfacet
  facet normal 0.000000e+00 -1.000000e+00 -0.000000e+00
    outer loop
      vertex   -7.813247e+00 -1.132500e+01 7.755097e+00
      vertex   -8.092348e+00 -1.132500e+01 7.591685e+00
      vertex   -2.306748e+00 -1.132500e+01 1.705914e+00
    endloop
  endfacet
  facet normal -0.000000e+00 -1.000000e+00 0.000000e+00
    outer loop
      vertex   -2.306748e+00 -1.132500e+01 1.705914e+00
      vertex   -8.092348e+00 -1.132500e+01 7.591685e+00
      vertex   -2.410180e+00 -1.132500e+01 1.554459e+00
    endloop
  endfacet
  facet normal 0.000000e+00 -1.000000e+00 0.000000e+00
    outer loop
      vertex   -2.410180e+00 -1.132500e+01 1.554459e+00
      vertex   -8.092348e+00 -1.132500e+01 7.591685e+00
      vertex   -8.365293e+00 -1.132500e+01 7.418188e+00
    endloop
  endfacet
  facet normal 0.000000e+00 -1.000000e+00 0.000000e+00
    outer loop
      vertex   -2.410180e+00 -1.132500e+01 1.554459e+00
      vertex   -8.365293e+00 -1.132500e+01 7.418188e+00
      vertex   -8.631721e+00 -1.132500e+01 7.234839e+00
    endloop
  endfacet
  facet normal -0.000000e+00 -1.000000e+00 0.000000e+00
    outer loop
      vertex   -2.410180e+00 -1.132500e+01 1.554459e+00
      vertex   -8.631721e+00 -1.132500e+01 7.234839e+00
      vertex   -2.503590e+00 -1.132500e+01 1.396627e+00
    endloop
  endfacet
  facet normal 0.000000e+00 -1.000000e+00 0.000000e+00
    outer loop
      vertex   -2.503590e+00 -1.132500e+01 1.396627e+00
      vertex   -8.631721e+00 -1.132500e+01 7.234839e+00
      vertex   -8.891274e+00 -1.132500e+01 7.041881e+00
    endloop
  endfacet
  facet normal 0.000000e+00 -1.000000e+00 0.000000e+00
    outer loop
      vertex   -2.503590e+00 -1.132500e+01 1.396627e+00
      vertex   -8.891274e+00 -1.132500e+01 7.041881e+00
      vertex   -9.143607e+00 -1.132500e+01 6.839573e+00
    endloop
  endfacet
  facet normal 0.000000e+00 -1.000000e+00 -0.000000e+00
    outer loop
      vertex   -9.143607e+00 -1.132500e+01 6.839573e+00
      vertex   -9.388383e+00 -1.132500e+01 6.628184e+00
      vertex   -2.503590e+00 -1.132500e+01 1.396627e+00
    endloop
  endfacet
  facet normal -0.000000e+00 -1.000000e+00 0.000000e+00
    outer loop
      vertex   -2.503590e+00 -1.132500e+01 1.396627e+00
      vertex   -9.388383e+00 -1.132500e+01 6.628184e+00
      vertex   -2.586589e+00 -1.132500e+01 1.233079e+00
    endloop
  endfacet
  facet normal 0.000000e+00 -1.000000e+00 0.000000e+00
    outer loop
      vertex   -2.586589e+00 -1.132500e+01 1.233079e+00
      vertex   -9.388383e+00 -1.132500e+01 6.628184e+00
      vertex   -9.625275e+00 -1.132500e+01 6.407997e+00
    endloop
  endfacet
  facet normal 0.000000e+00 -1.000000e+00 0.000000e+00
    outer loop
      vertex   -2.586589e+00 -1.132500e+01 1.233079e+00
      vertex   -9.625275e+00 -1.132500e+01 6.407997e+00
      vertex   -9.853967e+00 -1.132500e+01 6.179304e+00
    endloop
  endfacet
  facet normal 0.000000e+00 -1.000000e+00 -0.000000e+00
    outer loop
      vertex   -9.853967e+00 -1.132500e+01 6.179304e+00
      vertex   -1.007416e+01 -1.132500e+01 5.942412e+00
      vertex   -2.586589e+00 -1.132500e+01 1.233079e+00
    endloop
  endfacet
  facet normal -0.000000e+00 -1.000000e+00 0.000000e+00
    outer loop
      vertex   -2.586589e+00 -1.132500e+01 1.233079e+00
      vertex   -1.007416e+01 -1.132500e+01 5.942412e+00
      vertex   -2.658827e+00 -1.132500e+01 1.064502e+00
    endloop
  endfacet
  facet normal 0.000000e+00 -1.000000e+00 0.000000e+00
    outer loop
      vertex   -2.658827e+00 -1.132500e+01 1.064502e+00
      vertex   -1.007416e+01 -1.132500e+01 5.942412e+00
      vertex   -1.028554e+01 -1.132500e+01 5.697636e+00
    endloop
  endfacet
  facet normal 0.000000e+00 -1.000000e+00 0.000000e+00
    outer loop
      vertex   -2.658827e+00 -1.132500e+01 1.064502e+00
      vertex   -1.028554e+01 -1.132500e+01 5.697636e+00
      vertex   -1.048785e+01 -1.132500e+01 5.445303e+00
    endloop
  endfacet
  facet normal 0.000000e+00 -1.000000e+00 -0.000000e+00
    outer loop
      vertex   -1.048785e+01 -1.132500e+01 5.445303e+00
      vertex   -1.068081e+01 -1.132500e+01 5.185750e+00
      vertex   -2.658827e+00 -1.132500e+01 1.064502e+00
    endloop
  endfacet
  facet normal -0.000000e+00 -1.000000e+00 0.000000e+00
    outer loop
      vertex   -2.658827e+00 -1.132500e+01 1.064502e+00
      vertex   -1.068081e+01 -1.132500e+01 5.185750e+00
      vertex   -2.720001e+00 -1.132500e+01 8.916025e-01
    endloop
  endfacet
  facet normal 0.000000e+00 -1.000000e+00 0.000000e+00
    outer loop
      vertex   -2.720001e+00 -1.132500e+01 8.916025e-01
      vertex   -1.068081e+01 -1.132500e+01 5.185750e+00
      vertex   -1.086416e+01 -1.132500e+01 4.919323e+00
    endloop
  endfacet
  facet normal 0.000000e+00 -1.000000e+00 0.000000e+00
    outer loop
      vertex   -2.720001e+00 -1.132500e+01 8.916025e-01
      vertex   -1.086416e+01 -1.132500e+01 4.919323e+00
      vertex   -1.103766e+01 -1.132500e+01 4.646377e+00
    endloop
  endfacet
  facet normal 0.000000e+00 -1.000000e+00 -0.000000e+00
    outer loop
      vertex   -1.103766e+01 -1.132500e+01 4.646377e+00
      vertex   -1.120107e+01 -1.132500e+01 4.367277e+00
      vertex   -2.720001e+00 -1.132500e+01 8.916025e-01
    endloop
  endfacet
  facet normal -0.000000e+00 -1.000000e+00 0.000000e+00
    outer loop
      vertex   -2.720001e+00 -1.132500e+01 8.916025e-01
      vertex   -1.120107e+01 -1.132500e+01 4.367277e+00
      vertex   -2.769855e+00 -1.132500e+01 7.151058e-01
    endloop
  endfacet
  facet normal 0.000000e+00 -1.000000e+00 0.000000e+00
    outer loop
      vertex   -2.769855e+00 -1.132500e+01 7.151058e-01
      vertex   -1.120107e+01 -1.132500e+01 4.367277e+00
      vertex   -1.135418e+01 -1.132500e+01 4.082394e+00
    endloop
  endfacet
  facet normal -2.012567e-15 -1.000000e+00 -5.130693e-15
    outer loop
      vertex   -2.769855e+00 -1.132500e+01 7.151058e-01
      vertex   -1.135418e+01 -1.132500e+01 4.082394e+00
      vertex   -1.149678e+01 -1.132500e+01 3.792110e+00
    endloop
  endfacet
  facet normal -1.758527e-16 -1.000000e+00 7.855140e-17
    outer loop
      vertex   -1.149678e+01 -1.132500e+01 3.792110e+00
      vertex   -1.162869e+01 -1.132500e+01 3.496812e+00
      vertex   -2.769855e+00 -1.132500e+01 7.151058e-01
    endloop
  endfacet
  facet normal -1.879098e-16 -1.000000e+00 4.015354e-17
    outer loop
      vertex   -2.769855e+00 -1.132500e+01 7.151058e-01
      vertex   -1.162869e+01 -1.132500e+01 3.496812e+00
      vertex   -2.808181e+00 -1.132500e+01 5.357521e-01
    endloop
  endfacet
  facet normal -1.773616e-16 -1.000000e+00 7.157500e-17
    outer loop
      vertex   -2.808181e+00 -1.132500e+01 5.357521e-01
      vertex   -1.162869e+01 -1.132500e+01 3.496812e+00
      vertex   -1.174972e+01 -1.132500e+01 3.196893e+00
    endloop
  endfacet
  facet normal -1.793574e-16 -1.000000e+00 6.486885e-17
    outer loop
      vertex   -2.808181e+00 -1.132500e+01 5.357521e-01
      vertex   -1.174972e+01 -1.132500e+01 3.196893e+00
      vertex   -1.185972e+01 -1.132500e+01 2.892754e+00
    endloop
  endfacet
  facet normal -1.811155e-16 -1.000000e+00 5.811739e-17
    outer loop
      vertex   -1.185972e+01 -1.132500e+01 2.892754e+00
      vertex   -1.195854e+01 -1.132500e+01 2.584800e+00
      vertex   -2.808181e+00 -1.132500e+01 5.357521e-01
    endloop
  endfacet
  facet normal -1.826357e-16 -1.000000e+00 5.132859e-17
    outer loop
      vertex   -2.808181e+00 -1.132500e+01 5.357521e-01
      vertex   -1.195854e+01 -1.132500e+01 2.584800e+00
      vertex   -1.204604e+01 -1.132500e+01 2.273443e+00
    endloop
  endfacet
  facet normal -1.871242e-16 -1.000000e+00 2.746698e-17
    outer loop
      vertex   -2.808181e+00 -1.132500e+01 5.357521e-01
      vertex   -1.204604e+01 -1.132500e+01 2.273443e+00
      vertex   -2.834816e+00 -1.132500e+01 3.542939e-01
    endloop
  endfacet
  facet normal -1.835898e-16 -1.000000e+00 4.443083e-17
    outer loop
      vertex   -2.834816e+00 -1.132500e+01 3.542939e-01
      vertex   -1.204604e+01 -1.132500e+01 2.273443e+00
      vertex   -1.212212e+01 -1.132500e+01 1.959097e+00
    endloop
  endfacet
  facet normal -1.847650e-16 -1.000000e+00 3.762991e-17
    outer loop
      vertex   -2.834816e+00 -1.132500e+01 3.542939e-01
      vertex   -1.212212e+01 -1.132500e+01 1.959097e+00
      vertex   -1.218666e+01 -1.132500e+01 1.642183e+00
    endloop
  endfacet
  facet normal -1.857048e-16 -1.000000e+00 3.080519e-17
    outer loop
      vertex   -1.218666e+01 -1.132500e+01 1.642183e+00
      vertex   -1.223959e+01 -1.132500e+01 1.323123e+00
      vertex   -2.834816e+00 -1.132500e+01 3.542939e-01
    endloop
  endfacet
  facet normal -1.873124e-16 -1.000000e+00 1.519971e-17
    outer loop
      vertex   -2.834816e+00 -1.132500e+01 3.542939e-01
      vertex   -1.223959e+01 -1.132500e+01 1.323123e+00
      vertex   -2.849650e+00 -1.132500e+01 1.714920e-01
    endloop
  endfacet
  facet normal -1.862402e-16 -1.000000e+00 2.394244e-17
    outer loop
      vertex   -2.849650e+00 -1.132500e+01 1.714920e-01
      vertex   -1.223959e+01 -1.132500e+01 1.323123e+00
      vertex   -1.228083e+01 -1.132500e+01 1.002343e+00
    endloop
  endfacet
  facet normal -1.868420e-16 -1.000000e+00 1.711101e-17
    outer loop
      vertex   -2.849650e+00 -1.132500e+01 1.714920e-01
      vertex   -1.228083e+01 -1.132500e+01 1.002343e+00
      vertex   -1.231032e+01 -1.132500e+01 6.802707e-01
    endloop
  endfacet
  facet normal -1.872100e-16 -1.000000e+00 1.026849e-17
    outer loop
      vertex   -1.231032e+01 -1.132500e+01 6.802707e-01
      vertex   -1.232804e+01 -1.132500e+01 3.573361e-01
      vertex   -2.849650e+00 -1.132500e+01 1.714920e-01
    endloop
  endfacet
  facet normal -1.873518e-16 -1.000000e+00 3.034199e-18
    outer loop
      vertex   -2.849650e+00 -1.132500e+01 1.714920e-01
      vertex   -1.232804e+01 -1.132500e+01 3.573361e-01
      vertex   -2.852619e+00 -1.132500e+01 -1.188661e-02
    endloop
  endfacet
  facet normal -1.873367e-16 -1.000000e+00 3.422099e-18
    outer loop
      vertex   -2.852619e+00 -1.132500e+01 -1.188661e-02
      vertex   -1.232804e+01 -1.132500e+01 3.573361e-01
      vertex   -1.233394e+01 -1.132500e+01 3.397007e-02
    endloop
  endfacet
  facet normal -1.873698e-16 -1.000000e+00 -3.422704e-18
    outer loop
      vertex   -2.852619e+00 -1.132500e+01 -1.188661e-02
      vertex   -1.233394e+01 -1.132500e+01 3.397007e-02
      vertex   -1.232804e+01 -1.132500e+01 -2.893960e-01
    endloop
  endfacet
  facet normal -1.871694e-16 -1.000000e+00 -1.026626e-17
    outer loop
      vertex   -1.232804e+01 -1.132500e+01 -2.893960e-01
      vertex   -1.231032e+01 -1.132500e+01 -6.123306e-01
      vertex   -2.852619e+00 -1.132500e+01 -1.188661e-02
    endloop
  endfacet
  facet normal -1.867355e-16 -1.000000e+00 -1.710125e-17
    outer loop
      vertex   -2.852619e+00 -1.132500e+01 -1.188661e-02
      vertex   -1.231032e+01 -1.132500e+01 -6.123306e-01
      vertex   -1.228083e+01 -1.132500e+01 -9.344028e-01
    endloop
  endfacet
  facet normal -1.860682e-16 -1.000000e+00 -2.392033e-17
    outer loop
      vertex   -2.852619e+00 -1.132500e+01 -1.188661e-02
      vertex   -1.228083e+01 -1.132500e+01 -9.344028e-01
      vertex   -1.223959e+01 -1.132500e+01 -1.255183e+00
    endloop
  endfacet
  facet normal -1.851681e-16 -1.000000e+00 -3.071616e-17
    outer loop
      vertex   -1.223959e+01 -1.132500e+01 -1.255183e+00
      vertex   -1.218666e+01 -1.132500e+01 -1.574243e+00
      vertex   -2.852619e+00 -1.132500e+01 -1.188661e-02
    endloop
  endfacet
  facet normal -1.840357e-16 -1.000000e+00 -3.748139e-17
    outer loop
      vertex   -2.852619e+00 -1.132500e+01 -1.188661e-02
      vertex   -1.218666e+01 -1.132500e+01 -1.574243e+00
      vertex   -1.212212e+01 -1.132500e+01 -1.891157e+00
    endloop
  endfacet
  facet normal -1.826719e-16 -1.000000e+00 -4.420868e-17
    outer loop
      vertex   -2.852619e+00 -1.132500e+01 -1.188661e-02
      vertex   -1.212212e+01 -1.132500e+01 -1.891157e+00
      vertex   -1.204604e+01 -1.132500e+01 -2.205503e+00
    endloop
  endfacet
  facet normal -1.810775e-16 -1.000000e+00 -5.089066e-17
    outer loop
      vertex   -1.204604e+01 -1.132500e+01 -2.205503e+00
      vertex   -1.195854e+01 -1.132500e+01 -2.516860e+00
      vertex   -2.852619e+00 -1.132500e+01 -1.188661e-02
    endloop
  endfacet
  facet normal -1.792538e-16 -1.000000e+00 -5.752001e-17
    outer loop
      vertex   -2.852619e+00 -1.132500e+01 -1.188661e-02
      vertex   -1.195854e+01 -1.132500e+01 -2.516860e+00
      vertex   -1.185972e+01 -1.132500e+01 -2.824814e+00
    endloop
  endfacet
  facet normal -1.772022e-16 -1.000000e+00 -6.408936e-17
    outer loop
      vertex   -2.852619e+00 -1.132500e+01 -1.188661e-02
      vertex   -1.185972e+01 -1.132500e+01 -2.824814e+00
      vertex   -1.174972e+01 -1.132500e+01 -3.128953e+00
    endloop
  endfacet
  facet normal -1.749242e-16 -1.000000e+00 -7.059140e-17
    outer loop
      vertex   -1.174972e+01 -1.132500e+01 -3.128953e+00
      vertex   -1.162869e+01 -1.132500e+01 -3.428872e+00
      vertex   -2.852619e+00 -1.132500e+01 -1.188661e-02
    endloop
  endfacet
  facet normal -1.724217e-16 -1.000000e+00 -7.701880e-17
    outer loop
      vertex   -2.852619e+00 -1.132500e+01 -1.188661e-02
      vertex   -1.162869e+01 -1.132500e+01 -3.428872e+00
      vertex   -1.149678e+01 -1.132500e+01 -3.724170e+00
    endloop
  endfacet
  facet normal -2.339854e-15 -1.000000e+00 4.969912e-15
    outer loop
      vertex   -2.852619e+00 -1.132500e+01 -1.188661e-02
      vertex   -1.149678e+01 -1.132500e+01 -3.724170e+00
      vertex   -1.135418e+01 -1.132500e+01 -4.014454e+00
    endloop
  endfacet
  facet normal 0.000000e+00 -1.000000e+00 0.000000e+00
    outer loop
      vertex   -1.135418e+01 -1.132500e+01 -4.014454e+00
      vertex   -1.120107e+01 -1.132500e+01 -4.299336e+00
      vertex   -2.852619e+00 -1.132500e+01 -1.188661e-02
    endloop
  endfacet
  facet normal 0.000000e+00 -1.000000e+00 0.000000e+00
    outer loop
      vertex   -2.852619e+00 -1.132500e+01 -1.188661e-02
      vertex   -1.120107e+01 -1.132500e+01 -4.299336e+00
      vertex   -1.103766e+01 -1.132500e+01 -4.578437e+00
    endloop
  endfacet
  facet normal 0.000000e+00 -1.000000e+00 0.000000e+00
    outer loop
      vertex   -2.852619e+00 -1.132500e+01 -1.188661e-02
      vertex   -1.103766e+01 -1.132500e+01 -4.578437e+00
      vertex   -1.086416e+01 -1.132500e+01 -4.851382e+00
    endloop
  endfacet
  facet normal 0.000000e+00 -1.000000e+00 0.000000e+00
    outer loop
      vertex   -1.086416e+01 -1.132500e+01 -4.851382e+00
      vertex   -1.068081e+01 -1.132500e+01 -5.117810e+00
      vertex   -2.852619e+00 -1.132500e+01 -1.188661e-02
    endloop
  endfacet
  facet normal 0.000000e+00 -1.000000e+00 0.000000e+00
    outer loop
      vertex   -2.852619e+00 -1.132500e+01 -1.188661e-02
      vertex   -1.068081e+01 -1.132500e+01 -5.117810e+00
      vertex   -1.048785e+01 -1.132500e+01 -5.377363e+00
    endloop
  endfacet
  facet normal 0.000000e+00 -1.000000e+00 0.000000e+00
    outer loop
      vertex   -2.852619e+00 -1.132500e+01 -1.188661e-02
      vertex   -1.048785e+01 -1.132500e+01 -5.377363e+00
      vertex   -1.028554e+01 -1.132500e+01 -5.629696e+00
    endloop
  endfacet
  facet normal 0.000000e+00 -1.000000e+00 0.000000e+00
    outer loop
      vertex   -1.028554e+01 -1.132500e+01 -5.629696e+00
      vertex   -1.007416e+01 -1.132500e+01 -5.874472e+00
      vertex   -2.852619e+00 -1.132500e+01 -1.188661e-02
    endloop
  endfacet
  facet normal 0.000000e+00 -1.000000e+00 0.000000e+00
    outer loop
      vertex   -2.852619e+00 -1.132500e+01 -1.188661e-02
      vertex   -1.007416e+01 -1.132500e+01 -5.874472e+00
      vertex   -9.853967e+00 -1.132500e+01 -6.111364e+00
    endloop
  endfacet
  facet normal 0.000000e+00 -1.000000e+00 0.000000e+00
    outer loop
      vertex   -2.852619e+00 -1.132500e+01 -1.188661e-02
      vertex   -9.853967e+00 -1.132500e+01 -6.111364e+00
      vertex   -9.625275e+00 -1.132500e+01 -6.340056e+00
    endloop
  endfacet
  facet normal 0.000000e+00 -1.000000e+00 0.000000e+00
    outer loop
      vertex   -9.625275e+00 -1.132500e+01 -6.340056e+00
      vertex   -9.388383e+00 -1.132500e+01 -6.560244e+00
      vertex   -2.852619e+00 -1.132500e+01 -1.188661e-02
    endloop
  endfacet
  facet normal 0.000000e+00 -1.000000e+00 0.000000e+00
    outer loop
      vertex   -2.852619e+00 -1.132500e+01 -1.188661e-02
      vertex   -9.388383e+00 -1.132500e+01 -6.560244e+00
      vertex   -9.143607e+00 -1.132500e+01 -6.771633e+00
    endloop
  endfacet
  facet normal 0.000000e+00 -1.000000e+00 0.000000e+00
    outer loop
      vertex   -2.852619e+00 -1.132500e+01 -1.188661e-02
      vertex   -9.143607e+00 -1.132500e+01 -6.771633e+00
      vertex   -8.891274e+00 -1.132500e+01 -6.973941e+00
    endloop
  endfacet
  facet normal 0.000000e+00 -1.000000e+00 0.000000e+00
    outer loop
      vertex   -8.891274e+00 -1.132500e+01 -6.973941e+00
      vertex   -8.631721e+00 -1.132500e+01 -7.166899e+00
      vertex   -2.852619e+00 -1.132500e+01 -1.188661e-02
    endloop
  endfacet
  facet normal 0.000000e+00 -1.000000e+00 0.000000e+00
    outer loop
      vertex   -2.852619e+00 -1.132500e+01 -1.188661e-02
      vertex   -8.631721e+00 -1.132500e+01 -7.166899e+00
      vertex   -8.365293e+00 -1.132500e+01 -7.350248e+00
    endloop
  endfacet
  facet normal 0.000000e+00 -1.000000e+00 0.000000e+00
    outer loop
      vertex   -2.852619e+00 -1.132500e+01 -1.188661e-02
      vertex   -8.365293e+00 -1.132500e+01 -7.350248e+00
      vertex   -8.092348e+00 -1.132500e+01 -7.523745e+00
    endloop
  endfacet
  facet normal 0.000000e+00 -1.000000e+00 0.000000e+00
    outer loop
      vertex   -8.092348e+00 -1.132500e+01 -7.523745e+00
      vertex   -7.813247e+00 -1.132500e+01 -7.687157e+00
      vertex   -2.852619e+00 -1.132500e+01 -1.188661e-02
    endloop
  endfacet
  facet normal 0.000000e+00 -1.000000e+00 0.000000e+00
    outer loop
      vertex   -2.852619e+00 -1.132500e+01 -1.188661e-02
      vertex   -7.813247e+00 -1.132500e+01 -7.687157e+00
      vertex   -7.528365e+00 -1.132500e+01 -7.840267e+00
    endloop
  endfacet
  facet normal 0.000000e+00 -1.000000e+00 0.000000e+00
    outer loop
      vertex   -2.852619e+00 -1.132500e+01 -1.188661e-02
      vertex   -7.528365e+00 -1.132500e+01 -7.840267e+00
      vertex   -7.238081e+00 -1.132500e+01 -7.982870e+00
    endloop
  endfacet
  facet normal 0.000000e+00 -1.000000e+00 0.000000e+00
    outer loop
      vertex   -7.238081e+00 -1.132500e+01 -7.982870e+00
      vertex   -6.942783e+00 -1.132500e+01 -8.114777e+00
      vertex   -2.852619e+00 -1.132500e+01 -1.188661e-02
    endloop
  endfacet
  facet normal 0.000000e+00 -1.000000e+00 0.000000e+00
    outer loop
      vertex   -2.852619e+00 -1.132500e+01 -1.188661e-02
      vertex   -6.942783e+00 -1.132500e+01 -8.114777e+00
      vertex   -6.642864e+00 -1.132500e+01 -8.235810e+00
    endloop
  endfacet
  facet normal 0.000000e+00 -1.000000e+00 0.000000e+00
    outer loop
      vertex   -2.852619e+00 -1.132500e+01 -1.188661e-02
      vertex   -6.642864e+00 -1.132500e+01 -8.235810e+00
      vertex   -6.338725e+00 -1.132500e+01 -8.345809e+00
    endloop
  endfacet
  facet normal 0.000000e+00 -1.000000e+00 0.000000e+00
    outer loop
      vertex   -6.338725e+00 -1.132500e+01 -8.345809e+00
      vertex   -6.030771e+00 -1.132500e+01 -8.444627e+00
      vertex   -2.852619e+00 -1.132500e+01 -1.188661e-02
    endloop
  endfacet
  facet normal 0.000000e+00 -1.000000e+00 0.000000e+00
    outer loop
      vertex   -2.852619e+00 -1.132500e+01 -1.188661e-02
      vertex   -6.030771e+00 -1.132500e+01 -8.444627e+00
      vertex   -5.719414e+00 -1.132500e+01 -8.532132e+00
    endloop
  endfacet
  facet normal 0.000000e+00 -1.000000e+00 0.000000e+00
    outer loop
      vertex   -2.852619e+00 -1.132500e+01 -1.188661e-02
      vertex   -5.719414e+00 -1.132500e+01 -8.532132e+00
      vertex   -5.405068e+00 -1.132500e+01 -8.608207e+00
    endloop
  endfacet
  facet normal 0.000000e+00 -1.000000e+00 0.000000e+00
    outer loop
      vertex   -5.405068e+00 -1.132500e+01 -8.608207e+00
      vertex   -5.088154e+00 -1.132500e+01 -8.672751e+00
      vertex   -2.852619e+00 -1.132500e+01 -1.188661e-02
    endloop
  endfacet
  facet normal 0.000000e+00 -1.000000e+00 0.000000e+00
    outer loop
      vertex   -2.852619e+00 -1.132500e+01 -1.188661e-02
      vertex   -5.088154e+00 -1.132500e+01 -8.672751e+00
      vertex   -4.769094e+00 -1.132500e+01 -8.725678e+00
    endloop
  endfacet
  facet normal 0.000000e+00 -1.000000e+00 0.000000e+00
    outer loop
      vertex   -2.852619e+00 -1.132500e+01 -1.188661e-02
      vertex   -4.769094e+00 -1.132500e+01 -8.725678e+00
      vertex   -4.448314e+00 -1.132500e+01 -8.766916e+00
    endloop
  endfacet
  facet normal 0.000000e+00 -1.000000e+00 0.000000e+00
    outer loop
      vertex   -4.448314e+00 -1.132500e+01 -8.766916e+00
      vertex   -4.126242e+00 -1.132500e+01 -8.796412e+00
      vertex   -2.852619e+00 -1.132500e+01 -1.188661e-02
    endloop
  endfacet
  facet normal 0.000000e+00 -1.000000e+00 0.000000e+00
    outer loop
      vertex   -2.852619e+00 -1.132500e+01 -1.188661e-02
      vertex   -4.126242e+00 -1.132500e+01 -8.796412e+00
      vertex   -3.803307e+00 -1.132500e+01 -8.814125e+00
    endloop
  endfacet
  facet normal -1.823865e-16 -1.000000e+00 -1.134325e-16
    outer loop
      vertex   -7.009923e+00 -1.325000e+00 5.909050e+00
      vertex   -6.764359e+00 -1.325000e+00 -8.188313e+00
      vertex   -3.399413e+00 -1.325000e+00 1.037659e-01
    endloop
  endfacet
  facet normal -6.985071e-16 -1.000000e+00 9.601046e-17
    outer loop
      vertex   -3.399413e+00 -1.325000e+00 1.037659e-01
      vertex   -6.764359e+00 -1.325000e+00 -8.188313e+00
      vertex   -6.462193e+00 -1.325000e+00 -8.302667e+00
    endloop
  endfacet
  facet normal -4.760297e-17 -1.000000e+00 -1.411384e-16
    outer loop
      vertex   -3.399413e+00 -1.325000e+00 1.037659e-01
      vertex   -6.462193e+00 -1.325000e+00 -8.302667e+00
      vertex   -6.156055e+00 -1.325000e+00 -8.405921e+00
    endloop
  endfacet
  facet normal 6.130906e-15 -1.000000e+00 -3.460595e-18
    outer loop
      vertex   -7.009923e+00 -1.325000e+00 5.909050e+00
      vertex   -7.046052e+00 -1.325000e+00 6.064121e+00
      vertex   -6.764359e+00 -1.325000e+00 -8.188313e+00
    endloop
  endfacet
  facet normal -5.288238e-17 -1.000000e+00 -1.256805e-16
    outer loop
      vertex   -6.764359e+00 -1.325000e+00 -8.188313e+00
      vertex   -7.046052e+00 -1.325000e+00 6.064121e+00
      vertex   -7.062152e+00 -1.325000e+00 -8.063011e+00
    endloop
  endfacet
  facet normal -7.829701e-16 -1.000000e+00 -1.248485e-16
    outer loop
      vertex   -7.062152e+00 -1.325000e+00 -8.063011e+00
      vertex   -7.046052e+00 -1.325000e+00 6.064121e+00
      vertex   -7.071125e+00 -1.325000e+00 6.221359e+00
    endloop
  endfacet
  facet normal -1.430416e-15 -1.000000e+00 -1.252552e-16
    outer loop
      vertex   -7.062152e+00 -1.325000e+00 -8.063011e+00
      vertex   -7.071125e+00 -1.325000e+00 6.221359e+00
      vertex   -7.085014e+00 -1.325000e+00 6.379976e+00
    endloop
  endfacet
  facet normal -8.210186e-15 -1.000000e+00 -1.359868e-16
    outer loop
      vertex   -7.085014e+00 -1.325000e+00 6.379976e+00
      vertex   -7.087651e+00 -1.325000e+00 6.539178e+00
      vertex   -7.062152e+00 -1.325000e+00 -8.063011e+00
    endloop
  endfacet
  facet normal -3.869409e-15 -1.000000e+00 -1.284069e-16
    outer loop
      vertex   -7.062152e+00 -1.325000e+00 -8.063011e+00
      vertex   -7.087651e+00 -1.325000e+00 6.539178e+00
      vertex   -7.139326e+00 -1.325000e+00 8.096367e+00
    endloop
  endfacet
  facet normal 5.221482e-17 -1.000000e+00 -1.096779e-16
    outer loop
      vertex   -7.062152e+00 -1.325000e+00 -8.063011e+00
      vertex   -7.139326e+00 -1.325000e+00 8.096367e+00
      vertex   -7.431037e+00 -1.325000e+00 7.957491e+00
    endloop
  endfacet
  facet normal 0.000000e+00 -1.000000e+00 0.000000e+00
    outer loop
      vertex   -7.087651e+00 -1.325000e+00 6.539178e+00
      vertex   -7.079022e+00 -1.325000e+00 6.698169e+00
      vertex   -7.139326e+00 -1.325000e+00 8.096367e+00
    endloop
  endfacet
  facet normal 0.000000e+00 -1.000000e+00 0.000000e+00
    outer loop
      vertex   -7.139326e+00 -1.325000e+00 8.096367e+00
      vertex   -7.079022e+00 -1.325000e+00 6.698169e+00
      vertex   -7.059171e+00 -1.325000e+00 6.856150e+00
    endloop
  endfacet
  facet normal 0.000000e+00 -1.000000e+00 0.000000e+00
    outer loop
      vertex   -7.139326e+00 -1.325000e+00 8.096367e+00
      vertex   -7.059171e+00 -1.325000e+00 6.856150e+00
      vertex   -7.028196e+00 -1.325000e+00 7.012333e+00
    endloop
  endfacet
  facet normal 0.000000e+00 -1.000000e+00 0.000000e+00
    outer loop
      vertex   -7.028196e+00 -1.325000e+00 7.012333e+00
      vertex   -6.986254e+00 -1.325000e+00 7.165934e+00
      vertex   -7.139326e+00 -1.325000e+00 8.096367e+00
    endloop
  endfacet
  facet normal 0.000000e+00 -1.000000e+00 0.000000e+00
    outer loop
      vertex   -7.139326e+00 -1.325000e+00 8.096367e+00
      vertex   -6.986254e+00 -1.325000e+00 7.165934e+00
      vertex   -6.933554e+00 -1.325000e+00 7.316183e+00
    endloop
  endfacet
  facet normal 0.000000e+00 -1.000000e+00 0.000000e+00
    outer loop
      vertex   -7.139326e+00 -1.325000e+00 8.096367e+00
      vertex   -6.933554e+00 -1.325000e+00 7.316183e+00
      vertex   -6.870360e+00 -1.325000e+00 7.462330e+00
    endloop
  endfacet
  facet normal 0.000000e+00 -1.000000e+00 0.000000e+00
    outer loop
      vertex   -6.870360e+00 -1.325000e+00 7.462330e+00
      vertex   -6.796988e+00 -1.325000e+00 7.603641e+00
      vertex   -7.139326e+00 -1.325000e+00 8.096367e+00
    endloop
  endfacet
  facet normal 0.000000e+00 -1.000000e+00 0.000000e+00
    outer loop
      vertex   -7.139326e+00 -1.325000e+00 8.096367e+00
      vertex   -6.796988e+00 -1.325000e+00 7.603641e+00
      vertex   -6.713806e+00 -1.325000e+00 7.739410e+00
    endloop
  endfacet
  facet normal 0.000000e+00 -1.000000e+00 0.000000e+00
    outer loop
      vertex   -7.139326e+00 -1.325000e+00 8.096367e+00
      vertex   -6.713806e+00 -1.325000e+00 7.739410e+00
      vertex   -6.621230e+00 -1.325000e+00 7.868956e+00
    endloop
  endfacet
  facet normal 0.000000e+00 -1.000000e+00 0.000000e+00
    outer loop
      vertex   -7.139326e+00 -1.325000e+00 8.096367e+00
      vertex   -6.621230e+00 -1.325000e+00 7.868956e+00
      vertex   -6.842744e+00 -1.325000e+00 8.224508e+00
    endloop
  endfacet
  facet normal 0.000000e+00 -1.000000e+00 0.000000e+00
    outer loop
      vertex   -6.842744e+00 -1.325000e+00 8.224508e+00
      vertex   -6.621230e+00 -1.325000e+00 7.868956e+00
      vertex   -6.519725e+00 -1.325000e+00 7.991630e+00
    endloop
  endfacet
  facet normal 0.000000e+00 -1.000000e+00 0.000000e+00
    outer loop
      vertex   -6.842744e+00 -1.325000e+00 8.224508e+00
      vertex   -6.519725e+00 -1.325000e+00 7.991630e+00
      vertex   -6.541683e+00 -1.325000e+00 8.341742e+00
    endloop
  endfacet
  facet normal 0.000000e+00 -1.000000e+00 0.000000e+00
    outer loop
      vertex   -6.541683e+00 -1.325000e+00 8.341742e+00
      vertex   -6.519725e+00 -1.325000e+00 7.991630e+00
      vertex   -6.409798e+00 -1.325000e+00 8.106818e+00
    endloop
  endfacet
  facet normal 0.000000e+00 -1.000000e+00 0.000000e+00
    outer loop
      vertex   -6.541683e+00 -1.325000e+00 8.341742e+00
      vertex   -6.409798e+00 -1.325000e+00 8.106818e+00
      vertex   -6.292000e+00 -1.325000e+00 8.213944e+00
    endloop
  endfacet
  facet normal -4.331980e-16 -1.000000e+00 -8.463531e-16
    outer loop
      vertex   -6.541683e+00 -1.325000e+00 8.341742e+00
      vertex   -6.292000e+00 -1.325000e+00 8.213944e+00
      vertex   -6.236546e+00 -1.325000e+00 8.447915e+00
    endloop
  endfacet
  facet normal 9.191664e-16 -1.000000e+00 -1.166879e-15
    outer loop
      vertex   -6.236546e+00 -1.325000e+00 8.447915e+00
      vertex   -6.292000e+00 -1.325000e+00 8.213944e+00
      vertex   -6.166921e+00 -1.325000e+00 8.312471e+00
    endloop
  endfacet
  facet normal -4.244511e-16 -1.000000e+00 -1.857568e-15
    outer loop
      vertex   -6.236546e+00 -1.325000e+00 8.447915e+00
      vertex   -6.166921e+00 -1.325000e+00 8.312471e+00
      vertex   -6.035186e+00 -1.325000e+00 8.401905e+00
    endloop
  endfacet
  facet normal 0.000000e+00 -1.000000e+00 0.000000e+00
    outer loop
      vertex   -6.236546e+00 -1.325000e+00 8.447915e+00
      vertex   -6.035186e+00 -1.325000e+00 8.401905e+00
      vertex   -5.927738e+00 -1.325000e+00 8.542885e+00
    endloop
  endfacet
  facet normal 0.000000e+00 -1.000000e+00 -0.000000e+00
    outer loop
      vertex   -5.927738e+00 -1.325000e+00 8.542885e+00
      vertex   -6.035186e+00 -1.325000e+00 8.401905e+00
      vertex   -5.897457e+00 -1.325000e+00 8.481799e+00
    endloop
  endfacet
  facet normal 0.000000e+00 -1.000000e+00 0.000000e+00
    outer loop
      vertex   -5.927738e+00 -1.325000e+00 8.542885e+00
      vertex   -5.897457e+00 -1.325000e+00 8.481799e+00
      vertex   -5.754423e+00 -1.325000e+00 8.551752e+00
    endloop
  endfacet
  facet normal 0.000000e+00 -1.000000e+00 0.000000e+00
    outer loop
      vertex   -5.927738e+00 -1.325000e+00 8.542885e+00
      vertex   -5.754423e+00 -1.325000e+00 8.551752e+00
      vertex   -5.615671e+00 -1.325000e+00 8.626525e+00
    endloop
  endfacet
  facet normal 0.000000e+00 -1.000000e+00 -0.000000e+00
    outer loop
      vertex   -5.615671e+00 -1.325000e+00 8.626525e+00
      vertex   -5.754423e+00 -1.325000e+00 8.551752e+00
      vertex   -5.606799e+00 -1.325000e+00 8.611414e+00
    endloop
  endfacet
  facet normal 0.000000e+00 -1.000000e+00 0.000000e+00
    outer loop
      vertex   -5.615671e+00 -1.325000e+00 8.626525e+00
      vertex   -5.606799e+00 -1.325000e+00 8.611414e+00
      vertex   -5.455326e+00 -1.325000e+00 8.660487e+00
    endloop
  endfacet
  facet normal -0.000000e+00 -1.000000e+00 0.000000e+00
    outer loop
      vertex   -5.455326e+00 -1.325000e+00 8.660487e+00
      vertex   -5.300761e+00 -1.325000e+00 8.698724e+00
      vertex   -5.615671e+00 -1.325000e+00 8.626525e+00
    endloop
  endfacet
  facet normal 5.715402e-17 -1.000000e+00 -1.095642e-16
    outer loop
      vertex   -7.431037e+00 -1.325000e+00 7.957491e+00
      vertex   -7.717486e+00 -1.325000e+00 7.808065e+00
      vertex   -7.062152e+00 -1.325000e+00 -8.063011e+00
    endloop
  endfacet
  facet normal 6.222218e-17 -1.000000e+00 -1.093549e-16
    outer loop
      vertex   -7.062152e+00 -1.325000e+00 -8.063011e+00
      vertex   -7.717486e+00 -1.325000e+00 7.808065e+00
      vertex   -7.998293e+00 -1.325000e+00 7.648288e+00
    endloop
  endfacet
  facet normal 6.742738e-17 -1.000000e+00 -1.090448e-16
    outer loop
      vertex   -7.062152e+00 -1.325000e+00 -8.063011e+00
      vertex   -7.998293e+00 -1.325000e+00 7.648288e+00
      vertex   -8.273084e+00 -1.325000e+00 7.478372e+00
    endloop
  endfacet
  facet normal -7.134419e-16 -1.000000e+00 -1.698875e-16
    outer loop
      vertex   -8.273084e+00 -1.325000e+00 7.478372e+00
      vertex   -8.541493e+00 -1.325000e+00 7.298544e+00
      vertex   -7.062152e+00 -1.325000e+00 -8.063011e+00
    endloop
  endfacet
  facet normal 6.849877e-17 -1.000000e+00 -9.458542e-17
    outer loop
      vertex   -7.062152e+00 -1.325000e+00 -8.063011e+00
      vertex   -8.541493e+00 -1.325000e+00 7.298544e+00
      vertex   -8.803162e+00 -1.325000e+00 7.109043e+00
    endloop
  endfacet
  facet normal 7.346098e-17 -1.000000e+00 -9.401600e-17
    outer loop
      vertex   -7.062152e+00 -1.325000e+00 -8.063011e+00
      vertex   -8.803162e+00 -1.325000e+00 7.109043e+00
      vertex   -9.057744e+00 -1.325000e+00 6.910122e+00
    endloop
  endfacet
  facet normal 7.857715e-17 -1.000000e+00 -9.333413e-17
    outer loop
      vertex   -9.057744e+00 -1.325000e+00 6.910122e+00
      vertex   -9.304898e+00 -1.325000e+00 6.702045e+00
      vertex   -7.062152e+00 -1.325000e+00 -8.063011e+00
    endloop
  endfacet
  facet normal 8.385749e-17 -1.000000e+00 -9.253207e-17
    outer loop
      vertex   -7.062152e+00 -1.325000e+00 -8.063011e+00
      vertex   -9.304898e+00 -1.325000e+00 6.702045e+00
      vertex   -9.544296e+00 -1.325000e+00 6.485089e+00
    endloop
  endfacet
  facet normal -1.556648e-15 -1.000000e+00 -3.724291e-16
    outer loop
      vertex   -7.062152e+00 -1.325000e+00 -8.063011e+00
      vertex   -9.544296e+00 -1.325000e+00 6.485089e+00
      vertex   -9.775620e+00 -1.325000e+00 6.259544e+00
    endloop
  endfacet
  facet normal 6.782568e-17 -1.000000e+00 -6.466585e-17
    outer loop
      vertex   -9.775620e+00 -1.325000e+00 6.259544e+00
      vertex   -9.998561e+00 -1.325000e+00 6.025709e+00
      vertex   -7.062152e+00 -1.325000e+00 -8.063011e+00
    endloop
  endfacet
  facet normal 7.199936e-17 -1.000000e+00 -6.379596e-17
    outer loop
      vertex   -7.062152e+00 -1.325000e+00 -8.063011e+00
      vertex   -9.998561e+00 -1.325000e+00 6.025709e+00
      vertex   -1.021282e+01 -1.325000e+00 5.783896e+00
    endloop
  endfacet
  facet normal 7.632621e-17 -1.000000e+00 -6.281145e-17
    outer loop
      vertex   -7.062152e+00 -1.325000e+00 -8.063011e+00
      vertex   -1.021282e+01 -1.325000e+00 5.783896e+00
      vertex   -1.041812e+01 -1.325000e+00 5.534427e+00
    endloop
  endfacet
  facet normal -7.750538e-16 -1.000000e+00 -2.729395e-16
    outer loop
      vertex   -1.041812e+01 -1.325000e+00 5.534427e+00
      vertex   -1.061418e+01 -1.325000e+00 5.277634e+00
      vertex   -7.062152e+00 -1.325000e+00 -8.063011e+00
    endloop
  endfacet
  facet normal 6.838764e-17 -1.000000e+00 -4.836826e-17
    outer loop
      vertex   -7.062152e+00 -1.325000e+00 -8.063011e+00
      vertex   -1.061418e+01 -1.325000e+00 5.277634e+00
      vertex   -1.080074e+01 -1.325000e+00 5.013860e+00
    endloop
  endfacet
  facet normal 7.227300e-17 -1.000000e+00 -4.725746e-17
    outer loop
      vertex   -7.062152e+00 -1.325000e+00 -8.063011e+00
      vertex   -1.080074e+01 -1.325000e+00 5.013860e+00
      vertex   -1.097755e+01 -1.325000e+00 4.743454e+00
    endloop
  endfacet
  facet normal 7.632143e-17 -1.000000e+00 -4.601971e-17
    outer loop
      vertex   -1.097755e+01 -1.325000e+00 4.743454e+00
      vertex   -1.114438e+01 -1.325000e+00 4.466778e+00
      vertex   -7.062152e+00 -1.325000e+00 -8.063011e+00
    endloop
  endfacet
  facet normal 8.054562e-17 -1.000000e+00 -4.464346e-17
    outer loop
      vertex   -7.062152e+00 -1.325000e+00 -8.063011e+00
      vertex   -1.114438e+01 -1.325000e+00 4.466778e+00
      vertex   -1.130100e+01 -1.325000e+00 4.184199e+00
    endloop
  endfacet
  facet normal 8.495954e-17 -1.000000e+00 -4.311578e-17
    outer loop
      vertex   -7.062152e+00 -1.325000e+00 -8.063011e+00
      vertex   -1.130100e+01 -1.325000e+00 4.184199e+00
      vertex   -1.144721e+01 -1.325000e+00 3.896094e+00
    endloop
  endfacet
  facet normal -8.237125e-16 -1.000000e+00 -3.762993e-16
    outer loop
      vertex   -1.144721e+01 -1.325000e+00 3.896094e+00
      vertex   -1.158281e+01 -1.325000e+00 3.602847e+00
      vertex   -7.062152e+00 -1.325000e+00 -8.063011e+00
    endloop
  endfacet
  facet normal 7.081489e-17 -1.000000e+00 -2.965954e-17
    outer loop
      vertex   -7.062152e+00 -1.325000e+00 -8.063011e+00
      vertex   -1.158281e+01 -1.325000e+00 3.602847e+00
      vertex   -1.170762e+01 -1.325000e+00 3.304848e+00
    endloop
  endfacet
  facet normal 7.462667e-17 -1.000000e+00 -2.810186e-17
    outer loop
      vertex   -7.062152e+00 -1.325000e+00 -8.063011e+00
      vertex   -1.170762e+01 -1.325000e+00 3.304848e+00
      vertex   -1.182148e+01 -1.325000e+00 3.002494e+00
    endloop
  endfacet
  facet normal 7.863506e-17 -1.000000e+00 -2.637784e-17
    outer loop
      vertex   -1.182148e+01 -1.325000e+00 3.002494e+00
      vertex   -1.192423e+01 -1.325000e+00 2.696187e+00
      vertex   -7.062152e+00 -1.325000e+00 -8.063011e+00
    endloop
  endfacet
  facet normal 8.285765e-17 -1.000000e+00 -2.446965e-17
    outer loop
      vertex   -7.062152e+00 -1.325000e+00 -8.063011e+00
      vertex   -1.192423e+01 -1.325000e+00 2.696187e+00
      vertex   -1.201573e+01 -1.325000e+00 2.386335e+00
    endloop
  endfacet
  facet normal 8.731413e-17 -1.000000e+00 -2.235703e-17
    outer loop
      vertex   -7.062152e+00 -1.325000e+00 -8.063011e+00
      vertex   -1.201573e+01 -1.325000e+00 2.386335e+00
      vertex   -1.209587e+01 -1.325000e+00 2.073351e+00
    endloop
  endfacet
  facet normal 9.202657e-17 -1.000000e+00 -2.001683e-17
    outer loop
      vertex   -1.209587e+01 -1.325000e+00 2.073351e+00
      vertex   -1.216454e+01 -1.325000e+00 1.757652e+00
      vertex   -7.062152e+00 -1.325000e+00 -8.063011e+00
    endloop
  endfacet
  facet normal 9.701981e-17 -1.000000e+00 -1.742256e-17
    outer loop
      vertex   -7.062152e+00 -1.325000e+00 -8.063011e+00
      vertex   -1.216454e+01 -1.325000e+00 1.757652e+00
      vertex   -1.222164e+01 -1.325000e+00 1.439658e+00
    endloop
  endfacet
  facet normal -1.924216e-15 -1.000000e+00 -1.114857e-15
    outer loop
      vertex   -7.062152e+00 -1.325000e+00 -8.063011e+00
      vertex   -1.222164e+01 -1.325000e+00 1.439658e+00
      vertex   -1.226711e+01 -1.325000e+00 1.119792e+00
    endloop
  endfacet
  facet normal 3.598822e-17 -1.000000e+00 -3.781789e-18
    outer loop
      vertex   -1.226711e+01 -1.325000e+00 1.119792e+00
      vertex   -1.230087e+01 -1.325000e+00 7.984797e-01
      vertex   -7.062152e+00 -1.325000e+00 -8.063011e+00
    endloop
  endfacet
  facet normal 3.799476e-17 -1.000000e+00 -2.595571e-18
    outer loop
      vertex   -7.062152e+00 -1.325000e+00 -8.063011e+00
      vertex   -1.230087e+01 -1.325000e+00 7.984797e-01
      vertex   -1.232289e+01 -1.325000e+00 4.761498e-01
    endloop
  endfacet
  facet normal 4.014067e-17 -1.000000e+00 -1.273532e-18
    outer loop
      vertex   -7.062152e+00 -1.325000e+00 -8.063011e+00
      vertex   -1.232289e+01 -1.325000e+00 4.761498e-01
      vertex   -1.233314e+01 -1.325000e+00 1.532312e-01
    endloop
  endfacet
  facet normal 4.244176e-17 -1.000000e+00 2.026940e-19
    outer loop
      vertex   -1.233314e+01 -1.325000e+00 1.532312e-01
      vertex   -1.233160e+01 -1.325000e+00 -1.698462e-01
      vertex   -7.062152e+00 -1.325000e+00 -8.063011e+00
    endloop
  endfacet
  facet normal 4.491623e-17 -1.000000e+00 1.854640e-18
    outer loop
      vertex   -7.062152e+00 -1.325000e+00 -8.063011e+00
      vertex   -1.233160e+01 -1.325000e+00 -1.698462e-01
      vertex   -1.231827e+01 -1.325000e+00 -4.926522e-01
    endloop
  endfacet
  facet normal 4.758515e-17 -1.000000e+00 3.707674e-18
    outer loop
      vertex   -7.062152e+00 -1.325000e+00 -8.063011e+00
      vertex   -1.231827e+01 -1.325000e+00 -4.926522e-01
      vertex   -1.229317e+01 -1.325000e+00 -8.147570e-01
    endloop
  endfacet
  facet normal 5.047303e-17 -1.000000e+00 5.791835e-18
    outer loop
      vertex   -1.229317e+01 -1.325000e+00 -8.147570e-01
      vertex   -1.225634e+01 -1.325000e+00 -1.135732e+00
      vertex   -7.062152e+00 -1.325000e+00 -8.063011e+00
    endloop
  endfacet
  facet normal -1.109013e-15 -1.000000e+00 -8.636094e-16
    outer loop
      vertex   -7.062152e+00 -1.325000e+00 -8.063011e+00
      vertex   -1.225634e+01 -1.325000e+00 -1.135732e+00
      vertex   -1.220782e+01 -1.325000e+00 -1.455149e+00
    endloop
  endfacet
  facet normal 0.000000e+00 -1.000000e+00 0.000000e+00
    outer loop
      vertex   -7.062152e+00 -1.325000e+00 -8.063011e+00
      vertex   -1.220782e+01 -1.325000e+00 -1.455149e+00
      vertex   -1.214768e+01 -1.325000e+00 -1.772584e+00
    endloop
  endfacet
  facet normal 0.000000e+00 -1.000000e+00 0.000000e+00
    outer loop
      vertex   -1.214768e+01 -1.325000e+00 -1.772584e+00
      vertex   -1.207600e+01 -1.325000e+00 -2.087613e+00
      vertex   -7.062152e+00 -1.325000e+00 -8.063011e+00
    endloop
  endfacet
  facet normal 0.000000e+00 -1.000000e+00 0.000000e+00
    outer loop
      vertex   -7.062152e+00 -1.325000e+00 -8.063011e+00
      vertex   -1.207600e+01 -1.325000e+00 -2.087613e+00
      vertex   -1.199287e+01 -1.325000e+00 -2.399817e+00
    endloop
  endfacet
  facet normal 0.000000e+00 -1.000000e+00 0.000000e+00
    outer loop
      vertex   -7.062152e+00 -1.325000e+00 -8.063011e+00
      vertex   -1.199287e+01 -1.325000e+00 -2.399817e+00
      vertex   -1.189841e+01 -1.325000e+00 -2.708780e+00
    endloop
  endfacet
  facet normal 0.000000e+00 -1.000000e+00 0.000000e+00
    outer loop
      vertex   -1.189841e+01 -1.325000e+00 -2.708780e+00
      vertex   -1.179274e+01 -1.325000e+00 -3.014092e+00
      vertex   -7.062152e+00 -1.325000e+00 -8.063011e+00
    endloop
  endfacet
  facet normal 0.000000e+00 -1.000000e+00 0.000000e+00
    outer loop
      vertex   -7.062152e+00 -1.325000e+00 -8.063011e+00
      vertex   -1.179274e+01 -1.325000e+00 -3.014092e+00
      vertex   -1.167600e+01 -1.325000e+00 -3.315345e+00
    endloop
  endfacet
  facet normal 0.000000e+00 -1.000000e+00 0.000000e+00
    outer loop
      vertex   -7.062152e+00 -1.325000e+00 -8.063011e+00
      vertex   -1.167600e+01 -1.325000e+00 -3.315345e+00
      vertex   -1.154835e+01 -1.325000e+00 -3.612138e+00
    endloop
  endfacet
  facet normal -1.424639e-15 -1.000000e+00 -1.435946e-15
    outer loop
      vertex   -1.154835e+01 -1.325000e+00 -3.612138e+00
      vertex   -1.140996e+01 -1.325000e+00 -3.904077e+00
      vertex   -7.062152e+00 -1.325000e+00 -8.063011e+00
    endloop
  endfacet
  facet normal -1.015292e-16 -1.000000e+00 -5.275014e-17
    outer loop
      vertex   -7.062152e+00 -1.325000e+00 -8.063011e+00
      vertex   -1.140996e+01 -1.325000e+00 -3.904077e+00
      vertex   -1.126100e+01 -1.325000e+00 -4.190772e+00
    endloop
  endfacet
  facet normal -1.108006e-16 -1.000000e+00 -6.280350e-17
    outer loop
      vertex   -7.062152e+00 -1.325000e+00 -8.063011e+00
      vertex   -1.126100e+01 -1.325000e+00 -4.190772e+00
      vertex   -1.110169e+01 -1.325000e+00 -4.471842e+00
    endloop
  endfacet
  facet normal -1.215275e-16 -1.000000e+00 -7.486976e-17
    outer loop
      vertex   -1.110169e+01 -1.325000e+00 -4.471842e+00
      vertex   -1.093222e+01 -1.325000e+00 -4.746912e+00
      vertex   -7.062152e+00 -1.325000e+00 -8.063011e+00
    endloop
  endfacet
  facet normal -1.340641e-16 -1.000000e+00 -8.950064e-17
    outer loop
      vertex   -7.062152e+00 -1.325000e+00 -8.063011e+00
      vertex   -1.093222e+01 -1.325000e+00 -4.746912e+00
      vertex   -1.075284e+01 -1.325000e+00 -5.015616e+00
    endloop
  endfacet
  facet normal -1.488833e-16 -1.000000e+00 -1.074481e-16
    outer loop
      vertex   -7.062152e+00 -1.325000e+00 -8.063011e+00
      vertex   -1.075284e+01 -1.325000e+00 -5.015616e+00
      vertex   -1.056377e+01 -1.325000e+00 -5.277597e+00
    endloop
  endfacet
  facet normal 1.654156e-15 -1.000000e+00 2.159198e-15
    outer loop
      vertex   -1.056377e+01 -1.325000e+00 -5.277597e+00
      vertex   -1.036527e+01 -1.325000e+00 -5.532506e+00
      vertex   -7.062152e+00 -1.325000e+00 -8.063011e+00
    endloop
  endfacet
  facet normal 0.000000e+00 -1.000000e+00 0.000000e+00
    outer loop
      vertex   -7.062152e+00 -1.325000e+00 -8.063011e+00
      vertex   -1.036527e+01 -1.325000e+00 -5.532506e+00
      vertex   -1.015760e+01 -1.325000e+00 -5.780002e+00
    endloop
  endfacet
  facet normal 0.000000e+00 -1.000000e+00 0.000000e+00
    outer loop
      vertex   -7.062152e+00 -1.325000e+00 -8.063011e+00
      vertex   -1.015760e+01 -1.325000e+00 -5.780002e+00
      vertex   -9.941034e+00 -1.325000e+00 -6.019757e+00
    endloop
  endfacet
  facet normal 0.000000e+00 -1.000000e+00 0.000000e+00
    outer loop
      vertex   -9.941034e+00 -1.325000e+00 -6.019757e+00
      vertex   -9.715870e+00 -1.325000e+00 -6.251452e+00
      vertex   -7.062152e+00 -1.325000e+00 -8.063011e+00
    endloop
  endfacet
  facet normal -2.370298e-15 -1.000000e+00 -3.472204e-15
    outer loop
      vertex   -7.062152e+00 -1.325000e+00 -8.063011e+00
      vertex   -9.715870e+00 -1.325000e+00 -6.251452e+00
      vertex   -9.482403e+00 -1.325000e+00 -6.474778e+00
    endloop
  endfacet
  facet normal -3.503813e-16 -1.000000e+00 -3.941271e-16
    outer loop
      vertex   -7.062152e+00 -1.325000e+00 -8.063011e+00
      vertex   -9.482403e+00 -1.325000e+00 -6.474778e+00
      vertex   -9.240943e+00 -1.325000e+00 -6.689437e+00
    endloop
  endfacet
  facet normal -4.309358e-16 -1.000000e+00 -5.219042e-16
    outer loop
      vertex   -9.240943e+00 -1.325000e+00 -6.689437e+00
      vertex   -8.991812e+00 -1.325000e+00 -6.895144e+00
      vertex   -7.062152e+00 -1.325000e+00 -8.063011e+00
    endloop
  endfacet
  facet normal -5.479575e-16 -1.000000e+00 -7.152585e-16
    outer loop
      vertex   -7.062152e+00 -1.325000e+00 -8.063011e+00
      vertex   -8.991812e+00 -1.325000e+00 -6.895144e+00
      vertex   -8.735342e+00 -1.325000e+00 -7.091625e+00
    endloop
  endfacet
  facet normal 3.058513e-15 -1.000000e+00 5.496800e-15
    outer loop
      vertex   -7.062152e+00 -1.325000e+00 -8.063011e+00
      vertex   -8.735342e+00 -1.325000e+00 -7.091625e+00
      vertex   -8.471875e+00 -1.325000e+00 -7.278618e+00
    endloop
  endfacet
  facet normal 0.000000e+00 -1.000000e+00 0.000000e+00
    outer loop
      vertex   -8.471875e+00 -1.325000e+00 -7.278618e+00
      vertex   -8.201761e+00 -1.325000e+00 -7.455874e+00
      vertex   -7.062152e+00 -1.325000e+00 -8.063011e+00
    endloop
  endfacet
  facet normal 0.000000e+00 -1.000000e+00 0.000000e+00
    outer loop
      vertex   -7.062152e+00 -1.325000e+00 -8.063011e+00
      vertex   -8.201761e+00 -1.325000e+00 -7.455874e+00
      vertex   -7.925360e+00 -1.325000e+00 -7.623157e+00
    endloop
  endfacet
  facet normal 0.000000e+00 -1.000000e+00 0.000000e+00
    outer loop
      vertex   -7.062152e+00 -1.325000e+00 -8.063011e+00
      vertex   -7.925360e+00 -1.325000e+00 -7.623157e+00
      vertex   -7.643039e+00 -1.325000e+00 -7.780245e+00
    endloop
  endfacet
  facet normal 0.000000e+00 -1.000000e+00 0.000000e+00
    outer loop
      vertex   -7.643039e+00 -1.325000e+00 -7.780245e+00
      vertex   -7.355176e+00 -1.325000e+00 -7.926928e+00
      vertex   -7.062152e+00 -1.325000e+00 -8.063011e+00
    endloop
  endfacet
  facet normal -4.243165e-17 -1.000000e+00 -1.428136e-16
    outer loop
      vertex   -6.156055e+00 -1.325000e+00 -8.405921e+00
      vertex   -5.846355e+00 -1.325000e+00 -8.497937e+00
      vertex   -3.399413e+00 -1.325000e+00 1.037659e-01
    endloop
  endfacet
  facet normal -3.720197e-17 -1.000000e+00 -1.443013e-16
    outer loop
      vertex   -3.399413e+00 -1.325000e+00 1.037659e-01
      vertex   -5.846355e+00 -1.325000e+00 -8.497937e+00
      vertex   -5.533503e+00 -1.325000e+00 -8.578592e+00
    endloop
  endfacet
  facet normal -3.192065e-17 -1.000000e+00 -1.455994e-16
    outer loop
      vertex   -3.399413e+00 -1.325000e+00 1.037659e-01
      vertex   -5.533503e+00 -1.325000e+00 -8.578592e+00
      vertex   -5.217917e+00 -1.325000e+00 -8.647780e+00
    endloop
  endfacet
  facet normal -2.659447e-17 -1.000000e+00 -1.467061e-16
    outer loop
      vertex   -5.217917e+00 -1.325000e+00 -8.647780e+00
      vertex   -4.900017e+00 -1.325000e+00 -8.705408e+00
      vertex   -3.399413e+00 -1.325000e+00 1.037659e-01
    endloop
  endfacet
  facet normal -2.123029e-17 -1.000000e+00 -1.476199e-16
    outer loop
      vertex   -3.399413e+00 -1.325000e+00 1.037659e-01
      vertex   -4.900017e+00 -1.325000e+00 -8.705408e+00
      vertex   -4.580226e+00 -1.325000e+00 -8.751399e+00
    endloop
  endfacet
  facet normal -1.583504e-17 -1.000000e+00 -1.483393e-16
    outer loop
      vertex   -3.399413e+00 -1.325000e+00 1.037659e-01
      vertex   -4.580226e+00 -1.325000e+00 -8.751399e+00
      vertex   -4.258970e+00 -1.325000e+00 -8.785693e+00
    endloop
  endfacet
  facet normal -1.041567e-17 -1.000000e+00 -1.488634e-16
    outer loop
      vertex   -4.258970e+00 -1.325000e+00 -8.785693e+00
      vertex   -3.936677e+00 -1.325000e+00 -8.808243e+00
      vertex   -3.399413e+00 -1.325000e+00 1.037659e-01
    endloop
  endfacet
  facet normal -4.979203e-18 -1.000000e+00 -1.491911e-16
    outer loop
      vertex   -3.399413e+00 -1.325000e+00 1.037659e-01
      vertex   -3.936677e+00 -1.325000e+00 -8.808243e+00
      vertex   -3.613776e+00 -1.325000e+00 -8.819020e+00
    endloop
  endfacet
  facet normal 4.673173e-19 -1.000000e+00 -1.493220e-16
    outer loop
      vertex   -3.399413e+00 -1.325000e+00 1.037659e-01
      vertex   -3.613776e+00 -1.325000e+00 -8.819020e+00
      vertex   -3.290696e+00 -1.325000e+00 -8.818009e+00
    endloop
  endfacet
  facet normal 6.004279e-18 -1.000000e+00 -1.514618e-16
    outer loop
      vertex   -2.967869e+00 -1.325000e+00 -8.805211e+00
      vertex   -3.245972e+00 -1.325000e+00 -2.017288e-02
      vertex   -3.290696e+00 -1.325000e+00 -8.818009e+00
    endloop
  endfacet
  facet normal -6.896171e-17 -1.000000e+00 -1.510807e-16
    outer loop
      vertex   -3.290696e+00 -1.325000e+00 -8.818009e+00
      vertex   -3.245972e+00 -1.325000e+00 -2.017288e-02
      vertex   -3.291627e+00 -1.325000e+00 6.667150e-04
    endloop
  endfacet
  facet normal -1.024100e-16 -1.000000e+00 -1.510842e-16
    outer loop
      vertex   -3.290696e+00 -1.325000e+00 -8.818009e+00
      vertex   -3.291627e+00 -1.325000e+00 6.667150e-04
      vertex   -3.333170e+00 -1.325000e+00 2.882553e-02
    endloop
  endfacet
  facet normal 1.150625e-17 -1.000000e+00 -1.508806e-16
    outer loop
      vertex   -2.645723e+00 -1.325000e+00 -8.780644e+00
      vertex   -2.960625e+00 -1.325000e+00 2.528639e-02
      vertex   -2.967869e+00 -1.325000e+00 -8.805211e+00
    endloop
  endfacet
  facet normal 9.818723e-17 -1.000000e+00 -1.509517e-16
    outer loop
      vertex   -2.967869e+00 -1.325000e+00 -8.805211e+00
      vertex   -2.960625e+00 -1.325000e+00 2.528639e-02
      vertex   -3.002695e+00 -1.325000e+00 -2.078119e-03
    endloop
  endfacet
  facet normal 6.552275e-17 -1.000000e+00 -1.510810e-16
    outer loop
      vertex   -2.967869e+00 -1.325000e+00 -8.805211e+00
      vertex   -3.002695e+00 -1.325000e+00 -2.078119e-03
      vertex   -3.048738e+00 -1.325000e+00 -2.204659e-02
    endloop
  endfacet
  facet normal -2.063664e-15 -1.000000e+00 -9.986714e-17
    outer loop
      vertex   -2.324688e+00 -1.325000e+00 -8.744341e+00
      vertex   -2.583560e+00 -1.325000e+00 -1.171598e+00
      vertex   -2.645723e+00 -1.325000e+00 -8.780644e+00
    endloop
  endfacet
  facet normal -2.652404e-16 -1.000000e+00 -1.145597e-16
    outer loop
      vertex   -2.645723e+00 -1.325000e+00 -8.780644e+00
      vertex   -2.583560e+00 -1.325000e+00 -1.171598e+00
      vertex   -2.655507e+00 -1.325000e+00 -1.005019e+00
    endloop
  endfacet
  facet normal -3.203566e-16 -1.000000e+00 -1.146291e-16
    outer loop
      vertex   -2.645723e+00 -1.325000e+00 -8.780644e+00
      vertex   -2.655507e+00 -1.325000e+00 -1.005019e+00
      vertex   -2.716638e+00 -1.325000e+00 -8.341731e-01
    endloop
  endfacet
  facet normal -0.000000e+00 -1.000000e+00 0.000000e+00
    outer loop
      vertex   -2.005192e+00 -1.325000e+00 -8.696348e+00
      vertex   -2.305991e+00 -1.325000e+00 -1.639008e+00
      vertex   -2.324688e+00 -1.325000e+00 -8.744341e+00
    endloop
  endfacet
  facet normal 0.000000e+00 -1.000000e+00 0.000000e+00
    outer loop
      vertex   -2.324688e+00 -1.325000e+00 -8.744341e+00
      vertex   -2.305991e+00 -1.325000e+00 -1.639008e+00
      vertex   -2.408442e+00 -1.325000e+00 -1.489245e+00
    endloop
  endfacet
  facet normal 0.000000e+00 -1.000000e+00 0.000000e+00
    outer loop
      vertex   -2.324688e+00 -1.325000e+00 -8.744341e+00
      vertex   -2.408442e+00 -1.325000e+00 -1.489245e+00
      vertex   -2.501092e+00 -1.325000e+00 -1.333228e+00
    endloop
  endfacet
  facet normal -0.000000e+00 -1.000000e+00 0.000000e+00
    outer loop
      vertex   -1.687659e+00 -1.325000e+00 -8.636732e+00
      vertex   -1.944225e+00 -1.325000e+00 -2.044770e+00
      vertex   -2.005192e+00 -1.325000e+00 -8.696348e+00
    endloop
  endfacet
  facet normal 0.000000e+00 -1.000000e+00 0.000000e+00
    outer loop
      vertex   -2.005192e+00 -1.325000e+00 -8.696348e+00
      vertex   -1.944225e+00 -1.325000e+00 -2.044770e+00
      vertex   -2.073405e+00 -1.325000e+00 -1.917342e+00
    endloop
  endfacet
  facet normal 0.000000e+00 -1.000000e+00 0.000000e+00
    outer loop
      vertex   -2.005192e+00 -1.325000e+00 -8.696348e+00
      vertex   -2.073405e+00 -1.325000e+00 -1.917342e+00
      vertex   -2.194159e+00 -1.325000e+00 -1.781903e+00
    endloop
  endfacet
  facet normal -0.000000e+00 -1.000000e+00 0.000000e+00
    outer loop
      vertex   -1.372512e+00 -1.325000e+00 -8.565570e+00
      vertex   -1.662742e+00 -1.325000e+00 -2.273533e+00
      vertex   -1.687659e+00 -1.325000e+00 -8.636732e+00
    endloop
  endfacet
  facet normal 0.000000e+00 -1.000000e+00 0.000000e+00
    outer loop
      vertex   -1.687659e+00 -1.325000e+00 -8.636732e+00
      vertex   -1.662742e+00 -1.325000e+00 -2.273533e+00
      vertex   -1.807150e+00 -1.325000e+00 -2.163663e+00
    endloop
  endfacet
  facet normal 0.000000e+00 -1.000000e+00 0.000000e+00
    outer loop
      vertex   -1.687659e+00 -1.325000e+00 -8.636732e+00
      vertex   -1.807150e+00 -1.325000e+00 -2.163663e+00
      vertex   -1.944225e+00 -1.325000e+00 -2.044770e+00
    endloop
  endfacet
  facet normal -0.000000e+00 -1.000000e+00 0.000000e+00
    outer loop
      vertex   -1.060171e+00 -1.325000e+00 -8.482958e+00
      vertex   -1.354326e+00 -1.325000e+00 -2.464440e+00
      vertex   -1.372512e+00 -1.325000e+00 -8.565570e+00
    endloop
  endfacet
  facet normal 0.000000e+00 -1.000000e+00 0.000000e+00
    outer loop
      vertex   -1.372512e+00 -1.325000e+00 -8.565570e+00
      vertex   -1.354326e+00 -1.325000e+00 -2.464440e+00
      vertex   -1.511594e+00 -1.325000e+00 -2.373930e+00
    endloop
  endfacet
  facet normal 0.000000e+00 -1.000000e+00 0.000000e+00
    outer loop
      vertex   -1.372512e+00 -1.325000e+00 -8.565570e+00
      vertex   -1.511594e+00 -1.325000e+00 -2.373930e+00
      vertex   -1.662742e+00 -1.325000e+00 -2.273533e+00
    endloop
  endfacet
  facet normal -0.000000e+00 -1.000000e+00 0.000000e+00
    outer loop
      vertex   -7.510527e-01 -1.325000e+00 -8.389005e+00
      vertex   -1.024038e+00 -1.325000e+00 -2.614359e+00
      vertex   -1.060171e+00 -1.325000e+00 -8.482958e+00
    endloop
  endfacet
  facet normal 0.000000e+00 -1.000000e+00 0.000000e+00
    outer loop
      vertex   -1.060171e+00 -1.325000e+00 -8.482958e+00
      vertex   -1.024038e+00 -1.325000e+00 -2.614359e+00
      vertex   -1.191585e+00 -1.325000e+00 -2.544693e+00
    endloop
  endfacet
  facet normal 0.000000e+00 -1.000000e+00 0.000000e+00
    outer loop
      vertex   -1.060171e+00 -1.325000e+00 -8.482958e+00
      vertex   -1.191585e+00 -1.325000e+00 -2.544693e+00
      vertex   -1.354326e+00 -1.325000e+00 -2.464440e+00
    endloop
  endfacet
  facet normal -7.165829e-16 -1.000000e+00 -2.984954e-17
    outer loop
      vertex   -4.455676e-01 -1.325000e+00 -8.283838e+00
      vertex   -6.772969e-01 -1.325000e+00 -2.720830e+00
      vertex   -7.510527e-01 -1.325000e+00 -8.389005e+00
    endloop
  endfacet
  facet normal -1.063047e-17 -1.000000e+00 -3.903559e-17
    outer loop
      vertex   -7.510527e-01 -1.325000e+00 -8.389005e+00
      vertex   -6.772969e-01 -1.325000e+00 -2.720830e+00
      vertex   -8.523740e-01 -1.325000e+00 -2.673152e+00
    endloop
  endfacet
  facet normal -1.314768e-15 -1.000000e+00 -6.215321e-17
    outer loop
      vertex   -7.510527e-01 -1.325000e+00 -8.389005e+00
      vertex   -8.523740e-01 -1.325000e+00 -2.673152e+00
      vertex   -1.024038e+00 -1.325000e+00 -2.614359e+00
    endloop
  endfacet
  facet normal -0.000000e+00 -1.000000e+00 0.000000e+00
    outer loop
      vertex   -1.441228e-01 -1.325000e+00 -8.167595e+00
      vertex   -3.197903e-01 -1.325000e+00 -2.782107e+00
      vertex   -4.455676e-01 -1.325000e+00 -8.283838e+00
    endloop
  endfacet
  facet normal 0.000000e+00 -1.000000e+00 0.000000e+00
    outer loop
      vertex   -4.455676e-01 -1.325000e+00 -8.283838e+00
      vertex   -3.197903e-01 -1.325000e+00 -2.782107e+00
      vertex   -4.995257e-01 -1.325000e+00 -2.757199e+00
    endloop
  endfacet
  facet normal 0.000000e+00 -1.000000e+00 0.000000e+00
    outer loop
      vertex   -4.455676e-01 -1.325000e+00 -8.283838e+00
      vertex   -4.995257e-01 -1.325000e+00 -2.757199e+00
      vertex   -6.772969e-01 -1.325000e+00 -2.720830e+00
    endloop
  endfacet
  facet normal 0.000000e+00 -1.000000e+00 0.000000e+00
    outer loop
      vertex   -3.197903e-01 -1.325000e+00 -2.782107e+00
      vertex   -1.441228e-01 -1.325000e+00 -8.167595e+00
      vertex   -1.388287e-01 -1.325000e+00 -2.795454e+00
    endloop
  endfacet
  facet normal 0.000000e+00 -1.000000e+00 -0.000000e+00
    outer loop
      vertex   -1.388287e-01 -1.325000e+00 -2.795454e+00
      vertex   -1.441228e-01 -1.325000e+00 -8.167595e+00
      vertex   1.528803e-01 -1.325000e+00 -8.040431e+00
    endloop
  endfacet
  facet normal 0.000000e+00 -1.000000e+00 0.000000e+00
    outer loop
      vertex   -1.388287e-01 -1.325000e+00 -2.795454e+00
      vertex   1.528803e-01 -1.325000e+00 -8.040431e+00
      vertex   4.261613e-02 -1.325000e+00 -2.797184e+00
    endloop
  endfacet
  facet normal 0.000000e+00 -1.000000e+00 0.000000e+00
    outer loop
      vertex   4.261613e-02 -1.325000e+00 -2.797184e+00
      vertex   1.528803e-01 -1.325000e+00 -8.040431e+00
      vertex   2.237993e-01 -1.325000e+00 -2.787290e+00
    endloop
  endfacet
  facet normal 0.000000e+00 -1.000000e+00 -0.000000e+00
    outer loop
      vertex   2.237993e-01 -1.325000e+00 -2.787290e+00
      vertex   1.528803e-01 -1.325000e+00 -8.040431e+00
      vertex   4.450463e-01 -1.325000e+00 -7.902517e+00
    endloop
  endfacet
  facet normal 0.000000e+00 -1.000000e+00 0.000000e+00
    outer loop
      vertex   2.237993e-01 -1.325000e+00 -2.787290e+00
      vertex   4.450463e-01 -1.325000e+00 -7.902517e+00
      vertex   4.039769e-01 -1.325000e+00 -2.765813e+00
    endloop
  endfacet
  facet normal 0.000000e+00 -1.000000e+00 0.000000e+00
    outer loop
      vertex   4.039769e-01 -1.325000e+00 -2.765813e+00
      vertex   4.450463e-01 -1.325000e+00 -7.902517e+00
      vertex   5.824093e-01 -1.325000e+00 -2.732842e+00
    endloop
  endfacet
  facet normal 0.000000e+00 -1.000000e+00 -0.000000e+00
    outer loop
      vertex   5.824093e-01 -1.325000e+00 -2.732842e+00
      vertex   4.450463e-01 -1.325000e+00 -7.902517e+00
      vertex   7.319861e-01 -1.325000e+00 -7.754035e+00
    endloop
  endfacet
  facet normal 0.000000e+00 -1.000000e+00 0.000000e+00
    outer loop
      vertex   5.824093e-01 -1.325000e+00 -2.732842e+00
      vertex   7.319861e-01 -1.325000e+00 -7.754035e+00
      vertex   7.583637e-01 -1.325000e+00 -2.688510e+00
    endloop
  endfacet
  facet normal 0.000000e+00 -1.000000e+00 -0.000000e+00
    outer loop
      vertex   7.583637e-01 -1.325000e+00 -2.688510e+00
      vertex   7.319861e-01 -1.325000e+00 -7.754035e+00
      vertex   1.013318e+00 -1.325000e+00 -7.595183e+00
    endloop
  endfacet
  facet normal 0.000000e+00 -1.000000e+00 0.000000e+00
    outer loop
      vertex   7.583637e-01 -1.325000e+00 -2.688510e+00
      vertex   1.013318e+00 -1.325000e+00 -7.595183e+00
      vertex   9.311179e-01 -1.325000e+00 -2.633002e+00
    endloop
  endfacet
  facet normal -2.613127e-15 -1.000000e+00 -4.328712e-17
    outer loop
      vertex   9.311179e-01 -1.325000e+00 -2.633002e+00
      vertex   1.013318e+00 -1.325000e+00 -7.595183e+00
      vertex   1.099963e+00 -1.325000e+00 -2.566543e+00
    endloop
  endfacet
  facet normal 5.478565e-17 -1.000000e+00 -8.925597e-17
    outer loop
      vertex   1.099963e+00 -1.325000e+00 -2.566543e+00
      vertex   1.013318e+00 -1.325000e+00 -7.595183e+00
      vertex   1.288667e+00 -1.325000e+00 -7.426173e+00
    endloop
  endfacet
  facet normal 4.214900e-17 -1.000000e+00 -8.974667e-17
    outer loop
      vertex   1.099963e+00 -1.325000e+00 -2.566543e+00
      vertex   1.288667e+00 -1.325000e+00 -7.426173e+00
      vertex   1.264204e+00 -1.325000e+00 -2.489408e+00
    endloop
  endfacet
  facet normal 4.937749e-17 -1.000000e+00 -8.971085e-17
    outer loop
      vertex   1.264204e+00 -1.325000e+00 -2.489408e+00
      vertex   1.288667e+00 -1.325000e+00 -7.426173e+00
      vertex   1.423169e+00 -1.325000e+00 -2.401913e+00
    endloop
  endfacet
  facet normal -1.620962e-15 -1.000000e+00 -4.499481e-17
    outer loop
      vertex   1.423169e+00 -1.325000e+00 -2.401913e+00
      vertex   1.288667e+00 -1.325000e+00 -7.426173e+00
      vertex   1.557666e+00 -1.325000e+00 -7.247229e+00
    endloop
  endfacet
  facet normal 0.000000e+00 -1.000000e+00 0.000000e+00
    outer loop
      vertex   1.423169e+00 -1.325000e+00 -2.401913e+00
      vertex   1.557666e+00 -1.325000e+00 -7.247229e+00
      vertex   1.576204e+00 -1.325000e+00 -2.304416e+00
    endloop
  endfacet
  facet normal 0.000000e+00 -1.000000e+00 -0.000000e+00
    outer loop
      vertex   1.576204e+00 -1.325000e+00 -2.304416e+00
      vertex   1.557666e+00 -1.325000e+00 -7.247229e+00
      vertex   1.819958e+00 -1.325000e+00 -7.058591e+00
    endloop
  endfacet
  facet normal 0.000000e+00 -1.000000e+00 0.000000e+00
    outer loop
      vertex   1.576204e+00 -1.325000e+00 -2.304416e+00
      vertex   1.819958e+00 -1.325000e+00 -7.058591e+00
      vertex   1.722681e+00 -1.325000e+00 -2.197320e+00
    endloop
  endfacet
  facet normal 0.000000e+00 -1.000000e+00 0.000000e+00
    outer loop
      vertex   1.722681e+00 -1.325000e+00 -2.197320e+00
      vertex   1.819958e+00 -1.325000e+00 -7.058591e+00
      vertex   1.861999e+00 -1.325000e+00 -2.081062e+00
    endloop
  endfacet
  facet normal 0.000000e+00 -1.000000e+00 -0.000000e+00
    outer loop
      vertex   1.861999e+00 -1.325000e+00 -2.081062e+00
      vertex   1.819958e+00 -1.325000e+00 -7.058591e+00
      vertex   2.075193e+00 -1.325000e+00 -6.860509e+00
    endloop
  endfacet
  facet normal 0.000000e+00 -1.000000e+00 0.000000e+00
    outer loop
      vertex   1.861999e+00 -1.325000e+00 -2.081062e+00
      vertex   2.075193e+00 -1.325000e+00 -6.860509e+00
      vertex   1.993585e+00 -1.325000e+00 -1.956121e+00
    endloop
  endfacet
  facet normal 0.000000e+00 -1.000000e+00 0.000000e+00
    outer loop
      vertex   1.993585e+00 -1.325000e+00 -1.956121e+00
      vertex   2.075193e+00 -1.325000e+00 -6.860509e+00
      vertex   2.116899e+00 -1.325000e+00 -1.823009e+00
    endloop
  endfacet
  facet normal 0.000000e+00 -1.000000e+00 -0.000000e+00
    outer loop
      vertex   2.116899e+00 -1.325000e+00 -1.823009e+00
      vertex   2.075193e+00 -1.325000e+00 -6.860509e+00
      vertex   2.323031e+00 -1.325000e+00 -6.653246e+00
    endloop
  endfacet
  facet normal 0.000000e+00 -1.000000e+00 0.000000e+00
    outer loop
      vertex   2.116899e+00 -1.325000e+00 -1.823009e+00
      vertex   2.323031e+00 -1.325000e+00 -6.653246e+00
      vertex   2.231436e+00 -1.325000e+00 -1.682273e+00
    endloop
  endfacet
  facet normal 0.000000e+00 -1.000000e+00 0.000000e+00
    outer loop
      vertex   2.231436e+00 -1.325000e+00 -1.682273e+00
      vertex   2.323031e+00 -1.325000e+00 -6.653246e+00
      vertex   2.336724e+00 -1.325000e+00 -1.534490e+00
    endloop
  endfacet
  facet normal 0.000000e+00 -1.000000e+00 -0.000000e+00
    outer loop
      vertex   2.336724e+00 -1.325000e+00 -1.534490e+00
      vertex   2.323031e+00 -1.325000e+00 -6.653246e+00
      vertex   2.563142e+00 -1.325000e+00 -6.437080e+00
    endloop
  endfacet
  facet normal 0.000000e+00 -1.000000e+00 0.000000e+00
    outer loop
      vertex   2.336724e+00 -1.325000e+00 -1.534490e+00
      vertex   2.563142e+00 -1.325000e+00 -6.437080e+00
      vertex   2.366528e+00 -1.325000e+00 -1.661745e+00
    endloop
  endfacet
  facet normal 0.000000e+00 -1.000000e+00 0.000000e+00
    outer loop
      vertex   2.366528e+00 -1.325000e+00 -1.661745e+00
      vertex   2.563142e+00 -1.325000e+00 -6.437080e+00
      vertex   2.376525e+00 -1.325000e+00 -1.734307e+00
    endloop
  endfacet
  facet normal 0.000000e+00 -1.000000e+00 0.000000e+00
    outer loop
      vertex   2.376525e+00 -1.325000e+00 -1.734307e+00
      vertex   2.563142e+00 -1.325000e+00 -6.437080e+00
      vertex   2.397016e+00 -1.325000e+00 -1.804630e+00
    endloop
  endfacet
  facet normal 0.000000e+00 -1.000000e+00 0.000000e+00
    outer loop
      vertex   2.397016e+00 -1.325000e+00 -1.804630e+00
      vertex   2.563142e+00 -1.325000e+00 -6.437080e+00
      vertex   2.427561e+00 -1.325000e+00 -1.871204e+00
    endloop
  endfacet
  facet normal 0.000000e+00 -1.000000e+00 0.000000e+00
    outer loop
      vertex   2.427561e+00 -1.325000e+00 -1.871204e+00
      vertex   2.563142e+00 -1.325000e+00 -6.437080e+00
      vertex   2.467505e+00 -1.325000e+00 -1.932601e+00
    endloop
  endfacet
  facet normal 0.000000e+00 -1.000000e+00 0.000000e+00
    outer loop
      vertex   2.467505e+00 -1.325000e+00 -1.932601e+00
      vertex   2.563142e+00 -1.325000e+00 -6.437080e+00
      vertex   2.515991e+00 -1.325000e+00 -1.987504e+00
    endloop
  endfacet
  facet normal 0.000000e+00 -1.000000e+00 0.000000e+00
    outer loop
      vertex   2.515991e+00 -1.325000e+00 -1.987504e+00
      vertex   2.563142e+00 -1.325000e+00 -6.437080e+00
      vertex   2.571977e+00 -1.325000e+00 -2.034733e+00
    endloop
  endfacet
  facet normal -9.586841e-16 -1.000000e+00 1.923975e-18
    outer loop
      vertex   2.571977e+00 -1.325000e+00 -2.034733e+00
      vertex   2.563142e+00 -1.325000e+00 -6.437080e+00
      vertex   2.795207e+00 -1.325000e+00 -6.212298e+00
    endloop
  endfacet
  facet normal 3.401548e-17 -1.000000e+00 5.496932e-17
    outer loop
      vertex   2.571977e+00 -1.325000e+00 -2.034733e+00
      vertex   2.795207e+00 -1.325000e+00 -6.212298e+00
      vertex   2.634263e+00 -1.325000e+00 -2.073277e+00
    endloop
  endfacet
  facet normal 2.355315e-17 -1.000000e+00 5.456250e-17
    outer loop
      vertex   2.634263e+00 -1.325000e+00 -2.073277e+00
      vertex   2.795207e+00 -1.325000e+00 -6.212298e+00
      vertex   2.701512e+00 -1.325000e+00 -2.102306e+00
    endloop
  endfacet
  facet normal 1.451140e-17 -1.000000e+00 5.435638e-17
    outer loop
      vertex   2.701512e+00 -1.325000e+00 -2.102306e+00
      vertex   2.795207e+00 -1.325000e+00 -6.212298e+00
      vertex   2.772281e+00 -1.325000e+00 -2.121199e+00
    endloop
  endfacet
  facet normal 6.232484e-18 -1.000000e+00 5.430998e-17
    outer loop
      vertex   2.772281e+00 -1.325000e+00 -2.121199e+00
      vertex   2.795207e+00 -1.325000e+00 -6.212298e+00
      vertex   2.845051e+00 -1.325000e+00 -2.129550e+00
    endloop
  endfacet
  facet normal -5.739899e-17 -1.000000e+00 5.508681e-17
    outer loop
      vertex   2.845051e+00 -1.325000e+00 -2.129550e+00
      vertex   2.795207e+00 -1.325000e+00 -6.212298e+00
      vertex   3.018917e+00 -1.325000e+00 -5.979198e+00
    endloop
  endfacet
  facet normal -1.864874e-18 -1.000000e+00 5.759497e-17
    outer loop
      vertex   2.845051e+00 -1.325000e+00 -2.129550e+00
      vertex   3.018917e+00 -1.325000e+00 -5.979198e+00
      vertex   2.918259e+00 -1.325000e+00 -2.127179e+00
    endloop
  endfacet
  facet normal -1.038038e-17 -1.000000e+00 5.737245e-17
    outer loop
      vertex   2.918259e+00 -1.325000e+00 -2.127179e+00
      vertex   3.018917e+00 -1.325000e+00 -5.979198e+00
      vertex   2.990336e+00 -1.325000e+00 -2.114139e+00
    endloop
  endfacet
  facet normal -1.478222e-17 -1.000000e+00 5.733990e-17
    outer loop
      vertex   2.990336e+00 -1.325000e+00 -2.114139e+00
      vertex   3.018917e+00 -1.325000e+00 -5.979198e+00
      vertex   3.032304e+00 -1.325000e+00 -2.103319e+00
    endloop
  endfacet
  facet normal -6.447790e-17 -1.000000e+00 5.751154e-17
    outer loop
      vertex   3.032304e+00 -1.325000e+00 -2.103319e+00
      vertex   3.018917e+00 -1.325000e+00 -5.979198e+00
      vertex   3.233973e+00 -1.325000e+00 -5.738092e+00
    endloop
  endfacet
  facet normal -2.624972e-15 -1.000000e+00 -8.455334e-17
    outer loop
      vertex   3.032304e+00 -1.325000e+00 -2.103319e+00
      vertex   3.233973e+00 -1.325000e+00 -5.738092e+00
      vertex   3.200931e+00 -1.325000e+00 -2.086183e+00
    endloop
  endfacet
  facet normal 1.036358e-17 -1.000000e+00 -6.070857e-17
    outer loop
      vertex   3.200931e+00 -1.325000e+00 -2.086183e+00
      vertex   3.233973e+00 -1.325000e+00 -5.738092e+00
      vertex   3.368009e+00 -1.325000e+00 -2.057661e+00
    endloop
  endfacet
  facet normal 7.617059e-17 -1.000000e+00 -6.310515e-17
    outer loop
      vertex   3.368009e+00 -1.325000e+00 -2.057661e+00
      vertex   3.233973e+00 -1.325000e+00 -5.738092e+00
      vertex   3.440090e+00 -1.325000e+00 -5.489300e+00
    endloop
  endfacet
  facet normal -1.325331e-15 -1.000000e+00 -9.254365e-17
    outer loop
      vertex   3.368009e+00 -1.325000e+00 -2.057661e+00
      vertex   3.440090e+00 -1.325000e+00 -5.489300e+00
      vertex   3.532770e+00 -1.325000e+00 -2.017884e+00
    endloop
  endfacet
  facet normal -9.958565e-16 -1.000000e+00 -1.013400e-16
    outer loop
      vertex   3.532770e+00 -1.325000e+00 -2.017884e+00
      vertex   3.440090e+00 -1.325000e+00 -5.489300e+00
      vertex   3.636993e+00 -1.325000e+00 -5.233154e+00
    endloop
  endfacet
  facet normal 2.149974e-17 -1.000000e+00 -6.836247e-17
    outer loop
      vertex   3.532770e+00 -1.325000e+00 -2.017884e+00
      vertex   3.636993e+00 -1.325000e+00 -5.233154e+00
      vertex   3.694458e+00 -1.325000e+00 -1.967033e+00
    endloop
  endfacet
  facet normal 9.787211e-17 -1.000000e+00 -6.970618e-17
    outer loop
      vertex   3.694458e+00 -1.325000e+00 -1.967033e+00
      vertex   3.636993e+00 -1.325000e+00 -5.233154e+00
      vertex   3.824419e+00 -1.325000e+00 -4.969995e+00
    endloop
  endfacet
  facet normal -1.354697e-15 -1.000000e+00 -1.325702e-16
    outer loop
      vertex   3.694458e+00 -1.325000e+00 -1.967033e+00
      vertex   3.824419e+00 -1.325000e+00 -4.969995e+00
      vertex   3.852328e+00 -1.325000e+00 -1.905344e+00
    endloop
  endfacet
  facet normal 2.231130e-16 -1.000000e+00 -1.469388e-16
    outer loop
      vertex   3.852328e+00 -1.325000e+00 -1.905344e+00
      vertex   3.824419e+00 -1.325000e+00 -4.969995e+00
      vertex   4.002120e+00 -1.325000e+00 -4.700173e+00
    endloop
  endfacet
  facet normal 7.302440e-17 -1.000000e+00 -1.549829e-16
    outer loop
      vertex   3.852328e+00 -1.325000e+00 -1.905344e+00
      vertex   4.002120e+00 -1.325000e+00 -4.700173e+00
      vertex   4.005655e+00 -1.325000e+00 -1.833100e+00
    endloop
  endfacet
  facet normal 2.554987e-16 -1.000000e+00 -1.552080e-16
    outer loop
      vertex   4.005655e+00 -1.325000e+00 -1.833100e+00
      vertex   4.002120e+00 -1.325000e+00 -4.700173e+00
      vertex   4.169858e+00 -1.325000e+00 -4.424048e+00
    endloop
  endfacet
  facet normal -2.804543e-15 -1.000000e+00 -3.491394e-16
    outer loop
      vertex   4.005655e+00 -1.325000e+00 -1.833100e+00
      vertex   4.169858e+00 -1.325000e+00 -4.424048e+00
      vertex   4.153735e+00 -1.325000e+00 -1.750632e+00
    endloop
  endfacet
  facet normal 2.149028e-16 -1.000000e+00 -3.309301e-16
    outer loop
      vertex   4.153735e+00 -1.325000e+00 -1.750632e+00
      vertex   4.169858e+00 -1.325000e+00 -4.424048e+00
      vertex   4.295887e+00 -1.325000e+00 -1.658320e+00
    endloop
  endfacet
  facet normal 6.259907e-16 -1.000000e+00 -3.496626e-16
    outer loop
      vertex   4.295887e+00 -1.325000e+00 -1.658320e+00
      vertex   4.169858e+00 -1.325000e+00 -4.424048e+00
      vertex   4.327410e+00 -1.325000e+00 -4.141986e+00
    endloop
  endfacet
  facet normal -1.356590e-15 -1.000000e+00 -3.748260e-16
    outer loop
      vertex   4.295887e+00 -1.325000e+00 -1.658320e+00
      vertex   4.327410e+00 -1.325000e+00 -4.141986e+00
      vertex   4.431457e+00 -1.325000e+00 -1.556589e+00
    endloop
  endfacet
  facet normal 9.109681e-16 -1.000000e+00 -4.660816e-16
    outer loop
      vertex   4.431457e+00 -1.325000e+00 -1.556589e+00
      vertex   4.327410e+00 -1.325000e+00 -4.141986e+00
      vertex   4.474567e+00 -1.325000e+00 -3.854365e+00
    endloop
  endfacet
  facet normal 4.099880e-16 -1.000000e+00 -4.754808e-16
    outer loop
      vertex   4.431457e+00 -1.325000e+00 -1.556589e+00
      vertex   4.474567e+00 -1.325000e+00 -3.854365e+00
      vertex   4.559822e+00 -1.325000e+00 -1.445904e+00
    endloop
  endfacet
  facet normal -6.899608e-16 -1.000000e+00 -4.365446e-16
    outer loop
      vertex   4.559822e+00 -1.325000e+00 -1.445904e+00
      vertex   4.474567e+00 -1.325000e+00 -3.854365e+00
      vertex   4.611132e+00 -1.325000e+00 -3.561566e+00
    endloop
  endfacet
  facet normal 4.050815e-16 -1.000000e+00 -4.099870e-16
    outer loop
      vertex   4.559822e+00 -1.325000e+00 -1.445904e+00
      vertex   4.611132e+00 -1.325000e+00 -3.561566e+00
      vertex   4.680392e+00 -1.325000e+00 -1.326777e+00
    endloop
  endfacet
  facet normal 1.014595e-15 -1.000000e+00 -4.288769e-16
    outer loop
      vertex   4.680392e+00 -1.325000e+00 -1.326777e+00
      vertex   4.611132e+00 -1.325000e+00 -3.561566e+00
      vertex   4.736924e+00 -1.325000e+00 -3.263979e+00
    endloop
  endfacet
  facet normal -1.412999e-15 -1.000000e+00 -4.997197e-16
    outer loop
      vertex   4.680392e+00 -1.325000e+00 -1.326777e+00
      vertex   4.736924e+00 -1.325000e+00 -3.263979e+00
      vertex   4.792614e+00 -1.325000e+00 -1.199753e+00
    endloop
  endfacet
  facet normal 1.522109e-15 -1.000000e+00 -5.789037e-16
    outer loop
      vertex   4.792614e+00 -1.325000e+00 -1.199753e+00
      vertex   4.736924e+00 -1.325000e+00 -3.263979e+00
      vertex   4.851776e+00 -1.325000e+00 -2.962001e+00
    endloop
  endfacet
  facet normal 7.846016e-16 -1.000000e+00 -6.036633e-16
    outer loop
      vertex   4.792614e+00 -1.325000e+00 -1.199753e+00
      vertex   4.851776e+00 -1.325000e+00 -2.962001e+00
      vertex   4.895970e+00 -1.325000e+00 -1.065418e+00
    endloop
  endfacet
  facet normal 1.853577e-15 -1.000000e+00 -6.285726e-16
    outer loop
      vertex   4.895970e+00 -1.325000e+00 -1.065418e+00
      vertex   4.851776e+00 -1.325000e+00 -2.962001e+00
      vertex   4.955533e+00 -1.325000e+00 -2.656034e+00
    endloop
  endfacet
  facet normal -3.480983e-15 -1.000000e+00 -8.283338e-16
    outer loop
      vertex   4.895970e+00 -1.325000e+00 -1.065418e+00
      vertex   4.955533e+00 -1.325000e+00 -2.656034e+00
      vertex   4.989986e+00 -1.325000e+00 -9.243874e-01
    endloop
  endfacet
  facet normal 3.217078e-15 -1.000000e+00 -9.615993e-16
    outer loop
      vertex   4.989986e+00 -1.325000e+00 -9.243874e-01
      vertex   4.955533e+00 -1.325000e+00 -2.656034e+00
      vertex   5.048059e+00 -1.325000e+00 -2.346486e+00
    endloop
  endfacet
  facet normal -6.791590e-16 -1.000000e+00 -1.120705e-15
    outer loop
      vertex   4.989986e+00 -1.325000e+00 -9.243874e-01
      vertex   5.048059e+00 -1.325000e+00 -2.346486e+00
      vertex   5.074230e+00 -1.325000e+00 -7.773108e-01
    endloop
  endfacet
  facet normal 4.660768e-15 -1.000000e+00 -1.209768e-15
    outer loop
      vertex   5.074230e+00 -1.325000e+00 -7.773108e-01
      vertex   5.048059e+00 -1.325000e+00 -2.346486e+00
      vertex   5.129229e+00 -1.325000e+00 -2.033767e+00
    endloop
  endfacet
  facet normal 2.668805e-15 -1.000000e+00 -1.296962e-15
    outer loop
      vertex   5.074230e+00 -1.325000e+00 -7.773108e-01
      vertex   5.129229e+00 -1.325000e+00 -2.033767e+00
      vertex   5.148315e+00 -1.325000e+00 -6.248640e-01
    endloop
  endfacet
  facet normal 6.078663e-15 -1.000000e+00 -1.343154e-15
    outer loop
      vertex   5.148315e+00 -1.325000e+00 -6.248640e-01
      vertex   5.129229e+00 -1.325000e+00 -2.033767e+00
      vertex   5.198936e+00 -1.325000e+00 -1.718296e+00
    endloop
  endfacet
  facet normal 3.602195e-15 -1.000000e+00 -1.457804e-15
    outer loop
      vertex   5.148315e+00 -1.325000e+00 -6.248640e-01
      vertex   5.198936e+00 -1.325000e+00 -1.718296e+00
      vertex   5.211900e+00 -1.325000e+00 -4.677476e-01
    endloop
  endfacet
  facet normal 8.229238e-15 -1.000000e+00 -1.505769e-15
    outer loop
      vertex   5.211900e+00 -1.325000e+00 -4.677476e-01
      vertex   5.198936e+00 -1.325000e+00 -1.718296e+00
      vertex   5.257088e+00 -1.325000e+00 -1.400491e+00
    endloop
  endfacet
  facet normal 1.397663e-15 -1.000000e+00 -1.836732e-15
    outer loop
      vertex   5.211900e+00 -1.325000e+00 -4.677476e-01
      vertex   5.257088e+00 -1.325000e+00 -1.400491e+00
      vertex   5.264692e+00 -1.325000e+00 -3.066839e-01
    endloop
  endfacet
  facet normal 8.174267e-15 -1.000000e+00 -1.883848e-15
    outer loop
      vertex   5.264692e+00 -1.325000e+00 -3.066839e-01
      vertex   5.257088e+00 -1.325000e+00 -1.400491e+00
      vertex   5.303605e+00 -1.325000e+00 -1.080776e+00
    endloop
  endfacet
  facet normal 7.536904e-15 -1.000000e+00 -1.915887e-15
    outer loop
      vertex   5.264692e+00 -1.325000e+00 -3.066839e-01
      vertex   5.303605e+00 -1.325000e+00 -1.080776e+00
      vertex   5.306450e+00 -1.325000e+00 -1.424131e-01
    endloop
  endfacet
  facet normal 1.796352e-14 -1.000000e+00 -1.947497e-15
    outer loop
      vertex   5.306450e+00 -1.325000e+00 -1.424131e-01
      vertex   5.303605e+00 -1.325000e+00 -1.080776e+00
      vertex   5.338428e+00 -1.325000e+00 -7.595773e-01
    endloop
  endfacet
  facet normal 1.225113e-14 -1.000000e+00 -2.243478e-15
    outer loop
      vertex   5.306450e+00 -1.325000e+00 -1.424131e-01
      vertex   5.338428e+00 -1.325000e+00 -7.595773e-01
      vertex   5.336981e+00 -1.325000e+00 2.430954e-02
    endloop
  endfacet
  facet normal 1.959618e-14 -1.000000e+00 -2.229923e-15
    outer loop
      vertex   5.336981e+00 -1.325000e+00 2.430954e-02
      vertex   5.338428e+00 -1.325000e+00 -7.595773e-01
      vertex   5.356145e+00 -1.325000e+00 1.927178e-01
    endloop
  endfacet
  facet normal 3.518334e-14 -1.000000e+00 -2.519916e-15
    outer loop
      vertex   5.356145e+00 -1.325000e+00 1.927178e-01
      vertex   5.338428e+00 -1.325000e+00 -7.595773e-01
      vertex   5.361509e+00 -1.325000e+00 -4.373217e-01
    endloop
  endfacet
  facet normal 5.217323e-14 -1.000000e+00 -2.375279e-15
    outer loop
      vertex   5.356145e+00 -1.325000e+00 1.927178e-01
      vertex   5.361509e+00 -1.325000e+00 -4.373217e-01
      vertex   5.363854e+00 -1.325000e+00 3.620375e-01
    endloop
  endfacet
  facet normal 6.925145e-14 -1.000000e+00 -2.425378e-15
    outer loop
      vertex   5.363854e+00 -1.325000e+00 3.620375e-01
      vertex   5.361509e+00 -1.325000e+00 -4.373217e-01
      vertex   5.372817e+00 -1.325000e+00 -1.144385e-01
    endloop
  endfacet
  facet normal 2.151462e-13 -1.000000e+00 3.191465e-16
    outer loop
      vertex   5.363854e+00 -1.325000e+00 3.620375e-01
      vertex   5.372817e+00 -1.325000e+00 -1.144385e-01
      vertex   5.372338e+00 -1.325000e+00 2.086422e-01
    endloop
  endfacet
  facet normal 3.510331e-13 -1.000000e+00 7.834842e-15
    outer loop
      vertex   5.372338e+00 -1.325000e+00 2.086422e-01
      vertex   5.360071e+00 -1.325000e+00 5.314904e-01
      vertex   5.363854e+00 -1.325000e+00 3.620375e-01
    endloop
  endfacet
  facet normal 0.000000e+00 -1.000000e+00 0.000000e+00
    outer loop
      vertex   2.366528e+00 -1.325000e+00 -1.661745e+00
      vertex   2.367240e+00 -1.325000e+00 -1.588502e+00
      vertex   2.336724e+00 -1.325000e+00 -1.534490e+00
    endloop
  endfacet
  facet normal 0.000000e+00 -1.000000e+00 0.000000e+00
    outer loop
      vertex   2.336724e+00 -1.325000e+00 -1.534490e+00
      vertex   2.367240e+00 -1.325000e+00 -1.588502e+00
      vertex   2.378645e+00 -1.325000e+00 -1.516148e+00
    endloop
  endfacet
  facet normal 0.000000e+00 -1.000000e+00 0.000000e+00
    outer loop
      vertex   2.336724e+00 -1.325000e+00 -1.534490e+00
      vertex   2.378645e+00 -1.325000e+00 -1.516148e+00
      vertex   2.400499e+00 -1.325000e+00 -1.446237e+00
    endloop
  endfacet
  facet normal -0.000000e+00 -1.000000e+00 0.000000e+00
    outer loop
      vertex   2.400499e+00 -1.325000e+00 -1.446237e+00
      vertex   2.432332e+00 -1.325000e+00 -1.380269e+00
      vertex   2.336724e+00 -1.325000e+00 -1.534490e+00
    endloop
  endfacet
  facet normal -0.000000e+00 -1.000000e+00 -0.000000e+00
    outer loop
      vertex   -2.194159e+00 -1.325000e+00 -1.781903e+00
      vertex   -2.305991e+00 -1.325000e+00 -1.639008e+00
      vertex   -2.005192e+00 -1.325000e+00 -8.696348e+00
    endloop
  endfacet
  facet normal 2.824256e-15 -1.000000e+00 6.722457e-17
    outer loop
      vertex   -2.501092e+00 -1.325000e+00 -1.333228e+00
      vertex   -2.583560e+00 -1.325000e+00 -1.171598e+00
      vertex   -2.324688e+00 -1.325000e+00 -8.744341e+00
    endloop
  endfacet
  facet normal -4.018668e-16 -1.000000e+00 -1.153565e-16
    outer loop
      vertex   -2.716638e+00 -1.325000e+00 -8.341731e-01
      vertex   -2.766703e+00 -1.325000e+00 -6.597633e-01
      vertex   -2.645723e+00 -1.325000e+00 -8.780644e+00
    endloop
  endfacet
  facet normal -5.362614e-16 -1.000000e+00 -1.173586e-16
    outer loop
      vertex   -2.645723e+00 -1.325000e+00 -8.780644e+00
      vertex   -2.766703e+00 -1.325000e+00 -6.597633e-01
      vertex   -2.805495e+00 -1.325000e+00 -4.825053e-01
    endloop
  endfacet
  facet normal -8.030987e-16 -1.000000e+00 -1.224963e-16
    outer loop
      vertex   -2.645723e+00 -1.325000e+00 -8.780644e+00
      vertex   -2.805495e+00 -1.325000e+00 -4.825053e-01
      vertex   -2.832856e+00 -1.325000e+00 -3.031268e-01
    endloop
  endfacet
  facet normal -1.601358e-15 -1.000000e+00 -1.401170e-16
    outer loop
      vertex   -2.832856e+00 -1.325000e+00 -3.031268e-01
      vertex   -2.848672e+00 -1.325000e+00 -1.223644e-01
      vertex   -2.645723e+00 -1.325000e+00 -8.780644e+00
    endloop
  endfacet
  facet normal 2.898670e-14 -1.000000e+00 5.768631e-16
    outer loop
      vertex   -2.645723e+00 -1.325000e+00 -8.780644e+00
      vertex   -2.848672e+00 -1.325000e+00 -1.223644e-01
      vertex   -2.869278e+00 -1.325000e+00 1.431969e-01
    endloop
  endfacet
  facet normal 2.663284e-16 -1.000000e+00 -1.426212e-16
    outer loop
      vertex   -2.645723e+00 -1.325000e+00 -8.780644e+00
      vertex   -2.869278e+00 -1.325000e+00 1.431969e-01
      vertex   -2.892970e+00 -1.325000e+00 9.895474e-02
    endloop
  endfacet
  facet normal 3.074169e-14 -1.000000e+00 7.130360e-16
    outer loop
      vertex   -2.848672e+00 -1.325000e+00 -1.223644e-01
      vertex   -2.852880e+00 -1.325000e+00 5.903996e-02
      vertex   -2.869278e+00 -1.325000e+00 1.431969e-01
    endloop
  endfacet
  facet normal 9.940194e-15 -1.000000e+00 -3.340090e-15
    outer loop
      vertex   -2.869278e+00 -1.325000e+00 1.431969e-01
      vertex   -2.852880e+00 -1.325000e+00 5.903996e-02
      vertex   -2.853292e+00 -1.325000e+00 1.907696e-01
    endloop
  endfacet
  facet normal 2.092526e-14 -1.000000e+00 -3.305690e-15
    outer loop
      vertex   -2.853292e+00 -1.325000e+00 1.907696e-01
      vertex   -2.852880e+00 -1.325000e+00 5.903996e-02
      vertex   -2.845461e+00 -1.325000e+00 2.403414e-01
    endloop
  endfacet
  facet normal 1.869475e-16 -1.000000e+00 -1.448315e-16
    outer loop
      vertex   -2.892970e+00 -1.325000e+00 9.895474e-02
      vertex   -2.923705e+00 -1.325000e+00 5.928113e-02
      vertex   -2.645723e+00 -1.325000e+00 -8.780644e+00
    endloop
  endfacet
  facet normal 1.348662e-16 -1.000000e+00 -1.464692e-16
    outer loop
      vertex   -2.645723e+00 -1.325000e+00 -8.780644e+00
      vertex   -2.923705e+00 -1.325000e+00 5.928113e-02
      vertex   -2.960625e+00 -1.325000e+00 2.528639e-02
    endloop
  endfacet
  facet normal 3.731265e-17 -1.000000e+00 -1.513407e-16
    outer loop
      vertex   -3.048738e+00 -1.325000e+00 -2.204659e-02
      vertex   -3.097465e+00 -1.325000e+00 -3.406021e-02
      vertex   -2.967869e+00 -1.325000e+00 -8.805211e+00
    endloop
  endfacet
  facet normal 1.128519e-17 -1.000000e+00 -1.517253e-16
    outer loop
      vertex   -2.967869e+00 -1.325000e+00 -8.805211e+00
      vertex   -3.097465e+00 -1.325000e+00 -3.406021e-02
      vertex   -3.147513e+00 -1.325000e+00 -3.778275e-02
    endloop
  endfacet
  facet normal -1.423716e-17 -1.000000e+00 -1.522482e-16
    outer loop
      vertex   -2.967869e+00 -1.325000e+00 -8.805211e+00
      vertex   -3.147513e+00 -1.325000e+00 -3.778275e-02
      vertex   -3.197482e+00 -1.325000e+00 -3.311006e-02
    endloop
  endfacet
  facet normal -4.080518e-17 -1.000000e+00 -1.529436e-16
    outer loop
      vertex   -3.197482e+00 -1.325000e+00 -3.311006e-02
      vertex   -3.245972e+00 -1.325000e+00 -2.017288e-02
      vertex   -2.967869e+00 -1.325000e+00 -8.805211e+00
    endloop
  endfacet
  facet normal -1.447092e-16 -1.000000e+00 -1.512873e-16
    outer loop
      vertex   -3.333170e+00 -1.325000e+00 2.882553e-02
      vertex   -3.369437e+00 -1.325000e+00 6.351553e-02
      vertex   -3.290696e+00 -1.325000e+00 -8.818009e+00
    endloop
  endfacet
  facet normal -2.038416e-16 -1.000000e+00 -1.518116e-16
    outer loop
      vertex   -3.290696e+00 -1.325000e+00 -8.818009e+00
      vertex   -3.369437e+00 -1.325000e+00 6.351553e-02
      vertex   -3.399413e+00 -1.325000e+00 1.037659e-01
    endloop
  endfacet
  facet normal 0.000000e+00 1.000000e+00 0.000000e+00
    outer loop
      vertex   -7.046052e+00 -8.325000e+00 6.064121e+00
      vertex   -7.009923e+00 -8.325000e+00 5.909050e+00
      vertex   -6.764359e+00 -8.325000e+00 -8.188313e+00
    endloop
  endfacet
  facet normal 0.000000e+00 1.000000e+00 -0.000000e+00
    outer loop
      vertex   -6.764359e+00 -8.325000e+00 -8.188313e+00
      vertex   -7.009923e+00 -8.325000e+00 5.909050e+00
      vertex   -3.399413e+00 -8.325000e+00 1.037659e-01
    endloop
  endfacet
  facet normal -0.000000e+00 1.000000e+00 0.000000e+00
    outer loop
      vertex   -6.764359e+00 -8.325000e+00 -8.188313e+00
      vertex   -3.399413e+00 -8.325000e+00 1.037659e-01
      vertex   -6.462193e+00 -8.325000e+00 -8.302667e+00
    endloop
  endfacet
  facet normal -0.000000e+00 1.000000e+00 0.000000e+00
    outer loop
      vertex   -6.462193e+00 -8.325000e+00 -8.302667e+00
      vertex   -3.399413e+00 -8.325000e+00 1.037659e-01
      vertex   -6.156055e+00 -8.325000e+00 -8.405921e+00
    endloop
  endfacet
  facet normal -0.000000e+00 1.000000e+00 0.000000e+00
    outer loop
      vertex   -6.156055e+00 -8.325000e+00 -8.405921e+00
      vertex   -3.399413e+00 -8.325000e+00 1.037659e-01
      vertex   -5.846355e+00 -8.325000e+00 -8.497937e+00
    endloop
  endfacet
  facet normal -0.000000e+00 1.000000e+00 0.000000e+00
    outer loop
      vertex   -5.846355e+00 -8.325000e+00 -8.497937e+00
      vertex   -3.399413e+00 -8.325000e+00 1.037659e-01
      vertex   -5.533503e+00 -8.325000e+00 -8.578592e+00
    endloop
  endfacet
  facet normal -0.000000e+00 1.000000e+00 0.000000e+00
    outer loop
      vertex   -5.533503e+00 -8.325000e+00 -8.578592e+00
      vertex   -3.399413e+00 -8.325000e+00 1.037659e-01
      vertex   -5.217917e+00 -8.325000e+00 -8.647780e+00
    endloop
  endfacet
  facet normal -0.000000e+00 1.000000e+00 0.000000e+00
    outer loop
      vertex   -5.217917e+00 -8.325000e+00 -8.647780e+00
      vertex   -3.399413e+00 -8.325000e+00 1.037659e-01
      vertex   -4.900017e+00 -8.325000e+00 -8.705408e+00
    endloop
  endfacet
  facet normal -0.000000e+00 1.000000e+00 0.000000e+00
    outer loop
      vertex   -4.900017e+00 -8.325000e+00 -8.705408e+00
      vertex   -3.399413e+00 -8.325000e+00 1.037659e-01
      vertex   -4.580226e+00 -8.325000e+00 -8.751399e+00
    endloop
  endfacet
  facet normal -0.000000e+00 1.000000e+00 0.000000e+00
    outer loop
      vertex   -4.580226e+00 -8.325000e+00 -8.751399e+00
      vertex   -3.399413e+00 -8.325000e+00 1.037659e-01
      vertex   -4.258970e+00 -8.325000e+00 -8.785693e+00
    endloop
  endfacet
  facet normal -0.000000e+00 1.000000e+00 0.000000e+00
    outer loop
      vertex   -4.258970e+00 -8.325000e+00 -8.785693e+00
      vertex   -3.399413e+00 -8.325000e+00 1.037659e-01
      vertex   -3.936677e+00 -8.325000e+00 -8.808243e+00
    endloop
  endfacet
  facet normal -0.000000e+00 1.000000e+00 0.000000e+00
    outer loop
      vertex   -3.936677e+00 -8.325000e+00 -8.808243e+00
      vertex   -3.399413e+00 -8.325000e+00 1.037659e-01
      vertex   -3.613776e+00 -8.325000e+00 -8.819020e+00
    endloop
  endfacet
  facet normal 0.000000e+00 1.000000e+00 0.000000e+00
    outer loop
      vertex   -3.613776e+00 -8.325000e+00 -8.819020e+00
      vertex   -3.399413e+00 -8.325000e+00 1.037659e-01
      vertex   -3.290696e+00 -8.325000e+00 -8.818009e+00
    endloop
  endfacet
  facet normal 0.000000e+00 1.000000e+00 0.000000e+00
    outer loop
      vertex   -3.290696e+00 -8.325000e+00 -8.818009e+00
      vertex   -3.399413e+00 -8.325000e+00 1.037659e-01
      vertex   -3.369437e+00 -8.325000e+00 6.351553e-02
    endloop
  endfacet
  facet normal 0.000000e+00 1.000000e+00 0.000000e+00
    outer loop
      vertex   -3.290696e+00 -8.325000e+00 -8.818009e+00
      vertex   -3.369437e+00 -8.325000e+00 6.351553e-02
      vertex   -3.333170e+00 -8.325000e+00 2.882553e-02
    endloop
  endfacet
  facet normal 0.000000e+00 1.000000e+00 0.000000e+00
    outer loop
      vertex   -3.333170e+00 -8.325000e+00 2.882553e-02
      vertex   -3.291627e+00 -8.325000e+00 6.667150e-04
      vertex   -3.290696e+00 -8.325000e+00 -8.818009e+00
    endloop
  endfacet
  facet normal 0.000000e+00 1.000000e+00 -0.000000e+00
    outer loop
      vertex   -3.290696e+00 -8.325000e+00 -8.818009e+00
      vertex   -3.291627e+00 -8.325000e+00 6.667150e-04
      vertex   -3.245972e+00 -8.325000e+00 -2.017288e-02
    endloop
  endfacet
  facet normal 0.000000e+00 1.000000e+00 0.000000e+00
    outer loop
      vertex   -3.290696e+00 -8.325000e+00 -8.818009e+00
      vertex   -3.245972e+00 -8.325000e+00 -2.017288e-02
      vertex   -2.967869e+00 -8.325000e+00 -8.805211e+00
    endloop
  endfacet
  facet normal 0.000000e+00 1.000000e+00 0.000000e+00
    outer loop
      vertex   -2.967869e+00 -8.325000e+00 -8.805211e+00
      vertex   -3.245972e+00 -8.325000e+00 -2.017288e-02
      vertex   -3.197482e+00 -8.325000e+00 -3.311006e-02
    endloop
  endfacet
  facet normal 0.000000e+00 1.000000e+00 0.000000e+00
    outer loop
      vertex   -2.967869e+00 -8.325000e+00 -8.805211e+00
      vertex   -3.197482e+00 -8.325000e+00 -3.311006e-02
      vertex   -3.147513e+00 -8.325000e+00 -3.778275e-02
    endloop
  endfacet
  facet normal -0.000000e+00 1.000000e+00 0.000000e+00
    outer loop
      vertex   -3.147513e+00 -8.325000e+00 -3.778275e-02
      vertex   -3.097465e+00 -8.325000e+00 -3.406021e-02
      vertex   -2.967869e+00 -8.325000e+00 -8.805211e+00
    endloop
  endfacet
  facet normal 0.000000e+00 1.000000e+00 0.000000e+00
    outer loop
      vertex   -2.967869e+00 -8.325000e+00 -8.805211e+00
      vertex   -3.097465e+00 -8.325000e+00 -3.406021e-02
      vertex   -3.048738e+00 -8.325000e+00 -2.204659e-02
    endloop
  endfacet
  facet normal 0.000000e+00 1.000000e+00 0.000000e+00
    outer loop
      vertex   -2.967869e+00 -8.325000e+00 -8.805211e+00
      vertex   -3.048738e+00 -8.325000e+00 -2.204659e-02
      vertex   -3.002695e+00 -8.325000e+00 -2.078119e-03
    endloop
  endfacet
  facet normal -0.000000e+00 1.000000e+00 0.000000e+00
    outer loop
      vertex   -3.002695e+00 -8.325000e+00 -2.078119e-03
      vertex   -2.960625e+00 -8.325000e+00 2.528639e-02
      vertex   -2.967869e+00 -8.325000e+00 -8.805211e+00
    endloop
  endfacet
  facet normal 0.000000e+00 1.000000e+00 0.000000e+00
    outer loop
      vertex   -2.967869e+00 -8.325000e+00 -8.805211e+00
      vertex   -2.960625e+00 -8.325000e+00 2.528639e-02
      vertex   -2.645723e+00 -8.325000e+00 -8.780644e+00
    endloop
  endfacet
  facet normal 0.000000e+00 1.000000e+00 0.000000e+00
    outer loop
      vertex   -2.645723e+00 -8.325000e+00 -8.780644e+00
      vertex   -2.960625e+00 -8.325000e+00 2.528639e-02
      vertex   -2.923705e+00 -8.325000e+00 5.928113e-02
    endloop
  endfacet
  facet normal 0.000000e+00 1.000000e+00 0.000000e+00
    outer loop
      vertex   -2.645723e+00 -8.325000e+00 -8.780644e+00
      vertex   -2.923705e+00 -8.325000e+00 5.928113e-02
      vertex   -2.892970e+00 -8.325000e+00 9.895474e-02
    endloop
  endfacet
  facet normal -0.000000e+00 1.000000e+00 0.000000e+00
    outer loop
      vertex   -2.892970e+00 -8.325000e+00 9.895474e-02
      vertex   -2.869278e+00 -8.325000e+00 1.431969e-01
      vertex   -2.645723e+00 -8.325000e+00 -8.780644e+00
    endloop
  endfacet
  facet normal 0.000000e+00 1.000000e+00 0.000000e+00
    outer loop
      vertex   -2.645723e+00 -8.325000e+00 -8.780644e+00
      vertex   -2.869278e+00 -8.325000e+00 1.431969e-01
      vertex   -2.848672e+00 -8.325000e+00 -1.223644e-01
    endloop
  endfacet
  facet normal 0.000000e+00 1.000000e+00 0.000000e+00
    outer loop
      vertex   -2.645723e+00 -8.325000e+00 -8.780644e+00
      vertex   -2.848672e+00 -8.325000e+00 -1.223644e-01
      vertex   -2.832856e+00 -8.325000e+00 -3.031268e-01
    endloop
  endfacet
  facet normal 0.000000e+00 1.000000e+00 0.000000e+00
    outer loop
      vertex   -2.848672e+00 -8.325000e+00 -1.223644e-01
      vertex   -2.869278e+00 -8.325000e+00 1.431969e-01
      vertex   -2.852880e+00 -8.325000e+00 5.903996e-02
    endloop
  endfacet
  facet normal 0.000000e+00 1.000000e+00 0.000000e+00
    outer loop
      vertex   -2.852880e+00 -8.325000e+00 5.903996e-02
      vertex   -2.869278e+00 -8.325000e+00 1.431969e-01
      vertex   -2.853292e+00 -8.325000e+00 1.907696e-01
    endloop
  endfacet
  facet normal 0.000000e+00 1.000000e+00 -0.000000e+00
    outer loop
      vertex   -2.852880e+00 -8.325000e+00 5.903996e-02
      vertex   -2.853292e+00 -8.325000e+00 1.907696e-01
      vertex   -2.845461e+00 -8.325000e+00 2.403414e-01
    endloop
  endfacet
  facet normal 0.000000e+00 1.000000e+00 0.000000e+00
    outer loop
      vertex   -2.832856e+00 -8.325000e+00 -3.031268e-01
      vertex   -2.805495e+00 -8.325000e+00 -4.825053e-01
      vertex   -2.645723e+00 -8.325000e+00 -8.780644e+00
    endloop
  endfacet
  facet normal 0.000000e+00 1.000000e+00 0.000000e+00
    outer loop
      vertex   -2.645723e+00 -8.325000e+00 -8.780644e+00
      vertex   -2.805495e+00 -8.325000e+00 -4.825053e-01
      vertex   -2.766703e+00 -8.325000e+00 -6.597633e-01
    endloop
  endfacet
  facet normal 0.000000e+00 1.000000e+00 0.000000e+00
    outer loop
      vertex   -2.645723e+00 -8.325000e+00 -8.780644e+00
      vertex   -2.766703e+00 -8.325000e+00 -6.597633e-01
      vertex   -2.716638e+00 -8.325000e+00 -8.341731e-01
    endloop
  endfacet
  facet normal 0.000000e+00 1.000000e+00 0.000000e+00
    outer loop
      vertex   -2.716638e+00 -8.325000e+00 -8.341731e-01
      vertex   -2.655507e+00 -8.325000e+00 -1.005019e+00
      vertex   -2.645723e+00 -8.325000e+00 -8.780644e+00
    endloop
  endfacet
  facet normal 0.000000e+00 1.000000e+00 -0.000000e+00
    outer loop
      vertex   -2.645723e+00 -8.325000e+00 -8.780644e+00
      vertex   -2.655507e+00 -8.325000e+00 -1.005019e+00
      vertex   -2.583560e+00 -8.325000e+00 -1.171598e+00
    endloop
  endfacet
  facet normal 0.000000e+00 1.000000e+00 0.000000e+00
    outer loop
      vertex   -2.645723e+00 -8.325000e+00 -8.780644e+00
      vertex   -2.583560e+00 -8.325000e+00 -1.171598e+00
      vertex   -2.324688e+00 -8.325000e+00 -8.744341e+00
    endloop
  endfacet
  facet normal 0.000000e+00 1.000000e+00 0.000000e+00
    outer loop
      vertex   -2.324688e+00 -8.325000e+00 -8.744341e+00
      vertex   -2.583560e+00 -8.325000e+00 -1.171598e+00
      vertex   -2.501092e+00 -8.325000e+00 -1.333228e+00
    endloop
  endfacet
  facet normal 0.000000e+00 1.000000e+00 0.000000e+00
    outer loop
      vertex   -2.324688e+00 -8.325000e+00 -8.744341e+00
      vertex   -2.501092e+00 -8.325000e+00 -1.333228e+00
      vertex   -2.408442e+00 -8.325000e+00 -1.489245e+00
    endloop
  endfacet
  facet normal 0.000000e+00 1.000000e+00 0.000000e+00
    outer loop
      vertex   -2.408442e+00 -8.325000e+00 -1.489245e+00
      vertex   -2.305991e+00 -8.325000e+00 -1.639008e+00
      vertex   -2.324688e+00 -8.325000e+00 -8.744341e+00
    endloop
  endfacet
  facet normal 0.000000e+00 1.000000e+00 0.000000e+00
    outer loop
      vertex   -2.324688e+00 -8.325000e+00 -8.744341e+00
      vertex   -2.305991e+00 -8.325000e+00 -1.639008e+00
      vertex   -2.005192e+00 -8.325000e+00 -8.696348e+00
    endloop
  endfacet
  facet normal 0.000000e+00 1.000000e+00 0.000000e+00
    outer loop
      vertex   -2.005192e+00 -8.325000e+00 -8.696348e+00
      vertex   -2.305991e+00 -8.325000e+00 -1.639008e+00
      vertex   -2.194159e+00 -8.325000e+00 -1.781903e+00
    endloop
  endfacet
  facet normal 0.000000e+00 1.000000e+00 0.000000e+00
    outer loop
      vertex   -2.005192e+00 -8.325000e+00 -8.696348e+00
      vertex   -2.194159e+00 -8.325000e+00 -1.781903e+00
      vertex   -2.073405e+00 -8.325000e+00 -1.917342e+00
    endloop
  endfacet
  facet normal 0.000000e+00 1.000000e+00 0.000000e+00
    outer loop
      vertex   -2.073405e+00 -8.325000e+00 -1.917342e+00
      vertex   -1.944225e+00 -8.325000e+00 -2.044770e+00
      vertex   -2.005192e+00 -8.325000e+00 -8.696348e+00
    endloop
  endfacet
  facet normal 0.000000e+00 1.000000e+00 0.000000e+00
    outer loop
      vertex   -2.005192e+00 -8.325000e+00 -8.696348e+00
      vertex   -1.944225e+00 -8.325000e+00 -2.044770e+00
      vertex   -1.687659e+00 -8.325000e+00 -8.636732e+00
    endloop
  endfacet
  facet normal 0.000000e+00 1.000000e+00 0.000000e+00
    outer loop
      vertex   -1.687659e+00 -8.325000e+00 -8.636732e+00
      vertex   -1.944225e+00 -8.325000e+00 -2.044770e+00
      vertex   -1.807150e+00 -8.325000e+00 -2.163663e+00
    endloop
  endfacet
  facet normal 0.000000e+00 1.000000e+00 -0.000000e+00
    outer loop
      vertex   -1.687659e+00 -8.325000e+00 -8.636732e+00
      vertex   -1.807150e+00 -8.325000e+00 -2.163663e+00
      vertex   -1.662742e+00 -8.325000e+00 -2.273533e+00
    endloop
  endfacet
  facet normal 0.000000e+00 1.000000e+00 0.000000e+00
    outer loop
      vertex   -1.687659e+00 -8.325000e+00 -8.636732e+00
      vertex   -1.662742e+00 -8.325000e+00 -2.273533e+00
      vertex   -1.372512e+00 -8.325000e+00 -8.565570e+00
    endloop
  endfacet
  facet normal 0.000000e+00 1.000000e+00 0.000000e+00
    outer loop
      vertex   -1.372512e+00 -8.325000e+00 -8.565570e+00
      vertex   -1.662742e+00 -8.325000e+00 -2.273533e+00
      vertex   -1.511594e+00 -8.325000e+00 -2.373930e+00
    endloop
  endfacet
  facet normal 0.000000e+00 1.000000e+00 -0.000000e+00
    outer loop
      vertex   -1.372512e+00 -8.325000e+00 -8.565570e+00
      vertex   -1.511594e+00 -8.325000e+00 -2.373930e+00
      vertex   -1.354326e+00 -8.325000e+00 -2.464440e+00
    endloop
  endfacet
  facet normal 0.000000e+00 1.000000e+00 0.000000e+00
    outer loop
      vertex   -1.372512e+00 -8.325000e+00 -8.565570e+00
      vertex   -1.354326e+00 -8.325000e+00 -2.464440e+00
      vertex   -1.060171e+00 -8.325000e+00 -8.482958e+00
    endloop
  endfacet
  facet normal 0.000000e+00 1.000000e+00 0.000000e+00
    outer loop
      vertex   -1.060171e+00 -8.325000e+00 -8.482958e+00
      vertex   -1.354326e+00 -8.325000e+00 -2.464440e+00
      vertex   -1.191585e+00 -8.325000e+00 -2.544693e+00
    endloop
  endfacet
  facet normal 0.000000e+00 1.000000e+00 -0.000000e+00
    outer loop
      vertex   -1.060171e+00 -8.325000e+00 -8.482958e+00
      vertex   -1.191585e+00 -8.325000e+00 -2.544693e+00
      vertex   -1.024038e+00 -8.325000e+00 -2.614359e+00
    endloop
  endfacet
  facet normal 0.000000e+00 1.000000e+00 0.000000e+00
    outer loop
      vertex   -1.060171e+00 -8.325000e+00 -8.482958e+00
      vertex   -1.024038e+00 -8.325000e+00 -2.614359e+00
      vertex   -7.510527e-01 -8.325000e+00 -8.389005e+00
    endloop
  endfacet
  facet normal 0.000000e+00 1.000000e+00 0.000000e+00
    outer loop
      vertex   -7.510527e-01 -8.325000e+00 -8.389005e+00
      vertex   -1.024038e+00 -8.325000e+00 -2.614359e+00
      vertex   -8.523740e-01 -8.325000e+00 -2.673152e+00
    endloop
  endfacet
  facet normal 0.000000e+00 1.000000e+00 -0.000000e+00
    outer loop
      vertex   -7.510527e-01 -8.325000e+00 -8.389005e+00
      vertex   -8.523740e-01 -8.325000e+00 -2.673152e+00
      vertex   -6.772969e-01 -8.325000e+00 -2.720830e+00
    endloop
  endfacet
  facet normal 0.000000e+00 1.000000e+00 0.000000e+00
    outer loop
      vertex   -7.510527e-01 -8.325000e+00 -8.389005e+00
      vertex   -6.772969e-01 -8.325000e+00 -2.720830e+00
      vertex   -4.455676e-01 -8.325000e+00 -8.283838e+00
    endloop
  endfacet
  facet normal 0.000000e+00 1.000000e+00 0.000000e+00
    outer loop
      vertex   -4.455676e-01 -8.325000e+00 -8.283838e+00
      vertex   -6.772969e-01 -8.325000e+00 -2.720830e+00
      vertex   -4.995257e-01 -8.325000e+00 -2.757199e+00
    endloop
  endfacet
  facet normal 0.000000e+00 1.000000e+00 -0.000000e+00
    outer loop
      vertex   -4.455676e-01 -8.325000e+00 -8.283838e+00
      vertex   -4.995257e-01 -8.325000e+00 -2.757199e+00
      vertex   -3.197903e-01 -8.325000e+00 -2.782107e+00
    endloop
  endfacet
  facet normal 0.000000e+00 1.000000e+00 0.000000e+00
    outer loop
      vertex   -4.455676e-01 -8.325000e+00 -8.283838e+00
      vertex   -3.197903e-01 -8.325000e+00 -2.782107e+00
      vertex   -1.441228e-01 -8.325000e+00 -8.167595e+00
    endloop
  endfacet
  facet normal 0.000000e+00 1.000000e+00 -0.000000e+00
    outer loop
      vertex   -1.441228e-01 -8.325000e+00 -8.167595e+00
      vertex   -3.197903e-01 -8.325000e+00 -2.782107e+00
      vertex   -1.388287e-01 -8.325000e+00 -2.795454e+00
    endloop
  endfacet
  facet normal 0.000000e+00 1.000000e+00 0.000000e+00
    outer loop
      vertex   -1.441228e-01 -8.325000e+00 -8.167595e+00
      vertex   -1.388287e-01 -8.325000e+00 -2.795454e+00
      vertex   1.528803e-01 -8.325000e+00 -8.040431e+00
    endloop
  endfacet
  facet normal 0.000000e+00 1.000000e+00 0.000000e+00
    outer loop
      vertex   1.528803e-01 -8.325000e+00 -8.040431e+00
      vertex   -1.388287e-01 -8.325000e+00 -2.795454e+00
      vertex   4.261613e-02 -8.325000e+00 -2.797184e+00
    endloop
  endfacet
  facet normal 0.000000e+00 1.000000e+00 -0.000000e+00
    outer loop
      vertex   1.528803e-01 -8.325000e+00 -8.040431e+00
      vertex   4.261613e-02 -8.325000e+00 -2.797184e+00
      vertex   2.237993e-01 -8.325000e+00 -2.787290e+00
    endloop
  endfacet
  facet normal 0.000000e+00 1.000000e+00 0.000000e+00
    outer loop
      vertex   1.528803e-01 -8.325000e+00 -8.040431e+00
      vertex   2.237993e-01 -8.325000e+00 -2.787290e+00
      vertex   4.450463e-01 -8.325000e+00 -7.902517e+00
    endloop
  endfacet
  facet normal 0.000000e+00 1.000000e+00 0.000000e+00
    outer loop
      vertex   4.450463e-01 -8.325000e+00 -7.902517e+00
      vertex   2.237993e-01 -8.325000e+00 -2.787290e+00
      vertex   4.039769e-01 -8.325000e+00 -2.765813e+00
    endloop
  endfacet
  facet normal 0.000000e+00 1.000000e+00 -0.000000e+00
    outer loop
      vertex   4.450463e-01 -8.325000e+00 -7.902517e+00
      vertex   4.039769e-01 -8.325000e+00 -2.765813e+00
      vertex   5.824093e-01 -8.325000e+00 -2.732842e+00
    endloop
  endfacet
  facet normal 6.277001e-15 1.000000e+00 -1.667857e-16
    outer loop
      vertex   4.450463e-01 -8.325000e+00 -7.902517e+00
      vertex   5.824093e-01 -8.325000e+00 -2.732842e+00
      vertex   7.319861e-01 -8.325000e+00 -7.754035e+00
    endloop
  endfacet
  facet normal 8.846787e-17 1.000000e+00 -3.511365e-16
    outer loop
      vertex   7.319861e-01 -8.325000e+00 -7.754035e+00
      vertex   5.824093e-01 -8.325000e+00 -2.732842e+00
      vertex   7.583637e-01 -8.325000e+00 -2.688510e+00
    endloop
  endfacet
  facet normal 1.985905e-16 1.000000e+00 -3.517099e-16
    outer loop
      vertex   7.319861e-01 -8.325000e+00 -7.754035e+00
      vertex   7.583637e-01 -8.325000e+00 -2.688510e+00
      vertex   1.013318e+00 -8.325000e+00 -7.595183e+00
    endloop
  endfacet
  facet normal 1.144156e-16 1.000000e+00 -3.560837e-16
    outer loop
      vertex   1.013318e+00 -8.325000e+00 -7.595183e+00
      vertex   7.583637e-01 -8.325000e+00 -2.688510e+00
      vertex   9.311179e-01 -8.325000e+00 -2.633002e+00
    endloop
  endfacet
  facet normal 1.399903e-16 1.000000e+00 -3.556601e-16
    outer loop
      vertex   1.013318e+00 -8.325000e+00 -7.595183e+00
      vertex   9.311179e-01 -8.325000e+00 -2.633002e+00
      vertex   1.099963e+00 -8.325000e+00 -2.566543e+00
    endloop
  endfacet
  facet normal 2.191426e-16 1.000000e+00 -3.570239e-16
    outer loop
      vertex   1.013318e+00 -8.325000e+00 -7.595183e+00
      vertex   1.099963e+00 -8.325000e+00 -2.566543e+00
      vertex   1.288667e+00 -8.325000e+00 -7.426173e+00
    endloop
  endfacet
  facet normal 1.685960e-16 1.000000e+00 -3.589867e-16
    outer loop
      vertex   1.288667e+00 -8.325000e+00 -7.426173e+00
      vertex   1.099963e+00 -8.325000e+00 -2.566543e+00
      vertex   1.264204e+00 -8.325000e+00 -2.489408e+00
    endloop
  endfacet
  facet normal 1.975100e-16 1.000000e+00 -3.588434e-16
    outer loop
      vertex   1.288667e+00 -8.325000e+00 -7.426173e+00
      vertex   1.264204e+00 -8.325000e+00 -2.489408e+00
      vertex   1.423169e+00 -8.325000e+00 -2.401913e+00
    endloop
  endfacet
  facet normal 2.394563e-16 1.000000e+00 -3.599663e-16
    outer loop
      vertex   1.288667e+00 -8.325000e+00 -7.426173e+00
      vertex   1.423169e+00 -8.325000e+00 -2.401913e+00
      vertex   1.557666e+00 -8.325000e+00 -7.247229e+00
    endloop
  endfacet
  facet normal 2.295049e-16 1.000000e+00 -3.602426e-16
    outer loop
      vertex   1.557666e+00 -8.325000e+00 -7.247229e+00
      vertex   1.423169e+00 -8.325000e+00 -2.401913e+00
      vertex   1.576204e+00 -8.325000e+00 -2.304416e+00
    endloop
  endfacet
  facet normal 2.591639e-16 1.000000e+00 -3.603538e-16
    outer loop
      vertex   1.557666e+00 -8.325000e+00 -7.247229e+00
      vertex   1.576204e+00 -8.325000e+00 -2.304416e+00
      vertex   1.819958e+00 -8.325000e+00 -7.058591e+00
    endloop
  endfacet
  facet normal 2.633174e-16 1.000000e+00 -3.601408e-16
    outer loop
      vertex   1.819958e+00 -8.325000e+00 -7.058591e+00
      vertex   1.576204e+00 -8.325000e+00 -2.304416e+00
      vertex   1.722681e+00 -8.325000e+00 -2.197320e+00
    endloop
  endfacet
  facet normal 2.999192e-16 1.000000e+00 -3.594084e-16
    outer loop
      vertex   1.819958e+00 -8.325000e+00 -7.058591e+00
      vertex   1.722681e+00 -8.325000e+00 -2.197320e+00
      vertex   1.861999e+00 -8.325000e+00 -2.081062e+00
    endloop
  endfacet
  facet normal 2.787904e-16 1.000000e+00 -3.592300e-16
    outer loop
      vertex   1.819958e+00 -8.325000e+00 -7.058591e+00
      vertex   1.861999e+00 -8.325000e+00 -2.081062e+00
      vertex   2.075193e+00 -8.325000e+00 -6.860509e+00
    endloop
  endfacet
  facet normal 3.385582e-16 1.000000e+00 -3.565639e-16
    outer loop
      vertex   2.075193e+00 -8.325000e+00 -6.860509e+00
      vertex   1.861999e+00 -8.325000e+00 -2.081062e+00
      vertex   1.993585e+00 -8.325000e+00 -1.956121e+00
    endloop
  endfacet
  facet normal 3.840757e-16 1.000000e+00 -3.558065e-16
    outer loop
      vertex   2.075193e+00 -8.325000e+00 -6.860509e+00
      vertex   1.993585e+00 -8.325000e+00 -1.956121e+00
      vertex   2.116899e+00 -8.325000e+00 -1.823009e+00
    endloop
  endfacet
  facet normal 2.969508e-16 1.000000e+00 -3.550852e-16
    outer loop
      vertex   2.075193e+00 -8.325000e+00 -6.860509e+00
      vertex   2.116899e+00 -8.325000e+00 -1.823009e+00
      vertex   2.323031e+00 -8.325000e+00 -6.653246e+00
    endloop
  endfacet
  facet normal 4.293653e-16 1.000000e+00 -3.494344e-16
    outer loop
      vertex   2.323031e+00 -8.325000e+00 -6.653246e+00
      vertex   2.116899e+00 -8.325000e+00 -1.823009e+00
      vertex   2.231436e+00 -8.325000e+00 -1.682273e+00
    endloop
  endfacet
  facet normal 4.889246e-16 1.000000e+00 -3.483369e-16
    outer loop
      vertex   2.323031e+00 -8.325000e+00 -6.653246e+00
      vertex   2.231436e+00 -8.325000e+00 -1.682273e+00
      vertex   2.336724e+00 -8.325000e+00 -1.534490e+00
    endloop
  endfacet
  facet normal 0.000000e+00 1.000000e+00 0.000000e+00
    outer loop
      vertex   2.432332e+00 -8.325000e+00 -1.380269e+00
      vertex   2.400499e+00 -8.325000e+00 -1.446237e+00
      vertex   2.336724e+00 -8.325000e+00 -1.534490e+00
    endloop
  endfacet
  facet normal 0.000000e+00 1.000000e+00 0.000000e+00
    outer loop
      vertex   2.336724e+00 -8.325000e+00 -1.534490e+00
      vertex   2.400499e+00 -8.325000e+00 -1.446237e+00
      vertex   2.378645e+00 -8.325000e+00 -1.516148e+00
    endloop
  endfacet
  facet normal -0.000000e+00 1.000000e+00 0.000000e+00
    outer loop
      vertex   2.336724e+00 -8.325000e+00 -1.534490e+00
      vertex   2.378645e+00 -8.325000e+00 -1.516148e+00
      vertex   2.367240e+00 -8.325000e+00 -1.588502e+00
    endloop
  endfacet
  facet normal 0.000000e+00 1.000000e+00 0.000000e+00
    outer loop
      vertex   2.367240e+00 -8.325000e+00 -1.588502e+00
      vertex   2.366528e+00 -8.325000e+00 -1.661745e+00
      vertex   2.336724e+00 -8.325000e+00 -1.534490e+00
    endloop
  endfacet
  facet normal -1.927035e-15 1.000000e+00 -4.513273e-16
    outer loop
      vertex   2.336724e+00 -8.325000e+00 -1.534490e+00
      vertex   2.366528e+00 -8.325000e+00 -1.661745e+00
      vertex   2.563142e+00 -8.325000e+00 -6.437080e+00
    endloop
  endfacet
  facet normal 3.131757e-16 1.000000e+00 -3.478668e-16
    outer loop
      vertex   2.336724e+00 -8.325000e+00 -1.534490e+00
      vertex   2.563142e+00 -8.325000e+00 -6.437080e+00
      vertex   2.323031e+00 -8.325000e+00 -6.653246e+00
    endloop
  endfacet
  facet normal -3.850896e-15 1.000000e+00 -5.305381e-16
    outer loop
      vertex   2.366528e+00 -8.325000e+00 -1.661745e+00
      vertex   2.376525e+00 -8.325000e+00 -1.734307e+00
      vertex   2.563142e+00 -8.325000e+00 -6.437080e+00
    endloop
  endfacet
  facet normal -1.500686e-15 1.000000e+00 -4.372762e-16
    outer loop
      vertex   2.563142e+00 -8.325000e+00 -6.437080e+00
      vertex   2.376525e+00 -8.325000e+00 -1.734307e+00
      vertex   2.397016e+00 -8.325000e+00 -1.804630e+00
    endloop
  endfacet
  facet normal -9.066253e-16 1.000000e+00 -4.159723e-16
    outer loop
      vertex   2.563142e+00 -8.325000e+00 -6.437080e+00
      vertex   2.397016e+00 -8.325000e+00 -1.804630e+00
      vertex   2.427561e+00 -8.325000e+00 -1.871204e+00
    endloop
  endfacet
  facet normal -6.266029e-16 1.000000e+00 -4.076572e-16
    outer loop
      vertex   2.427561e+00 -8.325000e+00 -1.871204e+00
      vertex   2.467505e+00 -8.325000e+00 -1.932601e+00
      vertex   2.563142e+00 -8.325000e+00 -6.437080e+00
    endloop
  endfacet
  facet normal -4.575457e-16 1.000000e+00 -4.040679e-16
    outer loop
      vertex   2.563142e+00 -8.325000e+00 -6.437080e+00
      vertex   2.467505e+00 -8.325000e+00 -1.932601e+00
      vertex   2.515991e+00 -8.325000e+00 -1.987504e+00
    endloop
  endfacet
  facet normal -3.398146e-16 1.000000e+00 -4.028203e-16
    outer loop
      vertex   2.563142e+00 -8.325000e+00 -6.437080e+00
      vertex   2.515991e+00 -8.325000e+00 -1.987504e+00
      vertex   2.571977e+00 -8.325000e+00 -2.034733e+00
    endloop
  endfacet
  facet normal 3.916010e-16 1.000000e+00 -4.042881e-16
    outer loop
      vertex   2.563142e+00 -8.325000e+00 -6.437080e+00
      vertex   2.571977e+00 -8.325000e+00 -2.034733e+00
      vertex   2.795207e+00 -8.325000e+00 -6.212298e+00
    endloop
  endfacet
  facet normal -2.721239e-16 1.000000e+00 -4.397546e-16
    outer loop
      vertex   2.795207e+00 -8.325000e+00 -6.212298e+00
      vertex   2.571977e+00 -8.325000e+00 -2.034733e+00
      vertex   2.634263e+00 -8.325000e+00 -2.073277e+00
    endloop
  endfacet
  facet normal -1.884252e-16 1.000000e+00 -4.365000e-16
    outer loop
      vertex   2.795207e+00 -8.325000e+00 -6.212298e+00
      vertex   2.634263e+00 -8.325000e+00 -2.073277e+00
      vertex   2.701512e+00 -8.325000e+00 -2.102306e+00
    endloop
  endfacet
  facet normal -1.160912e-16 1.000000e+00 -4.348510e-16
    outer loop
      vertex   2.701512e+00 -8.325000e+00 -2.102306e+00
      vertex   2.772281e+00 -8.325000e+00 -2.121199e+00
      vertex   2.795207e+00 -8.325000e+00 -6.212298e+00
    endloop
  endfacet
  facet normal -4.985987e-17 1.000000e+00 -4.344799e-16
    outer loop
      vertex   2.795207e+00 -8.325000e+00 -6.212298e+00
      vertex   2.772281e+00 -8.325000e+00 -2.121199e+00
      vertex   2.845051e+00 -8.325000e+00 -2.129550e+00
    endloop
  endfacet
  facet normal 4.591920e-16 1.000000e+00 -4.406945e-16
    outer loop
      vertex   2.795207e+00 -8.325000e+00 -6.212298e+00
      vertex   2.845051e+00 -8.325000e+00 -2.129550e+00
      vertex   3.018917e+00 -8.325000e+00 -5.979198e+00
    endloop
  endfacet
  facet normal 1.491899e-17 1.000000e+00 -4.607597e-16
    outer loop
      vertex   3.018917e+00 -8.325000e+00 -5.979198e+00
      vertex   2.845051e+00 -8.325000e+00 -2.129550e+00
      vertex   2.918259e+00 -8.325000e+00 -2.127179e+00
    endloop
  endfacet
  facet normal 8.304308e-17 1.000000e+00 -4.589796e-16
    outer loop
      vertex   3.018917e+00 -8.325000e+00 -5.979198e+00
      vertex   2.918259e+00 -8.325000e+00 -2.127179e+00
      vertex   2.990336e+00 -8.325000e+00 -2.114139e+00
    endloop
  endfacet
  facet normal 1.182578e-16 1.000000e+00 -4.587192e-16
    outer loop
      vertex   2.990336e+00 -8.325000e+00 -2.114139e+00
      vertex   3.032304e+00 -8.325000e+00 -2.103319e+00
      vertex   3.018917e+00 -8.325000e+00 -5.979198e+00
    endloop
  endfacet
  facet normal 5.158232e-16 1.000000e+00 -4.600923e-16
    outer loop
      vertex   3.018917e+00 -8.325000e+00 -5.979198e+00
      vertex   3.032304e+00 -8.325000e+00 -2.103319e+00
      vertex   3.233973e+00 -8.325000e+00 -5.738092e+00
    endloop
  endfacet
  facet normal 1.052458e-14 1.000000e+00 9.522742e-17
    outer loop
      vertex   3.233973e+00 -8.325000e+00 -5.738092e+00
      vertex   3.032304e+00 -8.325000e+00 -2.103319e+00
      vertex   3.200931e+00 -8.325000e+00 -2.086183e+00
    endloop
  endfacet
  facet normal 0.000000e+00 1.000000e+00 -0.000000e+00
    outer loop
      vertex   3.233973e+00 -8.325000e+00 -5.738092e+00
      vertex   3.200931e+00 -8.325000e+00 -2.086183e+00
      vertex   3.368009e+00 -8.325000e+00 -2.057661e+00
    endloop
  endfacet
  facet normal 0.000000e+00 1.000000e+00 0.000000e+00
    outer loop
      vertex   3.233973e+00 -8.325000e+00 -5.738092e+00
      vertex   3.368009e+00 -8.325000e+00 -2.057661e+00
      vertex   3.440090e+00 -8.325000e+00 -5.489300e+00
    endloop
  endfacet
  facet normal 0.000000e+00 1.000000e+00 -0.000000e+00
    outer loop
      vertex   3.440090e+00 -8.325000e+00 -5.489300e+00
      vertex   3.368009e+00 -8.325000e+00 -2.057661e+00
      vertex   3.532770e+00 -8.325000e+00 -2.017884e+00
    endloop
  endfacet
  facet normal 0.000000e+00 1.000000e+00 0.000000e+00
    outer loop
      vertex   3.440090e+00 -8.325000e+00 -5.489300e+00
      vertex   3.532770e+00 -8.325000e+00 -2.017884e+00
      vertex   3.636993e+00 -8.325000e+00 -5.233154e+00
    endloop
  endfacet
  facet normal 0.000000e+00 1.000000e+00 -0.000000e+00
    outer loop
      vertex   3.636993e+00 -8.325000e+00 -5.233154e+00
      vertex   3.532770e+00 -8.325000e+00 -2.017884e+00
      vertex   3.694458e+00 -8.325000e+00 -1.967033e+00
    endloop
  endfacet
  facet normal 0.000000e+00 1.000000e+00 0.000000e+00
    outer loop
      vertex   3.636993e+00 -8.325000e+00 -5.233154e+00
      vertex   3.694458e+00 -8.325000e+00 -1.967033e+00
      vertex   3.824419e+00 -8.325000e+00 -4.969995e+00
    endloop
  endfacet
  facet normal 0.000000e+00 1.000000e+00 -0.000000e+00
    outer loop
      vertex   3.824419e+00 -8.325000e+00 -4.969995e+00
      vertex   3.694458e+00 -8.325000e+00 -1.967033e+00
      vertex   3.852328e+00 -8.325000e+00 -1.905344e+00
    endloop
  endfacet
  facet normal 0.000000e+00 1.000000e+00 0.000000e+00
    outer loop
      vertex   3.824419e+00 -8.325000e+00 -4.969995e+00
      vertex   3.852328e+00 -8.325000e+00 -1.905344e+00
      vertex   4.002120e+00 -8.325000e+00 -4.700173e+00
    endloop
  endfacet
  facet normal 0.000000e+00 1.000000e+00 -0.000000e+00
    outer loop
      vertex   4.002120e+00 -8.325000e+00 -4.700173e+00
      vertex   3.852328e+00 -8.325000e+00 -1.905344e+00
      vertex   4.005655e+00 -8.325000e+00 -1.833100e+00
    endloop
  endfacet
  facet normal 0.000000e+00 1.000000e+00 0.000000e+00
    outer loop
      vertex   4.002120e+00 -8.325000e+00 -4.700173e+00
      vertex   4.005655e+00 -8.325000e+00 -1.833100e+00
      vertex   4.169858e+00 -8.325000e+00 -4.424048e+00
    endloop
  endfacet
  facet normal 0.000000e+00 1.000000e+00 0.000000e+00
    outer loop
      vertex   4.169858e+00 -8.325000e+00 -4.424048e+00
      vertex   4.005655e+00 -8.325000e+00 -1.833100e+00
      vertex   4.153735e+00 -8.325000e+00 -1.750632e+00
    endloop
  endfacet
  facet normal 0.000000e+00 1.000000e+00 -0.000000e+00
    outer loop
      vertex   4.169858e+00 -8.325000e+00 -4.424048e+00
      vertex   4.153735e+00 -8.325000e+00 -1.750632e+00
      vertex   4.295887e+00 -8.325000e+00 -1.658320e+00
    endloop
  endfacet
  facet normal 0.000000e+00 1.000000e+00 0.000000e+00
    outer loop
      vertex   4.169858e+00 -8.325000e+00 -4.424048e+00
      vertex   4.295887e+00 -8.325000e+00 -1.658320e+00
      vertex   4.327410e+00 -8.325000e+00 -4.141986e+00
    endloop
  endfacet
  facet normal 0.000000e+00 1.000000e+00 -0.000000e+00
    outer loop
      vertex   4.327410e+00 -8.325000e+00 -4.141986e+00
      vertex   4.295887e+00 -8.325000e+00 -1.658320e+00
      vertex   4.431457e+00 -8.325000e+00 -1.556589e+00
    endloop
  endfacet
  facet normal 0.000000e+00 1.000000e+00 0.000000e+00
    outer loop
      vertex   4.327410e+00 -8.325000e+00 -4.141986e+00
      vertex   4.431457e+00 -8.325000e+00 -1.556589e+00
      vertex   4.474567e+00 -8.325000e+00 -3.854365e+00
    endloop
  endfacet
  facet normal 0.000000e+00 1.000000e+00 -0.000000e+00
    outer loop
      vertex   4.474567e+00 -8.325000e+00 -3.854365e+00
      vertex   4.431457e+00 -8.325000e+00 -1.556589e+00
      vertex   4.559822e+00 -8.325000e+00 -1.445904e+00
    endloop
  endfacet
  facet normal 0.000000e+00 1.000000e+00 0.000000e+00
    outer loop
      vertex   4.474567e+00 -8.325000e+00 -3.854365e+00
      vertex   4.559822e+00 -8.325000e+00 -1.445904e+00
      vertex   4.611132e+00 -8.325000e+00 -3.561566e+00
    endloop
  endfacet
  facet normal 0.000000e+00 1.000000e+00 -0.000000e+00
    outer loop
      vertex   4.611132e+00 -8.325000e+00 -3.561566e+00
      vertex   4.559822e+00 -8.325000e+00 -1.445904e+00
      vertex   4.680392e+00 -8.325000e+00 -1.326777e+00
    endloop
  endfacet
  facet normal 0.000000e+00 1.000000e+00 0.000000e+00
    outer loop
      vertex   4.611132e+00 -8.325000e+00 -3.561566e+00
      vertex   4.680392e+00 -8.325000e+00 -1.326777e+00
      vertex   4.736924e+00 -8.325000e+00 -3.263979e+00
    endloop
  endfacet
  facet normal 0.000000e+00 1.000000e+00 -0.000000e+00
    outer loop
      vertex   4.736924e+00 -8.325000e+00 -3.263979e+00
      vertex   4.680392e+00 -8.325000e+00 -1.326777e+00
      vertex   4.792614e+00 -8.325000e+00 -1.199753e+00
    endloop
  endfacet
  facet normal 0.000000e+00 1.000000e+00 0.000000e+00
    outer loop
      vertex   4.736924e+00 -8.325000e+00 -3.263979e+00
      vertex   4.792614e+00 -8.325000e+00 -1.199753e+00
      vertex   4.851776e+00 -8.325000e+00 -2.962001e+00
    endloop
  endfacet
  facet normal 1.646815e-14 1.000000e+00 5.528676e-16
    outer loop
      vertex   4.851776e+00 -8.325000e+00 -2.962001e+00
      vertex   4.792614e+00 -8.325000e+00 -1.199753e+00
      vertex   4.895970e+00 -8.325000e+00 -1.065418e+00
    endloop
  endfacet
  facet normal -2.965724e-15 1.000000e+00 1.005716e-15
    outer loop
      vertex   4.851776e+00 -8.325000e+00 -2.962001e+00
      vertex   4.895970e+00 -8.325000e+00 -1.065418e+00
      vertex   4.955533e+00 -8.325000e+00 -2.656034e+00
    endloop
  endfacet
  facet normal -1.586131e-15 1.000000e+00 1.057377e-15
    outer loop
      vertex   4.955533e+00 -8.325000e+00 -2.656034e+00
      vertex   4.895970e+00 -8.325000e+00 -1.065418e+00
      vertex   4.989986e+00 -8.325000e+00 -9.243874e-01
    endloop
  endfacet
  facet normal -3.676660e-15 1.000000e+00 1.098971e-15
    outer loop
      vertex   4.955533e+00 -8.325000e+00 -2.656034e+00
      vertex   4.989986e+00 -8.325000e+00 -9.243874e-01
      vertex   5.048059e+00 -8.325000e+00 -2.346486e+00
    endloop
  endfacet
  facet normal -2.035618e-15 1.000000e+00 1.165984e-15
    outer loop
      vertex   5.048059e+00 -8.325000e+00 -2.346486e+00
      vertex   4.989986e+00 -8.325000e+00 -9.243874e-01
      vertex   5.074230e+00 -8.325000e+00 -7.773108e-01
    endloop
  endfacet
  facet normal -4.660768e-15 1.000000e+00 1.209768e-15
    outer loop
      vertex   5.048059e+00 -8.325000e+00 -2.346486e+00
      vertex   5.074230e+00 -8.325000e+00 -7.773108e-01
      vertex   5.129229e+00 -8.325000e+00 -2.033767e+00
    endloop
  endfacet
  facet normal -2.668805e-15 1.000000e+00 1.296962e-15
    outer loop
      vertex   5.129229e+00 -8.325000e+00 -2.033767e+00
      vertex   5.074230e+00 -8.325000e+00 -7.773108e-01
      vertex   5.148315e+00 -8.325000e+00 -6.248640e-01
    endloop
  endfacet
  facet normal -6.078663e-15 1.000000e+00 1.343154e-15
    outer loop
      vertex   5.129229e+00 -8.325000e+00 -2.033767e+00
      vertex   5.148315e+00 -8.325000e+00 -6.248640e-01
      vertex   5.198936e+00 -8.325000e+00 -1.718296e+00
    endloop
  endfacet
  facet normal -3.602195e-15 1.000000e+00 1.457804e-15
    outer loop
      vertex   5.198936e+00 -8.325000e+00 -1.718296e+00
      vertex   5.148315e+00 -8.325000e+00 -6.248640e-01
      vertex   5.211900e+00 -8.325000e+00 -4.677476e-01
    endloop
  endfacet
  facet normal -8.229238e-15 1.000000e+00 1.505769e-15
    outer loop
      vertex   5.198936e+00 -8.325000e+00 -1.718296e+00
      vertex   5.211900e+00 -8.325000e+00 -4.677476e-01
      vertex   5.257088e+00 -8.325000e+00 -1.400491e+00
    endloop
  endfacet
  facet normal -5.062037e-15 1.000000e+00 1.659208e-15
    outer loop
      vertex   5.257088e+00 -8.325000e+00 -1.400491e+00
      vertex   5.211900e+00 -8.325000e+00 -4.677476e-01
      vertex   5.264692e+00 -8.325000e+00 -3.066839e-01
    endloop
  endfacet
  facet normal -1.172189e-14 1.000000e+00 1.705511e-15
    outer loop
      vertex   5.257088e+00 -8.325000e+00 -1.400491e+00
      vertex   5.264692e+00 -8.325000e+00 -3.066839e-01
      vertex   5.303605e+00 -8.325000e+00 -1.080776e+00
    endloop
  endfacet
  facet normal -7.536904e-15 1.000000e+00 1.915887e-15
    outer loop
      vertex   5.303605e+00 -8.325000e+00 -1.080776e+00
      vertex   5.264692e+00 -8.325000e+00 -3.066839e-01
      vertex   5.306450e+00 -8.325000e+00 -1.424131e-01
    endloop
  endfacet
  facet normal -1.796352e-14 1.000000e+00 1.947497e-15
    outer loop
      vertex   5.303605e+00 -8.325000e+00 -1.080776e+00
      vertex   5.306450e+00 -8.325000e+00 -1.424131e-01
      vertex   5.338428e+00 -8.325000e+00 -7.595773e-01
    endloop
  endfacet
  facet normal -1.225113e-14 1.000000e+00 2.243478e-15
    outer loop
      vertex   5.338428e+00 -8.325000e+00 -7.595773e-01
      vertex   5.306450e+00 -8.325000e+00 -1.424131e-01
      vertex   5.336981e+00 -8.325000e+00 2.430954e-02
    endloop
  endfacet
  facet normal -1.959618e-14 1.000000e+00 2.229923e-15
    outer loop
      vertex   5.338428e+00 -8.325000e+00 -7.595773e-01
      vertex   5.336981e+00 -8.325000e+00 2.430954e-02
      vertex   5.356145e+00 -8.325000e+00 1.927178e-01
    endloop
  endfacet
  facet normal -3.518334e-14 1.000000e+00 2.519916e-15
    outer loop
      vertex   5.338428e+00 -8.325000e+00 -7.595773e-01
      vertex   5.356145e+00 -8.325000e+00 1.927178e-01
      vertex   5.361509e+00 -8.325000e+00 -4.373217e-01
    endloop
  endfacet
  facet normal -5.217323e-14 1.000000e+00 2.375279e-15
    outer loop
      vertex   5.361509e+00 -8.325000e+00 -4.373217e-01
      vertex   5.356145e+00 -8.325000e+00 1.927178e-01
      vertex   5.363854e+00 -8.325000e+00 3.620375e-01
    endloop
  endfacet
  facet normal -6.925145e-14 1.000000e+00 2.425378e-15
    outer loop
      vertex   5.361509e+00 -8.325000e+00 -4.373217e-01
      vertex   5.363854e+00 -8.325000e+00 3.620375e-01
      vertex   5.372817e+00 -8.325000e+00 -1.144385e-01
    endloop
  endfacet
  facet normal -2.151462e-13 1.000000e+00 -3.191465e-16
    outer loop
      vertex   5.372817e+00 -8.325000e+00 -1.144385e-01
      vertex   5.363854e+00 -8.325000e+00 3.620375e-01
      vertex   5.372338e+00 -8.325000e+00 2.086422e-01
    endloop
  endfacet
  facet normal -6.688018e-13 1.000000e+00 -2.541014e-14
    outer loop
      vertex   5.372338e+00 -8.325000e+00 2.086422e-01
      vertex   5.363854e+00 -8.325000e+00 3.620375e-01
      vertex   5.360071e+00 -8.325000e+00 5.314904e-01
    endloop
  endfacet
  facet normal 0.000000e+00 1.000000e+00 0.000000e+00
    outer loop
      vertex   -6.764359e+00 -8.325000e+00 -8.188313e+00
      vertex   -7.062152e+00 -8.325000e+00 -8.063011e+00
      vertex   -7.046052e+00 -8.325000e+00 6.064121e+00
    endloop
  endfacet
  facet normal 0.000000e+00 1.000000e+00 0.000000e+00
    outer loop
      vertex   -7.046052e+00 -8.325000e+00 6.064121e+00
      vertex   -7.062152e+00 -8.325000e+00 -8.063011e+00
      vertex   -7.071125e+00 -8.325000e+00 6.221359e+00
    endloop
  endfacet
  facet normal 0.000000e+00 1.000000e+00 0.000000e+00
    outer loop
      vertex   -7.071125e+00 -8.325000e+00 6.221359e+00
      vertex   -7.062152e+00 -8.325000e+00 -8.063011e+00
      vertex   -7.085014e+00 -8.325000e+00 6.379976e+00
    endloop
  endfacet
  facet normal 0.000000e+00 1.000000e+00 0.000000e+00
    outer loop
      vertex   -7.085014e+00 -8.325000e+00 6.379976e+00
      vertex   -7.062152e+00 -8.325000e+00 -8.063011e+00
      vertex   -7.087651e+00 -8.325000e+00 6.539178e+00
    endloop
  endfacet
  facet normal 0.000000e+00 1.000000e+00 0.000000e+00
    outer loop
      vertex   -7.087651e+00 -8.325000e+00 6.539178e+00
      vertex   -7.062152e+00 -8.325000e+00 -8.063011e+00
      vertex   -7.139326e+00 -8.325000e+00 8.096367e+00
    endloop
  endfacet
  facet normal 0.000000e+00 1.000000e+00 -0.000000e+00
    outer loop
      vertex   -7.087651e+00 -8.325000e+00 6.539178e+00
      vertex   -7.139326e+00 -8.325000e+00 8.096367e+00
      vertex   -7.079022e+00 -8.325000e+00 6.698169e+00
    endloop
  endfacet
  facet normal 0.000000e+00 1.000000e+00 -0.000000e+00
    outer loop
      vertex   -7.079022e+00 -8.325000e+00 6.698169e+00
      vertex   -7.139326e+00 -8.325000e+00 8.096367e+00
      vertex   -7.059171e+00 -8.325000e+00 6.856150e+00
    endloop
  endfacet
  facet normal 0.000000e+00 1.000000e+00 -0.000000e+00
    outer loop
      vertex   -7.059171e+00 -8.325000e+00 6.856150e+00
      vertex   -7.139326e+00 -8.325000e+00 8.096367e+00
      vertex   -7.028196e+00 -8.325000e+00 7.012333e+00
    endloop
  endfacet
  facet normal 0.000000e+00 1.000000e+00 -0.000000e+00
    outer loop
      vertex   -7.028196e+00 -8.325000e+00 7.012333e+00
      vertex   -7.139326e+00 -8.325000e+00 8.096367e+00
      vertex   -6.986254e+00 -8.325000e+00 7.165934e+00
    endloop
  endfacet
  facet normal 0.000000e+00 1.000000e+00 -0.000000e+00
    outer loop
      vertex   -6.986254e+00 -8.325000e+00 7.165934e+00
      vertex   -7.139326e+00 -8.325000e+00 8.096367e+00
      vertex   -6.933554e+00 -8.325000e+00 7.316183e+00
    endloop
  endfacet
  facet normal 0.000000e+00 1.000000e+00 -0.000000e+00
    outer loop
      vertex   -6.933554e+00 -8.325000e+00 7.316183e+00
      vertex   -7.139326e+00 -8.325000e+00 8.096367e+00
      vertex   -6.870360e+00 -8.325000e+00 7.462330e+00
    endloop
  endfacet
  facet normal 0.000000e+00 1.000000e+00 -0.000000e+00
    outer loop
      vertex   -6.870360e+00 -8.325000e+00 7.462330e+00
      vertex   -7.139326e+00 -8.325000e+00 8.096367e+00
      vertex   -6.796988e+00 -8.325000e+00 7.603641e+00
    endloop
  endfacet
  facet normal 0.000000e+00 1.000000e+00 -0.000000e+00
    outer loop
      vertex   -6.796988e+00 -8.325000e+00 7.603641e+00
      vertex   -7.139326e+00 -8.325000e+00 8.096367e+00
      vertex   -6.713806e+00 -8.325000e+00 7.739410e+00
    endloop
  endfacet
  facet normal 0.000000e+00 1.000000e+00 -0.000000e+00
    outer loop
      vertex   -6.713806e+00 -8.325000e+00 7.739410e+00
      vertex   -7.139326e+00 -8.325000e+00 8.096367e+00
      vertex   -6.621230e+00 -8.325000e+00 7.868956e+00
    endloop
  endfacet
  facet normal 0.000000e+00 1.000000e+00 0.000000e+00
    outer loop
      vertex   -6.621230e+00 -8.325000e+00 7.868956e+00
      vertex   -7.139326e+00 -8.325000e+00 8.096367e+00
      vertex   -6.842744e+00 -8.325000e+00 8.224508e+00
    endloop
  endfacet
  facet normal 0.000000e+00 1.000000e+00 -0.000000e+00
    outer loop
      vertex   -6.621230e+00 -8.325000e+00 7.868956e+00
      vertex   -6.842744e+00 -8.325000e+00 8.224508e+00
      vertex   -6.519725e+00 -8.325000e+00 7.991630e+00
    endloop
  endfacet
  facet normal 0.000000e+00 1.000000e+00 0.000000e+00
    outer loop
      vertex   -6.519725e+00 -8.325000e+00 7.991630e+00
      vertex   -6.842744e+00 -8.325000e+00 8.224508e+00
      vertex   -6.541683e+00 -8.325000e+00 8.341742e+00
    endloop
  endfacet
  facet normal 0.000000e+00 1.000000e+00 -0.000000e+00
    outer loop
      vertex   -6.519725e+00 -8.325000e+00 7.991630e+00
      vertex   -6.541683e+00 -8.325000e+00 8.341742e+00
      vertex   -6.409798e+00 -8.325000e+00 8.106818e+00
    endloop
  endfacet
  facet normal 0.000000e+00 1.000000e+00 -0.000000e+00
    outer loop
      vertex   -6.409798e+00 -8.325000e+00 8.106818e+00
      vertex   -6.541683e+00 -8.325000e+00 8.341742e+00
      vertex   -6.292000e+00 -8.325000e+00 8.213944e+00
    endloop
  endfacet
  facet normal 0.000000e+00 1.000000e+00 -0.000000e+00
    outer loop
      vertex   -6.292000e+00 -8.325000e+00 8.213944e+00
      vertex   -6.541683e+00 -8.325000e+00 8.341742e+00
      vertex   -6.236546e+00 -8.325000e+00 8.447915e+00
    endloop
  endfacet
  facet normal 0.000000e+00 1.000000e+00 0.000000e+00
    outer loop
      vertex   -6.292000e+00 -8.325000e+00 8.213944e+00
      vertex   -6.236546e+00 -8.325000e+00 8.447915e+00
      vertex   -6.166921e+00 -8.325000e+00 8.312471e+00
    endloop
  endfacet
  facet normal 0.000000e+00 1.000000e+00 -0.000000e+00
    outer loop
      vertex   -6.166921e+00 -8.325000e+00 8.312471e+00
      vertex   -6.236546e+00 -8.325000e+00 8.447915e+00
      vertex   -6.035186e+00 -8.325000e+00 8.401905e+00
    endloop
  endfacet
  facet normal 0.000000e+00 1.000000e+00 -0.000000e+00
    outer loop
      vertex   -6.035186e+00 -8.325000e+00 8.401905e+00
      vertex   -6.236546e+00 -8.325000e+00 8.447915e+00
      vertex   -5.927738e+00 -8.325000e+00 8.542885e+00
    endloop
  endfacet
  facet normal 0.000000e+00 1.000000e+00 0.000000e+00
    outer loop
      vertex   -6.035186e+00 -8.325000e+00 8.401905e+00
      vertex   -5.927738e+00 -8.325000e+00 8.542885e+00
      vertex   -5.897457e+00 -8.325000e+00 8.481799e+00
    endloop
  endfacet
  facet normal 0.000000e+00 1.000000e+00 -0.000000e+00
    outer loop
      vertex   -5.897457e+00 -8.325000e+00 8.481799e+00
      vertex   -5.927738e+00 -8.325000e+00 8.542885e+00
      vertex   -5.754423e+00 -8.325000e+00 8.551752e+00
    endloop
  endfacet
  facet normal 0.000000e+00 1.000000e+00 -0.000000e+00
    outer loop
      vertex   -5.754423e+00 -8.325000e+00 8.551752e+00
      vertex   -5.927738e+00 -8.325000e+00 8.542885e+00
      vertex   -5.615671e+00 -8.325000e+00 8.626525e+00
    endloop
  endfacet
  facet normal 0.000000e+00 1.000000e+00 0.000000e+00
    outer loop
      vertex   -5.754423e+00 -8.325000e+00 8.551752e+00
      vertex   -5.615671e+00 -8.325000e+00 8.626525e+00
      vertex   -5.606799e+00 -8.325000e+00 8.611414e+00
    endloop
  endfacet
  facet normal 0.000000e+00 1.000000e+00 -0.000000e+00
    outer loop
      vertex   -5.606799e+00 -8.325000e+00 8.611414e+00
      vertex   -5.615671e+00 -8.325000e+00 8.626525e+00
      vertex   -5.455326e+00 -8.325000e+00 8.660487e+00
    endloop
  endfacet
  facet normal -6.840579e-14 1.000000e+00 3.229696e-13
    outer loop
      vertex   -5.455326e+00 -8.325000e+00 8.660487e+00
      vertex   -5.615671e+00 -8.325000e+00 8.626525e+00
      vertex   -5.300761e+00 -8.325000e+00 8.698724e+00
    endloop
  endfacet
  facet normal -6.347634e-14 1.000000e+00 -1.366816e-13
    outer loop
      vertex   -7.355176e+00 -8.325000e+00 -7.926928e+00
      vertex   -7.643039e+00 -8.325000e+00 -7.780245e+00
      vertex   -7.062152e+00 -8.325000e+00 -8.063011e+00
    endloop
  endfacet
  facet normal 2.443552e-14 1.000000e+00 4.391585e-14
    outer loop
      vertex   -7.062152e+00 -8.325000e+00 -8.063011e+00
      vertex   -7.643039e+00 -8.325000e+00 -7.780245e+00
      vertex   -7.925360e+00 -8.325000e+00 -7.623157e+00
    endloop
  endfacet
  facet normal 1.301940e-14 1.000000e+00 2.151188e-14
    outer loop
      vertex   -7.062152e+00 -8.325000e+00 -8.063011e+00
      vertex   -7.925360e+00 -8.325000e+00 -7.623157e+00
      vertex   -8.201761e+00 -8.325000e+00 -7.455874e+00
    endloop
  endfacet
  facet normal 8.284696e-15 1.000000e+00 1.262474e-14
    outer loop
      vertex   -8.201761e+00 -8.325000e+00 -7.455874e+00
      vertex   -8.471875e+00 -8.325000e+00 -7.278618e+00
      vertex   -7.062152e+00 -8.325000e+00 -8.063011e+00
    endloop
  endfacet
  facet normal 5.832992e-15 1.000000e+00 8.218507e-15
    outer loop
      vertex   -7.062152e+00 -8.325000e+00 -8.063011e+00
      vertex   -8.471875e+00 -8.325000e+00 -7.278618e+00
      vertex   -8.735342e+00 -8.325000e+00 -7.091625e+00
    endloop
  endfacet
  facet normal 4.383660e-15 1.000000e+00 5.722068e-15
    outer loop
      vertex   -7.062152e+00 -8.325000e+00 -8.063011e+00
      vertex   -8.735342e+00 -8.325000e+00 -7.091625e+00
      vertex   -8.991812e+00 -8.325000e+00 -6.895144e+00
    endloop
  endfacet
  facet normal 3.447486e-15 1.000000e+00 4.175233e-15
    outer loop
      vertex   -8.991812e+00 -8.325000e+00 -6.895144e+00
      vertex   -9.240943e+00 -8.325000e+00 -6.689437e+00
      vertex   -7.062152e+00 -8.325000e+00 -8.063011e+00
    endloop
  endfacet
  facet normal 2.803050e-15 1.000000e+00 3.153017e-15
    outer loop
      vertex   -7.062152e+00 -8.325000e+00 -8.063011e+00
      vertex   -9.240943e+00 -8.325000e+00 -6.689437e+00
      vertex   -9.482403e+00 -8.325000e+00 -6.474778e+00
    endloop
  endfacet
  facet normal 2.337648e-15 1.000000e+00 2.443807e-15
    outer loop
      vertex   -7.062152e+00 -8.325000e+00 -8.063011e+00
      vertex   -9.482403e+00 -8.325000e+00 -6.474778e+00
      vertex   -9.715870e+00 -8.325000e+00 -6.251452e+00
    endloop
  endfacet
  facet normal 1.988715e-15 1.000000e+00 1.932662e-15
    outer loop
      vertex   -9.715870e+00 -8.325000e+00 -6.251452e+00
      vertex   -9.941034e+00 -8.325000e+00 -6.019757e+00
      vertex   -7.062152e+00 -8.325000e+00 -8.063011e+00
    endloop
  endfacet
  facet normal 1.719121e-15 1.000000e+00 1.552813e-15
    outer loop
      vertex   -7.062152e+00 -8.325000e+00 -8.063011e+00
      vertex   -9.941034e+00 -8.325000e+00 -6.019757e+00
      vertex   -1.015760e+01 -8.325000e+00 -5.780002e+00
    endloop
  endfacet
  facet normal 1.505627e-15 1.000000e+00 1.263344e-15
    outer loop
      vertex   -7.062152e+00 -8.325000e+00 -8.063011e+00
      vertex   -1.015760e+01 -8.325000e+00 -5.780002e+00
      vertex   -1.036527e+01 -8.325000e+00 -5.532506e+00
    endloop
  endfacet
  facet normal 1.333040e-15 1.000000e+00 1.038064e-15
    outer loop
      vertex   -1.036527e+01 -8.325000e+00 -5.532506e+00
      vertex   -1.056377e+01 -8.325000e+00 -5.277597e+00
      vertex   -7.062152e+00 -8.325000e+00 -8.063011e+00
    endloop
  endfacet
  facet normal 1.191067e-15 1.000000e+00 8.595850e-16
    outer loop
      vertex   -7.062152e+00 -8.325000e+00 -8.063011e+00
      vertex   -1.056377e+01 -8.325000e+00 -5.277597e+00
      vertex   -1.075284e+01 -8.325000e+00 -5.015616e+00
    endloop
  endfacet
  facet normal 1.072513e-15 1.000000e+00 7.160051e-16
    outer loop
      vertex   -7.062152e+00 -8.325000e+00 -8.063011e+00
      vertex   -1.075284e+01 -8.325000e+00 -5.015616e+00
      vertex   -1.093222e+01 -8.325000e+00 -4.746912e+00
    endloop
  endfacet
  facet normal 9.722203e-16 1.000000e+00 5.989581e-16
    outer loop
      vertex   -1.093222e+01 -8.325000e+00 -4.746912e+00
      vertex   -1.110169e+01 -8.325000e+00 -4.471842e+00
      vertex   -7.062152e+00 -8.325000e+00 -8.063011e+00
    endloop
  endfacet
  facet normal 8.864044e-16 1.000000e+00 5.024280e-16
    outer loop
      vertex   -7.062152e+00 -8.325000e+00 -8.063011e+00
      vertex   -1.110169e+01 -8.325000e+00 -4.471842e+00
      vertex   -1.126100e+01 -8.325000e+00 -4.190772e+00
    endloop
  endfacet
  facet normal 8.122336e-16 1.000000e+00 4.220011e-16
    outer loop
      vertex   -7.062152e+00 -8.325000e+00 -8.063011e+00
      vertex   -1.126100e+01 -8.325000e+00 -4.190772e+00
      vertex   -1.140996e+01 -8.325000e+00 -3.904077e+00
    endloop
  endfacet
  facet normal 7.475513e-16 1.000000e+00 3.543815e-16
    outer loop
      vertex   -1.140996e+01 -8.325000e+00 -3.904077e+00
      vertex   -1.154835e+01 -8.325000e+00 -3.612138e+00
      vertex   -7.062152e+00 -8.325000e+00 -8.063011e+00
    endloop
  endfacet
  facet normal 6.906901e-16 1.000000e+00 2.970689e-16
    outer loop
      vertex   -7.062152e+00 -8.325000e+00 -8.063011e+00
      vertex   -1.154835e+01 -8.325000e+00 -3.612138e+00
      vertex   -1.167600e+01 -8.325000e+00 -3.315345e+00
    endloop
  endfacet
  facet normal 6.403421e-16 1.000000e+00 2.481400e-16
    outer loop
      vertex   -7.062152e+00 -8.325000e+00 -8.063011e+00
      vertex   -1.167600e+01 -8.325000e+00 -3.315345e+00
      vertex   -1.179274e+01 -8.325000e+00 -3.014092e+00
    endloop
  endfacet
  facet normal 5.954688e-16 1.000000e+00 2.060960e-16
    outer loop
      vertex   -1.179274e+01 -8.325000e+00 -3.014092e+00
      vertex   -1.189841e+01 -8.325000e+00 -2.708780e+00
      vertex   -7.062152e+00 -8.325000e+00 -8.063011e+00
    endloop
  endfacet
  facet normal 5.552364e-16 1.000000e+00 1.697557e-16
    outer loop
      vertex   -7.062152e+00 -8.325000e+00 -8.063011e+00
      vertex   -1.189841e+01 -8.325000e+00 -2.708780e+00
      vertex   -1.199287e+01 -8.325000e+00 -2.399817e+00
    endloop
  endfacet
  facet normal 5.189682e-16 1.000000e+00 1.381783e-16
    outer loop
      vertex   -7.062152e+00 -8.325000e+00 -8.063011e+00
      vertex   -1.199287e+01 -8.325000e+00 -2.399817e+00
      vertex   -1.207600e+01 -8.325000e+00 -2.087613e+00
    endloop
  endfacet
  facet normal 4.861098e-16 1.000000e+00 1.106075e-16
    outer loop
      vertex   -1.207600e+01 -8.325000e+00 -2.087613e+00
      vertex   -1.214768e+01 -8.325000e+00 -1.772584e+00
      vertex   -7.062152e+00 -8.325000e+00 -8.063011e+00
    endloop
  endfacet
  facet normal 4.562037e-16 1.000000e+00 8.642969e-17
    outer loop
      vertex   -7.062152e+00 -8.325000e+00 -8.063011e+00
      vertex   -1.214768e+01 -8.325000e+00 -1.772584e+00
      vertex   -1.220782e+01 -8.325000e+00 -1.455149e+00
    endloop
  endfacet
  facet normal 4.288684e-16 1.000000e+00 6.514318e-17
    outer loop
      vertex   -7.062152e+00 -8.325000e+00 -8.063011e+00
      vertex   -1.220782e+01 -8.325000e+00 -1.455149e+00
      vertex   -1.225634e+01 -8.325000e+00 -1.135732e+00
    endloop
  endfacet
  facet normal 4.037842e-16 1.000000e+00 4.633468e-17
    outer loop
      vertex   -1.225634e+01 -8.325000e+00 -1.135732e+00
      vertex   -1.229317e+01 -8.325000e+00 -8.147570e-01
      vertex   -7.062152e+00 -8.325000e+00 -8.063011e+00
    endloop
  endfacet
  facet normal 3.806812e-16 1.000000e+00 2.966139e-17
    outer loop
      vertex   -7.062152e+00 -8.325000e+00 -8.063011e+00
      vertex   -1.229317e+01 -8.325000e+00 -8.147570e-01
      vertex   -1.231827e+01 -8.325000e+00 -4.926522e-01
    endloop
  endfacet
  facet normal 3.593299e-16 1.000000e+00 1.483712e-17
    outer loop
      vertex   -7.062152e+00 -8.325000e+00 -8.063011e+00
      vertex   -1.231827e+01 -8.325000e+00 -4.926522e-01
      vertex   -1.233160e+01 -8.325000e+00 -1.698462e-01
    endloop
  endfacet
  facet normal 3.395341e-16 1.000000e+00 1.621552e-18
    outer loop
      vertex   -1.233160e+01 -8.325000e+00 -1.698462e-01
      vertex   -1.233314e+01 -8.325000e+00 1.532312e-01
      vertex   -7.062152e+00 -8.325000e+00 -8.063011e+00
    endloop
  endfacet
  facet normal 3.211254e-16 1.000000e+00 -1.018826e-17
    outer loop
      vertex   -7.062152e+00 -8.325000e+00 -8.063011e+00
      vertex   -1.233314e+01 -8.325000e+00 1.532312e-01
      vertex   -1.232289e+01 -8.325000e+00 4.761498e-01
    endloop
  endfacet
  facet normal 3.039581e-16 1.000000e+00 -2.076457e-17
    outer loop
      vertex   -7.062152e+00 -8.325000e+00 -8.063011e+00
      vertex   -1.232289e+01 -8.325000e+00 4.761498e-01
      vertex   -1.230087e+01 -8.325000e+00 7.984797e-01
    endloop
  endfacet
  facet normal 2.879058e-16 1.000000e+00 -3.025431e-17
    outer loop
      vertex   -1.230087e+01 -8.325000e+00 7.984797e-01
      vertex   -1.226711e+01 -8.325000e+00 1.119792e+00
      vertex   -7.062152e+00 -8.325000e+00 -8.063011e+00
    endloop
  endfacet
  facet normal 2.728584e-16 1.000000e+00 -3.878340e-17
    outer loop
      vertex   -7.062152e+00 -8.325000e+00 -8.063011e+00
      vertex   -1.226711e+01 -8.325000e+00 1.119792e+00
      vertex   -1.222164e+01 -8.325000e+00 1.439658e+00
    endloop
  endfacet
  facet normal 2.587195e-16 1.000000e+00 -4.646016e-17
    outer loop
      vertex   -7.062152e+00 -8.325000e+00 -8.063011e+00
      vertex   -1.222164e+01 -8.325000e+00 1.439658e+00
      vertex   -1.216454e+01 -8.325000e+00 1.757652e+00
    endloop
  endfacet
  facet normal 2.454042e-16 1.000000e+00 -5.337822e-17
    outer loop
      vertex   -1.216454e+01 -8.325000e+00 1.757652e+00
      vertex   -1.209587e+01 -8.325000e+00 2.073351e+00
      vertex   -7.062152e+00 -8.325000e+00 -8.063011e+00
    endloop
  endfacet
  facet normal 2.328377e-16 1.000000e+00 -5.961874e-17
    outer loop
      vertex   -7.062152e+00 -8.325000e+00 -8.063011e+00
      vertex   -1.209587e+01 -8.325000e+00 2.073351e+00
      vertex   -1.201573e+01 -8.325000e+00 2.386335e+00
    endloop
  endfacet
  facet normal 2.209537e-16 1.000000e+00 -6.525240e-17
    outer loop
      vertex   -7.062152e+00 -8.325000e+00 -8.063011e+00
      vertex   -1.201573e+01 -8.325000e+00 2.386335e+00
      vertex   -1.192423e+01 -8.325000e+00 2.696187e+00
    endloop
  endfacet
  facet normal 2.096935e-16 1.000000e+00 -7.034090e-17
    outer loop
      vertex   -1.192423e+01 -8.325000e+00 2.696187e+00
      vertex   -1.182148e+01 -8.325000e+00 3.002494e+00
      vertex   -7.062152e+00 -8.325000e+00 -8.063011e+00
    endloop
  endfacet
  facet normal 1.990045e-16 1.000000e+00 -7.493830e-17
    outer loop
      vertex   -7.062152e+00 -8.325000e+00 -8.063011e+00
      vertex   -1.182148e+01 -8.325000e+00 3.002494e+00
      vertex   -1.170762e+01 -8.325000e+00 3.304848e+00
    endloop
  endfacet
  facet normal 1.888397e-16 1.000000e+00 -7.909212e-17
    outer loop
      vertex   -7.062152e+00 -8.325000e+00 -8.063011e+00
      vertex   -1.170762e+01 -8.325000e+00 3.304848e+00
      vertex   -1.158281e+01 -8.325000e+00 3.602847e+00
    endloop
  endfacet
  facet normal 1.791572e-16 1.000000e+00 -8.284420e-17
    outer loop
      vertex   -1.158281e+01 -8.325000e+00 3.602847e+00
      vertex   -1.144721e+01 -8.325000e+00 3.896094e+00
      vertex   -7.062152e+00 -8.325000e+00 -8.063011e+00
    endloop
  endfacet
  facet normal 1.699191e-16 1.000000e+00 -8.623155e-17
    outer loop
      vertex   -7.062152e+00 -8.325000e+00 -8.063011e+00
      vertex   -1.144721e+01 -8.325000e+00 3.896094e+00
      vertex   -1.130100e+01 -8.325000e+00 4.184199e+00
    endloop
  endfacet
  facet normal 1.610912e-16 1.000000e+00 -8.928693e-17
    outer loop
      vertex   -7.062152e+00 -8.325000e+00 -8.063011e+00
      vertex   -1.130100e+01 -8.325000e+00 4.184199e+00
      vertex   -1.114438e+01 -8.325000e+00 4.466778e+00
    endloop
  endfacet
  facet normal 1.526429e-16 1.000000e+00 -9.203942e-17
    outer loop
      vertex   -1.114438e+01 -8.325000e+00 4.466778e+00
      vertex   -1.097755e+01 -8.325000e+00 4.743454e+00
      vertex   -7.062152e+00 -8.325000e+00 -8.063011e+00
    endloop
  endfacet
  facet normal 1.445460e-16 1.000000e+00 -9.451492e-17
    outer loop
      vertex   -7.062152e+00 -8.325000e+00 -8.063011e+00
      vertex   -1.097755e+01 -8.325000e+00 4.743454e+00
      vertex   -1.080074e+01 -8.325000e+00 5.013860e+00
    endloop
  endfacet
  facet normal 1.367753e-16 1.000000e+00 -9.673652e-17
    outer loop
      vertex   -7.062152e+00 -8.325000e+00 -8.063011e+00
      vertex   -1.080074e+01 -8.325000e+00 5.013860e+00
      vertex   -1.061418e+01 -8.325000e+00 5.277634e+00
    endloop
  endfacet
  facet normal 1.293076e-16 1.000000e+00 -9.872483e-17
    outer loop
      vertex   -1.061418e+01 -8.325000e+00 5.277634e+00
      vertex   -1.041812e+01 -8.325000e+00 5.534427e+00
      vertex   -7.062152e+00 -8.325000e+00 -8.063011e+00
    endloop
  endfacet
  facet normal 1.221219e-16 1.000000e+00 -1.004983e-16
    outer loop
      vertex   -7.062152e+00 -8.325000e+00 -8.063011e+00
      vertex   -1.041812e+01 -8.325000e+00 5.534427e+00
      vertex   -1.021282e+01 -8.325000e+00 5.783896e+00
    endloop
  endfacet
  facet normal 1.151990e-16 1.000000e+00 -1.020735e-16
    outer loop
      vertex   -7.062152e+00 -8.325000e+00 -8.063011e+00
      vertex   -1.021282e+01 -8.325000e+00 5.783896e+00
      vertex   -9.998561e+00 -8.325000e+00 6.025709e+00
    endloop
  endfacet
  facet normal 1.085211e-16 1.000000e+00 -1.034654e-16
    outer loop
      vertex   -9.998561e+00 -8.325000e+00 6.025709e+00
      vertex   -9.775620e+00 -8.325000e+00 6.259544e+00
      vertex   -7.062152e+00 -8.325000e+00 -8.063011e+00
    endloop
  endfacet
  facet normal 1.020721e-16 1.000000e+00 -1.046871e-16
    outer loop
      vertex   -7.062152e+00 -8.325000e+00 -8.063011e+00
      vertex   -9.775620e+00 -8.325000e+00 6.259544e+00
      vertex   -9.544296e+00 -8.325000e+00 6.485089e+00
    endloop
  endfacet
  facet normal 9.583714e-17 1.000000e+00 -1.057509e-16
    outer loop
      vertex   -7.062152e+00 -8.325000e+00 -8.063011e+00
      vertex   -9.544296e+00 -8.325000e+00 6.485089e+00
      vertex   -9.304898e+00 -8.325000e+00 6.702045e+00
    endloop
  endfacet
  facet normal 8.980245e-17 1.000000e+00 -1.066676e-16
    outer loop
      vertex   -9.304898e+00 -8.325000e+00 6.702045e+00
      vertex   -9.057744e+00 -8.325000e+00 6.910122e+00
      vertex   -7.062152e+00 -8.325000e+00 -8.063011e+00
    endloop
  endfacet
  facet normal 8.395541e-17 1.000000e+00 -1.074469e-16
    outer loop
      vertex   -7.062152e+00 -8.325000e+00 -8.063011e+00
      vertex   -9.057744e+00 -8.325000e+00 6.910122e+00
      vertex   -8.803162e+00 -8.325000e+00 7.109043e+00
    endloop
  endfacet
  facet normal 7.828431e-17 1.000000e+00 -1.080976e-16
    outer loop
      vertex   -7.062152e+00 -8.325000e+00 -8.063011e+00
      vertex   -8.803162e+00 -8.325000e+00 7.109043e+00
      vertex   -8.541493e+00 -8.325000e+00 7.298544e+00
    endloop
  endfacet
  facet normal 7.277831e-17 1.000000e+00 -1.086279e-16
    outer loop
      vertex   -8.541493e+00 -8.325000e+00 7.298544e+00
      vertex   -8.273084e+00 -8.325000e+00 7.478372e+00
      vertex   -7.062152e+00 -8.325000e+00 -8.063011e+00
    endloop
  endfacet
  facet normal 6.742738e-17 1.000000e+00 -1.090448e-16
    outer loop
      vertex   -7.062152e+00 -8.325000e+00 -8.063011e+00
      vertex   -8.273084e+00 -8.325000e+00 7.478372e+00
      vertex   -7.998293e+00 -8.325000e+00 7.648288e+00
    endloop
  endfacet
  facet normal 6.222218e-17 1.000000e+00 -1.093549e-16
    outer loop
      vertex   -7.062152e+00 -8.325000e+00 -8.063011e+00
      vertex   -7.998293e+00 -8.325000e+00 7.648288e+00
      vertex   -7.717486e+00 -8.325000e+00 7.808065e+00
    endloop
  endfacet
  facet normal 6.127691e-15 1.000000e+00 1.410949e-16
    outer loop
      vertex   -7.717486e+00 -8.325000e+00 7.808065e+00
      vertex   -7.431037e+00 -8.325000e+00 7.957491e+00
      vertex   -7.062152e+00 -8.325000e+00 -8.063011e+00
    endloop
  endfacet
  facet normal 0.000000e+00 1.000000e+00 0.000000e+00
    outer loop
      vertex   -7.062152e+00 -8.325000e+00 -8.063011e+00
      vertex   -7.431037e+00 -8.325000e+00 7.957491e+00
      vertex   -7.139326e+00 -8.325000e+00 8.096367e+00
    endloop
  endfacet
  facet normal -1.939993e-13 -1.000000e+00 2.228410e-14
    outer loop
      vertex   -2.044260e-01 -3.250000e-01 -2.791962e+00
      vertex   -2.111952e-02 -3.250000e-01 -2.797901e+00
      vertex   -2.111952e-02 -3.250000e-01 -1.228530e+00
    endloop
  endfacet
  facet normal 1.939993e-13 -1.000000e+00 2.228410e-14
    outer loop
      vertex   -2.111952e-02 -3.250000e-01 -1.228530e+00
      vertex   -2.111952e-02 -3.250000e-01 -2.797901e+00
      vertex   1.621870e-01 -3.250000e-01 -2.791962e+00
    endloop
  endfacet
  facet normal 2.740230e-15 -1.000000e+00 -1.402958e-16
    outer loop
      vertex   -2.111952e-02 -3.250000e-01 -1.228530e+00
      vertex   1.621870e-01 -3.250000e-01 -2.791962e+00
      vertex   1.007293e-01 -3.250000e-01 -1.222636e+00
    endloop
  endfacet
  facet normal -2.789091e-16 -1.000000e+00 -2.585308e-16
    outer loop
      vertex   1.007293e-01 -3.250000e-01 -1.222636e+00
      vertex   1.621870e-01 -3.250000e-01 -2.791962e+00
      vertex   3.447246e-01 -3.250000e-01 -2.774170e+00
    endloop
  endfacet
  facet normal -4.189019e-16 -1.000000e+00 -2.805462e-16
    outer loop
      vertex   1.007293e-01 -3.250000e-01 -1.222636e+00
      vertex   3.447246e-01 -3.250000e-01 -2.774170e+00
      vertex   2.214405e-01 -3.250000e-01 -1.205010e+00
    endloop
  endfacet
  facet normal 3.994292e-17 -1.000000e+00 -2.444961e-16
    outer loop
      vertex   2.214405e-01 -3.250000e-01 -1.205010e+00
      vertex   3.447246e-01 -3.250000e-01 -2.774170e+00
      vertex   5.257278e-01 -3.250000e-01 -2.744600e+00
    endloop
  endfacet
  facet normal 5.568245e-17 -1.000000e+00 -2.413854e-16
    outer loop
      vertex   2.214405e-01 -3.250000e-01 -1.205010e+00
      vertex   5.257278e-01 -3.250000e-01 -2.744600e+00
      vertex   7.044373e-01 -3.250000e-01 -2.703376e+00
    endloop
  endfacet
  facet normal -3.749497e-16 -1.000000e+00 -3.801992e-16
    outer loop
      vertex   2.214405e-01 -3.250000e-01 -1.205010e+00
      vertex   7.044373e-01 -3.250000e-01 -2.703376e+00
      vertex   3.398869e-01 -3.250000e-01 -1.175815e+00
    endloop
  endfacet
  facet normal -5.083802e-16 -1.000000e+00 -4.120423e-16
    outer loop
      vertex   3.398869e-01 -3.250000e-01 -1.175815e+00
      vertex   7.044373e-01 -3.250000e-01 -2.703376e+00
      vertex   8.801036e-01 -3.250000e-01 -2.650670e+00
    endloop
  endfacet
  facet normal 7.038778e-17 -1.000000e+00 -2.000484e-16
    outer loop
      vertex   3.398869e-01 -3.250000e-01 -1.175815e+00
      vertex   8.801036e-01 -3.250000e-01 -2.650670e+00
      vertex   4.549627e-01 -3.250000e-01 -1.135325e+00
    endloop
  endfacet
  facet normal -2.183591e-16 -1.000000e+00 -2.810584e-16
    outer loop
      vertex   4.549627e-01 -3.250000e-01 -1.135325e+00
      vertex   8.801036e-01 -3.250000e-01 -2.650670e+00
      vertex   1.051990e+00 -3.250000e-01 -2.586704e+00
    endloop
  endfacet
  facet normal 7.231734e-17 -1.000000e+00 -1.614881e-16
    outer loop
      vertex   4.549627e-01 -3.250000e-01 -1.135325e+00
      vertex   1.051990e+00 -3.250000e-01 -2.586704e+00
      vertex   1.219375e+00 -3.250000e-01 -2.511745e+00
    endloop
  endfacet
  facet normal 7.448100e-17 -1.000000e+00 -1.602865e-16
    outer loop
      vertex   4.549627e-01 -3.250000e-01 -1.135325e+00
      vertex   1.219375e+00 -3.250000e-01 -2.511745e+00
      vertex   5.655935e-01 -3.250000e-01 -1.083918e+00
    endloop
  endfacet
  facet normal -1.929773e-16 -1.000000e+00 -2.827518e-16
    outer loop
      vertex   5.655935e-01 -3.250000e-01 -1.083918e+00
      vertex   1.219375e+00 -3.250000e-01 -2.511745e+00
      vertex   1.381557e+00 -3.250000e-01 -2.426110e+00
    endloop
  endfacet
  facet normal 7.167227e-17 -1.000000e+00 -1.218624e-16
    outer loop
      vertex   5.655935e-01 -3.250000e-01 -1.083918e+00
      vertex   1.381557e+00 -3.250000e-01 -2.426110e+00
      vertex   6.707463e-01 -3.250000e-01 -1.022073e+00
    endloop
  endfacet
  facet normal 7.406841e-17 -1.000000e+00 -1.206493e-16
    outer loop
      vertex   6.707463e-01 -3.250000e-01 -1.022073e+00
      vertex   1.381557e+00 -3.250000e-01 -2.426110e+00
      vertex   1.537856e+00 -3.250000e-01 -2.330155e+00
    endloop
  endfacet
  facet normal -4.230748e-16 -1.000000e+00 -4.501988e-16
    outer loop
      vertex   6.707463e-01 -3.250000e-01 -1.022073e+00
      vertex   1.537856e+00 -3.250000e-01 -2.330155e+00
      vertex   1.687616e+00 -3.250000e-01 -2.224285e+00
    endloop
  endfacet
  facet normal -3.068179e-16 -1.000000e+00 -3.518650e-16
    outer loop
      vertex   6.707463e-01 -3.250000e-01 -1.022073e+00
      vertex   1.687616e+00 -3.250000e-01 -2.224285e+00
      vertex   7.694393e-01 -3.250000e-01 -9.503688e-01
    endloop
  endfacet
  facet normal -1.791243e-16 -1.000000e+00 -2.598296e-16
    outer loop
      vertex   7.694393e-01 -3.250000e-01 -9.503688e-01
      vertex   1.687616e+00 -3.250000e-01 -2.224285e+00
      vertex   1.830209e+00 -3.250000e-01 -2.108943e+00
    endloop
  endfacet
  facet normal -2.887884e-16 -1.000000e+00 -3.602361e-16
    outer loop
      vertex   7.694393e-01 -3.250000e-01 -9.503688e-01
      vertex   1.830209e+00 -3.250000e-01 -2.108943e+00
      vertex   8.607511e-01 -3.250000e-01 -8.694736e-01
    endloop
  endfacet
  facet normal -1.672157e-16 -1.000000e+00 -2.651473e-16
    outer loop
      vertex   8.607511e-01 -3.250000e-01 -8.694736e-01
      vertex   1.830209e+00 -3.250000e-01 -2.108943e+00
      vertex   1.965037e+00 -3.250000e-01 -1.984613e+00
    endloop
  endfacet
  facet normal 5.124442e-17 -1.000000e+00 -4.881347e-17
    outer loop
      vertex   8.607511e-01 -3.250000e-01 -8.694736e-01
      vertex   1.965037e+00 -3.250000e-01 -1.984613e+00
      vertex   2.091534e+00 -3.250000e-01 -1.851816e+00
    endloop
  endfacet
  facet normal 5.177387e-17 -1.000000e+00 -4.815012e-17
    outer loop
      vertex   8.607511e-01 -3.250000e-01 -8.694736e-01
      vertex   2.091534e+00 -3.250000e-01 -1.851816e+00
      vertex   9.438291e-01 -3.250000e-01 -7.801432e-01
    endloop
  endfacet
  facet normal -1.525550e-16 -1.000000e+00 -2.669755e-16
    outer loop
      vertex   9.438291e-01 -3.250000e-01 -7.801432e-01
      vertex   2.091534e+00 -3.250000e-01 -1.851816e+00
      vertex   2.209170e+00 -3.250000e-01 -1.711110e+00
    endloop
  endfacet
  facet normal 2.808242e-17 -1.000000e+00 -2.145869e-17
    outer loop
      vertex   9.438291e-01 -3.250000e-01 -7.801432e-01
      vertex   2.209170e+00 -3.250000e-01 -1.711110e+00
      vertex   1.017898e+00 -3.250000e-01 -6.832117e-01
    endloop
  endfacet
  facet normal -1.698041e-16 -1.000000e+00 -2.507974e-16
    outer loop
      vertex   1.017898e+00 -3.250000e-01 -6.832117e-01
      vertex   2.209170e+00 -3.250000e-01 -1.711110e+00
      vertex   2.317451e+00 -3.250000e-01 -1.563084e+00
    endloop
  endfacet
  facet normal -5.106267e-16 -1.000000e+00 -7.541858e-16
    outer loop
      vertex   1.017898e+00 -3.250000e-01 -6.832117e-01
      vertex   2.317451e+00 -3.250000e-01 -1.563084e+00
      vertex   1.082265e+00 -3.250000e-01 -5.795840e-01
    endloop
  endfacet
  facet normal 6.449436e-17 -1.000000e+00 -3.188587e-17
    outer loop
      vertex   1.082265e+00 -3.250000e-01 -5.795840e-01
      vertex   2.317451e+00 -3.250000e-01 -1.563084e+00
      vertex   1.136331e+00 -3.250000e-01 -4.702277e-01
    endloop
  endfacet
  facet normal -2.637495e-16 -1.000000e+00 -3.866404e-16
    outer loop
      vertex   1.136331e+00 -3.250000e-01 -4.702277e-01
      vertex   2.317451e+00 -3.250000e-01 -1.563084e+00
      vertex   1.179589e+00 -3.250000e-01 -3.561639e-01
    endloop
  endfacet
  facet normal 1.135607e-16 -1.000000e+00 -3.091925e-17
    outer loop
      vertex   1.179589e+00 -3.250000e-01 -3.561639e-01
      vertex   2.317451e+00 -3.250000e-01 -1.563084e+00
      vertex   1.211637e+00 -3.250000e-01 -2.384575e-01
    endloop
  endfacet
  facet normal 1.250201e-16 -1.000000e+00 -2.135280e-17
    outer loop
      vertex   1.211637e+00 -3.250000e-01 -2.384575e-01
      vertex   2.317451e+00 -3.250000e-01 -1.563084e+00
      vertex   1.232175e+00 -3.250000e-01 -1.182075e-01
    endloop
  endfacet
  facet normal -4.340646e-16 -1.000000e+00 -4.412927e-16
    outer loop
      vertex   1.232175e+00 -3.250000e-01 -1.182075e-01
      vertex   2.317451e+00 -3.250000e-01 -1.563084e+00
      vertex   2.415924e+00 -3.250000e-01 -1.408359e+00
    endloop
  endfacet
  facet normal -4.173232e-16 -1.000000e+00 -4.259321e-16
    outer loop
      vertex   1.232175e+00 -3.250000e-01 -1.182075e-01
      vertex   2.415924e+00 -3.250000e-01 -1.408359e+00
      vertex   1.241012e+00 -3.250000e-01 3.463344e-03
    endloop
  endfacet
  facet normal -1.791587e-16 -1.000000e+00 -2.277327e-16
    outer loop
      vertex   1.241012e+00 -3.250000e-01 3.463344e-03
      vertex   2.415924e+00 -3.250000e-01 -1.408359e+00
      vertex   2.367941e+00 -3.250000e-01 1.554459e+00
    endloop
  endfacet
  facet normal -2.539240e-16 -1.000000e+00 -1.734094e-16
    outer loop
      vertex   1.241012e+00 -3.250000e-01 3.463344e-03
      vertex   2.367941e+00 -3.250000e-01 1.554459e+00
      vertex   2.264509e+00 -3.250000e-01 1.705914e+00
    endloop
  endfacet
  facet normal -3.905757e-16 -1.000000e+00 -2.311566e-16
    outer loop
      vertex   2.367941e+00 -3.250000e-01 1.554459e+00
      vertex   2.415924e+00 -3.250000e-01 -1.408359e+00
      vertex   2.461351e+00 -3.250000e-01 1.396627e+00
    endloop
  endfacet
  facet normal 4.457947e-16 -1.000000e+00 -2.447018e-16
    outer loop
      vertex   2.461351e+00 -3.250000e-01 1.396627e+00
      vertex   2.415924e+00 -3.250000e-01 -1.408359e+00
      vertex   2.504175e+00 -3.250000e-01 -1.247585e+00
    endloop
  endfacet
  facet normal 1.780964e-16 -1.000000e+00 -2.490372e-16
    outer loop
      vertex   2.461351e+00 -3.250000e-01 1.396627e+00
      vertex   2.504175e+00 -3.250000e-01 -1.247585e+00
      vertex   2.544350e+00 -3.250000e-01 1.233079e+00
    endloop
  endfacet
  facet normal -1.949227e-16 -1.000000e+00 -2.429961e-16
    outer loop
      vertex   2.544350e+00 -3.250000e-01 1.233079e+00
      vertex   2.504175e+00 -3.250000e-01 -1.247585e+00
      vertex   2.581834e+00 -3.250000e-01 -1.081435e+00
    endloop
  endfacet
  facet normal -5.816822e-16 -1.000000e+00 -2.492598e-16
    outer loop
      vertex   2.544350e+00 -3.250000e-01 1.233079e+00
      vertex   2.581834e+00 -3.250000e-01 -1.081435e+00
      vertex   2.616588e+00 -3.250000e-01 1.064502e+00
    endloop
  endfacet
  facet normal -1.769666e-16 -1.000000e+00 -2.558142e-16
    outer loop
      vertex   2.616588e+00 -3.250000e-01 1.064502e+00
      vertex   2.581834e+00 -3.250000e-01 -1.081435e+00
      vertex   2.648575e+00 -3.250000e-01 -9.106075e-01
    endloop
  endfacet
  facet normal 2.017419e-16 -1.000000e+00 -2.496809e-16
    outer loop
      vertex   2.616588e+00 -3.250000e-01 1.064502e+00
      vertex   2.648575e+00 -3.250000e-01 -9.106075e-01
      vertex   2.677762e+00 -3.250000e-01 8.916025e-01
    endloop
  endfacet
  facet normal 8.170809e-16 -1.000000e+00 -2.596465e-16
    outer loop
      vertex   2.677762e+00 -3.250000e-01 8.916025e-01
      vertex   2.648575e+00 -3.250000e-01 -9.106075e-01
      vertex   2.704118e+00 -3.250000e-01 -7.358177e-01
    endloop
  endfacet
  facet normal 1.337562e-15 -1.000000e+00 -2.512172e-16
    outer loop
      vertex   2.677762e+00 -3.250000e-01 8.916025e-01
      vertex   2.704118e+00 -3.250000e-01 -7.358177e-01
      vertex   2.727616e+00 -3.250000e-01 7.151058e-01
    endloop
  endfacet
  facet normal -1.701611e-15 -1.000000e+00 -2.019972e-16
    outer loop
      vertex   2.727616e+00 -3.250000e-01 7.151058e-01
      vertex   2.704118e+00 -3.250000e-01 -7.358177e-01
      vertex   2.748231e+00 -3.250000e-01 -5.577992e-01
    endloop
  endfacet
  facet normal -8.832816e-16 -1.000000e+00 -1.887442e-16
    outer loop
      vertex   2.727616e+00 -3.250000e-01 7.151058e-01
      vertex   2.748231e+00 -3.250000e-01 -5.577992e-01
      vertex   2.765942e+00 -3.250000e-01 5.357521e-01
    endloop
  endfacet
  facet normal -6.377434e-16 -1.000000e+00 -1.927207e-16
    outer loop
      vertex   2.765942e+00 -3.250000e-01 5.357521e-01
      vertex   2.748231e+00 -3.250000e-01 -5.577992e-01
      vertex   2.780729e+00 -3.250000e-01 -3.772985e-01
    endloop
  endfacet
  facet normal 9.458989e-16 -1.000000e+00 -1.670733e-16
    outer loop
      vertex   2.765942e+00 -3.250000e-01 5.357521e-01
      vertex   2.780729e+00 -3.250000e-01 -3.772985e-01
      vertex   2.792577e+00 -3.250000e-01 3.542939e-01
    endloop
  endfacet
  facet normal 1.554075e-15 -1.000000e+00 -1.769229e-16
    outer loop
      vertex   2.792577e+00 -3.250000e-01 3.542939e-01
      vertex   2.780729e+00 -3.250000e-01 -3.772985e-01
      vertex   2.801474e+00 -3.250000e-01 -1.950729e-01
    endloop
  endfacet
  facet normal 1.563901e-15 -1.000000e+00 -1.767637e-16
    outer loop
      vertex   2.792577e+00 -3.250000e-01 3.542939e-01
      vertex   2.801474e+00 -3.250000e-01 -1.950729e-01
      vertex   2.807411e+00 -3.250000e-01 1.714920e-01
    endloop
  endfacet
  facet normal -4.675340e-15 -1.000000e+00 -7.571803e-17
    outer loop
      vertex   2.807411e+00 -3.250000e-01 1.714920e-01
      vertex   2.801474e+00 -3.250000e-01 -1.950729e-01
      vertex   2.810380e+00 -3.250000e-01 -1.188661e-02
    endloop
  endfacet
  facet normal 3.198549e-16 -1.000000e+00 -5.183601e-16
    outer loop
      vertex   2.264509e+00 -3.250000e-01 1.705914e+00
      vertex   2.151491e+00 -3.250000e-01 1.850356e+00
      vertex   1.241012e+00 -3.250000e-01 3.463344e-03
    endloop
  endfacet
  facet normal -2.603058e-16 -1.000000e+00 -2.323529e-16
    outer loop
      vertex   1.241012e+00 -3.250000e-01 3.463344e-03
      vertex   2.151491e+00 -3.250000e-01 1.850356e+00
      vertex   2.029361e+00 -3.250000e-01 1.987179e+00
    endloop
  endfacet
  facet normal 6.773000e-17 -1.000000e+00 -3.627177e-16
    outer loop
      vertex   1.241012e+00 -3.250000e-01 3.463344e-03
      vertex   2.029361e+00 -3.250000e-01 1.987179e+00
      vertex   1.898630e+00 -3.250000e-01 2.115810e+00
    endloop
  endfacet
  facet normal -5.477960e-16 -1.000000e+00 -1.710915e-16
    outer loop
      vertex   1.898630e+00 -3.250000e-01 2.115810e+00
      vertex   1.759847e+00 -3.250000e-01 2.235709e+00
      vertex   1.241012e+00 -3.250000e-01 3.463344e-03
    endloop
  endfacet
  facet normal -1.920271e-16 -1.000000e+00 -2.537819e-16
    outer loop
      vertex   1.241012e+00 -3.250000e-01 3.463344e-03
      vertex   1.759847e+00 -3.250000e-01 2.235709e+00
      vertex   1.613593e+00 -3.250000e-01 2.346373e+00
    endloop
  endfacet
  facet normal 1.584531e-16 -1.000000e+00 -3.095170e-16
    outer loop
      vertex   1.241012e+00 -3.250000e-01 3.463344e-03
      vertex   1.613593e+00 -3.250000e-01 2.346373e+00
      vertex   1.460484e+00 -3.250000e-01 2.447338e+00
    endloop
  endfacet
  facet normal -1.601643e-16 -1.000000e+00 -2.809036e-16
    outer loop
      vertex   1.460484e+00 -3.250000e-01 2.447338e+00
      vertex   1.301160e+00 -3.250000e-01 2.538181e+00
      vertex   1.241012e+00 -3.250000e-01 3.463344e-03
    endloop
  endfacet
  facet normal -5.943675e-15 -1.000000e+00 -1.436634e-16
    outer loop
      vertex   1.241012e+00 -3.250000e-01 3.463344e-03
      vertex   1.301160e+00 -3.250000e-01 2.538181e+00
      vertex   1.238064e+00 -3.250000e-01 1.254190e-01
    endloop
  endfacet
  facet normal 4.185551e-15 -1.000000e+00 -4.085503e-16
    outer loop
      vertex   1.238064e+00 -3.250000e-01 1.254190e-01
      vertex   1.301160e+00 -3.250000e-01 2.538181e+00
      vertex   1.223360e+00 -3.250000e-01 2.465208e-01
    endloop
  endfacet
  facet normal -1.045166e-15 -1.000000e+00 -2.309718e-16
    outer loop
      vertex   1.223360e+00 -3.250000e-01 2.465208e-01
      vertex   1.301160e+00 -3.250000e-01 2.538181e+00
      vertex   1.197036e+00 -3.250000e-01 3.656381e-01
    endloop
  endfacet
  facet normal 5.294288e-16 -1.000000e+00 -3.064376e-16
    outer loop
      vertex   1.197036e+00 -3.250000e-01 3.656381e-01
      vertex   1.301160e+00 -3.250000e-01 2.538181e+00
      vertex   1.159338e+00 -3.250000e-01 4.816587e-01
    endloop
  endfacet
  facet normal -5.349624e-16 -1.000000e+00 -2.330354e-16
    outer loop
      vertex   1.159338e+00 -3.250000e-01 4.816587e-01
      vertex   1.301160e+00 -3.250000e-01 2.538181e+00
      vertex   1.110619e+00 -3.250000e-01 5.934994e-01
    endloop
  endfacet
  facet normal -4.364392e-16 -1.000000e+00 -2.426887e-16
    outer loop
      vertex   1.110619e+00 -3.250000e-01 5.934994e-01
      vertex   1.301160e+00 -3.250000e-01 2.538181e+00
      vertex   1.051334e+00 -3.250000e-01 7.001159e-01
    endloop
  endfacet
  facet normal 3.037017e-16 -1.000000e+00 -3.432871e-16
    outer loop
      vertex   1.051334e+00 -3.250000e-01 7.001159e-01
      vertex   1.301160e+00 -3.250000e-01 2.538181e+00
      vertex   9.820348e-01 -3.250000e-01 8.005127e-01
    endloop
  endfacet
  facet normal -2.798614e-16 -1.000000e+00 -2.361151e-16
    outer loop
      vertex   9.820348e-01 -3.250000e-01 8.005127e-01
      vertex   1.301160e+00 -3.250000e-01 2.538181e+00
      vertex   9.033697e-01 -3.250000e-01 8.937526e-01
    endloop
  endfacet
  facet normal -2.399104e-16 -1.000000e+00 -2.457793e-16
    outer loop
      vertex   9.033697e-01 -3.250000e-01 8.937526e-01
      vertex   1.301160e+00 -3.250000e-01 2.538181e+00
      vertex   8.160728e-01 -3.250000e-01 9.789649e-01
    endloop
  endfacet
  facet normal -2.058939e-16 -1.000000e+00 -2.563621e-16
    outer loop
      vertex   8.160728e-01 -3.250000e-01 9.789649e-01
      vertex   1.301160e+00 -3.250000e-01 2.538181e+00
      vertex   7.209594e-01 -3.250000e-01 1.055354e+00
    endloop
  endfacet
  facet normal -1.756964e-16 -1.000000e+00 -2.681778e-16
    outer loop
      vertex   7.209594e-01 -3.250000e-01 1.055354e+00
      vertex   1.301160e+00 -3.250000e-01 2.538181e+00
      vertex   6.189173e-01 -3.250000e-01 1.122207e+00
    endloop
  endfacet
  facet normal -1.478039e-16 -1.000000e+00 -2.816169e-16
    outer loop
      vertex   6.189173e-01 -3.250000e-01 1.122207e+00
      vertex   1.301160e+00 -3.250000e-01 2.538181e+00
      vertex   5.108994e-01 -3.250000e-01 1.178899e+00
    endloop
  endfacet
  facet normal -4.019306e-16 -1.000000e+00 -1.338726e-16
    outer loop
      vertex   5.108994e-01 -3.250000e-01 1.178899e+00
      vertex   1.301160e+00 -3.250000e-01 2.538181e+00
      vertex   1.136289e+00 -3.250000e-01 2.618520e+00
    endloop
  endfacet
  facet normal 1.704340e-16 -1.000000e+00 -3.825152e-16
    outer loop
      vertex   5.108994e-01 -3.250000e-01 1.178899e+00
      vertex   1.136289e+00 -3.250000e-01 2.618520e+00
      vertex   9.665647e-01 -3.250000e-01 2.688019e+00
    endloop
  endfacet
  facet normal -1.200333e-16 -1.000000e+00 -2.948112e-16
    outer loop
      vertex   5.108994e-01 -3.250000e-01 1.178899e+00
      vertex   9.665647e-01 -3.250000e-01 2.688019e+00
      vertex   3.979141e-01 -3.250000e-01 1.224901e+00
    endloop
  endfacet
  facet normal -1.013983e-16 -1.000000e+00 -3.020538e-16
    outer loop
      vertex   3.979141e-01 -3.250000e-01 1.224901e+00
      vertex   9.665647e-01 -3.250000e-01 2.688019e+00
      vertex   7.926973e-01 -3.250000e-01 2.746385e+00
    endloop
  endfacet
  facet normal -9.094392e-17 -1.000000e+00 -3.047664e-16
    outer loop
      vertex   3.979141e-01 -3.250000e-01 1.224901e+00
      vertex   7.926973e-01 -3.250000e-01 2.746385e+00
      vertex   2.810165e-01 -3.250000e-01 1.259784e+00
    endloop
  endfacet
  facet normal -3.685774e-16 -1.000000e+00 -2.092063e-16
    outer loop
      vertex   2.810165e-01 -3.250000e-01 1.259784e+00
      vertex   7.926973e-01 -3.250000e-01 2.746385e+00
      vertex   6.154164e-01 -3.250000e-01 2.793375e+00
    endloop
  endfacet
  facet normal -5.464580e-17 -1.000000e+00 -2.776592e-16
    outer loop
      vertex   2.810165e-01 -3.250000e-01 1.259784e+00
      vertex   6.154164e-01 -3.250000e-01 2.793375e+00
      vertex   4.354657e-01 -3.250000e-01 2.828791e+00
    endloop
  endfacet
  facet normal -5.436387e-17 -1.000000e+00 -2.776869e-16
    outer loop
      vertex   2.810165e-01 -3.250000e-01 1.259784e+00
      vertex   4.354657e-01 -3.250000e-01 2.828791e+00
      vertex   1.612979e-01 -3.250000e-01 1.283222e+00
    endloop
  endfacet
  facet normal -3.658783e-17 -1.000000e+00 -2.808402e-16
    outer loop
      vertex   1.612979e-01 -3.250000e-01 1.283222e+00
      vertex   4.354657e-01 -3.250000e-01 2.828791e+00
      vertex   2.535999e-01 -3.250000e-01 2.852485e+00
    endloop
  endfacet
  facet normal -2.728518e-17 -1.000000e+00 -2.813874e-16
    outer loop
      vertex   1.612979e-01 -3.250000e-01 1.283222e+00
      vertex   2.535999e-01 -3.250000e-01 2.852485e+00
      vertex   3.987612e-02 -3.250000e-01 1.294996e+00
    endloop
  endfacet
  facet normal -6.195995e-16 -1.000000e+00 -2.001081e-16
    outer loop
      vertex   3.987612e-02 -3.250000e-01 1.294996e+00
      vertex   2.535999e-01 -3.250000e-01 2.852485e+00
      vertex   7.058182e-02 -3.250000e-01 2.864356e+00
    endloop
  endfacet
  facet normal -9.116586e-29 -1.000000e+00 -2.122310e-16
    outer loop
      vertex   3.987612e-02 -3.250000e-01 1.294996e+00
      vertex   7.058182e-02 -3.250000e-01 2.864356e+00
      vertex   -8.211516e-02 -3.250000e-01 1.294996e+00
    endloop
  endfacet
  facet normal 6.851916e-31 -1.000000e+00 -2.122310e-16
    outer loop
      vertex   -8.211516e-02 -3.250000e-01 1.294996e+00
      vertex   7.058182e-02 -3.250000e-01 2.864356e+00
      vertex   -1.128209e-01 -3.250000e-01 2.864356e+00
    endloop
  endfacet
  facet normal -2.891761e-16 -1.000000e+00 -2.178889e-16
    outer loop
      vertex   -8.211516e-02 -3.250000e-01 1.294996e+00
      vertex   -1.128209e-01 -3.250000e-01 2.864356e+00
      vertex   -2.958389e-01 -3.250000e-01 2.852485e+00
    endloop
  endfacet
  facet normal 1.705324e-17 -1.000000e+00 -1.758671e-16
    outer loop
      vertex   -8.211516e-02 -3.250000e-01 1.294996e+00
      vertex   -2.958389e-01 -3.250000e-01 2.852485e+00
      vertex   -2.035369e-01 -3.250000e-01 1.283222e+00
    endloop
  endfacet
  facet normal 2.286739e-17 -1.000000e+00 -1.755251e-16
    outer loop
      vertex   -2.035369e-01 -3.250000e-01 1.283222e+00
      vertex   -2.958389e-01 -3.250000e-01 2.852485e+00
      vertex   -4.777047e-01 -3.250000e-01 2.828791e+00
    endloop
  endfacet
  facet normal -8.622584e-16 -1.000000e+00 -3.325372e-16
    outer loop
      vertex   -2.035369e-01 -3.250000e-01 1.283222e+00
      vertex   -4.777047e-01 -3.250000e-01 2.828791e+00
      vertex   -3.232555e-01 -3.250000e-01 1.259784e+00
    endloop
  endfacet
  facet normal 4.781507e-17 -1.000000e+00 -2.429518e-16
    outer loop
      vertex   -3.232555e-01 -3.250000e-01 1.259784e+00
      vertex   -4.777047e-01 -3.250000e-01 2.828791e+00
      vertex   -6.576554e-01 -3.250000e-01 2.793375e+00
    endloop
  endfacet
  facet normal -2.325264e-16 -1.000000e+00 -3.040803e-16
    outer loop
      vertex   -3.232555e-01 -3.250000e-01 1.259784e+00
      vertex   -6.576554e-01 -3.250000e-01 2.793375e+00
      vertex   -8.349363e-01 -3.250000e-01 2.746385e+00
    endloop
  endfacet
  facet normal 6.062928e-17 -1.000000e+00 -2.031776e-16
    outer loop
      vertex   -3.232555e-01 -3.250000e-01 1.259784e+00
      vertex   -8.349363e-01 -3.250000e-01 2.746385e+00
      vertex   -4.401532e-01 -3.250000e-01 1.224901e+00
    endloop
  endfacet
  facet normal 6.759885e-17 -1.000000e+00 -2.013692e-16
    outer loop
      vertex   -4.401532e-01 -3.250000e-01 1.224901e+00
      vertex   -8.349363e-01 -3.250000e-01 2.746385e+00
      vertex   -1.008804e+00 -3.250000e-01 2.688019e+00
    endloop
  endfacet
  facet normal 8.002218e-17 -1.000000e+00 -1.965408e-16
    outer loop
      vertex   -4.401532e-01 -3.250000e-01 1.224901e+00
      vertex   -1.008804e+00 -3.250000e-01 2.688019e+00
      vertex   -5.531384e-01 -3.250000e-01 1.178899e+00
    endloop
  endfacet
  facet normal -5.017259e-16 -1.000000e+00 -3.721944e-16
    outer loop
      vertex   -5.531384e-01 -3.250000e-01 1.178899e+00
      vertex   -1.008804e+00 -3.250000e-01 2.688019e+00
      vertex   -1.178528e+00 -3.250000e-01 2.618520e+00
    endloop
  endfacet
  facet normal -2.158466e-16 -1.000000e+00 -2.480048e-16
    outer loop
      vertex   -5.531384e-01 -3.250000e-01 1.178899e+00
      vertex   -1.178528e+00 -3.250000e-01 2.618520e+00
      vertex   -1.343399e+00 -3.250000e-01 2.538181e+00
    endloop
  endfacet
  facet normal 1.232033e-16 -1.000000e+00 -2.160797e-16
    outer loop
      vertex   -1.502723e+00 -3.250000e-01 2.447338e+00
      vertex   -1.283251e+00 -3.250000e-01 3.463344e-03
      vertex   -1.343399e+00 -3.250000e-01 2.538181e+00
    endloop
  endfacet
  facet normal 4.572058e-15 -1.000000e+00 -1.105103e-16
    outer loop
      vertex   -1.343399e+00 -3.250000e-01 2.538181e+00
      vertex   -1.283251e+00 -3.250000e-01 3.463344e-03
      vertex   -1.280303e+00 -3.250000e-01 1.254190e-01
    endloop
  endfacet
  facet normal -1.547109e-15 -1.000000e+00 -2.705311e-16
    outer loop
      vertex   -1.343399e+00 -3.250000e-01 2.538181e+00
      vertex   -1.280303e+00 -3.250000e-01 1.254190e-01
      vertex   -1.265599e+00 -3.250000e-01 2.465208e-01
    endloop
  endfacet
  facet normal -2.008765e-16 -1.000000e+00 -2.451837e-16
    outer loop
      vertex   -1.502723e+00 -3.250000e-01 2.447338e+00
      vertex   -1.655832e+00 -3.250000e-01 2.346373e+00
      vertex   -1.283251e+00 -3.250000e-01 3.463344e-03
    endloop
  endfacet
  facet normal 1.440203e-16 -1.000000e+00 -1.903364e-16
    outer loop
      vertex   -1.283251e+00 -3.250000e-01 3.463344e-03
      vertex   -1.655832e+00 -3.250000e-01 2.346373e+00
      vertex   -1.802086e+00 -3.250000e-01 2.235709e+00
    endloop
  endfacet
  facet normal -1.720750e-16 -1.000000e+00 -2.638056e-16
    outer loop
      vertex   -1.283251e+00 -3.250000e-01 3.463344e-03
      vertex   -1.802086e+00 -3.250000e-01 2.235709e+00
      vertex   -1.940869e+00 -3.250000e-01 2.115810e+00
    endloop
  endfacet
  facet normal -1.666997e-16 -1.000000e+00 -2.621321e-16
    outer loop
      vertex   -1.940869e+00 -3.250000e-01 2.115810e+00
      vertex   -2.071600e+00 -3.250000e-01 1.987179e+00
      vertex   -1.283251e+00 -3.250000e-01 3.463344e-03
    endloop
  endfacet
  facet normal 1.518451e-16 -1.000000e+00 -1.355392e-16
    outer loop
      vertex   -1.283251e+00 -3.250000e-01 3.463344e-03
      vertex   -2.071600e+00 -3.250000e-01 1.987179e+00
      vertex   -2.193730e+00 -3.250000e-01 1.850356e+00
    endloop
  endfacet
  facet normal -4.376843e-16 -1.000000e+00 -4.261649e-16
    outer loop
      vertex   -1.283251e+00 -3.250000e-01 3.463344e-03
      vertex   -2.193730e+00 -3.250000e-01 1.850356e+00
      vertex   -2.306748e+00 -3.250000e-01 1.705914e+00
    endloop
  endfacet
  facet normal -4.438925e-16 -1.000000e+00 -4.298972e-16
    outer loop
      vertex   -2.306748e+00 -3.250000e-01 1.705914e+00
      vertex   -2.410180e+00 -3.250000e-01 1.554459e+00
      vertex   -1.283251e+00 -3.250000e-01 3.463344e-03
    endloop
  endfacet
  facet normal 8.143990e-17 -1.000000e+00 -4.819903e-17
    outer loop
      vertex   -1.283251e+00 -3.250000e-01 3.463344e-03
      vertex   -2.410180e+00 -3.250000e-01 1.554459e+00
      vertex   -2.503590e+00 -3.250000e-01 1.396627e+00
    endloop
  endfacet
  facet normal -4.042844e-16 -1.000000e+00 -4.736686e-16
    outer loop
      vertex   -1.283251e+00 -3.250000e-01 3.463344e-03
      vertex   -2.503590e+00 -3.250000e-01 1.396627e+00
      vertex   -2.586589e+00 -3.250000e-01 1.233079e+00
    endloop
  endfacet
  facet normal 3.032987e-17 -1.000000e+00 -1.299681e-17
    outer loop
      vertex   -2.586589e+00 -3.250000e-01 1.233079e+00
      vertex   -2.658827e+00 -3.250000e-01 1.064502e+00
      vertex   -1.283251e+00 -3.250000e-01 3.463344e-03
    endloop
  endfacet
  facet normal -1.628488e-16 -1.000000e+00 -2.634419e-16
    outer loop
      vertex   -1.283251e+00 -3.250000e-01 3.463344e-03
      vertex   -2.658827e+00 -3.250000e-01 1.064502e+00
      vertex   -2.720001e+00 -3.250000e-01 8.916025e-01
    endloop
  endfacet
  facet normal -1.655199e-16 -1.000000e+00 -2.677629e-16
    outer loop
      vertex   -1.283251e+00 -3.250000e-01 3.463344e-03
      vertex   -2.720001e+00 -3.250000e-01 8.916025e-01
      vertex   -2.769855e+00 -3.250000e-01 7.151058e-01
    endloop
  endfacet
  facet normal -3.387570e-17 -1.000000e+00 7.238734e-18
    outer loop
      vertex   -2.769855e+00 -3.250000e-01 7.151058e-01
      vertex   -2.808181e+00 -3.250000e-01 5.357521e-01
      vertex   -1.283251e+00 -3.250000e-01 3.463344e-03
    endloop
  endfacet
  facet normal -1.362064e-16 -1.000000e+00 -2.859239e-16
    outer loop
      vertex   -1.283251e+00 -3.250000e-01 3.463344e-03
      vertex   -2.808181e+00 -3.250000e-01 5.357521e-01
      vertex   -2.834816e+00 -3.250000e-01 3.542939e-01
    endloop
  endfacet
  facet normal -1.376923e-16 -1.000000e+00 -2.924952e-16
    outer loop
      vertex   -1.283251e+00 -3.250000e-01 3.463344e-03
      vertex   -2.834816e+00 -3.250000e-01 3.542939e-01
      vertex   -2.849650e+00 -3.250000e-01 1.714920e-01
    endloop
  endfacet
  facet normal -1.061318e-16 -1.000000e+00 1.718824e-18
    outer loop
      vertex   -2.849650e+00 -3.250000e-01 1.714920e-01
      vertex   -2.852619e+00 -3.250000e-01 -1.188661e-02
      vertex   -1.283251e+00 -3.250000e-01 3.463344e-03
    endloop
  endfacet
  facet normal -1.001394e-16 -1.000000e+00 -6.109310e-16
    outer loop
      vertex   -1.283251e+00 -3.250000e-01 3.463344e-03
      vertex   -2.852619e+00 -3.250000e-01 -1.188661e-02
      vertex   -2.843713e+00 -3.250000e-01 -1.950729e-01
    endloop
  endfacet
  facet normal -1.187236e-16 -1.000000e+00 -4.648628e-16
    outer loop
      vertex   -1.283251e+00 -3.250000e-01 3.463344e-03
      vertex   -2.843713e+00 -3.250000e-01 -1.950729e-01
      vertex   -1.274414e+00 -3.250000e-01 -1.182075e-01
    endloop
  endfacet
  facet normal -1.407083e-16 -1.000000e+00 -1.601886e-17
    outer loop
      vertex   -1.274414e+00 -3.250000e-01 -1.182075e-01
      vertex   -2.843713e+00 -3.250000e-01 -1.950729e-01
      vertex   -2.822968e+00 -3.250000e-01 -3.772985e-01
    endloop
  endfacet
  facet normal -1.394048e-16 -1.000000e+00 -2.380964e-17
    outer loop
      vertex   -1.274414e+00 -3.250000e-01 -1.182075e-01
      vertex   -2.822968e+00 -3.250000e-01 -3.772985e-01
      vertex   -1.253876e+00 -3.250000e-01 -2.384575e-01
    endloop
  endfacet
  facet normal -1.125066e-16 -1.000000e+00 -3.277956e-16
    outer loop
      vertex   -1.253876e+00 -3.250000e-01 -2.384575e-01
      vertex   -2.822968e+00 -3.250000e-01 -3.772985e-01
      vertex   -2.790470e+00 -3.250000e-01 -5.577992e-01
    endloop
  endfacet
  facet normal -1.101524e-16 -1.000000e+00 -3.391236e-16
    outer loop
      vertex   -1.253876e+00 -3.250000e-01 -2.384575e-01
      vertex   -2.790470e+00 -3.250000e-01 -5.577992e-01
      vertex   -2.746357e+00 -3.250000e-01 -7.358177e-01
    endloop
  endfacet
  facet normal -2.045994e-16 -1.000000e+00 -5.570643e-17
    outer loop
      vertex   -1.253876e+00 -3.250000e-01 -2.384575e-01
      vertex   -2.746357e+00 -3.250000e-01 -7.358177e-01
      vertex   -1.221828e+00 -3.250000e-01 -3.561639e-01
    endloop
  endfacet
  facet normal -2.024510e-16 -1.000000e+00 -6.433352e-17
    outer loop
      vertex   -1.221828e+00 -3.250000e-01 -3.561639e-01
      vertex   -2.746357e+00 -3.250000e-01 -7.358177e-01
      vertex   -2.690814e+00 -3.250000e-01 -9.106075e-01
    endloop
  endfacet
  facet normal -3.765787e-17 -1.000000e+00 -5.009492e-16
    outer loop
      vertex   -1.221828e+00 -3.250000e-01 -3.561639e-01
      vertex   -2.690814e+00 -3.250000e-01 -9.106075e-01
      vertex   -1.178570e+00 -3.250000e-01 -4.702277e-01
    endloop
  endfacet
  facet normal 5.135843e-18 -1.000000e+00 -6.479008e-16
    outer loop
      vertex   -1.178570e+00 -3.250000e-01 -4.702277e-01
      vertex   -2.690814e+00 -3.250000e-01 -9.106075e-01
      vertex   -2.624073e+00 -3.250000e-01 -1.081435e+00
    endloop
  endfacet
  facet normal -1.065002e-16 -1.000000e+00 -3.838822e-16
    outer loop
      vertex   -1.178570e+00 -3.250000e-01 -4.702277e-01
      vertex   -2.624073e+00 -3.250000e-01 -1.081435e+00
      vertex   -2.546414e+00 -3.250000e-01 -1.247585e+00
    endloop
  endfacet
  facet normal -2.534513e-16 -1.000000e+00 -1.253058e-16
    outer loop
      vertex   -1.178570e+00 -3.250000e-01 -4.702277e-01
      vertex   -2.546414e+00 -3.250000e-01 -1.247585e+00
      vertex   -1.124504e+00 -3.250000e-01 -5.795840e-01
    endloop
  endfacet
  facet normal -2.482911e-16 -1.000000e+00 -1.362898e-16
    outer loop
      vertex   -1.124504e+00 -3.250000e-01 -5.795840e-01
      vertex   -2.546414e+00 -3.250000e-01 -1.247585e+00
      vertex   -2.458163e+00 -3.250000e-01 -1.408359e+00
    endloop
  endfacet
  facet normal -7.141156e-20 -1.000000e+00 -5.357231e-16
    outer loop
      vertex   -1.124504e+00 -3.250000e-01 -5.795840e-01
      vertex   -2.458163e+00 -3.250000e-01 -1.408359e+00
      vertex   -1.060137e+00 -3.250000e-01 -6.832117e-01
    endloop
  endfacet
  facet normal -6.905697e-17 -1.000000e+00 -4.027245e-16
    outer loop
      vertex   -1.060137e+00 -3.250000e-01 -6.832117e-01
      vertex   -2.458163e+00 -3.250000e-01 -1.408359e+00
      vertex   -2.359690e+00 -3.250000e-01 -1.563084e+00
    endloop
  endfacet
  facet normal -3.983412e-16 -1.000000e+00 8.362193e-17
    outer loop
      vertex   -1.060137e+00 -3.250000e-01 -6.832117e-01
      vertex   -2.359690e+00 -3.250000e-01 -1.563084e+00
      vertex   -2.251409e+00 -3.250000e-01 -1.711110e+00
    endloop
  endfacet
  facet normal -1.965769e-16 -1.000000e+00 -1.502108e-16
    outer loop
      vertex   -1.060137e+00 -3.250000e-01 -6.832117e-01
      vertex   -2.251409e+00 -3.250000e-01 -1.711110e+00
      vertex   -9.860681e-01 -3.250000e-01 -7.801432e-01
    endloop
  endfacet
  facet normal -1.042036e-17 -1.000000e+00 -4.032291e-16
    outer loop
      vertex   -9.860681e-01 -3.250000e-01 -7.801432e-01
      vertex   -2.251409e+00 -3.250000e-01 -1.711110e+00
      vertex   -2.133773e+00 -3.250000e-01 -1.851816e+00
    endloop
  endfacet
  facet normal -2.070955e-16 -1.000000e+00 -1.926005e-16
    outer loop
      vertex   -9.860681e-01 -3.250000e-01 -7.801432e-01
      vertex   -2.133773e+00 -3.250000e-01 -1.851816e+00
      vertex   -9.029901e-01 -3.250000e-01 -8.694736e-01
    endloop
  endfacet
  facet normal -2.049777e-16 -1.000000e+00 -1.952539e-16
    outer loop
      vertex   -9.029901e-01 -3.250000e-01 -8.694736e-01
      vertex   -2.133773e+00 -3.250000e-01 -1.851816e+00
      vertex   -2.007276e+00 -3.250000e-01 -1.984613e+00
    endloop
  endfacet
  facet normal 2.325398e-17 -1.000000e+00 -4.212642e-16
    outer loop
      vertex   -9.029901e-01 -3.250000e-01 -8.694736e-01
      vertex   -2.007276e+00 -3.250000e-01 -1.984613e+00
      vertex   -1.872448e+00 -3.250000e-01 -2.108943e+00
    endloop
  endfacet
  facet normal 5.072659e-16 -1.000000e+00 -7.998368e-16
    outer loop
      vertex   -9.029901e-01 -3.250000e-01 -8.694736e-01
      vertex   -1.872448e+00 -3.250000e-01 -2.108943e+00
      vertex   -8.116783e-01 -3.250000e-01 -9.503688e-01
    endloop
  endfacet
  facet normal -3.795199e-16 -1.000000e+00 1.208829e-17
    outer loop
      vertex   -8.116783e-01 -3.250000e-01 -9.503688e-01
      vertex   -1.872448e+00 -3.250000e-01 -2.108943e+00
      vertex   -1.729855e+00 -3.250000e-01 -2.224285e+00
    endloop
  endfacet
  facet normal -8.629773e-16 -1.000000e+00 3.605408e-16
    outer loop
      vertex   -8.116783e-01 -3.250000e-01 -9.503688e-01
      vertex   -1.729855e+00 -3.250000e-01 -2.224285e+00
      vertex   -7.129853e-01 -3.250000e-01 -1.022073e+00
    endloop
  endfacet
  facet normal 6.854498e-17 -1.000000e+00 -4.273711e-16
    outer loop
      vertex   -7.129853e-01 -3.250000e-01 -1.022073e+00
      vertex   -1.729855e+00 -3.250000e-01 -2.224285e+00
      vertex   -1.580095e+00 -3.250000e-01 -2.330155e+00
    endloop
  endfacet
  facet normal -1.666539e-16 -1.000000e+00 -2.714609e-16
    outer loop
      vertex   -7.129853e-01 -3.250000e-01 -1.022073e+00
      vertex   -1.580095e+00 -3.250000e-01 -2.330155e+00
      vertex   -1.423796e+00 -3.250000e-01 -2.426110e+00
    endloop
  endfacet
  facet normal -1.612626e-16 -1.000000e+00 -2.741903e-16
    outer loop
      vertex   -7.129853e-01 -3.250000e-01 -1.022073e+00
      vertex   -1.423796e+00 -3.250000e-01 -2.426110e+00
      vertex   -6.078325e-01 -3.250000e-01 -1.083918e+00
    endloop
  endfacet
  facet normal -4.078878e-16 -1.000000e+00 -1.242585e-16
    outer loop
      vertex   -6.078325e-01 -3.250000e-01 -1.083918e+00
      vertex   -1.423796e+00 -3.250000e-01 -2.426110e+00
      vertex   -1.261614e+00 -3.250000e-01 -2.511745e+00
    endloop
  endfacet
  facet normal -1.191696e-16 -1.000000e+00 -2.564584e-16
    outer loop
      vertex   -6.078325e-01 -3.250000e-01 -1.083918e+00
      vertex   -1.261614e+00 -3.250000e-01 -2.511745e+00
      vertex   -4.972018e-01 -3.250000e-01 -1.135325e+00
    endloop
  endfacet
  facet normal -1.157077e-16 -1.000000e+00 -2.583810e-16
    outer loop
      vertex   -4.972018e-01 -3.250000e-01 -1.135325e+00
      vertex   -1.261614e+00 -3.250000e-01 -2.511745e+00
      vertex   -1.094229e+00 -3.250000e-01 -2.586704e+00
    endloop
  endfacet
  facet normal 1.813277e-16 -1.000000e+00 -3.805671e-16
    outer loop
      vertex   -4.972018e-01 -3.250000e-01 -1.135325e+00
      vertex   -1.094229e+00 -3.250000e-01 -2.586704e+00
      vertex   -9.223427e-01 -3.250000e-01 -2.650670e+00
    endloop
  endfacet
  facet normal -1.055817e-16 -1.000000e+00 -3.000726e-16
    outer loop
      vertex   -4.972018e-01 -3.250000e-01 -1.135325e+00
      vertex   -9.223427e-01 -3.250000e-01 -2.650670e+00
      vertex   -3.821259e-01 -3.250000e-01 -1.175815e+00
    endloop
  endfacet
  facet normal -3.762856e-16 -1.000000e+00 -2.009178e-16
    outer loop
      vertex   -3.821259e-01 -3.250000e-01 -1.175815e+00
      vertex   -9.223427e-01 -3.250000e-01 -2.650670e+00
      vertex   -7.466764e-01 -3.250000e-01 -2.703376e+00
    endloop
  endfacet
  facet normal -5.102993e-16 -1.000000e+00 -1.689356e-16
    outer loop
      vertex   -3.821259e-01 -3.250000e-01 -1.175815e+00
      vertex   -7.466764e-01 -3.250000e-01 -2.703376e+00
      vertex   -2.636795e-01 -3.250000e-01 -1.205010e+00
    endloop
  endfacet
  facet normal -7.159173e-17 -1.000000e+00 -3.103526e-16
    outer loop
      vertex   -2.636795e-01 -3.250000e-01 -1.205010e+00
      vertex   -7.466764e-01 -3.250000e-01 -2.703376e+00
      vertex   -5.679669e-01 -3.250000e-01 -2.744600e+00
    endloop
  endfacet
  facet normal -5.135519e-17 -1.000000e+00 -3.143522e-16
    outer loop
      vertex   -2.636795e-01 -3.250000e-01 -1.205010e+00
      vertex   -5.679669e-01 -3.250000e-01 -2.744600e+00
      vertex   -3.869637e-01 -3.250000e-01 -2.774170e+00
    endloop
  endfacet
  facet normal 4.086877e-16 -1.000000e+00 -3.504964e-16
    outer loop
      vertex   -2.636795e-01 -3.250000e-01 -1.205010e+00
      vertex   -3.869637e-01 -3.250000e-01 -2.774170e+00
      vertex   -1.429683e-01 -3.250000e-01 -1.222636e+00
    endloop
  endfacet
  facet normal -3.269940e-16 -1.000000e+00 -2.348025e-16
    outer loop
      vertex   -1.429683e-01 -3.250000e-01 -1.222636e+00
      vertex   -3.869637e-01 -3.250000e-01 -2.774170e+00
      vertex   -2.044260e-01 -3.250000e-01 -2.791962e+00
    endloop
  endfacet
  facet normal -2.740230e-15 -1.000000e+00 -1.402958e-16
    outer loop
      vertex   -1.429683e-01 -3.250000e-01 -1.222636e+00
      vertex   -2.044260e-01 -3.250000e-01 -2.791962e+00
      vertex   -2.111952e-02 -3.250000e-01 -1.228530e+00
    endloop
  endfacet
  facet normal 8.551358e-16 -1.000000e+00 -1.889769e-16
    outer loop
      vertex   -1.265599e+00 -3.250000e-01 2.465208e-01
      vertex   -1.239275e+00 -3.250000e-01 3.656381e-01
      vertex   -1.343399e+00 -3.250000e-01 2.538181e+00
    endloop
  endfacet
  facet normal -1.949749e-15 -1.000000e+00 -3.234070e-16
    outer loop
      vertex   -1.343399e+00 -3.250000e-01 2.538181e+00
      vertex   -1.239275e+00 -3.250000e-01 3.656381e-01
      vertex   -1.201578e+00 -3.250000e-01 4.816587e-01
    endloop
  endfacet
  facet normal 3.744737e-16 -1.000000e+00 -1.631248e-16
    outer loop
      vertex   -1.343399e+00 -3.250000e-01 2.538181e+00
      vertex   -1.201578e+00 -3.250000e-01 4.816587e-01
      vertex   -1.152859e+00 -3.250000e-01 5.934994e-01
    endloop
  endfacet
  facet normal 3.055074e-16 -1.000000e+00 -1.698821e-16
    outer loop
      vertex   -1.152859e+00 -3.250000e-01 5.934994e-01
      vertex   -1.093573e+00 -3.250000e-01 7.001159e-01
      vertex   -1.343399e+00 -3.250000e-01 2.538181e+00
    endloop
  endfacet
  facet normal -4.133677e-16 -1.000000e+00 -2.675901e-16
    outer loop
      vertex   -1.343399e+00 -3.250000e-01 2.538181e+00
      vertex   -1.093573e+00 -3.250000e-01 7.001159e-01
      vertex   -1.024274e+00 -3.250000e-01 8.005127e-01
    endloop
  endfacet
  facet normal 1.865743e-16 -1.000000e+00 -1.574100e-16
    outer loop
      vertex   -1.343399e+00 -3.250000e-01 2.538181e+00
      vertex   -1.024274e+00 -3.250000e-01 8.005127e-01
      vertex   -9.456087e-01 -3.250000e-01 8.937526e-01
    endloop
  endfacet
  facet normal 1.599403e-16 -1.000000e+00 -1.638528e-16
    outer loop
      vertex   -9.456087e-01 -3.250000e-01 8.937526e-01
      vertex   -8.583119e-01 -3.250000e-01 9.789649e-01
      vertex   -1.343399e+00 -3.250000e-01 2.538181e+00
    endloop
  endfacet
  facet normal -1.263604e-15 -1.000000e+00 -6.067309e-16
    outer loop
      vertex   -1.343399e+00 -3.250000e-01 2.538181e+00
      vertex   -8.583119e-01 -3.250000e-01 9.789649e-01
      vertex   -7.631984e-01 -3.250000e-01 1.055354e+00
    endloop
  endfacet
  facet normal 5.856546e-17 -1.000000e+00 -8.939260e-17
    outer loop
      vertex   -1.343399e+00 -3.250000e-01 2.538181e+00
      vertex   -7.631984e-01 -3.250000e-01 1.055354e+00
      vertex   -6.611563e-01 -3.250000e-01 1.122207e+00
    endloop
  endfacet
  facet normal 4.926798e-17 -1.000000e+00 -9.387229e-17
    outer loop
      vertex   -6.611563e-01 -3.250000e-01 1.122207e+00
      vertex   -5.531384e-01 -3.250000e-01 1.178899e+00
      vertex   -1.343399e+00 -3.250000e-01 2.538181e+00
    endloop
  endfacet
  facet normal 2.731676e-15 1.000000e+00 -8.205917e-16
    outer loop
      vertex   -3.803307e+00 1.200000e+00 -8.814125e+00
      vertex   -2.103957e+00 1.200000e+00 -3.427733e+00
      vertex   -3.479941e+00 1.200000e+00 -8.820032e+00
    endloop
  endfacet
  facet normal -6.103740e-17 1.000000e+00 -1.079590e-16
    outer loop
      vertex   -3.479941e+00 1.200000e+00 -8.820032e+00
      vertex   -2.103957e+00 1.200000e+00 -3.427733e+00
      vertex   -1.913490e+00 1.200000e+00 -3.535419e+00
    endloop
  endfacet
  facet normal -2.759304e-15 1.000000e+00 6.918541e-16
    outer loop
      vertex   -3.479941e+00 1.200000e+00 -8.820032e+00
      vertex   -1.913490e+00 1.200000e+00 -3.535419e+00
      vertex   -3.156575e+00 1.200000e+00 -8.814125e+00
    endloop
  endfacet
  facet normal -2.337419e-18 1.000000e+00 4.261465e-17
    outer loop
      vertex   -3.156575e+00 1.200000e+00 -8.814125e+00
      vertex   -1.913490e+00 1.200000e+00 -3.535419e+00
      vertex   -2.833640e+00 1.200000e+00 -8.796412e+00
    endloop
  endfacet
  facet normal 1.926138e-17 1.000000e+00 3.883701e-17
    outer loop
      vertex   -2.833640e+00 1.200000e+00 -8.796412e+00
      vertex   -1.913490e+00 1.200000e+00 -3.535419e+00
      vertex   -1.717471e+00 1.200000e+00 -3.632635e+00
    endloop
  endfacet
  facet normal -4.017512e-18 1.000000e+00 4.386882e-17
    outer loop
      vertex   -2.833640e+00 1.200000e+00 -8.796412e+00
      vertex   -1.717471e+00 1.200000e+00 -3.632635e+00
      vertex   -2.511568e+00 1.200000e+00 -8.766916e+00
    endloop
  endfacet
  facet normal -5.672543e-18 1.000000e+00 4.412480e-17
    outer loop
      vertex   -2.511568e+00 1.200000e+00 -8.766916e+00
      vertex   -1.717471e+00 1.200000e+00 -3.632635e+00
      vertex   -2.190788e+00 1.200000e+00 -8.725678e+00
    endloop
  endfacet
  facet normal 1.803341e-17 1.000000e+00 4.192171e-17
    outer loop
      vertex   -2.190788e+00 1.200000e+00 -8.725678e+00
      vertex   -1.717471e+00 1.200000e+00 -3.632635e+00
      vertex   -1.516478e+00 1.200000e+00 -3.719096e+00
    endloop
  endfacet
  facet normal 7.043124e-16 1.000000e+00 -5.050960e-17
    outer loop
      vertex   -2.190788e+00 1.200000e+00 -8.725678e+00
      vertex   -1.516478e+00 1.200000e+00 -3.719096e+00
      vertex   -1.871728e+00 1.200000e+00 -8.672751e+00
    endloop
  endfacet
  facet normal 0.000000e+00 1.000000e+00 0.000000e+00
    outer loop
      vertex   -1.871728e+00 1.200000e+00 -8.672751e+00
      vertex   -1.516478e+00 1.200000e+00 -3.719096e+00
      vertex   -1.311098e+00 1.200000e+00 -3.794549e+00
    endloop
  endfacet
  facet normal 0.000000e+00 1.000000e+00 0.000000e+00
    outer loop
      vertex   -1.871728e+00 1.200000e+00 -8.672751e+00
      vertex   -1.311098e+00 1.200000e+00 -3.794549e+00
      vertex   -1.554814e+00 1.200000e+00 -8.608207e+00
    endloop
  endfacet
  facet normal 0.000000e+00 1.000000e+00 0.000000e+00
    outer loop
      vertex   -1.554814e+00 1.200000e+00 -8.608207e+00
      vertex   -1.311098e+00 1.200000e+00 -3.794549e+00
      vertex   -1.240468e+00 1.200000e+00 -8.532132e+00
    endloop
  endfacet
  facet normal 0.000000e+00 1.000000e+00 -0.000000e+00
    outer loop
      vertex   -1.240468e+00 1.200000e+00 -8.532132e+00
      vertex   -1.311098e+00 1.200000e+00 -3.794549e+00
      vertex   -1.101934e+00 1.200000e+00 -3.858772e+00
    endloop
  endfacet
  facet normal 0.000000e+00 1.000000e+00 0.000000e+00
    outer loop
      vertex   -1.240468e+00 1.200000e+00 -8.532132e+00
      vertex   -1.101934e+00 1.200000e+00 -3.858772e+00
      vertex   -9.291110e-01 1.200000e+00 -8.444627e+00
    endloop
  endfacet
  facet normal 0.000000e+00 1.000000e+00 -0.000000e+00
    outer loop
      vertex   -9.291110e-01 1.200000e+00 -8.444627e+00
      vertex   -1.101934e+00 1.200000e+00 -3.858772e+00
      vertex   -8.896001e-01 1.200000e+00 -3.911577e+00
    endloop
  endfacet
  facet normal 0.000000e+00 1.000000e+00 0.000000e+00
    outer loop
      vertex   -9.291110e-01 1.200000e+00 -8.444627e+00
      vertex   -8.896001e-01 1.200000e+00 -3.911577e+00
      vertex   -6.211573e-01 1.200000e+00 -8.345809e+00
    endloop
  endfacet
  facet normal 0.000000e+00 1.000000e+00 -0.000000e+00
    outer loop
      vertex   -6.211573e-01 1.200000e+00 -8.345809e+00
      vertex   -8.896001e-01 1.200000e+00 -3.911577e+00
      vertex   -3.170180e-01 1.200000e+00 -8.235810e+00
    endloop
  endfacet
  facet normal 0.000000e+00 1.000000e+00 0.000000e+00
    outer loop
      vertex   -3.170180e-01 1.200000e+00 -8.235810e+00
      vertex   -8.896001e-01 1.200000e+00 -3.911577e+00
      vertex   -6.747188e-01 1.200000e+00 -3.952809e+00
    endloop
  endfacet
  facet normal 7.162100e-16 1.000000e+00 5.981527e-17
    outer loop
      vertex   -3.170180e-01 1.200000e+00 -8.235810e+00
      vertex   -6.747188e-01 1.200000e+00 -3.952809e+00
      vertex   -1.709908e-02 1.200000e+00 -8.114777e+00
    endloop
  endfacet
  facet normal 1.039304e-15 1.000000e+00 1.108663e-16
    outer loop
      vertex   -1.709908e-02 1.200000e+00 -8.114777e+00
      vertex   -6.747188e-01 1.200000e+00 -3.952809e+00
      vertex   -4.579204e-01 1.200000e+00 -3.982347e+00
    endloop
  endfacet
  facet normal 7.177329e-16 1.000000e+00 7.656318e-17
    outer loop
      vertex   -1.709908e-02 1.200000e+00 -8.114777e+00
      vertex   -4.579204e-01 1.200000e+00 -3.982347e+00
      vertex   2.781994e-01 1.200000e+00 -7.982870e+00
    endloop
  endfacet
  facet normal -4.588281e-18 1.000000e+00 -5.634817e-17
    outer loop
      vertex   2.781994e-01 1.200000e+00 -7.982870e+00
      vertex   -4.579204e-01 1.200000e+00 -3.982347e+00
      vertex   -2.398407e-01 1.200000e+00 -4.000105e+00
    endloop
  endfacet
  facet normal 2.574318e-17 1.000000e+00 -5.240294e-17
    outer loop
      vertex   2.781994e-01 1.200000e+00 -7.982870e+00
      vertex   -2.398407e-01 1.200000e+00 -4.000105e+00
      vertex   5.684834e-01 1.200000e+00 -7.840267e+00
    endloop
  endfacet
  facet normal 2.791794e-17 1.000000e+00 -5.194517e-17
    outer loop
      vertex   5.684834e-01 1.200000e+00 -7.840267e+00
      vertex   -2.398407e-01 1.200000e+00 -4.000105e+00
      vertex   8.533655e-01 1.200000e+00 -7.687157e+00
    endloop
  endfacet
  facet normal -1.644604e-18 1.000000e+00 -6.071043e-17
    outer loop
      vertex   8.533655e-01 1.200000e+00 -7.687157e+00
      vertex   -2.398407e-01 1.200000e+00 -4.000105e+00
      vertex   -2.111952e-02 1.200000e+00 -4.006030e+00
    endloop
  endfacet
  facet normal 3.100458e-17 1.000000e+00 -5.295432e-17
    outer loop
      vertex   8.533655e-01 1.200000e+00 -7.687157e+00
      vertex   -2.111952e-02 1.200000e+00 -4.006030e+00
      vertex   1.132466e+00 1.200000e+00 -7.523745e+00
    endloop
  endfacet
  facet normal 1.694871e-18 1.000000e+00 -6.256603e-17
    outer loop
      vertex   1.132466e+00 1.200000e+00 -7.523745e+00
      vertex   -2.111952e-02 1.200000e+00 -4.006030e+00
      vertex   1.976017e-01 1.200000e+00 -4.000105e+00
    endloop
  endfacet
  facet normal 3.427526e-17 1.000000e+00 -5.392206e-17
    outer loop
      vertex   1.132466e+00 1.200000e+00 -7.523745e+00
      vertex   1.976017e-01 1.200000e+00 -4.000105e+00
      vertex   1.405412e+00 1.200000e+00 -7.350248e+00
    endloop
  endfacet
  facet normal 5.243017e-18 1.000000e+00 -6.438890e-17
    outer loop
      vertex   1.405412e+00 1.200000e+00 -7.350248e+00
      vertex   1.976017e-01 1.200000e+00 -4.000105e+00
      vertex   4.156813e-01 1.200000e+00 -3.982347e+00
    endloop
  endfacet
  facet normal 3.773913e-17 1.000000e+00 -5.483922e-17
    outer loop
      vertex   1.405412e+00 1.200000e+00 -7.350248e+00
      vertex   4.156813e-01 1.200000e+00 -3.982347e+00
      vertex   1.671839e+00 1.200000e+00 -7.166899e+00
    endloop
  endfacet
  facet normal 9.809774e-16 1.000000e+00 3.172245e-16
    outer loop
      vertex   1.671839e+00 1.200000e+00 -7.166899e+00
      vertex   4.156813e-01 1.200000e+00 -3.982347e+00
      vertex   6.324797e-01 1.200000e+00 -3.952809e+00
    endloop
  endfacet
  facet normal 0.000000e+00 1.000000e+00 -0.000000e+00
    outer loop
      vertex   1.671839e+00 1.200000e+00 -7.166899e+00
      vertex   6.324797e-01 1.200000e+00 -3.952809e+00
      vertex   1.931392e+00 1.200000e+00 -6.973941e+00
    endloop
  endfacet
  facet normal 1.308786e-15 1.000000e+00 5.627026e-16
    outer loop
      vertex   1.931392e+00 1.200000e+00 -6.973941e+00
      vertex   6.324797e-01 1.200000e+00 -3.952809e+00
      vertex   2.183725e+00 1.200000e+00 -6.771633e+00
    endloop
  endfacet
  facet normal 2.734277e-17 1.000000e+00 -1.424970e-16
    outer loop
      vertex   2.183725e+00 1.200000e+00 -6.771633e+00
      vertex   6.324797e-01 1.200000e+00 -3.952809e+00
      vertex   8.473611e-01 1.200000e+00 -3.911577e+00
    endloop
  endfacet
  facet normal 9.554127e-17 1.000000e+00 -1.106312e-16
    outer loop
      vertex   2.183725e+00 1.200000e+00 -6.771633e+00
      vertex   8.473611e-01 1.200000e+00 -3.911577e+00
      vertex   2.428501e+00 1.200000e+00 -6.560244e+00
    endloop
  endfacet
  facet normal 3.630652e-17 1.000000e+00 -1.459917e-16
    outer loop
      vertex   2.428501e+00 1.200000e+00 -6.560244e+00
      vertex   8.473611e-01 1.200000e+00 -3.911577e+00
      vertex   1.059695e+00 1.200000e+00 -3.858772e+00
    endloop
  endfacet
  facet normal 1.038750e-16 1.000000e+00 -1.117555e-16
    outer loop
      vertex   2.428501e+00 1.200000e+00 -6.560244e+00
      vertex   1.059695e+00 1.200000e+00 -3.858772e+00
      vertex   2.665393e+00 1.200000e+00 -6.340056e+00
    endloop
  endfacet
  facet normal 4.584472e-17 1.000000e+00 -1.493083e-16
    outer loop
      vertex   2.665393e+00 1.200000e+00 -6.340056e+00
      vertex   1.059695e+00 1.200000e+00 -3.858772e+00
      vertex   1.268859e+00 1.200000e+00 -3.794549e+00
    endloop
  endfacet
  facet normal 1.126546e-16 1.000000e+00 -1.126546e-16
    outer loop
      vertex   2.665393e+00 1.200000e+00 -6.340056e+00
      vertex   1.268859e+00 1.200000e+00 -3.794549e+00
      vertex   2.894086e+00 1.200000e+00 -6.111364e+00
    endloop
  endfacet
  facet normal 5.599047e-17 1.000000e+00 -1.524040e-16
    outer loop
      vertex   2.894086e+00 1.200000e+00 -6.111364e+00
      vertex   1.268859e+00 1.200000e+00 -3.794549e+00
      vertex   1.474239e+00 1.200000e+00 -3.719096e+00
    endloop
  endfacet
  facet normal 1.218879e-16 1.000000e+00 -1.132929e-16
    outer loop
      vertex   2.894086e+00 1.200000e+00 -6.111364e+00
      vertex   1.474239e+00 1.200000e+00 -3.719096e+00
      vertex   3.114273e+00 1.200000e+00 -5.874472e+00
    endloop
  endfacet
  facet normal 6.677460e-17 1.000000e+00 -1.552289e-16
    outer loop
      vertex   3.114273e+00 1.200000e+00 -5.874472e+00
      vertex   1.474239e+00 1.200000e+00 -3.719096e+00
      vertex   1.675232e+00 1.200000e+00 -3.632635e+00
    endloop
  endfacet
  facet normal 7.341234e-16 1.000000e+00 2.731440e-16
    outer loop
      vertex   3.114273e+00 1.200000e+00 -5.874472e+00
      vertex   1.675232e+00 1.200000e+00 -3.632635e+00
      vertex   3.325662e+00 1.200000e+00 -5.629696e+00
    endloop
  endfacet
  facet normal 1.173363e-16 1.000000e+00 -2.365869e-16
    outer loop
      vertex   3.325662e+00 1.200000e+00 -5.629696e+00
      vertex   1.675232e+00 1.200000e+00 -3.632635e+00
      vertex   1.871251e+00 1.200000e+00 -3.535419e+00
    endloop
  endfacet
  facet normal 2.125846e-16 1.000000e+00 -1.704399e-16
    outer loop
      vertex   3.325662e+00 1.200000e+00 -5.629696e+00
      vertex   1.871251e+00 1.200000e+00 -3.535419e+00
      vertex   3.527970e+00 1.200000e+00 -5.377363e+00
    endloop
  endfacet
  facet normal 1.355409e-16 1.000000e+00 -2.397361e-16
    outer loop
      vertex   3.527970e+00 1.200000e+00 -5.377363e+00
      vertex   1.871251e+00 1.200000e+00 -3.535419e+00
      vertex   2.061718e+00 1.200000e+00 -3.427733e+00
    endloop
  endfacet
  facet normal 2.284684e-16 1.000000e+00 -1.698484e-16
    outer loop
      vertex   3.527970e+00 1.200000e+00 -5.377363e+00
      vertex   2.061718e+00 1.200000e+00 -3.427733e+00
      vertex   3.720928e+00 1.200000e+00 -5.117810e+00
    endloop
  endfacet
  facet normal 1.547956e-16 1.000000e+00 -2.421756e-16
    outer loop
      vertex   3.720928e+00 1.200000e+00 -5.117810e+00
      vertex   2.061718e+00 1.200000e+00 -3.427733e+00
      vertex   2.246076e+00 1.200000e+00 -3.309893e+00
    endloop
  endfacet
  facet normal 1.668759e-16 1.000000e+00 -2.323209e-16
    outer loop
      vertex   3.720928e+00 1.200000e+00 -5.117810e+00
      vertex   2.246076e+00 1.200000e+00 -3.309893e+00
      vertex   2.423784e+00 1.200000e+00 -3.182246e+00
    endloop
  endfacet
  facet normal 2.192755e-17 1.000000e+00 3.430535e-17
    outer loop
      vertex   -2.103957e+00 1.200000e+00 -3.427733e+00
      vertex   -3.803307e+00 1.200000e+00 -8.814125e+00
      vertex   -2.288315e+00 1.200000e+00 -3.309893e+00
    endloop
  endfacet
  facet normal 6.795376e-16 1.000000e+00 -1.466961e-16
    outer loop
      vertex   -2.288315e+00 1.200000e+00 -3.309893e+00
      vertex   -3.803307e+00 1.200000e+00 -8.814125e+00
      vertex   -4.126242e+00 1.200000e+00 -8.796412e+00
    endloop
  endfacet
  facet normal 7.192029e-18 1.000000e+00 7.853265e-17
    outer loop
      vertex   -2.288315e+00 1.200000e+00 -3.309893e+00
      vertex   -4.126242e+00 1.200000e+00 -8.796412e+00
      vertex   -4.448314e+00 1.200000e+00 -8.766916e+00
    endloop
  endfacet
  facet normal 4.551427e-17 1.000000e+00 6.336394e-17
    outer loop
      vertex   -2.288315e+00 1.200000e+00 -3.309893e+00
      vertex   -4.448314e+00 1.200000e+00 -8.766916e+00
      vertex   -2.466023e+00 1.200000e+00 -3.182246e+00
    endloop
  endfacet
  facet normal 9.776627e-18 1.000000e+00 7.604909e-17
    outer loop
      vertex   -2.466023e+00 1.200000e+00 -3.182246e+00
      vertex   -4.448314e+00 1.200000e+00 -8.766916e+00
      vertex   -4.769094e+00 1.200000e+00 -8.725678e+00
    endloop
  endfacet
  facet normal 6.634962e-16 1.000000e+00 -1.955448e-16
    outer loop
      vertex   -2.466023e+00 1.200000e+00 -3.182246e+00
      vertex   -4.769094e+00 1.200000e+00 -8.725678e+00
      vertex   -5.088154e+00 1.200000e+00 -8.672751e+00
    endloop
  endfacet
  facet normal 7.047077e-17 1.000000e+00 8.766957e-17
    outer loop
      vertex   -2.466023e+00 1.200000e+00 -3.182246e+00
      vertex   -5.088154e+00 1.200000e+00 -8.672751e+00
      vertex   -2.636560e+00 1.200000e+00 -3.045165e+00
    endloop
  endfacet
  facet normal 2.214293e-17 1.000000e+00 1.087230e-16
    outer loop
      vertex   -2.636560e+00 1.200000e+00 -3.045165e+00
      vertex   -5.088154e+00 1.200000e+00 -8.672751e+00
      vertex   -5.405068e+00 1.200000e+00 -8.608207e+00
    endloop
  endfacet
  facet normal 2.586405e-17 1.000000e+00 1.068712e-16
    outer loop
      vertex   -2.636560e+00 1.200000e+00 -3.045165e+00
      vertex   -5.405068e+00 1.200000e+00 -8.608207e+00
      vertex   -5.719414e+00 1.200000e+00 -8.532132e+00
    endloop
  endfacet
  facet normal 7.241436e-17 1.000000e+00 8.071689e-17
    outer loop
      vertex   -2.636560e+00 1.200000e+00 -3.045165e+00
      vertex   -5.719414e+00 1.200000e+00 -8.532132e+00
      vertex   -2.799425e+00 1.200000e+00 -2.899052e+00
    endloop
  endfacet
  facet normal 2.900846e-17 1.000000e+00 1.032170e-16
    outer loop
      vertex   -2.799425e+00 1.200000e+00 -2.899052e+00
      vertex   -5.719414e+00 1.200000e+00 -8.532132e+00
      vertex   -6.030771e+00 1.200000e+00 -8.444627e+00
    endloop
  endfacet
  facet normal 3.247306e-17 1.000000e+00 1.011982e-16
    outer loop
      vertex   -2.799425e+00 1.200000e+00 -2.899052e+00
      vertex   -6.030771e+00 1.200000e+00 -8.444627e+00
      vertex   -6.338725e+00 1.200000e+00 -8.345809e+00
    endloop
  endfacet
  facet normal 7.412971e-17 1.000000e+00 7.412971e-17
    outer loop
      vertex   -2.799425e+00 1.200000e+00 -2.899052e+00
      vertex   -6.338725e+00 1.200000e+00 -8.345809e+00
      vertex   -2.954141e+00 1.200000e+00 -2.744336e+00
    endloop
  endfacet
  facet normal 3.529704e-17 1.000000e+00 9.759362e-17
    outer loop
      vertex   -2.954141e+00 1.200000e+00 -2.744336e+00
      vertex   -6.338725e+00 1.200000e+00 -8.345809e+00
      vertex   -6.642864e+00 1.200000e+00 -8.235810e+00
    endloop
  endfacet
  facet normal 3.851264e-17 1.000000e+00 9.543364e-17
    outer loop
      vertex   -2.954141e+00 1.200000e+00 -2.744336e+00
      vertex   -6.642864e+00 1.200000e+00 -8.235810e+00
      vertex   -6.942783e+00 1.200000e+00 -8.114777e+00
    endloop
  endfacet
  facet normal 7.563962e-17 1.000000e+00 6.785933e-17
    outer loop
      vertex   -2.954141e+00 1.200000e+00 -2.744336e+00
      vertex   -6.942783e+00 1.200000e+00 -8.114777e+00
      vertex   -3.100254e+00 1.200000e+00 -2.581471e+00
    endloop
  endfacet
  facet normal 4.104357e-17 1.000000e+00 9.188408e-17
    outer loop
      vertex   -3.100254e+00 1.200000e+00 -2.581471e+00
      vertex   -6.942783e+00 1.200000e+00 -8.114777e+00
      vertex   -7.238081e+00 1.200000e+00 -7.982870e+00
    endloop
  endfacet
  facet normal 4.401880e-17 1.000000e+00 8.960486e-17
    outer loop
      vertex   -3.100254e+00 1.200000e+00 -2.581471e+00
      vertex   -7.238081e+00 1.200000e+00 -7.982870e+00
      vertex   -7.528365e+00 1.200000e+00 -7.840267e+00
    endloop
  endfacet
  facet normal 7.696298e-17 1.000000e+00 6.186457e-17
    outer loop
      vertex   -3.100254e+00 1.200000e+00 -2.581471e+00
      vertex   -7.528365e+00 1.200000e+00 -7.840267e+00
      vertex   -3.237336e+00 1.200000e+00 -2.410934e+00
    endloop
  endfacet
  facet normal 4.628163e-17 1.000000e+00 8.611334e-17
    outer loop
      vertex   -3.237336e+00 1.200000e+00 -2.410934e+00
      vertex   -7.528365e+00 1.200000e+00 -7.840267e+00
      vertex   -7.813247e+00 1.200000e+00 -7.687157e+00
    endloop
  endfacet
  facet normal 5.766696e-16 1.000000e+00 -3.738764e-16
    outer loop
      vertex   -3.237336e+00 1.200000e+00 -2.410934e+00
      vertex   -7.813247e+00 1.200000e+00 -7.687157e+00
      vertex   -8.092348e+00 1.200000e+00 -7.523745e+00
    endloop
  endfacet
  facet normal 1.041541e-16 1.000000e+00 7.481382e-17
    outer loop
      vertex   -3.237336e+00 1.200000e+00 -2.410934e+00
      vertex   -8.092348e+00 1.200000e+00 -7.523745e+00
      vertex   -3.364983e+00 1.200000e+00 -2.233226e+00
    endloop
  endfacet
  facet normal 6.805735e-17 1.000000e+00 1.070682e-16
    outer loop
      vertex   -3.364983e+00 1.200000e+00 -2.233226e+00
      vertex   -8.092348e+00 1.200000e+00 -7.523745e+00
      vertex   -8.365293e+00 1.200000e+00 -7.350248e+00
    endloop
  endfacet
  facet normal 7.142039e-17 1.000000e+00 1.037819e-16
    outer loop
      vertex   -3.364983e+00 1.200000e+00 -2.233226e+00
      vertex   -8.365293e+00 1.200000e+00 -7.350248e+00
      vertex   -8.631721e+00 1.200000e+00 -7.166899e+00
    endloop
  endfacet
  facet normal 1.054809e-16 1.000000e+00 6.742206e-17
    outer loop
      vertex   -3.364983e+00 1.200000e+00 -2.233226e+00
      vertex   -8.631721e+00 1.200000e+00 -7.166899e+00
      vertex   -3.482823e+00 1.200000e+00 -2.048868e+00
    endloop
  endfacet
  facet normal 7.380989e-17 1.000000e+00 9.928404e-17
    outer loop
      vertex   -3.482823e+00 1.200000e+00 -2.048868e+00
      vertex   -8.631721e+00 1.200000e+00 -7.166899e+00
      vertex   -8.891274e+00 1.200000e+00 -6.973941e+00
    endloop
  endfacet
  facet normal 7.688959e-17 1.000000e+00 9.590208e-17
    outer loop
      vertex   -3.482823e+00 1.200000e+00 -2.048868e+00
      vertex   -8.891274e+00 1.200000e+00 -6.973941e+00
      vertex   -9.143607e+00 1.200000e+00 -6.771633e+00
    endloop
  endfacet
  facet normal 7.980421e-17 1.000000e+00 9.240856e-17
    outer loop
      vertex   -9.143607e+00 1.200000e+00 -6.771633e+00
      vertex   -9.388383e+00 1.200000e+00 -6.560244e+00
      vertex   -3.482823e+00 1.200000e+00 -2.048868e+00
    endloop
  endfacet
  facet normal 7.269811e-16 1.000000e+00 -7.547701e-16
    outer loop
      vertex   -3.482823e+00 1.200000e+00 -2.048868e+00
      vertex   -9.388383e+00 1.200000e+00 -6.560244e+00
      vertex   -3.590508e+00 1.200000e+00 -1.858400e+00
    endloop
  endfacet
  facet normal 6.135848e-17 1.000000e+00 6.601347e-17
    outer loop
      vertex   -3.590508e+00 1.200000e+00 -1.858400e+00
      vertex   -9.388383e+00 1.200000e+00 -6.560244e+00
      vertex   -9.625275e+00 1.200000e+00 -6.340056e+00
    endloop
  endfacet
  facet normal 6.334224e-17 1.000000e+00 6.334224e-17
    outer loop
      vertex   -3.590508e+00 1.200000e+00 -1.858400e+00
      vertex   -9.625275e+00 1.200000e+00 -6.340056e+00
      vertex   -9.853967e+00 1.200000e+00 -6.111364e+00
    endloop
  endfacet
  facet normal -4.958381e-16 1.000000e+00 8.868628e-16
    outer loop
      vertex   -3.590508e+00 1.200000e+00 -1.858400e+00
      vertex   -9.853967e+00 1.200000e+00 -6.111364e+00
      vertex   -3.687724e+00 1.200000e+00 -1.662382e+00
    endloop
  endfacet
  facet normal 8.621834e-17 1.000000e+00 8.013859e-17
    outer loop
      vertex   -3.687724e+00 1.200000e+00 -1.662382e+00
      vertex   -9.853967e+00 1.200000e+00 -6.111364e+00
      vertex   -1.007416e+01 1.200000e+00 -5.874472e+00
    endloop
  endfacet
  facet normal 8.860519e-17 1.000000e+00 7.651961e-17
    outer loop
      vertex   -3.687724e+00 1.200000e+00 -1.662382e+00
      vertex   -1.007416e+01 1.200000e+00 -5.874472e+00
      vertex   -1.028554e+01 1.200000e+00 -5.629696e+00
    endloop
  endfacet
  facet normal 1.069523e-16 1.000000e+00 4.600754e-17
    outer loop
      vertex   -3.687724e+00 1.200000e+00 -1.662382e+00
      vertex   -1.028554e+01 1.200000e+00 -5.629696e+00
      vertex   -3.774185e+00 1.200000e+00 -1.461388e+00
    endloop
  endfacet
  facet normal 9.014017e-17 1.000000e+00 7.226997e-17
    outer loop
      vertex   -3.774185e+00 1.200000e+00 -1.461388e+00
      vertex   -1.028554e+01 1.200000e+00 -5.629696e+00
      vertex   -1.048785e+01 1.200000e+00 -5.377363e+00
    endloop
  endfacet
  facet normal 9.227936e-17 1.000000e+00 6.860247e-17
    outer loop
      vertex   -3.774185e+00 1.200000e+00 -1.461388e+00
      vertex   -1.048785e+01 1.200000e+00 -5.377363e+00
      vertex   -1.068081e+01 1.200000e+00 -5.117810e+00
    endloop
  endfacet
  facet normal 9.425752e-17 1.000000e+00 6.486593e-17
    outer loop
      vertex   -1.068081e+01 1.200000e+00 -5.117810e+00
      vertex   -1.086416e+01 1.200000e+00 -4.851382e+00
      vertex   -3.774185e+00 1.200000e+00 -1.461388e+00
    endloop
  endfacet
  facet normal 1.065550e-16 1.000000e+00 3.914638e-17
    outer loop
      vertex   -3.774185e+00 1.200000e+00 -1.461388e+00
      vertex   -1.086416e+01 1.200000e+00 -4.851382e+00
      vertex   -3.849638e+00 1.200000e+00 -1.256008e+00
    endloop
  endfacet
  facet normal 9.550407e-17 1.000000e+00 6.070665e-17
    outer loop
      vertex   -3.849638e+00 1.200000e+00 -1.256008e+00
      vertex   -1.086416e+01 1.200000e+00 -4.851382e+00
      vertex   -1.103766e+01 1.200000e+00 -4.578437e+00
    endloop
  endfacet
  facet normal 9.724629e-17 1.000000e+00 5.693739e-17
    outer loop
      vertex   -3.849638e+00 1.200000e+00 -1.256008e+00
      vertex   -1.103766e+01 1.200000e+00 -4.578437e+00
      vertex   -1.120107e+01 1.200000e+00 -4.299336e+00
    endloop
  endfacet
  facet normal 1.071919e-16 1.000000e+00 3.291298e-17
    outer loop
      vertex   -3.849638e+00 1.200000e+00 -1.256008e+00
      vertex   -1.120107e+01 1.200000e+00 -4.299336e+00
      vertex   -3.913861e+00 1.200000e+00 -1.046844e+00
    endloop
  endfacet
  facet normal 9.830138e-17 1.000000e+00 5.283209e-17
    outer loop
      vertex   -3.913861e+00 1.200000e+00 -1.046844e+00
      vertex   -1.120107e+01 1.200000e+00 -4.299336e+00
      vertex   -1.135418e+01 1.200000e+00 -4.014454e+00
    endloop
  endfacet
  facet normal 9.981587e-17 1.000000e+00 4.903501e-17
    outer loop
      vertex   -3.913861e+00 1.200000e+00 -1.046844e+00
      vertex   -1.135418e+01 1.200000e+00 -4.014454e+00
      vertex   -1.149678e+01 1.200000e+00 -3.724170e+00
    endloop
  endfacet
  facet normal 1.011725e-16 1.000000e+00 4.519260e-17
    outer loop
      vertex   -1.149678e+01 1.200000e+00 -3.724170e+00
      vertex   -1.162869e+01 1.200000e+00 -3.428872e+00
      vertex   -3.913861e+00 1.200000e+00 -1.046844e+00
    endloop
  endfacet
  facet normal 1.069166e-16 1.000000e+00 2.658896e-17
    outer loop
      vertex   -3.913861e+00 1.200000e+00 -1.046844e+00
      vertex   -1.162869e+01 1.200000e+00 -3.428872e+00
      vertex   -3.966667e+00 1.200000e+00 -8.345105e-01
    endloop
  endfacet
  facet normal 1.019841e-16 1.000000e+00 4.115612e-17
    outer loop
      vertex   -3.966667e+00 1.200000e+00 -8.345105e-01
      vertex   -1.162869e+01 1.200000e+00 -3.428872e+00
      vertex   -1.174972e+01 1.200000e+00 -3.128953e+00
    endloop
  endfacet
  facet normal -9.136739e-17 1.000000e+00 6.970303e-16
    outer loop
      vertex   -3.966667e+00 1.200000e+00 -8.345105e-01
      vertex   -1.174972e+01 1.200000e+00 -3.128953e+00
      vertex   -1.185972e+01 1.200000e+00 -2.824814e+00
    endloop
  endfacet
  facet normal 8.049995e-17 1.000000e+00 1.544659e-17
    outer loop
      vertex   -3.966667e+00 1.200000e+00 -8.345105e-01
      vertex   -1.185972e+01 1.200000e+00 -2.824814e+00
      vertex   -4.007899e+00 1.200000e+00 -6.196292e-01
    endloop
  endfacet
  facet normal 7.782452e-17 1.000000e+00 2.497278e-17
    outer loop
      vertex   -4.007899e+00 1.200000e+00 -6.196292e-01
      vertex   -1.185972e+01 1.200000e+00 -2.824814e+00
      vertex   -1.195854e+01 1.200000e+00 -2.516860e+00
    endloop
  endfacet
  facet normal 2.379988e-16 1.000000e+00 -6.462624e-16
    outer loop
      vertex   -4.007899e+00 1.200000e+00 -6.196292e-01
      vertex   -1.195854e+01 1.200000e+00 -2.516860e+00
      vertex   -1.204604e+01 1.200000e+00 -2.205503e+00
    endloop
  endfacet
  facet normal 1.054600e-16 1.000000e+00 2.552253e-17
    outer loop
      vertex   -1.204604e+01 1.200000e+00 -2.205503e+00
      vertex   -1.212212e+01 1.200000e+00 -1.891157e+00
      vertex   -4.007899e+00 1.200000e+00 -6.196292e-01
    endloop
  endfacet
  facet normal 1.071713e-16 1.000000e+00 1.460180e-17
    outer loop
      vertex   -4.007899e+00 1.200000e+00 -6.196292e-01
      vertex   -1.212212e+01 1.200000e+00 -1.891157e+00
      vertex   -4.037437e+00 1.200000e+00 -4.028308e-01
    endloop
  endfacet
  facet normal -1.843288e-17 1.000000e+00 6.968918e-16
    outer loop
      vertex   -4.037437e+00 1.200000e+00 -4.028308e-01
      vertex   -1.212212e+01 1.200000e+00 -1.891157e+00
      vertex   -1.218666e+01 1.200000e+00 -1.574243e+00
    endloop
  endfacet
  facet normal 7.983825e-17 1.000000e+00 1.324377e-17
    outer loop
      vertex   -4.037437e+00 1.200000e+00 -4.028308e-01
      vertex   -1.218666e+01 1.200000e+00 -1.574243e+00
      vertex   -1.223959e+01 1.200000e+00 -1.255183e+00
    endloop
  endfacet
  facet normal 8.053307e-17 1.000000e+00 6.557593e-18
    outer loop
      vertex   -4.037437e+00 1.200000e+00 -4.028308e-01
      vertex   -1.223959e+01 1.200000e+00 -1.255183e+00
      vertex   -4.055195e+00 1.200000e+00 -1.847511e-01
    endloop
  endfacet
  facet normal 8.004487e-17 1.000000e+00 1.029031e-17
    outer loop
      vertex   -4.055195e+00 1.200000e+00 -1.847511e-01
      vertex   -1.223959e+01 1.200000e+00 -1.255183e+00
      vertex   -1.228083e+01 1.200000e+00 -9.344028e-01
    endloop
  endfacet
  facet normal 8.031238e-17 1.000000e+00 7.355017e-18
    outer loop
      vertex   -4.055195e+00 1.200000e+00 -1.847511e-01
      vertex   -1.228083e+01 1.200000e+00 -9.344028e-01
      vertex   -1.231032e+01 1.200000e+00 -6.123306e-01
    endloop
  endfacet
  facet normal 8.046473e-17 1.000000e+00 4.413501e-18
    outer loop
      vertex   -1.231032e+01 1.200000e+00 -6.123306e-01
      vertex   -1.232804e+01 1.200000e+00 -2.893960e-01
      vertex   -4.055195e+00 1.200000e+00 -1.847511e-01
    endloop
  endfacet
  facet normal 8.049298e-17 1.000000e+00 2.180500e-18
    outer loop
      vertex   -4.055195e+00 1.200000e+00 -1.847511e-01
      vertex   -1.232804e+01 1.200000e+00 -2.893960e-01
      vertex   -4.061120e+00 1.200000e+00 3.397007e-02
    endloop
  endfacet
  facet normal 8.052074e-17 1.000000e+00 1.470881e-18
    outer loop
      vertex   -4.061120e+00 1.200000e+00 3.397007e-02
      vertex   -1.232804e+01 1.200000e+00 -2.893960e-01
      vertex   -1.233394e+01 1.200000e+00 3.397007e-02
    endloop
  endfacet
  facet normal 8.052074e-17 1.000000e+00 -1.470881e-18
    outer loop
      vertex   -4.061120e+00 1.200000e+00 3.397007e-02
      vertex   -1.233394e+01 1.200000e+00 3.397007e-02
      vertex   -1.232804e+01 1.200000e+00 3.573361e-01
    endloop
  endfacet
  facet normal 1.072435e-16 1.000000e+00 6.817015e-16
    outer loop
      vertex   -1.232804e+01 1.200000e+00 3.573361e-01
      vertex   -1.231032e+01 1.200000e+00 6.802707e-01
      vertex   -4.061120e+00 1.200000e+00 3.397007e-02
    endloop
  endfacet
  facet normal 5.345069e-17 1.000000e+00 -4.895020e-18
    outer loop
      vertex   -4.061120e+00 1.200000e+00 3.397007e-02
      vertex   -1.231032e+01 1.200000e+00 6.802707e-01
      vertex   -1.228083e+01 1.200000e+00 1.002343e+00
    endloop
  endfacet
  facet normal 5.322131e-17 1.000000e+00 -6.841961e-18
    outer loop
      vertex   -4.061120e+00 1.200000e+00 3.397007e-02
      vertex   -1.228083e+01 1.200000e+00 1.002343e+00
      vertex   -1.223959e+01 1.200000e+00 1.323123e+00
    endloop
  endfacet
  facet normal 5.291616e-17 1.000000e+00 -8.777868e-18
    outer loop
      vertex   -1.223959e+01 1.200000e+00 1.323123e+00
      vertex   -1.218666e+01 1.200000e+00 1.642183e+00
      vertex   -4.061120e+00 1.200000e+00 3.397007e-02
    endloop
  endfacet
  facet normal 1.858349e-16 1.000000e+00 6.627981e-16
    outer loop
      vertex   -4.061120e+00 1.200000e+00 3.397007e-02
      vertex   -1.218666e+01 1.200000e+00 1.642183e+00
      vertex   -1.212212e+01 1.200000e+00 1.959097e+00
    endloop
  endfacet
  facet normal 2.604048e-17 1.000000e+00 -6.302093e-18
    outer loop
      vertex   -4.061120e+00 1.200000e+00 3.397007e-02
      vertex   -1.212212e+01 1.200000e+00 1.959097e+00
      vertex   -1.204604e+01 1.200000e+00 2.273443e+00
    endloop
  endfacet
  facet normal 2.577624e-17 1.000000e+00 -7.244246e-18
    outer loop
      vertex   -1.204604e+01 1.200000e+00 2.273443e+00
      vertex   -1.195854e+01 1.200000e+00 2.584800e+00
      vertex   -4.061120e+00 1.200000e+00 3.397007e-02
    endloop
  endfacet
  facet normal 2.547568e-17 1.000000e+00 -8.174784e-18
    outer loop
      vertex   -4.061120e+00 1.200000e+00 3.397007e-02
      vertex   -1.195854e+01 1.200000e+00 2.584800e+00
      vertex   -1.185972e+01 1.200000e+00 2.892754e+00
    endloop
  endfacet
  facet normal 2.614390e-16 1.000000e+00 6.355199e-16
    outer loop
      vertex   -4.061120e+00 1.200000e+00 3.397007e-02
      vertex   -1.185972e+01 1.200000e+00 2.892754e+00
      vertex   -1.174972e+01 1.200000e+00 3.196893e+00
    endloop
  endfacet
  facet normal -0.000000e+00 1.000000e+00 0.000000e+00
    outer loop
      vertex   -1.174972e+01 1.200000e+00 3.196893e+00
      vertex   -1.162869e+01 1.200000e+00 3.496812e+00
      vertex   -4.061120e+00 1.200000e+00 3.397007e-02
    endloop
  endfacet
  facet normal 0.000000e+00 1.000000e+00 0.000000e+00
    outer loop
      vertex   -4.061120e+00 1.200000e+00 3.397007e-02
      vertex   -1.162869e+01 1.200000e+00 3.496812e+00
      vertex   -1.149678e+01 1.200000e+00 3.792110e+00
    endloop
  endfacet
  facet normal 0.000000e+00 1.000000e+00 0.000000e+00
    outer loop
      vertex   -4.061120e+00 1.200000e+00 3.397007e-02
      vertex   -1.149678e+01 1.200000e+00 3.792110e+00
      vertex   -1.135418e+01 1.200000e+00 4.082394e+00
    endloop
  endfacet
  facet normal -0.000000e+00 1.000000e+00 0.000000e+00
    outer loop
      vertex   -1.135418e+01 1.200000e+00 4.082394e+00
      vertex   -1.120107e+01 1.200000e+00 4.367277e+00
      vertex   -4.061120e+00 1.200000e+00 3.397007e-02
    endloop
  endfacet
  facet normal 0.000000e+00 1.000000e+00 0.000000e+00
    outer loop
      vertex   -4.061120e+00 1.200000e+00 3.397007e-02
      vertex   -1.120107e+01 1.200000e+00 4.367277e+00
      vertex   -1.103766e+01 1.200000e+00 4.646377e+00
    endloop
  endfacet
  facet normal 3.786939e-16 1.000000e+00 5.727968e-16
    outer loop
      vertex   -4.061120e+00 1.200000e+00 3.397007e-02
      vertex   -1.103766e+01 1.200000e+00 4.646377e+00
      vertex   -1.086416e+01 1.200000e+00 4.919323e+00
    endloop
  endfacet
  facet normal -2.184397e-17 1.000000e+00 1.503253e-17
    outer loop
      vertex   -1.086416e+01 1.200000e+00 4.919323e+00
      vertex   -1.068081e+01 1.200000e+00 5.185750e+00
      vertex   -4.061120e+00 1.200000e+00 3.397007e-02
    endloop
  endfacet
  facet normal -2.124903e-17 1.000000e+00 1.579699e-17
    outer loop
      vertex   -4.061120e+00 1.200000e+00 3.397007e-02
      vertex   -1.068081e+01 1.200000e+00 5.185750e+00
      vertex   -1.048785e+01 1.200000e+00 5.445303e+00
    endloop
  endfacet
  facet normal -2.062601e-17 1.000000e+00 1.653692e-17
    outer loop
      vertex   -4.061120e+00 1.200000e+00 3.397007e-02
      vertex   -1.048785e+01 1.200000e+00 5.445303e+00
      vertex   -1.028554e+01 1.200000e+00 5.697636e+00
    endloop
  endfacet
  facet normal 4.422318e-16 1.000000e+00 5.252222e-16
    outer loop
      vertex   -1.028554e+01 1.200000e+00 5.697636e+00
      vertex   -1.007416e+01 1.200000e+00 5.942412e+00
      vertex   -4.061120e+00 1.200000e+00 3.397007e-02
    endloop
  endfacet
  facet normal -3.860021e-17 1.000000e+00 3.587829e-17
    outer loop
      vertex   -4.061120e+00 1.200000e+00 3.397007e-02
      vertex   -1.007416e+01 1.200000e+00 5.942412e+00
      vertex   -9.853967e+00 1.200000e+00 6.179304e+00
    endloop
  endfacet
  facet normal -3.719907e-17 1.000000e+00 3.719907e-17
    outer loop
      vertex   -4.061120e+00 1.200000e+00 3.397007e-02
      vertex   -9.853967e+00 1.200000e+00 6.179304e+00
      vertex   -9.625275e+00 1.200000e+00 6.407997e+00
    endloop
  endfacet
  facet normal -3.575094e-17 1.000000e+00 3.846320e-17
    outer loop
      vertex   -9.625275e+00 1.200000e+00 6.407997e+00
      vertex   -9.388383e+00 1.200000e+00 6.628184e+00
      vertex   -4.061120e+00 1.200000e+00 3.397007e-02
    endloop
  endfacet
  facet normal -3.425828e-17 1.000000e+00 3.966907e-17
    outer loop
      vertex   -4.061120e+00 1.200000e+00 3.397007e-02
      vertex   -9.388383e+00 1.200000e+00 6.628184e+00
      vertex   -9.143607e+00 1.200000e+00 6.839573e+00
    endloop
  endfacet
  facet normal 1.068091e-15 1.000000e+00 8.629141e-16
    outer loop
      vertex   -4.061120e+00 1.200000e+00 3.397007e-02
      vertex   -9.143607e+00 1.200000e+00 6.839573e+00
      vertex   -8.891274e+00 1.200000e+00 7.041881e+00
    endloop
  endfacet
  facet normal -6.229893e-17 1.000000e+00 8.380028e-17
    outer loop
      vertex   -8.891274e+00 1.200000e+00 7.041881e+00
      vertex   -8.631721e+00 1.200000e+00 7.234839e+00
      vertex   -4.061120e+00 1.200000e+00 3.397007e-02
    endloop
  endfacet
  facet normal -5.907690e-17 1.000000e+00 8.584540e-17
    outer loop
      vertex   -4.061120e+00 1.200000e+00 3.397007e-02
      vertex   -8.631721e+00 1.200000e+00 7.234839e+00
      vertex   -8.365293e+00 1.200000e+00 7.418188e+00
    endloop
  endfacet
  facet normal -5.578635e-17 1.000000e+00 8.776343e-17
    outer loop
      vertex   -4.061120e+00 1.200000e+00 3.397007e-02
      vertex   -8.365293e+00 1.200000e+00 7.418188e+00
      vertex   -8.092348e+00 1.200000e+00 7.591685e+00
    endloop
  endfacet
  facet normal -5.243259e-17 1.000000e+00 8.955230e-17
    outer loop
      vertex   -8.092348e+00 1.200000e+00 7.591685e+00
      vertex   -7.813247e+00 1.200000e+00 7.755097e+00
      vertex   -4.061120e+00 1.200000e+00 3.397007e-02
    endloop
  endfacet
  facet normal -4.902094e-17 1.000000e+00 9.121021e-17
    outer loop
      vertex   -4.061120e+00 1.200000e+00 3.397007e-02
      vertex   -7.813247e+00 1.200000e+00 7.755097e+00
      vertex   -7.528365e+00 1.200000e+00 7.908207e+00
    endloop
  endfacet
  facet normal -4.555678e-17 1.000000e+00 9.273557e-17
    outer loop
      vertex   -4.061120e+00 1.200000e+00 3.397007e-02
      vertex   -7.528365e+00 1.200000e+00 7.908207e+00
      vertex   -7.238081e+00 1.200000e+00 8.050810e+00
    endloop
  endfacet
  facet normal 5.968010e-16 1.000000e+00 3.472930e-16
    outer loop
      vertex   -7.238081e+00 1.200000e+00 8.050810e+00
      vertex   -6.942783e+00 1.200000e+00 8.182717e+00
      vertex   -4.061120e+00 1.200000e+00 3.397007e-02
    endloop
  endfacet
  facet normal 5.997730e-16 1.000000e+00 3.483440e-16
    outer loop
      vertex   -4.061120e+00 1.200000e+00 3.397007e-02
      vertex   -6.942783e+00 1.200000e+00 8.182717e+00
      vertex   -6.642864e+00 1.200000e+00 8.303750e+00
    endloop
  endfacet
  facet normal -5.235449e-17 1.000000e+00 1.447562e-16
    outer loop
      vertex   -4.061120e+00 1.200000e+00 3.397007e-02
      vertex   -6.642864e+00 1.200000e+00 8.303750e+00
      vertex   -6.338725e+00 1.200000e+00 8.413749e+00
    endloop
  endfacet
  facet normal -4.692384e-17 1.000000e+00 1.462322e-16
    outer loop
      vertex   -6.338725e+00 1.200000e+00 8.413749e+00
      vertex   -6.030771e+00 1.200000e+00 8.512567e+00
      vertex   -4.061120e+00 1.200000e+00 3.397007e-02
    endloop
  endfacet
  facet normal -4.145469e-17 1.000000e+00 1.475027e-16
    outer loop
      vertex   -4.061120e+00 1.200000e+00 3.397007e-02
      vertex   -6.030771e+00 1.200000e+00 8.512567e+00
      vertex   -5.719414e+00 1.200000e+00 8.600072e+00
    endloop
  endfacet
  facet normal -3.595501e-17 1.000000e+00 1.485674e-16
    outer loop
      vertex   -4.061120e+00 1.200000e+00 3.397007e-02
      vertex   -5.719414e+00 1.200000e+00 8.600072e+00
      vertex   -5.405068e+00 1.200000e+00 8.676147e+00
    endloop
  endfacet
  facet normal -3.043268e-17 1.000000e+00 1.494262e-16
    outer loop
      vertex   -5.405068e+00 1.200000e+00 8.676147e+00
      vertex   -5.088154e+00 1.200000e+00 8.740691e+00
      vertex   -4.061120e+00 1.200000e+00 3.397007e-02
    endloop
  endfacet
  facet normal 6.576819e-16 1.000000e+00 2.305954e-16
    outer loop
      vertex   -4.061120e+00 1.200000e+00 3.397007e-02
      vertex   -5.088154e+00 1.200000e+00 8.740691e+00
      vertex   -4.769094e+00 1.200000e+00 8.793618e+00
    endloop
  endfacet
  facet normal -2.257655e-17 1.000000e+00 1.756154e-16
    outer loop
      vertex   -4.061120e+00 1.200000e+00 3.397007e-02
      vertex   -4.769094e+00 1.200000e+00 8.793618e+00
      vertex   -4.448314e+00 1.200000e+00 8.834856e+00
    endloop
  endfacet
  facet normal -1.610893e-17 1.000000e+00 1.758999e-16
    outer loop
      vertex   -4.448314e+00 1.200000e+00 8.834856e+00
      vertex   -4.126242e+00 1.200000e+00 8.864352e+00
      vertex   -4.061120e+00 1.200000e+00 3.397007e-02
    endloop
  endfacet
  facet normal -5.107307e-15 1.000000e+00 1.383535e-16
    outer loop
      vertex   -4.061120e+00 1.200000e+00 3.397007e-02
      vertex   -4.126242e+00 1.200000e+00 8.864352e+00
      vertex   -4.055195e+00 1.200000e+00 2.526913e-01
    endloop
  endfacet
  facet normal -2.012650e-15 1.000000e+00 1.638847e-16
    outer loop
      vertex   -4.055195e+00 1.200000e+00 2.526913e-01
      vertex   -4.126242e+00 1.200000e+00 8.864352e+00
      vertex   -4.037437e+00 1.200000e+00 4.707709e-01
    endloop
  endfacet
  facet normal 5.714329e-15 1.000000e+00 2.456367e-16
    outer loop
      vertex   -4.037437e+00 1.200000e+00 4.707709e-01
      vertex   -4.126242e+00 1.200000e+00 8.864352e+00
      vertex   -4.007899e+00 1.200000e+00 6.875693e-01
    endloop
  endfacet
  facet normal -7.895716e-16 1.000000e+00 1.515055e-16
    outer loop
      vertex   -4.007899e+00 1.200000e+00 6.875693e-01
      vertex   -4.126242e+00 1.200000e+00 8.864352e+00
      vertex   -3.966667e+00 1.200000e+00 9.024507e-01
    endloop
  endfacet
  facet normal -6.226682e-16 1.000000e+00 1.548506e-16
    outer loop
      vertex   -3.966667e+00 1.200000e+00 9.024507e-01
      vertex   -4.126242e+00 1.200000e+00 8.864352e+00
      vertex   -3.913861e+00 1.200000e+00 1.114785e+00
    endloop
  endfacet
  facet normal -5.140191e-16 1.000000e+00 1.578282e-16
    outer loop
      vertex   -3.913861e+00 1.200000e+00 1.114785e+00
      vertex   -4.126242e+00 1.200000e+00 8.864352e+00
      vertex   -3.849638e+00 1.200000e+00 1.323948e+00
    endloop
  endfacet
  facet normal -4.372664e-16 1.000000e+00 1.606437e-16
    outer loop
      vertex   -3.849638e+00 1.200000e+00 1.323948e+00
      vertex   -4.126242e+00 1.200000e+00 8.864352e+00
      vertex   -3.774185e+00 1.200000e+00 1.529328e+00
    endloop
  endfacet
  facet normal -3.798498e-16 1.000000e+00 1.633995e-16
    outer loop
      vertex   -3.774185e+00 1.200000e+00 1.529328e+00
      vertex   -4.126242e+00 1.200000e+00 8.864352e+00
      vertex   -3.687724e+00 1.200000e+00 1.730322e+00
    endloop
  endfacet
  facet normal 1.697146e-15 1.000000e+00 2.910691e-16
    outer loop
      vertex   -3.687724e+00 1.200000e+00 1.730322e+00
      vertex   -4.126242e+00 1.200000e+00 8.864352e+00
      vertex   -3.590508e+00 1.200000e+00 1.926340e+00
    endloop
  endfacet
  facet normal -2.490230e-16 1.000000e+00 1.407915e-16
    outer loop
      vertex   -3.590508e+00 1.200000e+00 1.926340e+00
      vertex   -4.126242e+00 1.200000e+00 8.864352e+00
      vertex   -3.482823e+00 1.200000e+00 2.116808e+00
    endloop
  endfacet
  facet normal -2.239994e-16 1.000000e+00 1.431777e-16
    outer loop
      vertex   -3.482823e+00 1.200000e+00 2.116808e+00
      vertex   -4.126242e+00 1.200000e+00 8.864352e+00
      vertex   -3.364983e+00 1.200000e+00 2.301166e+00
    endloop
  endfacet
  facet normal -2.027586e-16 1.000000e+00 1.456414e-16
    outer loop
      vertex   -3.364983e+00 1.200000e+00 2.301166e+00
      vertex   -4.126242e+00 1.200000e+00 8.864352e+00
      vertex   -3.237336e+00 1.200000e+00 2.478874e+00
    endloop
  endfacet
  facet normal -1.843705e-16 1.000000e+00 1.482011e-16
    outer loop
      vertex   -3.237336e+00 1.200000e+00 2.478874e+00
      vertex   -4.126242e+00 1.200000e+00 8.864352e+00
      vertex   -3.100254e+00 1.200000e+00 2.649411e+00
    endloop
  endfacet
  facet normal -1.681733e-16 1.000000e+00 1.508750e-16
    outer loop
      vertex   -3.100254e+00 1.200000e+00 2.649411e+00
      vertex   -4.126242e+00 1.200000e+00 8.864352e+00
      vertex   -2.954141e+00 1.200000e+00 2.812276e+00
    endloop
  endfacet
  facet normal -1.536816e-16 1.000000e+00 1.536816e-16
    outer loop
      vertex   -2.954141e+00 1.200000e+00 2.812276e+00
      vertex   -4.126242e+00 1.200000e+00 8.864352e+00
      vertex   -2.799425e+00 1.200000e+00 2.966992e+00
    endloop
  endfacet
  facet normal -1.405287e-16 1.000000e+00 1.566408e-16
    outer loop
      vertex   -2.799425e+00 1.200000e+00 2.966992e+00
      vertex   -4.126242e+00 1.200000e+00 8.864352e+00
      vertex   -2.636560e+00 1.200000e+00 3.113105e+00
    endloop
  endfacet
  facet normal 2.026888e-15 1.000000e+00 7.180427e-16
    outer loop
      vertex   -2.636560e+00 1.200000e+00 3.113105e+00
      vertex   -4.126242e+00 1.200000e+00 8.864352e+00
      vertex   -2.466023e+00 1.200000e+00 3.250186e+00
    endloop
  endfacet
  facet normal -7.029595e-17 1.000000e+00 9.786444e-17
    outer loop
      vertex   -2.466023e+00 1.200000e+00 3.250186e+00
      vertex   -4.126242e+00 1.200000e+00 8.864352e+00
      vertex   -2.288315e+00 1.200000e+00 3.377834e+00
    endloop
  endfacet
  facet normal -6.539355e-18 1.000000e+00 1.192222e-16
    outer loop
      vertex   -2.288315e+00 1.200000e+00 3.377834e+00
      vertex   -4.126242e+00 1.200000e+00 8.864352e+00
      vertex   -3.803307e+00 1.200000e+00 8.882065e+00
    endloop
  endfacet
  facet normal -6.578265e-17 1.000000e+00 1.029160e-16
    outer loop
      vertex   -2.288315e+00 1.200000e+00 3.377834e+00
      vertex   -3.803307e+00 1.200000e+00 8.882065e+00
      vertex   -2.103957e+00 1.200000e+00 3.495673e+00
    endloop
  endfacet
  facet normal -2.246144e-18 1.000000e+00 1.229611e-16
    outer loop
      vertex   -2.103957e+00 1.200000e+00 3.495673e+00
      vertex   -3.803307e+00 1.200000e+00 8.882065e+00
      vertex   -3.479941e+00 1.200000e+00 8.887972e+00
    endloop
  endfacet
  facet normal -6.103740e-17 1.000000e+00 1.079590e-16
    outer loop
      vertex   -2.103957e+00 1.200000e+00 3.495673e+00
      vertex   -3.479941e+00 1.200000e+00 8.887972e+00
      vertex   -1.913490e+00 1.200000e+00 3.603359e+00
    endloop
  endfacet
  facet normal 2.315133e-18 1.000000e+00 1.267378e-16
    outer loop
      vertex   -1.913490e+00 1.200000e+00 3.603359e+00
      vertex   -3.479941e+00 1.200000e+00 8.887972e+00
      vertex   -3.156575e+00 1.200000e+00 8.882065e+00
    endloop
  endfacet
  facet normal 7.035936e-16 1.000000e+00 2.918823e-16
    outer loop
      vertex   -1.913490e+00 1.200000e+00 3.603359e+00
      vertex   -3.156575e+00 1.200000e+00 8.882065e+00
      vertex   -2.833640e+00 1.200000e+00 8.864352e+00
    endloop
  endfacet
  facet normal -7.704553e-17 1.000000e+00 1.553480e-16
    outer loop
      vertex   -1.913490e+00 1.200000e+00 3.603359e+00
      vertex   -2.833640e+00 1.200000e+00 8.864352e+00
      vertex   -1.717471e+00 1.200000e+00 3.700575e+00
    endloop
  endfacet
  facet normal 1.607005e-17 1.000000e+00 1.754753e-16
    outer loop
      vertex   -1.717471e+00 1.200000e+00 3.700575e+00
      vertex   -2.833640e+00 1.200000e+00 8.864352e+00
      vertex   -2.511568e+00 1.200000e+00 8.834856e+00
    endloop
  endfacet
  facet normal 2.269017e-17 1.000000e+00 1.764992e-16
    outer loop
      vertex   -1.717471e+00 1.200000e+00 3.700575e+00
      vertex   -2.511568e+00 1.200000e+00 8.834856e+00
      vertex   -2.190788e+00 1.200000e+00 8.793618e+00
    endloop
  endfacet
  facet normal -7.213364e-17 1.000000e+00 1.676869e-16
    outer loop
      vertex   -1.717471e+00 1.200000e+00 3.700575e+00
      vertex   -2.190788e+00 1.200000e+00 8.793618e+00
      vertex   -1.516478e+00 1.200000e+00 3.787036e+00
    endloop
  endfacet
  facet normal 7.419379e-16 1.000000e+00 2.773299e-16
    outer loop
      vertex   -1.516478e+00 1.200000e+00 3.787036e+00
      vertex   -2.190788e+00 1.200000e+00 8.793618e+00
      vertex   -1.871728e+00 1.200000e+00 8.740691e+00
    endloop
  endfacet
  facet normal -8.022468e-17 1.000000e+00 2.183687e-16
    outer loop
      vertex   -1.516478e+00 1.200000e+00 3.787036e+00
      vertex   -1.871728e+00 1.200000e+00 8.740691e+00
      vertex   -1.311098e+00 1.200000e+00 3.862489e+00
    endloop
  endfacet
  facet normal 4.746243e-17 1.000000e+00 2.330432e-16
    outer loop
      vertex   -1.311098e+00 1.200000e+00 3.862489e+00
      vertex   -1.871728e+00 1.200000e+00 8.740691e+00
      vertex   -1.554814e+00 1.200000e+00 8.676147e+00
    endloop
  endfacet
  facet normal 5.650997e-17 1.000000e+00 2.335013e-16
    outer loop
      vertex   -1.311098e+00 1.200000e+00 3.862489e+00
      vertex   -1.554814e+00 1.200000e+00 8.676147e+00
      vertex   -1.240468e+00 1.200000e+00 8.600072e+00
    endloop
  endfacet
  facet normal -7.228552e-17 1.000000e+00 2.354214e-16
    outer loop
      vertex   -1.311098e+00 1.200000e+00 3.862489e+00
      vertex   -1.240468e+00 1.200000e+00 8.600072e+00
      vertex   -1.101934e+00 1.200000e+00 3.926712e+00
    endloop
  endfacet
  facet normal 6.732678e-17 1.000000e+00 2.395600e-16
    outer loop
      vertex   -1.101934e+00 1.200000e+00 3.926712e+00
      vertex   -1.240468e+00 1.200000e+00 8.600072e+00
      vertex   -9.291110e-01 1.200000e+00 8.512567e+00
    endloop
  endfacet
  facet normal -6.077649e-17 1.000000e+00 2.443877e-16
    outer loop
      vertex   -1.101934e+00 1.200000e+00 3.926712e+00
      vertex   -9.291110e-01 1.200000e+00 8.512567e+00
      vertex   -8.896001e-01 1.200000e+00 3.979517e+00
    endloop
  endfacet
  facet normal 7.881095e-17 1.000000e+00 2.456044e-16
    outer loop
      vertex   -8.896001e-01 1.200000e+00 3.979517e+00
      vertex   -9.291110e-01 1.200000e+00 8.512567e+00
      vertex   -6.211573e-01 1.200000e+00 8.413749e+00
    endloop
  endfacet
  facet normal 8.861398e-17 1.000000e+00 2.450109e-16
    outer loop
      vertex   -8.896001e-01 1.200000e+00 3.979517e+00
      vertex   -6.211573e-01 1.200000e+00 8.413749e+00
      vertex   -3.170180e-01 1.200000e+00 8.303750e+00
    endloop
  endfacet
  facet normal -5.054929e-17 1.000000e+00 2.634378e-16
    outer loop
      vertex   -8.896001e-01 1.200000e+00 3.979517e+00
      vertex   -3.170180e-01 1.200000e+00 8.303750e+00
      vertex   -6.747188e-01 1.200000e+00 4.020749e+00
    endloop
  endfacet
  facet normal 1.011971e-16 1.000000e+00 2.507645e-16
    outer loop
      vertex   -6.747188e-01 1.200000e+00 4.020749e+00
      vertex   -3.170180e-01 1.200000e+00 8.303750e+00
      vertex   -1.709908e-02 1.200000e+00 8.182717e+00
    endloop
  endfacet
  facet normal 1.009588e-15 1.000000e+00 1.072324e-16
    outer loop
      vertex   -6.747188e-01 1.200000e+00 4.020749e+00
      vertex   -1.709908e-02 1.200000e+00 8.182717e+00
      vertex   -4.579204e-01 1.200000e+00 4.050287e+00
    endloop
  endfacet
  facet normal 9.163965e-17 1.000000e+00 2.051534e-16
    outer loop
      vertex   -4.579204e-01 1.200000e+00 4.050287e+00
      vertex   -1.709908e-02 1.200000e+00 8.182717e+00
      vertex   2.781994e-01 1.200000e+00 8.050810e+00
    endloop
  endfacet
  facet normal -1.835313e-17 1.000000e+00 2.253927e-16
    outer loop
      vertex   -4.579204e-01 1.200000e+00 4.050287e+00
      vertex   2.781994e-01 1.200000e+00 8.050810e+00
      vertex   -2.398407e-01 1.200000e+00 4.068045e+00
    endloop
  endfacet
  facet normal 1.029727e-16 1.000000e+00 2.096118e-16
    outer loop
      vertex   -2.398407e-01 1.200000e+00 4.068045e+00
      vertex   2.781994e-01 1.200000e+00 8.050810e+00
      vertex   5.684834e-01 1.200000e+00 7.908207e+00
    endloop
  endfacet
  facet normal 1.116718e-16 1.000000e+00 2.077807e-16
    outer loop
      vertex   -2.398407e-01 1.200000e+00 4.068045e+00
      vertex   5.684834e-01 1.200000e+00 7.908207e+00
      vertex   8.533655e-01 1.200000e+00 7.755097e+00
    endloop
  endfacet
  facet normal -6.578416e-18 1.000000e+00 2.428417e-16
    outer loop
      vertex   -2.398407e-01 1.200000e+00 4.068045e+00
      vertex   8.533655e-01 1.200000e+00 7.755097e+00
      vertex   -2.111952e-02 1.200000e+00 4.073970e+00
    endloop
  endfacet
  facet normal 8.224469e-16 1.000000e+00 4.589923e-17
    outer loop
      vertex   -2.111952e-02 1.200000e+00 4.073970e+00
      vertex   8.533655e-01 1.200000e+00 7.755097e+00
      vertex   1.132466e+00 1.200000e+00 7.591685e+00
    endloop
  endfacet
  facet normal 8.474355e-18 1.000000e+00 3.128301e-16
    outer loop
      vertex   -2.111952e-02 1.200000e+00 4.073970e+00
      vertex   1.132466e+00 1.200000e+00 7.591685e+00
      vertex   1.976017e-01 1.200000e+00 4.068045e+00
    endloop
  endfacet
  facet normal 1.713763e-16 1.000000e+00 2.696103e-16
    outer loop
      vertex   1.976017e-01 1.200000e+00 4.068045e+00
      vertex   1.132466e+00 1.200000e+00 7.591685e+00
      vertex   1.405412e+00 1.200000e+00 7.418188e+00
    endloop
  endfacet
  facet normal 2.621509e-17 1.000000e+00 3.219445e-16
    outer loop
      vertex   1.976017e-01 1.200000e+00 4.068045e+00
      vertex   1.405412e+00 1.200000e+00 7.418188e+00
      vertex   4.156813e-01 1.200000e+00 4.050287e+00
    endloop
  endfacet
  facet normal 1.886957e-16 1.000000e+00 2.741961e-16
    outer loop
      vertex   4.156813e-01 1.200000e+00 4.050287e+00
      vertex   1.405412e+00 1.200000e+00 7.418188e+00
      vertex   1.671839e+00 1.200000e+00 7.234839e+00
    endloop
  endfacet
  facet normal 1.017039e-15 1.000000e+00 -5.254688e-17
    outer loop
      vertex   4.156813e-01 1.200000e+00 4.050287e+00
      vertex   1.671839e+00 1.200000e+00 7.234839e+00
      vertex   6.324797e-01 1.200000e+00 4.020749e+00
    endloop
  endfacet
  facet normal 1.656205e-16 1.000000e+00 2.227814e-16
    outer loop
      vertex   6.324797e-01 1.200000e+00 4.020749e+00
      vertex   1.671839e+00 1.200000e+00 7.234839e+00
      vertex   1.931392e+00 1.200000e+00 7.041881e+00
    endloop
  endfacet
  facet normal 1.752841e-16 1.000000e+00 2.186266e-16
    outer loop
      vertex   6.324797e-01 1.200000e+00 4.020749e+00
      vertex   1.931392e+00 1.200000e+00 7.041881e+00
      vertex   2.183725e+00 1.200000e+00 6.839573e+00
    endloop
  endfacet
  facet normal 5.468554e-17 1.000000e+00 2.849939e-16
    outer loop
      vertex   6.324797e-01 1.200000e+00 4.020749e+00
      vertex   2.183725e+00 1.200000e+00 6.839573e+00
      vertex   8.473611e-01 1.200000e+00 3.979517e+00
    endloop
  endfacet
  facet normal 1.910825e-16 1.000000e+00 2.212623e-16
    outer loop
      vertex   8.473611e-01 1.200000e+00 3.979517e+00
      vertex   2.183725e+00 1.200000e+00 6.839573e+00
      vertex   2.428501e+00 1.200000e+00 6.628184e+00
    endloop
  endfacet
  facet normal 7.261304e-17 1.000000e+00 2.919835e-16
    outer loop
      vertex   8.473611e-01 1.200000e+00 3.979517e+00
      vertex   2.428501e+00 1.200000e+00 6.628184e+00
      vertex   1.059695e+00 1.200000e+00 3.926712e+00
    endloop
  endfacet
  facet normal 2.077500e-16 1.000000e+00 2.235111e-16
    outer loop
      vertex   1.059695e+00 1.200000e+00 3.926712e+00
      vertex   2.428501e+00 1.200000e+00 6.628184e+00
      vertex   2.665393e+00 1.200000e+00 6.407997e+00
    endloop
  endfacet
  facet normal 9.168945e-17 1.000000e+00 2.986166e-16
    outer loop
      vertex   1.059695e+00 1.200000e+00 3.926712e+00
      vertex   2.665393e+00 1.200000e+00 6.407997e+00
      vertex   1.268859e+00 1.200000e+00 3.862489e+00
    endloop
  endfacet
  facet normal 2.253092e-16 1.000000e+00 2.253092e-16
    outer loop
      vertex   1.268859e+00 1.200000e+00 3.862489e+00
      vertex   2.665393e+00 1.200000e+00 6.407997e+00
      vertex   2.894086e+00 1.200000e+00 6.179304e+00
    endloop
  endfacet
  facet normal 1.119809e-16 1.000000e+00 3.048081e-16
    outer loop
      vertex   1.268859e+00 1.200000e+00 3.862489e+00
      vertex   2.894086e+00 1.200000e+00 6.179304e+00
      vertex   1.474239e+00 1.200000e+00 3.787036e+00
    endloop
  endfacet
  facet normal 2.437758e-16 1.000000e+00 2.265858e-16
    outer loop
      vertex   1.474239e+00 1.200000e+00 3.787036e+00
      vertex   2.894086e+00 1.200000e+00 6.179304e+00
      vertex   3.114273e+00 1.200000e+00 5.942412e+00
    endloop
  endfacet
  facet normal 1.335492e-16 1.000000e+00 3.104577e-16
    outer loop
      vertex   1.474239e+00 1.200000e+00 3.787036e+00
      vertex   3.114273e+00 1.200000e+00 5.942412e+00
      vertex   1.675232e+00 1.200000e+00 3.700575e+00
    endloop
  endfacet
  facet normal 2.631565e-16 1.000000e+00 2.272625e-16
    outer loop
      vertex   1.675232e+00 1.200000e+00 3.700575e+00
      vertex   3.114273e+00 1.200000e+00 5.942412e+00
      vertex   3.325662e+00 1.200000e+00 5.697636e+00
    endloop
  endfacet
  facet normal 1.564484e-16 1.000000e+00 3.154492e-16
    outer loop
      vertex   1.675232e+00 1.200000e+00 3.700575e+00
      vertex   3.325662e+00 1.200000e+00 5.697636e+00
      vertex   1.871251e+00 1.200000e+00 3.603359e+00
    endloop
  endfacet
  facet normal 2.834461e-16 1.000000e+00 2.272532e-16
    outer loop
      vertex   1.871251e+00 1.200000e+00 3.603359e+00
      vertex   3.325662e+00 1.200000e+00 5.697636e+00
      vertex   3.527970e+00 1.200000e+00 5.445303e+00
    endloop
  endfacet
  facet normal 1.807212e-16 1.000000e+00 3.196481e-16
    outer loop
      vertex   1.871251e+00 1.200000e+00 3.603359e+00
      vertex   3.527970e+00 1.200000e+00 5.445303e+00
      vertex   2.061718e+00 1.200000e+00 3.495673e+00
    endloop
  endfacet
  facet normal 3.046246e-16 1.000000e+00 2.264645e-16
    outer loop
      vertex   2.061718e+00 1.200000e+00 3.495673e+00
      vertex   3.527970e+00 1.200000e+00 5.445303e+00
      vertex   3.720928e+00 1.200000e+00 5.185750e+00
    endloop
  endfacet
  facet normal 2.063942e-16 1.000000e+00 3.229008e-16
    outer loop
      vertex   2.061718e+00 1.200000e+00 3.495673e+00
      vertex   3.720928e+00 1.200000e+00 5.185750e+00
      vertex   2.246076e+00 1.200000e+00 3.377834e+00
    endloop
  endfacet
  facet normal 3.266540e-16 1.000000e+00 2.247960e-16
    outer loop
      vertex   2.246076e+00 1.200000e+00 3.377834e+00
      vertex   3.720928e+00 1.200000e+00 5.185750e+00
      vertex   3.904277e+00 1.200000e+00 4.919323e+00
    endloop
  endfacet
  facet normal 2.334714e-16 1.000000e+00 3.250337e-16
    outer loop
      vertex   2.246076e+00 1.200000e+00 3.377834e+00
      vertex   3.904277e+00 1.200000e+00 4.919323e+00
      vertex   2.423784e+00 1.200000e+00 3.250186e+00
    endloop
  endfacet
  facet normal 3.494742e-16 1.000000e+00 2.221414e-16
    outer loop
      vertex   2.423784e+00 1.200000e+00 3.250186e+00
      vertex   3.904277e+00 1.200000e+00 4.919323e+00
      vertex   4.077774e+00 1.200000e+00 4.646377e+00
    endloop
  endfacet
  facet normal 2.619278e-16 1.000000e+00 3.258528e-16
    outer loop
      vertex   2.423784e+00 1.200000e+00 3.250186e+00
      vertex   4.077774e+00 1.200000e+00 4.646377e+00
      vertex   2.594321e+00 1.200000e+00 3.113105e+00
    endloop
  endfacet
  facet normal 3.729995e-16 1.000000e+00 2.183900e-16
    outer loop
      vertex   2.594321e+00 1.200000e+00 3.113105e+00
      vertex   4.077774e+00 1.200000e+00 4.646377e+00
      vertex   4.241186e+00 1.200000e+00 4.367277e+00
    endloop
  endfacet
  facet normal 2.917004e-16 1.000000e+00 3.251447e-16
    outer loop
      vertex   2.594321e+00 1.200000e+00 3.113105e+00
      vertex   4.241186e+00 1.200000e+00 4.367277e+00
      vertex   2.757186e+00 1.200000e+00 2.966992e+00
    endloop
  endfacet
  facet normal 3.971140e-16 1.000000e+00 2.134290e-16
    outer loop
      vertex   2.757186e+00 1.200000e+00 2.966992e+00
      vertex   4.241186e+00 1.200000e+00 4.367277e+00
      vertex   4.394296e+00 1.200000e+00 4.082394e+00
    endloop
  endfacet
  facet normal 3.226792e-16 1.000000e+00 3.226792e-16
    outer loop
      vertex   2.757186e+00 1.200000e+00 2.966992e+00
      vertex   4.394296e+00 1.200000e+00 4.082394e+00
      vertex   2.911902e+00 1.200000e+00 2.812276e+00
    endloop
  endfacet
  facet normal 4.216680e-16 1.000000e+00 2.071464e-16
    outer loop
      vertex   2.911902e+00 1.200000e+00 2.812276e+00
      vertex   4.394296e+00 1.200000e+00 4.082394e+00
      vertex   4.536899e+00 1.200000e+00 3.792110e+00
    endloop
  endfacet
  facet normal 3.546974e-16 1.000000e+00 3.182132e-16
    outer loop
      vertex   2.911902e+00 1.200000e+00 2.812276e+00
      vertex   4.536899e+00 1.200000e+00 3.792110e+00
      vertex   3.058015e+00 1.200000e+00 2.649411e+00
    endloop
  endfacet
  facet normal 4.464745e-16 1.000000e+00 1.994350e-16
    outer loop
      vertex   3.058015e+00 1.200000e+00 2.649411e+00
      vertex   4.536899e+00 1.200000e+00 3.792110e+00
      vertex   4.668806e+00 1.200000e+00 3.496812e+00
    endloop
  endfacet
  facet normal 3.875207e-16 1.000000e+00 3.114979e-16
    outer loop
      vertex   3.058015e+00 1.200000e+00 2.649411e+00
      vertex   4.668806e+00 1.200000e+00 3.496812e+00
      vertex   3.195096e+00 1.200000e+00 2.478874e+00
    endloop
  endfacet
  facet normal 4.713066e-16 1.000000e+00 1.901977e-16
    outer loop
      vertex   3.195096e+00 1.200000e+00 2.478874e+00
      vertex   4.668806e+00 1.200000e+00 3.496812e+00
      vertex   4.789839e+00 1.200000e+00 3.196893e+00
    endloop
  endfacet
  facet normal 4.208389e-16 1.000000e+00 3.022882e-16
    outer loop
      vertex   3.195096e+00 1.200000e+00 2.478874e+00
      vertex   4.789839e+00 1.200000e+00 3.196893e+00
      vertex   3.322744e+00 1.200000e+00 2.301166e+00
    endloop
  endfacet
  facet normal 1.307776e-16 1.000000e+00 7.773743e-16
    outer loop
      vertex   3.322744e+00 1.200000e+00 2.301166e+00
      vertex   4.789839e+00 1.200000e+00 3.196893e+00
      vertex   4.899838e+00 1.200000e+00 2.892754e+00
    endloop
  endfacet
  facet normal 3.406933e-16 1.000000e+00 2.177669e-16
    outer loop
      vertex   3.322744e+00 1.200000e+00 2.301166e+00
      vertex   4.899838e+00 1.200000e+00 2.892754e+00
      vertex   3.440583e+00 1.200000e+00 2.116808e+00
    endloop
  endfacet
  facet normal 3.899522e-16 1.000000e+00 1.251301e-16
    outer loop
      vertex   3.440583e+00 1.200000e+00 2.116808e+00
      vertex   4.899838e+00 1.200000e+00 2.892754e+00
      vertex   4.998656e+00 1.200000e+00 2.584800e+00
    endloop
  endfacet
  facet normal 6.648034e-16 1.000000e+00 -7.899239e-16
    outer loop
      vertex   3.440583e+00 1.200000e+00 2.116808e+00
      vertex   4.998656e+00 1.200000e+00 2.584800e+00
      vertex   3.548269e+00 1.200000e+00 1.926340e+00
    endloop
  endfacet
  facet normal 5.586682e-16 1.000000e+00 -5.561403e-16
    outer loop
      vertex   3.548269e+00 1.200000e+00 1.926340e+00
      vertex   4.998656e+00 1.200000e+00 2.584800e+00
      vertex   5.086161e+00 1.200000e+00 2.273443e+00
    endloop
  endfacet
  facet normal 1.596130e-16 1.000000e+00 1.211937e-15
    outer loop
      vertex   3.548269e+00 1.200000e+00 1.926340e+00
      vertex   5.086161e+00 1.200000e+00 2.273443e+00
      vertex   3.645485e+00 1.200000e+00 1.730322e+00
    endloop
  endfacet
  facet normal 5.649568e-16 1.000000e+00 1.367260e-16
    outer loop
      vertex   3.645485e+00 1.200000e+00 1.730322e+00
      vertex   5.086161e+00 1.200000e+00 2.273443e+00
      vertex   5.162237e+00 1.200000e+00 1.959097e+00
    endloop
  endfacet
  facet normal 5.499001e-16 1.000000e+00 2.365498e-16
    outer loop
      vertex   3.645485e+00 1.200000e+00 1.730322e+00
      vertex   5.162237e+00 1.200000e+00 1.959097e+00
      vertex   3.731946e+00 1.200000e+00 1.529328e+00
    endloop
  endfacet
  facet normal 5.592431e-16 1.000000e+00 2.054558e-16
    outer loop
      vertex   3.731946e+00 1.200000e+00 1.529328e+00
      vertex   5.162237e+00 1.200000e+00 1.959097e+00
      vertex   3.807399e+00 1.200000e+00 1.323948e+00
    endloop
  endfacet
  facet normal 2.985889e-16 1.000000e+00 7.614576e-16
    outer loop
      vertex   3.807399e+00 1.200000e+00 1.323948e+00
      vertex   5.162237e+00 1.200000e+00 1.959097e+00
      vertex   5.226780e+00 1.200000e+00 1.642183e+00
    endloop
  endfacet
  facet normal 4.390853e-16 1.000000e+00 1.348200e-16
    outer loop
      vertex   3.807399e+00 1.200000e+00 1.323948e+00
      vertex   5.226780e+00 1.200000e+00 1.642183e+00
      vertex   3.871622e+00 1.200000e+00 1.114785e+00
    endloop
  endfacet
  facet normal 4.617451e-16 1.000000e+00 7.659545e-17
    outer loop
      vertex   3.871622e+00 1.200000e+00 1.114785e+00
      vertex   5.226780e+00 1.200000e+00 1.642183e+00
      vertex   5.279707e+00 1.200000e+00 1.323123e+00
    endloop
  endfacet
  facet normal 4.562886e-16 1.000000e+00 1.134739e-16
    outer loop
      vertex   3.871622e+00 1.200000e+00 1.114785e+00
      vertex   5.279707e+00 1.200000e+00 1.323123e+00
      vertex   3.924428e+00 1.200000e+00 9.024507e-01
    endloop
  endfacet
  facet normal 4.726500e-16 1.000000e+00 6.076236e-17
    outer loop
      vertex   3.924428e+00 1.200000e+00 9.024507e-01
      vertex   5.279707e+00 1.200000e+00 1.323123e+00
      vertex   5.320945e+00 1.200000e+00 1.002343e+00
    endloop
  endfacet
  facet normal 4.705380e-16 1.000000e+00 9.028832e-17
    outer loop
      vertex   3.924428e+00 1.200000e+00 9.024507e-01
      vertex   5.320945e+00 1.200000e+00 1.002343e+00
      vertex   3.965660e+00 1.200000e+00 6.875693e-01
    endloop
  endfacet
  facet normal 4.812714e-16 1.000000e+00 4.407489e-17
    outer loop
      vertex   3.965660e+00 1.200000e+00 6.875693e-01
      vertex   5.320945e+00 1.200000e+00 1.002343e+00
      vertex   5.350441e+00 1.200000e+00 6.802707e-01
    endloop
  endfacet
  facet normal 4.813847e-16 1.000000e+00 6.558736e-17
    outer loop
      vertex   3.965660e+00 1.200000e+00 6.875693e-01
      vertex   5.350441e+00 1.200000e+00 6.802707e-01
      vertex   3.995198e+00 1.200000e+00 4.707709e-01
    endloop
  endfacet
  facet normal 4.873910e-16 1.000000e+00 2.673346e-17
    outer loop
      vertex   3.995198e+00 1.200000e+00 4.707709e-01
      vertex   5.350441e+00 1.200000e+00 6.802707e-01
      vertex   5.368154e+00 1.200000e+00 3.573361e-01
    endloop
  endfacet
  facet normal 4.884684e-16 1.000000e+00 3.977469e-17
    outer loop
      vertex   3.995198e+00 1.200000e+00 4.707709e-01
      vertex   5.368154e+00 1.200000e+00 3.573361e-01
      vertex   4.012955e+00 1.200000e+00 2.526913e-01
    endloop
  endfacet
  facet normal 4.908474e-16 1.000000e+00 8.966361e-18
    outer loop
      vertex   4.012955e+00 1.200000e+00 2.526913e-01
      vertex   5.368154e+00 1.200000e+00 3.573361e-01
      vertex   5.374061e+00 1.200000e+00 3.397007e-02
    endloop
  endfacet
  facet normal 9.830926e-16 1.000000e+00 3.072216e-15
    outer loop
      vertex   4.012955e+00 1.200000e+00 2.526913e-01
      vertex   5.374061e+00 1.200000e+00 3.397007e-02
      vertex   4.018880e+00 1.200000e+00 3.397007e-02
    endloop
  endfacet
  facet normal 9.830926e-16 1.000000e+00 -1.795826e-17
    outer loop
      vertex   4.018880e+00 1.200000e+00 3.397007e-02
      vertex   5.374061e+00 1.200000e+00 3.397007e-02
      vertex   5.368154e+00 1.200000e+00 -2.893960e-01
    endloop
  endfacet
  facet normal 1.137233e-15 1.000000e+00 6.252065e-16
    outer loop
      vertex   4.018880e+00 1.200000e+00 3.397007e-02
      vertex   5.368154e+00 1.200000e+00 -2.893960e-01
      vertex   5.350441e+00 1.200000e+00 -6.123306e-01
    endloop
  endfacet
  facet normal 7.982917e-16 1.000000e+00 -7.310764e-17
    outer loop
      vertex   5.350441e+00 1.200000e+00 -6.123306e-01
      vertex   5.320945e+00 1.200000e+00 -9.344028e-01
      vertex   4.018880e+00 1.200000e+00 3.397007e-02
    endloop
  endfacet
  facet normal 7.782542e-16 1.000000e+00 -1.000499e-16
    outer loop
      vertex   4.018880e+00 1.200000e+00 3.397007e-02
      vertex   5.320945e+00 1.200000e+00 -9.344028e-01
      vertex   5.279707e+00 1.200000e+00 -1.255183e+00
    endloop
  endfacet
  facet normal 7.528598e-16 1.000000e+00 -1.248863e-16
    outer loop
      vertex   4.018880e+00 1.200000e+00 3.397007e-02
      vertex   5.279707e+00 1.200000e+00 -1.255183e+00
      vertex   5.226780e+00 1.200000e+00 -1.574243e+00
    endloop
  endfacet
  facet normal 1.456924e-15 1.000000e+00 4.039235e-16
    outer loop
      vertex   5.226780e+00 1.200000e+00 -1.574243e+00
      vertex   5.162237e+00 1.200000e+00 -1.891157e+00
      vertex   4.018880e+00 1.200000e+00 3.397007e-02
    endloop
  endfacet
  facet normal 5.519177e-16 1.000000e+00 -1.335704e-16
    outer loop
      vertex   4.018880e+00 1.200000e+00 3.397007e-02
      vertex   5.162237e+00 1.200000e+00 -1.891157e+00
      vertex   5.086161e+00 1.200000e+00 -2.205503e+00
    endloop
  endfacet
  facet normal 5.234833e-16 1.000000e+00 -1.471216e-16
    outer loop
      vertex   4.018880e+00 1.200000e+00 3.397007e-02
      vertex   5.086161e+00 1.200000e+00 -2.205503e+00
      vertex   4.998656e+00 1.200000e+00 -2.516860e+00
    endloop
  endfacet
  facet normal 4.938987e-16 1.000000e+00 -1.584851e-16
    outer loop
      vertex   4.998656e+00 1.200000e+00 -2.516860e+00
      vertex   4.899838e+00 1.200000e+00 -2.824814e+00
      vertex   4.018880e+00 1.200000e+00 3.397007e-02
    endloop
  endfacet
  facet normal 1.553762e-15 1.000000e+00 1.681207e-16
    outer loop
      vertex   4.018880e+00 1.200000e+00 3.397007e-02
      vertex   4.899838e+00 1.200000e+00 -2.824814e+00
      vertex   4.789839e+00 1.200000e+00 -3.128953e+00
    endloop
  endfacet
  facet normal 3.253608e-16 1.000000e+00 -1.313007e-16
    outer loop
      vertex   4.018880e+00 1.200000e+00 3.397007e-02
      vertex   4.789839e+00 1.200000e+00 -3.128953e+00
      vertex   4.668806e+00 1.200000e+00 -3.428872e+00
    endloop
  endfacet
  facet normal 3.032379e-16 1.000000e+00 -1.354529e-16
    outer loop
      vertex   4.668806e+00 1.200000e+00 -3.428872e+00
      vertex   4.536899e+00 1.200000e+00 -3.724170e+00
      vertex   4.018880e+00 1.200000e+00 3.397007e-02
    endloop
  endfacet
  facet normal 2.817560e-16 1.000000e+00 -1.384139e-16
    outer loop
      vertex   4.018880e+00 1.200000e+00 3.397007e-02
      vertex   4.536899e+00 1.200000e+00 -3.724170e+00
      vertex   4.394296e+00 1.200000e+00 -4.014454e+00
    endloop
  endfacet
  facet normal 2.611018e-16 1.000000e+00 -1.403292e-16
    outer loop
      vertex   4.018880e+00 1.200000e+00 3.397007e-02
      vertex   4.394296e+00 1.200000e+00 -4.014454e+00
      vertex   4.241186e+00 1.200000e+00 -4.299336e+00
    endloop
  endfacet
  facet normal 2.414016e-16 1.000000e+00 -1.413399e-16
    outer loop
      vertex   4.241186e+00 1.200000e+00 -4.299336e+00
      vertex   4.077774e+00 1.200000e+00 -4.578437e+00
      vertex   4.018880e+00 1.200000e+00 3.397007e-02
    endloop
  endfacet
  facet normal -7.278790e-14 1.000000e+00 -1.073810e-15
    outer loop
      vertex   4.018880e+00 1.200000e+00 3.397007e-02
      vertex   4.077774e+00 1.200000e+00 -4.578437e+00
      vertex   4.012955e+00 1.200000e+00 -1.847511e-01
    endloop
  endfacet
  facet normal 0.000000e+00 1.000000e+00 0.000000e+00
    outer loop
      vertex   4.012955e+00 1.200000e+00 -1.847511e-01
      vertex   4.077774e+00 1.200000e+00 -4.578437e+00
      vertex   3.995198e+00 1.200000e+00 -4.028308e-01
    endloop
  endfacet
  facet normal 6.564404e-15 1.000000e+00 1.298162e-16
    outer loop
      vertex   3.995198e+00 1.200000e+00 -4.028308e-01
      vertex   4.077774e+00 1.200000e+00 -4.578437e+00
      vertex   3.965660e+00 1.200000e+00 -6.196292e-01
    endloop
  endfacet
  facet normal 2.547135e-16 1.000000e+00 -4.887523e-17
    outer loop
      vertex   3.965660e+00 1.200000e+00 -6.196292e-01
      vertex   4.077774e+00 1.200000e+00 -4.578437e+00
      vertex   3.924428e+00 1.200000e+00 -8.345105e-01
    endloop
  endfacet
  facet normal 1.290002e-15 1.000000e+00 -6.471215e-18
    outer loop
      vertex   3.924428e+00 1.200000e+00 -8.345105e-01
      vertex   4.077774e+00 1.200000e+00 -4.578437e+00
      vertex   3.904277e+00 1.200000e+00 -4.851382e+00
    endloop
  endfacet
  facet normal 0.000000e+00 1.000000e+00 0.000000e+00
    outer loop
      vertex   3.924428e+00 1.200000e+00 -8.345105e-01
      vertex   3.904277e+00 1.200000e+00 -4.851382e+00
      vertex   3.871622e+00 1.200000e+00 -1.046844e+00
    endloop
  endfacet
  facet normal 0.000000e+00 1.000000e+00 0.000000e+00
    outer loop
      vertex   3.871622e+00 1.200000e+00 -1.046844e+00
      vertex   3.904277e+00 1.200000e+00 -4.851382e+00
      vertex   3.807399e+00 1.200000e+00 -1.256008e+00
    endloop
  endfacet
  facet normal 0.000000e+00 1.000000e+00 0.000000e+00
    outer loop
      vertex   3.807399e+00 1.200000e+00 -1.256008e+00
      vertex   3.904277e+00 1.200000e+00 -4.851382e+00
      vertex   3.731946e+00 1.200000e+00 -1.461388e+00
    endloop
  endfacet
  facet normal 0.000000e+00 1.000000e+00 0.000000e+00
    outer loop
      vertex   3.731946e+00 1.200000e+00 -1.461388e+00
      vertex   3.904277e+00 1.200000e+00 -4.851382e+00
      vertex   3.645485e+00 1.200000e+00 -1.662382e+00
    endloop
  endfacet
  facet normal 1.962857e-15 1.000000e+00 1.592886e-16
    outer loop
      vertex   3.645485e+00 1.200000e+00 -1.662382e+00
      vertex   3.904277e+00 1.200000e+00 -4.851382e+00
      vertex   3.548269e+00 1.200000e+00 -1.858400e+00
    endloop
  endfacet
  facet normal 9.191684e-17 1.000000e+00 -6.325512e-17
    outer loop
      vertex   3.548269e+00 1.200000e+00 -1.858400e+00
      vertex   3.904277e+00 1.200000e+00 -4.851382e+00
      vertex   3.720928e+00 1.200000e+00 -5.117810e+00
    endloop
  endfacet
  facet normal 1.101713e-16 1.000000e+00 -6.228814e-17
    outer loop
      vertex   3.548269e+00 1.200000e+00 -1.858400e+00
      vertex   3.720928e+00 1.200000e+00 -5.117810e+00
      vertex   3.440583e+00 1.200000e+00 -2.048868e+00
    endloop
  endfacet
  facet normal 9.903978e-17 1.000000e+00 -6.330499e-17
    outer loop
      vertex   3.440583e+00 1.200000e+00 -2.048868e+00
      vertex   3.720928e+00 1.200000e+00 -5.117810e+00
      vertex   3.322744e+00 1.200000e+00 -2.233226e+00
    endloop
  endfacet
  facet normal 8.989012e-17 1.000000e+00 -6.456800e-17
    outer loop
      vertex   3.322744e+00 1.200000e+00 -2.233226e+00
      vertex   3.720928e+00 1.200000e+00 -5.117810e+00
      vertex   3.195096e+00 1.200000e+00 -2.410934e+00
    endloop
  endfacet
  facet normal 8.218763e-17 1.000000e+00 -6.606427e-17
    outer loop
      vertex   3.195096e+00 1.200000e+00 -2.410934e+00
      vertex   3.720928e+00 1.200000e+00 -5.117810e+00
      vertex   3.058015e+00 1.200000e+00 -2.581471e+00
    endloop
  endfacet
  facet normal 7.556742e-17 1.000000e+00 -6.779456e-17
    outer loop
      vertex   3.058015e+00 1.200000e+00 -2.581471e+00
      vertex   3.720928e+00 1.200000e+00 -5.117810e+00
      vertex   2.911902e+00 1.200000e+00 -2.744336e+00
    endloop
  endfacet
  facet normal 6.977051e-17 1.000000e+00 -6.977051e-17
    outer loop
      vertex   2.911902e+00 1.200000e+00 -2.744336e+00
      vertex   3.720928e+00 1.200000e+00 -5.117810e+00
      vertex   2.757186e+00 1.200000e+00 -2.899052e+00
    endloop
  endfacet
  facet normal 6.460631e-17 1.000000e+00 -7.201363e-17
    outer loop
      vertex   2.757186e+00 1.200000e+00 -2.899052e+00
      vertex   3.720928e+00 1.200000e+00 -5.117810e+00
      vertex   2.594321e+00 1.200000e+00 -3.045165e+00
    endloop
  endfacet
  facet normal 1.872179e-15 1.000000e+00 9.105102e-16
    outer loop
      vertex   2.594321e+00 1.200000e+00 -3.045165e+00
      vertex   3.720928e+00 1.200000e+00 -5.117810e+00
      vertex   2.423784e+00 1.200000e+00 -3.182246e+00
    endloop
  endfacet
  facet normal 0.000000e+00 1.000000e+00 -0.000000e+00
    outer loop
      vertex   9.471789e-01 2.500000e+00 -2.433214e+00
      vertex   4.723293e-01 2.500000e+00 -2.127971e+00
      vertex   1.087650e+00 2.500000e+00 -1.886475e+00
    endloop
  endfacet
  facet normal 3.662109e-15 1.000000e+00 -9.330902e-15
    outer loop
      vertex   1.087650e+00 2.500000e+00 -1.886475e+00
      vertex   4.723293e-01 2.500000e+00 -2.127971e+00
      vertex   4.549627e-01 2.500000e+00 -1.135325e+00
    endloop
  endfacet
  facet normal 4.146315e-15 1.000000e+00 -8.923060e-15
    outer loop
      vertex   1.087650e+00 2.500000e+00 -1.886475e+00
      vertex   4.549627e-01 2.500000e+00 -1.135325e+00
      vertex   5.655935e-01 2.500000e+00 -1.083918e+00
    endloop
  endfacet
  facet normal -1.522913e-15 1.000000e+00 2.032187e-14
    outer loop
      vertex   1.769448e-01 2.500000e+00 -2.609015e+00
      vertex   -1.868364e-01 2.500000e+00 -2.177368e+00
      vertex   4.723293e-01 2.500000e+00 -2.127971e+00
    endloop
  endfacet
  facet normal 7.489188e-16 1.000000e+00 -9.993627e-15
    outer loop
      vertex   4.723293e-01 2.500000e+00 -2.127971e+00
      vertex   -1.868364e-01 2.500000e+00 -2.177368e+00
      vertex   1.007293e-01 2.500000e+00 -1.222636e+00
    endloop
  endfacet
  facet normal 1.419114e-15 1.000000e+00 -9.718542e-15
    outer loop
      vertex   4.723293e-01 2.500000e+00 -2.127971e+00
      vertex   1.007293e-01 2.500000e+00 -1.222636e+00
      vertex   2.214405e-01 2.500000e+00 -1.205010e+00
    endloop
  endfacet
  facet normal 4.534721e-15 1.000000e+00 1.986791e-14
    outer loop
      vertex   -6.108881e-01 2.500000e+00 -2.549975e+00
      vertex   -8.312775e-01 2.500000e+00 -2.030279e+00
      vertex   -1.868364e-01 2.500000e+00 -2.177368e+00
    endloop
  endfacet
  facet normal -2.229290e-15 1.000000e+00 -9.767158e-15
    outer loop
      vertex   -1.868364e-01 2.500000e+00 -2.177368e+00
      vertex   -8.312775e-01 2.500000e+00 -2.030279e+00
      vertex   -2.636795e-01 2.500000e+00 -1.205010e+00
    endloop
  endfacet
  facet normal -1.416838e-15 1.000000e+00 -9.702952e-15
    outer loop
      vertex   -1.868364e-01 2.500000e+00 -2.177368e+00
      vertex   -2.636795e-01 2.500000e+00 -1.205010e+00
      vertex   -1.429683e-01 2.500000e+00 -1.222636e+00
    endloop
  endfacet
  facet normal 0.000000e+00 1.000000e+00 -0.000000e+00
    outer loop
      vertex   -1.346318e+00 2.500000e+00 -2.261340e+00
      vertex   -1.403732e+00 2.500000e+00 -1.699772e+00
      vertex   -8.312775e-01 2.500000e+00 -2.030279e+00
    endloop
  endfacet
  facet normal -5.006940e-15 1.000000e+00 -8.672274e-15
    outer loop
      vertex   -8.312775e-01 2.500000e+00 -2.030279e+00
      vertex   -1.403732e+00 2.500000e+00 -1.699772e+00
      vertex   -6.078325e-01 2.500000e+00 -1.083918e+00
    endloop
  endfacet
  facet normal -4.126390e-15 1.000000e+00 -8.880180e-15
    outer loop
      vertex   -8.312775e-01 2.500000e+00 -2.030279e+00
      vertex   -6.078325e-01 2.500000e+00 -1.083918e+00
      vertex   -4.972018e-01 2.500000e+00 -1.135325e+00
    endloop
  endfacet
  facet normal 0.000000e+00 1.000000e+00 0.000000e+00
    outer loop
      vertex   -1.963997e+00 2.500000e+00 -1.768757e+00
      vertex   -1.853336e+00 2.500000e+00 -1.215214e+00
      vertex   -1.403732e+00 2.500000e+00 -1.699772e+00
    endloop
  endfacet
  facet normal -7.337690e-15 1.000000e+00 -6.808382e-15
    outer loop
      vertex   -1.403732e+00 2.500000e+00 -1.699772e+00
      vertex   -1.853336e+00 2.500000e+00 -1.215214e+00
      vertex   -9.860681e-01 2.500000e+00 -7.801432e-01
    endloop
  endfacet
  facet normal -7.326326e-15 1.000000e+00 -6.813543e-15
    outer loop
      vertex   -1.403732e+00 2.500000e+00 -1.699772e+00
      vertex   -9.860681e-01 2.500000e+00 -7.801432e-01
      vertex   -9.029901e-01 2.500000e+00 -8.694736e-01
    endloop
  endfacet
  facet normal 1.530177e-14 1.000000e+00 -8.290234e-15
    outer loop
      vertex   -2.409044e+00 2.500000e+00 -1.115994e+00
      vertex   -2.140139e+00 2.500000e+00 -6.196610e-01
      vertex   -1.853336e+00 2.500000e+00 -1.215214e+00
    endloop
  endfacet
  facet normal 2.264081e-15 1.000000e+00 -1.456886e-14
    outer loop
      vertex   -1.853336e+00 2.500000e+00 -1.215214e+00
      vertex   -2.140139e+00 2.500000e+00 -6.196610e-01
      vertex   -1.178570e+00 2.500000e+00 -4.702277e-01
    endloop
  endfacet
  facet normal -8.940655e-15 1.000000e+00 -4.420240e-15
    outer loop
      vertex   -1.853336e+00 2.500000e+00 -1.215214e+00
      vertex   -1.178570e+00 2.500000e+00 -4.702277e-01
      vertex   -1.124504e+00 2.500000e+00 -5.795840e-01
    endloop
  endfacet
  facet normal -0.000000e+00 1.000000e+00 0.000000e+00
    outer loop
      vertex   -2.641913e+00 2.500000e+00 -3.610510e-01
      vertex   -2.238658e+00 2.500000e+00 3.397007e-02
      vertex   -2.140139e+00 2.500000e+00 -6.196610e-01
    endloop
  endfacet
  facet normal 0.000000e+00 1.000000e+00 -0.000000e+00
    outer loop
      vertex   -2.140139e+00 2.500000e+00 -6.196610e-01
      vertex   -2.238658e+00 2.500000e+00 3.397007e-02
      vertex   -1.274414e+00 2.500000e+00 -1.182075e-01
    endloop
  endfacet
  facet normal 0.000000e+00 1.000000e+00 0.000000e+00
    outer loop
      vertex   -2.140139e+00 2.500000e+00 -6.196610e-01
      vertex   -1.274414e+00 2.500000e+00 -1.182075e-01
      vertex   -1.253876e+00 2.500000e+00 -2.384575e-01
    endloop
  endfacet
  facet normal -0.000000e+00 1.000000e+00 0.000000e+00
    outer loop
      vertex   -2.641913e+00 2.500000e+00 4.289911e-01
      vertex   -2.140139e+00 2.500000e+00 6.876012e-01
      vertex   -2.238658e+00 2.500000e+00 3.397007e-02
    endloop
  endfacet
  facet normal 0.000000e+00 1.000000e+00 0.000000e+00
    outer loop
      vertex   -2.238658e+00 2.500000e+00 3.397007e-02
      vertex   -2.140139e+00 2.500000e+00 6.876012e-01
      vertex   -1.265599e+00 2.500000e+00 2.465208e-01
    endloop
  endfacet
  facet normal 0.000000e+00 1.000000e+00 0.000000e+00
    outer loop
      vertex   -2.238658e+00 2.500000e+00 3.397007e-02
      vertex   -1.265599e+00 2.500000e+00 2.465208e-01
      vertex   -1.280303e+00 2.500000e+00 1.254190e-01
    endloop
  endfacet
  facet normal 1.530177e-14 1.000000e+00 8.290234e-15
    outer loop
      vertex   -2.409044e+00 2.500000e+00 1.183934e+00
      vertex   -1.853336e+00 2.500000e+00 1.283154e+00
      vertex   -2.140139e+00 2.500000e+00 6.876012e-01
    endloop
  endfacet
  facet normal 1.427038e-15 1.000000e+00 1.497196e-14
    outer loop
      vertex   -2.140139e+00 2.500000e+00 6.876012e-01
      vertex   -1.853336e+00 2.500000e+00 1.283154e+00
      vertex   -1.152859e+00 2.500000e+00 5.934994e-01
    endloop
  endfacet
  facet normal 0.000000e+00 1.000000e+00 0.000000e+00
    outer loop
      vertex   -2.140139e+00 2.500000e+00 6.876012e-01
      vertex   -1.152859e+00 2.500000e+00 5.934994e-01
      vertex   -1.201578e+00 2.500000e+00 4.816587e-01
    endloop
  endfacet
  facet normal 0.000000e+00 1.000000e+00 0.000000e+00
    outer loop
      vertex   -1.963997e+00 2.500000e+00 1.836697e+00
      vertex   -1.403732e+00 2.500000e+00 1.767712e+00
      vertex   -1.853336e+00 2.500000e+00 1.283154e+00
    endloop
  endfacet
  facet normal -7.348766e-15 1.000000e+00 6.818658e-15
    outer loop
      vertex   -1.853336e+00 2.500000e+00 1.283154e+00
      vertex   -1.403732e+00 2.500000e+00 1.767712e+00
      vertex   -9.456087e-01 2.500000e+00 8.937526e-01
    endloop
  endfacet
  facet normal -7.543618e-15 1.000000e+00 6.364442e-15
    outer loop
      vertex   -1.853336e+00 2.500000e+00 1.283154e+00
      vertex   -9.456087e-01 2.500000e+00 8.937526e-01
      vertex   -1.024274e+00 2.500000e+00 8.005127e-01
    endloop
  endfacet
  facet normal 0.000000e+00 1.000000e+00 0.000000e+00
    outer loop
      vertex   -1.346318e+00 2.500000e+00 2.329280e+00
      vertex   -8.312775e-01 2.500000e+00 2.098219e+00
      vertex   -1.403732e+00 2.500000e+00 1.767712e+00
    endloop
  endfacet
  facet normal -5.012230e-15 1.000000e+00 8.681437e-15
    outer loop
      vertex   -1.403732e+00 2.500000e+00 1.767712e+00
      vertex   -8.312775e-01 2.500000e+00 2.098219e+00
      vertex   -6.611563e-01 2.500000e+00 1.122207e+00
    endloop
  endfacet
  facet normal -5.397367e-15 1.000000e+00 8.238382e-15
    outer loop
      vertex   -1.403732e+00 2.500000e+00 1.767712e+00
      vertex   -6.611563e-01 2.500000e+00 1.122207e+00
      vertex   -7.631984e-01 2.500000e+00 1.055354e+00
    endloop
  endfacet
  facet normal 0.000000e+00 1.000000e+00 0.000000e+00
    outer loop
      vertex   -6.108881e-01 2.500000e+00 2.617915e+00
      vertex   -1.868364e-01 2.500000e+00 2.245308e+00
      vertex   -8.312775e-01 2.500000e+00 2.098219e+00
    endloop
  endfacet
  facet normal -2.230299e-15 1.000000e+00 9.771580e-15
    outer loop
      vertex   -8.312775e-01 2.500000e+00 2.098219e+00
      vertex   -1.868364e-01 2.500000e+00 2.245308e+00
      vertex   -3.232555e-01 2.500000e+00 1.259784e+00
    endloop
  endfacet
  facet normal -2.810912e-15 1.000000e+00 9.419777e-15
    outer loop
      vertex   -8.312775e-01 2.500000e+00 2.098219e+00
      vertex   -3.232555e-01 2.500000e+00 1.259784e+00
      vertex   -4.401532e-01 2.500000e+00 1.224901e+00
    endloop
  endfacet
  facet normal 0.000000e+00 1.000000e+00 0.000000e+00
    outer loop
      vertex   1.769448e-01 2.500000e+00 2.676955e+00
      vertex   4.723293e-01 2.500000e+00 2.195911e+00
      vertex   -1.868364e-01 2.500000e+00 2.245308e+00
    endloop
  endfacet
  facet normal 7.488058e-16 1.000000e+00 9.992120e-15
    outer loop
      vertex   -1.868364e-01 2.500000e+00 2.245308e+00
      vertex   4.723293e-01 2.500000e+00 2.195911e+00
      vertex   3.987612e-02 2.500000e+00 1.294996e+00
    endloop
  endfacet
  facet normal 0.000000e+00 1.000000e+00 9.813480e-15
    outer loop
      vertex   -1.868364e-01 2.500000e+00 2.245308e+00
      vertex   3.987612e-02 2.500000e+00 1.294996e+00
      vertex   -8.211516e-02 2.500000e+00 1.294996e+00
    endloop
  endfacet
  facet normal 0.000000e+00 1.000000e+00 0.000000e+00
    outer loop
      vertex   9.471789e-01 2.500000e+00 2.501154e+00
      vertex   1.087650e+00 2.500000e+00 1.954415e+00
      vertex   4.723293e-01 2.500000e+00 2.195911e+00
    endloop
  endfacet
  facet normal 3.659348e-15 1.000000e+00 9.323866e-15
    outer loop
      vertex   4.723293e-01 2.500000e+00 2.195911e+00
      vertex   1.087650e+00 2.500000e+00 1.954415e+00
      vertex   3.979141e-01 2.500000e+00 1.224901e+00
    endloop
  endfacet
  facet normal 2.801900e-15 1.000000e+00 9.389578e-15
    outer loop
      vertex   4.723293e-01 2.500000e+00 2.195911e+00
      vertex   3.979141e-01 2.500000e+00 1.224901e+00
      vertex   2.810165e-01 2.500000e+00 1.259784e+00
    endloop
  endfacet
  facet normal 0.000000e+00 1.000000e+00 0.000000e+00
    outer loop
      vertex   1.631375e+00 2.500000e+00 2.106133e+00
      vertex   1.604452e+00 2.500000e+00 1.542280e+00
      vertex   1.087650e+00 2.500000e+00 1.954415e+00
    endloop
  endfacet
  facet normal 6.241894e-15 1.000000e+00 7.827087e-15
    outer loop
      vertex   1.087650e+00 2.500000e+00 1.954415e+00
      vertex   1.604452e+00 2.500000e+00 1.542280e+00
      vertex   7.209594e-01 2.500000e+00 1.055354e+00
    endloop
  endfacet
  facet normal 5.362807e-15 1.000000e+00 8.185631e-15
    outer loop
      vertex   1.087650e+00 2.500000e+00 1.954415e+00
      vertex   7.209594e-01 2.500000e+00 1.055354e+00
      vertex   6.189173e-01 2.500000e+00 1.122207e+00
    endloop
  endfacet
  facet normal 0.000000e+00 1.000000e+00 0.000000e+00
    outer loop
      vertex   2.168740e+00 2.500000e+00 1.526991e+00
      vertex   1.976814e+00 2.500000e+00 9.961242e-01
      vertex   1.604452e+00 2.500000e+00 1.542280e+00
    endloop
  endfacet
  facet normal 8.272786e-15 1.000000e+00 5.640290e-15
    outer loop
      vertex   1.604452e+00 2.500000e+00 1.542280e+00
      vertex   1.976814e+00 2.500000e+00 9.961242e-01
      vertex   1.051334e+00 2.500000e+00 7.001159e-01
    endloop
  endfacet
  facet normal 8.220819e-15 1.000000e+00 5.674421e-15
    outer loop
      vertex   1.604452e+00 2.500000e+00 1.542280e+00
      vertex   1.051334e+00 2.500000e+00 7.001159e-01
      vertex   9.820348e-01 2.500000e+00 8.005127e-01
    endloop
  endfacet
  facet normal 0.000000e+00 1.000000e+00 0.000000e+00
    outer loop
      vertex   2.511527e+00 2.500000e+00 8.151880e-01
      vertex   2.171651e+00 2.500000e+00 3.644771e-01
      vertex   1.976814e+00 2.500000e+00 9.961242e-01
    endloop
  endfacet
  facet normal 9.572289e-15 1.000000e+00 2.952660e-15
    outer loop
      vertex   1.976814e+00 2.500000e+00 9.961242e-01
      vertex   2.171651e+00 2.500000e+00 3.644771e-01
      vertex   1.197036e+00 2.500000e+00 3.656381e-01
    endloop
  endfacet
  facet normal 9.471396e-15 1.000000e+00 3.077443e-15
    outer loop
      vertex   1.976814e+00 2.500000e+00 9.961242e-01
      vertex   1.197036e+00 2.500000e+00 3.656381e-01
      vertex   1.159338e+00 2.500000e+00 4.816587e-01
    endloop
  endfacet
  facet normal 0.000000e+00 1.000000e+00 0.000000e+00
    outer loop
      vertex   2.629276e+00 2.500000e+00 3.397007e-02
      vertex   2.171651e+00 2.500000e+00 -2.965370e-01
      vertex   2.171651e+00 2.500000e+00 3.644771e-01
    endloop
  endfacet
  facet normal 1.002093e-14 1.000000e+00 1.548444e-28
    outer loop
      vertex   2.171651e+00 2.500000e+00 3.644771e-01
      vertex   2.171651e+00 2.500000e+00 -2.965370e-01
      vertex   1.241012e+00 2.500000e+00 3.463344e-03
    endloop
  endfacet
  facet normal 9.927843e-15 1.000000e+00 2.399639e-16
    outer loop
      vertex   2.171651e+00 2.500000e+00 3.644771e-01
      vertex   1.241012e+00 2.500000e+00 3.463344e-03
      vertex   1.238064e+00 2.500000e+00 1.254190e-01
    endloop
  endfacet
  facet normal 0.000000e+00 1.000000e+00 0.000000e+00
    outer loop
      vertex   2.511527e+00 2.500000e+00 -7.472479e-01
      vertex   1.976814e+00 2.500000e+00 -9.281840e-01
      vertex   2.171651e+00 2.500000e+00 -2.965370e-01
    endloop
  endfacet
  facet normal 9.578068e-15 1.000000e+00 -2.954443e-15
    outer loop
      vertex   2.171651e+00 2.500000e+00 -2.965370e-01
      vertex   1.976814e+00 2.500000e+00 -9.281840e-01
      vertex   1.179589e+00 2.500000e+00 -3.561639e-01
    endloop
  endfacet
  facet normal 9.556888e-15 1.000000e+00 -2.602061e-15
    outer loop
      vertex   2.171651e+00 2.500000e+00 -2.965370e-01
      vertex   1.179589e+00 2.500000e+00 -3.561639e-01
      vertex   1.211637e+00 2.500000e+00 -2.384575e-01
    endloop
  endfacet
  facet normal 0.000000e+00 1.000000e+00 0.000000e+00
    outer loop
      vertex   2.168740e+00 2.500000e+00 -1.459051e+00
      vertex   1.604452e+00 2.500000e+00 -1.474339e+00
      vertex   1.976814e+00 2.500000e+00 -9.281840e-01
    endloop
  endfacet
  facet normal 8.282776e-15 1.000000e+00 -5.647101e-15
    outer loop
      vertex   1.976814e+00 2.500000e+00 -9.281840e-01
      vertex   1.604452e+00 2.500000e+00 -1.474339e+00
      vertex   1.017898e+00 2.500000e+00 -6.832117e-01
    endloop
  endfacet
  facet normal 8.393528e-15 1.000000e+00 -5.213573e-15
    outer loop
      vertex   1.976814e+00 2.500000e+00 -9.281840e-01
      vertex   1.017898e+00 2.500000e+00 -6.832117e-01
      vertex   1.082265e+00 2.500000e+00 -5.795840e-01
    endloop
  endfacet
  facet normal 0.000000e+00 1.000000e+00 0.000000e+00
    outer loop
      vertex   1.631375e+00 2.500000e+00 -2.038193e+00
      vertex   1.087650e+00 2.500000e+00 -1.886475e+00
      vertex   1.604452e+00 2.500000e+00 -1.474339e+00
    endloop
  endfacet
  facet normal 6.250373e-15 1.000000e+00 -7.837720e-15
    outer loop
      vertex   1.604452e+00 2.500000e+00 -1.474339e+00
      vertex   1.087650e+00 2.500000e+00 -1.886475e+00
      vertex   7.694393e-01 2.500000e+00 -9.503688e-01
    endloop
  endfacet
  facet normal 6.537807e-15 1.000000e+00 -7.379658e-15
    outer loop
      vertex   1.604452e+00 2.500000e+00 -1.474339e+00
      vertex   7.694393e-01 2.500000e+00 -9.503688e-01
      vertex   8.607511e-01 2.500000e+00 -8.694736e-01
    endloop
  endfacet
  facet normal -4.714316e-16 1.000000e+00 -9.746391e-15
    outer loop
      vertex   -1.429683e-01 2.500000e+00 -1.222636e+00
      vertex   -2.111952e-02 2.500000e+00 -1.228530e+00
      vertex   -1.868364e-01 2.500000e+00 -2.177368e+00
    endloop
  endfacet
  facet normal 4.794647e-16 1.000000e+00 -9.912468e-15
    outer loop
      vertex   -1.868364e-01 2.500000e+00 -2.177368e+00
      vertex   -2.111952e-02 2.500000e+00 -1.228530e+00
      vertex   1.007293e-01 2.500000e+00 -1.222636e+00
    endloop
  endfacet
  facet normal 2.334101e-15 1.000000e+00 -9.469820e-15
    outer loop
      vertex   2.214405e-01 2.500000e+00 -1.205010e+00
      vertex   3.398869e-01 2.500000e+00 -1.175815e+00
      vertex   4.723293e-01 2.500000e+00 -2.127971e+00
    endloop
  endfacet
  facet normal 3.285432e-15 1.000000e+00 -9.337493e-15
    outer loop
      vertex   4.723293e-01 2.500000e+00 -2.127971e+00
      vertex   3.398869e-01 2.500000e+00 -1.175815e+00
      vertex   4.549627e-01 2.500000e+00 -1.135325e+00
    endloop
  endfacet
  facet normal 4.943161e-15 1.000000e+00 -8.404718e-15
    outer loop
      vertex   5.655935e-01 2.500000e+00 -1.083918e+00
      vertex   6.707463e-01 2.500000e+00 -1.022073e+00
      vertex   1.087650e+00 2.500000e+00 -1.886475e+00
    endloop
  endfacet
  facet normal 5.804545e-15 1.000000e+00 -7.989270e-15
    outer loop
      vertex   1.087650e+00 2.500000e+00 -1.886475e+00
      vertex   6.707463e-01 2.500000e+00 -1.022073e+00
      vertex   7.694393e-01 2.500000e+00 -9.503688e-01
    endloop
  endfacet
  facet normal 7.139530e-15 1.000000e+00 -6.639821e-15
    outer loop
      vertex   8.607511e-01 2.500000e+00 -8.694736e-01
      vertex   9.438291e-01 2.500000e+00 -7.801432e-01
      vertex   1.604452e+00 2.500000e+00 -1.474339e+00
    endloop
  endfacet
  facet normal 7.829760e-15 1.000000e+00 -5.982973e-15
    outer loop
      vertex   1.604452e+00 2.500000e+00 -1.474339e+00
      vertex   9.438291e-01 2.500000e+00 -7.801432e-01
      vertex   1.017898e+00 2.500000e+00 -6.832117e-01
    endloop
  endfacet
  facet normal 8.741127e-15 1.000000e+00 -4.321594e-15
    outer loop
      vertex   1.082265e+00 2.500000e+00 -5.795840e-01
      vertex   1.136331e+00 2.500000e+00 -4.702277e-01
      vertex   1.976814e+00 2.500000e+00 -9.281840e-01
    endloop
  endfacet
  facet normal 9.195632e-15 1.000000e+00 -3.487443e-15
    outer loop
      vertex   1.976814e+00 2.500000e+00 -9.281840e-01
      vertex   1.136331e+00 2.500000e+00 -4.702277e-01
      vertex   1.179589e+00 2.500000e+00 -3.561639e-01
    endloop
  endfacet
  facet normal 9.614960e-15 1.000000e+00 -1.642187e-15
    outer loop
      vertex   1.211637e+00 2.500000e+00 -2.384575e-01
      vertex   1.232175e+00 2.500000e+00 -1.182075e-01
      vertex   2.171651e+00 2.500000e+00 -2.965370e-01
    endloop
  endfacet
  facet normal 9.791691e-15 1.000000e+00 -7.111272e-16
    outer loop
      vertex   2.171651e+00 2.500000e+00 -2.965370e-01
      vertex   1.232175e+00 2.500000e+00 -1.182075e-01
      vertex   1.241012e+00 2.500000e+00 3.463344e-03
    endloop
  endfacet
  facet normal 9.688070e-15 1.000000e+00 1.176345e-15
    outer loop
      vertex   1.238064e+00 2.500000e+00 1.254190e-01
      vertex   1.223360e+00 2.500000e+00 2.465208e-01
      vertex   2.171651e+00 2.500000e+00 3.644771e-01
    endloop
  endfacet
  facet normal 9.571292e-15 1.000000e+00 2.115164e-15
    outer loop
      vertex   2.171651e+00 2.500000e+00 3.644771e-01
      vertex   1.223360e+00 2.500000e+00 2.465208e-01
      vertex   1.197036e+00 2.500000e+00 3.656381e-01
    endloop
  endfacet
  facet normal 8.953564e-15 1.000000e+00 3.900269e-15
    outer loop
      vertex   1.159338e+00 2.500000e+00 4.816587e-01
      vertex   1.110619e+00 2.500000e+00 5.934994e-01
      vertex   1.976814e+00 2.500000e+00 9.961242e-01
    endloop
  endfacet
  facet normal 8.555217e-15 1.000000e+00 4.757260e-15
    outer loop
      vertex   1.976814e+00 2.500000e+00 9.961242e-01
      vertex   1.110619e+00 2.500000e+00 5.934994e-01
      vertex   1.051334e+00 2.500000e+00 7.001159e-01
    endloop
  endfacet
  facet normal 7.471249e-15 1.000000e+00 6.303386e-15
    outer loop
      vertex   9.820348e-01 2.500000e+00 8.005127e-01
      vertex   9.033697e-01 2.500000e+00 8.937526e-01
      vertex   1.604452e+00 2.500000e+00 1.542280e+00
    endloop
  endfacet
  facet normal 6.829771e-15 1.000000e+00 6.996847e-15
    outer loop
      vertex   1.604452e+00 2.500000e+00 1.542280e+00
      vertex   9.033697e-01 2.500000e+00 8.937526e-01
      vertex   8.160728e-01 2.500000e+00 9.789649e-01
    endloop
  endfacet
  facet normal 6.259934e-15 1.000000e+00 7.794355e-15
    outer loop
      vertex   1.604452e+00 2.500000e+00 1.542280e+00
      vertex   8.160728e-01 2.500000e+00 9.789649e-01
      vertex   7.209594e-01 2.500000e+00 1.055354e+00
    endloop
  endfacet
  facet normal 4.539522e-15 1.000000e+00 8.649337e-15
    outer loop
      vertex   6.189173e-01 2.500000e+00 1.122207e+00
      vertex   5.108994e-01 2.500000e+00 1.178899e+00
      vertex   1.087650e+00 2.500000e+00 1.954415e+00
    endloop
  endfacet
  facet normal 3.758191e-15 1.000000e+00 9.230413e-15
    outer loop
      vertex   1.087650e+00 2.500000e+00 1.954415e+00
      vertex   5.108994e-01 2.500000e+00 1.178899e+00
      vertex   3.979141e-01 2.500000e+00 1.224901e+00
    endloop
  endfacet
  facet normal 1.875308e-15 1.000000e+00 9.578943e-15
    outer loop
      vertex   2.810165e-01 2.500000e+00 1.259784e+00
      vertex   1.612979e-01 2.500000e+00 1.283222e+00
      vertex   4.723293e-01 2.500000e+00 2.195911e+00
    endloop
  endfacet
  facet normal 9.591130e-16 1.000000e+00 9.891169e-15
    outer loop
      vertex   4.723293e-01 2.500000e+00 2.195911e+00
      vertex   1.612979e-01 2.500000e+00 1.283222e+00
      vertex   3.987612e-02 2.500000e+00 1.294996e+00
    endloop
  endfacet
  facet normal -9.415192e-16 1.000000e+00 9.709727e-15
    outer loop
      vertex   -8.211516e-02 2.500000e+00 1.294996e+00
      vertex   -2.035369e-01 2.500000e+00 1.283222e+00
      vertex   -1.868364e-01 2.500000e+00 2.245308e+00
    endloop
  endfacet
  facet normal -1.904183e-15 1.000000e+00 9.726438e-15
    outer loop
      vertex   -1.868364e-01 2.500000e+00 2.245308e+00
      vertex   -2.035369e-01 2.500000e+00 1.283222e+00
      vertex   -3.232555e-01 2.500000e+00 1.259784e+00
    endloop
  endfacet
  facet normal -3.677306e-15 1.000000e+00 9.031753e-15
    outer loop
      vertex   -4.401532e-01 2.500000e+00 1.224901e+00
      vertex   -5.531384e-01 2.500000e+00 1.178899e+00
      vertex   -8.312775e-01 2.500000e+00 2.098219e+00
    endloop
  endfacet
  facet normal -4.594577e-15 1.000000e+00 8.754234e-15
    outer loop
      vertex   -8.312775e-01 2.500000e+00 2.098219e+00
      vertex   -5.531384e-01 2.500000e+00 1.178899e+00
      vertex   -6.611563e-01 2.500000e+00 1.122207e+00
    endloop
  endfacet
  facet normal -6.105304e-15 1.000000e+00 7.601823e-15
    outer loop
      vertex   -7.631984e-01 2.500000e+00 1.055354e+00
      vertex   -8.583119e-01 2.500000e+00 9.789649e-01
      vertex   -1.403732e+00 2.500000e+00 1.767712e+00
    endloop
  endfacet
  facet normal -6.890382e-15 1.000000e+00 7.058940e-15
    outer loop
      vertex   -1.403732e+00 2.500000e+00 1.767712e+00
      vertex   -8.583119e-01 2.500000e+00 9.789649e-01
      vertex   -9.456087e-01 2.500000e+00 8.937526e-01
    endloop
  endfacet
  facet normal -8.024288e-15 1.000000e+00 5.538766e-15
    outer loop
      vertex   -1.024274e+00 2.500000e+00 8.005127e-01
      vertex   -1.093573e+00 2.500000e+00 7.001159e-01
      vertex   -1.853336e+00 2.500000e+00 1.283154e+00
    endloop
  endfacet
  facet normal -8.603435e-15 1.000000e+00 4.784073e-15
    outer loop
      vertex   -1.853336e+00 2.500000e+00 1.283154e+00
      vertex   -1.093573e+00 2.500000e+00 7.001159e-01
      vertex   -1.152859e+00 2.500000e+00 5.934994e-01
    endloop
  endfacet
  facet normal 0.000000e+00 1.000000e+00 0.000000e+00
    outer loop
      vertex   -1.201578e+00 2.500000e+00 4.816587e-01
      vertex   -1.239275e+00 2.500000e+00 3.656381e-01
      vertex   -2.140139e+00 2.500000e+00 6.876012e-01
    endloop
  endfacet
  facet normal 0.000000e+00 1.000000e+00 0.000000e+00
    outer loop
      vertex   -2.140139e+00 2.500000e+00 6.876012e-01
      vertex   -1.239275e+00 2.500000e+00 3.656381e-01
      vertex   -1.265599e+00 2.500000e+00 2.465208e-01
    endloop
  endfacet
  facet normal 0.000000e+00 1.000000e+00 0.000000e+00
    outer loop
      vertex   -1.280303e+00 2.500000e+00 1.254190e-01
      vertex   -1.283251e+00 2.500000e+00 3.463344e-03
      vertex   -2.238658e+00 2.500000e+00 3.397007e-02
    endloop
  endfacet
  facet normal 0.000000e+00 1.000000e+00 0.000000e+00
    outer loop
      vertex   -2.238658e+00 2.500000e+00 3.397007e-02
      vertex   -1.283251e+00 2.500000e+00 3.463344e-03
      vertex   -1.274414e+00 2.500000e+00 -1.182075e-01
    endloop
  endfacet
  facet normal 0.000000e+00 1.000000e+00 0.000000e+00
    outer loop
      vertex   -1.253876e+00 2.500000e+00 -2.384575e-01
      vertex   -1.221828e+00 2.500000e+00 -3.561639e-01
      vertex   -2.140139e+00 2.500000e+00 -6.196610e-01
    endloop
  endfacet
  facet normal 0.000000e+00 1.000000e+00 0.000000e+00
    outer loop
      vertex   -2.140139e+00 2.500000e+00 -6.196610e-01
      vertex   -1.221828e+00 2.500000e+00 -3.561639e-01
      vertex   -1.178570e+00 2.500000e+00 -4.702277e-01
    endloop
  endfacet
  facet normal -8.299635e-15 1.000000e+00 -5.155252e-15
    outer loop
      vertex   -1.124504e+00 2.500000e+00 -5.795840e-01
      vertex   -1.060137e+00 2.500000e+00 -6.832117e-01
      vertex   -1.853336e+00 2.500000e+00 -1.215214e+00
    endloop
  endfacet
  facet normal -7.773376e-15 1.000000e+00 -5.939888e-15
    outer loop
      vertex   -1.853336e+00 2.500000e+00 -1.215214e+00
      vertex   -1.060137e+00 2.500000e+00 -6.832117e-01
      vertex   -9.860681e-01 2.500000e+00 -7.801432e-01
    endloop
  endfacet
  facet normal -6.485511e-15 1.000000e+00 -7.320628e-15
    outer loop
      vertex   -9.029901e-01 2.500000e+00 -8.694736e-01
      vertex   -8.116783e-01 2.500000e+00 -9.503688e-01
      vertex   -1.403732e+00 2.500000e+00 -1.699772e+00
    endloop
  endfacet
  facet normal -5.744235e-15 1.000000e+00 -7.906261e-15
    outer loop
      vertex   -1.403732e+00 2.500000e+00 -1.699772e+00
      vertex   -8.116783e-01 2.500000e+00 -9.503688e-01
      vertex   -7.129853e-01 2.500000e+00 -1.022073e+00
    endloop
  endfacet
  facet normal -5.060108e-15 1.000000e+00 -8.603561e-15
    outer loop
      vertex   -1.403732e+00 2.500000e+00 -1.699772e+00
      vertex   -7.129853e-01 2.500000e+00 -1.022073e+00
      vertex   -6.078325e-01 2.500000e+00 -1.083918e+00
    endloop
  endfacet
  facet normal -3.240836e-15 1.000000e+00 -9.210747e-15
    outer loop
      vertex   -4.972018e-01 2.500000e+00 -1.135325e+00
      vertex   -3.821259e-01 2.500000e+00 -1.175815e+00
      vertex   -8.312775e-01 2.500000e+00 -2.030279e+00
    endloop
  endfacet
  facet normal -2.381573e-15 1.000000e+00 -9.662422e-15
    outer loop
      vertex   -8.312775e-01 2.500000e+00 -2.030279e+00
      vertex   -3.821259e-01 2.500000e+00 -1.175815e+00
      vertex   -2.636795e-01 2.500000e+00 -1.205010e+00
    endloop
  endfacet
  facet normal 9.206377e-01 -1.812615e-15 -3.904180e-01
    outer loop
      vertex   -6.108881e-01 2.500000e+00 2.617915e+00
      vertex   -8.312775e-01 2.500000e+00 2.098219e+00
      vertex   -6.108881e-01 4.530000e+00 2.617915e+00
    endloop
  endfacet
  facet normal 9.206377e-01 1.453264e-16 -3.904180e-01
    outer loop
      vertex   -6.108881e-01 4.530000e+00 2.617915e+00
      vertex   -8.312775e-01 2.500000e+00 2.098219e+00
      vertex   -8.312775e-01 4.530000e+00 2.098219e+00
    endloop
  endfacet
  facet normal -4.093235e-01 5.396639e-15 -9.123893e-01
    outer loop
      vertex   -8.312775e-01 2.500000e+00 2.098219e+00
      vertex   -1.346318e+00 2.500000e+00 2.329280e+00
      vertex   -8.312775e-01 4.530000e+00 2.098219e+00
    endloop
  endfacet
  facet normal -4.093235e-01 0.000000e+00 -9.123893e-01
    outer loop
      vertex   -8.312775e-01 4.530000e+00 2.098219e+00
      vertex   -1.346318e+00 2.500000e+00 2.329280e+00
      vertex   -1.346318e+00 4.530000e+00 2.329280e+00
    endloop
  endfacet
  facet normal 9.948141e-01 0.000000e+00 -1.017101e-01
    outer loop
      vertex   -1.346318e+00 2.500000e+00 2.329280e+00
      vertex   -1.403732e+00 2.500000e+00 1.767712e+00
      vertex   -1.346318e+00 4.530000e+00 2.329280e+00
    endloop
  endfacet
  facet normal 9.948141e-01 4.965320e-16 -1.017101e-01
    outer loop
      vertex   -1.346318e+00 4.530000e+00 2.329280e+00
      vertex   -1.403732e+00 2.500000e+00 1.767712e+00
      vertex   -1.403732e+00 4.530000e+00 1.767712e+00
    endloop
  endfacet
  facet normal -1.222070e-01 4.885278e-15 -9.925046e-01
    outer loop
      vertex   -1.403732e+00 2.500000e+00 1.767712e+00
      vertex   -1.963997e+00 2.500000e+00 1.836697e+00
      vertex   -1.403732e+00 4.530000e+00 1.767712e+00
    endloop
  endfacet
  facet normal -1.222070e-01 4.886602e-15 -9.925046e-01
    outer loop
      vertex   -1.403732e+00 4.530000e+00 1.767712e+00
      vertex   -1.963997e+00 2.500000e+00 1.836697e+00
      vertex   -1.963997e+00 4.530000e+00 1.836697e+00
    endloop
  endfacet
  facet normal 9.805969e-01 -9.649188e-16 1.960352e-01
    outer loop
      vertex   -1.963997e+00 2.500000e+00 1.836697e+00
      vertex   -1.853336e+00 2.500000e+00 1.283154e+00
      vertex   -1.963997e+00 4.530000e+00 1.836697e+00
    endloop
  endfacet
  facet normal 9.805969e-01 -4.826049e-15 1.960352e-01
    outer loop
      vertex   -1.963997e+00 4.530000e+00 1.836697e+00
      vertex   -1.853336e+00 2.500000e+00 1.283154e+00
      vertex   -1.853336e+00 4.530000e+00 1.283154e+00
    endloop
  endfacet
  facet normal 1.757682e-01 -8.651613e-16 -9.844316e-01
    outer loop
      vertex   -1.853336e+00 2.500000e+00 1.283154e+00
      vertex   -2.409044e+00 2.500000e+00 1.183934e+00
      vertex   -1.853336e+00 4.530000e+00 1.283154e+00
    endloop
  endfacet
  facet normal 1.757682e-01 0.000000e+00 -9.844316e-01
    outer loop
      vertex   -1.853336e+00 4.530000e+00 1.283154e+00
      vertex   -2.409044e+00 2.500000e+00 1.183934e+00
      vertex   -2.409044e+00 4.530000e+00 1.183934e+00
    endloop
  endfacet
  facet normal 8.792493e-01 -0.000000e+00 4.763619e-01
    outer loop
      vertex   -2.409044e+00 2.500000e+00 1.183934e+00
      vertex   -2.140139e+00 2.500000e+00 6.876012e-01
      vertex   -2.409044e+00 4.530000e+00 1.183934e+00
    endloop
  endfacet
  facet normal 8.792493e-01 -2.422107e-16 4.763619e-01
    outer loop
      vertex   -2.409044e+00 4.530000e+00 1.183934e+00
      vertex   -2.140139e+00 2.500000e+00 6.876012e-01
      vertex   -2.140139e+00 4.530000e+00 6.876012e-01
    endloop
  endfacet
  facet normal 4.581256e-01 4.375256e-16 -8.888875e-01
    outer loop
      vertex   -2.140139e+00 2.500000e+00 6.876012e-01
      vertex   -2.641913e+00 2.500000e+00 4.289911e-01
      vertex   -2.140139e+00 4.530000e+00 6.876012e-01
    endloop
  endfacet
  facet normal 4.581256e-01 4.359793e-16 -8.888875e-01
    outer loop
      vertex   -2.140139e+00 4.530000e+00 6.876012e-01
      vertex   -2.641913e+00 2.500000e+00 4.289911e-01
      vertex   -2.641913e+00 4.530000e+00 4.289911e-01
    endloop
  endfacet
  facet normal 6.997766e-01 -3.516211e-16 7.143618e-01
    outer loop
      vertex   -2.641913e+00 2.500000e+00 4.289911e-01
      vertex   -2.238658e+00 2.500000e+00 3.397007e-02
      vertex   -2.641913e+00 4.530000e+00 4.289911e-01
    endloop
  endfacet
  facet normal 6.997766e-01 -3.681603e-15 7.143618e-01
    outer loop
      vertex   -2.641913e+00 4.530000e+00 4.289911e-01
      vertex   -2.238658e+00 2.500000e+00 3.397007e-02
      vertex   -2.238658e+00 4.530000e+00 3.397007e-02
    endloop
  endfacet
  facet normal 6.997766e-01 -3.050442e-15 -7.143618e-01
    outer loop
      vertex   -2.238658e+00 2.500000e+00 3.397007e-02
      vertex   -2.641913e+00 2.500000e+00 -3.610510e-01
      vertex   -2.238658e+00 4.530000e+00 3.397007e-02
    endloop
  endfacet
  facet normal 6.997766e-01 3.633161e-16 -7.143618e-01
    outer loop
      vertex   -2.238658e+00 4.530000e+00 3.397007e-02
      vertex   -2.641913e+00 2.500000e+00 -3.610510e-01
      vertex   -2.641913e+00 4.530000e+00 -3.610510e-01
    endloop
  endfacet
  facet normal 4.581256e-01 -4.375256e-16 8.888875e-01
    outer loop
      vertex   -2.641913e+00 2.500000e+00 -3.610510e-01
      vertex   -2.140139e+00 2.500000e+00 -6.196610e-01
      vertex   -2.641913e+00 4.530000e+00 -3.610510e-01
    endloop
  endfacet
  facet normal 4.581256e-01 -2.736981e-15 8.888875e-01
    outer loop
      vertex   -2.641913e+00 4.530000e+00 -3.610510e-01
      vertex   -2.140139e+00 2.500000e+00 -6.196610e-01
      vertex   -2.140139e+00 4.530000e+00 -6.196610e-01
    endloop
  endfacet
  facet normal 8.792493e-01 -4.189516e-15 -4.763619e-01
    outer loop
      vertex   -2.140139e+00 2.500000e+00 -6.196610e-01
      vertex   -2.409044e+00 2.500000e+00 -1.115994e+00
      vertex   -2.140139e+00 4.530000e+00 -6.196610e-01
    endloop
  endfacet
  facet normal 8.792493e-01 -4.238688e-15 -4.763619e-01
    outer loop
      vertex   -2.140139e+00 4.530000e+00 -6.196610e-01
      vertex   -2.409044e+00 2.500000e+00 -1.115994e+00
      vertex   -2.409044e+00 4.530000e+00 -1.115994e+00
    endloop
  endfacet
  facet normal 1.757682e-01 -8.459355e-16 9.844316e-01
    outer loop
      vertex   -2.409044e+00 2.500000e+00 -1.115994e+00
      vertex   -1.853336e+00 2.500000e+00 -1.215214e+00
      vertex   -2.409044e+00 4.530000e+00 -1.115994e+00
    endloop
  endfacet
  facet normal 1.757682e-01 -8.659034e-16 9.844316e-01
    outer loop
      vertex   -2.409044e+00 4.530000e+00 -1.115994e+00
      vertex   -1.853336e+00 2.500000e+00 -1.215214e+00
      vertex   -1.853336e+00 4.530000e+00 -1.215214e+00
    endloop
  endfacet
  facet normal 9.805969e-01 -4.826665e-15 -1.960352e-01
    outer loop
      vertex   -1.853336e+00 2.500000e+00 -1.215214e+00
      vertex   -1.963997e+00 2.500000e+00 -1.768757e+00
      vertex   -1.853336e+00 4.530000e+00 -1.215214e+00
    endloop
  endfacet
  facet normal 9.805969e-01 0.000000e+00 -1.960352e-01
    outer loop
      vertex   -1.853336e+00 4.530000e+00 -1.215214e+00
      vertex   -1.963997e+00 2.500000e+00 -1.768757e+00
      vertex   -1.963997e+00 4.530000e+00 -1.768757e+00
    endloop
  endfacet
  facet normal -1.222070e-01 0.000000e+00 9.925046e-01
    outer loop
      vertex   -1.963997e+00 2.500000e+00 -1.768757e+00
      vertex   -1.403732e+00 2.500000e+00 -1.699772e+00
      vertex   -1.963997e+00 4.530000e+00 -1.768757e+00
    endloop
  endfacet
  facet normal -1.222070e-01 6.055268e-16 9.925046e-01
    outer loop
      vertex   -1.963997e+00 4.530000e+00 -1.768757e+00
      vertex   -1.403732e+00 2.500000e+00 -1.699772e+00
      vertex   -1.403732e+00 4.530000e+00 -1.699772e+00
    endloop
  endfacet
  facet normal 9.948141e-01 -4.896645e-15 1.017101e-01
    outer loop
      vertex   -1.403732e+00 2.500000e+00 -1.699772e+00
      vertex   -1.346318e+00 2.500000e+00 -2.261340e+00
      vertex   -1.403732e+00 4.530000e+00 -1.699772e+00
    endloop
  endfacet
  facet normal 9.948141e-01 0.000000e+00 1.017101e-01
    outer loop
      vertex   -1.403732e+00 4.530000e+00 -1.699772e+00
      vertex   -1.346318e+00 2.500000e+00 -2.261340e+00
      vertex   -1.346318e+00 4.530000e+00 -2.261340e+00
    endloop
  endfacet
  facet normal -4.093235e-01 0.000000e+00 9.123893e-01
    outer loop
      vertex   -1.346318e+00 2.500000e+00 -2.261340e+00
      vertex   -8.312775e-01 2.500000e+00 -2.030279e+00
      vertex   -1.346318e+00 4.530000e+00 -2.261340e+00
    endloop
  endfacet
  facet normal -4.093235e-01 -3.560498e-15 9.123893e-01
    outer loop
      vertex   -1.346318e+00 4.530000e+00 -2.261340e+00
      vertex   -8.312775e-01 2.500000e+00 -2.030279e+00
      vertex   -8.312775e-01 4.530000e+00 -2.030279e+00
    endloop
  endfacet
  facet normal 9.206377e-01 -3.741964e-15 3.904180e-01
    outer loop
      vertex   -8.312775e-01 2.500000e+00 -2.030279e+00
      vertex   -6.108881e-01 2.500000e+00 -2.549975e+00
      vertex   -8.312775e-01 4.530000e+00 -2.030279e+00
    endloop
  endfacet
  facet normal 9.206377e-01 -1.768138e-15 3.904180e-01
    outer loop
      vertex   -8.312775e-01 4.530000e+00 -2.030279e+00
      vertex   -6.108881e-01 2.500000e+00 -2.549975e+00
      vertex   -6.108881e-01 4.530000e+00 -2.549975e+00
    endloop
  endfacet
  facet normal -6.600699e-01 1.263491e-15 7.512042e-01
    outer loop
      vertex   -6.108881e-01 2.500000e+00 -2.549975e+00
      vertex   -1.868364e-01 2.500000e+00 -2.177368e+00
      vertex   -6.108881e-01 4.530000e+00 -2.549975e+00
    endloop
  endfacet
  facet normal -6.600699e-01 1.307938e-15 7.512042e-01
    outer loop
      vertex   -6.108881e-01 4.530000e+00 -2.549975e+00
      vertex   -1.868364e-01 2.500000e+00 -2.177368e+00
      vertex   -1.868364e-01 4.530000e+00 -2.177368e+00
    endloop
  endfacet
  facet normal 7.646586e-01 -1.515967e-15 6.444355e-01
    outer loop
      vertex   -1.868364e-01 2.500000e+00 -2.177368e+00
      vertex   1.769448e-01 2.500000e+00 -2.609015e+00
      vertex   -1.868364e-01 4.530000e+00 -2.177368e+00
    endloop
  endfacet
  facet normal 7.646586e-01 -4.505120e-15 6.444355e-01
    outer loop
      vertex   -1.868364e-01 4.530000e+00 -2.177368e+00
      vertex   1.769448e-01 2.500000e+00 -2.609015e+00
      vertex   1.769448e-01 4.530000e+00 -2.609015e+00
    endloop
  endfacet
  facet normal -8.521662e-01 -1.477336e-15 5.232713e-01
    outer loop
      vertex   1.769448e-01 2.500000e+00 -2.609015e+00
      vertex   4.723293e-01 2.500000e+00 -2.127971e+00
      vertex   1.769448e-01 4.530000e+00 -2.609015e+00
    endloop
  endfacet
  facet normal -8.521662e-01 1.647033e-15 5.232713e-01
    outer loop
      vertex   1.769448e-01 4.530000e+00 -2.609015e+00
      vertex   4.723293e-01 2.500000e+00 -2.127971e+00
      vertex   4.723293e-01 4.530000e+00 -2.127971e+00
    endloop
  endfacet
  facet normal -6.600699e-01 9.656682e-16 -7.512042e-01
    outer loop
      vertex   -1.868364e-01 2.500000e+00 2.245308e+00
      vertex   -6.108881e-01 2.500000e+00 2.617915e+00
      vertex   -1.868364e-01 4.530000e+00 2.245308e+00
    endloop
  endfacet
  facet normal -6.600699e-01 1.307938e-15 -7.512042e-01
    outer loop
      vertex   -1.868364e-01 4.530000e+00 2.245308e+00
      vertex   -6.108881e-01 2.500000e+00 2.617915e+00
      vertex   -6.108881e-01 4.530000e+00 2.617915e+00
    endloop
  endfacet
  facet normal 7.646586e-01 -1.515967e-15 -6.444355e-01
    outer loop
      vertex   1.769448e-01 2.500000e+00 2.676955e+00
      vertex   -1.868364e-01 2.500000e+00 2.245308e+00
      vertex   1.769448e-01 4.530000e+00 2.676955e+00
    endloop
  endfacet
  facet normal 7.646586e-01 -1.114169e-15 -6.444355e-01
    outer loop
      vertex   1.769448e-01 4.530000e+00 2.676955e+00
      vertex   -1.868364e-01 2.500000e+00 2.245308e+00
      vertex   -1.868364e-01 4.530000e+00 2.245308e+00
    endloop
  endfacet
  facet normal -8.521662e-01 1.677803e-15 -5.232713e-01
    outer loop
      vertex   4.723293e-01 2.500000e+00 2.195911e+00
      vertex   1.769448e-01 2.500000e+00 2.676955e+00
      vertex   4.723293e-01 4.530000e+00 2.195911e+00
    endloop
  endfacet
  facet normal -8.521662e-01 1.719696e-15 -5.232713e-01
    outer loop
      vertex   4.723293e-01 4.530000e+00 2.195911e+00
      vertex   1.769448e-01 2.500000e+00 2.676955e+00
      vertex   1.769448e-01 4.530000e+00 2.676955e+00
    endloop
  endfacet
  facet normal 5.407363e-01 -1.064639e-15 -8.411922e-01
    outer loop
      vertex   9.471789e-01 2.500000e+00 2.501154e+00
      vertex   4.723293e-01 2.500000e+00 2.195911e+00
      vertex   9.471789e-01 4.530000e+00 2.501154e+00
    endloop
  endfacet
  facet normal 5.407363e-01 -1.065727e-15 -8.411922e-01
    outer loop
      vertex   9.471789e-01 4.530000e+00 2.501154e+00
      vertex   4.723293e-01 2.500000e+00 2.195911e+00
      vertex   4.723293e-01 4.530000e+00 2.195911e+00
    endloop
  endfacet
  facet normal -9.685437e-01 4.873279e-15 -2.488434e-01
    outer loop
      vertex   1.087650e+00 2.500000e+00 1.954415e+00
      vertex   9.471789e-01 2.500000e+00 2.501154e+00
      vertex   1.087650e+00 4.530000e+00 1.954415e+00
    endloop
  endfacet
  facet normal -9.685437e-01 1.901354e-15 -2.488434e-01
    outer loop
      vertex   1.087650e+00 4.530000e+00 1.954415e+00
      vertex   9.471789e-01 2.500000e+00 2.501154e+00
      vertex   9.471789e-01 4.530000e+00 2.501154e+00
    endloop
  endfacet
  facet normal 2.687672e-01 0.000000e+00 -9.632052e-01
    outer loop
      vertex   1.631375e+00 2.500000e+00 2.106133e+00
      vertex   1.087650e+00 2.500000e+00 1.954415e+00
      vertex   1.631375e+00 4.530000e+00 2.106133e+00
    endloop
  endfacet
  facet normal 2.687672e-01 -1.356380e-15 -9.632052e-01
    outer loop
      vertex   1.631375e+00 4.530000e+00 2.106133e+00
      vertex   1.087650e+00 2.500000e+00 1.954415e+00
      vertex   1.087650e+00 4.530000e+00 1.954415e+00
    endloop
  endfacet
  facet normal -9.988619e-01 0.000000e+00 4.769528e-02
    outer loop
      vertex   1.604452e+00 2.500000e+00 1.542280e+00
      vertex   1.631375e+00 2.500000e+00 2.106133e+00
      vertex   1.604452e+00 4.530000e+00 1.542280e+00
    endloop
  endfacet
  facet normal -9.988619e-01 0.000000e+00 4.769528e-02
    outer loop
      vertex   1.604452e+00 4.530000e+00 1.542280e+00
      vertex   1.631375e+00 2.500000e+00 2.106133e+00
      vertex   1.631375e+00 4.530000e+00 2.106133e+00
    endloop
  endfacet
  facet normal -2.708313e-02 0.000000e+00 -9.996332e-01
    outer loop
      vertex   2.168740e+00 2.500000e+00 1.526991e+00
      vertex   1.604452e+00 2.500000e+00 1.542280e+00
      vertex   2.168740e+00 4.530000e+00 1.526991e+00
    endloop
  endfacet
  facet normal -2.708313e-02 0.000000e+00 -9.996332e-01
    outer loop
      vertex   2.168740e+00 4.530000e+00 1.526991e+00
      vertex   1.604452e+00 2.500000e+00 1.542280e+00
      vertex   1.604452e+00 4.530000e+00 1.542280e+00
    endloop
  endfacet
  facet normal -9.404269e-01 4.442995e-15 3.399960e-01
    outer loop
      vertex   1.976814e+00 2.500000e+00 9.961242e-01
      vertex   2.168740e+00 2.500000e+00 1.526991e+00
      vertex   1.976814e+00 4.530000e+00 9.961242e-01
    endloop
  endfacet
  facet normal -9.404269e-01 0.000000e+00 3.399960e-01
    outer loop
      vertex   1.976814e+00 4.530000e+00 9.961242e-01
      vertex   2.168740e+00 2.500000e+00 1.526991e+00
      vertex   2.168740e+00 4.530000e+00 1.526991e+00
    endloop
  endfacet
  facet normal -3.205270e-01 0.000000e+00 -9.472394e-01
    outer loop
      vertex   2.511527e+00 2.500000e+00 8.151880e-01
      vertex   1.976814e+00 2.500000e+00 9.961242e-01
      vertex   2.511527e+00 4.530000e+00 8.151880e-01
    endloop
  endfacet
  facet normal -3.205270e-01 2.095123e-15 -9.472394e-01
    outer loop
      vertex   2.511527e+00 4.530000e+00 8.151880e-01
      vertex   1.976814e+00 2.500000e+00 9.961242e-01
      vertex   1.976814e+00 4.530000e+00 9.961242e-01
    endloop
  endfacet
  facet normal -7.984307e-01 -2.798931e-16 6.020867e-01
    outer loop
      vertex   2.171651e+00 2.500000e+00 3.644771e-01
      vertex   2.511527e+00 2.500000e+00 8.151880e-01
      vertex   2.171651e+00 4.530000e+00 3.644771e-01
    endloop
  endfacet
  facet normal -7.984307e-01 0.000000e+00 6.020867e-01
    outer loop
      vertex   2.171651e+00 4.530000e+00 3.644771e-01
      vertex   2.511527e+00 2.500000e+00 8.151880e-01
      vertex   2.511527e+00 4.530000e+00 8.151880e-01
    endloop
  endfacet
  facet normal -5.854906e-01 3.990302e-16 -8.106792e-01
    outer loop
      vertex   2.629276e+00 2.500000e+00 3.397007e-02
      vertex   2.171651e+00 2.500000e+00 3.644771e-01
      vertex   2.629276e+00 4.530000e+00 3.397007e-02
    endloop
  endfacet
  facet normal -5.854906e-01 3.633161e-16 -8.106792e-01
    outer loop
      vertex   2.629276e+00 4.530000e+00 3.397007e-02
      vertex   2.171651e+00 2.500000e+00 3.644771e-01
      vertex   2.171651e+00 4.530000e+00 3.644771e-01
    endloop
  endfacet
  facet normal -5.854906e-01 -4.211985e-16 8.106792e-01
    outer loop
      vertex   2.171651e+00 2.500000e+00 -2.965370e-01
      vertex   2.629276e+00 2.500000e+00 3.397007e-02
      vertex   2.171651e+00 4.530000e+00 -2.965370e-01
    endloop
  endfacet
  facet normal -5.854906e-01 -4.117582e-16 8.106792e-01
    outer loop
      vertex   2.171651e+00 4.530000e+00 -2.965370e-01
      vertex   2.629276e+00 2.500000e+00 3.397007e-02
      vertex   2.629276e+00 4.530000e+00 3.397007e-02
    endloop
  endfacet
  facet normal -7.984307e-01 2.963573e-16 -6.020867e-01
    outer loop
      vertex   2.511527e+00 2.500000e+00 -7.472479e-01
      vertex   2.171651e+00 2.500000e+00 -2.965370e-01
      vertex   2.511527e+00 4.530000e+00 -7.472479e-01
    endloop
  endfacet
  facet normal -7.984307e-01 3.148740e-16 -6.020867e-01
    outer loop
      vertex   2.511527e+00 4.530000e+00 -7.472479e-01
      vertex   2.171651e+00 2.500000e+00 -2.965370e-01
      vertex   2.171651e+00 4.530000e+00 -2.965370e-01
    endloop
  endfacet
  facet normal -3.205270e-01 -5.180527e-16 9.472394e-01
    outer loop
      vertex   1.976814e+00 2.500000e+00 -9.281840e-01
      vertex   2.511527e+00 2.500000e+00 -7.472479e-01
      vertex   1.976814e+00 4.530000e+00 -9.281840e-01
    endloop
  endfacet
  facet normal -3.205270e-01 -4.723109e-16 9.472394e-01
    outer loop
      vertex   1.976814e+00 4.530000e+00 -9.281840e-01
      vertex   2.511527e+00 2.500000e+00 -7.472479e-01
      vertex   2.511527e+00 4.530000e+00 -7.472479e-01
    endloop
  endfacet
  facet normal -9.404269e-01 4.731807e-15 -3.399960e-01
    outer loop
      vertex   2.168740e+00 2.500000e+00 -1.459051e+00
      vertex   1.976814e+00 2.500000e+00 -9.281840e-01
      vertex   2.168740e+00 4.530000e+00 -1.459051e+00
    endloop
  endfacet
  facet normal -9.404269e-01 1.937686e-16 -3.399960e-01
    outer loop
      vertex   2.168740e+00 4.530000e+00 -1.459051e+00
      vertex   1.976814e+00 2.500000e+00 -9.281840e-01
      vertex   1.976814e+00 4.530000e+00 -9.281840e-01
    endloop
  endfacet
  facet normal -2.708313e-02 1.333078e-16 9.996332e-01
    outer loop
      vertex   1.604452e+00 2.500000e+00 -1.474339e+00
      vertex   2.168740e+00 2.500000e+00 -1.459051e+00
      vertex   1.604452e+00 4.530000e+00 -1.474339e+00
    endloop
  endfacet
  facet normal -2.708313e-02 1.362435e-16 9.996332e-01
    outer loop
      vertex   1.604452e+00 4.530000e+00 -1.474339e+00
      vertex   2.168740e+00 2.500000e+00 -1.459051e+00
      vertex   2.168740e+00 4.530000e+00 -1.459051e+00
    endloop
  endfacet
  facet normal -9.988619e-01 4.807312e-15 -4.769528e-02
    outer loop
      vertex   1.631375e+00 2.500000e+00 -2.038193e+00
      vertex   1.604452e+00 2.500000e+00 -1.474339e+00
      vertex   1.631375e+00 4.530000e+00 -2.038193e+00
    endloop
  endfacet
  facet normal -9.988619e-01 4.915364e-15 -4.769528e-02
    outer loop
      vertex   1.631375e+00 4.530000e+00 -2.038193e+00
      vertex   1.604452e+00 2.500000e+00 -1.474339e+00
      vertex   1.604452e+00 4.530000e+00 -1.474339e+00
    endloop
  endfacet
  facet normal 2.687672e-01 -1.322918e-15 9.632052e-01
    outer loop
      vertex   1.087650e+00 2.500000e+00 -1.886475e+00
      vertex   1.631375e+00 2.500000e+00 -2.038193e+00
      vertex   1.087650e+00 4.530000e+00 -1.886475e+00
    endloop
  endfacet
  facet normal 2.687672e-01 -1.295827e-15 9.632052e-01
    outer loop
      vertex   1.087650e+00 4.530000e+00 -1.886475e+00
      vertex   1.631375e+00 2.500000e+00 -2.038193e+00
      vertex   1.631375e+00 4.530000e+00 -2.038193e+00
    endloop
  endfacet
  facet normal -9.685437e-01 1.906935e-15 2.488434e-01
    outer loop
      vertex   9.471789e-01 2.500000e+00 -2.433214e+00
      vertex   1.087650e+00 2.500000e+00 -1.886475e+00
      vertex   9.471789e-01 4.530000e+00 -2.433214e+00
    endloop
  endfacet
  facet normal -9.685437e-01 4.771551e-15 2.488434e-01
    outer loop
      vertex   9.471789e-01 4.530000e+00 -2.433214e+00
      vertex   1.087650e+00 2.500000e+00 -1.886475e+00
      vertex   1.087650e+00 4.530000e+00 -1.886475e+00
    endloop
  endfacet
  facet normal 5.407363e-01 -1.049852e-15 8.411922e-01
    outer loop
      vertex   4.723293e-01 2.500000e+00 -2.127971e+00
      vertex   9.471789e-01 2.500000e+00 -2.433214e+00
      vertex   4.723293e-01 4.530000e+00 -2.127971e+00
    endloop
  endfacet
  facet normal 5.407363e-01 -1.065727e-15 8.411922e-01
    outer loop
      vertex   4.723293e-01 4.530000e+00 -2.127971e+00
      vertex   9.471789e-01 2.500000e+00 -2.433214e+00
      vertex   9.471789e-01 4.530000e+00 -2.433214e+00
    endloop
  endfacet
  facet normal 0.000000e+00 1.000000e+00 0.000000e+00
    outer loop
      vertex   4.012956e+00 4.530000e+00 2.526913e-01
      vertex   4.018881e+00 4.530000e+00 3.397007e-02
      vertex   2.629276e+00 4.530000e+00 3.397007e-02
    endloop
  endfacet
  facet normal 0.000000e+00 1.000000e+00 0.000000e+00
    outer loop
      vertex   2.629276e+00 4.530000e+00 3.397007e-02
      vertex   4.018881e+00 4.530000e+00 3.397007e-02
      vertex   4.012956e+00 4.530000e+00 -1.847511e-01
    endloop
  endfacet
  facet normal 0.000000e+00 1.000000e+00 0.000000e+00
    outer loop
      vertex   2.629276e+00 4.530000e+00 3.397007e-02
      vertex   4.012956e+00 4.530000e+00 -1.847511e-01
      vertex   3.995198e+00 4.530000e+00 -4.028308e-01
    endloop
  endfacet
  facet normal 0.000000e+00 1.000000e+00 0.000000e+00
    outer loop
      vertex   3.995198e+00 4.530000e+00 -4.028308e-01
      vertex   3.965660e+00 4.530000e+00 -6.196292e-01
      vertex   2.629276e+00 4.530000e+00 3.397007e-02
    endloop
  endfacet
  facet normal 0.000000e+00 1.000000e+00 0.000000e+00
    outer loop
      vertex   2.629276e+00 4.530000e+00 3.397007e-02
      vertex   3.965660e+00 4.530000e+00 -6.196292e-01
      vertex   2.511527e+00 4.530000e+00 -7.472479e-01
    endloop
  endfacet
  facet normal 0.000000e+00 1.000000e+00 0.000000e+00
    outer loop
      vertex   2.629276e+00 4.530000e+00 3.397007e-02
      vertex   2.511527e+00 4.530000e+00 -7.472479e-01
      vertex   2.171651e+00 4.530000e+00 -2.965370e-01
    endloop
  endfacet
  facet normal 0.000000e+00 1.000000e+00 0.000000e+00
    outer loop
      vertex   3.965660e+00 4.530000e+00 -6.196292e-01
      vertex   3.924428e+00 4.530000e+00 -8.345105e-01
      vertex   2.511527e+00 4.530000e+00 -7.472479e-01
    endloop
  endfacet
  facet normal 0.000000e+00 1.000000e+00 0.000000e+00
    outer loop
      vertex   2.511527e+00 4.530000e+00 -7.472479e-01
      vertex   3.924428e+00 4.530000e+00 -8.345105e-01
      vertex   3.871623e+00 4.530000e+00 -1.046844e+00
    endloop
  endfacet
  facet normal 0.000000e+00 1.000000e+00 0.000000e+00
    outer loop
      vertex   2.511527e+00 4.530000e+00 -7.472479e-01
      vertex   3.871623e+00 4.530000e+00 -1.046844e+00
      vertex   3.807399e+00 4.530000e+00 -1.256008e+00
    endloop
  endfacet
  facet normal 0.000000e+00 1.000000e+00 0.000000e+00
    outer loop
      vertex   3.807399e+00 4.530000e+00 -1.256008e+00
      vertex   3.731946e+00 4.530000e+00 -1.461388e+00
      vertex   2.511527e+00 4.530000e+00 -7.472479e-01
    endloop
  endfacet
  facet normal 0.000000e+00 1.000000e+00 0.000000e+00
    outer loop
      vertex   2.511527e+00 4.530000e+00 -7.472479e-01
      vertex   3.731946e+00 4.530000e+00 -1.461388e+00
      vertex   3.645485e+00 4.530000e+00 -1.662382e+00
    endloop
  endfacet
  facet normal 0.000000e+00 1.000000e+00 0.000000e+00
    outer loop
      vertex   2.511527e+00 4.530000e+00 -7.472479e-01
      vertex   3.645485e+00 4.530000e+00 -1.662382e+00
      vertex   2.168740e+00 4.530000e+00 -1.459051e+00
    endloop
  endfacet
  facet normal 0.000000e+00 1.000000e+00 0.000000e+00
    outer loop
      vertex   2.168740e+00 4.530000e+00 -1.459051e+00
      vertex   3.645485e+00 4.530000e+00 -1.662382e+00
      vertex   3.548269e+00 4.530000e+00 -1.858400e+00
    endloop
  endfacet
  facet normal 0.000000e+00 1.000000e+00 0.000000e+00
    outer loop
      vertex   2.168740e+00 4.530000e+00 -1.459051e+00
      vertex   3.548269e+00 4.530000e+00 -1.858400e+00
      vertex   3.440584e+00 4.530000e+00 -2.048868e+00
    endloop
  endfacet
  facet normal 0.000000e+00 1.000000e+00 0.000000e+00
    outer loop
      vertex   3.440584e+00 4.530000e+00 -2.048868e+00
      vertex   3.322744e+00 4.530000e+00 -2.233226e+00
      vertex   2.168740e+00 4.530000e+00 -1.459051e+00
    endloop
  endfacet
  facet normal 0.000000e+00 1.000000e+00 0.000000e+00
    outer loop
      vertex   2.168740e+00 4.530000e+00 -1.459051e+00
      vertex   3.322744e+00 4.530000e+00 -2.233226e+00
      vertex   3.195097e+00 4.530000e+00 -2.410934e+00
    endloop
  endfacet
  facet normal 0.000000e+00 1.000000e+00 0.000000e+00
    outer loop
      vertex   2.168740e+00 4.530000e+00 -1.459051e+00
      vertex   3.195097e+00 4.530000e+00 -2.410934e+00
      vertex   3.058015e+00 4.530000e+00 -2.581471e+00
    endloop
  endfacet
  facet normal 0.000000e+00 1.000000e+00 0.000000e+00
    outer loop
      vertex   3.058015e+00 4.530000e+00 -2.581471e+00
      vertex   2.911902e+00 4.530000e+00 -2.744336e+00
      vertex   2.168740e+00 4.530000e+00 -1.459051e+00
    endloop
  endfacet
  facet normal 0.000000e+00 1.000000e+00 0.000000e+00
    outer loop
      vertex   2.168740e+00 4.530000e+00 -1.459051e+00
      vertex   2.911902e+00 4.530000e+00 -2.744336e+00
      vertex   1.631375e+00 4.530000e+00 -2.038193e+00
    endloop
  endfacet
  facet normal 0.000000e+00 1.000000e+00 0.000000e+00
    outer loop
      vertex   2.168740e+00 4.530000e+00 -1.459051e+00
      vertex   1.631375e+00 4.530000e+00 -2.038193e+00
      vertex   1.604452e+00 4.530000e+00 -1.474339e+00
    endloop
  endfacet
  facet normal 0.000000e+00 1.000000e+00 0.000000e+00
    outer loop
      vertex   2.911902e+00 4.530000e+00 -2.744336e+00
      vertex   2.757186e+00 4.530000e+00 -2.899052e+00
      vertex   1.631375e+00 4.530000e+00 -2.038193e+00
    endloop
  endfacet
  facet normal 0.000000e+00 1.000000e+00 0.000000e+00
    outer loop
      vertex   1.631375e+00 4.530000e+00 -2.038193e+00
      vertex   2.757186e+00 4.530000e+00 -2.899052e+00
      vertex   2.594321e+00 4.530000e+00 -3.045165e+00
    endloop
  endfacet
  facet normal 0.000000e+00 1.000000e+00 0.000000e+00
    outer loop
      vertex   1.631375e+00 4.530000e+00 -2.038193e+00
      vertex   2.594321e+00 4.530000e+00 -3.045165e+00
      vertex   2.423784e+00 4.530000e+00 -3.182246e+00
    endloop
  endfacet
  facet normal 0.000000e+00 1.000000e+00 0.000000e+00
    outer loop
      vertex   2.423784e+00 4.530000e+00 -3.182246e+00
      vertex   2.246076e+00 4.530000e+00 -3.309894e+00
      vertex   1.631375e+00 4.530000e+00 -2.038193e+00
    endloop
  endfacet
  facet normal 0.000000e+00 1.000000e+00 0.000000e+00
    outer loop
      vertex   1.631375e+00 4.530000e+00 -2.038193e+00
      vertex   2.246076e+00 4.530000e+00 -3.309894e+00
      vertex   2.061718e+00 4.530000e+00 -3.427733e+00
    endloop
  endfacet
  facet normal 0.000000e+00 1.000000e+00 0.000000e+00
    outer loop
      vertex   1.631375e+00 4.530000e+00 -2.038193e+00
      vertex   2.061718e+00 4.530000e+00 -3.427733e+00
      vertex   9.471789e-01 4.530000e+00 -2.433214e+00
    endloop
  endfacet
  facet normal 0.000000e+00 1.000000e+00 0.000000e+00
    outer loop
      vertex   9.471789e-01 4.530000e+00 -2.433214e+00
      vertex   2.061718e+00 4.530000e+00 -3.427733e+00
      vertex   1.871251e+00 4.530000e+00 -3.535419e+00
    endloop
  endfacet
  facet normal 0.000000e+00 1.000000e+00 0.000000e+00
    outer loop
      vertex   9.471789e-01 4.530000e+00 -2.433214e+00
      vertex   1.871251e+00 4.530000e+00 -3.535419e+00
      vertex   1.675232e+00 4.530000e+00 -3.632635e+00
    endloop
  endfacet
  facet normal 0.000000e+00 1.000000e+00 0.000000e+00
    outer loop
      vertex   1.675232e+00 4.530000e+00 -3.632635e+00
      vertex   1.474239e+00 4.530000e+00 -3.719096e+00
      vertex   9.471789e-01 4.530000e+00 -2.433214e+00
    endloop
  endfacet
  facet normal 0.000000e+00 1.000000e+00 0.000000e+00
    outer loop
      vertex   9.471789e-01 4.530000e+00 -2.433214e+00
      vertex   1.474239e+00 4.530000e+00 -3.719096e+00
      vertex   1.268859e+00 4.530000e+00 -3.794549e+00
    endloop
  endfacet
  facet normal 0.000000e+00 1.000000e+00 0.000000e+00
    outer loop
      vertex   9.471789e-01 4.530000e+00 -2.433214e+00
      vertex   1.268859e+00 4.530000e+00 -3.794549e+00
      vertex   1.059695e+00 4.530000e+00 -3.858772e+00
    endloop
  endfacet
  facet normal 0.000000e+00 1.000000e+00 0.000000e+00
    outer loop
      vertex   1.059695e+00 4.530000e+00 -3.858772e+00
      vertex   8.473611e-01 4.530000e+00 -3.911577e+00
      vertex   9.471789e-01 4.530000e+00 -2.433214e+00
    endloop
  endfacet
  facet normal 0.000000e+00 1.000000e+00 0.000000e+00
    outer loop
      vertex   9.471789e-01 4.530000e+00 -2.433214e+00
      vertex   8.473611e-01 4.530000e+00 -3.911577e+00
      vertex   1.769448e-01 4.530000e+00 -2.609015e+00
    endloop
  endfacet
  facet normal 0.000000e+00 1.000000e+00 0.000000e+00
    outer loop
      vertex   9.471789e-01 4.530000e+00 -2.433214e+00
      vertex   1.769448e-01 4.530000e+00 -2.609015e+00
      vertex   4.723293e-01 4.530000e+00 -2.127971e+00
    endloop
  endfacet
  facet normal 0.000000e+00 1.000000e+00 0.000000e+00
    outer loop
      vertex   8.473611e-01 4.530000e+00 -3.911577e+00
      vertex   6.324798e-01 4.530000e+00 -3.952809e+00
      vertex   1.769448e-01 4.530000e+00 -2.609015e+00
    endloop
  endfacet
  facet normal 0.000000e+00 1.000000e+00 0.000000e+00
    outer loop
      vertex   1.769448e-01 4.530000e+00 -2.609015e+00
      vertex   6.324798e-01 4.530000e+00 -3.952809e+00
      vertex   4.156813e-01 4.530000e+00 -3.982347e+00
    endloop
  endfacet
  facet normal 0.000000e+00 1.000000e+00 0.000000e+00
    outer loop
      vertex   1.769448e-01 4.530000e+00 -2.609015e+00
      vertex   4.156813e-01 4.530000e+00 -3.982347e+00
      vertex   1.976017e-01 4.530000e+00 -4.000105e+00
    endloop
  endfacet
  facet normal 0.000000e+00 1.000000e+00 0.000000e+00
    outer loop
      vertex   1.976017e-01 4.530000e+00 -4.000105e+00
      vertex   -2.111952e-02 4.530000e+00 -4.006030e+00
      vertex   1.769448e-01 4.530000e+00 -2.609015e+00
    endloop
  endfacet
  facet normal 0.000000e+00 1.000000e+00 0.000000e+00
    outer loop
      vertex   1.769448e-01 4.530000e+00 -2.609015e+00
      vertex   -2.111952e-02 4.530000e+00 -4.006030e+00
      vertex   -2.398407e-01 4.530000e+00 -4.000105e+00
    endloop
  endfacet
  facet normal 0.000000e+00 1.000000e+00 0.000000e+00
    outer loop
      vertex   1.769448e-01 4.530000e+00 -2.609015e+00
      vertex   -2.398407e-01 4.530000e+00 -4.000105e+00
      vertex   -6.108881e-01 4.530000e+00 -2.549975e+00
    endloop
  endfacet
  facet normal 0.000000e+00 1.000000e+00 0.000000e+00
    outer loop
      vertex   -6.108881e-01 4.530000e+00 -2.549975e+00
      vertex   -2.398407e-01 4.530000e+00 -4.000105e+00
      vertex   -4.579204e-01 4.530000e+00 -3.982347e+00
    endloop
  endfacet
  facet normal 0.000000e+00 1.000000e+00 0.000000e+00
    outer loop
      vertex   -6.108881e-01 4.530000e+00 -2.549975e+00
      vertex   -4.579204e-01 4.530000e+00 -3.982347e+00
      vertex   -6.747188e-01 4.530000e+00 -3.952809e+00
    endloop
  endfacet
  facet normal 0.000000e+00 1.000000e+00 -0.000000e+00
    outer loop
      vertex   -6.747188e-01 4.530000e+00 -3.952809e+00
      vertex   -8.896001e-01 4.530000e+00 -3.911577e+00
      vertex   -6.108881e-01 4.530000e+00 -2.549975e+00
    endloop
  endfacet
  facet normal 0.000000e+00 1.000000e+00 0.000000e+00
    outer loop
      vertex   -6.108881e-01 4.530000e+00 -2.549975e+00
      vertex   -8.896001e-01 4.530000e+00 -3.911577e+00
      vertex   -1.101934e+00 4.530000e+00 -3.858772e+00
    endloop
  endfacet
  facet normal 0.000000e+00 1.000000e+00 0.000000e+00
    outer loop
      vertex   -6.108881e-01 4.530000e+00 -2.549975e+00
      vertex   -1.101934e+00 4.530000e+00 -3.858772e+00
      vertex   -1.311098e+00 4.530000e+00 -3.794549e+00
    endloop
  endfacet
  facet normal 0.000000e+00 1.000000e+00 -0.000000e+00
    outer loop
      vertex   -1.311098e+00 4.530000e+00 -3.794549e+00
      vertex   -1.516478e+00 4.530000e+00 -3.719096e+00
      vertex   -6.108881e-01 4.530000e+00 -2.549975e+00
    endloop
  endfacet
  facet normal 0.000000e+00 1.000000e+00 0.000000e+00
    outer loop
      vertex   -6.108881e-01 4.530000e+00 -2.549975e+00
      vertex   -1.516478e+00 4.530000e+00 -3.719096e+00
      vertex   -1.346318e+00 4.530000e+00 -2.261340e+00
    endloop
  endfacet
  facet normal 0.000000e+00 1.000000e+00 0.000000e+00
    outer loop
      vertex   -6.108881e-01 4.530000e+00 -2.549975e+00
      vertex   -1.346318e+00 4.530000e+00 -2.261340e+00
      vertex   -8.312775e-01 4.530000e+00 -2.030279e+00
    endloop
  endfacet
  facet normal 0.000000e+00 1.000000e+00 -0.000000e+00
    outer loop
      vertex   -1.516478e+00 4.530000e+00 -3.719096e+00
      vertex   -1.717472e+00 4.530000e+00 -3.632635e+00
      vertex   -1.346318e+00 4.530000e+00 -2.261340e+00
    endloop
  endfacet
  facet normal 0.000000e+00 1.000000e+00 0.000000e+00
    outer loop
      vertex   -1.346318e+00 4.530000e+00 -2.261340e+00
      vertex   -1.717472e+00 4.530000e+00 -3.632635e+00
      vertex   -1.913490e+00 4.530000e+00 -3.535419e+00
    endloop
  endfacet
  facet normal 0.000000e+00 1.000000e+00 0.000000e+00
    outer loop
      vertex   -1.346318e+00 4.530000e+00 -2.261340e+00
      vertex   -1.913490e+00 4.530000e+00 -3.535419e+00
      vertex   -2.103957e+00 4.530000e+00 -3.427733e+00
    endloop
  endfacet
  facet normal 0.000000e+00 1.000000e+00 -0.000000e+00
    outer loop
      vertex   -2.103957e+00 4.530000e+00 -3.427733e+00
      vertex   -2.288315e+00 4.530000e+00 -3.309894e+00
      vertex   -1.346318e+00 4.530000e+00 -2.261340e+00
    endloop
  endfacet
  facet normal 0.000000e+00 1.000000e+00 0.000000e+00
    outer loop
      vertex   -1.346318e+00 4.530000e+00 -2.261340e+00
      vertex   -2.288315e+00 4.530000e+00 -3.309894e+00
      vertex   -2.466023e+00 4.530000e+00 -3.182246e+00
    endloop
  endfacet
  facet normal 0.000000e+00 1.000000e+00 0.000000e+00
    outer loop
      vertex   -1.346318e+00 4.530000e+00 -2.261340e+00
      vertex   -2.466023e+00 4.530000e+00 -3.182246e+00
      vertex   -1.963997e+00 4.530000e+00 -1.768757e+00
    endloop
  endfacet
  facet normal 0.000000e+00 1.000000e+00 0.000000e+00
    outer loop
      vertex   -1.963997e+00 4.530000e+00 -1.768757e+00
      vertex   -2.466023e+00 4.530000e+00 -3.182246e+00
      vertex   -2.636560e+00 4.530000e+00 -3.045165e+00
    endloop
  endfacet
  facet normal 0.000000e+00 1.000000e+00 0.000000e+00
    outer loop
      vertex   -1.963997e+00 4.530000e+00 -1.768757e+00
      vertex   -2.636560e+00 4.530000e+00 -3.045165e+00
      vertex   -2.799425e+00 4.530000e+00 -2.899052e+00
    endloop
  endfacet
  facet normal 0.000000e+00 1.000000e+00 -0.000000e+00
    outer loop
      vertex   -2.799425e+00 4.530000e+00 -2.899052e+00
      vertex   -2.954141e+00 4.530000e+00 -2.744336e+00
      vertex   -1.963997e+00 4.530000e+00 -1.768757e+00
    endloop
  endfacet
  facet normal 0.000000e+00 1.000000e+00 0.000000e+00
    outer loop
      vertex   -1.963997e+00 4.530000e+00 -1.768757e+00
      vertex   -2.954141e+00 4.530000e+00 -2.744336e+00
      vertex   -3.100254e+00 4.530000e+00 -2.581471e+00
    endloop
  endfacet
  facet normal 0.000000e+00 1.000000e+00 0.000000e+00
    outer loop
      vertex   -1.963997e+00 4.530000e+00 -1.768757e+00
      vertex   -3.100254e+00 4.530000e+00 -2.581471e+00
      vertex   -3.237336e+00 4.530000e+00 -2.410934e+00
    endloop
  endfacet
  facet normal 0.000000e+00 1.000000e+00 -0.000000e+00
    outer loop
      vertex   -3.237336e+00 4.530000e+00 -2.410934e+00
      vertex   -3.364983e+00 4.530000e+00 -2.233226e+00
      vertex   -1.963997e+00 4.530000e+00 -1.768757e+00
    endloop
  endfacet
  facet normal 0.000000e+00 1.000000e+00 0.000000e+00
    outer loop
      vertex   -1.963997e+00 4.530000e+00 -1.768757e+00
      vertex   -3.364983e+00 4.530000e+00 -2.233226e+00
      vertex   -2.409044e+00 4.530000e+00 -1.115994e+00
    endloop
  endfacet
  facet normal 0.000000e+00 1.000000e+00 -0.000000e+00
    outer loop
      vertex   -1.963997e+00 4.530000e+00 -1.768757e+00
      vertex   -2.409044e+00 4.530000e+00 -1.115994e+00
      vertex   -1.853336e+00 4.530000e+00 -1.215214e+00
    endloop
  endfacet
  facet normal 0.000000e+00 1.000000e+00 -0.000000e+00
    outer loop
      vertex   -3.364983e+00 4.530000e+00 -2.233226e+00
      vertex   -3.482823e+00 4.530000e+00 -2.048868e+00
      vertex   -2.409044e+00 4.530000e+00 -1.115994e+00
    endloop
  endfacet
  facet normal 0.000000e+00 1.000000e+00 0.000000e+00
    outer loop
      vertex   -2.409044e+00 4.530000e+00 -1.115994e+00
      vertex   -3.482823e+00 4.530000e+00 -2.048868e+00
      vertex   -3.590508e+00 4.530000e+00 -1.858400e+00
    endloop
  endfacet
  facet normal 0.000000e+00 1.000000e+00 0.000000e+00
    outer loop
      vertex   -2.409044e+00 4.530000e+00 -1.115994e+00
      vertex   -3.590508e+00 4.530000e+00 -1.858400e+00
      vertex   -3.687724e+00 4.530000e+00 -1.662382e+00
    endloop
  endfacet
  facet normal 0.000000e+00 1.000000e+00 -0.000000e+00
    outer loop
      vertex   -3.687724e+00 4.530000e+00 -1.662382e+00
      vertex   -3.774186e+00 4.530000e+00 -1.461388e+00
      vertex   -2.409044e+00 4.530000e+00 -1.115994e+00
    endloop
  endfacet
  facet normal 0.000000e+00 1.000000e+00 0.000000e+00
    outer loop
      vertex   -2.409044e+00 4.530000e+00 -1.115994e+00
      vertex   -3.774186e+00 4.530000e+00 -1.461388e+00
      vertex   -3.849638e+00 4.530000e+00 -1.256008e+00
    endloop
  endfacet
  facet normal 0.000000e+00 1.000000e+00 0.000000e+00
    outer loop
      vertex   -2.409044e+00 4.530000e+00 -1.115994e+00
      vertex   -3.849638e+00 4.530000e+00 -1.256008e+00
      vertex   -2.641913e+00 4.530000e+00 -3.610510e-01
    endloop
  endfacet
  facet normal 0.000000e+00 1.000000e+00 0.000000e+00
    outer loop
      vertex   -2.641913e+00 4.530000e+00 -3.610510e-01
      vertex   -3.849638e+00 4.530000e+00 -1.256008e+00
      vertex   -3.913862e+00 4.530000e+00 -1.046844e+00
    endloop
  endfacet
  facet normal 0.000000e+00 1.000000e+00 0.000000e+00
    outer loop
      vertex   -2.641913e+00 4.530000e+00 -3.610510e-01
      vertex   -3.913862e+00 4.530000e+00 -1.046844e+00
      vertex   -3.966667e+00 4.530000e+00 -8.345105e-01
    endloop
  endfacet
  facet normal 0.000000e+00 1.000000e+00 -0.000000e+00
    outer loop
      vertex   -3.966667e+00 4.530000e+00 -8.345105e-01
      vertex   -4.007899e+00 4.530000e+00 -6.196292e-01
      vertex   -2.641913e+00 4.530000e+00 -3.610510e-01
    endloop
  endfacet
  facet normal 0.000000e+00 1.000000e+00 0.000000e+00
    outer loop
      vertex   -2.641913e+00 4.530000e+00 -3.610510e-01
      vertex   -4.007899e+00 4.530000e+00 -6.196292e-01
      vertex   -4.037437e+00 4.530000e+00 -4.028308e-01
    endloop
  endfacet
  facet normal 0.000000e+00 1.000000e+00 0.000000e+00
    outer loop
      vertex   -2.641913e+00 4.530000e+00 -3.610510e-01
      vertex   -4.037437e+00 4.530000e+00 -4.028308e-01
      vertex   -4.055195e+00 4.530000e+00 -1.847511e-01
    endloop
  endfacet
  facet normal -0.000000e+00 1.000000e+00 -0.000000e+00
    outer loop
      vertex   -4.055195e+00 4.530000e+00 -1.847511e-01
      vertex   -4.061120e+00 4.530000e+00 3.397007e-02
      vertex   -2.641913e+00 4.530000e+00 -3.610510e-01
    endloop
  endfacet
  facet normal 0.000000e+00 1.000000e+00 0.000000e+00
    outer loop
      vertex   -2.641913e+00 4.530000e+00 -3.610510e-01
      vertex   -4.061120e+00 4.530000e+00 3.397007e-02
      vertex   -2.641913e+00 4.530000e+00 4.289911e-01
    endloop
  endfacet
  facet normal 0.000000e+00 1.000000e+00 -0.000000e+00
    outer loop
      vertex   -2.641913e+00 4.530000e+00 -3.610510e-01
      vertex   -2.641913e+00 4.530000e+00 4.289911e-01
      vertex   -2.238658e+00 4.530000e+00 3.397007e-02
    endloop
  endfacet
  facet normal 0.000000e+00 1.000000e+00 0.000000e+00
    outer loop
      vertex   -4.061120e+00 4.530000e+00 3.397007e-02
      vertex   -4.055195e+00 4.530000e+00 2.526913e-01
      vertex   -2.641913e+00 4.530000e+00 4.289911e-01
    endloop
  endfacet
  facet normal 0.000000e+00 1.000000e+00 0.000000e+00
    outer loop
      vertex   -2.641913e+00 4.530000e+00 4.289911e-01
      vertex   -4.055195e+00 4.530000e+00 2.526913e-01
      vertex   -4.037437e+00 4.530000e+00 4.707709e-01
    endloop
  endfacet
  facet normal 0.000000e+00 1.000000e+00 0.000000e+00
    outer loop
      vertex   -2.641913e+00 4.530000e+00 4.289911e-01
      vertex   -4.037437e+00 4.530000e+00 4.707709e-01
      vertex   -4.007899e+00 4.530000e+00 6.875693e-01
    endloop
  endfacet
  facet normal -0.000000e+00 1.000000e+00 0.000000e+00
    outer loop
      vertex   -4.007899e+00 4.530000e+00 6.875693e-01
      vertex   -3.966667e+00 4.530000e+00 9.024507e-01
      vertex   -2.641913e+00 4.530000e+00 4.289911e-01
    endloop
  endfacet
  facet normal 0.000000e+00 1.000000e+00 0.000000e+00
    outer loop
      vertex   -2.641913e+00 4.530000e+00 4.289911e-01
      vertex   -3.966667e+00 4.530000e+00 9.024507e-01
      vertex   -3.913862e+00 4.530000e+00 1.114785e+00
    endloop
  endfacet
  facet normal 0.000000e+00 1.000000e+00 0.000000e+00
    outer loop
      vertex   -2.641913e+00 4.530000e+00 4.289911e-01
      vertex   -3.913862e+00 4.530000e+00 1.114785e+00
      vertex   -3.849638e+00 4.530000e+00 1.323948e+00
    endloop
  endfacet
  facet normal 0.000000e+00 1.000000e+00 -0.000000e+00
    outer loop
      vertex   -2.641913e+00 4.530000e+00 4.289911e-01
      vertex   -3.849638e+00 4.530000e+00 1.323948e+00
      vertex   -2.409044e+00 4.530000e+00 1.183934e+00
    endloop
  endfacet
  facet normal 0.000000e+00 1.000000e+00 0.000000e+00
    outer loop
      vertex   -2.409044e+00 4.530000e+00 1.183934e+00
      vertex   -3.849638e+00 4.530000e+00 1.323948e+00
      vertex   -3.774186e+00 4.530000e+00 1.529328e+00
    endloop
  endfacet
  facet normal 0.000000e+00 1.000000e+00 0.000000e+00
    outer loop
      vertex   -2.409044e+00 4.530000e+00 1.183934e+00
      vertex   -3.774186e+00 4.530000e+00 1.529328e+00
      vertex   -3.687724e+00 4.530000e+00 1.730322e+00
    endloop
  endfacet
  facet normal -0.000000e+00 1.000000e+00 0.000000e+00
    outer loop
      vertex   -3.687724e+00 4.530000e+00 1.730322e+00
      vertex   -3.590508e+00 4.530000e+00 1.926340e+00
      vertex   -2.409044e+00 4.530000e+00 1.183934e+00
    endloop
  endfacet
  facet normal 0.000000e+00 1.000000e+00 0.000000e+00
    outer loop
      vertex   -2.409044e+00 4.530000e+00 1.183934e+00
      vertex   -3.590508e+00 4.530000e+00 1.926340e+00
      vertex   -3.482823e+00 4.530000e+00 2.116808e+00
    endloop
  endfacet
  facet normal 0.000000e+00 1.000000e+00 0.000000e+00
    outer loop
      vertex   -2.409044e+00 4.530000e+00 1.183934e+00
      vertex   -3.482823e+00 4.530000e+00 2.116808e+00
      vertex   -3.364983e+00 4.530000e+00 2.301166e+00
    endloop
  endfacet
  facet normal 0.000000e+00 1.000000e+00 -0.000000e+00
    outer loop
      vertex   -2.409044e+00 4.530000e+00 1.183934e+00
      vertex   -3.364983e+00 4.530000e+00 2.301166e+00
      vertex   -1.963997e+00 4.530000e+00 1.836697e+00
    endloop
  endfacet
  facet normal 0.000000e+00 1.000000e+00 0.000000e+00
    outer loop
      vertex   -1.963997e+00 4.530000e+00 1.836697e+00
      vertex   -3.364983e+00 4.530000e+00 2.301166e+00
      vertex   -3.237336e+00 4.530000e+00 2.478874e+00
    endloop
  endfacet
  facet normal 0.000000e+00 1.000000e+00 0.000000e+00
    outer loop
      vertex   -1.963997e+00 4.530000e+00 1.836697e+00
      vertex   -3.237336e+00 4.530000e+00 2.478874e+00
      vertex   -3.100254e+00 4.530000e+00 2.649411e+00
    endloop
  endfacet
  facet normal -0.000000e+00 1.000000e+00 0.000000e+00
    outer loop
      vertex   -3.100254e+00 4.530000e+00 2.649411e+00
      vertex   -2.954141e+00 4.530000e+00 2.812276e+00
      vertex   -1.963997e+00 4.530000e+00 1.836697e+00
    endloop
  endfacet
  facet normal 0.000000e+00 1.000000e+00 0.000000e+00
    outer loop
      vertex   -1.963997e+00 4.530000e+00 1.836697e+00
      vertex   -2.954141e+00 4.530000e+00 2.812276e+00
      vertex   -2.799425e+00 4.530000e+00 2.966992e+00
    endloop
  endfacet
  facet normal 0.000000e+00 1.000000e+00 0.000000e+00
    outer loop
      vertex   -1.963997e+00 4.530000e+00 1.836697e+00
      vertex   -2.799425e+00 4.530000e+00 2.966992e+00
      vertex   -2.636560e+00 4.530000e+00 3.113105e+00
    endloop
  endfacet
  facet normal -0.000000e+00 1.000000e+00 0.000000e+00
    outer loop
      vertex   -2.636560e+00 4.530000e+00 3.113105e+00
      vertex   -2.466023e+00 4.530000e+00 3.250186e+00
      vertex   -1.963997e+00 4.530000e+00 1.836697e+00
    endloop
  endfacet
  facet normal 0.000000e+00 1.000000e+00 -0.000000e+00
    outer loop
      vertex   -1.963997e+00 4.530000e+00 1.836697e+00
      vertex   -2.466023e+00 4.530000e+00 3.250186e+00
      vertex   -1.346318e+00 4.530000e+00 2.329280e+00
    endloop
  endfacet
  facet normal -0.000000e+00 1.000000e+00 0.000000e+00
    outer loop
      vertex   -1.963997e+00 4.530000e+00 1.836697e+00
      vertex   -1.346318e+00 4.530000e+00 2.329280e+00
      vertex   -1.403732e+00 4.530000e+00 1.767712e+00
    endloop
  endfacet
  facet normal -0.000000e+00 1.000000e+00 0.000000e+00
    outer loop
      vertex   -2.466023e+00 4.530000e+00 3.250186e+00
      vertex   -2.288315e+00 4.530000e+00 3.377834e+00
      vertex   -1.346318e+00 4.530000e+00 2.329280e+00
    endloop
  endfacet
  facet normal 0.000000e+00 1.000000e+00 0.000000e+00
    outer loop
      vertex   -1.346318e+00 4.530000e+00 2.329280e+00
      vertex   -2.288315e+00 4.530000e+00 3.377834e+00
      vertex   -2.103957e+00 4.530000e+00 3.495673e+00
    endloop
  endfacet
  facet normal 0.000000e+00 1.000000e+00 0.000000e+00
    outer loop
      vertex   -1.346318e+00 4.530000e+00 2.329280e+00
      vertex   -2.103957e+00 4.530000e+00 3.495673e+00
      vertex   -1.913490e+00 4.530000e+00 3.603359e+00
    endloop
  endfacet
  facet normal -0.000000e+00 1.000000e+00 0.000000e+00
    outer loop
      vertex   -1.913490e+00 4.530000e+00 3.603359e+00
      vertex   -1.717472e+00 4.530000e+00 3.700575e+00
      vertex   -1.346318e+00 4.530000e+00 2.329280e+00
    endloop
  endfacet
  facet normal 0.000000e+00 1.000000e+00 0.000000e+00
    outer loop
      vertex   -1.346318e+00 4.530000e+00 2.329280e+00
      vertex   -1.717472e+00 4.530000e+00 3.700575e+00
      vertex   -1.516478e+00 4.530000e+00 3.787036e+00
    endloop
  endfacet
  facet normal 0.000000e+00 1.000000e+00 -0.000000e+00
    outer loop
      vertex   -1.346318e+00 4.530000e+00 2.329280e+00
      vertex   -1.516478e+00 4.530000e+00 3.787036e+00
      vertex   -6.108881e-01 4.530000e+00 2.617915e+00
    endloop
  endfacet
  facet normal 0.000000e+00 1.000000e+00 0.000000e+00
    outer loop
      vertex   -6.108881e-01 4.530000e+00 2.617915e+00
      vertex   -1.516478e+00 4.530000e+00 3.787036e+00
      vertex   -1.311098e+00 4.530000e+00 3.862489e+00
    endloop
  endfacet
  facet normal 0.000000e+00 1.000000e+00 0.000000e+00
    outer loop
      vertex   -6.108881e-01 4.530000e+00 2.617915e+00
      vertex   -1.311098e+00 4.530000e+00 3.862489e+00
      vertex   -1.101934e+00 4.530000e+00 3.926712e+00
    endloop
  endfacet
  facet normal -0.000000e+00 1.000000e+00 0.000000e+00
    outer loop
      vertex   -1.101934e+00 4.530000e+00 3.926712e+00
      vertex   -8.896001e-01 4.530000e+00 3.979517e+00
      vertex   -6.108881e-01 4.530000e+00 2.617915e+00
    endloop
  endfacet
  facet normal 0.000000e+00 1.000000e+00 0.000000e+00
    outer loop
      vertex   -6.108881e-01 4.530000e+00 2.617915e+00
      vertex   -8.896001e-01 4.530000e+00 3.979517e+00
      vertex   -6.747188e-01 4.530000e+00 4.020749e+00
    endloop
  endfacet
  facet normal 0.000000e+00 1.000000e+00 -0.000000e+00
    outer loop
      vertex   -6.108881e-01 4.530000e+00 2.617915e+00
      vertex   -6.747188e-01 4.530000e+00 4.020749e+00
      vertex   -4.579204e-01 4.530000e+00 4.050287e+00
    endloop
  endfacet
  facet normal -0.000000e+00 1.000000e+00 0.000000e+00
    outer loop
      vertex   -4.579204e-01 4.530000e+00 4.050287e+00
      vertex   -2.398407e-01 4.530000e+00 4.068045e+00
      vertex   -6.108881e-01 4.530000e+00 2.617915e+00
    endloop
  endfacet
  facet normal 0.000000e+00 1.000000e+00 0.000000e+00
    outer loop
      vertex   -6.108881e-01 4.530000e+00 2.617915e+00
      vertex   -2.398407e-01 4.530000e+00 4.068045e+00
      vertex   1.769448e-01 4.530000e+00 2.676955e+00
    endloop
  endfacet
  facet normal -0.000000e+00 1.000000e+00 0.000000e+00
    outer loop
      vertex   -6.108881e-01 4.530000e+00 2.617915e+00
      vertex   1.769448e-01 4.530000e+00 2.676955e+00
      vertex   -1.868364e-01 4.530000e+00 2.245308e+00
    endloop
  endfacet
  facet normal -0.000000e+00 1.000000e+00 0.000000e+00
    outer loop
      vertex   -2.398407e-01 4.530000e+00 4.068045e+00
      vertex   -2.111952e-02 4.530000e+00 4.073970e+00
      vertex   1.769448e-01 4.530000e+00 2.676955e+00
    endloop
  endfacet
  facet normal 0.000000e+00 1.000000e+00 -0.000000e+00
    outer loop
      vertex   1.769448e-01 4.530000e+00 2.676955e+00
      vertex   -2.111952e-02 4.530000e+00 4.073970e+00
      vertex   1.976017e-01 4.530000e+00 4.068045e+00
    endloop
  endfacet
  facet normal 0.000000e+00 1.000000e+00 0.000000e+00
    outer loop
      vertex   1.769448e-01 4.530000e+00 2.676955e+00
      vertex   1.976017e-01 4.530000e+00 4.068045e+00
      vertex   4.156813e-01 4.530000e+00 4.050287e+00
    endloop
  endfacet
  facet normal 0.000000e+00 1.000000e+00 0.000000e+00
    outer loop
      vertex   4.156813e-01 4.530000e+00 4.050287e+00
      vertex   6.324798e-01 4.530000e+00 4.020749e+00
      vertex   1.769448e-01 4.530000e+00 2.676955e+00
    endloop
  endfacet
  facet normal 0.000000e+00 1.000000e+00 0.000000e+00
    outer loop
      vertex   1.769448e-01 4.530000e+00 2.676955e+00
      vertex   6.324798e-01 4.530000e+00 4.020749e+00
      vertex   8.473611e-01 4.530000e+00 3.979517e+00
    endloop
  endfacet
  facet normal -0.000000e+00 1.000000e+00 0.000000e+00
    outer loop
      vertex   1.769448e-01 4.530000e+00 2.676955e+00
      vertex   8.473611e-01 4.530000e+00 3.979517e+00
      vertex   9.471789e-01 4.530000e+00 2.501154e+00
    endloop
  endfacet
  facet normal 0.000000e+00 1.000000e+00 -0.000000e+00
    outer loop
      vertex   9.471789e-01 4.530000e+00 2.501154e+00
      vertex   8.473611e-01 4.530000e+00 3.979517e+00
      vertex   1.059695e+00 4.530000e+00 3.926712e+00
    endloop
  endfacet
  facet normal 0.000000e+00 1.000000e+00 0.000000e+00
    outer loop
      vertex   9.471789e-01 4.530000e+00 2.501154e+00
      vertex   1.059695e+00 4.530000e+00 3.926712e+00
      vertex   1.268859e+00 4.530000e+00 3.862489e+00
    endloop
  endfacet
  facet normal 0.000000e+00 1.000000e+00 0.000000e+00
    outer loop
      vertex   1.268859e+00 4.530000e+00 3.862489e+00
      vertex   1.474239e+00 4.530000e+00 3.787036e+00
      vertex   9.471789e-01 4.530000e+00 2.501154e+00
    endloop
  endfacet
  facet normal 0.000000e+00 1.000000e+00 0.000000e+00
    outer loop
      vertex   9.471789e-01 4.530000e+00 2.501154e+00
      vertex   1.474239e+00 4.530000e+00 3.787036e+00
      vertex   1.675232e+00 4.530000e+00 3.700575e+00
    endloop
  endfacet
  facet normal 0.000000e+00 1.000000e+00 0.000000e+00
    outer loop
      vertex   9.471789e-01 4.530000e+00 2.501154e+00
      vertex   1.675232e+00 4.530000e+00 3.700575e+00
      vertex   1.871251e+00 4.530000e+00 3.603359e+00
    endloop
  endfacet
  facet normal 0.000000e+00 1.000000e+00 0.000000e+00
    outer loop
      vertex   1.871251e+00 4.530000e+00 3.603359e+00
      vertex   2.061718e+00 4.530000e+00 3.495673e+00
      vertex   9.471789e-01 4.530000e+00 2.501154e+00
    endloop
  endfacet
  facet normal -0.000000e+00 1.000000e+00 0.000000e+00
    outer loop
      vertex   9.471789e-01 4.530000e+00 2.501154e+00
      vertex   2.061718e+00 4.530000e+00 3.495673e+00
      vertex   1.631375e+00 4.530000e+00 2.106133e+00
    endloop
  endfacet
  facet normal 0.000000e+00 1.000000e+00 0.000000e+00
    outer loop
      vertex   9.471789e-01 4.530000e+00 2.501154e+00
      vertex   1.631375e+00 4.530000e+00 2.106133e+00
      vertex   1.087650e+00 4.530000e+00 1.954415e+00
    endloop
  endfacet
  facet normal 0.000000e+00 1.000000e+00 0.000000e+00
    outer loop
      vertex   2.061718e+00 4.530000e+00 3.495673e+00
      vertex   2.246076e+00 4.530000e+00 3.377834e+00
      vertex   1.631375e+00 4.530000e+00 2.106133e+00
    endloop
  endfacet
  facet normal 0.000000e+00 1.000000e+00 0.000000e+00
    outer loop
      vertex   1.631375e+00 4.530000e+00 2.106133e+00
      vertex   2.246076e+00 4.530000e+00 3.377834e+00
      vertex   2.423784e+00 4.530000e+00 3.250186e+00
    endloop
  endfacet
  facet normal 0.000000e+00 1.000000e+00 0.000000e+00
    outer loop
      vertex   1.631375e+00 4.530000e+00 2.106133e+00
      vertex   2.423784e+00 4.530000e+00 3.250186e+00
      vertex   2.594321e+00 4.530000e+00 3.113105e+00
    endloop
  endfacet
  facet normal 0.000000e+00 1.000000e+00 0.000000e+00
    outer loop
      vertex   2.594321e+00 4.530000e+00 3.113105e+00
      vertex   2.757186e+00 4.530000e+00 2.966992e+00
      vertex   1.631375e+00 4.530000e+00 2.106133e+00
    endloop
  endfacet
  facet normal 0.000000e+00 1.000000e+00 0.000000e+00
    outer loop
      vertex   1.631375e+00 4.530000e+00 2.106133e+00
      vertex   2.757186e+00 4.530000e+00 2.966992e+00
      vertex   2.911902e+00 4.530000e+00 2.812276e+00
    endloop
  endfacet
  facet normal -0.000000e+00 1.000000e+00 0.000000e+00
    outer loop
      vertex   1.631375e+00 4.530000e+00 2.106133e+00
      vertex   2.911902e+00 4.530000e+00 2.812276e+00
      vertex   2.168740e+00 4.530000e+00 1.526991e+00
    endloop
  endfacet
  facet normal 0.000000e+00 1.000000e+00 0.000000e+00
    outer loop
      vertex   2.168740e+00 4.530000e+00 1.526991e+00
      vertex   2.911902e+00 4.530000e+00 2.812276e+00
      vertex   3.058015e+00 4.530000e+00 2.649411e+00
    endloop
  endfacet
  facet normal 0.000000e+00 1.000000e+00 0.000000e+00
    outer loop
      vertex   2.168740e+00 4.530000e+00 1.526991e+00
      vertex   3.058015e+00 4.530000e+00 2.649411e+00
      vertex   3.195097e+00 4.530000e+00 2.478874e+00
    endloop
  endfacet
  facet normal 0.000000e+00 1.000000e+00 0.000000e+00
    outer loop
      vertex   3.195097e+00 4.530000e+00 2.478874e+00
      vertex   3.322744e+00 4.530000e+00 2.301166e+00
      vertex   2.168740e+00 4.530000e+00 1.526991e+00
    endloop
  endfacet
  facet normal 0.000000e+00 1.000000e+00 0.000000e+00
    outer loop
      vertex   2.168740e+00 4.530000e+00 1.526991e+00
      vertex   3.322744e+00 4.530000e+00 2.301166e+00
      vertex   3.440584e+00 4.530000e+00 2.116808e+00
    endloop
  endfacet
  facet normal 0.000000e+00 1.000000e+00 0.000000e+00
    outer loop
      vertex   2.168740e+00 4.530000e+00 1.526991e+00
      vertex   3.440584e+00 4.530000e+00 2.116808e+00
      vertex   3.548269e+00 4.530000e+00 1.926340e+00
    endloop
  endfacet
  facet normal 0.000000e+00 1.000000e+00 0.000000e+00
    outer loop
      vertex   3.548269e+00 4.530000e+00 1.926340e+00
      vertex   3.645485e+00 4.530000e+00 1.730322e+00
      vertex   2.168740e+00 4.530000e+00 1.526991e+00
    endloop
  endfacet
  facet normal -0.000000e+00 1.000000e+00 0.000000e+00
    outer loop
      vertex   2.168740e+00 4.530000e+00 1.526991e+00
      vertex   3.645485e+00 4.530000e+00 1.730322e+00
      vertex   2.511527e+00 4.530000e+00 8.151880e-01
    endloop
  endfacet
  facet normal 0.000000e+00 1.000000e+00 0.000000e+00
    outer loop
      vertex   2.168740e+00 4.530000e+00 1.526991e+00
      vertex   2.511527e+00 4.530000e+00 8.151880e-01
      vertex   1.976814e+00 4.530000e+00 9.961242e-01
    endloop
  endfacet
  facet normal 0.000000e+00 1.000000e+00 0.000000e+00
    outer loop
      vertex   3.645485e+00 4.530000e+00 1.730322e+00
      vertex   3.731946e+00 4.530000e+00 1.529328e+00
      vertex   2.511527e+00 4.530000e+00 8.151880e-01
    endloop
  endfacet
  facet normal 0.000000e+00 1.000000e+00 0.000000e+00
    outer loop
      vertex   2.511527e+00 4.530000e+00 8.151880e-01
      vertex   3.731946e+00 4.530000e+00 1.529328e+00
      vertex   3.807399e+00 4.530000e+00 1.323948e+00
    endloop
  endfacet
  facet normal 0.000000e+00 1.000000e+00 0.000000e+00
    outer loop
      vertex   2.511527e+00 4.530000e+00 8.151880e-01
      vertex   3.807399e+00 4.530000e+00 1.323948e+00
      vertex   3.871623e+00 4.530000e+00 1.114785e+00
    endloop
  endfacet
  facet normal 0.000000e+00 1.000000e+00 0.000000e+00
    outer loop
      vertex   3.871623e+00 4.530000e+00 1.114785e+00
      vertex   3.924428e+00 4.530000e+00 9.024507e-01
      vertex   2.511527e+00 4.530000e+00 8.151880e-01
    endloop
  endfacet
  facet normal -0.000000e+00 1.000000e+00 0.000000e+00
    outer loop
      vertex   2.511527e+00 4.530000e+00 8.151880e-01
      vertex   3.924428e+00 4.530000e+00 9.024507e-01
      vertex   3.965660e+00 4.530000e+00 6.875693e-01
    endloop
  endfacet
  facet normal 0.000000e+00 1.000000e+00 0.000000e+00
    outer loop
      vertex   2.511527e+00 4.530000e+00 8.151880e-01
      vertex   3.965660e+00 4.530000e+00 6.875693e-01
      vertex   2.629276e+00 4.530000e+00 3.397007e-02
    endloop
  endfacet
  facet normal 0.000000e+00 1.000000e+00 0.000000e+00
    outer loop
      vertex   2.629276e+00 4.530000e+00 3.397007e-02
      vertex   3.965660e+00 4.530000e+00 6.875693e-01
      vertex   3.995198e+00 4.530000e+00 4.707709e-01
    endloop
  endfacet
  facet normal 0.000000e+00 1.000000e+00 0.000000e+00
    outer loop
      vertex   2.629276e+00 4.530000e+00 3.397007e-02
      vertex   3.995198e+00 4.530000e+00 4.707709e-01
      vertex   4.012956e+00 4.530000e+00 2.526913e-01
    endloop
  endfacet
  facet normal 0.000000e+00 1.000000e+00 0.000000e+00
    outer loop
      vertex   -6.108881e-01 4.530000e+00 2.617915e+00
      vertex   -8.312775e-01 4.530000e+00 2.098219e+00
      vertex   -1.346318e+00 4.530000e+00 2.329280e+00
    endloop
  endfacet
  facet normal 0.000000e+00 1.000000e+00 0.000000e+00
    outer loop
      vertex   -1.963997e+00 4.530000e+00 1.836697e+00
      vertex   -1.853336e+00 4.530000e+00 1.283154e+00
      vertex   -2.409044e+00 4.530000e+00 1.183934e+00
    endloop
  endfacet
  facet normal 0.000000e+00 1.000000e+00 0.000000e+00
    outer loop
      vertex   -2.409044e+00 4.530000e+00 1.183934e+00
      vertex   -2.140139e+00 4.530000e+00 6.876012e-01
      vertex   -2.641913e+00 4.530000e+00 4.289911e-01
    endloop
  endfacet
  facet normal 0.000000e+00 1.000000e+00 0.000000e+00
    outer loop
      vertex   -2.641913e+00 4.530000e+00 -3.610510e-01
      vertex   -2.140139e+00 4.530000e+00 -6.196610e-01
      vertex   -2.409044e+00 4.530000e+00 -1.115994e+00
    endloop
  endfacet
  facet normal -0.000000e+00 1.000000e+00 0.000000e+00
    outer loop
      vertex   -1.963997e+00 4.530000e+00 -1.768757e+00
      vertex   -1.403732e+00 4.530000e+00 -1.699772e+00
      vertex   -1.346318e+00 4.530000e+00 -2.261340e+00
    endloop
  endfacet
  facet normal -0.000000e+00 1.000000e+00 0.000000e+00
    outer loop
      vertex   -6.108881e-01 4.530000e+00 -2.549975e+00
      vertex   -1.868364e-01 4.530000e+00 -2.177368e+00
      vertex   1.769448e-01 4.530000e+00 -2.609015e+00
    endloop
  endfacet
  facet normal 0.000000e+00 1.000000e+00 0.000000e+00
    outer loop
      vertex   9.471789e-01 4.530000e+00 -2.433214e+00
      vertex   1.087650e+00 4.530000e+00 -1.886475e+00
      vertex   1.631375e+00 4.530000e+00 -2.038193e+00
    endloop
  endfacet
  facet normal 0.000000e+00 1.000000e+00 -0.000000e+00
    outer loop
      vertex   2.168740e+00 4.530000e+00 -1.459051e+00
      vertex   1.976814e+00 4.530000e+00 -9.281840e-01
      vertex   2.511527e+00 4.530000e+00 -7.472479e-01
    endloop
  endfacet
  facet normal 0.000000e+00 1.000000e+00 0.000000e+00
    outer loop
      vertex   2.629276e+00 4.530000e+00 3.397007e-02
      vertex   2.171651e+00 4.530000e+00 3.644771e-01
      vertex   2.511527e+00 4.530000e+00 8.151880e-01
    endloop
  endfacet
  facet normal 0.000000e+00 1.000000e+00 0.000000e+00
    outer loop
      vertex   2.168740e+00 4.530000e+00 1.526991e+00
      vertex   1.604452e+00 4.530000e+00 1.542280e+00
      vertex   1.631375e+00 4.530000e+00 2.106133e+00
    endloop
  endfacet
  facet normal 0.000000e+00 1.000000e+00 0.000000e+00
    outer loop
      vertex   9.471789e-01 4.530000e+00 2.501154e+00
      vertex   4.723293e-01 4.530000e+00 2.195911e+00
      vertex   1.769448e-01 4.530000e+00 2.676955e+00
    endloop
  endfacet
  facet normal 9.996333e-01 -1.822610e-08 -2.707938e-02
    outer loop
      vertex   4.012955e+00 1.200000e+00 -1.847511e-01
      vertex   4.012956e+00 4.530000e+00 -1.847511e-01
      vertex   4.018880e+00 1.200000e+00 3.397007e-02
    endloop
  endfacet
  facet normal 9.996333e-01 -1.822668e-08 -2.707938e-02
    outer loop
      vertex   4.018880e+00 1.200000e+00 3.397007e-02
      vertex   4.012956e+00 4.530000e+00 -1.847511e-01
      vertex   4.018881e+00 4.530000e+00 3.397007e-02
    endloop
  endfacet
  facet normal 9.996333e-01 -1.822668e-08 2.707938e-02
    outer loop
      vertex   4.018880e+00 1.200000e+00 3.397007e-02
      vertex   4.018881e+00 4.530000e+00 3.397007e-02
      vertex   4.012955e+00 1.200000e+00 2.526913e-01
    endloop
  endfacet
  facet normal 9.996333e-01 -1.822727e-08 2.707938e-02
    outer loop
      vertex   4.012955e+00 1.200000e+00 2.526913e-01
      vertex   4.018881e+00 4.530000e+00 3.397007e-02
      vertex   4.012956e+00 4.530000e+00 2.526913e-01
    endloop
  endfacet
  facet normal 9.967012e-01 -1.822684e-08 8.115873e-02
    outer loop
      vertex   4.012955e+00 1.200000e+00 2.526913e-01
      vertex   4.012956e+00 4.530000e+00 2.526913e-01
      vertex   3.995198e+00 4.530000e+00 4.707709e-01
    endloop
  endfacet
  facet normal 9.967012e-01 -1.822568e-08 -8.115873e-02
    outer loop
      vertex   4.012956e+00 4.530000e+00 -1.847511e-01
      vertex   4.012955e+00 1.200000e+00 -1.847511e-01
      vertex   3.995198e+00 4.530000e+00 -4.028308e-01
    endloop
  endfacet
  facet normal 9.967012e-01 -1.822509e-08 -8.115873e-02
    outer loop
      vertex   3.995198e+00 4.530000e+00 -4.028308e-01
      vertex   4.012955e+00 1.200000e+00 -1.847511e-01
      vertex   3.995198e+00 1.200000e+00 -4.028308e-01
    endloop
  endfacet
  facet normal 9.908456e-01 -1.822425e-08 -1.350000e-01
    outer loop
      vertex   3.995198e+00 4.530000e+00 -4.028308e-01
      vertex   3.995198e+00 1.200000e+00 -4.028308e-01
      vertex   3.965660e+00 4.530000e+00 -6.196292e-01
    endloop
  endfacet
  facet normal 9.908456e-01 -1.822367e-08 -1.350000e-01
    outer loop
      vertex   3.965660e+00 4.530000e+00 -6.196292e-01
      vertex   3.995198e+00 1.200000e+00 -4.028308e-01
      vertex   3.965660e+00 1.200000e+00 -6.196292e-01
    endloop
  endfacet
  facet normal 9.820837e-01 -1.822241e-08 -1.884453e-01
    outer loop
      vertex   3.965660e+00 4.530000e+00 -6.196292e-01
      vertex   3.965660e+00 1.200000e+00 -6.196292e-01
      vertex   3.924428e+00 4.530000e+00 -8.345105e-01
    endloop
  endfacet
  facet normal 9.820837e-01 -1.822183e-08 -1.884453e-01
    outer loop
      vertex   3.924428e+00 4.530000e+00 -8.345105e-01
      vertex   3.965660e+00 1.200000e+00 -6.196292e-01
      vertex   3.924428e+00 1.200000e+00 -8.345105e-01
    endloop
  endfacet
  facet normal 9.704411e-01 -1.822016e-08 -2.413379e-01
    outer loop
      vertex   3.924428e+00 4.530000e+00 -8.345105e-01
      vertex   3.924428e+00 1.200000e+00 -8.345105e-01
      vertex   3.871623e+00 4.530000e+00 -1.046844e+00
    endloop
  endfacet
  facet normal 9.704411e-01 -1.821958e-08 -2.413379e-01
    outer loop
      vertex   3.871623e+00 4.530000e+00 -1.046844e+00
      vertex   3.924428e+00 1.200000e+00 -8.345105e-01
      vertex   3.871622e+00 1.200000e+00 -1.046844e+00
    endloop
  endfacet
  facet normal 9.559521e-01 -1.821751e-08 -2.935226e-01
    outer loop
      vertex   3.871623e+00 4.530000e+00 -1.046844e+00
      vertex   3.871622e+00 1.200000e+00 -1.046844e+00
      vertex   3.807399e+00 4.530000e+00 -1.256008e+00
    endloop
  endfacet
  facet normal 9.559521e-01 -1.821692e-08 -2.935226e-01
    outer loop
      vertex   3.807399e+00 4.530000e+00 -1.256008e+00
      vertex   3.871622e+00 1.200000e+00 -1.046844e+00
      vertex   3.807399e+00 1.200000e+00 -1.256008e+00
    endloop
  endfacet
  facet normal 9.386592e-01 -1.821446e-08 -3.448463e-01
    outer loop
      vertex   3.807399e+00 4.530000e+00 -1.256008e+00
      vertex   3.807399e+00 1.200000e+00 -1.256008e+00
      vertex   3.731946e+00 4.530000e+00 -1.461388e+00
    endloop
  endfacet
  facet normal 9.386592e-01 -1.821388e-08 -3.448463e-01
    outer loop
      vertex   3.731946e+00 4.530000e+00 -1.461388e+00
      vertex   3.807399e+00 1.200000e+00 -1.256008e+00
      vertex   3.731946e+00 1.200000e+00 -1.461388e+00
    endloop
  endfacet
  facet normal 9.186129e-01 -1.821102e-08 -3.951585e-01
    outer loop
      vertex   3.731946e+00 4.530000e+00 -1.461388e+00
      vertex   3.731946e+00 1.200000e+00 -1.461388e+00
      vertex   3.645485e+00 4.530000e+00 -1.662382e+00
    endloop
  endfacet
  facet normal 9.186129e-01 -1.821044e-08 -3.951585e-01
    outer loop
      vertex   3.645485e+00 4.530000e+00 -1.662382e+00
      vertex   3.731946e+00 1.200000e+00 -1.461388e+00
      vertex   3.645485e+00 1.200000e+00 -1.662382e+00
    endloop
  endfacet
  facet normal 8.958723e-01 -1.820721e-08 -4.443117e-01
    outer loop
      vertex   3.645485e+00 4.530000e+00 -1.662382e+00
      vertex   3.645485e+00 1.200000e+00 -1.662382e+00
      vertex   3.548269e+00 4.530000e+00 -1.858400e+00
    endloop
  endfacet
  facet normal 8.958723e-01 -1.820663e-08 -4.443117e-01
    outer loop
      vertex   3.548269e+00 4.530000e+00 -1.858400e+00
      vertex   3.645485e+00 1.200000e+00 -1.662382e+00
      vertex   3.548269e+00 1.200000e+00 -1.858400e+00
    endloop
  endfacet
  facet normal 8.705038e-01 -1.820304e-08 -4.921616e-01
    outer loop
      vertex   3.548269e+00 4.530000e+00 -1.858400e+00
      vertex   3.548269e+00 1.200000e+00 -1.858400e+00
      vertex   3.440584e+00 4.530000e+00 -2.048868e+00
    endloop
  endfacet
  facet normal 8.705038e-01 -1.820245e-08 -4.921616e-01
    outer loop
      vertex   3.440584e+00 4.530000e+00 -2.048868e+00
      vertex   3.548269e+00 1.200000e+00 -1.858400e+00
      vertex   3.440583e+00 1.200000e+00 -2.048868e+00
    endloop
  endfacet
  facet normal 8.425821e-01 -1.819851e-08 -5.385680e-01
    outer loop
      vertex   3.440584e+00 4.530000e+00 -2.048868e+00
      vertex   3.440583e+00 1.200000e+00 -2.048868e+00
      vertex   3.322744e+00 4.530000e+00 -2.233226e+00
    endloop
  endfacet
  facet normal 8.425821e-01 -1.819792e-08 -5.385680e-01
    outer loop
      vertex   3.322744e+00 4.530000e+00 -2.233226e+00
      vertex   3.440583e+00 1.200000e+00 -2.048868e+00
      vertex   3.322744e+00 1.200000e+00 -2.233226e+00
    endloop
  endfacet
  facet normal 8.121889e-01 -1.819364e-08 -5.833946e-01
    outer loop
      vertex   3.322744e+00 4.530000e+00 -2.233226e+00
      vertex   3.322744e+00 1.200000e+00 -2.233226e+00
      vertex   3.195097e+00 4.530000e+00 -2.410934e+00
    endloop
  endfacet
  facet normal 8.121889e-01 -1.819305e-08 -5.833946e-01
    outer loop
      vertex   3.195097e+00 4.530000e+00 -2.410934e+00
      vertex   3.322744e+00 1.200000e+00 -2.233226e+00
      vertex   3.195096e+00 1.200000e+00 -2.410934e+00
    endloop
  endfacet
  facet normal 7.794134e-01 -1.818844e-08 -6.265100e-01
    outer loop
      vertex   3.195097e+00 4.530000e+00 -2.410934e+00
      vertex   3.195096e+00 1.200000e+00 -2.410934e+00
      vertex   3.058015e+00 4.530000e+00 -2.581471e+00
    endloop
  endfacet
  facet normal 7.794134e-01 -1.818786e-08 -6.265100e-01
    outer loop
      vertex   3.058015e+00 4.530000e+00 -2.581471e+00
      vertex   3.195096e+00 1.200000e+00 -2.410934e+00
      vertex   3.058015e+00 1.200000e+00 -2.581471e+00
    endloop
  endfacet
  facet normal 7.443517e-01 -1.818294e-08 -6.677878e-01
    outer loop
      vertex   3.058015e+00 4.530000e+00 -2.581471e+00
      vertex   3.058015e+00 1.200000e+00 -2.581471e+00
      vertex   2.911902e+00 4.530000e+00 -2.744336e+00
    endloop
  endfacet
  facet normal 7.443517e-01 -1.818235e-08 -6.677878e-01
    outer loop
      vertex   2.911902e+00 4.530000e+00 -2.744336e+00
      vertex   3.058015e+00 1.200000e+00 -2.581471e+00
      vertex   2.911902e+00 1.200000e+00 -2.744336e+00
    endloop
  endfacet
  facet normal 7.071068e-01 -1.817714e-08 -7.071068e-01
    outer loop
      vertex   2.911902e+00 4.530000e+00 -2.744336e+00
      vertex   2.911902e+00 1.200000e+00 -2.744336e+00
      vertex   2.757186e+00 4.530000e+00 -2.899052e+00
    endloop
  endfacet
  facet normal 7.071068e-01 -1.817656e-08 -7.071068e-01
    outer loop
      vertex   2.757186e+00 4.530000e+00 -2.899052e+00
      vertex   2.911902e+00 1.200000e+00 -2.744336e+00
      vertex   2.757186e+00 1.200000e+00 -2.899052e+00
    endloop
  endfacet
  facet normal 6.677878e-01 -1.817106e-08 -7.443517e-01
    outer loop
      vertex   2.757186e+00 4.530000e+00 -2.899052e+00
      vertex   2.757186e+00 1.200000e+00 -2.899052e+00
      vertex   2.594321e+00 4.530000e+00 -3.045165e+00
    endloop
  endfacet
  facet normal 6.677878e-01 -1.817048e-08 -7.443517e-01
    outer loop
      vertex   2.594321e+00 4.530000e+00 -3.045165e+00
      vertex   2.757186e+00 1.200000e+00 -2.899052e+00
      vertex   2.594321e+00 1.200000e+00 -3.045165e+00
    endloop
  endfacet
  facet normal 6.265100e-01 -1.816473e-08 -7.794134e-01
    outer loop
      vertex   2.594321e+00 4.530000e+00 -3.045165e+00
      vertex   2.594321e+00 1.200000e+00 -3.045165e+00
      vertex   2.423784e+00 4.530000e+00 -3.182246e+00
    endloop
  endfacet
  facet normal 6.265100e-01 -1.816415e-08 -7.794134e-01
    outer loop
      vertex   2.423784e+00 4.530000e+00 -3.182246e+00
      vertex   2.594321e+00 1.200000e+00 -3.045165e+00
      vertex   2.423784e+00 1.200000e+00 -3.182246e+00
    endloop
  endfacet
  facet normal 5.833946e-01 -1.815815e-08 -8.121889e-01
    outer loop
      vertex   2.423784e+00 4.530000e+00 -3.182246e+00
      vertex   2.423784e+00 1.200000e+00 -3.182246e+00
      vertex   2.246076e+00 4.530000e+00 -3.309894e+00
    endloop
  endfacet
  facet normal 5.833946e-01 -1.815757e-08 -8.121889e-01
    outer loop
      vertex   2.246076e+00 4.530000e+00 -3.309894e+00
      vertex   2.423784e+00 1.200000e+00 -3.182246e+00
      vertex   2.246076e+00 1.200000e+00 -3.309893e+00
    endloop
  endfacet
  facet normal 5.385680e-01 -1.815136e-08 -8.425821e-01
    outer loop
      vertex   2.246076e+00 4.530000e+00 -3.309894e+00
      vertex   2.246076e+00 1.200000e+00 -3.309893e+00
      vertex   2.061718e+00 4.530000e+00 -3.427733e+00
    endloop
  endfacet
  facet normal 5.385680e-01 -1.815077e-08 -8.425821e-01
    outer loop
      vertex   2.061718e+00 4.530000e+00 -3.427733e+00
      vertex   2.246076e+00 1.200000e+00 -3.309893e+00
      vertex   2.061718e+00 1.200000e+00 -3.427733e+00
    endloop
  endfacet
  facet normal 4.921616e-01 -1.814436e-08 -8.705038e-01
    outer loop
      vertex   2.061718e+00 4.530000e+00 -3.427733e+00
      vertex   2.061718e+00 1.200000e+00 -3.427733e+00
      vertex   1.871251e+00 4.530000e+00 -3.535419e+00
    endloop
  endfacet
  facet normal 4.921616e-01 -1.814378e-08 -8.705038e-01
    outer loop
      vertex   1.871251e+00 4.530000e+00 -3.535419e+00
      vertex   2.061718e+00 1.200000e+00 -3.427733e+00
      vertex   1.871251e+00 1.200000e+00 -3.535419e+00
    endloop
  endfacet
  facet normal 4.443117e-01 -1.813718e-08 -8.958723e-01
    outer loop
      vertex   1.871251e+00 4.530000e+00 -3.535419e+00
      vertex   1.871251e+00 1.200000e+00 -3.535419e+00
      vertex   1.675232e+00 4.530000e+00 -3.632635e+00
    endloop
  endfacet
  facet normal 4.443117e-01 -1.813660e-08 -8.958723e-01
    outer loop
      vertex   1.675232e+00 4.530000e+00 -3.632635e+00
      vertex   1.871251e+00 1.200000e+00 -3.535419e+00
      vertex   1.675232e+00 1.200000e+00 -3.632635e+00
    endloop
  endfacet
  facet normal 3.951585e-01 -1.812984e-08 -9.186129e-01
    outer loop
      vertex   1.675232e+00 4.530000e+00 -3.632635e+00
      vertex   1.675232e+00 1.200000e+00 -3.632635e+00
      vertex   1.474239e+00 4.530000e+00 -3.719096e+00
    endloop
  endfacet
  facet normal 3.951585e-01 -1.812926e-08 -9.186129e-01
    outer loop
      vertex   1.474239e+00 4.530000e+00 -3.719096e+00
      vertex   1.675232e+00 1.200000e+00 -3.632635e+00
      vertex   1.474239e+00 1.200000e+00 -3.719096e+00
    endloop
  endfacet
  facet normal 3.448463e-01 -1.812237e-08 -9.386592e-01
    outer loop
      vertex   1.474239e+00 4.530000e+00 -3.719096e+00
      vertex   1.474239e+00 1.200000e+00 -3.719096e+00
      vertex   1.268859e+00 4.530000e+00 -3.794549e+00
    endloop
  endfacet
  facet normal 3.448463e-01 -1.812178e-08 -9.386592e-01
    outer loop
      vertex   1.268859e+00 4.530000e+00 -3.794549e+00
      vertex   1.474239e+00 1.200000e+00 -3.719096e+00
      vertex   1.268859e+00 1.200000e+00 -3.794549e+00
    endloop
  endfacet
  facet normal 2.935226e-01 -1.811478e-08 -9.559521e-01
    outer loop
      vertex   1.268859e+00 4.530000e+00 -3.794549e+00
      vertex   1.268859e+00 1.200000e+00 -3.794549e+00
      vertex   1.059695e+00 4.530000e+00 -3.858772e+00
    endloop
  endfacet
  facet normal 2.935226e-01 -1.811419e-08 -9.559521e-01
    outer loop
      vertex   1.059695e+00 4.530000e+00 -3.858772e+00
      vertex   1.268859e+00 1.200000e+00 -3.794549e+00
      vertex   1.059695e+00 1.200000e+00 -3.858772e+00
    endloop
  endfacet
  facet normal 2.413379e-01 -1.810709e-08 -9.704411e-01
    outer loop
      vertex   1.059695e+00 4.530000e+00 -3.858772e+00
      vertex   1.059695e+00 1.200000e+00 -3.858772e+00
      vertex   8.473611e-01 4.530000e+00 -3.911577e+00
    endloop
  endfacet
  facet normal 2.413379e-01 -1.810650e-08 -9.704411e-01
    outer loop
      vertex   8.473611e-01 4.530000e+00 -3.911577e+00
      vertex   1.059695e+00 1.200000e+00 -3.858772e+00
      vertex   8.473611e-01 1.200000e+00 -3.911577e+00
    endloop
  endfacet
  facet normal 1.884453e-01 -1.809933e-08 -9.820837e-01
    outer loop
      vertex   8.473611e-01 4.530000e+00 -3.911577e+00
      vertex   8.473611e-01 1.200000e+00 -3.911577e+00
      vertex   6.324798e-01 4.530000e+00 -3.952809e+00
    endloop
  endfacet
  facet normal 1.884453e-01 -1.809875e-08 -9.820837e-01
    outer loop
      vertex   6.324798e-01 4.530000e+00 -3.952809e+00
      vertex   8.473611e-01 1.200000e+00 -3.911577e+00
      vertex   6.324797e-01 1.200000e+00 -3.952809e+00
    endloop
  endfacet
  facet normal 1.350000e-01 -1.809152e-08 -9.908456e-01
    outer loop
      vertex   6.324798e-01 4.530000e+00 -3.952809e+00
      vertex   6.324797e-01 1.200000e+00 -3.952809e+00
      vertex   4.156813e-01 4.530000e+00 -3.982347e+00
    endloop
  endfacet
  facet normal 1.350000e-01 -1.809094e-08 -9.908456e-01
    outer loop
      vertex   4.156813e-01 4.530000e+00 -3.982347e+00
      vertex   6.324797e-01 1.200000e+00 -3.952809e+00
      vertex   4.156813e-01 1.200000e+00 -3.982347e+00
    endloop
  endfacet
  facet normal 8.115873e-02 -1.808369e-08 -9.967012e-01
    outer loop
      vertex   4.156813e-01 4.530000e+00 -3.982347e+00
      vertex   4.156813e-01 1.200000e+00 -3.982347e+00
      vertex   1.976017e-01 4.530000e+00 -4.000105e+00
    endloop
  endfacet
  facet normal 8.115873e-02 -1.808311e-08 -9.967012e-01
    outer loop
      vertex   1.976017e-01 4.530000e+00 -4.000105e+00
      vertex   4.156813e-01 1.200000e+00 -3.982347e+00
      vertex   1.976017e-01 1.200000e+00 -4.000105e+00
    endloop
  endfacet
  facet normal 2.707938e-02 -1.807586e-08 -9.996333e-01
    outer loop
      vertex   1.976017e-01 4.530000e+00 -4.000105e+00
      vertex   1.976017e-01 1.200000e+00 -4.000105e+00
      vertex   -2.111952e-02 4.530000e+00 -4.006030e+00
    endloop
  endfacet
  facet normal 2.707938e-02 -1.807527e-08 -9.996333e-01
    outer loop
      vertex   -2.111952e-02 4.530000e+00 -4.006030e+00
      vertex   1.976017e-01 1.200000e+00 -4.000105e+00
      vertex   -2.111952e-02 1.200000e+00 -4.006030e+00
    endloop
  endfacet
  facet normal -2.707938e-02 -1.806804e-08 -9.996333e-01
    outer loop
      vertex   -2.111952e-02 4.530000e+00 -4.006030e+00
      vertex   -2.111952e-02 1.200000e+00 -4.006030e+00
      vertex   -2.398407e-01 4.530000e+00 -4.000105e+00
    endloop
  endfacet
  facet normal -2.707938e-02 -1.806746e-08 -9.996333e-01
    outer loop
      vertex   -2.398407e-01 4.530000e+00 -4.000105e+00
      vertex   -2.111952e-02 1.200000e+00 -4.006030e+00
      vertex   -2.398407e-01 1.200000e+00 -4.000105e+00
    endloop
  endfacet
  facet normal -8.115873e-02 -1.806027e-08 -9.967012e-01
    outer loop
      vertex   -2.398407e-01 4.530000e+00 -4.000105e+00
      vertex   -2.398407e-01 1.200000e+00 -4.000105e+00
      vertex   -4.579204e-01 4.530000e+00 -3.982347e+00
    endloop
  endfacet
  facet normal -8.115873e-02 -1.805968e-08 -9.967012e-01
    outer loop
      vertex   -4.579204e-01 4.530000e+00 -3.982347e+00
      vertex   -2.398407e-01 1.200000e+00 -4.000105e+00
      vertex   -4.579204e-01 1.200000e+00 -3.982347e+00
    endloop
  endfacet
  facet normal -1.350000e-01 -1.805256e-08 -9.908456e-01
    outer loop
      vertex   -4.579204e-01 4.530000e+00 -3.982347e+00
      vertex   -4.579204e-01 1.200000e+00 -3.982347e+00
      vertex   -6.747188e-01 4.530000e+00 -3.952809e+00
    endloop
  endfacet
  facet normal -1.350000e-01 -1.805198e-08 -9.908456e-01
    outer loop
      vertex   -6.747188e-01 4.530000e+00 -3.952809e+00
      vertex   -4.579204e-01 1.200000e+00 -3.982347e+00
      vertex   -6.747188e-01 1.200000e+00 -3.952809e+00
    endloop
  endfacet
  facet normal -1.884453e-01 -1.804494e-08 -9.820837e-01
    outer loop
      vertex   -6.747188e-01 4.530000e+00 -3.952809e+00
      vertex   -6.747188e-01 1.200000e+00 -3.952809e+00
      vertex   -8.896001e-01 4.530000e+00 -3.911577e+00
    endloop
  endfacet
  facet normal -1.884453e-01 -1.804436e-08 -9.820837e-01
    outer loop
      vertex   -8.896001e-01 4.530000e+00 -3.911577e+00
      vertex   -6.747188e-01 1.200000e+00 -3.952809e+00
      vertex   -8.896001e-01 1.200000e+00 -3.911577e+00
    endloop
  endfacet
  facet normal -2.413379e-01 -1.803744e-08 -9.704411e-01
    outer loop
      vertex   -8.896001e-01 4.530000e+00 -3.911577e+00
      vertex   -8.896001e-01 1.200000e+00 -3.911577e+00
      vertex   -1.101934e+00 4.530000e+00 -3.858772e+00
    endloop
  endfacet
  facet normal -2.413379e-01 -1.803685e-08 -9.704411e-01
    outer loop
      vertex   -1.101934e+00 4.530000e+00 -3.858772e+00
      vertex   -8.896001e-01 1.200000e+00 -3.911577e+00
      vertex   -1.101934e+00 1.200000e+00 -3.858772e+00
    endloop
  endfacet
  facet normal -2.935226e-01 -1.803006e-08 -9.559521e-01
    outer loop
      vertex   -1.101934e+00 4.530000e+00 -3.858772e+00
      vertex   -1.101934e+00 1.200000e+00 -3.858772e+00
      vertex   -1.311098e+00 4.530000e+00 -3.794549e+00
    endloop
  endfacet
  facet normal -2.935226e-01 -1.802948e-08 -9.559521e-01
    outer loop
      vertex   -1.311098e+00 4.530000e+00 -3.794549e+00
      vertex   -1.101934e+00 1.200000e+00 -3.858772e+00
      vertex   -1.311098e+00 1.200000e+00 -3.794549e+00
    endloop
  endfacet
  facet normal -3.448463e-01 -1.802284e-08 -9.386592e-01
    outer loop
      vertex   -1.311098e+00 4.530000e+00 -3.794549e+00
      vertex   -1.311098e+00 1.200000e+00 -3.794549e+00
      vertex   -1.516478e+00 4.530000e+00 -3.719096e+00
    endloop
  endfacet
  facet normal -3.448463e-01 -1.802226e-08 -9.386592e-01
    outer loop
      vertex   -1.516478e+00 4.530000e+00 -3.719096e+00
      vertex   -1.311098e+00 1.200000e+00 -3.794549e+00
      vertex   -1.516478e+00 1.200000e+00 -3.719096e+00
    endloop
  endfacet
  facet normal -3.951585e-01 -1.801580e-08 -9.186129e-01
    outer loop
      vertex   -1.516478e+00 4.530000e+00 -3.719096e+00
      vertex   -1.516478e+00 1.200000e+00 -3.719096e+00
      vertex   -1.717472e+00 4.530000e+00 -3.632635e+00
    endloop
  endfacet
  facet normal -3.951585e-01 -1.801521e-08 -9.186129e-01
    outer loop
      vertex   -1.717472e+00 4.530000e+00 -3.632635e+00
      vertex   -1.516478e+00 1.200000e+00 -3.719096e+00
      vertex   -1.717471e+00 1.200000e+00 -3.632635e+00
    endloop
  endfacet
  facet normal -4.443117e-01 -1.800895e-08 -8.958723e-01
    outer loop
      vertex   -1.717472e+00 4.530000e+00 -3.632635e+00
      vertex   -1.717471e+00 1.200000e+00 -3.632635e+00
      vertex   -1.913490e+00 4.530000e+00 -3.535419e+00
    endloop
  endfacet
  facet normal -4.443117e-01 -1.800837e-08 -8.958723e-01
    outer loop
      vertex   -1.913490e+00 4.530000e+00 -3.535419e+00
      vertex   -1.717471e+00 1.200000e+00 -3.632635e+00
      vertex   -1.913490e+00 1.200000e+00 -3.535419e+00
    endloop
  endfacet
  facet normal -4.921616e-01 -1.800232e-08 -8.705038e-01
    outer loop
      vertex   -1.913490e+00 4.530000e+00 -3.535419e+00
      vertex   -1.913490e+00 1.200000e+00 -3.535419e+00
      vertex   -2.103957e+00 4.530000e+00 -3.427733e+00
    endloop
  endfacet
  facet normal -4.921616e-01 -1.800173e-08 -8.705038e-01
    outer loop
      vertex   -2.103957e+00 4.530000e+00 -3.427733e+00
      vertex   -1.913490e+00 1.200000e+00 -3.535419e+00
      vertex   -2.103957e+00 1.200000e+00 -3.427733e+00
    endloop
  endfacet
  facet normal -5.385680e-01 -1.799592e-08 -8.425821e-01
    outer loop
      vertex   -2.103957e+00 4.530000e+00 -3.427733e+00
      vertex   -2.103957e+00 1.200000e+00 -3.427733e+00
      vertex   -2.288315e+00 4.530000e+00 -3.309894e+00
    endloop
  endfacet
  facet normal -5.385680e-01 -1.799534e-08 -8.425821e-01
    outer loop
      vertex   -2.288315e+00 4.530000e+00 -3.309894e+00
      vertex   -2.103957e+00 1.200000e+00 -3.427733e+00
      vertex   -2.288315e+00 1.200000e+00 -3.309893e+00
    endloop
  endfacet
  facet normal -5.833946e-01 -1.798978e-08 -8.121889e-01
    outer loop
      vertex   -2.288315e+00 4.530000e+00 -3.309894e+00
      vertex   -2.288315e+00 1.200000e+00 -3.309893e+00
      vertex   -2.466023e+00 4.530000e+00 -3.182246e+00
    endloop
  endfacet
  facet normal -5.833946e-01 -1.798920e-08 -8.121889e-01
    outer loop
      vertex   -2.466023e+00 4.530000e+00 -3.182246e+00
      vertex   -2.288315e+00 1.200000e+00 -3.309893e+00
      vertex   -2.466023e+00 1.200000e+00 -3.182246e+00
    endloop
  endfacet
  facet normal -6.265100e-01 -1.798391e-08 -7.794134e-01
    outer loop
      vertex   -2.466023e+00 4.530000e+00 -3.182246e+00
      vertex   -2.466023e+00 1.200000e+00 -3.182246e+00
      vertex   -2.636560e+00 4.530000e+00 -3.045165e+00
    endloop
  endfacet
  facet normal -6.265100e-01 -1.798333e-08 -7.794134e-01
    outer loop
      vertex   -2.636560e+00 4.530000e+00 -3.045165e+00
      vertex   -2.466023e+00 1.200000e+00 -3.182246e+00
      vertex   -2.636560e+00 1.200000e+00 -3.045165e+00
    endloop
  endfacet
  facet normal -6.677878e-01 -1.797834e-08 -7.443517e-01
    outer loop
      vertex   -2.636560e+00 4.530000e+00 -3.045165e+00
      vertex   -2.636560e+00 1.200000e+00 -3.045165e+00
      vertex   -2.799425e+00 4.530000e+00 -2.899052e+00
    endloop
  endfacet
  facet normal -6.677878e-01 -1.797775e-08 -7.443517e-01
    outer loop
      vertex   -2.799425e+00 4.530000e+00 -2.899052e+00
      vertex   -2.636560e+00 1.200000e+00 -3.045165e+00
      vertex   -2.799425e+00 1.200000e+00 -2.899052e+00
    endloop
  endfacet
  facet normal -7.071068e-01 -1.797306e-08 -7.071068e-01
    outer loop
      vertex   -2.799425e+00 4.530000e+00 -2.899052e+00
      vertex   -2.799425e+00 1.200000e+00 -2.899052e+00
      vertex   -2.954141e+00 4.530000e+00 -2.744336e+00
    endloop
  endfacet
  facet normal -7.071068e-01 -1.797248e-08 -7.071068e-01
    outer loop
      vertex   -2.954141e+00 4.530000e+00 -2.744336e+00
      vertex   -2.799425e+00 1.200000e+00 -2.899052e+00
      vertex   -2.954141e+00 1.200000e+00 -2.744336e+00
    endloop
  endfacet
  facet normal -7.443517e-01 -1.796811e-08 -6.677878e-01
    outer loop
      vertex   -2.954141e+00 4.530000e+00 -2.744336e+00
      vertex   -2.954141e+00 1.200000e+00 -2.744336e+00
      vertex   -3.100254e+00 4.530000e+00 -2.581471e+00
    endloop
  endfacet
  facet normal -7.443517e-01 -1.796753e-08 -6.677878e-01
    outer loop
      vertex   -3.100254e+00 4.530000e+00 -2.581471e+00
      vertex   -2.954141e+00 1.200000e+00 -2.744336e+00
      vertex   -3.100254e+00 1.200000e+00 -2.581471e+00
    endloop
  endfacet
  facet normal -7.794134e-01 -1.796350e-08 -6.265100e-01
    outer loop
      vertex   -3.100254e+00 4.530000e+00 -2.581471e+00
      vertex   -3.100254e+00 1.200000e+00 -2.581471e+00
      vertex   -3.237336e+00 4.530000e+00 -2.410934e+00
    endloop
  endfacet
  facet normal -7.794134e-01 -1.796291e-08 -6.265100e-01
    outer loop
      vertex   -3.237336e+00 4.530000e+00 -2.410934e+00
      vertex   -3.100254e+00 1.200000e+00 -2.581471e+00
      vertex   -3.237336e+00 1.200000e+00 -2.410934e+00
    endloop
  endfacet
  facet normal -8.121889e-01 -1.795923e-08 -5.833946e-01
    outer loop
      vertex   -3.237336e+00 4.530000e+00 -2.410934e+00
      vertex   -3.237336e+00 1.200000e+00 -2.410934e+00
      vertex   -3.364983e+00 4.530000e+00 -2.233226e+00
    endloop
  endfacet
  facet normal -8.121889e-01 -1.795865e-08 -5.833946e-01
    outer loop
      vertex   -3.364983e+00 4.530000e+00 -2.233226e+00
      vertex   -3.237336e+00 1.200000e+00 -2.410934e+00
      vertex   -3.364983e+00 1.200000e+00 -2.233226e+00
    endloop
  endfacet
  facet normal -8.425821e-01 -1.795533e-08 -5.385680e-01
    outer loop
      vertex   -3.364983e+00 4.530000e+00 -2.233226e+00
      vertex   -3.364983e+00 1.200000e+00 -2.233226e+00
      vertex   -3.482823e+00 4.530000e+00 -2.048868e+00
    endloop
  endfacet
  facet normal -8.425821e-01 -1.795475e-08 -5.385680e-01
    outer loop
      vertex   -3.482823e+00 4.530000e+00 -2.048868e+00
      vertex   -3.364983e+00 1.200000e+00 -2.233226e+00
      vertex   -3.482823e+00 1.200000e+00 -2.048868e+00
    endloop
  endfacet
  facet normal -8.705038e-01 -1.795180e-08 -4.921616e-01
    outer loop
      vertex   -3.482823e+00 4.530000e+00 -2.048868e+00
      vertex   -3.482823e+00 1.200000e+00 -2.048868e+00
      vertex   -3.590508e+00 4.530000e+00 -1.858400e+00
    endloop
  endfacet
  facet normal -8.705038e-01 -1.795122e-08 -4.921616e-01
    outer loop
      vertex   -3.590508e+00 4.530000e+00 -1.858400e+00
      vertex   -3.482823e+00 1.200000e+00 -2.048868e+00
      vertex   -3.590508e+00 1.200000e+00 -1.858400e+00
    endloop
  endfacet
  facet normal -8.958723e-01 -1.794866e-08 -4.443117e-01
    outer loop
      vertex   -3.590508e+00 4.530000e+00 -1.858400e+00
      vertex   -3.590508e+00 1.200000e+00 -1.858400e+00
      vertex   -3.687724e+00 4.530000e+00 -1.662382e+00
    endloop
  endfacet
  facet normal -8.958723e-01 -1.794807e-08 -4.443117e-01
    outer loop
      vertex   -3.687724e+00 4.530000e+00 -1.662382e+00
      vertex   -3.590508e+00 1.200000e+00 -1.858400e+00
      vertex   -3.687724e+00 1.200000e+00 -1.662382e+00
    endloop
  endfacet
  facet normal -9.186129e-01 -1.794590e-08 -3.951585e-01
    outer loop
      vertex   -3.687724e+00 4.530000e+00 -1.662382e+00
      vertex   -3.687724e+00 1.200000e+00 -1.662382e+00
      vertex   -3.774186e+00 4.530000e+00 -1.461388e+00
    endloop
  endfacet
  facet normal -9.186129e-01 -1.794532e-08 -3.951585e-01
    outer loop
      vertex   -3.774186e+00 4.530000e+00 -1.461388e+00
      vertex   -3.687724e+00 1.200000e+00 -1.662382e+00
      vertex   -3.774185e+00 1.200000e+00 -1.461388e+00
    endloop
  endfacet
  facet normal -9.386592e-01 -1.794355e-08 -3.448463e-01
    outer loop
      vertex   -3.774186e+00 4.530000e+00 -1.461388e+00
      vertex   -3.774185e+00 1.200000e+00 -1.461388e+00
      vertex   -3.849638e+00 4.530000e+00 -1.256008e+00
    endloop
  endfacet
  facet normal -9.386592e-01 -1.794297e-08 -3.448463e-01
    outer loop
      vertex   -3.849638e+00 4.530000e+00 -1.256008e+00
      vertex   -3.774185e+00 1.200000e+00 -1.461388e+00
      vertex   -3.849638e+00 1.200000e+00 -1.256008e+00
    endloop
  endfacet
  facet normal -9.559521e-01 -1.794161e-08 -2.935226e-01
    outer loop
      vertex   -3.849638e+00 4.530000e+00 -1.256008e+00
      vertex   -3.849638e+00 1.200000e+00 -1.256008e+00
      vertex   -3.913862e+00 4.530000e+00 -1.046844e+00
    endloop
  endfacet
  facet normal -9.559521e-01 -1.794103e-08 -2.935226e-01
    outer loop
      vertex   -3.913862e+00 4.530000e+00 -1.046844e+00
      vertex   -3.849638e+00 1.200000e+00 -1.256008e+00
      vertex   -3.913861e+00 1.200000e+00 -1.046844e+00
    endloop
  endfacet
  facet normal -9.704411e-01 -1.794008e-08 -2.413379e-01
    outer loop
      vertex   -3.913862e+00 4.530000e+00 -1.046844e+00
      vertex   -3.913861e+00 1.200000e+00 -1.046844e+00
      vertex   -3.966667e+00 4.530000e+00 -8.345105e-01
    endloop
  endfacet
  facet normal -9.704411e-01 -1.793950e-08 -2.413379e-01
    outer loop
      vertex   -3.966667e+00 4.530000e+00 -8.345105e-01
      vertex   -3.913861e+00 1.200000e+00 -1.046844e+00
      vertex   -3.966667e+00 1.200000e+00 -8.345105e-01
    endloop
  endfacet
  facet normal -9.820837e-01 -1.793897e-08 -1.884453e-01
    outer loop
      vertex   -3.966667e+00 4.530000e+00 -8.345105e-01
      vertex   -3.966667e+00 1.200000e+00 -8.345105e-01
      vertex   -4.007899e+00 4.530000e+00 -6.196292e-01
    endloop
  endfacet
  facet normal -9.820837e-01 -1.793839e-08 -1.884453e-01
    outer loop
      vertex   -4.007899e+00 4.530000e+00 -6.196292e-01
      vertex   -3.966667e+00 1.200000e+00 -8.345105e-01
      vertex   -4.007899e+00 1.200000e+00 -6.196292e-01
    endloop
  endfacet
  facet normal -9.908456e-01 -1.793829e-08 -1.350000e-01
    outer loop
      vertex   -4.007899e+00 4.530000e+00 -6.196292e-01
      vertex   -4.007899e+00 1.200000e+00 -6.196292e-01
      vertex   -4.037437e+00 4.530000e+00 -4.028308e-01
    endloop
  endfacet
  facet normal -9.908456e-01 -1.793770e-08 -1.350000e-01
    outer loop
      vertex   -4.037437e+00 4.530000e+00 -4.028308e-01
      vertex   -4.007899e+00 1.200000e+00 -6.196292e-01
      vertex   -4.037437e+00 1.200000e+00 -4.028308e-01
    endloop
  endfacet
  facet normal -9.967012e-01 -1.793802e-08 -8.115873e-02
    outer loop
      vertex   -4.037437e+00 4.530000e+00 -4.028308e-01
      vertex   -4.037437e+00 1.200000e+00 -4.028308e-01
      vertex   -4.055195e+00 1.200000e+00 -1.847511e-01
    endloop
  endfacet
  facet normal -9.967012e-01 -1.793744e-08 -8.115873e-02
    outer loop
      vertex   -4.037437e+00 4.530000e+00 -4.028308e-01
      vertex   -4.055195e+00 1.200000e+00 -1.847511e-01
      vertex   -4.055195e+00 4.530000e+00 -1.847511e-01
    endloop
  endfacet
  facet normal -9.996333e-01 -1.793818e-08 -2.707938e-02
    outer loop
      vertex   -4.055195e+00 4.530000e+00 -1.847511e-01
      vertex   -4.055195e+00 1.200000e+00 -1.847511e-01
      vertex   -4.061120e+00 1.200000e+00 3.397007e-02
    endloop
  endfacet
  facet normal -9.996333e-01 -1.793760e-08 -2.707938e-02
    outer loop
      vertex   -4.055195e+00 4.530000e+00 -1.847511e-01
      vertex   -4.061120e+00 1.200000e+00 3.397007e-02
      vertex   -4.061120e+00 4.530000e+00 3.397007e-02
    endloop
  endfacet
  facet normal -9.996333e-01 -1.793876e-08 2.707938e-02
    outer loop
      vertex   -4.061120e+00 4.530000e+00 3.397007e-02
      vertex   -4.061120e+00 1.200000e+00 3.397007e-02
      vertex   -4.055195e+00 1.200000e+00 2.526913e-01
    endloop
  endfacet
  facet normal -9.996333e-01 -1.793818e-08 2.707938e-02
    outer loop
      vertex   -4.061120e+00 4.530000e+00 3.397007e-02
      vertex   -4.055195e+00 1.200000e+00 2.526913e-01
      vertex   -4.055195e+00 4.530000e+00 2.526913e-01
    endloop
  endfacet
  facet normal -9.967012e-01 -1.793977e-08 8.115873e-02
    outer loop
      vertex   -4.055195e+00 4.530000e+00 2.526913e-01
      vertex   -4.055195e+00 1.200000e+00 2.526913e-01
      vertex   -4.037437e+00 1.200000e+00 4.707709e-01
    endloop
  endfacet
  facet normal -9.967012e-01 -1.793919e-08 8.115873e-02
    outer loop
      vertex   -4.055195e+00 4.530000e+00 2.526913e-01
      vertex   -4.037437e+00 1.200000e+00 4.707709e-01
      vertex   -4.037437e+00 4.530000e+00 4.707709e-01
    endloop
  endfacet
  facet normal -9.908456e-01 -1.794120e-08 1.350000e-01
    outer loop
      vertex   -4.037437e+00 4.530000e+00 4.707709e-01
      vertex   -4.037437e+00 1.200000e+00 4.707709e-01
      vertex   -4.007899e+00 1.200000e+00 6.875693e-01
    endloop
  endfacet
  facet normal -9.908456e-01 -1.794061e-08 1.350000e-01
    outer loop
      vertex   -4.037437e+00 4.530000e+00 4.707709e-01
      vertex   -4.007899e+00 1.200000e+00 6.875693e-01
      vertex   -4.007899e+00 4.530000e+00 6.875693e-01
    endloop
  endfacet
  facet normal -9.820837e-01 -1.794304e-08 1.884453e-01
    outer loop
      vertex   -4.007899e+00 4.530000e+00 6.875693e-01
      vertex   -4.007899e+00 1.200000e+00 6.875693e-01
      vertex   -3.966667e+00 1.200000e+00 9.024507e-01
    endloop
  endfacet
  facet normal -9.820837e-01 -1.794245e-08 1.884453e-01
    outer loop
      vertex   -4.007899e+00 4.530000e+00 6.875693e-01
      vertex   -3.966667e+00 1.200000e+00 9.024507e-01
      vertex   -3.966667e+00 4.530000e+00 9.024507e-01
    endloop
  endfacet
  facet normal -9.704411e-01 -1.794529e-08 2.413379e-01
    outer loop
      vertex   -3.966667e+00 4.530000e+00 9.024507e-01
      vertex   -3.966667e+00 1.200000e+00 9.024507e-01
      vertex   -3.913861e+00 1.200000e+00 1.114785e+00
    endloop
  endfacet
  facet normal -9.704411e-01 -1.794470e-08 2.413379e-01
    outer loop
      vertex   -3.966667e+00 4.530000e+00 9.024507e-01
      vertex   -3.913861e+00 1.200000e+00 1.114785e+00
      vertex   -3.913862e+00 4.530000e+00 1.114785e+00
    endloop
  endfacet
  facet normal -9.559521e-01 -1.794794e-08 2.935226e-01
    outer loop
      vertex   -3.913862e+00 4.530000e+00 1.114785e+00
      vertex   -3.913861e+00 1.200000e+00 1.114785e+00
      vertex   -3.849638e+00 1.200000e+00 1.323948e+00
    endloop
  endfacet
  facet normal -9.559521e-01 -1.794736e-08 2.935226e-01
    outer loop
      vertex   -3.913862e+00 4.530000e+00 1.114785e+00
      vertex   -3.849638e+00 1.200000e+00 1.323948e+00
      vertex   -3.849638e+00 4.530000e+00 1.323948e+00
    endloop
  endfacet
  facet normal -9.386592e-01 -1.795099e-08 3.448463e-01
    outer loop
      vertex   -3.849638e+00 4.530000e+00 1.323948e+00
      vertex   -3.849638e+00 1.200000e+00 1.323948e+00
      vertex   -3.774185e+00 1.200000e+00 1.529328e+00
    endloop
  endfacet
  facet normal -9.386592e-01 -1.795041e-08 3.448463e-01
    outer loop
      vertex   -3.849638e+00 4.530000e+00 1.323948e+00
      vertex   -3.774185e+00 1.200000e+00 1.529328e+00
      vertex   -3.774186e+00 4.530000e+00 1.529328e+00
    endloop
  endfacet
  facet normal -9.186129e-01 -1.795442e-08 3.951585e-01
    outer loop
      vertex   -3.774186e+00 4.530000e+00 1.529328e+00
      vertex   -3.774185e+00 1.200000e+00 1.529328e+00
      vertex   -3.687724e+00 1.200000e+00 1.730322e+00
    endloop
  endfacet
  facet normal -9.186129e-01 -1.795384e-08 3.951585e-01
    outer loop
      vertex   -3.774186e+00 4.530000e+00 1.529328e+00
      vertex   -3.687724e+00 1.200000e+00 1.730322e+00
      vertex   -3.687724e+00 4.530000e+00 1.730322e+00
    endloop
  endfacet
  facet normal -8.958723e-01 -1.795824e-08 4.443117e-01
    outer loop
      vertex   -3.687724e+00 4.530000e+00 1.730322e+00
      vertex   -3.687724e+00 1.200000e+00 1.730322e+00
      vertex   -3.590508e+00 1.200000e+00 1.926340e+00
    endloop
  endfacet
  facet normal -8.958723e-01 -1.795765e-08 4.443117e-01
    outer loop
      vertex   -3.687724e+00 4.530000e+00 1.730322e+00
      vertex   -3.590508e+00 1.200000e+00 1.926340e+00
      vertex   -3.590508e+00 4.530000e+00 1.926340e+00
    endloop
  endfacet
  facet normal -8.705038e-01 -1.796241e-08 4.921616e-01
    outer loop
      vertex   -3.590508e+00 4.530000e+00 1.926340e+00
      vertex   -3.590508e+00 1.200000e+00 1.926340e+00
      vertex   -3.482823e+00 1.200000e+00 2.116808e+00
    endloop
  endfacet
  facet normal -8.705038e-01 -1.796183e-08 4.921616e-01
    outer loop
      vertex   -3.590508e+00 4.530000e+00 1.926340e+00
      vertex   -3.482823e+00 1.200000e+00 2.116808e+00
      vertex   -3.482823e+00 4.530000e+00 2.116808e+00
    endloop
  endfacet
  facet normal -8.425821e-01 -1.796694e-08 5.385680e-01
    outer loop
      vertex   -3.482823e+00 4.530000e+00 2.116808e+00
      vertex   -3.482823e+00 1.200000e+00 2.116808e+00
      vertex   -3.364983e+00 1.200000e+00 2.301166e+00
    endloop
  endfacet
  facet normal -8.425821e-01 -1.796636e-08 5.385680e-01
    outer loop
      vertex   -3.482823e+00 4.530000e+00 2.116808e+00
      vertex   -3.364983e+00 1.200000e+00 2.301166e+00
      vertex   -3.364983e+00 4.530000e+00 2.301166e+00
    endloop
  endfacet
  facet normal -8.121889e-01 -1.797181e-08 5.833946e-01
    outer loop
      vertex   -3.364983e+00 4.530000e+00 2.301166e+00
      vertex   -3.364983e+00 1.200000e+00 2.301166e+00
      vertex   -3.237336e+00 1.200000e+00 2.478874e+00
    endloop
  endfacet
  facet normal -8.121889e-01 -1.797123e-08 5.833946e-01
    outer loop
      vertex   -3.364983e+00 4.530000e+00 2.301166e+00
      vertex   -3.237336e+00 1.200000e+00 2.478874e+00
      vertex   -3.237336e+00 4.530000e+00 2.478874e+00
    endloop
  endfacet
  facet normal -7.794134e-01 -1.797701e-08 6.265100e-01
    outer loop
      vertex   -3.237336e+00 4.530000e+00 2.478874e+00
      vertex   -3.237336e+00 1.200000e+00 2.478874e+00
      vertex   -3.100254e+00 1.200000e+00 2.649411e+00
    endloop
  endfacet
  facet normal -7.794134e-01 -1.797642e-08 6.265100e-01
    outer loop
      vertex   -3.237336e+00 4.530000e+00 2.478874e+00
      vertex   -3.100254e+00 1.200000e+00 2.649411e+00
      vertex   -3.100254e+00 4.530000e+00 2.649411e+00
    endloop
  endfacet
  facet normal -7.443517e-01 -1.798251e-08 6.677878e-01
    outer loop
      vertex   -3.100254e+00 4.530000e+00 2.649411e+00
      vertex   -3.100254e+00 1.200000e+00 2.649411e+00
      vertex   -2.954141e+00 1.200000e+00 2.812276e+00
    endloop
  endfacet
  facet normal -7.443517e-01 -1.798193e-08 6.677878e-01
    outer loop
      vertex   -3.100254e+00 4.530000e+00 2.649411e+00
      vertex   -2.954141e+00 1.200000e+00 2.812276e+00
      vertex   -2.954141e+00 4.530000e+00 2.812276e+00
    endloop
  endfacet
  facet normal -7.071068e-01 -1.798831e-08 7.071068e-01
    outer loop
      vertex   -2.954141e+00 4.530000e+00 2.812276e+00
      vertex   -2.954141e+00 1.200000e+00 2.812276e+00
      vertex   -2.799425e+00 1.200000e+00 2.966992e+00
    endloop
  endfacet
  facet normal -7.071068e-01 -1.798773e-08 7.071068e-01
    outer loop
      vertex   -2.954141e+00 4.530000e+00 2.812276e+00
      vertex   -2.799425e+00 1.200000e+00 2.966992e+00
      vertex   -2.799425e+00 4.530000e+00 2.966992e+00
    endloop
  endfacet
  facet normal -6.677878e-01 -1.799438e-08 7.443517e-01
    outer loop
      vertex   -2.799425e+00 4.530000e+00 2.966992e+00
      vertex   -2.799425e+00 1.200000e+00 2.966992e+00
      vertex   -2.636560e+00 1.200000e+00 3.113105e+00
    endloop
  endfacet
  facet normal -6.677878e-01 -1.799380e-08 7.443517e-01
    outer loop
      vertex   -2.799425e+00 4.530000e+00 2.966992e+00
      vertex   -2.636560e+00 1.200000e+00 3.113105e+00
      vertex   -2.636560e+00 4.530000e+00 3.113105e+00
    endloop
  endfacet
  facet normal -6.265100e-01 -1.800072e-08 7.794134e-01
    outer loop
      vertex   -2.636560e+00 4.530000e+00 3.113105e+00
      vertex   -2.636560e+00 1.200000e+00 3.113105e+00
      vertex   -2.466023e+00 1.200000e+00 3.250186e+00
    endloop
  endfacet
  facet normal -6.265100e-01 -1.800013e-08 7.794134e-01
    outer loop
      vertex   -2.636560e+00 4.530000e+00 3.113105e+00
      vertex   -2.466023e+00 1.200000e+00 3.250186e+00
      vertex   -2.466023e+00 4.530000e+00 3.250186e+00
    endloop
  endfacet
  facet normal -5.833946e-01 -1.800729e-08 8.121889e-01
    outer loop
      vertex   -2.466023e+00 4.530000e+00 3.250186e+00
      vertex   -2.466023e+00 1.200000e+00 3.250186e+00
      vertex   -2.288315e+00 1.200000e+00 3.377834e+00
    endloop
  endfacet
  facet normal -5.833946e-01 -1.800671e-08 8.121889e-01
    outer loop
      vertex   -2.466023e+00 4.530000e+00 3.250186e+00
      vertex   -2.288315e+00 1.200000e+00 3.377834e+00
      vertex   -2.288315e+00 4.530000e+00 3.377834e+00
    endloop
  endfacet
  facet normal -5.385680e-01 -1.801409e-08 8.425821e-01
    outer loop
      vertex   -2.288315e+00 4.530000e+00 3.377834e+00
      vertex   -2.288315e+00 1.200000e+00 3.377834e+00
      vertex   -2.103957e+00 1.200000e+00 3.495673e+00
    endloop
  endfacet
  facet normal -5.385680e-01 -1.801351e-08 8.425821e-01
    outer loop
      vertex   -2.288315e+00 4.530000e+00 3.377834e+00
      vertex   -2.103957e+00 1.200000e+00 3.495673e+00
      vertex   -2.103957e+00 4.530000e+00 3.495673e+00
    endloop
  endfacet
  facet normal -4.921616e-01 -1.802109e-08 8.705038e-01
    outer loop
      vertex   -2.103957e+00 4.530000e+00 3.495673e+00
      vertex   -2.103957e+00 1.200000e+00 3.495673e+00
      vertex   -1.913490e+00 1.200000e+00 3.603359e+00
    endloop
  endfacet
  facet normal -4.921616e-01 -1.802050e-08 8.705038e-01
    outer loop
      vertex   -2.103957e+00 4.530000e+00 3.495673e+00
      vertex   -1.913490e+00 1.200000e+00 3.603359e+00
      vertex   -1.913490e+00 4.530000e+00 3.603359e+00
    endloop
  endfacet
  facet normal -4.443117e-01 -1.802827e-08 8.958723e-01
    outer loop
      vertex   -1.913490e+00 4.530000e+00 3.603359e+00
      vertex   -1.913490e+00 1.200000e+00 3.603359e+00
      vertex   -1.717471e+00 1.200000e+00 3.700575e+00
    endloop
  endfacet
  facet normal -4.443117e-01 -1.802768e-08 8.958723e-01
    outer loop
      vertex   -1.913490e+00 4.530000e+00 3.603359e+00
      vertex   -1.717471e+00 1.200000e+00 3.700575e+00
      vertex   -1.717472e+00 4.530000e+00 3.700575e+00
    endloop
  endfacet
  facet normal -3.951585e-01 -1.803560e-08 9.186129e-01
    outer loop
      vertex   -1.717472e+00 4.530000e+00 3.700575e+00
      vertex   -1.717471e+00 1.200000e+00 3.700575e+00
      vertex   -1.516478e+00 1.200000e+00 3.787036e+00
    endloop
  endfacet
  facet normal -3.951585e-01 -1.803502e-08 9.186129e-01
    outer loop
      vertex   -1.717472e+00 4.530000e+00 3.700575e+00
      vertex   -1.516478e+00 1.200000e+00 3.787036e+00
      vertex   -1.516478e+00 4.530000e+00 3.787036e+00
    endloop
  endfacet
  facet normal -3.448463e-01 -1.804308e-08 9.386592e-01
    outer loop
      vertex   -1.516478e+00 4.530000e+00 3.787036e+00
      vertex   -1.516478e+00 1.200000e+00 3.787036e+00
      vertex   -1.311098e+00 1.200000e+00 3.862489e+00
    endloop
  endfacet
  facet normal -3.448463e-01 -1.804250e-08 9.386592e-01
    outer loop
      vertex   -1.516478e+00 4.530000e+00 3.787036e+00
      vertex   -1.311098e+00 1.200000e+00 3.862489e+00
      vertex   -1.311098e+00 4.530000e+00 3.862489e+00
    endloop
  endfacet
  facet normal -2.935226e-01 -1.805067e-08 9.559521e-01
    outer loop
      vertex   -1.311098e+00 4.530000e+00 3.862489e+00
      vertex   -1.311098e+00 1.200000e+00 3.862489e+00
      vertex   -1.101934e+00 1.200000e+00 3.926712e+00
    endloop
  endfacet
  facet normal -2.935226e-01 -1.805009e-08 9.559521e-01
    outer loop
      vertex   -1.311098e+00 4.530000e+00 3.862489e+00
      vertex   -1.101934e+00 1.200000e+00 3.926712e+00
      vertex   -1.101934e+00 4.530000e+00 3.926712e+00
    endloop
  endfacet
  facet normal -2.413379e-01 -1.805836e-08 9.704411e-01
    outer loop
      vertex   -1.101934e+00 4.530000e+00 3.926712e+00
      vertex   -1.101934e+00 1.200000e+00 3.926712e+00
      vertex   -8.896001e-01 1.200000e+00 3.979517e+00
    endloop
  endfacet
  facet normal -2.413379e-01 -1.805778e-08 9.704411e-01
    outer loop
      vertex   -1.101934e+00 4.530000e+00 3.926712e+00
      vertex   -8.896001e-01 1.200000e+00 3.979517e+00
      vertex   -8.896001e-01 4.530000e+00 3.979517e+00
    endloop
  endfacet
  facet normal -1.884453e-01 -1.806612e-08 9.820837e-01
    outer loop
      vertex   -8.896001e-01 4.530000e+00 3.979517e+00
      vertex   -8.896001e-01 1.200000e+00 3.979517e+00
      vertex   -6.747188e-01 1.200000e+00 4.020749e+00
    endloop
  endfacet
  facet normal -1.884453e-01 -1.806553e-08 9.820837e-01
    outer loop
      vertex   -8.896001e-01 4.530000e+00 3.979517e+00
      vertex   -6.747188e-01 1.200000e+00 4.020749e+00
      vertex   -6.747188e-01 4.530000e+00 4.020749e+00
    endloop
  endfacet
  facet normal -1.350000e-01 -1.807393e-08 9.908456e-01
    outer loop
      vertex   -6.747188e-01 4.530000e+00 4.020749e+00
      vertex   -6.747188e-01 1.200000e+00 4.020749e+00
      vertex   -4.579204e-01 1.200000e+00 4.050287e+00
    endloop
  endfacet
  facet normal -1.350000e-01 -1.807334e-08 9.908456e-01
    outer loop
      vertex   -6.747188e-01 4.530000e+00 4.020749e+00
      vertex   -4.579204e-01 1.200000e+00 4.050287e+00
      vertex   -4.579204e-01 4.530000e+00 4.050287e+00
    endloop
  endfacet
  facet normal -8.115873e-02 -1.808176e-08 9.967012e-01
    outer loop
      vertex   -4.579204e-01 4.530000e+00 4.050287e+00
      vertex   -4.579204e-01 1.200000e+00 4.050287e+00
      vertex   -2.398407e-01 1.200000e+00 4.068045e+00
    endloop
  endfacet
  facet normal -8.115873e-02 -1.808117e-08 9.967012e-01
    outer loop
      vertex   -4.579204e-01 4.530000e+00 4.050287e+00
      vertex   -2.398407e-01 1.200000e+00 4.068045e+00
      vertex   -2.398407e-01 4.530000e+00 4.068045e+00
    endloop
  endfacet
  facet normal -2.707938e-02 -1.808959e-08 9.996333e-01
    outer loop
      vertex   -2.398407e-01 4.530000e+00 4.068045e+00
      vertex   -2.398407e-01 1.200000e+00 4.068045e+00
      vertex   -2.111952e-02 1.200000e+00 4.073970e+00
    endloop
  endfacet
  facet normal -2.707938e-02 -1.808901e-08 9.996333e-01
    outer loop
      vertex   -2.398407e-01 4.530000e+00 4.068045e+00
      vertex   -2.111952e-02 1.200000e+00 4.073970e+00
      vertex   -2.111952e-02 4.530000e+00 4.073970e+00
    endloop
  endfacet
  facet normal 2.707938e-02 -1.809741e-08 9.996333e-01
    outer loop
      vertex   -2.111952e-02 4.530000e+00 4.073970e+00
      vertex   -2.111952e-02 1.200000e+00 4.073970e+00
      vertex   1.976017e-01 1.200000e+00 4.068045e+00
    endloop
  endfacet
  facet normal 2.707938e-02 -1.809683e-08 9.996333e-01
    outer loop
      vertex   -2.111952e-02 4.530000e+00 4.073970e+00
      vertex   1.976017e-01 1.200000e+00 4.068045e+00
      vertex   1.976017e-01 4.530000e+00 4.068045e+00
    endloop
  endfacet
  facet normal 8.115873e-02 -1.810518e-08 9.967012e-01
    outer loop
      vertex   1.976017e-01 4.530000e+00 4.068045e+00
      vertex   1.976017e-01 1.200000e+00 4.068045e+00
      vertex   4.156813e-01 1.200000e+00 4.050287e+00
    endloop
  endfacet
  facet normal 8.115873e-02 -1.810460e-08 9.967012e-01
    outer loop
      vertex   1.976017e-01 4.530000e+00 4.068045e+00
      vertex   4.156813e-01 1.200000e+00 4.050287e+00
      vertex   4.156813e-01 4.530000e+00 4.050287e+00
    endloop
  endfacet
  facet normal 1.350000e-01 -1.811289e-08 9.908456e-01
    outer loop
      vertex   4.156813e-01 4.530000e+00 4.050287e+00
      vertex   4.156813e-01 1.200000e+00 4.050287e+00
      vertex   6.324797e-01 1.200000e+00 4.020749e+00
    endloop
  endfacet
  facet normal 1.350000e-01 -1.811230e-08 9.908456e-01
    outer loop
      vertex   4.156813e-01 4.530000e+00 4.050287e+00
      vertex   6.324797e-01 1.200000e+00 4.020749e+00
      vertex   6.324798e-01 4.530000e+00 4.020749e+00
    endloop
  endfacet
  facet normal 1.884453e-01 -1.812051e-08 9.820837e-01
    outer loop
      vertex   6.324798e-01 4.530000e+00 4.020749e+00
      vertex   6.324797e-01 1.200000e+00 4.020749e+00
      vertex   8.473611e-01 1.200000e+00 3.979517e+00
    endloop
  endfacet
  facet normal 1.884453e-01 -1.811992e-08 9.820837e-01
    outer loop
      vertex   6.324798e-01 4.530000e+00 4.020749e+00
      vertex   8.473611e-01 1.200000e+00 3.979517e+00
      vertex   8.473611e-01 4.530000e+00 3.979517e+00
    endloop
  endfacet
  facet normal 2.413379e-01 -1.812801e-08 9.704411e-01
    outer loop
      vertex   8.473611e-01 4.530000e+00 3.979517e+00
      vertex   8.473611e-01 1.200000e+00 3.979517e+00
      vertex   1.059695e+00 1.200000e+00 3.926712e+00
    endloop
  endfacet
  facet normal 2.413379e-01 -1.812743e-08 9.704411e-01
    outer loop
      vertex   8.473611e-01 4.530000e+00 3.979517e+00
      vertex   1.059695e+00 1.200000e+00 3.926712e+00
      vertex   1.059695e+00 4.530000e+00 3.926712e+00
    endloop
  endfacet
  facet normal 2.935226e-01 -1.813539e-08 9.559521e-01
    outer loop
      vertex   1.059695e+00 4.530000e+00 3.926712e+00
      vertex   1.059695e+00 1.200000e+00 3.926712e+00
      vertex   1.268859e+00 1.200000e+00 3.862489e+00
    endloop
  endfacet
  facet normal 2.935226e-01 -1.813480e-08 9.559521e-01
    outer loop
      vertex   1.059695e+00 4.530000e+00 3.926712e+00
      vertex   1.268859e+00 1.200000e+00 3.862489e+00
      vertex   1.268859e+00 4.530000e+00 3.862489e+00
    endloop
  endfacet
  facet normal 3.448463e-01 -1.814261e-08 9.386592e-01
    outer loop
      vertex   1.268859e+00 4.530000e+00 3.862489e+00
      vertex   1.268859e+00 1.200000e+00 3.862489e+00
      vertex   1.474239e+00 1.200000e+00 3.787036e+00
    endloop
  endfacet
  facet normal 3.448463e-01 -1.814202e-08 9.386592e-01
    outer loop
      vertex   1.268859e+00 4.530000e+00 3.862489e+00
      vertex   1.474239e+00 1.200000e+00 3.787036e+00
      vertex   1.474239e+00 4.530000e+00 3.787036e+00
    endloop
  endfacet
  facet normal 3.951585e-01 -1.814965e-08 9.186129e-01
    outer loop
      vertex   1.474239e+00 4.530000e+00 3.787036e+00
      vertex   1.474239e+00 1.200000e+00 3.787036e+00
      vertex   1.675232e+00 1.200000e+00 3.700575e+00
    endloop
  endfacet
  facet normal 3.951585e-01 -1.814907e-08 9.186129e-01
    outer loop
      vertex   1.474239e+00 4.530000e+00 3.787036e+00
      vertex   1.675232e+00 1.200000e+00 3.700575e+00
      vertex   1.675232e+00 4.530000e+00 3.700575e+00
    endloop
  endfacet
  facet normal 4.443117e-01 -1.815650e-08 8.958723e-01
    outer loop
      vertex   1.675232e+00 4.530000e+00 3.700575e+00
      vertex   1.675232e+00 1.200000e+00 3.700575e+00
      vertex   1.871251e+00 1.200000e+00 3.603359e+00
    endloop
  endfacet
  facet normal 4.443117e-01 -1.815592e-08 8.958723e-01
    outer loop
      vertex   1.675232e+00 4.530000e+00 3.700575e+00
      vertex   1.871251e+00 1.200000e+00 3.603359e+00
      vertex   1.871251e+00 4.530000e+00 3.603359e+00
    endloop
  endfacet
  facet normal 4.921616e-01 -1.816313e-08 8.705038e-01
    outer loop
      vertex   1.871251e+00 4.530000e+00 3.603359e+00
      vertex   1.871251e+00 1.200000e+00 3.603359e+00
      vertex   2.061718e+00 1.200000e+00 3.495673e+00
    endloop
  endfacet
  facet normal 4.921616e-01 -1.816255e-08 8.705038e-01
    outer loop
      vertex   1.871251e+00 4.530000e+00 3.603359e+00
      vertex   2.061718e+00 1.200000e+00 3.495673e+00
      vertex   2.061718e+00 4.530000e+00 3.495673e+00
    endloop
  endfacet
  facet normal 5.385680e-01 -1.816953e-08 8.425821e-01
    outer loop
      vertex   2.061718e+00 4.530000e+00 3.495673e+00
      vertex   2.061718e+00 1.200000e+00 3.495673e+00
      vertex   2.246076e+00 1.200000e+00 3.377834e+00
    endloop
  endfacet
  facet normal 5.385680e-01 -1.816894e-08 8.425821e-01
    outer loop
      vertex   2.061718e+00 4.530000e+00 3.495673e+00
      vertex   2.246076e+00 1.200000e+00 3.377834e+00
      vertex   2.246076e+00 4.530000e+00 3.377834e+00
    endloop
  endfacet
  facet normal 5.833946e-01 -1.817567e-08 8.121889e-01
    outer loop
      vertex   2.246076e+00 4.530000e+00 3.377834e+00
      vertex   2.246076e+00 1.200000e+00 3.377834e+00
      vertex   2.423784e+00 1.200000e+00 3.250186e+00
    endloop
  endfacet
  facet normal 5.833946e-01 -1.817508e-08 8.121889e-01
    outer loop
      vertex   2.246076e+00 4.530000e+00 3.377834e+00
      vertex   2.423784e+00 1.200000e+00 3.250186e+00
      vertex   2.423784e+00 4.530000e+00 3.250186e+00
    endloop
  endfacet
  facet normal 6.265100e-01 -1.818154e-08 7.794134e-01
    outer loop
      vertex   2.423784e+00 4.530000e+00 3.250186e+00
      vertex   2.423784e+00 1.200000e+00 3.250186e+00
      vertex   2.594321e+00 1.200000e+00 3.113105e+00
    endloop
  endfacet
  facet normal 6.265100e-01 -1.818095e-08 7.794134e-01
    outer loop
      vertex   2.423784e+00 4.530000e+00 3.250186e+00
      vertex   2.594321e+00 1.200000e+00 3.113105e+00
      vertex   2.594321e+00 4.530000e+00 3.113105e+00
    endloop
  endfacet
  facet normal 6.677878e-01 -1.818711e-08 7.443517e-01
    outer loop
      vertex   2.594321e+00 4.530000e+00 3.113105e+00
      vertex   2.594321e+00 1.200000e+00 3.113105e+00
      vertex   2.757186e+00 1.200000e+00 2.966992e+00
    endloop
  endfacet
  facet normal 6.677878e-01 -1.818653e-08 7.443517e-01
    outer loop
      vertex   2.594321e+00 4.530000e+00 3.113105e+00
      vertex   2.757186e+00 1.200000e+00 2.966992e+00
      vertex   2.757186e+00 4.530000e+00 2.966992e+00
    endloop
  endfacet
  facet normal 7.071068e-01 -1.819239e-08 7.071068e-01
    outer loop
      vertex   2.757186e+00 4.530000e+00 2.966992e+00
      vertex   2.757186e+00 1.200000e+00 2.966992e+00
      vertex   2.911902e+00 1.200000e+00 2.812276e+00
    endloop
  endfacet
  facet normal 7.071068e-01 -1.819180e-08 7.071068e-01
    outer loop
      vertex   2.757186e+00 4.530000e+00 2.966992e+00
      vertex   2.911902e+00 1.200000e+00 2.812276e+00
      vertex   2.911902e+00 4.530000e+00 2.812276e+00
    endloop
  endfacet
  facet normal 7.443517e-01 -1.819734e-08 6.677878e-01
    outer loop
      vertex   2.911902e+00 4.530000e+00 2.812276e+00
      vertex   2.911902e+00 1.200000e+00 2.812276e+00
      vertex   3.058015e+00 1.200000e+00 2.649411e+00
    endloop
  endfacet
  facet normal 7.443517e-01 -1.819675e-08 6.677878e-01
    outer loop
      vertex   2.911902e+00 4.530000e+00 2.812276e+00
      vertex   3.058015e+00 1.200000e+00 2.649411e+00
      vertex   3.058015e+00 4.530000e+00 2.649411e+00
    endloop
  endfacet
  facet normal 7.794134e-01 -1.820195e-08 6.265100e-01
    outer loop
      vertex   3.058015e+00 4.530000e+00 2.649411e+00
      vertex   3.058015e+00 1.200000e+00 2.649411e+00
      vertex   3.195096e+00 1.200000e+00 2.478874e+00
    endloop
  endfacet
  facet normal 7.794134e-01 -1.820137e-08 6.265100e-01
    outer loop
      vertex   3.058015e+00 4.530000e+00 2.649411e+00
      vertex   3.195096e+00 1.200000e+00 2.478874e+00
      vertex   3.195097e+00 4.530000e+00 2.478874e+00
    endloop
  endfacet
  facet normal 8.121889e-01 -1.820622e-08 5.833946e-01
    outer loop
      vertex   3.195097e+00 4.530000e+00 2.478874e+00
      vertex   3.195096e+00 1.200000e+00 2.478874e+00
      vertex   3.322744e+00 1.200000e+00 2.301166e+00
    endloop
  endfacet
  facet normal 8.121889e-01 -1.820563e-08 5.833946e-01
    outer loop
      vertex   3.195097e+00 4.530000e+00 2.478874e+00
      vertex   3.322744e+00 1.200000e+00 2.301166e+00
      vertex   3.322744e+00 4.530000e+00 2.301166e+00
    endloop
  endfacet
  facet normal 8.425821e-01 -1.821012e-08 5.385680e-01
    outer loop
      vertex   3.322744e+00 4.530000e+00 2.301166e+00
      vertex   3.322744e+00 1.200000e+00 2.301166e+00
      vertex   3.440583e+00 1.200000e+00 2.116808e+00
    endloop
  endfacet
  facet normal 8.425821e-01 -1.820954e-08 5.385680e-01
    outer loop
      vertex   3.322744e+00 4.530000e+00 2.301166e+00
      vertex   3.440583e+00 1.200000e+00 2.116808e+00
      vertex   3.440584e+00 4.530000e+00 2.116808e+00
    endloop
  endfacet
  facet normal 8.705038e-01 -1.821365e-08 4.921616e-01
    outer loop
      vertex   3.440584e+00 4.530000e+00 2.116808e+00
      vertex   3.440583e+00 1.200000e+00 2.116808e+00
      vertex   3.548269e+00 1.200000e+00 1.926340e+00
    endloop
  endfacet
  facet normal 8.705038e-01 -1.821306e-08 4.921616e-01
    outer loop
      vertex   3.440584e+00 4.530000e+00 2.116808e+00
      vertex   3.548269e+00 1.200000e+00 1.926340e+00
      vertex   3.548269e+00 4.530000e+00 1.926340e+00
    endloop
  endfacet
  facet normal 8.958723e-01 -1.821679e-08 4.443117e-01
    outer loop
      vertex   3.548269e+00 4.530000e+00 1.926340e+00
      vertex   3.548269e+00 1.200000e+00 1.926340e+00
      vertex   3.645485e+00 1.200000e+00 1.730322e+00
    endloop
  endfacet
  facet normal 8.958723e-01 -1.821621e-08 4.443117e-01
    outer loop
      vertex   3.548269e+00 4.530000e+00 1.926340e+00
      vertex   3.645485e+00 1.200000e+00 1.730322e+00
      vertex   3.645485e+00 4.530000e+00 1.730322e+00
    endloop
  endfacet
  facet normal 9.186129e-01 -1.821954e-08 3.951585e-01
    outer loop
      vertex   3.645485e+00 4.530000e+00 1.730322e+00
      vertex   3.645485e+00 1.200000e+00 1.730322e+00
      vertex   3.731946e+00 1.200000e+00 1.529328e+00
    endloop
  endfacet
  facet normal 9.186129e-01 -1.821896e-08 3.951585e-01
    outer loop
      vertex   3.645485e+00 4.530000e+00 1.730322e+00
      vertex   3.731946e+00 1.200000e+00 1.529328e+00
      vertex   3.731946e+00 4.530000e+00 1.529328e+00
    endloop
  endfacet
  facet normal 9.386592e-01 -1.822189e-08 3.448463e-01
    outer loop
      vertex   3.731946e+00 4.530000e+00 1.529328e+00
      vertex   3.731946e+00 1.200000e+00 1.529328e+00
      vertex   3.807399e+00 1.200000e+00 1.323948e+00
    endloop
  endfacet
  facet normal 9.386592e-01 -1.822131e-08 3.448463e-01
    outer loop
      vertex   3.731946e+00 4.530000e+00 1.529328e+00
      vertex   3.807399e+00 1.200000e+00 1.323948e+00
      vertex   3.807399e+00 4.530000e+00 1.323948e+00
    endloop
  endfacet
  facet normal 9.559521e-01 -1.822384e-08 2.935226e-01
    outer loop
      vertex   3.807399e+00 4.530000e+00 1.323948e+00
      vertex   3.807399e+00 1.200000e+00 1.323948e+00
      vertex   3.871622e+00 1.200000e+00 1.114785e+00
    endloop
  endfacet
  facet normal 9.559521e-01 -1.822325e-08 2.935226e-01
    outer loop
      vertex   3.807399e+00 4.530000e+00 1.323948e+00
      vertex   3.871622e+00 1.200000e+00 1.114785e+00
      vertex   3.871623e+00 4.530000e+00 1.114785e+00
    endloop
  endfacet
  facet normal 9.704411e-01 -1.822537e-08 2.413379e-01
    outer loop
      vertex   3.871623e+00 4.530000e+00 1.114785e+00
      vertex   3.871622e+00 1.200000e+00 1.114785e+00
      vertex   3.924428e+00 1.200000e+00 9.024507e-01
    endloop
  endfacet
  facet normal 9.704411e-01 -1.822478e-08 2.413379e-01
    outer loop
      vertex   3.871623e+00 4.530000e+00 1.114785e+00
      vertex   3.924428e+00 1.200000e+00 9.024507e-01
      vertex   3.924428e+00 4.530000e+00 9.024507e-01
    endloop
  endfacet
  facet normal 9.820837e-01 -1.822648e-08 1.884453e-01
    outer loop
      vertex   3.924428e+00 4.530000e+00 9.024507e-01
      vertex   3.924428e+00 1.200000e+00 9.024507e-01
      vertex   3.965660e+00 1.200000e+00 6.875693e-01
    endloop
  endfacet
  facet normal 9.820837e-01 -1.822589e-08 1.884453e-01
    outer loop
      vertex   3.924428e+00 4.530000e+00 9.024507e-01
      vertex   3.965660e+00 1.200000e+00 6.875693e-01
      vertex   3.965660e+00 4.530000e+00 6.875693e-01
    endloop
  endfacet
  facet normal 9.908456e-01 -1.822716e-08 1.350000e-01
    outer loop
      vertex   3.965660e+00 4.530000e+00 6.875693e-01
      vertex   3.965660e+00 1.200000e+00 6.875693e-01
      vertex   3.995198e+00 1.200000e+00 4.707709e-01
    endloop
  endfacet
  facet normal 9.908456e-01 -1.822658e-08 1.350000e-01
    outer loop
      vertex   3.965660e+00 4.530000e+00 6.875693e-01
      vertex   3.995198e+00 1.200000e+00 4.707709e-01
      vertex   3.995198e+00 4.530000e+00 4.707709e-01
    endloop
  endfacet
  facet normal 9.967012e-01 -1.822743e-08 8.115873e-02
    outer loop
      vertex   3.995198e+00 4.530000e+00 4.707709e-01
      vertex   3.995198e+00 1.200000e+00 4.707709e-01
      vertex   4.012955e+00 1.200000e+00 2.526913e-01
    endloop
  endfacet
  facet normal 9.992789e-01 -5.800097e-04 3.796612e-02
    outer loop
      vertex   5.372338e+00 -1.325000e+00 2.086422e-01
      vertex   5.368154e+00 1.200000e+00 3.573361e-01
      vertex   5.360071e+00 -1.325000e+00 5.314904e-01
    endloop
  endfacet
  facet normal 9.984989e-01 5.813313e-04 5.476779e-02
    outer loop
      vertex   5.360071e+00 -1.325000e+00 5.314904e-01
      vertex   5.368154e+00 1.200000e+00 3.573361e-01
      vertex   5.350441e+00 1.200000e+00 6.802707e-01
    endloop
  endfacet
  facet normal 9.979115e-01 -1.416671e-16 6.459573e-02
    outer loop
      vertex   5.360071e+00 -1.325000e+00 5.314904e-01
      vertex   5.350441e+00 1.200000e+00 6.802707e-01
      vertex   5.350441e+00 -5.062500e+00 6.802707e-01
    endloop
  endfacet
  facet normal 9.958327e-01 -1.412339e-16 9.119847e-02
    outer loop
      vertex   5.350441e+00 -5.062500e+00 6.802707e-01
      vertex   5.350441e+00 1.200000e+00 6.802707e-01
      vertex   5.320945e+00 -5.062500e+00 1.002343e+00
    endloop
  endfacet
  facet normal 9.958327e-01 1.284715e-16 9.119847e-02
    outer loop
      vertex   5.350441e+00 -5.062500e+00 6.802707e-01
      vertex   5.320945e+00 -5.062500e+00 1.002343e+00
      vertex   5.320945e+00 -1.132500e+01 1.002343e+00
    endloop
  endfacet
  facet normal 9.918376e-01 1.225835e-16 1.275075e-01
    outer loop
      vertex   5.320945e+00 -1.132500e+01 1.002343e+00
      vertex   5.320945e+00 -5.062500e+00 1.002343e+00
      vertex   5.279707e+00 -1.132500e+01 1.323123e+00
    endloop
  endfacet
  facet normal 9.918376e-01 1.808373e-17 1.275075e-01
    outer loop
      vertex   5.279707e+00 -1.132500e+01 1.323123e+00
      vertex   5.320945e+00 -5.062500e+00 1.002343e+00
      vertex   5.279707e+00 -5.062500e+00 1.323123e+00
    endloop
  endfacet
  facet normal 9.865191e-01 2.320912e-17 1.636463e-01
    outer loop
      vertex   5.279707e+00 -1.132500e+01 1.323123e+00
      vertex   5.279707e+00 -5.062500e+00 1.323123e+00
      vertex   5.226780e+00 -1.132500e+01 1.642183e+00
    endloop
  endfacet
  facet normal 9.865191e-01 3.965298e-16 1.636463e-01
    outer loop
      vertex   5.226780e+00 -1.132500e+01 1.642183e+00
      vertex   5.279707e+00 -5.062500e+00 1.323123e+00
      vertex   5.226780e+00 -5.062500e+00 1.642183e+00
    endloop
  endfacet
  facet normal 9.798842e-01 3.886124e-16 1.995668e-01
    outer loop
      vertex   5.226780e+00 -1.132500e+01 1.642183e+00
      vertex   5.226780e+00 -5.062500e+00 1.642183e+00
      vertex   5.162237e+00 -1.132500e+01 1.959097e+00
    endloop
  endfacet
  facet normal 9.798842e-01 2.567163e-16 1.995668e-01
    outer loop
      vertex   5.162237e+00 -1.132500e+01 1.959097e+00
      vertex   5.226780e+00 -5.062500e+00 1.642183e+00
      vertex   5.162237e+00 -5.062500e+00 1.959097e+00
    endloop
  endfacet
  facet normal 9.719419e-01 2.506710e-16 2.352210e-01
    outer loop
      vertex   5.162237e+00 -1.132500e+01 1.959097e+00
      vertex   5.162237e+00 -5.062500e+00 1.959097e+00
      vertex   5.086161e+00 -1.132500e+01 2.273443e+00
    endloop
  endfacet
  facet normal 9.719419e-01 3.336020e-17 2.352210e-01
    outer loop
      vertex   5.086161e+00 -1.132500e+01 2.273443e+00
      vertex   5.162237e+00 -5.062500e+00 1.959097e+00
      vertex   5.086161e+00 -5.062500e+00 2.273443e+00
    endloop
  endfacet
  facet normal 9.627027e-01 3.837234e-17 2.705614e-01
    outer loop
      vertex   5.086161e+00 -1.132500e+01 2.273443e+00
      vertex   5.086161e+00 -5.062500e+00 2.273443e+00
      vertex   4.998656e+00 -1.132500e+01 2.584800e+00
    endloop
  endfacet
  facet normal 9.627027e-01 -5.755851e-17 2.705614e-01
    outer loop
      vertex   4.998656e+00 -1.132500e+01 2.584800e+00
      vertex   5.086161e+00 -5.062500e+00 2.273443e+00
      vertex   4.998656e+00 -5.062500e+00 2.584800e+00
    endloop
  endfacet
  facet normal 9.521790e-01 -6.499992e-17 3.055407e-01
    outer loop
      vertex   4.998656e+00 -1.132500e+01 2.584800e+00
      vertex   4.998656e+00 -5.062500e+00 2.584800e+00
      vertex   4.899838e+00 -1.132500e+01 2.892754e+00
    endloop
  endfacet
  facet normal 9.521790e-01 -1.133761e-16 3.055407e-01
    outer loop
      vertex   4.899838e+00 -1.132500e+01 2.892754e+00
      vertex   4.998656e+00 -5.062500e+00 2.584800e+00
      vertex   4.899838e+00 -5.062500e+00 2.892754e+00
    endloop
  endfacet
  facet normal 9.403848e-01 -1.092518e-16 3.401124e-01
    outer loop
      vertex   4.899838e+00 -1.132500e+01 2.892754e+00
      vertex   4.899838e+00 -5.062500e+00 2.892754e+00
      vertex   4.789839e+00 -1.132500e+01 3.196893e+00
    endloop
  endfacet
  facet normal 9.403848e-01 4.823640e-17 3.401124e-01
    outer loop
      vertex   4.789839e+00 -1.132500e+01 3.196893e+00
      vertex   4.899838e+00 -5.062500e+00 2.892754e+00
      vertex   4.789839e+00 -5.062500e+00 3.196893e+00
    endloop
  endfacet
  facet normal 9.273358e-01 5.307516e-17 3.742302e-01
    outer loop
      vertex   4.789839e+00 -1.132500e+01 3.196893e+00
      vertex   4.789839e+00 -5.062500e+00 3.196893e+00
      vertex   4.668806e+00 -1.132500e+01 3.496812e+00
    endloop
  endfacet
  facet normal 9.273358e-01 7.844414e-17 3.742302e-01
    outer loop
      vertex   4.668806e+00 -1.132500e+01 3.496812e+00
      vertex   4.789839e+00 -5.062500e+00 3.196893e+00
      vertex   4.668806e+00 -5.062500e+00 3.496812e+00
    endloop
  endfacet
  facet normal 9.130495e-01 7.165005e-17 4.078487e-01
    outer loop
      vertex   4.668806e+00 -1.132500e+01 3.496812e+00
      vertex   4.668806e+00 -5.062500e+00 3.496812e+00
      vertex   4.536899e+00 -1.132500e+01 3.792110e+00
    endloop
  endfacet
  facet normal 9.130495e-01 -5.784311e-17 4.078487e-01
    outer loop
      vertex   4.536899e+00 -1.132500e+01 3.792110e+00
      vertex   4.668806e+00 -5.062500e+00 3.496812e+00
      vertex   4.536899e+00 -5.062500e+00 3.792110e+00
    endloop
  endfacet
  facet normal 8.975449e-01 -6.253387e-17 4.409231e-01
    outer loop
      vertex   4.536899e+00 -1.132500e+01 3.792110e+00
      vertex   4.536899e+00 -5.062500e+00 3.792110e+00
      vertex   4.394296e+00 -1.132500e+01 4.082394e+00
    endloop
  endfacet
  facet normal 8.975449e-01 2.226479e-18 4.409231e-01
    outer loop
      vertex   4.394296e+00 -1.132500e+01 4.082394e+00
      vertex   4.536899e+00 -5.062500e+00 3.792110e+00
      vertex   4.394296e+00 -5.062500e+00 4.082394e+00
    endloop
  endfacet
  facet normal 8.808427e-01 -9.356954e-18 4.734091e-01
    outer loop
      vertex   4.394296e+00 -1.132500e+01 4.082394e+00
      vertex   4.394296e+00 -5.062500e+00 4.082394e+00
      vertex   4.241186e+00 -1.132500e+01 4.367277e+00
    endloop
  endfacet
  facet normal 8.808427e-01 -6.714119e-17 4.734091e-01
    outer loop
      vertex   4.241186e+00 -1.132500e+01 4.367277e+00
      vertex   4.394296e+00 -5.062500e+00 4.082394e+00
      vertex   4.241186e+00 -5.062500e+00 4.367277e+00
    endloop
  endfacet
  facet normal 8.629652e-01 -7.165893e-17 5.052634e-01
    outer loop
      vertex   4.241186e+00 -1.132500e+01 4.367277e+00
      vertex   4.241186e+00 -5.062500e+00 4.367277e+00
      vertex   4.077774e+00 -1.132500e+01 4.646377e+00
    endloop
  endfacet
  facet normal 8.629652e-01 -2.092790e-17 5.052634e-01
    outer loop
      vertex   4.077774e+00 -1.132500e+01 4.646377e+00
      vertex   4.241186e+00 -5.062500e+00 4.367277e+00
      vertex   4.077774e+00 -5.062500e+00 4.646377e+00
    endloop
  endfacet
  facet normal 8.439362e-01 -3.247093e-17 5.364435e-01
    outer loop
      vertex   4.077774e+00 -1.132500e+01 4.646377e+00
      vertex   4.077774e+00 -5.062500e+00 4.646377e+00
      vertex   3.904277e+00 -1.132500e+01 4.919323e+00
    endloop
  endfacet
  facet normal 8.439362e-01 -1.359266e-16 5.364435e-01
    outer loop
      vertex   3.904277e+00 -1.132500e+01 4.919323e+00
      vertex   4.077774e+00 -5.062500e+00 4.646377e+00
      vertex   3.904277e+00 -5.062500e+00 4.919323e+00
    endloop
  endfacet
  facet normal 8.237812e-01 -1.388180e-16 5.669079e-01
    outer loop
      vertex   3.904277e+00 -1.132500e+01 4.919323e+00
      vertex   3.904277e+00 -5.062500e+00 4.919323e+00
      vertex   3.720928e+00 -1.132500e+01 5.185750e+00
    endloop
  endfacet
  facet normal 8.237812e-01 5.841634e-17 5.669079e-01
    outer loop
      vertex   3.720928e+00 -1.132500e+01 5.185750e+00
      vertex   3.904277e+00 -5.062500e+00 4.919323e+00
      vertex   3.720928e+00 -5.062500e+00 5.185750e+00
    endloop
  endfacet
  facet normal 8.025270e-01 5.690915e-17 5.966158e-01
    outer loop
      vertex   3.720928e+00 -1.132500e+01 5.185750e+00
      vertex   3.720928e+00 -5.062500e+00 5.185750e+00
      vertex   3.527970e+00 -1.132500e+01 5.445303e+00
    endloop
  endfacet
  facet normal 8.025270e-01 5.690915e-17 5.966158e-01
    outer loop
      vertex   3.527970e+00 -1.132500e+01 5.445303e+00
      vertex   3.720928e+00 -5.062500e+00 5.185750e+00
      vertex   3.527970e+00 -5.062500e+00 5.445303e+00
    endloop
  endfacet
  facet normal 7.802020e-01 5.532603e-17 6.255277e-01
    outer loop
      vertex   3.527970e+00 -1.132500e+01 5.445303e+00
      vertex   3.527970e+00 -5.062500e+00 5.445303e+00
      vertex   3.325662e+00 -1.132500e+01 5.697636e+00
    endloop
  endfacet
  facet normal 7.802020e-01 -0.000000e+00 6.255277e-01
    outer loop
      vertex   3.325662e+00 -1.132500e+01 5.697636e+00
      vertex   3.527970e+00 -5.062500e+00 5.445303e+00
      vertex   3.325662e+00 -5.062500e+00 5.697636e+00
    endloop
  endfacet
  facet normal 7.568359e-01 -0.000000e+00 6.536049e-01
    outer loop
      vertex   3.325662e+00 -1.132500e+01 5.697636e+00
      vertex   3.325662e+00 -5.062500e+00 5.697636e+00
      vertex   3.114273e+00 -1.132500e+01 5.942412e+00
    endloop
  endfacet
  facet normal 7.568359e-01 6.830981e-17 6.536049e-01
    outer loop
      vertex   3.114273e+00 -1.132500e+01 5.942412e+00
      vertex   3.325662e+00 -5.062500e+00 5.697636e+00
      vertex   3.114273e+00 -5.062500e+00 5.942412e+00
    endloop
  endfacet
  facet normal 7.324600e-01 5.926578e-17 6.808101e-01
    outer loop
      vertex   3.114273e+00 -1.132500e+01 5.942412e+00
      vertex   3.114273e+00 -5.062500e+00 5.942412e+00
      vertex   2.894086e+00 -1.132500e+01 6.179304e+00
    endloop
  endfacet
  facet normal 7.324600e-01 -0.000000e+00 6.808101e-01
    outer loop
      vertex   2.894086e+00 -1.132500e+01 6.179304e+00
      vertex   3.114273e+00 -5.062500e+00 5.942412e+00
      vertex   2.894086e+00 -5.062500e+00 6.179304e+00
    endloop
  endfacet
  facet normal 7.071068e-01 -0.000000e+00 7.071068e-01
    outer loop
      vertex   2.894086e+00 -1.132500e+01 6.179304e+00
      vertex   2.894086e+00 -5.062500e+00 6.179304e+00
      vertex   2.665393e+00 -1.132500e+01 6.407997e+00
    endloop
  endfacet
  facet normal 7.071068e-01 5.014267e-17 7.071068e-01
    outer loop
      vertex   2.665393e+00 -1.132500e+01 6.407997e+00
      vertex   2.894086e+00 -5.062500e+00 6.179304e+00
      vertex   2.665393e+00 -5.062500e+00 6.407997e+00
    endloop
  endfacet
  facet normal 6.808101e-01 4.827791e-17 7.324600e-01
    outer loop
      vertex   2.665393e+00 -1.132500e+01 6.407997e+00
      vertex   2.665393e+00 -5.062500e+00 6.407997e+00
      vertex   2.428501e+00 -1.132500e+01 6.628184e+00
    endloop
  endfacet
  facet normal 6.808101e-01 9.655582e-17 7.324600e-01
    outer loop
      vertex   2.428501e+00 -1.132500e+01 6.628184e+00
      vertex   2.665393e+00 -5.062500e+00 6.407997e+00
      vertex   2.428501e+00 -5.062500e+00 6.628184e+00
    endloop
  endfacet
  facet normal 6.536049e-01 9.269745e-17 7.568359e-01
    outer loop
      vertex   2.428501e+00 -1.132500e+01 6.628184e+00
      vertex   2.428501e+00 -5.062500e+00 6.628184e+00
      vertex   2.183725e+00 -1.132500e+01 6.839573e+00
    endloop
  endfacet
  facet normal 6.536049e-01 9.269745e-17 7.568359e-01
    outer loop
      vertex   2.183725e+00 -1.132500e+01 6.839573e+00
      vertex   2.428501e+00 -5.062500e+00 6.628184e+00
      vertex   2.183725e+00 -5.062500e+00 6.839573e+00
    endloop
  endfacet
  facet normal 6.255277e-01 8.871540e-17 7.802020e-01
    outer loop
      vertex   2.183725e+00 -1.132500e+01 6.839573e+00
      vertex   2.183725e+00 -5.062500e+00 6.839573e+00
      vertex   1.931392e+00 -1.132500e+01 7.041881e+00
    endloop
  endfacet
  facet normal 6.255277e-01 8.871540e-17 7.802020e-01
    outer loop
      vertex   1.931392e+00 -1.132500e+01 7.041881e+00
      vertex   2.183725e+00 -5.062500e+00 6.839573e+00
      vertex   1.931392e+00 -5.062500e+00 7.041881e+00
    endloop
  endfacet
  facet normal 5.966158e-01 8.461498e-17 8.025270e-01
    outer loop
      vertex   1.931392e+00 -1.132500e+01 7.041881e+00
      vertex   1.931392e+00 -5.062500e+00 7.041881e+00
      vertex   1.671839e+00 -1.132500e+01 7.234839e+00
    endloop
  endfacet
  facet normal 5.966158e-01 2.407408e-16 8.025270e-01
    outer loop
      vertex   1.671839e+00 -1.132500e+01 7.234839e+00
      vertex   1.931392e+00 -5.062500e+00 7.041881e+00
      vertex   1.671839e+00 -5.062500e+00 7.234839e+00
    endloop
  endfacet
  facet normal 5.669079e-01 2.374352e-16 8.237812e-01
    outer loop
      vertex   1.671839e+00 -1.132500e+01 7.234839e+00
      vertex   1.671839e+00 -5.062500e+00 7.234839e+00
      vertex   1.405412e+00 -1.132500e+01 7.418188e+00
    endloop
  endfacet
  facet normal 5.669079e-01 8.040165e-17 8.237812e-01
    outer loop
      vertex   1.405412e+00 -1.132500e+01 7.418188e+00
      vertex   1.671839e+00 -5.062500e+00 7.234839e+00
      vertex   1.405412e+00 -5.062500e+00 7.418188e+00
    endloop
  endfacet
  facet normal 5.364435e-01 7.608105e-17 8.439362e-01
    outer loop
      vertex   1.405412e+00 -1.132500e+01 7.418188e+00
      vertex   1.405412e+00 -5.062500e+00 7.418188e+00
      vertex   1.132466e+00 -1.132500e+01 7.591685e+00
    endloop
  endfacet
  facet normal 5.364435e-01 -1.902026e-17 8.439362e-01
    outer loop
      vertex   1.132466e+00 -1.132500e+01 7.591685e+00
      vertex   1.405412e+00 -5.062500e+00 7.418188e+00
      vertex   1.132466e+00 -5.062500e+00 7.591685e+00
    endloop
  endfacet
  facet normal 5.052634e-01 -1.791473e-17 8.629652e-01
    outer loop
      vertex   1.132466e+00 -1.132500e+01 7.591685e+00
      vertex   1.132466e+00 -5.062500e+00 7.591685e+00
      vertex   8.533655e-01 -1.132500e+01 7.755097e+00
    endloop
  endfacet
  facet normal 5.052634e-01 5.374419e-17 8.629652e-01
    outer loop
      vertex   8.533655e-01 -1.132500e+01 7.755097e+00
      vertex   1.132466e+00 -5.062500e+00 7.591685e+00
      vertex   8.533655e-01 -5.062500e+00 7.755097e+00
    endloop
  endfacet
  facet normal 4.734091e-01 5.035589e-17 8.808427e-01
    outer loop
      vertex   8.533655e-01 -1.132500e+01 7.755097e+00
      vertex   8.533655e-01 -5.062500e+00 7.755097e+00
      vertex   5.684834e-01 -1.132500e+01 7.908207e+00
    endloop
  endfacet
  facet normal 4.734091e-01 8.392649e-18 8.808427e-01
    outer loop
      vertex   5.684834e-01 -1.132500e+01 7.908207e+00
      vertex   8.533655e-01 -5.062500e+00 7.755097e+00
      vertex   5.684834e-01 -5.062500e+00 7.908207e+00
    endloop
  endfacet
  facet normal 4.409231e-01 7.816733e-18 8.975449e-01
    outer loop
      vertex   5.684834e-01 -1.132500e+01 7.908207e+00
      vertex   5.684834e-01 -5.062500e+00 7.908207e+00
      vertex   2.781994e-01 -1.132500e+01 8.050810e+00
    endloop
  endfacet
  facet normal 4.409231e-01 7.816733e-18 8.975449e-01
    outer loop
      vertex   2.781994e-01 -1.132500e+01 8.050810e+00
      vertex   5.684834e-01 -5.062500e+00 7.908207e+00
      vertex   2.781994e-01 -5.062500e+00 8.050810e+00
    endloop
  endfacet
  facet normal 4.078487e-01 7.230388e-18 9.130495e-01
    outer loop
      vertex   2.781994e-01 -1.132500e+01 8.050810e+00
      vertex   2.781994e-01 -5.062500e+00 8.050810e+00
      vertex   -1.709908e-02 -1.132500e+01 8.182717e+00
    endloop
  endfacet
  facet normal 4.078487e-01 9.489885e-18 9.130495e-01
    outer loop
      vertex   -1.709908e-02 -1.132500e+01 8.182717e+00
      vertex   2.781994e-01 -5.062500e+00 8.050810e+00
      vertex   -1.709908e-02 -5.062500e+00 8.182717e+00
    endloop
  endfacet
  facet normal 3.742302e-01 8.707644e-18 9.273358e-01
    outer loop
      vertex   -1.709908e-02 -1.132500e+01 8.182717e+00
      vertex   -1.709908e-02 -5.062500e+00 8.182717e+00
      vertex   -3.170180e-01 -1.132500e+01 8.303750e+00
    endloop
  endfacet
  facet normal 3.742302e-01 6.634395e-18 9.273358e-01
    outer loop
      vertex   -3.170180e-01 -1.132500e+01 8.303750e+00
      vertex   -1.709908e-02 -5.062500e+00 8.182717e+00
      vertex   -3.170180e-01 -5.062500e+00 8.303750e+00
    endloop
  endfacet
  facet normal 3.401124e-01 6.029550e-18 9.403848e-01
    outer loop
      vertex   -3.170180e-01 -1.132500e+01 8.303750e+00
      vertex   -3.170180e-01 -5.062500e+00 8.303750e+00
      vertex   -6.211573e-01 -1.132500e+01 8.413749e+00
    endloop
  endfacet
  facet normal 3.401124e-01 6.029550e-18 9.403848e-01
    outer loop
      vertex   -6.211573e-01 -1.132500e+01 8.413749e+00
      vertex   -3.170180e-01 -5.062500e+00 8.303750e+00
      vertex   -6.211573e-01 -5.062500e+00 8.413749e+00
    endloop
  endfacet
  facet normal 3.055407e-01 5.416660e-18 9.521790e-01
    outer loop
      vertex   -6.211573e-01 -1.132500e+01 8.413749e+00
      vertex   -6.211573e-01 -5.062500e+00 8.413749e+00
      vertex   -9.291110e-01 -1.132500e+01 8.512567e+00
    endloop
  endfacet
  facet normal 3.055407e-01 5.416660e-18 9.521790e-01
    outer loop
      vertex   -9.291110e-01 -1.132500e+01 8.512567e+00
      vertex   -6.211573e-01 -5.062500e+00 8.413749e+00
      vertex   -9.291110e-01 -5.062500e+00 8.512567e+00
    endloop
  endfacet
  facet normal 2.705614e-01 4.796542e-18 9.627027e-01
    outer loop
      vertex   -9.291110e-01 -1.132500e+01 8.512567e+00
      vertex   -9.291110e-01 -5.062500e+00 8.512567e+00
      vertex   -1.240468e+00 -1.132500e+01 8.600072e+00
    endloop
  endfacet
  facet normal 2.705614e-01 1.918617e-17 9.627027e-01
    outer loop
      vertex   -1.240468e+00 -1.132500e+01 8.600072e+00
      vertex   -9.291110e-01 -5.062500e+00 8.512567e+00
      vertex   -1.240468e+00 -5.062500e+00 8.600072e+00
    endloop
  endfacet
  facet normal 2.352210e-01 1.668010e-17 9.719419e-01
    outer loop
      vertex   -1.240468e+00 -1.132500e+01 8.600072e+00
      vertex   -1.240468e+00 -5.062500e+00 8.600072e+00
      vertex   -1.554814e+00 -1.132500e+01 8.676147e+00
    endloop
  endfacet
  facet normal 2.352210e-01 -0.000000e+00 9.719419e-01
    outer loop
      vertex   -1.554814e+00 -1.132500e+01 8.676147e+00
      vertex   -1.240468e+00 -5.062500e+00 8.600072e+00
      vertex   -1.554814e+00 -5.062500e+00 8.676147e+00
    endloop
  endfacet
  facet normal 1.995668e-01 -0.000000e+00 9.798842e-01
    outer loop
      vertex   -1.554814e+00 -1.132500e+01 8.676147e+00
      vertex   -1.554814e+00 -5.062500e+00 8.676147e+00
      vertex   -1.871728e+00 -1.132500e+01 8.740691e+00
    endloop
  endfacet
  facet normal 1.995668e-01 7.075885e-18 9.798842e-01
    outer loop
      vertex   -1.871728e+00 -1.132500e+01 8.740691e+00
      vertex   -1.554814e+00 -5.062500e+00 8.676147e+00
      vertex   -1.871728e+00 -5.062500e+00 8.740691e+00
    endloop
  endfacet
  facet normal 1.636463e-01 5.802280e-18 9.865191e-01
    outer loop
      vertex   -1.871728e+00 -1.132500e+01 8.740691e+00
      vertex   -1.871728e+00 -5.062500e+00 8.740691e+00
      vertex   -2.190788e+00 -1.132500e+01 8.793618e+00
    endloop
  endfacet
  facet normal 1.636463e-01 -0.000000e+00 9.865191e-01
    outer loop
      vertex   -2.190788e+00 -1.132500e+01 8.793618e+00
      vertex   -1.871728e+00 -5.062500e+00 8.740691e+00
      vertex   -2.190788e+00 -5.062500e+00 8.793618e+00
    endloop
  endfacet
  facet normal 1.275075e-01 -0.000000e+00 9.918376e-01
    outer loop
      vertex   -2.190788e+00 -1.132500e+01 8.793618e+00
      vertex   -2.190788e+00 -5.062500e+00 8.793618e+00
      vertex   -2.511568e+00 -1.132500e+01 8.834856e+00
    endloop
  endfacet
  facet normal 1.275075e-01 -0.000000e+00 9.918376e-01
    outer loop
      vertex   -2.511568e+00 -1.132500e+01 8.834856e+00
      vertex   -2.190788e+00 -5.062500e+00 8.793618e+00
      vertex   -2.511568e+00 -5.062500e+00 8.834856e+00
    endloop
  endfacet
  facet normal 9.119847e-02 -0.000000e+00 9.958327e-01
    outer loop
      vertex   -2.511568e+00 -1.132500e+01 8.834856e+00
      vertex   -2.511568e+00 -5.062500e+00 8.834856e+00
      vertex   -2.833640e+00 -1.132500e+01 8.864352e+00
    endloop
  endfacet
  facet normal 9.119847e-02 -0.000000e+00 9.958327e-01
    outer loop
      vertex   -2.833640e+00 -1.132500e+01 8.864352e+00
      vertex   -2.511568e+00 -5.062500e+00 8.834856e+00
      vertex   -2.833640e+00 -5.062500e+00 8.864352e+00
    endloop
  endfacet
  facet normal 5.476780e-02 -0.000000e+00 9.984991e-01
    outer loop
      vertex   -2.833640e+00 -1.132500e+01 8.864352e+00
      vertex   -2.833640e+00 -5.062500e+00 8.864352e+00
      vertex   -3.156575e+00 -1.132500e+01 8.882065e+00
    endloop
  endfacet
  facet normal 5.476780e-02 -0.000000e+00 9.984991e-01
    outer loop
      vertex   -3.156575e+00 -1.132500e+01 8.882065e+00
      vertex   -2.833640e+00 -5.062500e+00 8.864352e+00
      vertex   -3.156575e+00 -5.062500e+00 8.882065e+00
    endloop
  endfacet
  facet normal 1.826406e-02 -0.000000e+00 9.998332e-01
    outer loop
      vertex   -3.156575e+00 -1.132500e+01 8.882065e+00
      vertex   -3.156575e+00 -5.062500e+00 8.882065e+00
      vertex   -3.479941e+00 -1.132500e+01 8.887972e+00
    endloop
  endfacet
  facet normal 1.826406e-02 -0.000000e+00 9.998332e-01
    outer loop
      vertex   -3.479941e+00 -1.132500e+01 8.887972e+00
      vertex   -3.156575e+00 -5.062500e+00 8.882065e+00
      vertex   -3.479941e+00 -5.062500e+00 8.887972e+00
    endloop
  endfacet
  facet normal -1.826406e-02 0.000000e+00 9.998332e-01
    outer loop
      vertex   -3.479941e+00 -1.132500e+01 8.887972e+00
      vertex   -3.479941e+00 -5.062500e+00 8.887972e+00
      vertex   -3.803307e+00 -1.132500e+01 8.882065e+00
    endloop
  endfacet
  facet normal -1.826406e-02 0.000000e+00 9.998332e-01
    outer loop
      vertex   -3.803307e+00 -1.132500e+01 8.882065e+00
      vertex   -3.479941e+00 -5.062500e+00 8.887972e+00
      vertex   -3.803307e+00 -5.062500e+00 8.882065e+00
    endloop
  endfacet
  facet normal -5.476780e-02 0.000000e+00 9.984991e-01
    outer loop
      vertex   -3.803307e+00 -1.132500e+01 8.882065e+00
      vertex   -3.803307e+00 -5.062500e+00 8.882065e+00
      vertex   -4.126242e+00 -1.132500e+01 8.864352e+00
    endloop
  endfacet
  facet normal -5.476780e-02 0.000000e+00 9.984991e-01
    outer loop
      vertex   -4.126242e+00 -1.132500e+01 8.864352e+00
      vertex   -3.803307e+00 -5.062500e+00 8.882065e+00
      vertex   -4.126242e+00 -5.062500e+00 8.864352e+00
    endloop
  endfacet
  facet normal -9.119847e-02 0.000000e+00 9.958327e-01
    outer loop
      vertex   -4.126242e+00 -1.132500e+01 8.864352e+00
      vertex   -4.126242e+00 -5.062500e+00 8.864352e+00
      vertex   -4.448314e+00 -1.132500e+01 8.834856e+00
    endloop
  endfacet
  facet normal -9.119847e-02 0.000000e+00 9.958327e-01
    outer loop
      vertex   -4.448314e+00 -1.132500e+01 8.834856e+00
      vertex   -4.126242e+00 -5.062500e+00 8.864352e+00
      vertex   -4.448314e+00 -5.062500e+00 8.834856e+00
    endloop
  endfacet
  facet normal -1.275075e-01 0.000000e+00 9.918376e-01
    outer loop
      vertex   -4.448314e+00 -1.132500e+01 8.834856e+00
      vertex   -4.448314e+00 -5.062500e+00 8.834856e+00
      vertex   -4.769094e+00 -1.132500e+01 8.793618e+00
    endloop
  endfacet
  facet normal -1.275075e-01 0.000000e+00 9.918376e-01
    outer loop
      vertex   -4.769094e+00 -1.132500e+01 8.793618e+00
      vertex   -4.448314e+00 -5.062500e+00 8.834856e+00
      vertex   -4.769094e+00 -5.062500e+00 8.793618e+00
    endloop
  endfacet
  facet normal -1.636463e-01 0.000000e+00 9.865191e-01
    outer loop
      vertex   -4.769094e+00 -1.132500e+01 8.793618e+00
      vertex   -4.769094e+00 -5.062500e+00 8.793618e+00
      vertex   -5.088154e+00 -1.132500e+01 8.740691e+00
    endloop
  endfacet
  facet normal -1.636463e-01 -2.320912e-17 9.865191e-01
    outer loop
      vertex   -5.088154e+00 -1.132500e+01 8.740691e+00
      vertex   -4.769094e+00 -5.062500e+00 8.793618e+00
      vertex   -5.088154e+00 -5.062500e+00 8.740691e+00
    endloop
  endfacet
  facet normal -1.936576e-01 -2.746547e-17 9.810692e-01
    outer loop
      vertex   -5.088154e+00 -1.132500e+01 8.740691e+00
      vertex   -5.088154e+00 -5.062500e+00 8.740691e+00
      vertex   -5.300761e+00 -8.325000e+00 8.698724e+00
    endloop
  endfacet
  facet normal -1.936576e-01 4.914358e-17 9.810692e-01
    outer loop
      vertex   -5.300761e+00 -8.325000e+00 8.698724e+00
      vertex   -5.088154e+00 -5.062500e+00 8.740691e+00
      vertex   -5.300761e+00 -1.325000e+00 8.698724e+00
    endloop
  endfacet
  facet normal -1.936576e-01 2.812078e-17 9.810692e-01
    outer loop
      vertex   -5.300761e+00 -1.325000e+00 8.698724e+00
      vertex   -5.088154e+00 -5.062500e+00 8.740691e+00
      vertex   -5.088154e+00 1.200000e+00 8.740691e+00
    endloop
  endfacet
  facet normal -1.995668e-01 5.172527e-04 9.798841e-01
    outer loop
      vertex   -5.300761e+00 -1.325000e+00 8.698724e+00
      vertex   -5.088154e+00 1.200000e+00 8.740691e+00
      vertex   -5.405068e+00 1.200000e+00 8.676147e+00
    endloop
  endfacet
  facet normal 9.998330e-01 5.811373e-04 1.826405e-02
    outer loop
      vertex   5.368154e+00 1.200000e+00 3.573361e-01
      vertex   5.372338e+00 -1.325000e+00 2.086422e-01
      vertex   5.374061e+00 1.200000e+00 3.397007e-02
    endloop
  endfacet
  facet normal 9.999987e-01 -5.798131e-04 1.483392e-03
    outer loop
      vertex   5.374061e+00 1.200000e+00 3.397007e-02
      vertex   5.372338e+00 -1.325000e+00 2.086422e-01
      vertex   5.372817e+00 -1.325000e+00 -1.144385e-01
    endloop
  endfacet
  facet normal 9.998330e-01 5.809382e-04 -1.826405e-02
    outer loop
      vertex   5.374061e+00 1.200000e+00 3.397007e-02
      vertex   5.372817e+00 -1.325000e+00 -1.144385e-01
      vertex   5.368154e+00 1.200000e+00 -2.893960e-01
    endloop
  endfacet
  facet normal 9.993871e-01 -5.796114e-04 -3.500131e-02
    outer loop
      vertex   5.368154e+00 1.200000e+00 -2.893960e-01
      vertex   5.372817e+00 -1.325000e+00 -1.144385e-01
      vertex   5.361509e+00 -1.325000e+00 -4.373217e-01
    endloop
  endfacet
  facet normal 9.984989e-01 5.807339e-04 -5.476779e-02
    outer loop
      vertex   5.368154e+00 1.200000e+00 -2.893960e-01
      vertex   5.361509e+00 -1.325000e+00 -4.373217e-01
      vertex   5.350441e+00 1.200000e+00 -6.123306e-01
    endloop
  endfacet
  facet normal 9.974448e-01 -5.794046e-04 -7.143942e-02
    outer loop
      vertex   5.350441e+00 1.200000e+00 -6.123306e-01
      vertex   5.361509e+00 -1.325000e+00 -4.373217e-01
      vertex   5.338428e+00 -1.325000e+00 -7.595773e-01
    endloop
  endfacet
  facet normal 9.958326e-01 5.805245e-04 -9.119846e-02
    outer loop
      vertex   5.350441e+00 1.200000e+00 -6.123306e-01
      vertex   5.338428e+00 -1.325000e+00 -7.595773e-01
      vertex   5.320945e+00 1.200000e+00 -9.344028e-01
    endloop
  endfacet
  facet normal 9.941743e-01 -5.791926e-04 -1.077824e-01
    outer loop
      vertex   5.320945e+00 1.200000e+00 -9.344028e-01
      vertex   5.338428e+00 -1.325000e+00 -7.595773e-01
      vertex   5.303605e+00 -1.325000e+00 -1.080776e+00
    endloop
  endfacet
  facet normal 9.918374e-01 5.803099e-04 -1.275074e-01
    outer loop
      vertex   5.320945e+00 1.200000e+00 -9.344028e-01
      vertex   5.303605e+00 -1.325000e+00 -1.080776e+00
      vertex   5.279707e+00 1.200000e+00 -1.255183e+00
    endloop
  endfacet
  facet normal 9.895802e-01 -5.789755e-04 -1.439819e-01
    outer loop
      vertex   5.279707e+00 1.200000e+00 -1.255183e+00
      vertex   5.303605e+00 -1.325000e+00 -1.080776e+00
      vertex   5.257088e+00 -1.325000e+00 -1.400491e+00
    endloop
  endfacet
  facet normal 9.865189e-01 5.800902e-04 -1.636463e-01
    outer loop
      vertex   5.279707e+00 1.200000e+00 -1.255183e+00
      vertex   5.257088e+00 -1.325000e+00 -1.400491e+00
      vertex   5.226780e+00 1.200000e+00 -1.574243e+00
    endloop
  endfacet
  facet normal 9.836683e-01 -5.787532e-04 -1.799896e-01
    outer loop
      vertex   5.226780e+00 1.200000e+00 -1.574243e+00
      vertex   5.257088e+00 -1.325000e+00 -1.400491e+00
      vertex   5.198936e+00 -1.325000e+00 -1.718296e+00
    endloop
  endfacet
  facet normal 9.798841e-01 5.798654e-04 -1.995668e-01
    outer loop
      vertex   5.226780e+00 1.200000e+00 -1.574243e+00
      vertex   5.198936e+00 -1.325000e+00 -1.718296e+00
      vertex   5.162237e+00 1.200000e+00 -1.891157e+00
    endloop
  endfacet
  facet normal 9.764468e-01 -5.785258e-04 -2.157577e-01
    outer loop
      vertex   5.162237e+00 1.200000e+00 -1.891157e+00
      vertex   5.198936e+00 -1.325000e+00 -1.718296e+00
      vertex   5.129229e+00 -1.325000e+00 -2.033767e+00
    endloop
  endfacet
  facet normal 9.719417e-01 5.796354e-04 -2.352210e-01
    outer loop
      vertex   5.162237e+00 1.200000e+00 -1.891157e+00
      vertex   5.129229e+00 -1.325000e+00 -2.033767e+00
      vertex   5.086161e+00 1.200000e+00 -2.205503e+00
    endloop
  endfacet
  facet normal 9.679250e-01 -5.782933e-04 -2.512385e-01
    outer loop
      vertex   5.086161e+00 1.200000e+00 -2.205503e+00
      vertex   5.129229e+00 -1.325000e+00 -2.033767e+00
      vertex   5.048059e+00 -1.325000e+00 -2.346486e+00
    endloop
  endfacet
  facet normal 9.627026e-01 5.794003e-04 -2.705613e-01
    outer loop
      vertex   5.086161e+00 1.200000e+00 -2.205503e+00
      vertex   5.048059e+00 -1.325000e+00 -2.346486e+00
      vertex   4.998656e+00 1.200000e+00 -2.516860e+00
    endloop
  endfacet
  facet normal 9.581145e-01 -5.780556e-04 -2.863848e-01
    outer loop
      vertex   4.998656e+00 1.200000e+00 -2.516860e+00
      vertex   5.048059e+00 -1.325000e+00 -2.346486e+00
      vertex   4.955533e+00 -1.325000e+00 -2.656034e+00
    endloop
  endfacet
  facet normal 9.521789e-01 5.791601e-04 -3.055407e-01
    outer loop
      vertex   4.998656e+00 1.200000e+00 -2.516860e+00
      vertex   4.955533e+00 -1.325000e+00 -2.656034e+00
      vertex   4.899838e+00 1.200000e+00 -2.824814e+00
    endloop
  endfacet
  facet normal 9.470282e-01 -5.778128e-04 -3.211498e-01
    outer loop
      vertex   4.899838e+00 1.200000e+00 -2.824814e+00
      vertex   4.955533e+00 -1.325000e+00 -2.656034e+00
      vertex   4.851776e+00 -1.325000e+00 -2.962001e+00
    endloop
  endfacet
  facet normal 9.403846e-01 5.789147e-04 -3.401123e-01
    outer loop
      vertex   4.899838e+00 1.200000e+00 -2.824814e+00
      vertex   4.851776e+00 -1.325000e+00 -2.962001e+00
      vertex   4.789839e+00 1.200000e+00 -3.128953e+00
    endloop
  endfacet
  facet normal 9.346810e-01 -5.775648e-04 -3.554871e-01
    outer loop
      vertex   4.789839e+00 1.200000e+00 -3.128953e+00
      vertex   4.851776e+00 -1.325000e+00 -2.962001e+00
      vertex   4.736924e+00 -1.325000e+00 -3.263979e+00
    endloop
  endfacet
  facet normal 9.273357e-01 5.786642e-04 -3.742302e-01
    outer loop
      vertex   4.789839e+00 1.200000e+00 -3.128953e+00
      vertex   4.736924e+00 -1.325000e+00 -3.263979e+00
      vertex   4.668806e+00 1.200000e+00 -3.428872e+00
    endloop
  endfacet
  facet normal 9.210892e-01 -5.773117e-04 -3.893511e-01
    outer loop
      vertex   4.668806e+00 1.200000e+00 -3.428872e+00
      vertex   4.736924e+00 -1.325000e+00 -3.263979e+00
      vertex   4.611132e+00 -1.325000e+00 -3.561566e+00
    endloop
  endfacet
  facet normal 9.130494e-01 5.784085e-04 -4.078487e-01
    outer loop
      vertex   4.668806e+00 1.200000e+00 -3.428872e+00
      vertex   4.611132e+00 -1.325000e+00 -3.561566e+00
      vertex   4.536899e+00 1.200000e+00 -3.724170e+00
    endloop
  endfacet
  facet normal 9.062710e-01 -5.770535e-04 -4.226967e-01
    outer loop
      vertex   4.536899e+00 1.200000e+00 -3.724170e+00
      vertex   4.611132e+00 -1.325000e+00 -3.561566e+00
      vertex   4.474567e+00 -1.325000e+00 -3.854365e+00
    endloop
  endfacet
  facet normal 8.975448e-01 5.781477e-04 -4.409230e-01
    outer loop
      vertex   4.536899e+00 1.200000e+00 -3.724170e+00
      vertex   4.474567e+00 -1.325000e+00 -3.854365e+00
      vertex   4.394296e+00 1.200000e+00 -4.014454e+00
    endloop
  endfacet
  facet normal 8.902461e-01 -5.767901e-04 -4.554795e-01
    outer loop
      vertex   4.394296e+00 1.200000e+00 -4.014454e+00
      vertex   4.474567e+00 -1.325000e+00 -3.854365e+00
      vertex   4.327410e+00 -1.325000e+00 -4.141986e+00
    endloop
  endfacet
  facet normal 8.808426e-01 5.778818e-04 -4.734090e-01
    outer loop
      vertex   4.394296e+00 1.200000e+00 -4.014454e+00
      vertex   4.327410e+00 -1.325000e+00 -4.141986e+00
      vertex   4.241186e+00 1.200000e+00 -4.299336e+00
    endloop
  endfacet
  facet normal 8.730358e-01 -5.765216e-04 -4.876558e-01
    outer loop
      vertex   4.241186e+00 1.200000e+00 -4.299336e+00
      vertex   4.327410e+00 -1.325000e+00 -4.141986e+00
      vertex   4.169858e+00 -1.325000e+00 -4.424048e+00
    endloop
  endfacet
  facet normal 8.629650e-01 5.776107e-04 -5.052633e-01
    outer loop
      vertex   4.241186e+00 1.200000e+00 -4.299336e+00
      vertex   4.169858e+00 -1.325000e+00 -4.424048e+00
      vertex   4.077774e+00 1.200000e+00 -4.578437e+00
    endloop
  endfacet
  facet normal 8.546631e-01 -5.762479e-04 -5.191828e-01
    outer loop
      vertex   4.077774e+00 1.200000e+00 -4.578437e+00
      vertex   4.169858e+00 -1.325000e+00 -4.424048e+00
      vertex   4.002120e+00 -1.325000e+00 -4.700173e+00
    endloop
  endfacet
  facet normal 8.439361e-01 5.773344e-04 -5.364434e-01
    outer loop
      vertex   4.077774e+00 1.200000e+00 -4.578437e+00
      vertex   4.002120e+00 -1.325000e+00 -4.700173e+00
      vertex   3.904277e+00 1.200000e+00 -4.851382e+00
    endloop
  endfacet
  facet normal 8.351523e-01 -5.759691e-04 -5.500184e-01
    outer loop
      vertex   3.904277e+00 1.200000e+00 -4.851382e+00
      vertex   4.002120e+00 -1.325000e+00 -4.700173e+00
      vertex   3.824419e+00 -1.325000e+00 -4.969995e+00
    endloop
  endfacet
  facet normal 8.237811e-01 5.770531e-04 -5.669078e-01
    outer loop
      vertex   3.904277e+00 1.200000e+00 -4.851382e+00
      vertex   3.824419e+00 -1.325000e+00 -4.969995e+00
      vertex   3.720928e+00 1.200000e+00 -5.117810e+00
    endloop
  endfacet
  facet normal 8.145296e-01 -5.756852e-04 -5.801218e-01
    outer loop
      vertex   3.720928e+00 1.200000e+00 -5.117810e+00
      vertex   3.824419e+00 -1.325000e+00 -4.969995e+00
      vertex   3.636993e+00 -1.325000e+00 -5.233154e+00
    endloop
  endfacet
  facet normal 8.025268e-01 5.767666e-04 -5.966157e-01
    outer loop
      vertex   3.720928e+00 1.200000e+00 -5.117810e+00
      vertex   3.636993e+00 -1.325000e+00 -5.233154e+00
      vertex   3.527970e+00 1.200000e+00 -5.377363e+00
    endloop
  endfacet
  facet normal 7.928223e-01 -5.753961e-04 -6.094526e-01
    outer loop
      vertex   3.527970e+00 1.200000e+00 -5.377363e+00
      vertex   3.636993e+00 -1.325000e+00 -5.233154e+00
      vertex   3.440090e+00 -1.325000e+00 -5.489300e+00
    endloop
  endfacet
  facet normal 7.802018e-01 5.764749e-04 -6.255276e-01
    outer loop
      vertex   3.527970e+00 1.200000e+00 -5.377363e+00
      vertex   3.440090e+00 -1.325000e+00 -5.489300e+00
      vertex   3.325662e+00 1.200000e+00 -5.629696e+00
    endloop
  endfacet
  facet normal 7.700593e-01 -5.751019e-04 -6.379720e-01
    outer loop
      vertex   3.325662e+00 1.200000e+00 -5.629696e+00
      vertex   3.440090e+00 -1.325000e+00 -5.489300e+00
      vertex   3.233973e+00 -1.325000e+00 -5.738092e+00
    endloop
  endfacet
  facet normal 7.568358e-01 5.761782e-04 -6.536048e-01
    outer loop
      vertex   3.325662e+00 1.200000e+00 -5.629696e+00
      vertex   3.233973e+00 -1.325000e+00 -5.738092e+00
      vertex   3.114273e+00 1.200000e+00 -5.874472e+00
    endloop
  endfacet
  facet normal 7.462710e-01 -5.748026e-04 -6.656420e-01
    outer loop
      vertex   3.114273e+00 1.200000e+00 -5.874472e+00
      vertex   3.233973e+00 -1.325000e+00 -5.738092e+00
      vertex   3.018917e+00 -1.325000e+00 -5.979198e+00
    endloop
  endfacet
  facet normal 7.324599e-01 5.758762e-04 -6.808100e-01
    outer loop
      vertex   3.114273e+00 1.200000e+00 -5.874472e+00
      vertex   3.018917e+00 -1.325000e+00 -5.979198e+00
      vertex   2.894086e+00 1.200000e+00 -6.111364e+00
    endloop
  endfacet
  facet normal 7.214891e-01 -5.744981e-04 -6.924256e-01
    outer loop
      vertex   2.894086e+00 1.200000e+00 -6.111364e+00
      vertex   3.018917e+00 -1.325000e+00 -5.979198e+00
      vertex   2.795207e+00 -1.325000e+00 -6.212298e+00
    endloop
  endfacet
  facet normal 7.071067e-01 5.755692e-04 -7.071067e-01
    outer loop
      vertex   2.894086e+00 1.200000e+00 -6.111364e+00
      vertex   2.795207e+00 -1.325000e+00 -6.212298e+00
      vertex   2.665393e+00 1.200000e+00 -6.340056e+00
    endloop
  endfacet
  facet normal 6.957464e-01 -5.741885e-04 -7.182872e-01
    outer loop
      vertex   2.665393e+00 1.200000e+00 -6.340056e+00
      vertex   2.795207e+00 -1.325000e+00 -6.212298e+00
      vertex   2.563142e+00 -1.325000e+00 -6.437080e+00
    endloop
  endfacet
  facet normal 6.808100e-01 5.752570e-04 -7.324599e-01
    outer loop
      vertex   2.665393e+00 1.200000e+00 -6.340056e+00
      vertex   2.563142e+00 -1.325000e+00 -6.437080e+00
      vertex   2.428501e+00 1.200000e+00 -6.560244e+00
    endloop
  endfacet
  facet normal 6.690774e-01 -5.738737e-04 -7.431925e-01
    outer loop
      vertex   2.428501e+00 1.200000e+00 -6.560244e+00
      vertex   2.563142e+00 -1.325000e+00 -6.437080e+00
      vertex   2.323031e+00 -1.325000e+00 -6.653246e+00
    endloop
  endfacet
  facet normal 6.536048e-01 5.749396e-04 -7.568358e-01
    outer loop
      vertex   2.428501e+00 1.200000e+00 -6.560244e+00
      vertex   2.323031e+00 -1.325000e+00 -6.653246e+00
      vertex   2.183725e+00 1.200000e+00 -6.771633e+00
    endloop
  endfacet
  facet normal 6.415175e-01 -5.735538e-04 -7.671082e-01
    outer loop
      vertex   2.183725e+00 1.200000e+00 -6.771633e+00
      vertex   2.323031e+00 -1.325000e+00 -6.653246e+00
      vertex   2.075193e+00 -1.325000e+00 -6.860509e+00
    endloop
  endfacet
  facet normal 6.255276e-01 5.746172e-04 -7.802018e-01
    outer loop
      vertex   2.183725e+00 1.200000e+00 -6.771633e+00
      vertex   2.075193e+00 -1.325000e+00 -6.860509e+00
      vertex   1.931392e+00 1.200000e+00 -6.973941e+00
    endloop
  endfacet
  facet normal 6.131034e-01 -5.732287e-04 -7.900024e-01
    outer loop
      vertex   1.931392e+00 1.200000e+00 -6.973941e+00
      vertex   2.075193e+00 -1.325000e+00 -6.860509e+00
      vertex   1.819958e+00 -1.325000e+00 -7.058591e+00
    endloop
  endfacet
  facet normal 5.966157e-01 5.742896e-04 -8.025268e-01
    outer loop
      vertex   1.931392e+00 1.200000e+00 -6.973941e+00
      vertex   1.819958e+00 -1.325000e+00 -7.058591e+00
      vertex   1.671839e+00 1.200000e+00 -7.166899e+00
    endloop
  endfacet
  facet normal 5.838730e-01 -5.728986e-04 -8.118448e-01
    outer loop
      vertex   1.671839e+00 1.200000e+00 -7.166899e+00
      vertex   1.819958e+00 -1.325000e+00 -7.058591e+00
      vertex   1.557666e+00 -1.325000e+00 -7.247229e+00
    endloop
  endfacet
  facet normal 5.669078e-01 5.739568e-04 -8.237811e-01
    outer loop
      vertex   1.671839e+00 1.200000e+00 -7.166899e+00
      vertex   1.557666e+00 -1.325000e+00 -7.247229e+00
      vertex   1.405412e+00 1.200000e+00 -7.350248e+00
    endloop
  endfacet
  facet normal 5.538651e-01 -5.725632e-04 -8.326062e-01
    outer loop
      vertex   1.405412e+00 1.200000e+00 -7.350248e+00
      vertex   1.557666e+00 -1.325000e+00 -7.247229e+00
      vertex   1.288667e+00 -1.325000e+00 -7.426173e+00
    endloop
  endfacet
  facet normal 5.364434e-01 5.736189e-04 -8.439361e-01
    outer loop
      vertex   1.405412e+00 1.200000e+00 -7.350248e+00
      vertex   1.288667e+00 -1.325000e+00 -7.426173e+00
      vertex   1.132466e+00 1.200000e+00 -7.523745e+00
    endloop
  endfacet
  facet normal 5.231198e-01 -5.722228e-04 -8.522590e-01
    outer loop
      vertex   1.132466e+00 1.200000e+00 -7.523745e+00
      vertex   1.288667e+00 -1.325000e+00 -7.426173e+00
      vertex   1.013318e+00 -1.325000e+00 -7.595183e+00
    endloop
  endfacet
  facet normal 5.052633e-01 5.732759e-04 -8.629651e-01
    outer loop
      vertex   1.132466e+00 1.200000e+00 -7.523745e+00
      vertex   1.013318e+00 -1.325000e+00 -7.595183e+00
      vertex   8.533655e-01 1.200000e+00 -7.687157e+00
    endloop
  endfacet
  facet normal 4.916779e-01 -5.718772e-04 -8.707770e-01
    outer loop
      vertex   8.533655e-01 1.200000e+00 -7.687157e+00
      vertex   1.013318e+00 -1.325000e+00 -7.595183e+00
      vertex   7.319861e-01 -1.325000e+00 -7.754035e+00
    endloop
  endfacet
  facet normal 4.734090e-01 5.729277e-04 -8.808426e-01
    outer loop
      vertex   8.533655e-01 1.200000e+00 -7.687157e+00
      vertex   7.319861e-01 -1.325000e+00 -7.754035e+00
      vertex   5.684834e-01 1.200000e+00 -7.840267e+00
    endloop
  endfacet
  facet normal 4.595813e-01 -5.715264e-04 -8.881355e-01
    outer loop
      vertex   5.684834e-01 1.200000e+00 -7.840267e+00
      vertex   7.319861e-01 -1.325000e+00 -7.754035e+00
      vertex   4.450463e-01 -1.325000e+00 -7.902517e+00
    endloop
  endfacet
  facet normal 4.409230e-01 5.725744e-04 -8.975448e-01
    outer loop
      vertex   5.684834e-01 1.200000e+00 -7.840267e+00
      vertex   4.450463e-01 -1.325000e+00 -7.902517e+00
      vertex   2.781994e-01 1.200000e+00 -7.982870e+00
    endloop
  endfacet
  facet normal 4.268728e-01 -5.711705e-04 -9.043115e-01
    outer loop
      vertex   2.781994e-01 1.200000e+00 -7.982870e+00
      vertex   4.450463e-01 -1.325000e+00 -7.902517e+00
      vertex   1.528803e-01 -1.325000e+00 -8.040431e+00
    endloop
  endfacet
  facet normal 4.078487e-01 5.722159e-04 -9.130494e-01
    outer loop
      vertex   2.781994e-01 1.200000e+00 -7.982870e+00
      vertex   1.528803e-01 -1.325000e+00 -8.040431e+00
      vertex   -1.709908e-02 1.200000e+00 -8.114777e+00
    endloop
  endfacet
  facet normal 3.935959e-01 -5.708095e-04 -9.192834e-01
    outer loop
      vertex   -1.709908e-02 1.200000e+00 -8.114777e+00
      vertex   1.528803e-01 -1.325000e+00 -8.040431e+00
      vertex   -1.441228e-01 -1.325000e+00 -8.167595e+00
    endloop
  endfacet
  facet normal 3.742302e-01 5.718523e-04 -9.273357e-01
    outer loop
      vertex   -1.709908e-02 1.200000e+00 -8.114777e+00
      vertex   -1.441228e-01 -1.325000e+00 -8.167595e+00
      vertex   -3.170180e-01 1.200000e+00 -8.235810e+00
    endloop
  endfacet
  facet normal 3.597950e-01 -5.704434e-04 -9.330312e-01
    outer loop
      vertex   -3.170180e-01 1.200000e+00 -8.235810e+00
      vertex   -1.441228e-01 -1.325000e+00 -8.167595e+00
      vertex   -4.455676e-01 -1.325000e+00 -8.283838e+00
    endloop
  endfacet
  facet normal 3.401123e-01 5.714836e-04 -9.403846e-01
    outer loop
      vertex   -3.170180e-01 1.200000e+00 -8.235810e+00
      vertex   -4.455676e-01 -1.325000e+00 -8.283838e+00
      vertex   -6.211573e-01 1.200000e+00 -8.345809e+00
    endloop
  endfacet
  facet normal 3.255150e-01 -5.700721e-04 -9.455367e-01
    outer loop
      vertex   -6.211573e-01 1.200000e+00 -8.345809e+00
      vertex   -4.455676e-01 -1.325000e+00 -8.283838e+00
      vertex   -7.510527e-01 -1.325000e+00 -8.389005e+00
    endloop
  endfacet
  facet normal 3.055407e-01 5.711097e-04 -9.521789e-01
    outer loop
      vertex   -6.211573e-01 1.200000e+00 -8.345809e+00
      vertex   -7.510527e-01 -1.325000e+00 -8.389005e+00
      vertex   -9.291110e-01 1.200000e+00 -8.444627e+00
    endloop
  endfacet
  facet normal 2.908015e-01 -5.696956e-04 -9.567832e-01
    outer loop
      vertex   -9.291110e-01 1.200000e+00 -8.444627e+00
      vertex   -7.510527e-01 -1.325000e+00 -8.389005e+00
      vertex   -1.060171e+00 -1.325000e+00 -8.482958e+00
    endloop
  endfacet
  facet normal 2.705613e-01 5.707307e-04 -9.627026e-01
    outer loop
      vertex   -9.291110e-01 1.200000e+00 -8.444627e+00
      vertex   -1.060171e+00 -1.325000e+00 -8.482958e+00
      vertex   -1.240468e+00 1.200000e+00 -8.532132e+00
    endloop
  endfacet
  facet normal 2.557009e-01 -5.693140e-04 -9.667558e-01
    outer loop
      vertex   -1.240468e+00 1.200000e+00 -8.532132e+00
      vertex   -1.060171e+00 -1.325000e+00 -8.482958e+00
      vertex   -1.372512e+00 -1.325000e+00 -8.565570e+00
    endloop
  endfacet
  facet normal 2.352210e-01 5.703466e-04 -9.719418e-01
    outer loop
      vertex   -1.240468e+00 1.200000e+00 -8.532132e+00
      vertex   -1.372512e+00 -1.325000e+00 -8.565570e+00
      vertex   -1.554814e+00 1.200000e+00 -8.608207e+00
    endloop
  endfacet
  facet normal 2.202597e-01 -5.689273e-04 -9.754411e-01
    outer loop
      vertex   -1.554814e+00 1.200000e+00 -8.608207e+00
      vertex   -1.372512e+00 -1.325000e+00 -8.565570e+00
      vertex   -1.687659e+00 -1.325000e+00 -8.636732e+00
    endloop
  endfacet
  facet normal 1.995668e-01 5.699573e-04 -9.798841e-01
    outer loop
      vertex   -1.554814e+00 1.200000e+00 -8.608207e+00
      vertex   -1.687659e+00 -1.325000e+00 -8.636732e+00
      vertex   -1.871728e+00 1.200000e+00 -8.672751e+00
    endloop
  endfacet
  facet normal 1.845253e-01 -5.685355e-04 -9.828276e-01
    outer loop
      vertex   -1.871728e+00 1.200000e+00 -8.672751e+00
      vertex   -1.687659e+00 -1.325000e+00 -8.636732e+00
      vertex   -2.005192e+00 -1.325000e+00 -8.696348e+00
    endloop
  endfacet
  facet normal 1.636463e-01 5.695629e-04 -9.865189e-01
    outer loop
      vertex   -1.871728e+00 1.200000e+00 -8.672751e+00
      vertex   -2.005192e+00 -1.325000e+00 -8.696348e+00
      vertex   -2.190788e+00 1.200000e+00 -8.725678e+00
    endloop
  endfacet
  facet normal 1.485452e-01 -5.681385e-04 -9.889055e-01
    outer loop
      vertex   -2.190788e+00 1.200000e+00 -8.725678e+00
      vertex   -2.005192e+00 -1.325000e+00 -8.696348e+00
      vertex   -2.324688e+00 -1.325000e+00 -8.744341e+00
    endloop
  endfacet
  facet normal 1.275074e-01 5.691633e-04 -9.918375e-01
    outer loop
      vertex   -2.190788e+00 1.200000e+00 -8.725678e+00
      vertex   -2.324688e+00 -1.325000e+00 -8.744341e+00
      vertex   -2.511568e+00 1.200000e+00 -8.766916e+00
    endloop
  endfacet
  facet normal 1.123673e-01 -5.677363e-04 -9.936666e-01
    outer loop
      vertex   -2.511568e+00 1.200000e+00 -8.766916e+00
      vertex   -2.324688e+00 -1.325000e+00 -8.744341e+00
      vertex   -2.645723e+00 -1.325000e+00 -8.780644e+00
    endloop
  endfacet
  facet normal 9.119846e-02 5.687586e-04 -9.958326e-01
    outer loop
      vertex   -2.511568e+00 1.200000e+00 -8.766916e+00
      vertex   -2.645723e+00 -1.325000e+00 -8.780644e+00
      vertex   -2.833640e+00 1.200000e+00 -8.796412e+00
    endloop
  endfacet
  facet normal 7.603983e-02 -5.673291e-04 -9.971046e-01
    outer loop
      vertex   -2.833640e+00 1.200000e+00 -8.796412e+00
      vertex   -2.645723e+00 -1.325000e+00 -8.780644e+00
      vertex   -2.967869e+00 -1.325000e+00 -8.805211e+00
    endloop
  endfacet
  facet normal 5.476780e-02 5.683488e-04 -9.984990e-01
    outer loop
      vertex   -2.833640e+00 1.200000e+00 -8.796412e+00
      vertex   -2.967869e+00 -1.325000e+00 -8.805211e+00
      vertex   -3.156575e+00 1.200000e+00 -8.814125e+00
    endloop
  endfacet
  facet normal 3.961108e-02 -5.669166e-04 -9.992150e-01
    outer loop
      vertex   -3.156575e+00 1.200000e+00 -8.814125e+00
      vertex   -2.967869e+00 -1.325000e+00 -8.805211e+00
      vertex   -3.290696e+00 -1.325000e+00 -8.818009e+00
    endloop
  endfacet
  facet normal 1.826406e-02 5.679338e-04 -9.998330e-01
    outer loop
      vertex   -3.156575e+00 1.200000e+00 -8.814125e+00
      vertex   -3.290696e+00 -1.325000e+00 -8.818009e+00
      vertex   -3.479941e+00 1.200000e+00 -8.820032e+00
    endloop
  endfacet
  facet normal 3.129579e-03 -5.664991e-04 -9.999949e-01
    outer loop
      vertex   -3.479941e+00 1.200000e+00 -8.820032e+00
      vertex   -3.290696e+00 -1.325000e+00 -8.818009e+00
      vertex   -3.613776e+00 -1.325000e+00 -8.819020e+00
    endloop
  endfacet
  facet normal -1.826406e-02 5.675137e-04 -9.998330e-01
    outer loop
      vertex   -3.479941e+00 1.200000e+00 -8.820032e+00
      vertex   -3.613776e+00 -1.325000e+00 -8.819020e+00
      vertex   -3.803307e+00 1.200000e+00 -8.814125e+00
    endloop
  endfacet
  facet normal -3.335608e-02 -5.660764e-04 -9.994434e-01
    outer loop
      vertex   -3.803307e+00 1.200000e+00 -8.814125e+00
      vertex   -3.613776e+00 -1.325000e+00 -8.819020e+00
      vertex   -3.936677e+00 -1.325000e+00 -8.808243e+00
    endloop
  endfacet
  facet normal -5.476780e-02 5.670884e-04 -9.984990e-01
    outer loop
      vertex   -3.803307e+00 1.200000e+00 -8.814125e+00
      vertex   -3.936677e+00 -1.325000e+00 -8.808243e+00
      vertex   -4.126242e+00 1.200000e+00 -8.796412e+00
    endloop
  endfacet
  facet normal -6.979733e-02 -5.656486e-04 -9.975610e-01
    outer loop
      vertex   -4.126242e+00 1.200000e+00 -8.796412e+00
      vertex   -3.936677e+00 -1.325000e+00 -8.808243e+00
      vertex   -4.258970e+00 -1.325000e+00 -8.785693e+00
    endloop
  endfacet
  facet normal -9.119846e-02 5.666580e-04 -9.958326e-01
    outer loop
      vertex   -4.126242e+00 1.200000e+00 -8.796412e+00
      vertex   -4.258970e+00 -1.325000e+00 -8.785693e+00
      vertex   -4.448314e+00 1.200000e+00 -8.766916e+00
    endloop
  endfacet
  facet normal -1.061456e-01 -5.652156e-04 -9.943504e-01
    outer loop
      vertex   -4.448314e+00 1.200000e+00 -8.766916e+00
      vertex   -4.258970e+00 -1.325000e+00 -8.785693e+00
      vertex   -4.580226e+00 -1.325000e+00 -8.751399e+00
    endloop
  endfacet
  facet normal -1.275074e-01 5.662224e-04 -9.918375e-01
    outer loop
      vertex   -4.448314e+00 1.200000e+00 -8.766916e+00
      vertex   -4.580226e+00 -1.325000e+00 -8.751399e+00
      vertex   -4.769094e+00 1.200000e+00 -8.725678e+00
    endloop
  endfacet
  facet normal -1.423526e-01 -5.647775e-04 -9.898158e-01
    outer loop
      vertex   -4.769094e+00 1.200000e+00 -8.725678e+00
      vertex   -4.580226e+00 -1.325000e+00 -8.751399e+00
      vertex   -4.900017e+00 -1.325000e+00 -8.705408e+00
    endloop
  endfacet
  facet normal -1.636463e-01 5.657818e-04 -9.865189e-01
    outer loop
      vertex   -4.769094e+00 1.200000e+00 -8.725678e+00
      vertex   -4.900017e+00 -1.325000e+00 -8.705408e+00
      vertex   -5.088154e+00 1.200000e+00 -8.672751e+00
    endloop
  endfacet
  facet normal -1.783701e-01 -5.643342e-04 -9.839633e-01
    outer loop
      vertex   -5.088154e+00 1.200000e+00 -8.672751e+00
      vertex   -4.900017e+00 -1.325000e+00 -8.705408e+00
      vertex   -5.217917e+00 -1.325000e+00 -8.647780e+00
    endloop
  endfacet
  facet normal -1.995668e-01 5.653360e-04 -9.798841e-01
    outer loop
      vertex   -5.088154e+00 1.200000e+00 -8.672751e+00
      vertex   -5.217917e+00 -1.325000e+00 -8.647780e+00
      vertex   -5.405068e+00 1.200000e+00 -8.608207e+00
    endloop
  endfacet
  facet normal -2.141500e-01 -5.638858e-04 -9.768006e-01
    outer loop
      vertex   -5.405068e+00 1.200000e+00 -8.608207e+00
      vertex   -5.217917e+00 -1.325000e+00 -8.647780e+00
      vertex   -5.533503e+00 -1.325000e+00 -8.578592e+00
    endloop
  endfacet
  facet normal -2.352210e-01 5.648850e-04 -9.719418e-01
    outer loop
      vertex   -5.405068e+00 1.200000e+00 -8.608207e+00
      vertex   -5.533503e+00 -1.325000e+00 -8.578592e+00
      vertex   -5.719414e+00 1.200000e+00 -8.532132e+00
    endloop
  endfacet
  facet normal -2.496448e-01 -5.634323e-04 -9.683373e-01
    outer loop
      vertex   -5.719414e+00 1.200000e+00 -8.532132e+00
      vertex   -5.533503e+00 -1.325000e+00 -8.578592e+00
      vertex   -5.846355e+00 -1.325000e+00 -8.497937e+00
    endloop
  endfacet
  facet normal -2.705613e-01 5.644289e-04 -9.627026e-01
    outer loop
      vertex   -5.719414e+00 1.200000e+00 -8.532132e+00
      vertex   -5.846355e+00 -1.325000e+00 -8.497937e+00
      vertex   -6.030771e+00 1.200000e+00 -8.444627e+00
    endloop
  endfacet
  facet normal -2.848072e-01 -5.629737e-04 -9.585847e-01
    outer loop
      vertex   -6.030771e+00 1.200000e+00 -8.444627e+00
      vertex   -5.846355e+00 -1.325000e+00 -8.497937e+00
      vertex   -6.156055e+00 -1.325000e+00 -8.405921e+00
    endloop
  endfacet
  facet normal -3.055407e-01 5.639677e-04 -9.521789e-01
    outer loop
      vertex   -6.030771e+00 1.200000e+00 -8.444627e+00
      vertex   -6.156055e+00 -1.325000e+00 -8.405921e+00
      vertex   -6.338725e+00 1.200000e+00 -8.345809e+00
    endloop
  endfacet
  facet normal -3.195904e-01 -5.625098e-04 -9.475556e-01
    outer loop
      vertex   -6.338725e+00 1.200000e+00 -8.345809e+00
      vertex   -6.156055e+00 -1.325000e+00 -8.405921e+00
      vertex   -6.462193e+00 -1.325000e+00 -8.302667e+00
    endloop
  endfacet
  facet normal -3.401123e-01 5.635013e-04 -9.403846e-01
    outer loop
      vertex   -6.338725e+00 1.200000e+00 -8.345809e+00
      vertex   -6.462193e+00 -1.325000e+00 -8.302667e+00
      vertex   -6.642864e+00 1.200000e+00 -8.235810e+00
    endloop
  endfacet
  facet normal -3.539480e-01 -5.620409e-04 -9.352649e-01
    outer loop
      vertex   -6.642864e+00 1.200000e+00 -8.235810e+00
      vertex   -6.462193e+00 -1.325000e+00 -8.302667e+00
      vertex   -6.764359e+00 -1.325000e+00 -8.188313e+00
    endloop
  endfacet
  facet normal -3.742302e-01 5.630298e-04 -9.273357e-01
    outer loop
      vertex   -6.642864e+00 1.200000e+00 -8.235810e+00
      vertex   -6.764359e+00 -1.325000e+00 -8.188313e+00
      vertex   -6.942783e+00 1.200000e+00 -8.114777e+00
    endloop
  endfacet
  facet normal -3.878343e-01 -5.615668e-04 -9.217289e-01
    outer loop
      vertex   -6.942783e+00 1.200000e+00 -8.114777e+00
      vertex   -6.764359e+00 -1.325000e+00 -8.188313e+00
      vertex   -7.062152e+00 -1.325000e+00 -8.063011e+00
    endloop
  endfacet
  facet normal -4.078487e-01 5.625531e-04 -9.130494e-01
    outer loop
      vertex   -6.942783e+00 1.200000e+00 -8.114777e+00
      vertex   -7.062152e+00 -1.325000e+00 -8.063011e+00
      vertex   -7.238081e+00 1.200000e+00 -7.982870e+00
    endloop
  endfacet
  facet normal -4.212043e-01 -5.610876e-04 -9.069656e-01
    outer loop
      vertex   -7.238081e+00 1.200000e+00 -7.982870e+00
      vertex   -7.062152e+00 -1.325000e+00 -8.063011e+00
      vertex   -7.355176e+00 -1.325000e+00 -7.926928e+00
    endloop
  endfacet
  facet normal -4.409230e-01 5.620713e-04 -8.975448e-01
    outer loop
      vertex   -7.238081e+00 1.200000e+00 -7.982870e+00
      vertex   -7.355176e+00 -1.325000e+00 -7.926928e+00
      vertex   -7.528365e+00 1.200000e+00 -7.840267e+00
    endloop
  endfacet
  facet normal -4.540134e-01 -5.606032e-04 -8.909947e-01
    outer loop
      vertex   -7.528365e+00 1.200000e+00 -7.840267e+00
      vertex   -7.355176e+00 -1.325000e+00 -7.926928e+00
      vertex   -7.643039e+00 -1.325000e+00 -7.780245e+00
    endloop
  endfacet
  facet normal -4.734090e-01 5.615844e-04 -8.808426e-01
    outer loop
      vertex   -7.528365e+00 1.200000e+00 -7.840267e+00
      vertex   -7.643039e+00 -1.325000e+00 -7.780245e+00
      vertex   -7.813247e+00 1.200000e+00 -7.687157e+00
    endloop
  endfacet
  facet normal -4.862179e-01 -5.601137e-04 -8.738374e-01
    outer loop
      vertex   -7.813247e+00 1.200000e+00 -7.687157e+00
      vertex   -7.643039e+00 -1.325000e+00 -7.780245e+00
      vertex   -7.925360e+00 -1.325000e+00 -7.623157e+00
    endloop
  endfacet
  facet normal -5.052633e-01 5.610923e-04 -8.629651e-01
    outer loop
      vertex   -7.813247e+00 1.200000e+00 -7.687157e+00
      vertex   -7.925360e+00 -1.325000e+00 -7.623157e+00
      vertex   -8.092348e+00 1.200000e+00 -7.523745e+00
    endloop
  endfacet
  facet normal -5.177751e-01 -5.596191e-04 -8.555166e-01
    outer loop
      vertex   -8.092348e+00 1.200000e+00 -7.523745e+00
      vertex   -7.925360e+00 -1.325000e+00 -7.623157e+00
      vertex   -8.201761e+00 -1.325000e+00 -7.455874e+00
    endloop
  endfacet
  facet normal -5.364434e-01 5.605951e-04 -8.439361e-01
    outer loop
      vertex   -8.092348e+00 1.200000e+00 -7.523745e+00
      vertex   -8.201761e+00 -1.325000e+00 -7.455874e+00
      vertex   -8.365293e+00 1.200000e+00 -7.350248e+00
    endloop
  endfacet
  facet normal -5.486429e-01 -5.591193e-04 -8.360566e-01
    outer loop
      vertex   -8.365293e+00 1.200000e+00 -7.350248e+00
      vertex   -8.201761e+00 -1.325000e+00 -7.455874e+00
      vertex   -8.471875e+00 -1.325000e+00 -7.278618e+00
    endloop
  endfacet
  facet normal -5.669078e-01 5.600928e-04 -8.237811e-01
    outer loop
      vertex   -8.365293e+00 1.200000e+00 -7.350248e+00
      vertex   -8.471875e+00 -1.325000e+00 -7.278618e+00
      vertex   -8.631721e+00 1.200000e+00 -7.166899e+00
    endloop
  endfacet
  facet normal -5.787801e-01 -5.586144e-04 -8.154835e-01
    outer loop
      vertex   -8.631721e+00 1.200000e+00 -7.166899e+00
      vertex   -8.471875e+00 -1.325000e+00 -7.278618e+00
      vertex   -8.735342e+00 -1.325000e+00 -7.091625e+00
    endloop
  endfacet
  facet normal -5.966157e-01 5.595853e-04 -8.025269e-01
    outer loop
      vertex   -8.631721e+00 1.200000e+00 -7.166899e+00
      vertex   -8.735342e+00 -1.325000e+00 -7.091625e+00
      vertex   -8.891274e+00 1.200000e+00 -6.973941e+00
    endloop
  endfacet
  facet normal -6.081467e-01 -5.581043e-04 -7.938245e-01
    outer loop
      vertex   -8.891274e+00 1.200000e+00 -6.973941e+00
      vertex   -8.735342e+00 -1.325000e+00 -7.091625e+00
      vertex   -8.991812e+00 -1.325000e+00 -6.895144e+00
    endloop
  endfacet
  facet normal -6.255276e-01 5.590726e-04 -7.802018e-01
    outer loop
      vertex   -8.891274e+00 1.200000e+00 -6.973941e+00
      vertex   -8.991812e+00 -1.325000e+00 -6.895144e+00
      vertex   -9.143607e+00 1.200000e+00 -6.771633e+00
    endloop
  endfacet
  facet normal -6.367035e-01 -5.575891e-04 -7.711085e-01
    outer loop
      vertex   -9.143607e+00 1.200000e+00 -6.771633e+00
      vertex   -8.991812e+00 -1.325000e+00 -6.895144e+00
      vertex   -9.240943e+00 -1.325000e+00 -6.689437e+00
    endloop
  endfacet
  facet normal -6.536048e-01 5.585549e-04 -7.568358e-01
    outer loop
      vertex   -9.143607e+00 1.200000e+00 -6.771633e+00
      vertex   -9.240943e+00 -1.325000e+00 -6.689437e+00
      vertex   -9.388383e+00 1.200000e+00 -6.560244e+00
    endloop
  endfacet
  facet normal -6.644126e-01 -5.570688e-04 -7.473658e-01
    outer loop
      vertex   -9.388383e+00 1.200000e+00 -6.560244e+00
      vertex   -9.240943e+00 -1.325000e+00 -6.689437e+00
      vertex   -9.482403e+00 -1.325000e+00 -6.474778e+00
    endloop
  endfacet
  facet normal -6.808100e-01 5.580320e-04 -7.324599e-01
    outer loop
      vertex   -9.388383e+00 1.200000e+00 -6.560244e+00
      vertex   -9.482403e+00 -1.325000e+00 -6.474778e+00
      vertex   -9.625275e+00 1.200000e+00 -6.340056e+00
    endloop
  endfacet
  facet normal -6.912370e-01 -5.565433e-04 -7.226280e-01
    outer loop
      vertex   -9.625275e+00 1.200000e+00 -6.340056e+00
      vertex   -9.482403e+00 -1.325000e+00 -6.474778e+00
      vertex   -9.715870e+00 -1.325000e+00 -6.251452e+00
    endloop
  endfacet
  facet normal -7.071067e-01 5.575039e-04 -7.071067e-01
    outer loop
      vertex   -9.625275e+00 1.200000e+00 -6.340056e+00
      vertex   -9.715870e+00 -1.325000e+00 -6.251452e+00
      vertex   -9.853967e+00 1.200000e+00 -6.111364e+00
    endloop
  endfacet
  facet normal -7.171410e-01 -5.560127e-04 -6.969279e-01
    outer loop
      vertex   -9.853967e+00 1.200000e+00 -6.111364e+00
      vertex   -9.715870e+00 -1.325000e+00 -6.251452e+00
      vertex   -9.941034e+00 -1.325000e+00 -6.019757e+00
    endloop
  endfacet
  facet normal -7.324599e-01 5.569707e-04 -6.808100e-01
    outer loop
      vertex   -9.853967e+00 1.200000e+00 -6.111364e+00
      vertex   -9.941034e+00 -1.325000e+00 -6.019757e+00
      vertex   -1.007416e+01 1.200000e+00 -5.874472e+00
    endloop
  endfacet
  facet normal -7.420901e-01 -5.554769e-04 -6.702999e-01
    outer loop
      vertex   -1.007416e+01 1.200000e+00 -5.874472e+00
      vertex   -9.941034e+00 -1.325000e+00 -6.019757e+00
      vertex   -1.015760e+01 -1.325000e+00 -5.780002e+00
    endloop
  endfacet
  facet normal -7.568358e-01 5.564324e-04 -6.536048e-01
    outer loop
      vertex   -1.007416e+01 1.200000e+00 -5.874472e+00
      vertex   -1.015760e+01 -1.325000e+00 -5.780002e+00
      vertex   -1.028554e+01 1.200000e+00 -5.629696e+00
    endloop
  endfacet
  facet normal -7.660511e-01 -5.549360e-04 -6.427795e-01
    outer loop
      vertex   -1.028554e+01 1.200000e+00 -5.629696e+00
      vertex   -1.015760e+01 -1.325000e+00 -5.780002e+00
      vertex   -1.036527e+01 -1.325000e+00 -5.532506e+00
    endloop
  endfacet
  facet normal -7.802018e-01 5.558889e-04 -6.255276e-01
    outer loop
      vertex   -1.028554e+01 1.200000e+00 -5.629696e+00
      vertex   -1.036527e+01 -1.325000e+00 -5.532506e+00
      vertex   -1.048785e+01 1.200000e+00 -5.377363e+00
    endloop
  endfacet
  facet normal -7.889921e-01 -5.543900e-04 -6.144031e-01
    outer loop
      vertex   -1.048785e+01 1.200000e+00 -5.377363e+00
      vertex   -1.036527e+01 -1.325000e+00 -5.532506e+00
      vertex   -1.056377e+01 -1.325000e+00 -5.277597e+00
    endloop
  endfacet
  facet normal -8.025269e-01 5.553403e-04 -5.966157e-01
    outer loop
      vertex   -1.048785e+01 1.200000e+00 -5.377363e+00
      vertex   -1.056377e+01 -1.325000e+00 -5.277597e+00
      vertex   -1.068081e+01 1.200000e+00 -5.117810e+00
    endloop
  endfacet
  facet normal -8.108826e-01 -5.538388e-04 -5.852087e-01
    outer loop
      vertex   -1.068081e+01 1.200000e+00 -5.117810e+00
      vertex   -1.056377e+01 -1.325000e+00 -5.277597e+00
      vertex   -1.075284e+01 -1.325000e+00 -5.015616e+00
    endloop
  endfacet
  facet normal -8.237811e-01 5.547866e-04 -5.669078e-01
    outer loop
      vertex   -1.068081e+01 1.200000e+00 -5.117810e+00
      vertex   -1.075284e+01 -1.325000e+00 -5.015616e+00
      vertex   -1.086416e+01 1.200000e+00 -4.851382e+00
    endloop
  endfacet
  facet normal -8.316933e-01 -5.532825e-04 -5.552350e-01
    outer loop
      vertex   -1.086416e+01 1.200000e+00 -4.851382e+00
      vertex   -1.075284e+01 -1.325000e+00 -5.015616e+00
      vertex   -1.093222e+01 -1.325000e+00 -4.746912e+00
    endloop
  endfacet
  facet normal -8.439361e-01 5.542277e-04 -5.364434e-01
    outer loop
      vertex   -1.086416e+01 1.200000e+00 -4.851382e+00
      vertex   -1.093222e+01 -1.325000e+00 -4.746912e+00
      vertex   -1.103766e+01 1.200000e+00 -4.578437e+00
    endloop
  endfacet
  facet normal -8.513967e-01 -5.527211e-04 -5.245220e-01
    outer loop
      vertex   -1.103766e+01 1.200000e+00 -4.578437e+00
      vertex   -1.093222e+01 -1.325000e+00 -4.746912e+00
      vertex   -1.110169e+01 -1.325000e+00 -4.471842e+00
    endloop
  endfacet
  facet normal -8.629651e-01 5.536637e-04 -5.052633e-01
    outer loop
      vertex   -1.103766e+01 1.200000e+00 -4.578437e+00
      vertex   -1.110169e+01 -1.325000e+00 -4.471842e+00
      vertex   -1.120107e+01 1.200000e+00 -4.299336e+00
    endloop
  endfacet
  facet normal -8.699664e-01 -5.521545e-04 -4.931107e-01
    outer loop
      vertex   -1.120107e+01 1.200000e+00 -4.299336e+00
      vertex   -1.110169e+01 -1.325000e+00 -4.471842e+00
      vertex   -1.126100e+01 -1.325000e+00 -4.190772e+00
    endloop
  endfacet
  facet normal -8.808426e-01 5.530945e-04 -4.734090e-01
    outer loop
      vertex   -1.120107e+01 1.200000e+00 -4.299336e+00
      vertex   -1.126100e+01 -1.325000e+00 -4.190772e+00
      vertex   -1.135418e+01 1.200000e+00 -4.014454e+00
    endloop
  endfacet
  facet normal -8.873778e-01 -5.515827e-04 -4.610427e-01
    outer loop
      vertex   -1.135418e+01 1.200000e+00 -4.014454e+00
      vertex   -1.126100e+01 -1.325000e+00 -4.190772e+00
      vertex   -1.140996e+01 -1.325000e+00 -3.904077e+00
    endloop
  endfacet
  facet normal -8.975448e-01 5.525202e-04 -4.409230e-01
    outer loop
      vertex   -1.135418e+01 1.200000e+00 -4.014454e+00
      vertex   -1.140996e+01 -1.325000e+00 -3.904077e+00
      vertex   -1.149678e+01 1.200000e+00 -3.724170e+00
    endloop
  endfacet
  facet normal -9.036076e-01 -5.510059e-04 -4.283609e-01
    outer loop
      vertex   -1.149678e+01 1.200000e+00 -3.724170e+00
      vertex   -1.140996e+01 -1.325000e+00 -3.904077e+00
      vertex   -1.154835e+01 -1.325000e+00 -3.612138e+00
    endloop
  endfacet
  facet normal -9.130494e-01 5.519408e-04 -4.078487e-01
    outer loop
      vertex   -1.149678e+01 1.200000e+00 -3.724170e+00
      vertex   -1.154835e+01 -1.325000e+00 -3.612138e+00
      vertex   -1.162869e+01 1.200000e+00 -3.428872e+00
    endloop
  endfacet
  facet normal -9.186342e-01 -5.504239e-04 -3.951087e-01
    outer loop
      vertex   -1.162869e+01 1.200000e+00 -3.428872e+00
      vertex   -1.154835e+01 -1.325000e+00 -3.612138e+00
      vertex   -1.167600e+01 -1.325000e+00 -3.315345e+00
    endloop
  endfacet
  facet normal -9.273357e-01 5.513562e-04 -3.742302e-01
    outer loop
      vertex   -1.162869e+01 1.200000e+00 -3.428872e+00
      vertex   -1.167600e+01 -1.325000e+00 -3.315345e+00
      vertex   -1.174972e+01 1.200000e+00 -3.128953e+00
    endloop
  endfacet
  facet normal -9.324377e-01 -5.498367e-04 -3.613305e-01
    outer loop
      vertex   -1.174972e+01 1.200000e+00 -3.128953e+00
      vertex   -1.167600e+01 -1.325000e+00 -3.315345e+00
      vertex   -1.179274e+01 -1.325000e+00 -3.014092e+00
    endloop
  endfacet
  facet normal -9.403847e-01 5.507665e-04 -3.401123e-01
    outer loop
      vertex   -1.174972e+01 1.200000e+00 -3.128953e+00
      vertex   -1.179274e+01 -1.325000e+00 -3.014092e+00
      vertex   -1.185972e+01 1.200000e+00 -2.824814e+00
    endloop
  endfacet
  facet normal -9.449996e-01 -5.492444e-04 -3.270711e-01
    outer loop
      vertex   -1.185972e+01 1.200000e+00 -2.824814e+00
      vertex   -1.179274e+01 -1.325000e+00 -3.014092e+00
      vertex   -1.189841e+01 -1.325000e+00 -2.708780e+00
    endloop
  endfacet
  facet normal -9.521789e-01 5.501716e-04 -3.055407e-01
    outer loop
      vertex   -1.185972e+01 1.200000e+00 -2.824814e+00
      vertex   -1.189841e+01 -1.325000e+00 -2.708780e+00
      vertex   -1.195854e+01 1.200000e+00 -2.516860e+00
    endloop
  endfacet
  facet normal -9.563032e-01 -5.486470e-04 -2.923762e-01
    outer loop
      vertex   -1.195854e+01 1.200000e+00 -2.516860e+00
      vertex   -1.189841e+01 -1.325000e+00 -2.708780e+00
      vertex   -1.199287e+01 -1.325000e+00 -2.399817e+00
    endloop
  endfacet
  facet normal -9.627026e-01 5.495716e-04 -2.705613e-01
    outer loop
      vertex   -1.195854e+01 1.200000e+00 -2.516860e+00
      vertex   -1.199287e+01 -1.325000e+00 -2.399817e+00
      vertex   -1.204604e+01 1.200000e+00 -2.205503e+00
    endloop
  endfacet
  facet normal -9.663336e-01 -5.480444e-04 -2.572920e-01
    outer loop
      vertex   -1.204604e+01 1.200000e+00 -2.205503e+00
      vertex   -1.199287e+01 -1.325000e+00 -2.399817e+00
      vertex   -1.207600e+01 -1.325000e+00 -2.087613e+00
    endloop
  endfacet
  facet normal -9.719418e-01 5.489665e-04 -2.352210e-01
    outer loop
      vertex   -1.204604e+01 1.200000e+00 -2.205503e+00
      vertex   -1.207600e+01 -1.325000e+00 -2.087613e+00
      vertex   -1.212212e+01 1.200000e+00 -1.891157e+00
    endloop
  endfacet
  facet normal -9.750772e-01 -5.474367e-04 -2.218652e-01
    outer loop
      vertex   -1.212212e+01 1.200000e+00 -1.891157e+00
      vertex   -1.207600e+01 -1.325000e+00 -2.087613e+00
      vertex   -1.214768e+01 -1.325000e+00 -1.772584e+00
    endloop
  endfacet
  facet normal -9.798841e-01 5.483562e-04 -1.995668e-01
    outer loop
      vertex   -1.212212e+01 1.200000e+00 -1.891157e+00
      vertex   -1.214768e+01 -1.325000e+00 -1.772584e+00
      vertex   -1.218666e+01 1.200000e+00 -1.574243e+00
    endloop
  endfacet
  facet normal -9.825225e-01 -5.468239e-04 -1.861430e-01
    outer loop
      vertex   -1.218666e+01 1.200000e+00 -1.574243e+00
      vertex   -1.214768e+01 -1.325000e+00 -1.772584e+00
      vertex   -1.220782e+01 -1.325000e+00 -1.455149e+00
    endloop
  endfacet
  facet normal -9.865189e-01 5.477408e-04 -1.636463e-01
    outer loop
      vertex   -1.218666e+01 1.200000e+00 -1.574243e+00
      vertex   -1.220782e+01 -1.325000e+00 -1.455149e+00
      vertex   -1.223959e+01 1.200000e+00 -1.255183e+00
    endloop
  endfacet
  facet normal -9.886596e-01 -5.462059e-04 -1.501730e-01
    outer loop
      vertex   -1.223959e+01 1.200000e+00 -1.255183e+00
      vertex   -1.220782e+01 -1.325000e+00 -1.455149e+00
      vertex   -1.225634e+01 -1.325000e+00 -1.135732e+00
    endloop
  endfacet
  facet normal -9.918375e-01 5.471203e-04 -1.275074e-01
    outer loop
      vertex   -1.223959e+01 1.200000e+00 -1.255183e+00
      vertex   -1.225634e+01 -1.325000e+00 -1.135732e+00
      vertex   -1.228083e+01 1.200000e+00 -9.344028e-01
    endloop
  endfacet
  facet normal -9.934803e-01 -5.455828e-04 -1.140030e-01
    outer loop
      vertex   -1.228083e+01 1.200000e+00 -9.344028e-01
      vertex   -1.225634e+01 -1.325000e+00 -1.135732e+00
      vertex   -1.229317e+01 -1.325000e+00 -8.147570e-01
    endloop
  endfacet
  facet normal -9.958326e-01 5.464946e-04 -9.119846e-02
    outer loop
      vertex   -1.228083e+01 1.200000e+00 -9.344028e-01
      vertex   -1.229317e+01 -1.325000e+00 -8.147570e-01
      vertex   -1.231032e+01 1.200000e+00 -6.123306e-01
    endloop
  endfacet
  facet normal -9.969781e-01 -5.449545e-04 -7.768115e-02
    outer loop
      vertex   -1.231032e+01 1.200000e+00 -6.123306e-01
      vertex   -1.229317e+01 -1.325000e+00 -8.147570e-01
      vertex   -1.231827e+01 -1.325000e+00 -4.926522e-01
    endloop
  endfacet
  facet normal -9.984990e-01 5.458637e-04 -5.476780e-02
    outer loop
      vertex   -1.231032e+01 1.200000e+00 -6.123306e-01
      vertex   -1.231827e+01 -1.325000e+00 -4.926522e-01
      vertex   -1.232804e+01 1.200000e+00 -2.893960e-01
    endloop
  endfacet
  facet normal -9.991485e-01 -5.443211e-04 -4.125592e-02
    outer loop
      vertex   -1.232804e+01 1.200000e+00 -2.893960e-01
      vertex   -1.231827e+01 -1.325000e+00 -4.926522e-01
      vertex   -1.233160e+01 -1.325000e+00 -1.698462e-01
    endloop
  endfacet
  facet normal -9.998330e-01 5.452278e-04 -1.826406e-02
    outer loop
      vertex   -1.232804e+01 1.200000e+00 -2.893960e-01
      vertex   -1.233160e+01 -1.325000e+00 -1.698462e-01
      vertex   -1.233394e+01 1.200000e+00 3.397007e-02
    endloop
  endfacet
  facet normal -9.999884e-01 -5.436826e-04 -4.775758e-03
    outer loop
      vertex   -1.233394e+01 1.200000e+00 3.397007e-02
      vertex   -1.233160e+01 -1.325000e+00 -1.698462e-01
      vertex   -1.233314e+01 -1.325000e+00 1.532312e-01
    endloop
  endfacet
  facet normal -9.998330e-01 5.445867e-04 1.826406e-02
    outer loop
      vertex   -1.233394e+01 1.200000e+00 3.397007e-02
      vertex   -1.233314e+01 -1.325000e+00 1.532312e-01
      vertex   -1.232804e+01 1.200000e+00 3.573361e-01
    endloop
  endfacet
  facet normal -9.994969e-01 -5.430389e-04 3.171076e-02
    outer loop
      vertex   -1.232804e+01 1.200000e+00 3.573361e-01
      vertex   -1.233314e+01 -1.325000e+00 1.532312e-01
      vertex   -1.232289e+01 -1.325000e+00 4.761498e-01
    endloop
  endfacet
  facet normal -9.984990e-01 5.439404e-04 5.476780e-02
    outer loop
      vertex   -1.232804e+01 1.200000e+00 3.573361e-01
      vertex   -1.232289e+01 -1.325000e+00 4.761498e-01
      vertex   -1.231032e+01 1.200000e+00 6.802707e-01
    endloop
  endfacet
  facet normal -9.976746e-01 -5.423901e-04 6.815506e-02
    outer loop
      vertex   -1.231032e+01 1.200000e+00 6.802707e-01
      vertex   -1.232289e+01 -1.325000e+00 4.761498e-01
      vertex   -1.230087e+01 -1.325000e+00 7.984797e-01
    endloop
  endfacet
  facet normal -9.958326e-01 5.432890e-04 9.119846e-02
    outer loop
      vertex   -1.231032e+01 1.200000e+00 6.802707e-01
      vertex   -1.230087e+01 -1.325000e+00 7.984797e-01
      vertex   -1.228083e+01 1.200000e+00 1.002343e+00
    endloop
  endfacet
  facet normal -9.945238e-01 -5.417361e-04 1.045086e-01
    outer loop
      vertex   -1.228083e+01 1.200000e+00 1.002343e+00
      vertex   -1.230087e+01 -1.325000e+00 7.984797e-01
      vertex   -1.226711e+01 -1.325000e+00 1.119792e+00
    endloop
  endfacet
  facet normal -9.918375e-01 5.426325e-04 1.275074e-01
    outer loop
      vertex   -1.228083e+01 1.200000e+00 1.002343e+00
      vertex   -1.226711e+01 -1.325000e+00 1.119792e+00
      vertex   -1.223959e+01 1.200000e+00 1.323123e+00
    endloop
  endfacet
  facet normal -9.900489e-01 -5.410770e-04 1.407230e-01
    outer loop
      vertex   -1.223959e+01 1.200000e+00 1.323123e+00
      vertex   -1.226711e+01 -1.325000e+00 1.119792e+00
      vertex   -1.222164e+01 -1.325000e+00 1.439658e+00
    endloop
  endfacet
  facet normal -9.865189e-01 5.419708e-04 1.636463e-01
    outer loop
      vertex   -1.223959e+01 1.200000e+00 1.323123e+00
      vertex   -1.222164e+01 -1.325000e+00 1.439658e+00
      vertex   -1.218666e+01 1.200000e+00 1.642183e+00
    endloop
  endfacet
  facet normal -9.842556e-01 -5.404128e-04 1.767500e-01
    outer loop
      vertex   -1.218666e+01 1.200000e+00 1.642183e+00
      vertex   -1.222164e+01 -1.325000e+00 1.439658e+00
      vertex   -1.216454e+01 -1.325000e+00 1.757652e+00
    endloop
  endfacet
  facet normal -9.798841e-01 5.413040e-04 1.995668e-01
    outer loop
      vertex   -1.218666e+01 1.200000e+00 1.642183e+00
      vertex   -1.216454e+01 -1.325000e+00 1.757652e+00
      vertex   -1.212212e+01 1.200000e+00 1.959097e+00
    endloop
  endfacet
  facet normal -9.771518e-01 -5.397434e-04 2.125417e-01
    outer loop
      vertex   -1.212212e+01 1.200000e+00 1.959097e+00
      vertex   -1.216454e+01 -1.325000e+00 1.757652e+00
      vertex   -1.209587e+01 -1.325000e+00 2.073351e+00
    endloop
  endfacet
  facet normal -9.719418e-01 5.406321e-04 2.352210e-01
    outer loop
      vertex   -1.212212e+01 1.200000e+00 1.959097e+00
      vertex   -1.209587e+01 -1.325000e+00 2.073351e+00
      vertex   -1.204604e+01 1.200000e+00 2.273443e+00
    endloop
  endfacet
  facet normal -9.687470e-01 -5.390689e-04 2.480504e-01
    outer loop
      vertex   -1.204604e+01 1.200000e+00 2.273443e+00
      vertex   -1.209587e+01 -1.325000e+00 2.073351e+00
      vertex   -1.201573e+01 -1.325000e+00 2.386335e+00
    endloop
  endfacet
  facet normal -9.627026e-01 5.399550e-04 2.705613e-01
    outer loop
      vertex   -1.204604e+01 1.200000e+00 2.273443e+00
      vertex   -1.201573e+01 -1.325000e+00 2.386335e+00
      vertex   -1.195854e+01 1.200000e+00 2.584800e+00
    endloop
  endfacet
  facet normal -9.590522e-01 -5.383892e-04 2.832288e-01
    outer loop
      vertex   -1.195854e+01 1.200000e+00 2.584800e+00
      vertex   -1.201573e+01 -1.325000e+00 2.386335e+00
      vertex   -1.192423e+01 -1.325000e+00 2.696187e+00
    endloop
  endfacet
  facet normal -9.521789e-01 5.392728e-04 3.055407e-01
    outer loop
      vertex   -1.195854e+01 1.200000e+00 2.584800e+00
      vertex   -1.192423e+01 -1.325000e+00 2.696187e+00
      vertex   -1.185972e+01 1.200000e+00 2.892754e+00
    endloop
  endfacet
  facet normal -9.480805e-01 -5.377045e-04 3.180301e-01
    outer loop
      vertex   -1.185972e+01 1.200000e+00 2.892754e+00
      vertex   -1.192423e+01 -1.325000e+00 2.696187e+00
      vertex   -1.182148e+01 -1.325000e+00 3.002494e+00
    endloop
  endfacet
  facet normal -9.403847e-01 5.385854e-04 3.401123e-01
    outer loop
      vertex   -1.185972e+01 1.200000e+00 2.892754e+00
      vertex   -1.182148e+01 -1.325000e+00 3.002494e+00
      vertex   -1.174972e+01 1.200000e+00 3.196893e+00
    endloop
  endfacet
  facet normal -9.358464e-01 -5.370145e-04 3.524079e-01
    outer loop
      vertex   -1.174972e+01 1.200000e+00 3.196893e+00
      vertex   -1.182148e+01 -1.325000e+00 3.002494e+00
      vertex   -1.170762e+01 -1.325000e+00 3.304848e+00
    endloop
  endfacet
  facet normal -9.273357e-01 5.378929e-04 3.742302e-01
    outer loop
      vertex   -1.174972e+01 1.200000e+00 3.196893e+00
      vertex   -1.170762e+01 -1.325000e+00 3.304848e+00
      vertex   -1.162869e+01 1.200000e+00 3.496812e+00
    endloop
  endfacet
  facet normal -9.223661e-01 -5.363195e-04 3.863165e-01
    outer loop
      vertex   -1.162869e+01 1.200000e+00 3.496812e+00
      vertex   -1.170762e+01 -1.325000e+00 3.304848e+00
      vertex   -1.158281e+01 -1.325000e+00 3.602847e+00
    endloop
  endfacet
  facet normal -9.130494e-01 5.371953e-04 4.078487e-01
    outer loop
      vertex   -1.162869e+01 1.200000e+00 3.496812e+00
      vertex   -1.158281e+01 -1.325000e+00 3.602847e+00
      vertex   -1.149678e+01 1.200000e+00 3.792110e+00
    endloop
  endfacet
  facet normal -9.076578e-01 -5.356192e-04 4.197107e-01
    outer loop
      vertex   -1.149678e+01 1.200000e+00 3.792110e+00
      vertex   -1.158281e+01 -1.325000e+00 3.602847e+00
      vertex   -1.144721e+01 -1.325000e+00 3.896094e+00
    endloop
  endfacet
  facet normal -8.975448e-01 5.364925e-04 4.409230e-01
    outer loop
      vertex   -1.149678e+01 1.200000e+00 3.792110e+00
      vertex   -1.144721e+01 -1.325000e+00 3.896094e+00
      vertex   -1.135418e+01 1.200000e+00 4.082394e+00
    endloop
  endfacet
  facet normal -8.917409e-01 -5.349139e-04 4.525460e-01
    outer loop
      vertex   -1.135418e+01 1.200000e+00 4.082394e+00
      vertex   -1.144721e+01 -1.325000e+00 3.896094e+00
      vertex   -1.130100e+01 -1.325000e+00 4.184199e+00
    endloop
  endfacet
  facet normal -8.808426e-01 5.357846e-04 4.734090e-01
    outer loop
      vertex   -1.135418e+01 1.200000e+00 4.082394e+00
      vertex   -1.130100e+01 -1.325000e+00 4.184199e+00
      vertex   -1.120107e+01 1.200000e+00 4.367277e+00
    endloop
  endfacet
  facet normal -8.746366e-01 -5.342034e-04 4.847788e-01
    outer loop
      vertex   -1.120107e+01 1.200000e+00 4.367277e+00
      vertex   -1.130100e+01 -1.325000e+00 4.184199e+00
      vertex   -1.114438e+01 -1.325000e+00 4.466778e+00
    endloop
  endfacet
  facet normal -8.629651e-01 5.350715e-04 5.052633e-01
    outer loop
      vertex   -1.120107e+01 1.200000e+00 4.367277e+00
      vertex   -1.114438e+01 -1.325000e+00 4.466778e+00
      vertex   -1.103766e+01 1.200000e+00 4.646377e+00
    endloop
  endfacet
  facet normal -8.563678e-01 -5.334878e-04 5.163661e-01
    outer loop
      vertex   -1.103766e+01 1.200000e+00 4.646377e+00
      vertex   -1.114438e+01 -1.325000e+00 4.466778e+00
      vertex   -1.097755e+01 -1.325000e+00 4.743454e+00
    endloop
  endfacet
  facet normal -8.439361e-01 5.343533e-04 5.364434e-01
    outer loop
      vertex   -1.103766e+01 1.200000e+00 4.646377e+00
      vertex   -1.097755e+01 -1.325000e+00 4.743454e+00
      vertex   -1.086416e+01 1.200000e+00 4.919323e+00
    endloop
  endfacet
  facet normal -8.369587e-01 -5.327670e-04 5.472658e-01
    outer loop
      vertex   -1.086416e+01 1.200000e+00 4.919323e+00
      vertex   -1.097755e+01 -1.325000e+00 4.743454e+00
      vertex   -1.080074e+01 -1.325000e+00 5.013860e+00
    endloop
  endfacet
  facet normal -8.237811e-01 5.336300e-04 5.669078e-01
    outer loop
      vertex   -1.086416e+01 1.200000e+00 4.919323e+00
      vertex   -1.080074e+01 -1.325000e+00 5.013860e+00
      vertex   -1.068081e+01 1.200000e+00 5.185750e+00
    endloop
  endfacet
  facet normal -8.164351e-01 -5.320411e-04 5.774369e-01
    outer loop
      vertex   -1.068081e+01 1.200000e+00 5.185750e+00
      vertex   -1.080074e+01 -1.325000e+00 5.013860e+00
      vertex   -1.061418e+01 -1.325000e+00 5.277634e+00
    endloop
  endfacet
  facet normal -8.025269e-01 5.329015e-04 5.966157e-01
    outer loop
      vertex   -1.068081e+01 1.200000e+00 5.185750e+00
      vertex   -1.061418e+01 -1.325000e+00 5.277634e+00
      vertex   -1.048785e+01 1.200000e+00 5.445303e+00
    endloop
  endfacet
  facet normal -7.948245e-01 -5.313101e-04 6.068391e-01
    outer loop
      vertex   -1.048785e+01 1.200000e+00 5.445303e+00
      vertex   -1.061418e+01 -1.325000e+00 5.277634e+00
      vertex   -1.041812e+01 -1.325000e+00 5.534427e+00
    endloop
  endfacet
  facet normal -7.802018e-01 5.321679e-04 6.255276e-01
    outer loop
      vertex   -1.048785e+01 1.200000e+00 5.445303e+00
      vertex   -1.041812e+01 -1.325000e+00 5.534427e+00
      vertex   -1.028554e+01 1.200000e+00 5.697636e+00
    endloop
  endfacet
  facet normal -7.721556e-01 -5.305739e-04 6.354333e-01
    outer loop
      vertex   -1.028554e+01 1.200000e+00 5.697636e+00
      vertex   -1.041812e+01 -1.325000e+00 5.534427e+00
      vertex   -1.021282e+01 -1.325000e+00 5.783896e+00
    endloop
  endfacet
  facet normal -7.568358e-01 5.314291e-04 6.536048e-01
    outer loop
      vertex   -1.028554e+01 1.200000e+00 5.697636e+00
      vertex   -1.021282e+01 -1.325000e+00 5.783896e+00
      vertex   -1.007416e+01 1.200000e+00 5.942412e+00
    endloop
  endfacet
  facet normal -7.484585e-01 -5.298325e-04 6.631814e-01
    outer loop
      vertex   -1.007416e+01 1.200000e+00 5.942412e+00
      vertex   -1.021282e+01 -1.325000e+00 5.783896e+00
      vertex   -9.998561e+00 -1.325000e+00 6.025709e+00
    endloop
  endfacet
  facet normal -7.324599e-01 5.306852e-04 6.808100e-01
    outer loop
      vertex   -1.007416e+01 1.200000e+00 5.942412e+00
      vertex   -9.998561e+00 -1.325000e+00 6.025709e+00
      vertex   -9.853967e+00 1.200000e+00 6.179304e+00
    endloop
  endfacet
  facet normal -7.237649e-01 -5.290861e-04 6.900464e-01
    outer loop
      vertex   -9.853967e+00 1.200000e+00 6.179304e+00
      vertex   -9.998561e+00 -1.325000e+00 6.025709e+00
      vertex   -9.775620e+00 -1.325000e+00 6.259544e+00
    endloop
  endfacet
  facet normal -7.071067e-01 5.299362e-04 7.071067e-01
    outer loop
      vertex   -9.853967e+00 1.200000e+00 6.179304e+00
      vertex   -9.775620e+00 -1.325000e+00 6.259544e+00
      vertex   -9.625275e+00 1.200000e+00 6.407997e+00
    endloop
  endfacet
  facet normal -6.981076e-01 -5.283345e-04 7.159927e-01
    outer loop
      vertex   -9.625275e+00 1.200000e+00 6.407997e+00
      vertex   -9.775620e+00 -1.325000e+00 6.259544e+00
      vertex   -9.544296e+00 -1.325000e+00 6.485089e+00
    endloop
  endfacet
  facet normal -6.808100e-01 5.291820e-04 7.324599e-01
    outer loop
      vertex   -9.625275e+00 1.200000e+00 6.407997e+00
      vertex   -9.544296e+00 -1.325000e+00 6.485089e+00
      vertex   -9.388383e+00 1.200000e+00 6.628184e+00
    endloop
  endfacet
  facet normal -6.715207e-01 -5.275777e-04 7.409856e-01
    outer loop
      vertex   -9.388383e+00 1.200000e+00 6.628184e+00
      vertex   -9.544296e+00 -1.325000e+00 6.485089e+00
      vertex   -9.304898e+00 -1.325000e+00 6.702045e+00
    endloop
  endfacet
  facet normal -6.536048e-01 5.284227e-04 7.568358e-01
    outer loop
      vertex   -9.388383e+00 1.200000e+00 6.628184e+00
      vertex   -9.304898e+00 -1.325000e+00 6.702045e+00
      vertex   -9.143607e+00 1.200000e+00 6.839573e+00
    endloop
  endfacet
  facet normal -6.440397e-01 -5.268158e-04 7.649919e-01
    outer loop
      vertex   -9.143607e+00 1.200000e+00 6.839573e+00
      vertex   -9.304898e+00 -1.325000e+00 6.702045e+00
      vertex   -9.057744e+00 -1.325000e+00 6.910122e+00
    endloop
  endfacet
  facet normal -6.255276e-01 5.276582e-04 7.802018e-01
    outer loop
      vertex   -9.143607e+00 1.200000e+00 6.839573e+00
      vertex   -9.057744e+00 -1.325000e+00 6.910122e+00
      vertex   -8.891274e+00 1.200000e+00 7.041881e+00
    endloop
  endfacet
  facet normal -6.157011e-01 -5.260488e-04 7.879796e-01
    outer loop
      vertex   -8.891274e+00 1.200000e+00 7.041881e+00
      vertex   -9.057744e+00 -1.325000e+00 6.910122e+00
      vertex   -8.803162e+00 -1.325000e+00 7.109043e+00
    endloop
  endfacet
  facet normal -5.966157e-01 5.268887e-04 8.025269e-01
    outer loop
      vertex   -8.891274e+00 1.200000e+00 7.041881e+00
      vertex   -8.803162e+00 -1.325000e+00 7.109043e+00
      vertex   -8.631721e+00 1.200000e+00 7.234839e+00
    endloop
  endfacet
  facet normal -5.865427e-01 -5.252767e-04 8.099181e-01
    outer loop
      vertex   -8.631721e+00 1.200000e+00 7.234839e+00
      vertex   -8.803162e+00 -1.325000e+00 7.109043e+00
      vertex   -8.541493e+00 -1.325000e+00 7.298544e+00
    endloop
  endfacet
  facet normal -5.669078e-01 5.261139e-04 8.237811e-01
    outer loop
      vertex   -8.631721e+00 1.200000e+00 7.234839e+00
      vertex   -8.541493e+00 -1.325000e+00 7.298544e+00
      vertex   -8.365293e+00 1.200000e+00 7.418188e+00
    endloop
  endfacet
  facet normal -5.566034e-01 -5.244994e-04 8.307782e-01
    outer loop
      vertex   -8.365293e+00 1.200000e+00 7.418188e+00
      vertex   -8.541493e+00 -1.325000e+00 7.298544e+00
      vertex   -8.273084e+00 -1.325000e+00 7.478372e+00
    endloop
  endfacet
  facet normal -5.364434e-01 5.253341e-04 8.439361e-01
    outer loop
      vertex   -8.365293e+00 1.200000e+00 7.418188e+00
      vertex   -8.273084e+00 -1.325000e+00 7.478372e+00
      vertex   -8.092348e+00 1.200000e+00 7.591685e+00
    endloop
  endfacet
  facet normal -5.259229e-01 -5.237169e-04 8.505321e-01
    outer loop
      vertex   -8.092348e+00 1.200000e+00 7.591685e+00
      vertex   -8.273084e+00 -1.325000e+00 7.478372e+00
      vertex   -7.998293e+00 -1.325000e+00 7.648288e+00
    endloop
  endfacet
  facet normal -5.052633e-01 5.245490e-04 8.629651e-01
    outer loop
      vertex   -8.092348e+00 1.200000e+00 7.591685e+00
      vertex   -7.998293e+00 -1.325000e+00 7.648288e+00
      vertex   -7.813247e+00 1.200000e+00 7.755097e+00
    endloop
  endfacet
  facet normal -4.945422e-01 -5.229294e-04 8.691535e-01
    outer loop
      vertex   -7.813247e+00 1.200000e+00 7.755097e+00
      vertex   -7.998293e+00 -1.325000e+00 7.648288e+00
      vertex   -7.717486e+00 -1.325000e+00 7.808065e+00
    endloop
  endfacet
  facet normal -4.734090e-01 5.237589e-04 8.808426e-01
    outer loop
      vertex   -7.813247e+00 1.200000e+00 7.755097e+00
      vertex   -7.717486e+00 -1.325000e+00 7.808065e+00
      vertex   -7.528365e+00 1.200000e+00 7.908207e+00
    endloop
  endfacet
  facet normal -4.625029e-01 -5.221366e-04 8.866176e-01
    outer loop
      vertex   -7.528365e+00 1.200000e+00 7.908207e+00
      vertex   -7.717486e+00 -1.325000e+00 7.808065e+00
      vertex   -7.431037e+00 -1.325000e+00 7.957491e+00
    endloop
  endfacet
  facet normal -4.409230e-01 5.229636e-04 8.975448e-01
    outer loop
      vertex   -7.528365e+00 1.200000e+00 7.908207e+00
      vertex   -7.431037e+00 -1.325000e+00 7.957491e+00
      vertex   -7.238081e+00 1.200000e+00 8.050810e+00
    endloop
  endfacet
  facet normal -4.298479e-01 -5.213388e-04 9.029012e-01
    outer loop
      vertex   -7.238081e+00 1.200000e+00 8.050810e+00
      vertex   -7.431037e+00 -1.325000e+00 7.957491e+00
      vertex   -7.139326e+00 -1.325000e+00 8.096367e+00
    endloop
  endfacet
  facet normal -4.078487e-01 5.221632e-04 9.130494e-01
    outer loop
      vertex   -7.238081e+00 1.200000e+00 8.050810e+00
      vertex   -7.139326e+00 -1.325000e+00 8.096367e+00
      vertex   -6.942783e+00 1.200000e+00 8.182717e+00
    endloop
  endfacet
  facet normal -3.966205e-01 -5.205358e-04 9.179825e-01
    outer loop
      vertex   -6.942783e+00 1.200000e+00 8.182717e+00
      vertex   -7.139326e+00 -1.325000e+00 8.096367e+00
      vertex   -6.842744e+00 -1.325000e+00 8.224508e+00
    endloop
  endfacet
  facet normal -3.742302e-01 5.213576e-04 9.273357e-01
    outer loop
      vertex   -6.942783e+00 1.200000e+00 8.182717e+00
      vertex   -6.842744e+00 -1.325000e+00 8.224508e+00
      vertex   -6.642864e+00 1.200000e+00 8.303750e+00
    endloop
  endfacet
  facet normal -3.628649e-01 -5.197277e-04 9.318416e-01
    outer loop
      vertex   -6.642864e+00 1.200000e+00 8.303750e+00
      vertex   -6.842744e+00 -1.325000e+00 8.224508e+00
      vertex   -6.541683e+00 -1.325000e+00 8.341742e+00
    endloop
  endfacet
  facet normal -3.401123e-01 5.205469e-04 9.403847e-01
    outer loop
      vertex   -6.642864e+00 1.200000e+00 8.303750e+00
      vertex   -6.541683e+00 -1.325000e+00 8.341742e+00
      vertex   -6.338725e+00 1.200000e+00 8.413749e+00
    endloop
  endfacet
  facet normal -3.286263e-01 -5.189144e-04 9.444599e-01
    outer loop
      vertex   -6.338725e+00 1.200000e+00 8.413749e+00
      vertex   -6.541683e+00 -1.325000e+00 8.341742e+00
      vertex   -6.236546e+00 -1.325000e+00 8.447915e+00
    endloop
  endfacet
  facet normal -3.055407e-01 5.197311e-04 9.521789e-01
    outer loop
      vertex   -6.338725e+00 1.200000e+00 8.413749e+00
      vertex   -6.236546e+00 -1.325000e+00 8.447915e+00
      vertex   -6.030771e+00 1.200000e+00 8.512567e+00
    endloop
  endfacet
  facet normal -2.939500e-01 -5.180960e-04 9.558206e-01
    outer loop
      vertex   -6.030771e+00 1.200000e+00 8.512567e+00
      vertex   -6.236546e+00 -1.325000e+00 8.447915e+00
      vertex   -5.927738e+00 -1.325000e+00 8.542885e+00
    endloop
  endfacet
  facet normal -2.705613e-01 5.189101e-04 9.627026e-01
    outer loop
      vertex   -6.030771e+00 1.200000e+00 8.512567e+00
      vertex   -5.927738e+00 -1.325000e+00 8.542885e+00
      vertex   -5.719414e+00 1.200000e+00 8.600072e+00
    endloop
  endfacet
  facet normal -2.588824e-01 -5.172724e-04 9.659087e-01
    outer loop
      vertex   -5.719414e+00 1.200000e+00 8.600072e+00
      vertex   -5.927738e+00 -1.325000e+00 8.542885e+00
      vertex   -5.615671e+00 -1.325000e+00 8.626525e+00
    endloop
  endfacet
  facet normal -2.352210e-01 5.180840e-04 9.719418e-01
    outer loop
      vertex   -5.719414e+00 1.200000e+00 8.600072e+00
      vertex   -5.615671e+00 -1.325000e+00 8.626525e+00
      vertex   -5.405068e+00 1.200000e+00 8.676147e+00
    endloop
  endfacet
  facet normal -2.234701e-01 -5.164437e-04 9.747107e-01
    outer loop
      vertex   -5.405068e+00 1.200000e+00 8.676147e+00
      vertex   -5.615671e+00 -1.325000e+00 8.626525e+00
      vertex   -5.300761e+00 -1.325000e+00 8.698724e+00
    endloop
  endfacet
  facet normal -1.995668e-01 -4.353544e-04 9.798841e-01
    outer loop
      vertex   -5.088154e+00 -1.132500e+01 8.740691e+00
      vertex   -5.300761e+00 -8.325000e+00 8.698724e+00
      vertex   -5.405068e+00 -1.132500e+01 8.676147e+00
    endloop
  endfacet
  facet normal -2.234701e-01 4.346735e-04 9.747107e-01
    outer loop
      vertex   -5.405068e+00 -1.132500e+01 8.676147e+00
      vertex   -5.300761e+00 -8.325000e+00 8.698724e+00
      vertex   -5.615671e+00 -8.325000e+00 8.626525e+00
    endloop
  endfacet
  facet normal -2.352210e-01 -4.360540e-04 9.719418e-01
    outer loop
      vertex   -5.405068e+00 -1.132500e+01 8.676147e+00
      vertex   -5.615671e+00 -8.325000e+00 8.626525e+00
      vertex   -5.719414e+00 -1.132500e+01 8.600072e+00
    endloop
  endfacet
  facet normal -2.588824e-01 4.353710e-04 9.659087e-01
    outer loop
      vertex   -5.719414e+00 -1.132500e+01 8.600072e+00
      vertex   -5.615671e+00 -8.325000e+00 8.626525e+00
      vertex   -5.927738e+00 -8.325000e+00 8.542885e+00
    endloop
  endfacet
  facet normal -2.705613e-01 -4.367493e-04 9.627026e-01
    outer loop
      vertex   -5.719414e+00 -1.132500e+01 8.600072e+00
      vertex   -5.927738e+00 -8.325000e+00 8.542885e+00
      vertex   -6.030771e+00 -1.132500e+01 8.512567e+00
    endloop
  endfacet
  facet normal -2.939500e-01 4.360641e-04 9.558207e-01
    outer loop
      vertex   -6.030771e+00 -1.132500e+01 8.512567e+00
      vertex   -5.927738e+00 -8.325000e+00 8.542885e+00
      vertex   -6.236546e+00 -8.325000e+00 8.447915e+00
    endloop
  endfacet
  facet normal -3.055407e-01 -4.374403e-04 9.521789e-01
    outer loop
      vertex   -6.030771e+00 -1.132500e+01 8.512567e+00
      vertex   -6.236546e+00 -8.325000e+00 8.447915e+00
      vertex   -6.338725e+00 -1.132500e+01 8.413749e+00
    endloop
  endfacet
  facet normal -3.286263e-01 4.367530e-04 9.444599e-01
    outer loop
      vertex   -6.338725e+00 -1.132500e+01 8.413749e+00
      vertex   -6.236546e+00 -8.325000e+00 8.447915e+00
      vertex   -6.541683e+00 -8.325000e+00 8.341742e+00
    endloop
  endfacet
  facet normal -3.401123e-01 -4.381270e-04 9.403847e-01
    outer loop
      vertex   -6.338725e+00 -1.132500e+01 8.413749e+00
      vertex   -6.541683e+00 -8.325000e+00 8.341742e+00
      vertex   -6.642864e+00 -1.132500e+01 8.303750e+00
    endloop
  endfacet
  facet normal -3.628650e-01 4.374375e-04 9.318416e-01
    outer loop
      vertex   -6.642864e+00 -1.132500e+01 8.303750e+00
      vertex   -6.541683e+00 -8.325000e+00 8.341742e+00
      vertex   -6.842744e+00 -8.325000e+00 8.224508e+00
    endloop
  endfacet
  facet normal -3.742302e-01 -4.388094e-04 9.273357e-01
    outer loop
      vertex   -6.642864e+00 -1.132500e+01 8.303750e+00
      vertex   -6.842744e+00 -8.325000e+00 8.224508e+00
      vertex   -6.942783e+00 -1.132500e+01 8.182717e+00
    endloop
  endfacet
  facet normal -3.966205e-01 4.381176e-04 9.179826e-01
    outer loop
      vertex   -6.942783e+00 -1.132500e+01 8.182717e+00
      vertex   -6.842744e+00 -8.325000e+00 8.224508e+00
      vertex   -7.139326e+00 -8.325000e+00 8.096367e+00
    endloop
  endfacet
  facet normal -4.078487e-01 -4.394874e-04 9.130494e-01
    outer loop
      vertex   -6.942783e+00 -1.132500e+01 8.182717e+00
      vertex   -7.139326e+00 -8.325000e+00 8.096367e+00
      vertex   -7.238081e+00 -1.132500e+01 8.050810e+00
    endloop
  endfacet
  facet normal -4.298479e-01 4.387935e-04 9.029012e-01
    outer loop
      vertex   -7.238081e+00 -1.132500e+01 8.050810e+00
      vertex   -7.139326e+00 -8.325000e+00 8.096367e+00
      vertex   -7.431037e+00 -8.325000e+00 7.957491e+00
    endloop
  endfacet
  facet normal -4.409230e-01 -4.401611e-04 8.975448e-01
    outer loop
      vertex   -7.238081e+00 -1.132500e+01 8.050810e+00
      vertex   -7.431037e+00 -8.325000e+00 7.957491e+00
      vertex   -7.528365e+00 -1.132500e+01 7.908207e+00
    endloop
  endfacet
  facet normal -4.625029e-01 4.394650e-04 8.866176e-01
    outer loop
      vertex   -7.528365e+00 -1.132500e+01 7.908207e+00
      vertex   -7.431037e+00 -8.325000e+00 7.957491e+00
      vertex   -7.717486e+00 -8.325000e+00 7.808065e+00
    endloop
  endfacet
  facet normal -4.734090e-01 -4.408304e-04 8.808426e-01
    outer loop
      vertex   -7.528365e+00 -1.132500e+01 7.908207e+00
      vertex   -7.717486e+00 -8.325000e+00 7.808065e+00
      vertex   -7.813247e+00 -1.132500e+01 7.755097e+00
    endloop
  endfacet
  facet normal -4.945422e-01 4.401322e-04 8.691535e-01
    outer loop
      vertex   -7.813247e+00 -1.132500e+01 7.755097e+00
      vertex   -7.717486e+00 -8.325000e+00 7.808065e+00
      vertex   -7.998293e+00 -8.325000e+00 7.648288e+00
    endloop
  endfacet
  facet normal -5.052633e-01 -4.414955e-04 8.629651e-01
    outer loop
      vertex   -7.813247e+00 -1.132500e+01 7.755097e+00
      vertex   -7.998293e+00 -8.325000e+00 7.648288e+00
      vertex   -8.092348e+00 -1.132500e+01 7.591685e+00
    endloop
  endfacet
  facet normal -5.259229e-01 4.407951e-04 8.505321e-01
    outer loop
      vertex   -8.092348e+00 -1.132500e+01 7.591685e+00
      vertex   -7.998293e+00 -8.325000e+00 7.648288e+00
      vertex   -8.273084e+00 -8.325000e+00 7.478372e+00
    endloop
  endfacet
  facet normal -5.364435e-01 -4.421562e-04 8.439361e-01
    outer loop
      vertex   -8.092348e+00 -1.132500e+01 7.591685e+00
      vertex   -8.273084e+00 -8.325000e+00 7.478372e+00
      vertex   -8.365293e+00 -1.132500e+01 7.418188e+00
    endloop
  endfacet
  facet normal -5.566034e-01 4.414537e-04 8.307782e-01
    outer loop
      vertex   -8.365293e+00 -1.132500e+01 7.418188e+00
      vertex   -8.273084e+00 -8.325000e+00 7.478372e+00
      vertex   -8.541493e+00 -8.325000e+00 7.298544e+00
    endloop
  endfacet
  facet normal -5.669078e-01 -4.428126e-04 8.237811e-01
    outer loop
      vertex   -8.365293e+00 -1.132500e+01 7.418188e+00
      vertex   -8.541493e+00 -8.325000e+00 7.298544e+00
      vertex   -8.631721e+00 -1.132500e+01 7.234839e+00
    endloop
  endfacet
  facet normal -5.865428e-01 4.421079e-04 8.099181e-01
    outer loop
      vertex   -8.631721e+00 -1.132500e+01 7.234839e+00
      vertex   -8.541493e+00 -8.325000e+00 7.298544e+00
      vertex   -8.803162e+00 -8.325000e+00 7.109043e+00
    endloop
  endfacet
  facet normal -5.966158e-01 -4.434646e-04 8.025269e-01
    outer loop
      vertex   -8.631721e+00 -1.132500e+01 7.234839e+00
      vertex   -8.803162e+00 -8.325000e+00 7.109043e+00
      vertex   -8.891274e+00 -1.132500e+01 7.041881e+00
    endloop
  endfacet
  facet normal -6.157011e-01 4.427578e-04 7.879796e-01
    outer loop
      vertex   -8.891274e+00 -1.132500e+01 7.041881e+00
      vertex   -8.803162e+00 -8.325000e+00 7.109043e+00
      vertex   -9.057744e+00 -8.325000e+00 6.910122e+00
    endloop
  endfacet
  facet normal -6.255276e-01 -4.441124e-04 7.802019e-01
    outer loop
      vertex   -8.891274e+00 -1.132500e+01 7.041881e+00
      vertex   -9.057744e+00 -8.325000e+00 6.910122e+00
      vertex   -9.143607e+00 -1.132500e+01 6.839573e+00
    endloop
  endfacet
  facet normal -6.440397e-01 4.434034e-04 7.649920e-01
    outer loop
      vertex   -9.143607e+00 -1.132500e+01 6.839573e+00
      vertex   -9.057744e+00 -8.325000e+00 6.910122e+00
      vertex   -9.304898e+00 -8.325000e+00 6.702045e+00
    endloop
  endfacet
  facet normal -6.536049e-01 -4.447558e-04 7.568358e-01
    outer loop
      vertex   -9.143607e+00 -1.132500e+01 6.839573e+00
      vertex   -9.304898e+00 -8.325000e+00 6.702045e+00
      vertex   -9.388383e+00 -1.132500e+01 6.628184e+00
    endloop
  endfacet
  facet normal -6.715207e-01 4.440446e-04 7.409857e-01
    outer loop
      vertex   -9.388383e+00 -1.132500e+01 6.628184e+00
      vertex   -9.304898e+00 -8.325000e+00 6.702045e+00
      vertex   -9.544296e+00 -8.325000e+00 6.485089e+00
    endloop
  endfacet
  facet normal -6.808100e-01 -4.453949e-04 7.324599e-01
    outer loop
      vertex   -9.388383e+00 -1.132500e+01 6.628184e+00
      vertex   -9.544296e+00 -8.325000e+00 6.485089e+00
      vertex   -9.625275e+00 -1.132500e+01 6.407997e+00
    endloop
  endfacet
  facet normal -6.981076e-01 4.446815e-04 7.159927e-01
    outer loop
      vertex   -9.625275e+00 -1.132500e+01 6.407997e+00
      vertex   -9.544296e+00 -8.325000e+00 6.485089e+00
      vertex   -9.775620e+00 -8.325000e+00 6.259544e+00
    endloop
  endfacet
  facet normal -7.071067e-01 -4.460296e-04 7.071067e-01
    outer loop
      vertex   -9.625275e+00 -1.132500e+01 6.407997e+00
      vertex   -9.775620e+00 -8.325000e+00 6.259544e+00
      vertex   -9.853967e+00 -1.132500e+01 6.179304e+00
    endloop
  endfacet
  facet normal -7.237649e-01 4.453141e-04 6.900465e-01
    outer loop
      vertex   -9.853967e+00 -1.132500e+01 6.179304e+00
      vertex   -9.775620e+00 -8.325000e+00 6.259544e+00
      vertex   -9.998561e+00 -8.325000e+00 6.025709e+00
    endloop
  endfacet
  facet normal -7.324599e-01 -4.466601e-04 6.808100e-01
    outer loop
      vertex   -9.853967e+00 -1.132500e+01 6.179304e+00
      vertex   -9.998561e+00 -8.325000e+00 6.025709e+00
      vertex   -1.007416e+01 -1.132500e+01 5.942412e+00
    endloop
  endfacet
  facet normal -7.484586e-01 4.459424e-04 6.631814e-01
    outer loop
      vertex   -1.007416e+01 -1.132500e+01 5.942412e+00
      vertex   -9.998561e+00 -8.325000e+00 6.025709e+00
      vertex   -1.021282e+01 -8.325000e+00 5.783896e+00
    endloop
  endfacet
  facet normal -7.568358e-01 -4.472862e-04 6.536049e-01
    outer loop
      vertex   -1.007416e+01 -1.132500e+01 5.942412e+00
      vertex   -1.021282e+01 -8.325000e+00 5.783896e+00
      vertex   -1.028554e+01 -1.132500e+01 5.697636e+00
    endloop
  endfacet
  facet normal -7.721556e-01 4.465664e-04 6.354333e-01
    outer loop
      vertex   -1.028554e+01 -1.132500e+01 5.697636e+00
      vertex   -1.021282e+01 -8.325000e+00 5.783896e+00
      vertex   -1.041812e+01 -8.325000e+00 5.534427e+00
    endloop
  endfacet
  facet normal -7.802019e-01 -4.479080e-04 6.255276e-01
    outer loop
      vertex   -1.028554e+01 -1.132500e+01 5.697636e+00
      vertex   -1.041812e+01 -8.325000e+00 5.534427e+00
      vertex   -1.048785e+01 -1.132500e+01 5.445303e+00
    endloop
  endfacet
  facet normal -7.948246e-01 4.471860e-04 6.068391e-01
    outer loop
      vertex   -1.048785e+01 -1.132500e+01 5.445303e+00
      vertex   -1.041812e+01 -8.325000e+00 5.534427e+00
      vertex   -1.061418e+01 -8.325000e+00 5.277634e+00
    endloop
  endfacet
  facet normal -8.025269e-01 -4.485254e-04 5.966158e-01
    outer loop
      vertex   -1.048785e+01 -1.132500e+01 5.445303e+00
      vertex   -1.061418e+01 -8.325000e+00 5.277634e+00
      vertex   -1.068081e+01 -1.132500e+01 5.185750e+00
    endloop
  endfacet
  facet normal -8.164352e-01 4.478013e-04 5.774369e-01
    outer loop
      vertex   -1.068081e+01 -1.132500e+01 5.185750e+00
      vertex   -1.061418e+01 -8.325000e+00 5.277634e+00
      vertex   -1.080074e+01 -8.325000e+00 5.013860e+00
    endloop
  endfacet
  facet normal -8.237811e-01 -4.491386e-04 5.669078e-01
    outer loop
      vertex   -1.068081e+01 -1.132500e+01 5.185750e+00
      vertex   -1.080074e+01 -8.325000e+00 5.013860e+00
      vertex   -1.086416e+01 -1.132500e+01 4.919323e+00
    endloop
  endfacet
  facet normal -8.369587e-01 4.484122e-04 5.472659e-01
    outer loop
      vertex   -1.086416e+01 -1.132500e+01 4.919323e+00
      vertex   -1.080074e+01 -8.325000e+00 5.013860e+00
      vertex   -1.097755e+01 -8.325000e+00 4.743454e+00
    endloop
  endfacet
  facet normal -8.439361e-01 -4.497474e-04 5.364435e-01
    outer loop
      vertex   -1.086416e+01 -1.132500e+01 4.919323e+00
      vertex   -1.097755e+01 -8.325000e+00 4.743454e+00
      vertex   -1.103766e+01 -1.132500e+01 4.646377e+00
    endloop
  endfacet
  facet normal -8.563678e-01 4.490189e-04 5.163661e-01
    outer loop
      vertex   -1.103766e+01 -1.132500e+01 4.646377e+00
      vertex   -1.097755e+01 -8.325000e+00 4.743454e+00
      vertex   -1.114438e+01 -8.325000e+00 4.466778e+00
    endloop
  endfacet
  facet normal -8.629651e-01 -4.503519e-04 5.052633e-01
    outer loop
      vertex   -1.103766e+01 -1.132500e+01 4.646377e+00
      vertex   -1.114438e+01 -8.325000e+00 4.466778e+00
      vertex   -1.120107e+01 -1.132500e+01 4.367277e+00
    endloop
  endfacet
  facet normal -8.746367e-01 4.496212e-04 4.847788e-01
    outer loop
      vertex   -1.120107e+01 -1.132500e+01 4.367277e+00
      vertex   -1.114438e+01 -8.325000e+00 4.466778e+00
      vertex   -1.130100e+01 -8.325000e+00 4.184199e+00
    endloop
  endfacet
  facet normal -8.808426e-01 -4.509520e-04 4.734090e-01
    outer loop
      vertex   -1.120107e+01 -1.132500e+01 4.367277e+00
      vertex   -1.130100e+01 -8.325000e+00 4.184199e+00
      vertex   -1.135418e+01 -1.132500e+01 4.082394e+00
    endloop
  endfacet
  facet normal -8.917409e-01 4.502192e-04 4.525460e-01
    outer loop
      vertex   -1.135418e+01 -1.132500e+01 4.082394e+00
      vertex   -1.130100e+01 -8.325000e+00 4.184199e+00
      vertex   -1.144721e+01 -8.325000e+00 3.896094e+00
    endloop
  endfacet
  facet normal -8.975448e-01 -4.515478e-04 4.409230e-01
    outer loop
      vertex   -1.135418e+01 -1.132500e+01 4.082394e+00
      vertex   -1.144721e+01 -8.325000e+00 3.896094e+00
      vertex   -1.149678e+01 -1.132500e+01 3.792110e+00
    endloop
  endfacet
  facet normal -9.076578e-01 4.508129e-04 4.197107e-01
    outer loop
      vertex   -1.149678e+01 -1.132500e+01 3.792110e+00
      vertex   -1.144721e+01 -8.325000e+00 3.896094e+00
      vertex   -1.158281e+01 -8.325000e+00 3.602847e+00
    endloop
  endfacet
  facet normal -9.130494e-01 -4.521394e-04 4.078487e-01
    outer loop
      vertex   -1.149678e+01 -1.132500e+01 3.792110e+00
      vertex   -1.158281e+01 -8.325000e+00 3.602847e+00
      vertex   -1.162869e+01 -1.132500e+01 3.496812e+00
    endloop
  endfacet
  facet normal -9.223662e-01 4.514022e-04 3.863165e-01
    outer loop
      vertex   -1.162869e+01 -1.132500e+01 3.496812e+00
      vertex   -1.158281e+01 -8.325000e+00 3.602847e+00
      vertex   -1.170762e+01 -8.325000e+00 3.304848e+00
    endloop
  endfacet
  facet normal -9.273357e-01 -4.527265e-04 3.742302e-01
    outer loop
      vertex   -1.162869e+01 -1.132500e+01 3.496812e+00
      vertex   -1.170762e+01 -8.325000e+00 3.304848e+00
      vertex   -1.174972e+01 -1.132500e+01 3.196893e+00
    endloop
  endfacet
  facet normal -9.358464e-01 4.519872e-04 3.524079e-01
    outer loop
      vertex   -1.174972e+01 -1.132500e+01 3.196893e+00
      vertex   -1.170762e+01 -8.325000e+00 3.304848e+00
      vertex   -1.182148e+01 -8.325000e+00 3.002494e+00
    endloop
  endfacet
  facet normal -9.403847e-01 -4.533094e-04 3.401123e-01
    outer loop
      vertex   -1.174972e+01 -1.132500e+01 3.196893e+00
      vertex   -1.182148e+01 -8.325000e+00 3.002494e+00
      vertex   -1.185972e+01 -1.132500e+01 2.892754e+00
    endloop
  endfacet
  facet normal -9.480805e-01 4.525679e-04 3.180301e-01
    outer loop
      vertex   -1.185972e+01 -1.132500e+01 2.892754e+00
      vertex   -1.182148e+01 -8.325000e+00 3.002494e+00
      vertex   -1.192423e+01 -8.325000e+00 2.696187e+00
    endloop
  endfacet
  facet normal -9.521789e-01 -4.538879e-04 3.055407e-01
    outer loop
      vertex   -1.185972e+01 -1.132500e+01 2.892754e+00
      vertex   -1.192423e+01 -8.325000e+00 2.696187e+00
      vertex   -1.195854e+01 -1.132500e+01 2.584800e+00
    endloop
  endfacet
  facet normal -9.590523e-01 4.531443e-04 2.832288e-01
    outer loop
      vertex   -1.195854e+01 -1.132500e+01 2.584800e+00
      vertex   -1.192423e+01 -8.325000e+00 2.696187e+00
      vertex   -1.201573e+01 -8.325000e+00 2.386335e+00
    endloop
  endfacet
  facet normal -9.627026e-01 -4.544621e-04 2.705613e-01
    outer loop
      vertex   -1.195854e+01 -1.132500e+01 2.584800e+00
      vertex   -1.201573e+01 -8.325000e+00 2.386335e+00
      vertex   -1.204604e+01 -1.132500e+01 2.273443e+00
    endloop
  endfacet
  facet normal -9.687470e-01 4.537163e-04 2.480504e-01
    outer loop
      vertex   -1.204604e+01 -1.132500e+01 2.273443e+00
      vertex   -1.201573e+01 -8.325000e+00 2.386335e+00
      vertex   -1.209587e+01 -8.325000e+00 2.073351e+00
    endloop
  endfacet
  facet normal -9.719418e-01 -4.550320e-04 2.352210e-01
    outer loop
      vertex   -1.204604e+01 -1.132500e+01 2.273443e+00
      vertex   -1.209587e+01 -8.325000e+00 2.073351e+00
      vertex   -1.212212e+01 -1.132500e+01 1.959097e+00
    endloop
  endfacet
  facet normal -9.771519e-01 4.542841e-04 2.125417e-01
    outer loop
      vertex   -1.212212e+01 -1.132500e+01 1.959097e+00
      vertex   -1.209587e+01 -8.325000e+00 2.073351e+00
      vertex   -1.216454e+01 -8.325000e+00 1.757652e+00
    endloop
  endfacet
  facet normal -9.798841e-01 -4.555976e-04 1.995668e-01
    outer loop
      vertex   -1.212212e+01 -1.132500e+01 1.959097e+00
      vertex   -1.216454e+01 -8.325000e+00 1.757652e+00
      vertex   -1.218666e+01 -1.132500e+01 1.642183e+00
    endloop
  endfacet
  facet normal -9.842557e-01 4.548475e-04 1.767500e-01
    outer loop
      vertex   -1.218666e+01 -1.132500e+01 1.642183e+00
      vertex   -1.216454e+01 -8.325000e+00 1.757652e+00
      vertex   -1.222164e+01 -8.325000e+00 1.439658e+00
    endloop
  endfacet
  facet normal -9.865190e-01 -4.561588e-04 1.636463e-01
    outer loop
      vertex   -1.218666e+01 -1.132500e+01 1.642183e+00
      vertex   -1.222164e+01 -8.325000e+00 1.439658e+00
      vertex   -1.223959e+01 -1.132500e+01 1.323123e+00
    endloop
  endfacet
  facet normal -9.900489e-01 4.554065e-04 1.407230e-01
    outer loop
      vertex   -1.223959e+01 -1.132500e+01 1.323123e+00
      vertex   -1.222164e+01 -8.325000e+00 1.439658e+00
      vertex   -1.226711e+01 -8.325000e+00 1.119792e+00
    endloop
  endfacet
  facet normal -9.918375e-01 -4.567157e-04 1.275074e-01
    outer loop
      vertex   -1.223959e+01 -1.132500e+01 1.323123e+00
      vertex   -1.226711e+01 -8.325000e+00 1.119792e+00
      vertex   -1.228083e+01 -1.132500e+01 1.002343e+00
    endloop
  endfacet
  facet normal -9.945239e-01 4.559613e-04 1.045086e-01
    outer loop
      vertex   -1.228083e+01 -1.132500e+01 1.002343e+00
      vertex   -1.226711e+01 -8.325000e+00 1.119792e+00
      vertex   -1.230087e+01 -8.325000e+00 7.984797e-01
    endloop
  endfacet
  facet normal -9.958326e-01 -4.572683e-04 9.119846e-02
    outer loop
      vertex   -1.228083e+01 -1.132500e+01 1.002343e+00
      vertex   -1.230087e+01 -8.325000e+00 7.984797e-01
      vertex   -1.231032e+01 -1.132500e+01 6.802707e-01
    endloop
  endfacet
  facet normal -9.976746e-01 4.565117e-04 6.815507e-02
    outer loop
      vertex   -1.231032e+01 -1.132500e+01 6.802707e-01
      vertex   -1.230087e+01 -8.325000e+00 7.984797e-01
      vertex   -1.232289e+01 -8.325000e+00 4.761498e-01
    endloop
  endfacet
  facet normal -9.984990e-01 -4.578165e-04 5.476780e-02
    outer loop
      vertex   -1.231032e+01 -1.132500e+01 6.802707e-01
      vertex   -1.232289e+01 -8.325000e+00 4.761498e-01
      vertex   -1.232804e+01 -1.132500e+01 3.573361e-01
    endloop
  endfacet
  facet normal -9.994970e-01 4.570578e-04 3.171077e-02
    outer loop
      vertex   -1.232804e+01 -1.132500e+01 3.573361e-01
      vertex   -1.232289e+01 -8.325000e+00 4.761498e-01
      vertex   -1.233314e+01 -8.325000e+00 1.532312e-01
    endloop
  endfacet
  facet normal -9.998331e-01 -4.583605e-04 1.826406e-02
    outer loop
      vertex   -1.232804e+01 -1.132500e+01 3.573361e-01
      vertex   -1.233314e+01 -8.325000e+00 1.532312e-01
      vertex   -1.233394e+01 -1.132500e+01 3.397007e-02
    endloop
  endfacet
  facet normal -9.999885e-01 4.575995e-04 -4.775759e-03
    outer loop
      vertex   -1.233394e+01 -1.132500e+01 3.397007e-02
      vertex   -1.233314e+01 -8.325000e+00 1.532312e-01
      vertex   -1.233160e+01 -8.325000e+00 -1.698462e-01
    endloop
  endfacet
  facet normal -9.998331e-01 -4.589001e-04 -1.826406e-02
    outer loop
      vertex   -1.233394e+01 -1.132500e+01 3.397007e-02
      vertex   -1.233160e+01 -8.325000e+00 -1.698462e-01
      vertex   -1.232804e+01 -1.132500e+01 -2.893960e-01
    endloop
  endfacet
  facet normal -9.991485e-01 4.581370e-04 -4.125592e-02
    outer loop
      vertex   -1.232804e+01 -1.132500e+01 -2.893960e-01
      vertex   -1.233160e+01 -8.325000e+00 -1.698462e-01
      vertex   -1.231827e+01 -8.325000e+00 -4.926522e-01
    endloop
  endfacet
  facet normal -9.984990e-01 -4.594353e-04 -5.476780e-02
    outer loop
      vertex   -1.232804e+01 -1.132500e+01 -2.893960e-01
      vertex   -1.231827e+01 -8.325000e+00 -4.926522e-01
      vertex   -1.231032e+01 -1.132500e+01 -6.123306e-01
    endloop
  endfacet
  facet normal -9.969781e-01 4.586701e-04 -7.768116e-02
    outer loop
      vertex   -1.231032e+01 -1.132500e+01 -6.123306e-01
      vertex   -1.231827e+01 -8.325000e+00 -4.926522e-01
      vertex   -1.229317e+01 -8.325000e+00 -8.147570e-01
    endloop
  endfacet
  facet normal -9.958326e-01 -4.599663e-04 -9.119846e-02
    outer loop
      vertex   -1.231032e+01 -1.132500e+01 -6.123306e-01
      vertex   -1.229317e+01 -8.325000e+00 -8.147570e-01
      vertex   -1.228083e+01 -1.132500e+01 -9.344028e-01
    endloop
  endfacet
  facet normal -9.934803e-01 4.591989e-04 -1.140030e-01
    outer loop
      vertex   -1.228083e+01 -1.132500e+01 -9.344028e-01
      vertex   -1.229317e+01 -8.325000e+00 -8.147570e-01
      vertex   -1.225634e+01 -8.325000e+00 -1.135732e+00
    endloop
  endfacet
  facet normal -9.918375e-01 -4.604929e-04 -1.275074e-01
    outer loop
      vertex   -1.228083e+01 -1.132500e+01 -9.344028e-01
      vertex   -1.225634e+01 -8.325000e+00 -1.135732e+00
      vertex   -1.223959e+01 -1.132500e+01 -1.255183e+00
    endloop
  endfacet
  facet normal -9.886596e-01 4.597233e-04 -1.501730e-01
    outer loop
      vertex   -1.223959e+01 -1.132500e+01 -1.255183e+00
      vertex   -1.225634e+01 -8.325000e+00 -1.135732e+00
      vertex   -1.220782e+01 -8.325000e+00 -1.455149e+00
    endloop
  endfacet
  facet normal -9.865190e-01 -4.610152e-04 -1.636463e-01
    outer loop
      vertex   -1.223959e+01 -1.132500e+01 -1.255183e+00
      vertex   -1.220782e+01 -8.325000e+00 -1.455149e+00
      vertex   -1.218666e+01 -1.132500e+01 -1.574243e+00
    endloop
  endfacet
  facet normal -9.825226e-01 4.602435e-04 -1.861430e-01
    outer loop
      vertex   -1.218666e+01 -1.132500e+01 -1.574243e+00
      vertex   -1.220782e+01 -8.325000e+00 -1.455149e+00
      vertex   -1.214768e+01 -8.325000e+00 -1.772584e+00
    endloop
  endfacet
  facet normal -9.798841e-01 -4.615332e-04 -1.995668e-01
    outer loop
      vertex   -1.218666e+01 -1.132500e+01 -1.574243e+00
      vertex   -1.214768e+01 -8.325000e+00 -1.772584e+00
      vertex   -1.212212e+01 -1.132500e+01 -1.891157e+00
    endloop
  endfacet
  facet normal -9.750772e-01 4.607593e-04 -2.218652e-01
    outer loop
      vertex   -1.212212e+01 -1.132500e+01 -1.891157e+00
      vertex   -1.214768e+01 -8.325000e+00 -1.772584e+00
      vertex   -1.207600e+01 -8.325000e+00 -2.087613e+00
    endloop
  endfacet
  facet normal -9.719418e-01 -4.620468e-04 -2.352210e-01
    outer loop
      vertex   -1.212212e+01 -1.132500e+01 -1.891157e+00
      vertex   -1.207600e+01 -8.325000e+00 -2.087613e+00
      vertex   -1.204604e+01 -1.132500e+01 -2.205503e+00
    endloop
  endfacet
  facet normal -9.663336e-01 4.612708e-04 -2.572920e-01
    outer loop
      vertex   -1.204604e+01 -1.132500e+01 -2.205503e+00
      vertex   -1.207600e+01 -8.325000e+00 -2.087613e+00
      vertex   -1.199287e+01 -8.325000e+00 -2.399817e+00
    endloop
  endfacet
  facet normal -9.627026e-01 -4.625561e-04 -2.705613e-01
    outer loop
      vertex   -1.204604e+01 -1.132500e+01 -2.205503e+00
      vertex   -1.199287e+01 -8.325000e+00 -2.399817e+00
      vertex   -1.195854e+01 -1.132500e+01 -2.516860e+00
    endloop
  endfacet
  facet normal -9.563033e-01 4.617779e-04 -2.923762e-01
    outer loop
      vertex   -1.195854e+01 -1.132500e+01 -2.516860e+00
      vertex   -1.199287e+01 -8.325000e+00 -2.399817e+00
      vertex   -1.189841e+01 -8.325000e+00 -2.708780e+00
    endloop
  endfacet
  facet normal -9.521789e-01 -4.630611e-04 -3.055407e-01
    outer loop
      vertex   -1.195854e+01 -1.132500e+01 -2.516860e+00
      vertex   -1.189841e+01 -8.325000e+00 -2.708780e+00
      vertex   -1.185972e+01 -1.132500e+01 -2.824814e+00
    endloop
  endfacet
  facet normal -9.449996e-01 4.622808e-04 -3.270711e-01
    outer loop
      vertex   -1.185972e+01 -1.132500e+01 -2.824814e+00
      vertex   -1.189841e+01 -8.325000e+00 -2.708780e+00
      vertex   -1.179274e+01 -8.325000e+00 -3.014092e+00
    endloop
  endfacet
  facet normal -9.403847e-01 -4.635618e-04 -3.401123e-01
    outer loop
      vertex   -1.185972e+01 -1.132500e+01 -2.824814e+00
      vertex   -1.179274e+01 -8.325000e+00 -3.014092e+00
      vertex   -1.174972e+01 -1.132500e+01 -3.128953e+00
    endloop
  endfacet
  facet normal -9.324377e-01 4.627793e-04 -3.613305e-01
    outer loop
      vertex   -1.174972e+01 -1.132500e+01 -3.128953e+00
      vertex   -1.179274e+01 -8.325000e+00 -3.014092e+00
      vertex   -1.167600e+01 -8.325000e+00 -3.315345e+00
    endloop
  endfacet
  facet normal -9.273357e-01 -4.640582e-04 -3.742302e-01
    outer loop
      vertex   -1.174972e+01 -1.132500e+01 -3.128953e+00
      vertex   -1.167600e+01 -8.325000e+00 -3.315345e+00
      vertex   -1.162869e+01 -1.132500e+01 -3.428872e+00
    endloop
  endfacet
  facet normal -9.186342e-01 4.632734e-04 -3.951088e-01
    outer loop
      vertex   -1.162869e+01 -1.132500e+01 -3.428872e+00
      vertex   -1.167600e+01 -8.325000e+00 -3.315345e+00
      vertex   -1.154835e+01 -8.325000e+00 -3.612138e+00
    endloop
  endfacet
  facet normal -9.130494e-01 -4.645502e-04 -4.078487e-01
    outer loop
      vertex   -1.162869e+01 -1.132500e+01 -3.428872e+00
      vertex   -1.154835e+01 -8.325000e+00 -3.612138e+00
      vertex   -1.149678e+01 -1.132500e+01 -3.724170e+00
    endloop
  endfacet
  facet normal -9.036076e-01 4.637633e-04 -4.283609e-01
    outer loop
      vertex   -1.149678e+01 -1.132500e+01 -3.724170e+00
      vertex   -1.154835e+01 -8.325000e+00 -3.612138e+00
      vertex   -1.140996e+01 -8.325000e+00 -3.904077e+00
    endloop
  endfacet
  facet normal -8.975448e-01 -4.650379e-04 -4.409230e-01
    outer loop
      vertex   -1.149678e+01 -1.132500e+01 -3.724170e+00
      vertex   -1.140996e+01 -8.325000e+00 -3.904077e+00
      vertex   -1.135418e+01 -1.132500e+01 -4.014454e+00
    endloop
  endfacet
  facet normal -8.873778e-01 4.642488e-04 -4.610428e-01
    outer loop
      vertex   -1.135418e+01 -1.132500e+01 -4.014454e+00
      vertex   -1.140996e+01 -8.325000e+00 -3.904077e+00
      vertex   -1.126100e+01 -8.325000e+00 -4.190772e+00
    endloop
  endfacet
  facet normal -8.808426e-01 -4.655212e-04 -4.734090e-01
    outer loop
      vertex   -1.135418e+01 -1.132500e+01 -4.014454e+00
      vertex   -1.126100e+01 -8.325000e+00 -4.190772e+00
      vertex   -1.120107e+01 -1.132500e+01 -4.299336e+00
    endloop
  endfacet
  facet normal -8.699664e-01 4.647300e-04 -4.931107e-01
    outer loop
      vertex   -1.120107e+01 -1.132500e+01 -4.299336e+00
      vertex   -1.126100e+01 -8.325000e+00 -4.190772e+00
      vertex   -1.110169e+01 -8.325000e+00 -4.471842e+00
    endloop
  endfacet
  facet normal -8.629651e-01 -4.660003e-04 -5.052633e-01
    outer loop
      vertex   -1.120107e+01 -1.132500e+01 -4.299336e+00
      vertex   -1.110169e+01 -8.325000e+00 -4.471842e+00
      vertex   -1.103766e+01 -1.132500e+01 -4.578437e+00
    endloop
  endfacet
  facet normal -8.513967e-01 4.652069e-04 -5.245221e-01
    outer loop
      vertex   -1.103766e+01 -1.132500e+01 -4.578437e+00
      vertex   -1.110169e+01 -8.325000e+00 -4.471842e+00
      vertex   -1.093222e+01 -8.325000e+00 -4.746912e+00
    endloop
  endfacet
  facet normal -8.439361e-01 -4.664750e-04 -5.364435e-01
    outer loop
      vertex   -1.103766e+01 -1.132500e+01 -4.578437e+00
      vertex   -1.093222e+01 -8.325000e+00 -4.746912e+00
      vertex   -1.086416e+01 -1.132500e+01 -4.851382e+00
    endloop
  endfacet
  facet normal -8.316934e-01 4.656795e-04 -5.552350e-01
    outer loop
      vertex   -1.086416e+01 -1.132500e+01 -4.851382e+00
      vertex   -1.093222e+01 -8.325000e+00 -4.746912e+00
      vertex   -1.075284e+01 -8.325000e+00 -5.015616e+00
    endloop
  endfacet
  facet normal -8.237811e-01 -4.669454e-04 -5.669078e-01
    outer loop
      vertex   -1.086416e+01 -1.132500e+01 -4.851382e+00
      vertex   -1.075284e+01 -8.325000e+00 -5.015616e+00
      vertex   -1.068081e+01 -1.132500e+01 -5.117810e+00
    endloop
  endfacet
  facet normal -8.108826e-01 4.661477e-04 -5.852087e-01
    outer loop
      vertex   -1.068081e+01 -1.132500e+01 -5.117810e+00
      vertex   -1.075284e+01 -8.325000e+00 -5.015616e+00
      vertex   -1.056377e+01 -8.325000e+00 -5.277597e+00
    endloop
  endfacet
  facet normal -8.025269e-01 -4.674115e-04 -5.966158e-01
    outer loop
      vertex   -1.068081e+01 -1.132500e+01 -5.117810e+00
      vertex   -1.056377e+01 -8.325000e+00 -5.277597e+00
      vertex   -1.048785e+01 -1.132500e+01 -5.377363e+00
    endloop
  endfacet
  facet normal -7.889921e-01 4.666116e-04 -6.144031e-01
    outer loop
      vertex   -1.048785e+01 -1.132500e+01 -5.377363e+00
      vertex   -1.056377e+01 -8.325000e+00 -5.277597e+00
      vertex   -1.036527e+01 -8.325000e+00 -5.532506e+00
    endloop
  endfacet
  facet normal -7.802019e-01 -4.678732e-04 -6.255276e-01
    outer loop
      vertex   -1.048785e+01 -1.132500e+01 -5.377363e+00
      vertex   -1.036527e+01 -8.325000e+00 -5.532506e+00
      vertex   -1.028554e+01 -1.132500e+01 -5.629696e+00
    endloop
  endfacet
  facet normal -7.660511e-01 4.670712e-04 -6.427795e-01
    outer loop
      vertex   -1.028554e+01 -1.132500e+01 -5.629696e+00
      vertex   -1.036527e+01 -8.325000e+00 -5.532506e+00
      vertex   -1.015760e+01 -8.325000e+00 -5.780002e+00
    endloop
  endfacet
  facet normal -7.568358e-01 -4.683306e-04 -6.536049e-01
    outer loop
      vertex   -1.028554e+01 -1.132500e+01 -5.629696e+00
      vertex   -1.015760e+01 -8.325000e+00 -5.780002e+00
      vertex   -1.007416e+01 -1.132500e+01 -5.874472e+00
    endloop
  endfacet
  facet normal -7.420901e-01 4.675264e-04 -6.703000e-01
    outer loop
      vertex   -1.007416e+01 -1.132500e+01 -5.874472e+00
      vertex   -1.015760e+01 -8.325000e+00 -5.780002e+00
      vertex   -9.941034e+00 -8.325000e+00 -6.019757e+00
    endloop
  endfacet
  facet normal -7.324599e-01 -4.687837e-04 -6.808100e-01
    outer loop
      vertex   -1.007416e+01 -1.132500e+01 -5.874472e+00
      vertex   -9.941034e+00 -8.325000e+00 -6.019757e+00
      vertex   -9.853967e+00 -1.132500e+01 -6.111364e+00
    endloop
  endfacet
  facet normal -7.171410e-01 4.679774e-04 -6.969280e-01
    outer loop
      vertex   -9.853967e+00 -1.132500e+01 -6.111364e+00
      vertex   -9.941034e+00 -8.325000e+00 -6.019757e+00
      vertex   -9.715870e+00 -8.325000e+00 -6.251452e+00
    endloop
  endfacet
  facet normal -7.071067e-01 -4.692325e-04 -7.071067e-01
    outer loop
      vertex   -9.853967e+00 -1.132500e+01 -6.111364e+00
      vertex   -9.715870e+00 -8.325000e+00 -6.251452e+00
      vertex   -9.625275e+00 -1.132500e+01 -6.340056e+00
    endloop
  endfacet
  facet normal -6.912370e-01 4.684240e-04 -7.226280e-01
    outer loop
      vertex   -9.625275e+00 -1.132500e+01 -6.340056e+00
      vertex   -9.715870e+00 -8.325000e+00 -6.251452e+00
      vertex   -9.482403e+00 -8.325000e+00 -6.474778e+00
    endloop
  endfacet
  facet normal -6.808100e-01 -4.696769e-04 -7.324599e-01
    outer loop
      vertex   -9.625275e+00 -1.132500e+01 -6.340056e+00
      vertex   -9.482403e+00 -8.325000e+00 -6.474778e+00
      vertex   -9.388383e+00 -1.132500e+01 -6.560244e+00
    endloop
  endfacet
  facet normal -6.644126e-01 4.688663e-04 -7.473658e-01
    outer loop
      vertex   -9.388383e+00 -1.132500e+01 -6.560244e+00
      vertex   -9.482403e+00 -8.325000e+00 -6.474778e+00
      vertex   -9.240943e+00 -8.325000e+00 -6.689437e+00
    endloop
  endfacet
  facet normal -6.536049e-01 -4.701170e-04 -7.568358e-01
    outer loop
      vertex   -9.388383e+00 -1.132500e+01 -6.560244e+00
      vertex   -9.240943e+00 -8.325000e+00 -6.689437e+00
      vertex   -9.143607e+00 -1.132500e+01 -6.771633e+00
    endloop
  endfacet
  facet normal -6.367036e-01 4.693042e-04 -7.711085e-01
    outer loop
      vertex   -9.143607e+00 -1.132500e+01 -6.771633e+00
      vertex   -9.240943e+00 -8.325000e+00 -6.689437e+00
      vertex   -8.991812e+00 -8.325000e+00 -6.895144e+00
    endloop
  endfacet
  facet normal -6.255276e-01 -4.705528e-04 -7.802019e-01
    outer loop
      vertex   -9.143607e+00 -1.132500e+01 -6.771633e+00
      vertex   -8.991812e+00 -8.325000e+00 -6.895144e+00
      vertex   -8.891274e+00 -1.132500e+01 -6.973941e+00
    endloop
  endfacet
  facet normal -6.081467e-01 4.697378e-04 -7.938245e-01
    outer loop
      vertex   -8.891274e+00 -1.132500e+01 -6.973941e+00
      vertex   -8.991812e+00 -8.325000e+00 -6.895144e+00
      vertex   -8.735342e+00 -8.325000e+00 -7.091625e+00
    endloop
  endfacet
  facet normal -5.966158e-01 -4.709843e-04 -8.025269e-01
    outer loop
      vertex   -8.891274e+00 -1.132500e+01 -6.973941e+00
      vertex   -8.735342e+00 -8.325000e+00 -7.091625e+00
      vertex   -8.631721e+00 -1.132500e+01 -7.166899e+00
    endloop
  endfacet
  facet normal -5.787801e-01 4.701671e-04 -8.154835e-01
    outer loop
      vertex   -8.631721e+00 -1.132500e+01 -7.166899e+00
      vertex   -8.735342e+00 -8.325000e+00 -7.091625e+00
      vertex   -8.471875e+00 -8.325000e+00 -7.278618e+00
    endloop
  endfacet
  facet normal -5.669078e-01 -4.714114e-04 -8.237811e-01
    outer loop
      vertex   -8.631721e+00 -1.132500e+01 -7.166899e+00
      vertex   -8.471875e+00 -8.325000e+00 -7.278618e+00
      vertex   -8.365293e+00 -1.132500e+01 -7.350248e+00
    endloop
  endfacet
  facet normal -5.486429e-01 4.705921e-04 -8.360567e-01
    outer loop
      vertex   -8.365293e+00 -1.132500e+01 -7.350248e+00
      vertex   -8.471875e+00 -8.325000e+00 -7.278618e+00
      vertex   -8.201761e+00 -8.325000e+00 -7.455874e+00
    endloop
  endfacet
  facet normal -5.364435e-01 -4.718342e-04 -8.439361e-01
    outer loop
      vertex   -8.365293e+00 -1.132500e+01 -7.350248e+00
      vertex   -8.201761e+00 -8.325000e+00 -7.455874e+00
      vertex   -8.092348e+00 -1.132500e+01 -7.523745e+00
    endloop
  endfacet
  facet normal -5.177751e-01 4.710128e-04 -8.555166e-01
    outer loop
      vertex   -8.092348e+00 -1.132500e+01 -7.523745e+00
      vertex   -8.201761e+00 -8.325000e+00 -7.455874e+00
      vertex   -7.925360e+00 -8.325000e+00 -7.623157e+00
    endloop
  endfacet
  facet normal -5.052633e-01 -4.722527e-04 -8.629651e-01
    outer loop
      vertex   -8.092348e+00 -1.132500e+01 -7.523745e+00
      vertex   -7.925360e+00 -8.325000e+00 -7.623157e+00
      vertex   -7.813247e+00 -1.132500e+01 -7.687157e+00
    endloop
  endfacet
  facet normal -4.862180e-01 4.714291e-04 -8.738374e-01
    outer loop
      vertex   -7.813247e+00 -1.132500e+01 -7.687157e+00
      vertex   -7.925360e+00 -8.325000e+00 -7.623157e+00
      vertex   -7.643039e+00 -8.325000e+00 -7.780245e+00
    endloop
  endfacet
  facet normal -4.734090e-01 -4.726669e-04 -8.808426e-01
    outer loop
      vertex   -7.813247e+00 -1.132500e+01 -7.687157e+00
      vertex   -7.643039e+00 -8.325000e+00 -7.780245e+00
      vertex   -7.528365e+00 -1.132500e+01 -7.840267e+00
    endloop
  endfacet
  facet normal -4.540134e-01 4.718411e-04 -8.909947e-01
    outer loop
      vertex   -7.528365e+00 -1.132500e+01 -7.840267e+00
      vertex   -7.643039e+00 -8.325000e+00 -7.780245e+00
      vertex   -7.355176e+00 -8.325000e+00 -7.926928e+00
    endloop
  endfacet
  facet normal -4.409230e-01 -4.730767e-04 -8.975448e-01
    outer loop
      vertex   -7.528365e+00 -1.132500e+01 -7.840267e+00
      vertex   -7.355176e+00 -8.325000e+00 -7.926928e+00
      vertex   -7.238081e+00 -1.132500e+01 -7.982870e+00
    endloop
  endfacet
  facet normal -4.212043e-01 4.722487e-04 -9.069657e-01
    outer loop
      vertex   -7.238081e+00 -1.132500e+01 -7.982870e+00
      vertex   -7.355176e+00 -8.325000e+00 -7.926928e+00
      vertex   -7.062152e+00 -8.325000e+00 -8.063011e+00
    endloop
  endfacet
  facet normal -4.078487e-01 -4.734822e-04 -9.130494e-01
    outer loop
      vertex   -7.238081e+00 -1.132500e+01 -7.982870e+00
      vertex   -7.062152e+00 -8.325000e+00 -8.063011e+00
      vertex   -6.942783e+00 -1.132500e+01 -8.114777e+00
    endloop
  endfacet
  facet normal -3.878343e-01 4.726521e-04 -9.217290e-01
    outer loop
      vertex   -6.942783e+00 -1.132500e+01 -8.114777e+00
      vertex   -7.062152e+00 -8.325000e+00 -8.063011e+00
      vertex   -6.764359e+00 -8.325000e+00 -8.188313e+00
    endloop
  endfacet
  facet normal -3.742302e-01 -4.738834e-04 -9.273357e-01
    outer loop
      vertex   -6.942783e+00 -1.132500e+01 -8.114777e+00
      vertex   -6.764359e+00 -8.325000e+00 -8.188313e+00
      vertex   -6.642864e+00 -1.132500e+01 -8.235810e+00
    endloop
  endfacet
  facet normal -3.539480e-01 4.730511e-04 -9.352650e-01
    outer loop
      vertex   -6.642864e+00 -1.132500e+01 -8.235810e+00
      vertex   -6.764359e+00 -8.325000e+00 -8.188313e+00
      vertex   -6.462193e+00 -8.325000e+00 -8.302667e+00
    endloop
  endfacet
  facet normal -3.401123e-01 -4.742803e-04 -9.403847e-01
    outer loop
      vertex   -6.642864e+00 -1.132500e+01 -8.235810e+00
      vertex   -6.462193e+00 -8.325000e+00 -8.302667e+00
      vertex   -6.338725e+00 -1.132500e+01 -8.345809e+00
    endloop
  endfacet
  facet normal -3.195904e-01 4.734458e-04 -9.475557e-01
    outer loop
      vertex   -6.338725e+00 -1.132500e+01 -8.345809e+00
      vertex   -6.462193e+00 -8.325000e+00 -8.302667e+00
      vertex   -6.156055e+00 -8.325000e+00 -8.405921e+00
    endloop
  endfacet
  facet normal -3.055407e-01 -4.746728e-04 -9.521789e-01
    outer loop
      vertex   -6.338725e+00 -1.132500e+01 -8.345809e+00
      vertex   -6.156055e+00 -8.325000e+00 -8.405921e+00
      vertex   -6.030771e+00 -1.132500e+01 -8.444627e+00
    endloop
  endfacet
  facet normal -2.848072e-01 4.738362e-04 -9.585847e-01
    outer loop
      vertex   -6.030771e+00 -1.132500e+01 -8.444627e+00
      vertex   -6.156055e+00 -8.325000e+00 -8.405921e+00
      vertex   -5.846355e+00 -8.325000e+00 -8.497937e+00
    endloop
  endfacet
  facet normal -2.705613e-01 -4.750610e-04 -9.627026e-01
    outer loop
      vertex   -6.030771e+00 -1.132500e+01 -8.444627e+00
      vertex   -5.846355e+00 -8.325000e+00 -8.497937e+00
      vertex   -5.719414e+00 -1.132500e+01 -8.532132e+00
    endloop
  endfacet
  facet normal -2.496448e-01 4.742222e-04 -9.683374e-01
    outer loop
      vertex   -5.719414e+00 -1.132500e+01 -8.532132e+00
      vertex   -5.846355e+00 -8.325000e+00 -8.497937e+00
      vertex   -5.533503e+00 -8.325000e+00 -8.578592e+00
    endloop
  endfacet
  facet normal -2.352210e-01 -4.754449e-04 -9.719418e-01
    outer loop
      vertex   -5.719414e+00 -1.132500e+01 -8.532132e+00
      vertex   -5.533503e+00 -8.325000e+00 -8.578592e+00
      vertex   -5.405068e+00 -1.132500e+01 -8.608207e+00
    endloop
  endfacet
  facet normal -2.141500e-01 4.746039e-04 -9.768007e-01
    outer loop
      vertex   -5.405068e+00 -1.132500e+01 -8.608207e+00
      vertex   -5.533503e+00 -8.325000e+00 -8.578592e+00
      vertex   -5.217917e+00 -8.325000e+00 -8.647780e+00
    endloop
  endfacet
  facet normal -1.995668e-01 -4.758244e-04 -9.798841e-01
    outer loop
      vertex   -5.405068e+00 -1.132500e+01 -8.608207e+00
      vertex   -5.217917e+00 -8.325000e+00 -8.647780e+00
      vertex   -5.088154e+00 -1.132500e+01 -8.672751e+00
    endloop
  endfacet
  facet normal -1.783701e-01 4.749813e-04 -9.839634e-01
    outer loop
      vertex   -5.088154e+00 -1.132500e+01 -8.672751e+00
      vertex   -5.217917e+00 -8.325000e+00 -8.647780e+00
      vertex   -4.900017e+00 -8.325000e+00 -8.705408e+00
    endloop
  endfacet
  facet normal -1.636463e-01 -4.761997e-04 -9.865190e-01
    outer loop
      vertex   -5.088154e+00 -1.132500e+01 -8.672751e+00
      vertex   -4.900017e+00 -8.325000e+00 -8.705408e+00
      vertex   -4.769094e+00 -1.132500e+01 -8.725678e+00
    endloop
  endfacet
  facet normal -1.423526e-01 4.753544e-04 -9.898159e-01
    outer loop
      vertex   -4.769094e+00 -1.132500e+01 -8.725678e+00
      vertex   -4.900017e+00 -8.325000e+00 -8.705408e+00
      vertex   -4.580226e+00 -8.325000e+00 -8.751399e+00
    endloop
  endfacet
  facet normal -1.275074e-01 -4.765706e-04 -9.918375e-01
    outer loop
      vertex   -4.769094e+00 -1.132500e+01 -8.725678e+00
      vertex   -4.580226e+00 -8.325000e+00 -8.751399e+00
      vertex   -4.448314e+00 -1.132500e+01 -8.766916e+00
    endloop
  endfacet
  facet normal -1.061457e-01 4.757231e-04 -9.943505e-01
    outer loop
      vertex   -4.448314e+00 -1.132500e+01 -8.766916e+00
      vertex   -4.580226e+00 -8.325000e+00 -8.751399e+00
      vertex   -4.258970e+00 -8.325000e+00 -8.785693e+00
    endloop
  endfacet
  facet normal -9.119846e-02 -4.769372e-04 -9.958326e-01
    outer loop
      vertex   -4.448314e+00 -1.132500e+01 -8.766916e+00
      vertex   -4.258970e+00 -8.325000e+00 -8.785693e+00
      vertex   -4.126242e+00 -1.132500e+01 -8.796412e+00
    endloop
  endfacet
  facet normal -6.979734e-02 4.760876e-04 -9.975611e-01
    outer loop
      vertex   -4.126242e+00 -1.132500e+01 -8.796412e+00
      vertex   -4.258970e+00 -8.325000e+00 -8.785693e+00
      vertex   -3.936677e+00 -8.325000e+00 -8.808243e+00
    endloop
  endfacet
  facet normal -5.476780e-02 -4.772994e-04 -9.984990e-01
    outer loop
      vertex   -4.126242e+00 -1.132500e+01 -8.796412e+00
      vertex   -3.936677e+00 -8.325000e+00 -8.808243e+00
      vertex   -3.803307e+00 -1.132500e+01 -8.814125e+00
    endloop
  endfacet
  facet normal -3.335609e-02 4.764477e-04 -9.994434e-01
    outer loop
      vertex   -3.803307e+00 -1.132500e+01 -8.814125e+00
      vertex   -3.936677e+00 -8.325000e+00 -8.808243e+00
      vertex   -3.613776e+00 -8.325000e+00 -8.819020e+00
    endloop
  endfacet
  facet normal -1.826406e-02 -4.776573e-04 -9.998331e-01
    outer loop
      vertex   -3.803307e+00 -1.132500e+01 -8.814125e+00
      vertex   -3.613776e+00 -8.325000e+00 -8.819020e+00
      vertex   -3.479941e+00 -1.132500e+01 -8.820032e+00
    endloop
  endfacet
  facet normal 3.129580e-03 4.768034e-04 -9.999950e-01
    outer loop
      vertex   -3.479941e+00 -1.132500e+01 -8.820032e+00
      vertex   -3.613776e+00 -8.325000e+00 -8.819020e+00
      vertex   -3.290696e+00 -8.325000e+00 -8.818009e+00
    endloop
  endfacet
  facet normal 1.826406e-02 -4.780110e-04 -9.998331e-01
    outer loop
      vertex   -3.479941e+00 -1.132500e+01 -8.820032e+00
      vertex   -3.290696e+00 -8.325000e+00 -8.818009e+00
      vertex   -3.156575e+00 -1.132500e+01 -8.814125e+00
    endloop
  endfacet
  facet normal 3.961108e-02 4.771549e-04 -9.992151e-01
    outer loop
      vertex   -3.156575e+00 -1.132500e+01 -8.814125e+00
      vertex   -3.290696e+00 -8.325000e+00 -8.818009e+00
      vertex   -2.967869e+00 -8.325000e+00 -8.805211e+00
    endloop
  endfacet
  facet normal 5.476780e-02 -4.783602e-04 -9.984990e-01
    outer loop
      vertex   -3.156575e+00 -1.132500e+01 -8.814125e+00
      vertex   -2.967869e+00 -8.325000e+00 -8.805211e+00
      vertex   -2.833640e+00 -1.132500e+01 -8.796412e+00
    endloop
  endfacet
  facet normal 7.603983e-02 4.775020e-04 -9.971047e-01
    outer loop
      vertex   -2.833640e+00 -1.132500e+01 -8.796412e+00
      vertex   -2.967869e+00 -8.325000e+00 -8.805211e+00
      vertex   -2.645723e+00 -8.325000e+00 -8.780644e+00
    endloop
  endfacet
  facet normal 9.119846e-02 -4.787052e-04 -9.958326e-01
    outer loop
      vertex   -2.833640e+00 -1.132500e+01 -8.796412e+00
      vertex   -2.645723e+00 -8.325000e+00 -8.780644e+00
      vertex   -2.511568e+00 -1.132500e+01 -8.766916e+00
    endloop
  endfacet
  facet normal 1.123673e-01 4.778448e-04 -9.936666e-01
    outer loop
      vertex   -2.511568e+00 -1.132500e+01 -8.766916e+00
      vertex   -2.645723e+00 -8.325000e+00 -8.780644e+00
      vertex   -2.324688e+00 -8.325000e+00 -8.744341e+00
    endloop
  endfacet
  facet normal 1.275074e-01 -4.790458e-04 -9.918375e-01
    outer loop
      vertex   -2.511568e+00 -1.132500e+01 -8.766916e+00
      vertex   -2.324688e+00 -8.325000e+00 -8.744341e+00
      vertex   -2.190788e+00 -1.132500e+01 -8.725678e+00
    endloop
  endfacet
  facet normal 1.485452e-01 4.781832e-04 -9.889055e-01
    outer loop
      vertex   -2.190788e+00 -1.132500e+01 -8.725678e+00
      vertex   -2.324688e+00 -8.325000e+00 -8.744341e+00
      vertex   -2.005192e+00 -8.325000e+00 -8.696348e+00
    endloop
  endfacet
  facet normal 1.636463e-01 -4.793821e-04 -9.865190e-01
    outer loop
      vertex   -2.190788e+00 -1.132500e+01 -8.725678e+00
      vertex   -2.005192e+00 -8.325000e+00 -8.696348e+00
      vertex   -1.871728e+00 -1.132500e+01 -8.672751e+00
    endloop
  endfacet
  facet normal 1.845253e-01 4.785174e-04 -9.828276e-01
    outer loop
      vertex   -1.871728e+00 -1.132500e+01 -8.672751e+00
      vertex   -2.005192e+00 -8.325000e+00 -8.696348e+00
      vertex   -1.687659e+00 -8.325000e+00 -8.636732e+00
    endloop
  endfacet
  facet normal 1.995668e-01 -4.797141e-04 -9.798841e-01
    outer loop
      vertex   -1.871728e+00 -1.132500e+01 -8.672751e+00
      vertex   -1.687659e+00 -8.325000e+00 -8.636732e+00
      vertex   -1.554814e+00 -1.132500e+01 -8.608207e+00
    endloop
  endfacet
  facet normal 2.202597e-01 4.788472e-04 -9.754411e-01
    outer loop
      vertex   -1.554814e+00 -1.132500e+01 -8.608207e+00
      vertex   -1.687659e+00 -8.325000e+00 -8.636732e+00
      vertex   -1.372512e+00 -8.325000e+00 -8.565570e+00
    endloop
  endfacet
  facet normal 2.352210e-01 -4.800417e-04 -9.719418e-01
    outer loop
      vertex   -1.554814e+00 -1.132500e+01 -8.608207e+00
      vertex   -1.372512e+00 -8.325000e+00 -8.565570e+00
      vertex   -1.240468e+00 -1.132500e+01 -8.532132e+00
    endloop
  endfacet
  facet normal 2.557009e-01 4.791727e-04 -9.667558e-01
    outer loop
      vertex   -1.240468e+00 -1.132500e+01 -8.532132e+00
      vertex   -1.372512e+00 -8.325000e+00 -8.565570e+00
      vertex   -1.060171e+00 -8.325000e+00 -8.482958e+00
    endloop
  endfacet
  facet normal 2.705613e-01 -4.803651e-04 -9.627026e-01
    outer loop
      vertex   -1.240468e+00 -1.132500e+01 -8.532132e+00
      vertex   -1.060171e+00 -8.325000e+00 -8.482958e+00
      vertex   -9.291110e-01 -1.132500e+01 -8.444627e+00
    endloop
  endfacet
  facet normal 2.908015e-01 4.794938e-04 -9.567833e-01
    outer loop
      vertex   -9.291110e-01 -1.132500e+01 -8.444627e+00
      vertex   -1.060171e+00 -8.325000e+00 -8.482958e+00
      vertex   -7.510527e-01 -8.325000e+00 -8.389005e+00
    endloop
  endfacet
  facet normal 3.055407e-01 -4.806841e-04 -9.521789e-01
    outer loop
      vertex   -9.291110e-01 -1.132500e+01 -8.444627e+00
      vertex   -7.510527e-01 -8.325000e+00 -8.389005e+00
      vertex   -6.211573e-01 -1.132500e+01 -8.345809e+00
    endloop
  endfacet
  facet normal 3.255150e-01 4.798107e-04 -9.455368e-01
    outer loop
      vertex   -6.211573e-01 -1.132500e+01 -8.345809e+00
      vertex   -7.510527e-01 -8.325000e+00 -8.389005e+00
      vertex   -4.455676e-01 -8.325000e+00 -8.283838e+00
    endloop
  endfacet
  facet normal 3.401123e-01 -4.809987e-04 -9.403847e-01
    outer loop
      vertex   -6.211573e-01 -1.132500e+01 -8.345809e+00
      vertex   -4.455676e-01 -8.325000e+00 -8.283838e+00
      vertex   -3.170180e-01 -1.132500e+01 -8.235810e+00
    endloop
  endfacet
  facet normal 3.597950e-01 4.801232e-04 -9.330313e-01
    outer loop
      vertex   -3.170180e-01 -1.132500e+01 -8.235810e+00
      vertex   -4.455676e-01 -8.325000e+00 -8.283838e+00
      vertex   -1.441228e-01 -8.325000e+00 -8.167595e+00
    endloop
  endfacet
  facet normal 3.742302e-01 -4.813091e-04 -9.273357e-01
    outer loop
      vertex   -3.170180e-01 -1.132500e+01 -8.235810e+00
      vertex   -1.441228e-01 -8.325000e+00 -8.167595e+00
      vertex   -1.709908e-02 -1.132500e+01 -8.114777e+00
    endloop
  endfacet
  facet normal 3.935960e-01 4.804314e-04 -9.192834e-01
    outer loop
      vertex   -1.709908e-02 -1.132500e+01 -8.114777e+00
      vertex   -1.441228e-01 -8.325000e+00 -8.167595e+00
      vertex   1.528803e-01 -8.325000e+00 -8.040431e+00
    endloop
  endfacet
  facet normal 4.078487e-01 -4.816151e-04 -9.130494e-01
    outer loop
      vertex   -1.709908e-02 -1.132500e+01 -8.114777e+00
      vertex   1.528803e-01 -8.325000e+00 -8.040431e+00
      vertex   2.781994e-01 -1.132500e+01 -7.982870e+00
    endloop
  endfacet
  facet normal 4.268728e-01 4.807352e-04 -9.043115e-01
    outer loop
      vertex   2.781994e-01 -1.132500e+01 -7.982870e+00
      vertex   1.528803e-01 -8.325000e+00 -8.040431e+00
      vertex   4.450463e-01 -8.325000e+00 -7.902517e+00
    endloop
  endfacet
  facet normal 4.409230e-01 -4.819168e-04 -8.975448e-01
    outer loop
      vertex   2.781994e-01 -1.132500e+01 -7.982870e+00
      vertex   4.450463e-01 -8.325000e+00 -7.902517e+00
      vertex   5.684834e-01 -1.132500e+01 -7.840267e+00
    endloop
  endfacet
  facet normal 4.595813e-01 4.810348e-04 -8.881356e-01
    outer loop
      vertex   5.684834e-01 -1.132500e+01 -7.840267e+00
      vertex   4.450463e-01 -8.325000e+00 -7.902517e+00
      vertex   7.319861e-01 -8.325000e+00 -7.754035e+00
    endloop
  endfacet
  facet normal 4.734090e-01 -4.822142e-04 -8.808426e-01
    outer loop
      vertex   5.684834e-01 -1.132500e+01 -7.840267e+00
      vertex   7.319861e-01 -8.325000e+00 -7.754035e+00
      vertex   8.533655e-01 -1.132500e+01 -7.687157e+00
    endloop
  endfacet
  facet normal 4.916779e-01 4.813300e-04 -8.707770e-01
    outer loop
      vertex   8.533655e-01 -1.132500e+01 -7.687157e+00
      vertex   7.319861e-01 -8.325000e+00 -7.754035e+00
      vertex   1.013318e+00 -8.325000e+00 -7.595183e+00
    endloop
  endfacet
  facet normal 5.052633e-01 -4.825072e-04 -8.629651e-01
    outer loop
      vertex   8.533655e-01 -1.132500e+01 -7.687157e+00
      vertex   1.013318e+00 -8.325000e+00 -7.595183e+00
      vertex   1.132466e+00 -1.132500e+01 -7.523745e+00
    endloop
  endfacet
  facet normal 5.231198e-01 4.816209e-04 -8.522590e-01
    outer loop
      vertex   1.132466e+00 -1.132500e+01 -7.523745e+00
      vertex   1.013318e+00 -8.325000e+00 -7.595183e+00
      vertex   1.288667e+00 -8.325000e+00 -7.426173e+00
    endloop
  endfacet
  facet normal 5.364435e-01 -4.827959e-04 -8.439361e-01
    outer loop
      vertex   1.132466e+00 -1.132500e+01 -7.523745e+00
      vertex   1.288667e+00 -8.325000e+00 -7.426173e+00
      vertex   1.405412e+00 -1.132500e+01 -7.350248e+00
    endloop
  endfacet
  facet normal 5.538651e-01 4.819074e-04 -8.326063e-01
    outer loop
      vertex   1.405412e+00 -1.132500e+01 -7.350248e+00
      vertex   1.288667e+00 -8.325000e+00 -7.426173e+00
      vertex   1.557666e+00 -8.325000e+00 -7.247229e+00
    endloop
  endfacet
  facet normal 5.669078e-01 -4.830803e-04 -8.237811e-01
    outer loop
      vertex   1.405412e+00 -1.132500e+01 -7.350248e+00
      vertex   1.557666e+00 -8.325000e+00 -7.247229e+00
      vertex   1.671839e+00 -1.132500e+01 -7.166899e+00
    endloop
  endfacet
  facet normal 5.838730e-01 4.821896e-04 -8.118449e-01
    outer loop
      vertex   1.671839e+00 -1.132500e+01 -7.166899e+00
      vertex   1.557666e+00 -8.325000e+00 -7.247229e+00
      vertex   1.819958e+00 -8.325000e+00 -7.058591e+00
    endloop
  endfacet
  facet normal 5.966158e-01 -4.833604e-04 -8.025269e-01
    outer loop
      vertex   1.671839e+00 -1.132500e+01 -7.166899e+00
      vertex   1.819958e+00 -8.325000e+00 -7.058591e+00
      vertex   1.931392e+00 -1.132500e+01 -6.973941e+00
    endloop
  endfacet
  facet normal 6.131035e-01 4.824675e-04 -7.900025e-01
    outer loop
      vertex   1.931392e+00 -1.132500e+01 -6.973941e+00
      vertex   1.819958e+00 -8.325000e+00 -7.058591e+00
      vertex   2.075193e+00 -8.325000e+00 -6.860509e+00
    endloop
  endfacet
  facet normal 6.255276e-01 -4.836361e-04 -7.802019e-01
    outer loop
      vertex   1.931392e+00 -1.132500e+01 -6.973941e+00
      vertex   2.075193e+00 -8.325000e+00 -6.860509e+00
      vertex   2.183725e+00 -1.132500e+01 -6.771633e+00
    endloop
  endfacet
  facet normal 6.415175e-01 4.827411e-04 -7.671082e-01
    outer loop
      vertex   2.183725e+00 -1.132500e+01 -6.771633e+00
      vertex   2.075193e+00 -8.325000e+00 -6.860509e+00
      vertex   2.323031e+00 -8.325000e+00 -6.653246e+00
    endloop
  endfacet
  facet normal 6.536049e-01 -4.839076e-04 -7.568358e-01
    outer loop
      vertex   2.183725e+00 -1.132500e+01 -6.771633e+00
      vertex   2.323031e+00 -8.325000e+00 -6.653246e+00
      vertex   2.428501e+00 -1.132500e+01 -6.560244e+00
    endloop
  endfacet
  facet normal 6.690774e-01 4.830104e-04 -7.431925e-01
    outer loop
      vertex   2.428501e+00 -1.132500e+01 -6.560244e+00
      vertex   2.323031e+00 -8.325000e+00 -6.653246e+00
      vertex   2.563142e+00 -8.325000e+00 -6.437080e+00
    endloop
  endfacet
  facet normal 6.808100e-01 -4.841747e-04 -7.324599e-01
    outer loop
      vertex   2.428501e+00 -1.132500e+01 -6.560244e+00
      vertex   2.563142e+00 -8.325000e+00 -6.437080e+00
      vertex   2.665393e+00 -1.132500e+01 -6.340056e+00
    endloop
  endfacet
  facet normal 6.957465e-01 4.832753e-04 -7.182873e-01
    outer loop
      vertex   2.665393e+00 -1.132500e+01 -6.340056e+00
      vertex   2.563142e+00 -8.325000e+00 -6.437080e+00
      vertex   2.795207e+00 -8.325000e+00 -6.212298e+00
    endloop
  endfacet
  facet normal 7.071067e-01 -4.844374e-04 -7.071067e-01
    outer loop
      vertex   2.665393e+00 -1.132500e+01 -6.340056e+00
      vertex   2.795207e+00 -8.325000e+00 -6.212298e+00
      vertex   2.894086e+00 -1.132500e+01 -6.111364e+00
    endloop
  endfacet
  facet normal 7.214891e-01 4.835359e-04 -6.924256e-01
    outer loop
      vertex   2.894086e+00 -1.132500e+01 -6.111364e+00
      vertex   2.795207e+00 -8.325000e+00 -6.212298e+00
      vertex   3.018917e+00 -8.325000e+00 -5.979198e+00
    endloop
  endfacet
  facet normal 7.324599e-01 -4.846959e-04 -6.808100e-01
    outer loop
      vertex   2.894086e+00 -1.132500e+01 -6.111364e+00
      vertex   3.018917e+00 -8.325000e+00 -5.979198e+00
      vertex   3.114273e+00 -1.132500e+01 -5.874472e+00
    endloop
  endfacet
  facet normal 7.462711e-01 4.837922e-04 -6.656420e-01
    outer loop
      vertex   3.114273e+00 -1.132500e+01 -5.874472e+00
      vertex   3.018917e+00 -8.325000e+00 -5.979198e+00
      vertex   3.233973e+00 -8.325000e+00 -5.738092e+00
    endloop
  endfacet
  facet normal 7.568358e-01 -4.849500e-04 -6.536049e-01
    outer loop
      vertex   3.114273e+00 -1.132500e+01 -5.874472e+00
      vertex   3.233973e+00 -8.325000e+00 -5.738092e+00
      vertex   3.325662e+00 -1.132500e+01 -5.629696e+00
    endloop
  endfacet
  facet normal 7.700593e-01 4.840441e-04 -6.379721e-01
    outer loop
      vertex   3.325662e+00 -1.132500e+01 -5.629696e+00
      vertex   3.233973e+00 -8.325000e+00 -5.738092e+00
      vertex   3.440090e+00 -8.325000e+00 -5.489300e+00
    endloop
  endfacet
  facet normal 7.802019e-01 -4.851998e-04 -6.255276e-01
    outer loop
      vertex   3.325662e+00 -1.132500e+01 -5.629696e+00
      vertex   3.440090e+00 -8.325000e+00 -5.489300e+00
      vertex   3.527970e+00 -1.132500e+01 -5.377363e+00
    endloop
  endfacet
  facet normal 7.928223e-01 4.842918e-04 -6.094527e-01
    outer loop
      vertex   3.527970e+00 -1.132500e+01 -5.377363e+00
      vertex   3.440090e+00 -8.325000e+00 -5.489300e+00
      vertex   3.636993e+00 -8.325000e+00 -5.233154e+00
    endloop
  endfacet
  facet normal 8.025269e-01 -4.854452e-04 -5.966158e-01
    outer loop
      vertex   3.527970e+00 -1.132500e+01 -5.377363e+00
      vertex   3.636993e+00 -8.325000e+00 -5.233154e+00
      vertex   3.720928e+00 -1.132500e+01 -5.117810e+00
    endloop
  endfacet
  facet normal 8.145296e-01 4.845351e-04 -5.801218e-01
    outer loop
      vertex   3.720928e+00 -1.132500e+01 -5.117810e+00
      vertex   3.636993e+00 -8.325000e+00 -5.233154e+00
      vertex   3.824419e+00 -8.325000e+00 -4.969995e+00
    endloop
  endfacet
  facet normal 8.237811e-01 -4.856864e-04 -5.669078e-01
    outer loop
      vertex   3.720928e+00 -1.132500e+01 -5.117810e+00
      vertex   3.824419e+00 -8.325000e+00 -4.969995e+00
      vertex   3.904277e+00 -1.132500e+01 -4.851382e+00
    endloop
  endfacet
  facet normal 8.351524e-01 4.847741e-04 -5.500185e-01
    outer loop
      vertex   3.904277e+00 -1.132500e+01 -4.851382e+00
      vertex   3.824419e+00 -8.325000e+00 -4.969995e+00
      vertex   4.002120e+00 -8.325000e+00 -4.700173e+00
    endloop
  endfacet
  facet normal 8.439361e-01 -4.859232e-04 -5.364435e-01
    outer loop
      vertex   3.904277e+00 -1.132500e+01 -4.851382e+00
      vertex   4.002120e+00 -8.325000e+00 -4.700173e+00
      vertex   4.077774e+00 -1.132500e+01 -4.578437e+00
    endloop
  endfacet
  facet normal 8.546631e-01 4.850087e-04 -5.191828e-01
    outer loop
      vertex   4.077774e+00 -1.132500e+01 -4.578437e+00
      vertex   4.002120e+00 -8.325000e+00 -4.700173e+00
      vertex   4.169858e+00 -8.325000e+00 -4.424048e+00
    endloop
  endfacet
  facet normal 8.629651e-01 -4.861557e-04 -5.052633e-01
    outer loop
      vertex   4.077774e+00 -1.132500e+01 -4.578437e+00
      vertex   4.169858e+00 -8.325000e+00 -4.424048e+00
      vertex   4.241186e+00 -1.132500e+01 -4.299336e+00
    endloop
  endfacet
  facet normal 8.730358e-01 4.852390e-04 -4.876558e-01
    outer loop
      vertex   4.241186e+00 -1.132500e+01 -4.299336e+00
      vertex   4.169858e+00 -8.325000e+00 -4.424048e+00
      vertex   4.327410e+00 -8.325000e+00 -4.141986e+00
    endloop
  endfacet
  facet normal 8.808426e-01 -4.863838e-04 -4.734090e-01
    outer loop
      vertex   4.241186e+00 -1.132500e+01 -4.299336e+00
      vertex   4.327410e+00 -8.325000e+00 -4.141986e+00
      vertex   4.394296e+00 -1.132500e+01 -4.014454e+00
    endloop
  endfacet
  facet normal 8.902461e-01 4.854650e-04 -4.554795e-01
    outer loop
      vertex   4.394296e+00 -1.132500e+01 -4.014454e+00
      vertex   4.327410e+00 -8.325000e+00 -4.141986e+00
      vertex   4.474567e+00 -8.325000e+00 -3.854365e+00
    endloop
  endfacet
  facet normal 8.975448e-01 -4.866077e-04 -4.409230e-01
    outer loop
      vertex   4.394296e+00 -1.132500e+01 -4.014454e+00
      vertex   4.474567e+00 -8.325000e+00 -3.854365e+00
      vertex   4.536899e+00 -1.132500e+01 -3.724170e+00
    endloop
  endfacet
  facet normal 9.062711e-01 4.856867e-04 -4.226967e-01
    outer loop
      vertex   4.536899e+00 -1.132500e+01 -3.724170e+00
      vertex   4.474567e+00 -8.325000e+00 -3.854365e+00
      vertex   4.611132e+00 -8.325000e+00 -3.561566e+00
    endloop
  endfacet
  facet normal 9.130494e-01 -4.868272e-04 -4.078487e-01
    outer loop
      vertex   4.536899e+00 -1.132500e+01 -3.724170e+00
      vertex   4.611132e+00 -8.325000e+00 -3.561566e+00
      vertex   4.668806e+00 -1.132500e+01 -3.428872e+00
    endloop
  endfacet
  facet normal 9.210893e-01 4.859041e-04 -3.893512e-01
    outer loop
      vertex   4.668806e+00 -1.132500e+01 -3.428872e+00
      vertex   4.611132e+00 -8.325000e+00 -3.561566e+00
      vertex   4.736924e+00 -8.325000e+00 -3.263979e+00
    endloop
  endfacet
  facet normal 9.273357e-01 -4.870424e-04 -3.742302e-01
    outer loop
      vertex   4.668806e+00 -1.132500e+01 -3.428872e+00
      vertex   4.736924e+00 -8.325000e+00 -3.263979e+00
      vertex   4.789839e+00 -1.132500e+01 -3.128953e+00
    endloop
  endfacet
  facet normal 9.346810e-01 4.861171e-04 -3.554871e-01
    outer loop
      vertex   4.789839e+00 -1.132500e+01 -3.128953e+00
      vertex   4.736924e+00 -8.325000e+00 -3.263979e+00
      vertex   4.851776e+00 -8.325000e+00 -2.962001e+00
    endloop
  endfacet
  facet normal 9.403847e-01 -4.872532e-04 -3.401123e-01
    outer loop
      vertex   4.789839e+00 -1.132500e+01 -3.128953e+00
      vertex   4.851776e+00 -8.325000e+00 -2.962001e+00
      vertex   4.899838e+00 -1.132500e+01 -2.824814e+00
    endloop
  endfacet
  facet normal 9.470283e-01 4.863258e-04 -3.211498e-01
    outer loop
      vertex   4.899838e+00 -1.132500e+01 -2.824814e+00
      vertex   4.851776e+00 -8.325000e+00 -2.962001e+00
      vertex   4.955533e+00 -8.325000e+00 -2.656034e+00
    endloop
  endfacet
  facet normal 9.521789e-01 -4.874598e-04 -3.055407e-01
    outer loop
      vertex   4.899838e+00 -1.132500e+01 -2.824814e+00
      vertex   4.955533e+00 -8.325000e+00 -2.656034e+00
      vertex   4.998656e+00 -1.132500e+01 -2.516860e+00
    endloop
  endfacet
  facet normal 9.581146e-01 4.865301e-04 -2.863848e-01
    outer loop
      vertex   4.998656e+00 -1.132500e+01 -2.516860e+00
      vertex   4.955533e+00 -8.325000e+00 -2.656034e+00
      vertex   5.048059e+00 -8.325000e+00 -2.346486e+00
    endloop
  endfacet
  facet normal 9.627026e-01 -4.876620e-04 -2.705613e-01
    outer loop
      vertex   4.998656e+00 -1.132500e+01 -2.516860e+00
      vertex   5.048059e+00 -8.325000e+00 -2.346486e+00
      vertex   5.086161e+00 -1.132500e+01 -2.205503e+00
    endloop
  endfacet
  facet normal 9.679251e-01 4.867302e-04 -2.512385e-01
    outer loop
      vertex   5.086161e+00 -1.132500e+01 -2.205503e+00
      vertex   5.048059e+00 -8.325000e+00 -2.346486e+00
      vertex   5.129229e+00 -8.325000e+00 -2.033767e+00
    endloop
  endfacet
  facet normal 9.719418e-01 -4.878599e-04 -2.352210e-01
    outer loop
      vertex   5.086161e+00 -1.132500e+01 -2.205503e+00
      vertex   5.129229e+00 -8.325000e+00 -2.033767e+00
      vertex   5.162237e+00 -1.132500e+01 -1.891157e+00
    endloop
  endfacet
  facet normal 9.764468e-01 4.869259e-04 -2.157577e-01
    outer loop
      vertex   5.162237e+00 -1.132500e+01 -1.891157e+00
      vertex   5.129229e+00 -8.325000e+00 -2.033767e+00
      vertex   5.198936e+00 -8.325000e+00 -1.718296e+00
    endloop
  endfacet
  facet normal 9.798841e-01 -4.880534e-04 -1.995668e-01
    outer loop
      vertex   5.162237e+00 -1.132500e+01 -1.891157e+00
      vertex   5.198936e+00 -8.325000e+00 -1.718296e+00
      vertex   5.226780e+00 -1.132500e+01 -1.574243e+00
    endloop
  endfacet
  facet normal 9.836684e-01 4.871173e-04 -1.799896e-01
    outer loop
      vertex   5.226780e+00 -1.132500e+01 -1.574243e+00
      vertex   5.198936e+00 -8.325000e+00 -1.718296e+00
      vertex   5.257088e+00 -8.325000e+00 -1.400491e+00
    endloop
  endfacet
  facet normal 9.865190e-01 -4.882426e-04 -1.636463e-01
    outer loop
      vertex   5.226780e+00 -1.132500e+01 -1.574243e+00
      vertex   5.257088e+00 -8.325000e+00 -1.400491e+00
      vertex   5.279707e+00 -1.132500e+01 -1.255183e+00
    endloop
  endfacet
  facet normal 9.895802e-01 4.873044e-04 -1.439819e-01
    outer loop
      vertex   5.279707e+00 -1.132500e+01 -1.255183e+00
      vertex   5.257088e+00 -8.325000e+00 -1.400491e+00
      vertex   5.303605e+00 -8.325000e+00 -1.080776e+00
    endloop
  endfacet
  facet normal 9.918375e-01 -4.884276e-04 -1.275074e-01
    outer loop
      vertex   5.279707e+00 -1.132500e+01 -1.255183e+00
      vertex   5.303605e+00 -8.325000e+00 -1.080776e+00
      vertex   5.320945e+00 -1.132500e+01 -9.344028e-01
    endloop
  endfacet
  facet normal 9.941744e-01 4.874871e-04 -1.077824e-01
    outer loop
      vertex   5.320945e+00 -1.132500e+01 -9.344028e-01
      vertex   5.303605e+00 -8.325000e+00 -1.080776e+00
      vertex   5.338428e+00 -8.325000e+00 -7.595773e-01
    endloop
  endfacet
  facet normal 9.958326e-01 -4.886081e-04 -9.119846e-02
    outer loop
      vertex   5.320945e+00 -1.132500e+01 -9.344028e-01
      vertex   5.338428e+00 -8.325000e+00 -7.595773e-01
      vertex   5.350441e+00 -1.132500e+01 -6.123306e-01
    endloop
  endfacet
  facet normal 9.974448e-01 4.876655e-04 -7.143942e-02
    outer loop
      vertex   5.350441e+00 -1.132500e+01 -6.123306e-01
      vertex   5.338428e+00 -8.325000e+00 -7.595773e-01
      vertex   5.361509e+00 -8.325000e+00 -4.373217e-01
    endloop
  endfacet
  facet normal 9.984990e-01 -4.887844e-04 -5.476780e-02
    outer loop
      vertex   5.350441e+00 -1.132500e+01 -6.123306e-01
      vertex   5.361509e+00 -8.325000e+00 -4.373217e-01
      vertex   5.368154e+00 -1.132500e+01 -2.893960e-01
    endloop
  endfacet
  facet normal 9.993871e-01 4.878396e-04 -3.500132e-02
    outer loop
      vertex   5.368154e+00 -1.132500e+01 -2.893960e-01
      vertex   5.361509e+00 -8.325000e+00 -4.373217e-01
      vertex   5.372817e+00 -8.325000e+00 -1.144385e-01
    endloop
  endfacet
  facet normal 9.998331e-01 -4.889563e-04 -1.826406e-02
    outer loop
      vertex   5.368154e+00 -1.132500e+01 -2.893960e-01
      vertex   5.372817e+00 -8.325000e+00 -1.144385e-01
      vertex   5.374061e+00 -1.132500e+01 3.397007e-02
    endloop
  endfacet
  facet normal 9.999988e-01 4.880094e-04 1.483392e-03
    outer loop
      vertex   5.374061e+00 -1.132500e+01 3.397007e-02
      vertex   5.372817e+00 -8.325000e+00 -1.144385e-01
      vertex   5.372338e+00 -8.325000e+00 2.086422e-01
    endloop
  endfacet
  facet normal 9.998331e-01 -4.891239e-04 1.826406e-02
    outer loop
      vertex   5.374061e+00 -1.132500e+01 3.397007e-02
      vertex   5.372338e+00 -8.325000e+00 2.086422e-01
      vertex   5.368154e+00 -1.132500e+01 3.573361e-01
    endloop
  endfacet
  facet normal 9.992789e-01 4.881748e-04 3.796612e-02
    outer loop
      vertex   5.368154e+00 -1.132500e+01 3.573361e-01
      vertex   5.372338e+00 -8.325000e+00 2.086422e-01
      vertex   5.360071e+00 -8.325000e+00 5.314904e-01
    endloop
  endfacet
  facet normal 9.984990e-01 -4.892872e-04 5.476780e-02
    outer loop
      vertex   5.368154e+00 -1.132500e+01 3.573361e-01
      vertex   5.360071e+00 -8.325000e+00 5.314904e-01
      vertex   5.350441e+00 -1.132500e+01 6.802707e-01
    endloop
  endfacet
  facet normal 9.979115e-01 1.323674e-16 6.459573e-02
    outer loop
      vertex   5.350441e+00 -1.132500e+01 6.802707e-01
      vertex   5.360071e+00 -8.325000e+00 5.314904e-01
      vertex   5.350441e+00 -5.062500e+00 6.802707e-01
    endloop
  endfacet
  facet normal 9.958327e-01 1.282997e-16 9.119847e-02
    outer loop
      vertex   5.350441e+00 -1.132500e+01 6.802707e-01
      vertex   5.350441e+00 -5.062500e+00 6.802707e-01
      vertex   5.320945e+00 -1.132500e+01 1.002343e+00
    endloop
  endfacet
  facet normal 9.979115e-01 -2.532353e-16 6.459573e-02
    outer loop
      vertex   5.360071e+00 -8.325000e+00 5.314904e-01
      vertex   5.360071e+00 -1.325000e+00 5.314904e-01
      vertex   5.350441e+00 -5.062500e+00 6.802707e-01
    endloop
  endfacet
  facet normal 9.958327e-01 -1.413187e-16 9.119847e-02
    outer loop
      vertex   5.350441e+00 1.200000e+00 6.802707e-01
      vertex   5.320945e+00 1.200000e+00 1.002343e+00
      vertex   5.320945e+00 -5.062500e+00 1.002343e+00
    endloop
  endfacet
  facet normal 9.918376e-01 -1.406673e-16 1.275075e-01
    outer loop
      vertex   5.320945e+00 -5.062500e+00 1.002343e+00
      vertex   5.320945e+00 1.200000e+00 1.002343e+00
      vertex   5.279707e+00 -5.062500e+00 1.323123e+00
    endloop
  endfacet
  facet normal 9.918376e-01 -3.597203e-17 1.275075e-01
    outer loop
      vertex   5.320945e+00 1.200000e+00 1.002343e+00
      vertex   5.279707e+00 1.200000e+00 1.323123e+00
      vertex   5.279707e+00 -5.062500e+00 1.323123e+00
    endloop
  endfacet
  facet normal 9.865191e-01 -4.641824e-17 1.636463e-01
    outer loop
      vertex   5.279707e+00 -5.062500e+00 1.323123e+00
      vertex   5.279707e+00 1.200000e+00 1.323123e+00
      vertex   5.226780e+00 -5.062500e+00 1.642183e+00
    endloop
  endfacet
  facet normal 9.865191e-01 -4.196737e-16 1.636463e-01
    outer loop
      vertex   5.279707e+00 1.200000e+00 1.323123e+00
      vertex   5.226780e+00 1.200000e+00 1.642183e+00
      vertex   5.226780e+00 -5.062500e+00 1.642183e+00
    endloop
  endfacet
  facet normal 9.798842e-01 -4.169159e-16 1.995668e-01
    outer loop
      vertex   5.226780e+00 -5.062500e+00 1.642183e+00
      vertex   5.226780e+00 1.200000e+00 1.642183e+00
      vertex   5.162237e+00 -5.062500e+00 1.959097e+00
    endloop
  endfacet
  facet normal 9.798842e-01 -2.774985e-16 1.995668e-01
    outer loop
      vertex   5.226780e+00 1.200000e+00 1.642183e+00
      vertex   5.162237e+00 1.200000e+00 1.959097e+00
      vertex   5.162237e+00 -5.062500e+00 1.959097e+00
    endloop
  endfacet
  facet normal 9.719419e-01 -2.756911e-16 2.352210e-01
    outer loop
      vertex   5.162237e+00 -5.062500e+00 1.959097e+00
      vertex   5.162237e+00 1.200000e+00 1.959097e+00
      vertex   5.086161e+00 -5.062500e+00 2.273443e+00
    endloop
  endfacet
  facet normal 9.719419e-01 -6.680520e-17 2.352210e-01
    outer loop
      vertex   5.162237e+00 1.200000e+00 1.959097e+00
      vertex   5.086161e+00 1.200000e+00 2.273443e+00
      vertex   5.086161e+00 -5.062500e+00 2.273443e+00
    endloop
  endfacet
  facet normal 9.627027e-01 -7.674468e-17 2.705614e-01
    outer loop
      vertex   5.086161e+00 -5.062500e+00 2.273443e+00
      vertex   5.086161e+00 1.200000e+00 2.273443e+00
      vertex   4.998656e+00 -5.062500e+00 2.584800e+00
    endloop
  endfacet
  facet normal 9.627027e-01 0.000000e+00 2.705614e-01
    outer loop
      vertex   5.086161e+00 1.200000e+00 2.273443e+00
      vertex   4.998656e+00 1.200000e+00 2.584800e+00
      vertex   4.998656e+00 -5.062500e+00 2.584800e+00
    endloop
  endfacet
  facet normal 9.521790e-01 -0.000000e+00 3.055407e-01
    outer loop
      vertex   4.998656e+00 -5.062500e+00 2.584800e+00
      vertex   4.998656e+00 1.200000e+00 2.584800e+00
      vertex   4.899838e+00 -5.062500e+00 2.892754e+00
    endloop
  endfacet
  facet normal 9.521790e-01 6.851815e-17 3.055407e-01
    outer loop
      vertex   4.998656e+00 1.200000e+00 2.584800e+00
      vertex   4.899838e+00 1.200000e+00 2.892754e+00
      vertex   4.899838e+00 -5.062500e+00 2.892754e+00
    endloop
  endfacet
  facet normal 9.403848e-01 6.101537e-17 3.401124e-01
    outer loop
      vertex   4.899838e+00 -5.062500e+00 2.892754e+00
      vertex   4.899838e+00 1.200000e+00 2.892754e+00
      vertex   4.789839e+00 -5.062500e+00 3.196893e+00
    endloop
  endfacet
  facet normal 9.403848e-01 -9.592541e-17 3.401124e-01
    outer loop
      vertex   4.899838e+00 1.200000e+00 2.892754e+00
      vertex   4.789839e+00 1.200000e+00 3.196893e+00
      vertex   4.789839e+00 -5.062500e+00 3.196893e+00
    endloop
  endfacet
  facet normal 9.273358e-01 -1.061503e-16 3.742302e-01
    outer loop
      vertex   4.789839e+00 -5.062500e+00 3.196893e+00
      vertex   4.789839e+00 1.200000e+00 3.196893e+00
      vertex   4.668806e+00 -5.062500e+00 3.496812e+00
    endloop
  endfacet
  facet normal 9.273358e-01 -1.301845e-16 3.742302e-01
    outer loop
      vertex   4.789839e+00 1.200000e+00 3.196893e+00
      vertex   4.668806e+00 1.200000e+00 3.496812e+00
      vertex   4.668806e+00 -5.062500e+00 3.496812e+00
    endloop
  endfacet
  facet normal 9.130495e-01 -1.294932e-16 4.078487e-01
    outer loop
      vertex   4.668806e+00 -5.062500e+00 3.496812e+00
      vertex   4.668806e+00 1.200000e+00 3.496812e+00
      vertex   4.536899e+00 -5.062500e+00 3.792110e+00
    endloop
  endfacet
  facet normal 9.130495e-01 0.000000e+00 4.078487e-01
    outer loop
      vertex   4.668806e+00 1.200000e+00 3.496812e+00
      vertex   4.536899e+00 1.200000e+00 3.792110e+00
      vertex   4.536899e+00 -5.062500e+00 3.792110e+00
    endloop
  endfacet
  facet normal 8.975449e-01 -0.000000e+00 4.409231e-01
    outer loop
      vertex   4.536899e+00 -5.062500e+00 3.792110e+00
      vertex   4.536899e+00 1.200000e+00 3.792110e+00
      vertex   4.394296e+00 -5.062500e+00 4.082394e+00
    endloop
  endfacet
  facet normal 8.975449e-01 -1.267586e-16 4.409231e-01
    outer loop
      vertex   4.536899e+00 1.200000e+00 3.792110e+00
      vertex   4.394296e+00 1.200000e+00 4.082394e+00
      vertex   4.394296e+00 -5.062500e+00 4.082394e+00
    endloop
  endfacet
  facet normal 8.808427e-01 -1.249254e-16 4.734091e-01
    outer loop
      vertex   4.394296e+00 -5.062500e+00 4.082394e+00
      vertex   4.394296e+00 1.200000e+00 4.082394e+00
      vertex   4.241186e+00 -5.062500e+00 4.367277e+00
    endloop
  endfacet
  facet normal 8.808427e-01 0.000000e+00 4.734091e-01
    outer loop
      vertex   4.394296e+00 1.200000e+00 4.082394e+00
      vertex   4.241186e+00 1.200000e+00 4.367277e+00
      vertex   4.241186e+00 -5.062500e+00 4.367277e+00
    endloop
  endfacet
  facet normal 8.629652e-01 -0.000000e+00 5.052634e-01
    outer loop
      vertex   4.241186e+00 -5.062500e+00 4.367277e+00
      vertex   4.241186e+00 1.200000e+00 4.367277e+00
      vertex   4.077774e+00 -5.062500e+00 4.646377e+00
    endloop
  endfacet
  facet normal 8.629652e-01 -1.199068e-16 5.052634e-01
    outer loop
      vertex   4.241186e+00 1.200000e+00 4.367277e+00
      vertex   4.077774e+00 1.200000e+00 4.646377e+00
      vertex   4.077774e+00 -5.062500e+00 4.646377e+00
    endloop
  endfacet
  facet normal 8.439362e-01 -1.196912e-16 5.364435e-01
    outer loop
      vertex   4.077774e+00 -5.062500e+00 4.646377e+00
      vertex   4.077774e+00 1.200000e+00 4.646377e+00
      vertex   3.904277e+00 -5.062500e+00 4.919323e+00
    endloop
  endfacet
  facet normal 8.439362e-01 6.166634e-17 5.364435e-01
    outer loop
      vertex   4.077774e+00 1.200000e+00 4.646377e+00
      vertex   3.904277e+00 1.200000e+00 4.919323e+00
      vertex   3.904277e+00 -5.062500e+00 4.919323e+00
    endloop
  endfacet
  facet normal 8.237812e-01 5.841634e-17 5.669079e-01
    outer loop
      vertex   3.904277e+00 -5.062500e+00 4.919323e+00
      vertex   3.904277e+00 1.200000e+00 4.919323e+00
      vertex   3.720928e+00 -5.062500e+00 5.185750e+00
    endloop
  endfacet
  facet normal 8.237812e-01 -5.824043e-17 5.669079e-01
    outer loop
      vertex   3.904277e+00 1.200000e+00 4.919323e+00
      vertex   3.720928e+00 1.200000e+00 5.185750e+00
      vertex   3.720928e+00 -5.062500e+00 5.185750e+00
    endloop
  endfacet
  facet normal 8.025270e-01 -5.690915e-17 5.966158e-01
    outer loop
      vertex   3.720928e+00 -5.062500e+00 5.185750e+00
      vertex   3.720928e+00 1.200000e+00 5.185750e+00
      vertex   3.527970e+00 -5.062500e+00 5.445303e+00
    endloop
  endfacet
  facet normal 8.025270e-01 -5.824043e-17 5.966158e-01
    outer loop
      vertex   3.720928e+00 1.200000e+00 5.185750e+00
      vertex   3.527970e+00 1.200000e+00 5.445303e+00
      vertex   3.527970e+00 -5.062500e+00 5.445303e+00
    endloop
  endfacet
  facet normal 7.802020e-01 -5.532603e-17 6.255277e-01
    outer loop
      vertex   3.527970e+00 -5.062500e+00 5.445303e+00
      vertex   3.527970e+00 1.200000e+00 5.445303e+00
      vertex   3.325662e+00 -5.062500e+00 5.697636e+00
    endloop
  endfacet
  facet normal 7.802020e-01 0.000000e+00 6.255277e-01
    outer loop
      vertex   3.527970e+00 1.200000e+00 5.445303e+00
      vertex   3.325662e+00 1.200000e+00 5.697636e+00
      vertex   3.325662e+00 -5.062500e+00 5.697636e+00
    endloop
  endfacet
  facet normal 7.568359e-01 -0.000000e+00 6.536049e-01
    outer loop
      vertex   3.325662e+00 -5.062500e+00 5.697636e+00
      vertex   3.325662e+00 1.200000e+00 5.697636e+00
      vertex   3.114273e+00 -5.062500e+00 5.942412e+00
    endloop
  endfacet
  facet normal 7.568359e-01 -6.851815e-17 6.536049e-01
    outer loop
      vertex   3.325662e+00 1.200000e+00 5.697636e+00
      vertex   3.114273e+00 1.200000e+00 5.942412e+00
      vertex   3.114273e+00 -5.062500e+00 5.942412e+00
    endloop
  endfacet
  facet normal 7.324600e-01 -5.926578e-17 6.808101e-01
    outer loop
      vertex   3.114273e+00 -5.062500e+00 5.942412e+00
      vertex   3.114273e+00 1.200000e+00 5.942412e+00
      vertex   2.894086e+00 -5.062500e+00 6.179304e+00
    endloop
  endfacet
  facet normal 7.324600e-01 0.000000e+00 6.808101e-01
    outer loop
      vertex   3.114273e+00 1.200000e+00 5.942412e+00
      vertex   2.894086e+00 1.200000e+00 6.179304e+00
      vertex   2.894086e+00 -5.062500e+00 6.179304e+00
    endloop
  endfacet
  facet normal 7.071068e-01 -0.000000e+00 7.071068e-01
    outer loop
      vertex   2.894086e+00 -5.062500e+00 6.179304e+00
      vertex   2.894086e+00 1.200000e+00 6.179304e+00
      vertex   2.665393e+00 -5.062500e+00 6.407997e+00
    endloop
  endfacet
  facet normal 7.071068e-01 -5.138861e-17 7.071068e-01
    outer loop
      vertex   2.894086e+00 1.200000e+00 6.179304e+00
      vertex   2.665393e+00 1.200000e+00 6.407997e+00
      vertex   2.665393e+00 -5.062500e+00 6.407997e+00
    endloop
  endfacet
  facet normal 6.808101e-01 -4.827791e-17 7.324600e-01
    outer loop
      vertex   2.665393e+00 -5.062500e+00 6.407997e+00
      vertex   2.665393e+00 1.200000e+00 6.407997e+00
      vertex   2.428501e+00 -5.062500e+00 6.628184e+00
    endloop
  endfacet
  facet normal 6.808101e-01 -9.935132e-17 7.324600e-01
    outer loop
      vertex   2.665393e+00 1.200000e+00 6.407997e+00
      vertex   2.428501e+00 1.200000e+00 6.628184e+00
      vertex   2.428501e+00 -5.062500e+00 6.628184e+00
    endloop
  endfacet
  facet normal 6.536049e-01 -9.269745e-17 7.568359e-01
    outer loop
      vertex   2.428501e+00 -5.062500e+00 6.628184e+00
      vertex   2.428501e+00 1.200000e+00 6.628184e+00
      vertex   2.183725e+00 -5.062500e+00 6.839573e+00
    endloop
  endfacet
  facet normal 6.536049e-01 -9.249950e-17 7.568359e-01
    outer loop
      vertex   2.428501e+00 1.200000e+00 6.628184e+00
      vertex   2.183725e+00 1.200000e+00 6.839573e+00
      vertex   2.183725e+00 -5.062500e+00 6.839573e+00
    endloop
  endfacet
  facet normal 6.255277e-01 -8.871540e-17 7.802020e-01
    outer loop
      vertex   2.183725e+00 -5.062500e+00 6.839573e+00
      vertex   2.183725e+00 1.200000e+00 6.839573e+00
      vertex   1.931392e+00 -5.062500e+00 7.041881e+00
    endloop
  endfacet
  facet normal 6.255277e-01 -8.907360e-17 7.802020e-01
    outer loop
      vertex   2.183725e+00 1.200000e+00 6.839573e+00
      vertex   1.931392e+00 1.200000e+00 7.041881e+00
      vertex   1.931392e+00 -5.062500e+00 7.041881e+00
    endloop
  endfacet
  facet normal 5.966158e-01 -8.461498e-17 8.025270e-01
    outer loop
      vertex   1.931392e+00 -5.062500e+00 7.041881e+00
      vertex   1.931392e+00 1.200000e+00 7.041881e+00
      vertex   1.671839e+00 -5.062500e+00 7.234839e+00
    endloop
  endfacet
  facet normal 5.966158e-01 -2.432394e-16 8.025270e-01
    outer loop
      vertex   1.931392e+00 1.200000e+00 7.041881e+00
      vertex   1.671839e+00 1.200000e+00 7.234839e+00
      vertex   1.671839e+00 -5.062500e+00 7.234839e+00
    endloop
  endfacet
  facet normal 5.669079e-01 -2.374352e-16 8.237812e-01
    outer loop
      vertex   1.671839e+00 -5.062500e+00 7.234839e+00
      vertex   1.671839e+00 1.200000e+00 7.234839e+00
      vertex   1.405412e+00 -5.062500e+00 7.418188e+00
    endloop
  endfacet
  facet normal 5.669079e-01 -8.222178e-17 8.237812e-01
    outer loop
      vertex   1.671839e+00 1.200000e+00 7.234839e+00
      vertex   1.405412e+00 1.200000e+00 7.418188e+00
      vertex   1.405412e+00 -5.062500e+00 7.418188e+00
    endloop
  endfacet
  facet normal 5.364435e-01 -7.608105e-17 8.439362e-01
    outer loop
      vertex   1.405412e+00 -5.062500e+00 7.418188e+00
      vertex   1.405412e+00 1.200000e+00 7.418188e+00
      vertex   1.132466e+00 -5.062500e+00 7.591685e+00
    endloop
  endfacet
  facet normal 5.364435e-01 1.712954e-17 8.439362e-01
    outer loop
      vertex   1.405412e+00 1.200000e+00 7.418188e+00
      vertex   1.132466e+00 1.200000e+00 7.591685e+00
      vertex   1.132466e+00 -5.062500e+00 7.591685e+00
    endloop
  endfacet
  facet normal 5.052634e-01 1.791473e-17 8.629652e-01
    outer loop
      vertex   1.132466e+00 -5.062500e+00 7.591685e+00
      vertex   1.132466e+00 1.200000e+00 7.591685e+00
      vertex   8.533655e-01 -5.062500e+00 7.755097e+00
    endloop
  endfacet
  facet normal 5.052634e-01 -5.138861e-17 8.629652e-01
    outer loop
      vertex   1.132466e+00 1.200000e+00 7.591685e+00
      vertex   8.533655e-01 1.200000e+00 7.755097e+00
      vertex   8.533655e-01 -5.062500e+00 7.755097e+00
    endloop
  endfacet
  facet normal 4.734091e-01 -5.035589e-17 8.808427e-01
    outer loop
      vertex   8.533655e-01 -5.062500e+00 7.755097e+00
      vertex   8.533655e-01 1.200000e+00 7.755097e+00
      vertex   5.684834e-01 -5.062500e+00 7.908207e+00
    endloop
  endfacet
  facet normal 4.734091e-01 -1.027772e-17 8.808427e-01
    outer loop
      vertex   8.533655e-01 1.200000e+00 7.755097e+00
      vertex   5.684834e-01 1.200000e+00 7.908207e+00
      vertex   5.684834e-01 -5.062500e+00 7.908207e+00
    endloop
  endfacet
  facet normal 4.409231e-01 -7.816733e-18 8.975449e-01
    outer loop
      vertex   5.684834e-01 -5.062500e+00 7.908207e+00
      vertex   5.684834e-01 1.200000e+00 7.908207e+00
      vertex   2.781994e-01 -5.062500e+00 8.050810e+00
    endloop
  endfacet
  facet normal 4.409231e-01 -1.027772e-17 8.975449e-01
    outer loop
      vertex   5.684834e-01 1.200000e+00 7.908207e+00
      vertex   2.781994e-01 1.200000e+00 8.050810e+00
      vertex   2.781994e-01 -5.062500e+00 8.050810e+00
    endloop
  endfacet
  facet normal 4.078487e-01 -7.230388e-18 9.130495e-01
    outer loop
      vertex   2.781994e-01 -5.062500e+00 8.050810e+00
      vertex   2.781994e-01 1.200000e+00 8.050810e+00
      vertex   -1.709908e-02 -5.062500e+00 8.182717e+00
    endloop
  endfacet
  facet normal 4.078487e-01 -1.027772e-17 9.130495e-01
    outer loop
      vertex   2.781994e-01 1.200000e+00 8.050810e+00
      vertex   -1.709908e-02 1.200000e+00 8.182717e+00
      vertex   -1.709908e-02 -5.062500e+00 8.182717e+00
    endloop
  endfacet
  facet normal 3.742302e-01 -8.707644e-18 9.273358e-01
    outer loop
      vertex   -1.709908e-02 -5.062500e+00 8.182717e+00
      vertex   -1.709908e-02 1.200000e+00 8.182717e+00
      vertex   -3.170180e-01 -5.062500e+00 8.303750e+00
    endloop
  endfacet
  facet normal 3.742302e-01 -6.851815e-18 9.273358e-01
    outer loop
      vertex   -1.709908e-02 1.200000e+00 8.182717e+00
      vertex   -3.170180e-01 1.200000e+00 8.303750e+00
      vertex   -3.170180e-01 -5.062500e+00 8.303750e+00
    endloop
  endfacet
  facet normal 3.401124e-01 -6.029550e-18 9.403848e-01
    outer loop
      vertex   -3.170180e-01 -5.062500e+00 8.303750e+00
      vertex   -3.170180e-01 1.200000e+00 8.303750e+00
      vertex   -6.211573e-01 -5.062500e+00 8.413749e+00
    endloop
  endfacet
  facet normal 3.401124e-01 -6.851815e-18 9.403848e-01
    outer loop
      vertex   -3.170180e-01 1.200000e+00 8.303750e+00
      vertex   -6.211573e-01 1.200000e+00 8.413749e+00
      vertex   -6.211573e-01 -5.062500e+00 8.413749e+00
    endloop
  endfacet
  facet normal 3.055407e-01 -5.416660e-18 9.521790e-01
    outer loop
      vertex   -6.211573e-01 -5.062500e+00 8.413749e+00
      vertex   -6.211573e-01 1.200000e+00 8.413749e+00
      vertex   -9.291110e-01 -5.062500e+00 8.512567e+00
    endloop
  endfacet
  facet normal 3.055407e-01 -6.851815e-18 9.521790e-01
    outer loop
      vertex   -6.211573e-01 1.200000e+00 8.413749e+00
      vertex   -9.291110e-01 1.200000e+00 8.512567e+00
      vertex   -9.291110e-01 -5.062500e+00 8.512567e+00
    endloop
  endfacet
  facet normal 2.705614e-01 -4.796542e-18 9.627027e-01
    outer loop
      vertex   -9.291110e-01 -5.062500e+00 8.512567e+00
      vertex   -9.291110e-01 1.200000e+00 8.512567e+00
      vertex   -1.240468e+00 -5.062500e+00 8.600072e+00
    endloop
  endfacet
  facet normal 2.705614e-01 -1.884249e-17 9.627027e-01
    outer loop
      vertex   -9.291110e-01 1.200000e+00 8.512567e+00
      vertex   -1.240468e+00 1.200000e+00 8.600072e+00
      vertex   -1.240468e+00 -5.062500e+00 8.600072e+00
    endloop
  endfacet
  facet normal 2.352210e-01 -1.668010e-17 9.719419e-01
    outer loop
      vertex   -1.240468e+00 -5.062500e+00 8.600072e+00
      vertex   -1.240468e+00 1.200000e+00 8.600072e+00
      vertex   -1.554814e+00 -5.062500e+00 8.676147e+00
    endloop
  endfacet
  facet normal 2.352210e-01 0.000000e+00 9.719419e-01
    outer loop
      vertex   -1.240468e+00 1.200000e+00 8.600072e+00
      vertex   -1.554814e+00 1.200000e+00 8.676147e+00
      vertex   -1.554814e+00 -5.062500e+00 8.676147e+00
    endloop
  endfacet
  facet normal 1.995668e-01 -0.000000e+00 9.798842e-01
    outer loop
      vertex   -1.554814e+00 -5.062500e+00 8.676147e+00
      vertex   -1.554814e+00 1.200000e+00 8.676147e+00
      vertex   -1.871728e+00 -5.062500e+00 8.740691e+00
    endloop
  endfacet
  facet normal 1.995668e-01 -6.851815e-18 9.798842e-01
    outer loop
      vertex   -1.554814e+00 1.200000e+00 8.676147e+00
      vertex   -1.871728e+00 1.200000e+00 8.740691e+00
      vertex   -1.871728e+00 -5.062500e+00 8.740691e+00
    endloop
  endfacet
  facet normal 1.636463e-01 -5.802280e-18 9.865191e-01
    outer loop
      vertex   -1.871728e+00 -5.062500e+00 8.740691e+00
      vertex   -1.871728e+00 1.200000e+00 8.740691e+00
      vertex   -2.190788e+00 -5.062500e+00 8.793618e+00
    endloop
  endfacet
  facet normal 1.636463e-01 0.000000e+00 9.865191e-01
    outer loop
      vertex   -1.871728e+00 1.200000e+00 8.740691e+00
      vertex   -2.190788e+00 1.200000e+00 8.793618e+00
      vertex   -2.190788e+00 -5.062500e+00 8.793618e+00
    endloop
  endfacet
  facet normal 1.275075e-01 -0.000000e+00 9.918376e-01
    outer loop
      vertex   -2.190788e+00 -5.062500e+00 8.793618e+00
      vertex   -2.190788e+00 1.200000e+00 8.793618e+00
      vertex   -2.511568e+00 -5.062500e+00 8.834856e+00
    endloop
  endfacet
  facet normal 1.275075e-01 0.000000e+00 9.918376e-01
    outer loop
      vertex   -2.190788e+00 1.200000e+00 8.793618e+00
      vertex   -2.511568e+00 1.200000e+00 8.834856e+00
      vertex   -2.511568e+00 -5.062500e+00 8.834856e+00
    endloop
  endfacet
  facet normal 9.119847e-02 -0.000000e+00 9.958327e-01
    outer loop
      vertex   -2.511568e+00 -5.062500e+00 8.834856e+00
      vertex   -2.511568e+00 1.200000e+00 8.834856e+00
      vertex   -2.833640e+00 -5.062500e+00 8.864352e+00
    endloop
  endfacet
  facet normal 9.119847e-02 0.000000e+00 9.958327e-01
    outer loop
      vertex   -2.511568e+00 1.200000e+00 8.834856e+00
      vertex   -2.833640e+00 1.200000e+00 8.864352e+00
      vertex   -2.833640e+00 -5.062500e+00 8.864352e+00
    endloop
  endfacet
  facet normal 5.476780e-02 -0.000000e+00 9.984991e-01
    outer loop
      vertex   -2.833640e+00 -5.062500e+00 8.864352e+00
      vertex   -2.833640e+00 1.200000e+00 8.864352e+00
      vertex   -3.156575e+00 -5.062500e+00 8.882065e+00
    endloop
  endfacet
  facet normal 5.476780e-02 0.000000e+00 9.984991e-01
    outer loop
      vertex   -2.833640e+00 1.200000e+00 8.864352e+00
      vertex   -3.156575e+00 1.200000e+00 8.882065e+00
      vertex   -3.156575e+00 -5.062500e+00 8.882065e+00
    endloop
  endfacet
  facet normal 1.826406e-02 -0.000000e+00 9.998332e-01
    outer loop
      vertex   -3.156575e+00 -5.062500e+00 8.882065e+00
      vertex   -3.156575e+00 1.200000e+00 8.882065e+00
      vertex   -3.479941e+00 -5.062500e+00 8.887972e+00
    endloop
  endfacet
  facet normal 1.826406e-02 0.000000e+00 9.998332e-01
    outer loop
      vertex   -3.156575e+00 1.200000e+00 8.882065e+00
      vertex   -3.479941e+00 1.200000e+00 8.887972e+00
      vertex   -3.479941e+00 -5.062500e+00 8.887972e+00
    endloop
  endfacet
  facet normal -1.826406e-02 0.000000e+00 9.998332e-01
    outer loop
      vertex   -3.479941e+00 -5.062500e+00 8.887972e+00
      vertex   -3.479941e+00 1.200000e+00 8.887972e+00
      vertex   -3.803307e+00 -5.062500e+00 8.882065e+00
    endloop
  endfacet
  facet normal -1.826406e-02 0.000000e+00 9.998332e-01
    outer loop
      vertex   -3.479941e+00 1.200000e+00 8.887972e+00
      vertex   -3.803307e+00 1.200000e+00 8.882065e+00
      vertex   -3.803307e+00 -5.062500e+00 8.882065e+00
    endloop
  endfacet
  facet normal -5.476780e-02 0.000000e+00 9.984991e-01
    outer loop
      vertex   -3.803307e+00 -5.062500e+00 8.882065e+00
      vertex   -3.803307e+00 1.200000e+00 8.882065e+00
      vertex   -4.126242e+00 -5.062500e+00 8.864352e+00
    endloop
  endfacet
  facet normal -5.476780e-02 0.000000e+00 9.984991e-01
    outer loop
      vertex   -3.803307e+00 1.200000e+00 8.882065e+00
      vertex   -4.126242e+00 1.200000e+00 8.864352e+00
      vertex   -4.126242e+00 -5.062500e+00 8.864352e+00
    endloop
  endfacet
  facet normal -9.119847e-02 0.000000e+00 9.958327e-01
    outer loop
      vertex   -4.126242e+00 -5.062500e+00 8.864352e+00
      vertex   -4.126242e+00 1.200000e+00 8.864352e+00
      vertex   -4.448314e+00 -5.062500e+00 8.834856e+00
    endloop
  endfacet
  facet normal -9.119847e-02 0.000000e+00 9.958327e-01
    outer loop
      vertex   -4.126242e+00 1.200000e+00 8.864352e+00
      vertex   -4.448314e+00 1.200000e+00 8.834856e+00
      vertex   -4.448314e+00 -5.062500e+00 8.834856e+00
    endloop
  endfacet
  facet normal -1.275075e-01 0.000000e+00 9.918376e-01
    outer loop
      vertex   -4.448314e+00 -5.062500e+00 8.834856e+00
      vertex   -4.448314e+00 1.200000e+00 8.834856e+00
      vertex   -4.769094e+00 -5.062500e+00 8.793618e+00
    endloop
  endfacet
  facet normal -1.275075e-01 0.000000e+00 9.918376e-01
    outer loop
      vertex   -4.448314e+00 1.200000e+00 8.834856e+00
      vertex   -4.769094e+00 1.200000e+00 8.793618e+00
      vertex   -4.769094e+00 -5.062500e+00 8.793618e+00
    endloop
  endfacet
  facet normal -1.636463e-01 0.000000e+00 9.865191e-01
    outer loop
      vertex   -4.769094e+00 -5.062500e+00 8.793618e+00
      vertex   -4.769094e+00 1.200000e+00 8.793618e+00
      vertex   -5.088154e+00 -5.062500e+00 8.740691e+00
    endloop
  endfacet
  facet normal -1.636463e-01 2.398135e-17 9.865191e-01
    outer loop
      vertex   -4.769094e+00 1.200000e+00 8.793618e+00
      vertex   -5.088154e+00 1.200000e+00 8.740691e+00
      vertex   -5.088154e+00 -5.062500e+00 8.740691e+00
    endloop
  endfacet
  facet normal 4.831338e-02 9.226215e-15 9.988322e-01
    outer loop
      vertex   -1.429683e-01 2.500000e+00 -1.222636e+00
      vertex   -1.429683e-01 -3.250000e-01 -1.222636e+00
      vertex   -2.111952e-02 2.500000e+00 -1.228530e+00
    endloop
  endfacet
  facet normal 4.831338e-02 -2.332383e-14 9.988322e-01
    outer loop
      vertex   -2.111952e-02 2.500000e+00 -1.228530e+00
      vertex   -1.429683e-01 -3.250000e-01 -1.222636e+00
      vertex   -2.111952e-02 -3.250000e-01 -1.228530e+00
    endloop
  endfacet
  facet normal -4.831338e-02 -4.939074e-15 9.988322e-01
    outer loop
      vertex   -2.111952e-02 2.500000e+00 -1.228530e+00
      vertex   -2.111952e-02 -3.250000e-01 -1.228530e+00
      vertex   1.007293e-01 2.500000e+00 -1.222636e+00
    endloop
  endfacet
  facet normal -4.831338e-02 -9.226215e-15 9.988322e-01
    outer loop
      vertex   1.007293e-01 2.500000e+00 -1.222636e+00
      vertex   -2.111952e-02 -3.250000e-01 -1.228530e+00
      vertex   1.007293e-01 -3.250000e-01 -1.222636e+00
    endloop
  endfacet
  facet normal -1.444890e-01 9.149275e-15 9.895064e-01
    outer loop
      vertex   1.007293e-01 2.500000e+00 -1.222636e+00
      vertex   1.007293e-01 -3.250000e-01 -1.222636e+00
      vertex   2.214405e-01 2.500000e+00 -1.205010e+00
    endloop
  endfacet
  facet normal -1.444890e-01 -9.198638e-15 9.895064e-01
    outer loop
      vertex   2.214405e-01 2.500000e+00 -1.205010e+00
      vertex   1.007293e-01 -3.250000e-01 -1.222636e+00
      vertex   2.214405e-01 -3.250000e-01 -1.205010e+00
    endloop
  endfacet
  facet normal -2.393157e-01 9.177878e-15 9.709418e-01
    outer loop
      vertex   2.214405e-01 2.500000e+00 -1.205010e+00
      vertex   2.214405e-01 -3.250000e-01 -1.205010e+00
      vertex   3.398869e-01 2.500000e+00 -1.175815e+00
    endloop
  endfacet
  facet normal -2.393157e-01 -9.122884e-15 9.709418e-01
    outer loop
      vertex   3.398869e-01 2.500000e+00 -1.175815e+00
      vertex   2.214405e-01 -3.250000e-01 -1.205010e+00
      vertex   3.398869e-01 -3.250000e-01 -1.175815e+00
    endloop
  endfacet
  facet normal -3.319079e-01 9.251195e-15 9.433118e-01
    outer loop
      vertex   3.398869e-01 2.500000e+00 -1.175815e+00
      vertex   3.398869e-01 -3.250000e-01 -1.175815e+00
      vertex   4.549627e-01 2.500000e+00 -1.135325e+00
    endloop
  endfacet
  facet normal -3.319079e-01 -9.169525e-15 9.433118e-01
    outer loop
      vertex   4.549627e-01 2.500000e+00 -1.135325e+00
      vertex   3.398869e-01 -3.250000e-01 -1.175815e+00
      vertex   4.549627e-01 -3.250000e-01 -1.135325e+00
    endloop
  endfacet
  facet normal -4.214011e-01 9.202453e-15 9.068744e-01
    outer loop
      vertex   4.549627e-01 2.500000e+00 -1.135325e+00
      vertex   4.549627e-01 -3.250000e-01 -1.135325e+00
      vertex   5.655935e-01 2.500000e+00 -1.083918e+00
    endloop
  endfacet
  facet normal -4.214011e-01 -9.226192e-15 9.068744e-01
    outer loop
      vertex   5.655935e-01 2.500000e+00 -1.083918e+00
      vertex   4.549627e-01 -3.250000e-01 -1.135325e+00
      vertex   5.655935e-01 -3.250000e-01 -1.083918e+00
    endloop
  endfacet
  facet normal -5.069599e-01 9.152609e-15 8.619697e-01
    outer loop
      vertex   5.655935e-01 2.500000e+00 -1.083918e+00
      vertex   5.655935e-01 -3.250000e-01 -1.083918e+00
      vertex   6.707463e-01 2.500000e+00 -1.022073e+00
    endloop
  endfacet
  facet normal -5.069599e-01 -9.207071e-15 8.619697e-01
    outer loop
      vertex   6.707463e-01 2.500000e+00 -1.022073e+00
      vertex   5.655935e-01 -3.250000e-01 -1.083918e+00
      vertex   6.707463e-01 -3.250000e-01 -1.022073e+00
    endloop
  endfacet
  facet normal -5.877853e-01 9.166860e-15 8.090170e-01
    outer loop
      vertex   6.707463e-01 2.500000e+00 -1.022073e+00
      vertex   6.707463e-01 -3.250000e-01 -1.022073e+00
      vertex   7.694393e-01 2.500000e+00 -9.503688e-01
    endloop
  endfacet
  facet normal -5.877853e-01 -9.195173e-15 8.090170e-01
    outer loop
      vertex   7.694393e-01 2.500000e+00 -9.503688e-01
      vertex   6.707463e-01 -3.250000e-01 -1.022073e+00
      vertex   7.694393e-01 -3.250000e-01 -9.503688e-01
    endloop
  endfacet
  facet normal -6.631227e-01 9.172466e-15 7.485107e-01
    outer loop
      vertex   7.694393e-01 2.500000e+00 -9.503688e-01
      vertex   7.694393e-01 -3.250000e-01 -9.503688e-01
      vertex   8.607511e-01 2.500000e+00 -8.694736e-01
    endloop
  endfacet
  facet normal -6.631227e-01 -9.120553e-15 7.485107e-01
    outer loop
      vertex   8.607511e-01 2.500000e+00 -8.694736e-01
      vertex   7.694393e-01 -3.250000e-01 -9.503688e-01
      vertex   8.607511e-01 -3.250000e-01 -8.694736e-01
    endloop
  endfacet
  facet normal -7.322687e-01 9.250214e-15 6.810159e-01
    outer loop
      vertex   8.607511e-01 2.500000e+00 -8.694736e-01
      vertex   8.607511e-01 -3.250000e-01 -8.694736e-01
      vertex   9.438291e-01 2.500000e+00 -7.801432e-01
    endloop
  endfacet
  facet normal -7.322687e-01 -9.129575e-15 6.810159e-01
    outer loop
      vertex   9.438291e-01 2.500000e+00 -7.801432e-01
      vertex   8.607511e-01 -3.250000e-01 -8.694736e-01
      vertex   9.438291e-01 -3.250000e-01 -7.801432e-01
    endloop
  endfacet
  facet normal -7.945777e-01 9.243231e-15 6.071625e-01
    outer loop
      vertex   9.438291e-01 2.500000e+00 -7.801432e-01
      vertex   9.438291e-01 -3.250000e-01 -7.801432e-01
      vertex   1.017898e+00 2.500000e+00 -6.832117e-01
    endloop
  endfacet
  facet normal -7.945777e-01 -9.118579e-15 6.071625e-01
    outer loop
      vertex   1.017898e+00 2.500000e+00 -6.832117e-01
      vertex   9.438291e-01 -3.250000e-01 -7.801432e-01
      vertex   1.017898e+00 -3.250000e-01 -6.832117e-01
    endloop
  endfacet
  facet normal -8.494679e-01 9.255173e-15 5.276402e-01
    outer loop
      vertex   1.017898e+00 2.500000e+00 -6.832117e-01
      vertex   1.017898e+00 -3.250000e-01 -6.832117e-01
      vertex   1.082265e+00 2.500000e+00 -5.795840e-01
    endloop
  endfacet
  facet normal -8.494679e-01 -9.153518e-15 5.276402e-01
    outer loop
      vertex   1.082265e+00 2.500000e+00 -5.795840e-01
      vertex   1.017898e+00 -3.250000e-01 -6.832117e-01
      vertex   1.082265e+00 -3.250000e-01 -5.795840e-01
    endloop
  endfacet
  facet normal -8.964269e-01 9.219068e-15 4.431915e-01
    outer loop
      vertex   1.082265e+00 2.500000e+00 -5.795840e-01
      vertex   1.082265e+00 -3.250000e-01 -5.795840e-01
      vertex   1.136331e+00 2.500000e+00 -4.702277e-01
    endloop
  endfacet
  facet normal -8.964269e-01 -9.253189e-15 4.431915e-01
    outer loop
      vertex   1.136331e+00 2.500000e+00 -4.702277e-01
      vertex   1.082265e+00 -3.250000e-01 -5.795840e-01
      vertex   1.136331e+00 -3.250000e-01 -4.702277e-01
    endloop
  endfacet
  facet normal -9.350162e-01 9.113995e-15 3.546049e-01
    outer loop
      vertex   1.136331e+00 2.500000e+00 -4.702277e-01
      vertex   1.136331e+00 -3.250000e-01 -4.702277e-01
      vertex   1.179589e+00 2.500000e+00 -3.561639e-01
    endloop
  endfacet
  facet normal -9.350162e-01 -9.140200e-15 3.546049e-01
    outer loop
      vertex   1.179589e+00 2.500000e+00 -3.561639e-01
      vertex   1.136331e+00 -3.250000e-01 -4.702277e-01
      vertex   1.179589e+00 -3.250000e-01 -3.561639e-01
    endloop
  endfacet
  facet normal -9.648756e-01 9.230317e-15 2.627074e-01
    outer loop
      vertex   1.179589e+00 2.500000e+00 -3.561639e-01
      vertex   1.179589e+00 -3.250000e-01 -3.561639e-01
      vertex   1.211637e+00 2.500000e+00 -2.384575e-01
    endloop
  endfacet
  facet normal -9.648756e-01 -9.181796e-15 2.627074e-01
    outer loop
      vertex   1.211637e+00 2.500000e+00 -2.384575e-01
      vertex   1.179589e+00 -3.250000e-01 -3.561639e-01
      vertex   1.211637e+00 -3.250000e-01 -2.384575e-01
    endloop
  endfacet
  facet normal -9.857261e-01 9.189167e-15 1.683570e-01
    outer loop
      vertex   1.211637e+00 2.500000e+00 -2.384575e-01
      vertex   1.211637e+00 -3.250000e-01 -2.384575e-01
      vertex   1.232175e+00 2.500000e+00 -1.182075e-01
    endloop
  endfacet
  facet normal -9.857261e-01 -9.151801e-15 1.683570e-01
    outer loop
      vertex   1.232175e+00 2.500000e+00 -1.182075e-01
      vertex   1.211637e+00 -3.250000e-01 -2.384575e-01
      vertex   1.232175e+00 -3.250000e-01 -1.182075e-01
    endloop
  endfacet
  facet normal -9.973731e-01 9.219677e-15 7.243480e-02
    outer loop
      vertex   1.232175e+00 2.500000e+00 -1.182075e-01
      vertex   1.232175e+00 -3.250000e-01 -1.182075e-01
      vertex   1.241012e+00 2.500000e+00 3.463344e-03
    endloop
  endfacet
  facet normal -9.973731e-01 -9.221008e-15 7.243480e-02
    outer loop
      vertex   1.241012e+00 2.500000e+00 3.463344e-03
      vertex   1.232175e+00 -3.250000e-01 -1.182075e-01
      vertex   1.241012e+00 -3.250000e-01 3.463344e-03
    endloop
  endfacet
  facet normal -9.997080e-01 9.150311e-15 -2.416375e-02
    outer loop
      vertex   1.241012e+00 2.500000e+00 3.463344e-03
      vertex   1.241012e+00 -3.250000e-01 3.463344e-03
      vertex   1.238064e+00 2.500000e+00 1.254190e-01
    endloop
  endfacet
  facet normal -9.997080e-01 -9.168740e-15 -2.416375e-02
    outer loop
      vertex   1.238064e+00 2.500000e+00 1.254190e-01
      vertex   1.241012e+00 -3.250000e-01 3.463344e-03
      vertex   1.238064e+00 -3.250000e-01 1.254190e-01
    endloop
  endfacet
  facet normal -9.927089e-01 9.202924e-15 -1.205367e-01
    outer loop
      vertex   1.238064e+00 2.500000e+00 1.254190e-01
      vertex   1.238064e+00 -3.250000e-01 1.254190e-01
      vertex   1.223360e+00 2.500000e+00 2.465208e-01
    endloop
  endfacet
  facet normal -9.927089e-01 -9.244961e-15 -1.205367e-01
    outer loop
      vertex   1.223360e+00 2.500000e+00 2.465208e-01
      vertex   1.238064e+00 -3.250000e-01 1.254190e-01
      vertex   1.223360e+00 -3.250000e-01 2.465208e-01
    endloop
  endfacet
  facet normal -9.764411e-01 9.127211e-15 -2.157842e-01
    outer loop
      vertex   1.223360e+00 2.500000e+00 2.465208e-01
      vertex   1.223360e+00 -3.250000e-01 2.465208e-01
      vertex   1.197036e+00 2.500000e+00 3.656381e-01
    endloop
  endfacet
  facet normal -9.764411e-01 -9.153246e-15 -2.157842e-01
    outer loop
      vertex   1.197036e+00 2.500000e+00 3.656381e-01
      vertex   1.223360e+00 -3.250000e-01 2.465208e-01
      vertex   1.197036e+00 -3.250000e-01 3.656381e-01
    endloop
  endfacet
  facet normal -9.510565e-01 9.215639e-15 -3.090170e-01
    outer loop
      vertex   1.197036e+00 2.500000e+00 3.656381e-01
      vertex   1.197036e+00 -3.250000e-01 3.656381e-01
      vertex   1.159338e+00 2.500000e+00 4.816587e-01
    endloop
  endfacet
  facet normal -9.510565e-01 -9.128293e-15 -3.090170e-01
    outer loop
      vertex   1.159338e+00 2.500000e+00 4.816587e-01
      vertex   1.197036e+00 -3.250000e-01 3.656381e-01
      vertex   1.159338e+00 -3.250000e-01 4.816587e-01
    endloop
  endfacet
  facet normal -9.167922e-01 9.241138e-15 -3.993646e-01
    outer loop
      vertex   1.159338e+00 2.500000e+00 4.816587e-01
      vertex   1.159338e+00 -3.250000e-01 4.816587e-01
      vertex   1.110619e+00 2.500000e+00 5.934994e-01
    endloop
  endfacet
  facet normal -9.167922e-01 -9.106764e-15 -3.993646e-01
    outer loop
      vertex   1.110619e+00 2.500000e+00 5.934994e-01
      vertex   1.159338e+00 -3.250000e-01 4.816587e-01
      vertex   1.110619e+00 -3.250000e-01 5.934994e-01
    endloop
  endfacet
  facet normal -8.739680e-01 9.261836e-15 -4.859834e-01
    outer loop
      vertex   1.110619e+00 2.500000e+00 5.934994e-01
      vertex   1.110619e+00 -3.250000e-01 5.934994e-01
      vertex   1.051334e+00 2.500000e+00 7.001159e-01
    endloop
  endfacet
  facet normal -8.739680e-01 -9.224579e-15 -4.859834e-01
    outer loop
      vertex   1.051334e+00 2.500000e+00 7.001159e-01
      vertex   1.110619e+00 -3.250000e-01 5.934994e-01
      vertex   1.051334e+00 -3.250000e-01 7.001159e-01
    endloop
  endfacet
  facet normal -8.229839e-01 9.150805e-15 -5.680647e-01
    outer loop
      vertex   1.051334e+00 2.500000e+00 7.001159e-01
      vertex   1.051334e+00 -3.250000e-01 7.001159e-01
      vertex   9.820348e-01 2.500000e+00 8.005127e-01
    endloop
  endfacet
  facet normal -8.229839e-01 -9.152744e-15 -5.680647e-01
    outer loop
      vertex   9.820348e-01 2.500000e+00 8.005127e-01
      vertex   1.051334e+00 -3.250000e-01 7.001159e-01
      vertex   9.820348e-01 -3.250000e-01 8.005127e-01
    endloop
  endfacet
  facet normal -7.643157e-01 9.220669e-15 -6.448422e-01
    outer loop
      vertex   9.820348e-01 2.500000e+00 8.005127e-01
      vertex   9.820348e-01 -3.250000e-01 8.005127e-01
      vertex   9.033697e-01 2.500000e+00 8.937526e-01
    endloop
  endfacet
  facet normal -7.643157e-01 -9.181441e-15 -6.448422e-01
    outer loop
      vertex   9.033697e-01 2.500000e+00 8.937526e-01
      vertex   9.820348e-01 -3.250000e-01 8.005127e-01
      vertex   9.033697e-01 -3.250000e-01 8.937526e-01
    endloop
  endfacet
  facet normal -6.985114e-01 9.186558e-15 -7.155990e-01
    outer loop
      vertex   9.033697e-01 2.500000e+00 8.937526e-01
      vertex   9.033697e-01 -3.250000e-01 8.937526e-01
      vertex   8.160728e-01 2.500000e+00 9.789649e-01
    endloop
  endfacet
  facet normal -6.985114e-01 -9.071995e-15 -7.155990e-01
    outer loop
      vertex   8.160728e-01 2.500000e+00 9.789649e-01
      vertex   9.033697e-01 -3.250000e-01 8.937526e-01
      vertex   8.160728e-01 -3.250000e-01 9.789649e-01
    endloop
  endfacet
  facet normal -6.261852e-01 9.297988e-15 -7.796744e-01
    outer loop
      vertex   8.160728e-01 2.500000e+00 9.789649e-01
      vertex   8.160728e-01 -3.250000e-01 9.789649e-01
      vertex   7.209594e-01 2.500000e+00 1.055354e+00
    endloop
  endfacet
  facet normal -6.261852e-01 -9.151728e-15 -7.796744e-01
    outer loop
      vertex   7.209594e-01 2.500000e+00 1.055354e+00
      vertex   8.160728e-01 -3.250000e-01 9.789649e-01
      vertex   7.209594e-01 -3.250000e-01 1.055354e+00
    endloop
  endfacet
  facet normal -5.480125e-01 9.217725e-15 -8.364701e-01
    outer loop
      vertex   7.209594e-01 2.500000e+00 1.055354e+00
      vertex   7.209594e-01 -3.250000e-01 1.055354e+00
      vertex   6.189173e-01 2.500000e+00 1.122207e+00
    endloop
  endfacet
  facet normal -5.480125e-01 -9.182011e-15 -8.364701e-01
    outer loop
      vertex   6.189173e-01 2.500000e+00 1.122207e+00
      vertex   7.209594e-01 -3.250000e-01 1.055354e+00
      vertex   6.189173e-01 -3.250000e-01 1.122207e+00
    endloop
  endfacet
  facet normal -4.647232e-01 9.184679e-15 -8.854560e-01
    outer loop
      vertex   6.189173e-01 2.500000e+00 1.122207e+00
      vertex   6.189173e-01 -3.250000e-01 1.122207e+00
      vertex   5.108994e-01 2.500000e+00 1.178899e+00
    endloop
  endfacet
  facet normal -4.647232e-01 -9.115444e-15 -8.854560e-01
    outer loop
      vertex   5.108994e-01 2.500000e+00 1.178899e+00
      vertex   6.189173e-01 -3.250000e-01 1.122207e+00
      vertex   5.108994e-01 -3.250000e-01 1.178899e+00
    endloop
  endfacet
  facet normal -3.770948e-01 9.253495e-15 -9.261746e-01
    outer loop
      vertex   5.108994e-01 2.500000e+00 1.178899e+00
      vertex   5.108994e-01 -3.250000e-01 1.178899e+00
      vertex   3.979141e-01 2.500000e+00 1.224901e+00
    endloop
  endfacet
  facet normal -3.770948e-01 -9.224579e-15 -9.261746e-01
    outer loop
      vertex   3.979141e-01 2.500000e+00 1.224901e+00
      vertex   5.108994e-01 -3.250000e-01 1.178899e+00
      vertex   3.979141e-01 -3.250000e-01 1.224901e+00
    endloop
  endfacet
  facet normal -2.859457e-01 9.138889e-15 -9.582458e-01
    outer loop
      vertex   3.979141e-01 2.500000e+00 1.224901e+00
      vertex   3.979141e-01 -3.250000e-01 1.224901e+00
      vertex   2.810165e-01 2.500000e+00 1.259784e+00
    endloop
  endfacet
  facet normal -2.859457e-01 -9.162867e-15 -9.582458e-01
    outer loop
      vertex   2.810165e-01 2.500000e+00 1.259784e+00
      vertex   3.979141e-01 -3.250000e-01 1.224901e+00
      vertex   2.810165e-01 -3.250000e-01 1.259784e+00
    endloop
  endfacet
  facet normal -1.921267e-01 9.204026e-15 -9.813701e-01
    outer loop
      vertex   2.810165e-01 2.500000e+00 1.259784e+00
      vertex   2.810165e-01 -3.250000e-01 1.259784e+00
      vertex   1.612979e-01 2.500000e+00 1.283222e+00
    endloop
  endfacet
  facet normal -1.921267e-01 -9.141455e-15 -9.813701e-01
    outer loop
      vertex   1.612979e-01 2.500000e+00 1.283222e+00
      vertex   2.810165e-01 -3.250000e-01 1.259784e+00
      vertex   1.612979e-01 -3.250000e-01 1.283222e+00
    endloop
  endfacet
  facet normal -9.651392e-02 9.227325e-15 -9.953316e-01
    outer loop
      vertex   1.612979e-01 2.500000e+00 1.283222e+00
      vertex   1.612979e-01 -3.250000e-01 1.283222e+00
      vertex   3.987612e-02 2.500000e+00 1.294996e+00
    endloop
  endfacet
  facet normal -9.651392e-02 -9.093399e-15 -9.953316e-01
    outer loop
      vertex   3.987612e-02 2.500000e+00 1.294996e+00
      vertex   1.612979e-01 -3.250000e-01 1.283222e+00
      vertex   3.987612e-02 -3.250000e-01 1.294996e+00
    endloop
  endfacet
  facet normal 0.000000e+00 9.274783e-15 -1.000000e+00
    outer loop
      vertex   3.987612e-02 2.500000e+00 1.294996e+00
      vertex   3.987612e-02 -3.250000e-01 1.294996e+00
      vertex   -8.211516e-02 2.500000e+00 1.294996e+00
    endloop
  endfacet
  facet normal -4.295596e-13 -9.274783e-15 -1.000000e+00
    outer loop
      vertex   -8.211516e-02 2.500000e+00 1.294996e+00
      vertex   3.987612e-02 -3.250000e-01 1.294996e+00
      vertex   -8.211516e-02 -3.250000e-01 1.294996e+00
    endloop
  endfacet
  facet normal 9.651392e-02 9.093873e-15 -9.953316e-01
    outer loop
      vertex   -8.211516e-02 2.500000e+00 1.294996e+00
      vertex   -8.211516e-02 -3.250000e-01 1.294996e+00
      vertex   -2.035369e-01 2.500000e+00 1.283222e+00
    endloop
  endfacet
  facet normal 9.651392e-02 -9.069910e-15 -9.953316e-01
    outer loop
      vertex   -2.035369e-01 2.500000e+00 1.283222e+00
      vertex   -8.211516e-02 -3.250000e-01 1.294996e+00
      vertex   -2.035369e-01 -3.250000e-01 1.283222e+00
    endloop
  endfacet
  facet normal 1.921267e-01 9.297614e-15 -9.813701e-01
    outer loop
      vertex   -2.035369e-01 2.500000e+00 1.283222e+00
      vertex   -2.035369e-01 -3.250000e-01 1.283222e+00
      vertex   -3.232555e-01 2.500000e+00 1.259784e+00
    endloop
  endfacet
  facet normal 1.921267e-01 -9.126890e-15 -9.813701e-01
    outer loop
      vertex   -3.232555e-01 2.500000e+00 1.259784e+00
      vertex   -2.035369e-01 -3.250000e-01 1.283222e+00
      vertex   -3.232555e-01 -3.250000e-01 1.259784e+00
    endloop
  endfacet
  facet normal 2.859457e-01 9.238185e-15 -9.582458e-01
    outer loop
      vertex   -3.232555e-01 2.500000e+00 1.259784e+00
      vertex   -3.232555e-01 -3.250000e-01 1.259784e+00
      vertex   -4.401532e-01 2.500000e+00 1.224901e+00
    endloop
  endfacet
  facet normal 2.859457e-01 -9.214207e-15 -9.582458e-01
    outer loop
      vertex   -4.401532e-01 2.500000e+00 1.224901e+00
      vertex   -3.232555e-01 -3.250000e-01 1.259784e+00
      vertex   -4.401532e-01 -3.250000e-01 1.224901e+00
    endloop
  endfacet
  facet normal 3.770948e-01 9.151782e-15 -9.261746e-01
    outer loop
      vertex   -4.401532e-01 2.500000e+00 1.224901e+00
      vertex   -4.401532e-01 -3.250000e-01 1.224901e+00
      vertex   -5.531384e-01 2.500000e+00 1.178899e+00
    endloop
  endfacet
  facet normal 3.770948e-01 -9.180698e-15 -9.261746e-01
    outer loop
      vertex   -5.531384e-01 2.500000e+00 1.178899e+00
      vertex   -4.401532e-01 -3.250000e-01 1.224901e+00
      vertex   -5.531384e-01 -3.250000e-01 1.178899e+00
    endloop
  endfacet
  facet normal 4.647232e-01 9.185040e-15 -8.854560e-01
    outer loop
      vertex   -5.531384e-01 2.500000e+00 1.178899e+00
      vertex   -5.531384e-01 -3.250000e-01 1.178899e+00
      vertex   -6.611563e-01 2.500000e+00 1.122207e+00
    endloop
  endfacet
  facet normal 4.647232e-01 -9.272540e-15 -8.854560e-01
    outer loop
      vertex   -6.611563e-01 2.500000e+00 1.122207e+00
      vertex   -5.531384e-01 -3.250000e-01 1.178899e+00
      vertex   -6.611563e-01 -3.250000e-01 1.122207e+00
    endloop
  endfacet
  facet normal 5.480125e-01 9.094727e-15 -8.364701e-01
    outer loop
      vertex   -6.611563e-01 2.500000e+00 1.122207e+00
      vertex   -6.611563e-01 -3.250000e-01 1.122207e+00
      vertex   -7.631984e-01 2.500000e+00 1.055354e+00
    endloop
  endfacet
  facet normal 5.480125e-01 -9.217725e-15 -8.364701e-01
    outer loop
      vertex   -7.631984e-01 2.500000e+00 1.055354e+00
      vertex   -6.611563e-01 -3.250000e-01 1.122207e+00
      vertex   -7.631984e-01 -3.250000e-01 1.055354e+00
    endloop
  endfacet
  facet normal 6.261852e-01 9.151728e-15 -7.796744e-01
    outer loop
      vertex   -7.631984e-01 2.500000e+00 1.055354e+00
      vertex   -7.631984e-01 -3.250000e-01 1.055354e+00
      vertex   -8.583119e-01 2.500000e+00 9.789649e-01
    endloop
  endfacet
  facet normal 6.261852e-01 -9.218129e-15 -7.796744e-01
    outer loop
      vertex   -8.583119e-01 2.500000e+00 9.789649e-01
      vertex   -7.631984e-01 -3.250000e-01 1.055354e+00
      vertex   -8.583119e-01 -3.250000e-01 9.789649e-01
    endloop
  endfacet
  facet normal 6.985114e-01 9.155020e-15 -7.155990e-01
    outer loop
      vertex   -8.583119e-01 2.500000e+00 9.789649e-01
      vertex   -8.583119e-01 -3.250000e-01 9.789649e-01
      vertex   -9.456087e-01 2.500000e+00 8.937526e-01
    endloop
  endfacet
  facet normal 6.985114e-01 -9.214681e-15 -7.155990e-01
    outer loop
      vertex   -9.456087e-01 2.500000e+00 8.937526e-01
      vertex   -8.583119e-01 -3.250000e-01 9.789649e-01
      vertex   -9.456087e-01 -3.250000e-01 8.937526e-01
    endloop
  endfacet
  facet normal 7.643157e-01 9.156099e-15 -6.448422e-01
    outer loop
      vertex   -9.456087e-01 2.500000e+00 8.937526e-01
      vertex   -9.456087e-01 -3.250000e-01 8.937526e-01
      vertex   -1.024274e+00 2.500000e+00 8.005127e-01
    endloop
  endfacet
  facet normal 7.643157e-01 -9.165289e-15 -6.448422e-01
    outer loop
      vertex   -1.024274e+00 2.500000e+00 8.005127e-01
      vertex   -9.456087e-01 -3.250000e-01 8.937526e-01
      vertex   -1.024274e+00 -3.250000e-01 8.005127e-01
    endloop
  endfacet
  facet normal 8.229839e-01 9.207412e-15 -5.680647e-01
    outer loop
      vertex   -1.024274e+00 2.500000e+00 8.005127e-01
      vertex   -1.024274e+00 -3.250000e-01 8.005127e-01
      vertex   -1.093573e+00 2.500000e+00 7.001159e-01
    endloop
  endfacet
  facet normal 8.229839e-01 -9.280177e-15 -5.680647e-01
    outer loop
      vertex   -1.093573e+00 2.500000e+00 7.001159e-01
      vertex   -1.024274e+00 -3.250000e-01 8.005127e-01
      vertex   -1.093573e+00 -3.250000e-01 7.001159e-01
    endloop
  endfacet
  facet normal 8.739680e-01 9.087191e-15 -4.859834e-01
    outer loop
      vertex   -1.093573e+00 2.500000e+00 7.001159e-01
      vertex   -1.093573e+00 -3.250000e-01 7.001159e-01
      vertex   -1.152859e+00 2.500000e+00 5.934994e-01
    endloop
  endfacet
  facet normal 8.739680e-01 -9.261836e-15 -4.859834e-01
    outer loop
      vertex   -1.152859e+00 2.500000e+00 5.934994e-01
      vertex   -1.093573e+00 -3.250000e-01 7.001159e-01
      vertex   -1.152859e+00 -3.250000e-01 5.934994e-01
    endloop
  endfacet
  facet normal 9.167922e-01 9.106764e-15 -3.993646e-01
    outer loop
      vertex   -1.152859e+00 2.500000e+00 5.934994e-01
      vertex   -1.152859e+00 -3.250000e-01 5.934994e-01
      vertex   -1.201578e+00 2.500000e+00 4.816587e-01
    endloop
  endfacet
  facet normal 9.167922e-01 -9.248985e-15 -3.993646e-01
    outer loop
      vertex   -1.201578e+00 2.500000e+00 4.816587e-01
      vertex   -1.152859e+00 -3.250000e-01 5.934994e-01
      vertex   -1.201578e+00 -3.250000e-01 4.816587e-01
    endloop
  endfacet
  facet normal 9.510565e-01 9.122221e-15 -3.090170e-01
    outer loop
      vertex   -1.201578e+00 2.500000e+00 4.816587e-01
      vertex   -1.201578e+00 -3.250000e-01 4.816587e-01
      vertex   -1.239275e+00 2.500000e+00 3.656381e-01
    endloop
  endfacet
  facet normal 9.510565e-01 -9.215639e-15 -3.090170e-01
    outer loop
      vertex   -1.239275e+00 2.500000e+00 3.656381e-01
      vertex   -1.201578e+00 -3.250000e-01 4.816587e-01
      vertex   -1.239275e+00 -3.250000e-01 3.656381e-01
    endloop
  endfacet
  facet normal 9.764411e-01 9.153246e-15 -2.157842e-01
    outer loop
      vertex   -1.239275e+00 2.500000e+00 3.656381e-01
      vertex   -1.239275e+00 -3.250000e-01 3.656381e-01
      vertex   -1.265599e+00 2.500000e+00 2.465208e-01
    endloop
  endfacet
  facet normal 9.764411e-01 -9.280707e-15 -2.157842e-01
    outer loop
      vertex   -1.265599e+00 2.500000e+00 2.465208e-01
      vertex   -1.239275e+00 -3.250000e-01 3.656381e-01
      vertex   -1.265599e+00 -3.250000e-01 2.465208e-01
    endloop
  endfacet
  facet normal 9.927089e-01 9.088907e-15 -1.205367e-01
    outer loop
      vertex   -1.265599e+00 2.500000e+00 2.465208e-01
      vertex   -1.265599e+00 -3.250000e-01 2.465208e-01
      vertex   -1.280303e+00 2.500000e+00 1.254190e-01
    endloop
  endfacet
  facet normal 9.927089e-01 -9.280951e-15 -1.205367e-01
    outer loop
      vertex   -1.280303e+00 2.500000e+00 1.254190e-01
      vertex   -1.265599e+00 -3.250000e-01 2.465208e-01
      vertex   -1.280303e+00 -3.250000e-01 1.254190e-01
    endloop
  endfacet
  facet normal 9.997080e-01 9.090163e-15 -2.416375e-02
    outer loop
      vertex   -1.280303e+00 2.500000e+00 1.254190e-01
      vertex   -1.280303e+00 -3.250000e-01 1.254190e-01
      vertex   -1.283251e+00 2.500000e+00 3.463344e-03
    endloop
  endfacet
  facet normal 9.997080e-01 -9.228925e-15 -2.416375e-02
    outer loop
      vertex   -1.283251e+00 2.500000e+00 3.463344e-03
      vertex   -1.280303e+00 -3.250000e-01 1.254190e-01
      vertex   -1.283251e+00 -3.250000e-01 3.463344e-03
    endloop
  endfacet
  facet normal 9.973731e-01 9.142726e-15 7.243480e-02
    outer loop
      vertex   -1.283251e+00 2.500000e+00 3.463344e-03
      vertex   -1.283251e+00 -3.250000e-01 3.463344e-03
      vertex   -1.274414e+00 2.500000e+00 -1.182075e-01
    endloop
  endfacet
  facet normal 9.973731e-01 -9.140216e-15 7.243480e-02
    outer loop
      vertex   -1.274414e+00 2.500000e+00 -1.182075e-01
      vertex   -1.283251e+00 -3.250000e-01 3.463344e-03
      vertex   -1.274414e+00 -3.250000e-01 -1.182075e-01
    endloop
  endfacet
  facet normal 9.857261e-01 9.231760e-15 1.683570e-01
    outer loop
      vertex   -1.274414e+00 2.500000e+00 -1.182075e-01
      vertex   -1.274414e+00 -3.250000e-01 -1.182075e-01
      vertex   -1.253876e+00 2.500000e+00 -2.384575e-01
    endloop
  endfacet
  facet normal 9.857261e-01 -9.264991e-15 1.683570e-01
    outer loop
      vertex   -1.253876e+00 2.500000e+00 -2.384575e-01
      vertex   -1.274414e+00 -3.250000e-01 -1.182075e-01
      vertex   -1.253876e+00 -3.250000e-01 -2.384575e-01
    endloop
  endfacet
  facet normal 9.648756e-01 9.108538e-15 2.627074e-01
    outer loop
      vertex   -1.253876e+00 2.500000e+00 -2.384575e-01
      vertex   -1.253876e+00 -3.250000e-01 -2.384575e-01
      vertex   -1.221828e+00 2.500000e+00 -3.561639e-01
    endloop
  endfacet
  facet normal 9.648756e-01 -9.149316e-15 2.627074e-01
    outer loop
      vertex   -1.221828e+00 2.500000e+00 -3.561639e-01
      vertex   -1.253876e+00 -3.250000e-01 -2.384575e-01
      vertex   -1.221828e+00 -3.250000e-01 -3.561639e-01
    endloop
  endfacet
  facet normal 9.350162e-01 9.220660e-15 3.546049e-01
    outer loop
      vertex   -1.221828e+00 2.500000e+00 -3.561639e-01
      vertex   -1.221828e+00 -3.250000e-01 -3.561639e-01
      vertex   -1.178570e+00 2.500000e+00 -4.702277e-01
    endloop
  endfacet
  facet normal 9.350162e-01 -9.254011e-15 3.546049e-01
    outer loop
      vertex   -1.178570e+00 2.500000e+00 -4.702277e-01
      vertex   -1.221828e+00 -3.250000e-01 -3.561639e-01
      vertex   -1.178570e+00 -3.250000e-01 -4.702277e-01
    endloop
  endfacet
  facet normal 8.964269e-01 9.120979e-15 4.431915e-01
    outer loop
      vertex   -1.178570e+00 2.500000e+00 -4.702277e-01
      vertex   -1.178570e+00 -3.250000e-01 -4.702277e-01
      vertex   -1.124504e+00 2.500000e+00 -5.795840e-01
    endloop
  endfacet
  facet normal 8.964269e-01 -9.272110e-15 4.431915e-01
    outer loop
      vertex   -1.124504e+00 2.500000e+00 -5.795840e-01
      vertex   -1.178570e+00 -3.250000e-01 -4.702277e-01
      vertex   -1.124504e+00 -3.250000e-01 -5.795840e-01
    endloop
  endfacet
  facet normal 8.494679e-01 9.107487e-15 5.276402e-01
    outer loop
      vertex   -1.124504e+00 2.500000e+00 -5.795840e-01
      vertex   -1.124504e+00 -3.250000e-01 -5.795840e-01
      vertex   -1.060137e+00 2.500000e+00 -6.832117e-01
    endloop
  endfacet
  facet normal 8.494679e-01 -9.234437e-15 5.276402e-01
    outer loop
      vertex   -1.060137e+00 2.500000e+00 -6.832117e-01
      vertex   -1.124504e+00 -3.250000e-01 -5.795840e-01
      vertex   -1.060137e+00 -3.250000e-01 -6.832117e-01
    endloop
  endfacet
  facet normal 7.945777e-01 9.142440e-15 6.071625e-01
    outer loop
      vertex   -1.060137e+00 2.500000e+00 -6.832117e-01
      vertex   -1.060137e+00 -3.250000e-01 -6.832117e-01
      vertex   -9.860681e-01 2.500000e+00 -7.801432e-01
    endloop
  endfacet
  facet normal 7.945777e-01 -9.250597e-15 6.071625e-01
    outer loop
      vertex   -9.860681e-01 2.500000e+00 -7.801432e-01
      vertex   -1.060137e+00 -3.250000e-01 -6.832117e-01
      vertex   -9.860681e-01 -3.250000e-01 -7.801432e-01
    endloop
  endfacet
  facet normal 7.322687e-01 9.127561e-15 6.810159e-01
    outer loop
      vertex   -9.860681e-01 2.500000e+00 -7.801432e-01
      vertex   -9.860681e-01 -3.250000e-01 -7.801432e-01
      vertex   -9.029901e-01 2.500000e+00 -8.694736e-01
    endloop
  endfacet
  facet normal 7.322687e-01 -9.309784e-15 6.810159e-01
    outer loop
      vertex   -9.029901e-01 2.500000e+00 -8.694736e-01
      vertex   -9.860681e-01 -3.250000e-01 -7.801432e-01
      vertex   -9.029901e-01 -3.250000e-01 -8.694736e-01
    endloop
  endfacet
  facet normal 6.631227e-01 9.071787e-15 7.485107e-01
    outer loop
      vertex   -9.029901e-01 2.500000e+00 -8.694736e-01
      vertex   -9.029901e-01 -3.250000e-01 -8.694736e-01
      vertex   -8.116783e-01 2.500000e+00 -9.503688e-01
    endloop
  endfacet
  facet normal 6.631227e-01 -9.169110e-15 7.485107e-01
    outer loop
      vertex   -8.116783e-01 2.500000e+00 -9.503688e-01
      vertex   -9.029901e-01 -3.250000e-01 -8.694736e-01
      vertex   -8.116783e-01 -3.250000e-01 -9.503688e-01
    endloop
  endfacet
  facet normal 5.877853e-01 9.203868e-15 8.090170e-01
    outer loop
      vertex   -8.116783e-01 2.500000e+00 -9.503688e-01
      vertex   -8.116783e-01 -3.250000e-01 -9.503688e-01
      vertex   -7.129853e-01 2.500000e+00 -1.022073e+00
    endloop
  endfacet
  facet normal 5.877853e-01 -9.207349e-15 8.090170e-01
    outer loop
      vertex   -7.129853e-01 2.500000e+00 -1.022073e+00
      vertex   -8.116783e-01 -3.250000e-01 -9.503688e-01
      vertex   -7.129853e-01 -3.250000e-01 -1.022073e+00
    endloop
  endfacet
  facet normal 5.069599e-01 9.159244e-15 8.619697e-01
    outer loop
      vertex   -7.129853e-01 2.500000e+00 -1.022073e+00
      vertex   -7.129853e-01 -3.250000e-01 -1.022073e+00
      vertex   -6.078325e-01 2.500000e+00 -1.083918e+00
    endloop
  endfacet
  facet normal 5.069599e-01 -9.220359e-15 8.619697e-01
    outer loop
      vertex   -6.078325e-01 2.500000e+00 -1.083918e+00
      vertex   -7.129853e-01 -3.250000e-01 -1.022073e+00
      vertex   -6.078325e-01 -3.250000e-01 -1.083918e+00
    endloop
  endfacet
  facet normal 4.214011e-01 9.154911e-15 9.068744e-01
    outer loop
      vertex   -6.078325e-01 2.500000e+00 -1.083918e+00
      vertex   -6.078325e-01 -3.250000e-01 -1.083918e+00
      vertex   -4.972018e-01 2.500000e+00 -1.135325e+00
    endloop
  endfacet
  facet normal 4.214011e-01 -9.202453e-15 9.068744e-01
    outer loop
      vertex   -4.972018e-01 2.500000e+00 -1.135325e+00
      vertex   -6.078325e-01 -3.250000e-01 -1.083918e+00
      vertex   -4.972018e-01 -3.250000e-01 -1.135325e+00
    endloop
  endfacet
  facet normal 3.319079e-01 9.169525e-15 9.433118e-01
    outer loop
      vertex   -4.972018e-01 2.500000e+00 -1.135325e+00
      vertex   -4.972018e-01 -3.250000e-01 -1.135325e+00
      vertex   -3.821259e-01 2.500000e+00 -1.175815e+00
    endloop
  endfacet
  facet normal 3.319079e-01 -9.170529e-15 9.433118e-01
    outer loop
      vertex   -3.821259e-01 2.500000e+00 -1.175815e+00
      vertex   -4.972018e-01 -3.250000e-01 -1.135325e+00
      vertex   -3.821259e-01 -3.250000e-01 -1.175815e+00
    endloop
  endfacet
  facet normal 2.393157e-01 9.203902e-15 9.709418e-01
    outer loop
      vertex   -3.821259e-01 2.500000e+00 -1.175815e+00
      vertex   -3.821259e-01 -3.250000e-01 -1.175815e+00
      vertex   -2.636795e-01 2.500000e+00 -1.205010e+00
    endloop
  endfacet
  facet normal 2.393157e-01 -9.173175e-15 9.709418e-01
    outer loop
      vertex   -2.636795e-01 2.500000e+00 -1.205010e+00
      vertex   -3.821259e-01 -3.250000e-01 -1.175815e+00
      vertex   -2.636795e-01 -3.250000e-01 -1.205010e+00
    endloop
  endfacet
  facet normal 1.444890e-01 9.201477e-15 9.895064e-01
    outer loop
      vertex   -2.636795e-01 2.500000e+00 -1.205010e+00
      vertex   -2.636795e-01 -3.250000e-01 -1.205010e+00
      vertex   -1.429683e-01 2.500000e+00 -1.222636e+00
    endloop
  endfacet
  facet normal 1.444890e-01 -9.149275e-15 9.895064e-01
    outer loop
      vertex   -1.429683e-01 2.500000e+00 -1.222636e+00
      vertex   -2.636795e-01 -3.250000e-01 -1.205010e+00
      vertex   -1.429683e-01 -3.250000e-01 -1.222636e+00
    endloop
  endfacet
endsolid
